YEAR_MONTH,REGION_CODE,REGION_NAME,BNF_CHAPTER_CODE,ITEMS,TOTAL_QUANTITY,NIC
202101,Y56,LONDON,1,1020592.0,78796582.0,6013894.92
202101,Y56,LONDON,2,3385828.0,118117657.0,14671659.67
202101,Y56,LONDON,3,673392.0,14788606.0,9602836.62
202101,Y56,LONDON,4,1949986.0,123526981.0,15846456.42
202101,Y56,LONDON,5,385437.0,13072416.5,2236392.84
202101,Y56,LONDON,6,1379536.0,74863060.0,18569330.12
202101,Y56,LONDON,7,320572.0,14107315.0,2567572.93
202101,Y56,LONDON,8,43968.0,1986088.0,1599882.06
202101,Y56,LONDON,9,745658.0,266433506.0,6477800.7
202101,Y56,LONDON,10,267785.0,18214281.0,1462653.54
202101,Y56,LONDON,11,168377.0,3318273.5,1991677.92
202101,Y56,LONDON,12,106765.0,4072762.5,798632.59
202101,Y56,LONDON,13,320420.0,62713959.5,3137331.28
202101,Y56,LONDON,14,121142.0,121242.0,1180028.55
202101,Y56,LONDON,15,11339.0,268117.0,277932.62
202101,Y56,LONDON,18,3.0,2100.0,367.5
202101,Y56,LONDON,19,9366.0,9325167.0,224140.84
202101,Y56,LONDON,20,44472.0,1268612.0,1147207.67
202101,Y56,LONDON,21,345859.0,81417609.5,3978563.16
202101,Y56,LONDON,22,12915.0,250940.0,337457.69
202101,Y56,LONDON,23,33626.0,3878546.0,1285649.27
202101,Y58,SOUTH WEST,1,870202.0,65634559.0,4728106.77
202101,Y58,SOUTH WEST,2,2689232.0,96779891.0,14347771.0
202101,Y58,SOUTH WEST,3,546807.0,9854028.0,8678058.31
202101,Y58,SOUTH WEST,4,1852855.0,131356702.2,14044984.88
202101,Y58,SOUTH WEST,5,264869.0,8728033.5,1721158.74
202101,Y58,SOUTH WEST,6,916050.0,45062473.5,11403552.78
202101,Y58,SOUTH WEST,7,277551.0,12514413.0,2389671.55
202101,Y58,SOUTH WEST,8,40434.0,1636194.0,1752995.97
202101,Y58,SOUTH WEST,9,476511.0,153526635.5,3785426.37
202101,Y58,SOUTH WEST,10,246144.0,15165379.0,1477130.46
202101,Y58,SOUTH WEST,11,134986.0,1999506.5,1294849.44
202101,Y58,SOUTH WEST,12,75733.0,1673240.9,528905.14
202101,Y58,SOUTH WEST,13,196598.0,33009506.5,1779466.83
202101,Y58,SOUTH WEST,14,42177.0,42190.0,409636.58
202101,Y58,SOUTH WEST,15,17474.0,214927.0,200673.69
202101,Y58,SOUTH WEST,19,7159.0,3887380.0,181574.42
202101,Y58,SOUTH WEST,20,34493.0,694968.0,662304.71
202101,Y58,SOUTH WEST,21,250519.0,50170164.5,4514465.69
202101,Y58,SOUTH WEST,22,25087.0,433326.0,592027.88
202101,Y58,SOUTH WEST,23,42440.0,3691523.4,1481809.57
202101,Y59,SOUTH EAST,1,1108476.0,89374834.0,7024360.64
202101,Y59,SOUTH EAST,2,3472117.0,138079284.0,20024804.54
202101,Y59,SOUTH EAST,3,752336.0,14846353.0,12237366.15
202101,Y59,SOUTH EAST,4,2371363.0,166139332.2,20710463.62
202101,Y59,SOUTH EAST,5,419003.0,14438293.0,2672681.77
202101,Y59,SOUTH EAST,6,1254710.0,68030589.5,18574181.27
202101,Y59,SOUTH EAST,7,367792.0,18104960.0,3413756.62
202101,Y59,SOUTH EAST,8,60648.0,2744665.0,2689617.84
202101,Y59,SOUTH EAST,9,689155.0,473648687.0,9899160.57
202101,Y59,SOUTH EAST,10,313368.0,20627192.0,1944575.9
202101,Y59,SOUTH EAST,11,182414.0,3155941.5,1978891.05
202101,Y59,SOUTH EAST,12,113057.0,2271068.6,826589.4
202101,Y59,SOUTH EAST,13,279975.0,48729848.0,2766653.82
202101,Y59,SOUTH EAST,14,85829.0,85880.0,819541.29
202101,Y59,SOUTH EAST,15,19539.0,996649.0,288225.25
202101,Y59,SOUTH EAST,18,3.0,1200.0,210.0
202101,Y59,SOUTH EAST,19,11031.0,7783694.0,345751.33
202101,Y59,SOUTH EAST,20,37951.0,1741995.2,1065983.16
202101,Y59,SOUTH EAST,21,329070.0,67242890.0,5658673.91
202101,Y59,SOUTH EAST,22,33730.0,659867.0,821460.91
202101,Y59,SOUTH EAST,23,91375.0,8828444.2,5140547.55
202101,Y60,MIDLANDS,1,1636946.0,139430502.0,9102968.65
202101,Y60,MIDLANDS,2,5164489.0,188064052.0,25404915.21
202101,Y60,MIDLANDS,3,1154008.0,22178452.0,16884374.4
202101,Y60,MIDLANDS,4,3471569.0,260529629.2,27919939.18
202101,Y60,MIDLANDS,5,547718.0,18529392.5,3255687.22
202101,Y60,MIDLANDS,6,1806315.0,91743018.0,24247763.13
202101,Y60,MIDLANDS,7,482027.0,22658641.0,3881606.54
202101,Y60,MIDLANDS,8,66517.0,2694788.0,2790598.18
202101,Y60,MIDLANDS,9,923648.0,746428429.5,15337827.82
202101,Y60,MIDLANDS,10,461395.0,31927692.0,2412731.62
202101,Y60,MIDLANDS,11,264740.0,4626350.0,2709866.71
202101,Y60,MIDLANDS,12,157253.0,4399801.6,1089541.67
202101,Y60,MIDLANDS,13,417049.0,78671304.5,3924931.1
202101,Y60,MIDLANDS,14,110620.0,110675.0,1080100.92
202101,Y60,MIDLANDS,15,20836.0,7355850.0,277028.17
202101,Y60,MIDLANDS,19,15610.0,10432839.0,497459.37
202101,Y60,MIDLANDS,20,122397.0,3112731.3,3694042.42
202101,Y60,MIDLANDS,21,551055.0,100893459.5,7359064.77
202101,Y60,MIDLANDS,22,26446.0,514315.0,674473.91
202101,Y60,MIDLANDS,23,102504.0,9829323.8,5038067.27
202101,Y61,EAST OF ENGLAND,1,969554.0,71782140.0,5671055.14
202101,Y61,EAST OF ENGLAND,2,3235821.0,109920508.0,15330395.420000002
202101,Y61,EAST OF ENGLAND,3,672838.0,12285567.0,9627088.03
202101,Y61,EAST OF ENGLAND,4,2054892.0,134139459.6,15776465.9
202101,Y61,EAST OF ENGLAND,5,346742.0,11515256.0,2063527.97
202101,Y61,EAST OF ENGLAND,6,1141338.0,54609830.0,13692087.32
202101,Y61,EAST OF ENGLAND,7,318423.0,14113983.0,2488789.6500000004
202101,Y61,EAST OF ENGLAND,8,53366.0,2207109.0,2160716.62
202101,Y61,EAST OF ENGLAND,9,488045.0,175492702.0,4702464.0
202101,Y61,EAST OF ENGLAND,10,269452.0,16368177.0,1628444.76
202101,Y61,EAST OF ENGLAND,11,147793.0,2294330.5,1515599.84
202101,Y61,EAST OF ENGLAND,12,89268.0,1704301.4,615656.81
202101,Y61,EAST OF ENGLAND,13,217059.0,34696269.0,2033315.72
202101,Y61,EAST OF ENGLAND,14,80296.0,80319.0,758536.25
202101,Y61,EAST OF ENGLAND,15,12784.0,206999.5,175776.5
202101,Y61,EAST OF ENGLAND,19,9480.0,5984088.0,296219.4
202101,Y61,EAST OF ENGLAND,20,33466.0,1102782.0,968753.45
202101,Y61,EAST OF ENGLAND,21,317626.0,55858348.5,8696843.84
202101,Y61,EAST OF ENGLAND,22,54575.0,1043532.0,1487438.39
202101,Y61,EAST OF ENGLAND,23,138145.0,11368020.3,9572374.85
202101,Y62,NORTH WEST,1,1268501.0,110518663.0,7218335.54
202101,Y62,NORTH WEST,2,3670839.0,130368852.0,17470268.4
202101,Y62,NORTH WEST,3,912976.0,17162337.0,13200862.15
202101,Y62,NORTH WEST,4,2779185.0,200567513.8,21435960.22
202101,Y62,NORTH WEST,5,393752.0,13529908.0,2395671.75
202101,Y62,NORTH WEST,6,1211114.0,58527020.5,16082295.18
202101,Y62,NORTH WEST,7,341798.0,14857232.0,2889961.85
202101,Y62,NORTH WEST,8,44448.0,1740857.0,1529083.82
202101,Y62,NORTH WEST,9,703392.0,369767113.0,7785068.03
202101,Y62,NORTH WEST,10,337611.0,23523180.0,1865390.05
202101,Y62,NORTH WEST,11,171187.0,2549388.0,1576555.56
202101,Y62,NORTH WEST,12,114733.0,3203430.0,858981.62
202101,Y62,NORTH WEST,13,333438.0,68194558.0,3301179.13
202101,Y62,NORTH WEST,14,78167.0,78218.0,768898.26
202101,Y62,NORTH WEST,15,19204.0,328460.0,341549.97
202101,Y62,NORTH WEST,19,12705.0,7565449.0,399318.03
202101,Y62,NORTH WEST,20,152730.0,3565398.5,4390940.65
202101,Y62,NORTH WEST,21,357551.0,61647391.5,5689931.56
202101,Y62,NORTH WEST,22,32291.0,656565.0,802342.63
202101,Y62,NORTH WEST,23,85381.0,8217918.2,3821215.32
202101,Y63,NORTH EAST AND YORKSHIRE,1,1794123.0,143328666.0,9312730.52
202101,Y63,NORTH EAST AND YORKSHIRE,2,5418929.0,174328996.0,22966637.04
202101,Y63,NORTH EAST AND YORKSHIRE,3,1188875.0,21660100.0,17373227.23
202101,Y63,NORTH EAST AND YORKSHIRE,4,3722846.0,258703100.0,26164576.51
202101,Y63,NORTH EAST AND YORKSHIRE,5,476107.0,16128325.5,3030264.61
202101,Y63,NORTH EAST AND YORKSHIRE,6,1770873.0,80296674.0,20936014.08
202101,Y63,NORTH EAST AND YORKSHIRE,7,487051.0,21076103.0,3817346.84
202101,Y63,NORTH EAST AND YORKSHIRE,8,71122.0,2906408.0,2688666.18
202101,Y63,NORTH EAST AND YORKSHIRE,9,966609.0,327434691.5,9622230.83
202101,Y63,NORTH EAST AND YORKSHIRE,10,495518.0,32397625.0,2518184.01
202101,Y63,NORTH EAST AND YORKSHIRE,11,222485.0,3172419.5,2014652.28
202101,Y63,NORTH EAST AND YORKSHIRE,12,143366.0,3493313.6,982254.24
202101,Y63,NORTH EAST AND YORKSHIRE,13,386657.0,71368469.0,3724604.35
202101,Y63,NORTH EAST AND YORKSHIRE,14,81839.0,81871.0,772200.2
202101,Y63,NORTH EAST AND YORKSHIRE,15,17031.0,5688231.5,276515.64
202101,Y63,NORTH EAST AND YORKSHIRE,18,1.0,200.0,35.0
202101,Y63,NORTH EAST AND YORKSHIRE,19,15339.0,8748302.0,420950.41
202101,Y63,NORTH EAST AND YORKSHIRE,20,48340.0,1403624.1,1438929.05
202101,Y63,NORTH EAST AND YORKSHIRE,21,422751.0,81519364.0,5851655.01
202101,Y63,NORTH EAST AND YORKSHIRE,22,12734.0,243302.0,324690.06
202101,Y63,NORTH EAST AND YORKSHIRE,23,59293.0,5952042.7,2857395.66
202102,Y56,LONDON,1,967735.0,74457692.0,5678826.06
202102,Y56,LONDON,2,3195334.0,111477992.0,13969748.19
202102,Y56,LONDON,3,620461.0,13898206.0,8872231.84
202102,Y56,LONDON,4,1847448.0,117006665.8,14956868.1
202102,Y56,LONDON,5,332861.0,11708039.5,2062855.04
202102,Y56,LONDON,6,1298032.0,70364606.0,17571359.96
202102,Y56,LONDON,7,298714.0,12911156.0,2435662.47
202102,Y56,LONDON,8,41120.0,1859072.0,1497919.49
202102,Y56,LONDON,9,703735.0,249019557.5,6121683.13
202102,Y56,LONDON,10,256212.0,17311035.0,1402021.49
202102,Y56,LONDON,11,158493.0,3117449.0,1888570.78
202102,Y56,LONDON,12,103981.0,4029473.1,773914.03
202102,Y56,LONDON,13,317195.0,60452288.91,3080589.83
202102,Y56,LONDON,14,76989.0,77096.0,784254.82
202102,Y56,LONDON,15,9742.0,240869.5,250667.56
202102,Y56,LONDON,18,3.0,3000.0,525.0
202102,Y56,LONDON,19,8714.0,8780783.0,205735.83
202102,Y56,LONDON,20,43018.0,1215965.8,1150759.68
202102,Y56,LONDON,21,331793.0,78373464.5,3823345.78
202102,Y56,LONDON,22,11826.0,227496.0,307719.94
202102,Y56,LONDON,23,31380.0,3622599.7,1175694.44
202102,Y58,SOUTH WEST,1,811824.0,60826654.0,4343052.81
202102,Y58,SOUTH WEST,2,2514316.0,90235996.0,13448381.82
202102,Y58,SOUTH WEST,3,495508.0,9140048.0,7880011.68
202102,Y58,SOUTH WEST,4,1732295.0,122690894.0,13004341.41
202102,Y58,SOUTH WEST,5,242409.0,7981170.5,1627898.66
202102,Y58,SOUTH WEST,6,851922.0,41828693.0,10666503.79
202102,Y58,SOUTH WEST,7,257080.0,11350777.0,2232099.79
202102,Y58,SOUTH WEST,8,37192.0,1505666.0,1552334.16
202102,Y58,SOUTH WEST,9,448211.0,144740134.5,3579708.6
202102,Y58,SOUTH WEST,10,230016.0,14167619.0,1378940.86
202102,Y58,SOUTH WEST,11,124987.0,1840948.5,1183713.32
202102,Y58,SOUTH WEST,12,71425.0,1564780.5,495871.36
202102,Y58,SOUTH WEST,13,190629.0,31088698.91,1707862.15
202102,Y58,SOUTH WEST,14,19452.0,19465.0,192196.59
202102,Y58,SOUTH WEST,15,15695.0,192251.5,178644.56
202102,Y58,SOUTH WEST,18,1.0,100.0,17.5
202102,Y58,SOUTH WEST,19,6736.0,3753089.0,178206.08000000002
202102,Y58,SOUTH WEST,20,32122.0,607052.9,606521.49
202102,Y58,SOUTH WEST,21,237475.0,48043742.5,4211563.56
202102,Y58,SOUTH WEST,22,22793.0,390903.0,527860.87
202102,Y58,SOUTH WEST,23,39470.0,3403595.9,1352660.56
202102,Y59,SOUTH EAST,1,1042388.0,83209759.0,6560931.25
202102,Y59,SOUTH EAST,2,3269345.0,129818189.0,19011203.92
202102,Y59,SOUTH EAST,3,684766.0,13921208.0,11171559.53
202102,Y59,SOUTH EAST,4,2220030.0,154539662.6,19264009.23
202102,Y59,SOUTH EAST,5,376285.0,13024930.0,2508332.33
202102,Y59,SOUTH EAST,6,1174796.0,63561552.0,17493699.27
202102,Y59,SOUTH EAST,7,341963.0,16380604.0,3221507.68
202102,Y59,SOUTH EAST,8,56478.0,2531135.0,2487231.74
202102,Y59,SOUTH EAST,9,652682.0,448233215.0,9373540.9
202102,Y59,SOUTH EAST,10,295643.0,19265318.0,1826806.13
202102,Y59,SOUTH EAST,11,170442.0,2931416.0,1847853.51
202102,Y59,SOUTH EAST,12,108572.0,2197060.9,788821.53
202102,Y59,SOUTH EAST,13,273642.0,46471656.5,2706627.05
202102,Y59,SOUTH EAST,14,42142.0,42179.0,426635.93
202102,Y59,SOUTH EAST,15,16783.0,964758.5,253793.84
202102,Y59,SOUTH EAST,18,1.0,100.0,17.5
202102,Y59,SOUTH EAST,19,10003.0,6928904.0,318913.57
202102,Y59,SOUTH EAST,20,35375.0,1689540.4,961417.23
202102,Y59,SOUTH EAST,21,313822.0,64498427.5,5448676.18
202102,Y59,SOUTH EAST,22,30682.0,597898.0,740742.76
202102,Y59,SOUTH EAST,23,85415.0,8173851.3,4940690.32
202102,Y60,MIDLANDS,1,1542677.0,130446052.0,8442496.64
202102,Y60,MIDLANDS,2,4870070.0,177211191.0,24170934.56
202102,Y60,MIDLANDS,3,1060663.0,20787692.0,15600597.53
202102,Y60,MIDLANDS,4,3268559.0,244819090.6,26218983.91
202102,Y60,MIDLANDS,5,500934.0,17131948.5,3148704.1
202102,Y60,MIDLANDS,6,1695356.0,86059922.0,22875828.89
202102,Y60,MIDLANDS,7,449094.0,20567871.0,3664076.04
202102,Y60,MIDLANDS,8,61979.0,2462536.0,2606299.13
202102,Y60,MIDLANDS,9,876612.0,704944584.0,14648518.31
202102,Y60,MIDLANDS,10,434449.0,29859918.0,2275917.58
202102,Y60,MIDLANDS,11,248562.0,4343263.0,2541300.77
202102,Y60,MIDLANDS,12,150996.0,4293403.9,1042843.47
202102,Y60,MIDLANDS,13,406127.0,75198808.41,3804754.96
202102,Y60,MIDLANDS,14,53092.0,53177.0,523019.67
202102,Y60,MIDLANDS,15,19590.0,321796.0,256754.99
202102,Y60,MIDLANDS,18,1.0,1000.0,175.0
202102,Y60,MIDLANDS,19,14380.0,9573613.0,469732.1
202102,Y60,MIDLANDS,20,109134.0,2763337.3,3222391.51
202102,Y60,MIDLANDS,21,525377.0,96484028.5,7012922.2
202102,Y60,MIDLANDS,22,24470.0,471689.0,616135.16
202102,Y60,MIDLANDS,23,93521.0,8916196.2,4425584.67
202102,Y61,EAST OF ENGLAND,1,901431.0,65755515.0,5185850.43
202102,Y61,EAST OF ENGLAND,2,3021386.0,102678588.0,14430417.73
202102,Y61,EAST OF ENGLAND,3,610418.0,11459935.0,8749245.709999999
202102,Y61,EAST OF ENGLAND,4,1910194.0,123915559.4,14549586.44
202102,Y61,EAST OF ENGLAND,5,306820.0,10273366.0,1934448.48
202102,Y61,EAST OF ENGLAND,6,1060686.0,50892801.5,12856965.53
202102,Y61,EAST OF ENGLAND,7,292009.0,12626891.0,2286972.47
202102,Y61,EAST OF ENGLAND,8,49996.0,2051368.0,2139188.48
202102,Y61,EAST OF ENGLAND,9,455582.0,159018404.5,4375563.05
202102,Y61,EAST OF ENGLAND,10,253292.0,15197368.0,1539029.81
202102,Y61,EAST OF ENGLAND,11,136953.0,2133604.5,1406187.13
202102,Y61,EAST OF ENGLAND,12,84483.0,1614421.9,580907.8
202102,Y61,EAST OF ENGLAND,13,209661.0,32704166.0,1961448.97
202102,Y61,EAST OF ENGLAND,14,22442.0,22458.0,227299.54
202102,Y61,EAST OF ENGLAND,15,11250.0,175679.5,152938.85
202102,Y61,EAST OF ENGLAND,18,3.0,3300.0,577.5
202102,Y61,EAST OF ENGLAND,19,8298.0,5469223.0,258593.32
202102,Y61,EAST OF ENGLAND,20,30447.0,990435.0,896652.71
202102,Y61,EAST OF ENGLAND,21,295701.0,52486405.5,7927886.189999999
202102,Y61,EAST OF ENGLAND,22,47844.0,915910.0,1305860.63
202102,Y61,EAST OF ENGLAND,23,126334.0,10378179.1,8804478.68
202102,Y62,NORTH WEST,1,1204592.0,104233739.0,6790576.39
202102,Y62,NORTH WEST,2,3488073.0,123724647.0,16752819.96
202102,Y62,NORTH WEST,3,847153.0,16238563.0,12264151.4
202102,Y62,NORTH WEST,4,2640415.0,190044782.4,20275147.84
202102,Y62,NORTH WEST,5,363220.0,12654043.5,2302945.65
202102,Y62,NORTH WEST,6,1142953.0,55162506.0,15238403.31
202102,Y62,NORTH WEST,7,319559.0,13619784.0,2729115.2
202102,Y62,NORTH WEST,8,42101.0,1640419.0,1499532.89
202102,Y62,NORTH WEST,9,671871.0,348835772.5,7443631.8
202102,Y62,NORTH WEST,10,322545.0,22483104.0,1794832.51
202102,Y62,NORTH WEST,11,162408.0,2416600.5,1492630.95
202102,Y62,NORTH WEST,12,110225.0,3211645.4,820858.67
202102,Y62,NORTH WEST,13,327431.0,65710913.5,3242092.11
202102,Y62,NORTH WEST,14,50221.0,50298.0,483661.63
202102,Y62,NORTH WEST,15,18253.0,309653.5,319523.74
202102,Y62,NORTH WEST,19,11737.0,7061247.0,359789.09
202102,Y62,NORTH WEST,20,127918.0,3044571.7,3653027.63
202102,Y62,NORTH WEST,21,338994.0,58901662.5,5275634.85
202102,Y62,NORTH WEST,22,27818.0,570703.0,691785.41
202102,Y62,NORTH WEST,23,77900.0,7419311.2,3535515.09
202102,Y63,NORTH EAST AND YORKSHIRE,1,1697127.0,134528469.0,8763107.49
202102,Y63,NORTH EAST AND YORKSHIRE,2,5121744.0,165152293.0,21940420.95
202102,Y63,NORTH EAST AND YORKSHIRE,3,1101714.0,20408815.0,16147759.64
202102,Y63,NORTH EAST AND YORKSHIRE,4,3523463.0,244312010.2,24615181.44
202102,Y63,NORTH EAST AND YORKSHIRE,5,441537.0,15044194.0,2910543.22
202102,Y63,NORTH EAST AND YORKSHIRE,6,1668868.0,75741963.0,19747995.59
202102,Y63,NORTH EAST AND YORKSHIRE,7,454294.0,19248497.0,3611712.44
202102,Y63,NORTH EAST AND YORKSHIRE,8,67073.0,2737172.0,2565294.97
202102,Y63,NORTH EAST AND YORKSHIRE,9,915098.0,298586123.0,8572553.77
202102,Y63,NORTH EAST AND YORKSHIRE,10,468148.0,30562034.0,2386602.86
202102,Y63,NORTH EAST AND YORKSHIRE,11,209683.0,2996963.0,1907711.72
202102,Y63,NORTH EAST AND YORKSHIRE,12,136344.0,3408249.0,933935.51
202102,Y63,NORTH EAST AND YORKSHIRE,13,373296.0,68076916.41,3595370.12
202102,Y63,NORTH EAST AND YORKSHIRE,14,29853.0,29903.0,299997.04
202102,Y63,NORTH EAST AND YORKSHIRE,15,15894.0,5673877.0,254857.68
202102,Y63,NORTH EAST AND YORKSHIRE,19,13849.0,8202408.0,361369.12
202102,Y63,NORTH EAST AND YORKSHIRE,20,44428.0,1311546.9,1306609.83
202102,Y63,NORTH EAST AND YORKSHIRE,21,403634.0,77935946.5,5439351.19
202102,Y63,NORTH EAST AND YORKSHIRE,22,11745.0,225625.0,304290.85
202102,Y63,NORTH EAST AND YORKSHIRE,23,57423.0,5749685.4,2806612.15
202103,Y56,LONDON,1,1086699.0,83518341.0,6470658.11
202103,Y56,LONDON,2,3585933.0,125787073.0,15821107.8
202103,Y56,LONDON,3,714644.0,16880191.0,10157507.21
202103,Y56,LONDON,4,2080566.0,132319949.1,17003918.19
202103,Y56,LONDON,5,369242.0,13576596.0,2310724.97
202103,Y56,LONDON,6,1456145.0,79246744.0,19827695.71
202103,Y56,LONDON,7,332982.0,14255581.0,2768441.71
202103,Y56,LONDON,8,45952.0,2093056.0,1627437.88
202103,Y56,LONDON,9,792758.0,277711519.5,6900595.88
202103,Y56,LONDON,10,294070.0,20031010.0,1652814.79
202103,Y56,LONDON,11,183914.0,3589201.5,2182433.21
202103,Y56,LONDON,12,124001.0,4501102.2,924940.57
202103,Y56,LONDON,13,368353.0,70082806.5,3564418.81
202103,Y56,LONDON,14,63331.0,63444.0,651092.33
202103,Y56,LONDON,15,11281.0,268374.5,284444.04
202103,Y56,LONDON,18,3.0,1200.0,210.0
202103,Y56,LONDON,19,10324.0,9951856.0,247269.97
202103,Y56,LONDON,20,47773.0,1359957.1,1247239.77
202103,Y56,LONDON,21,378879.0,90067501.0,4338604.21
202103,Y56,LONDON,22,14118.0,266280.0,361877.65
202103,Y56,LONDON,23,36299.0,4136134.1,1343065.16
202103,Y58,SOUTH WEST,1,908232.0,67306801.0,4953844.64
202103,Y58,SOUTH WEST,2,2809556.0,100733045.0,15109898.87
202103,Y58,SOUTH WEST,3,553130.0,10710408.0,8730124.66
202103,Y58,SOUTH WEST,4,1936042.0,137416607.4,14598485.02
202103,Y58,SOUTH WEST,5,271798.0,9072308.0,1801905.05
202103,Y58,SOUTH WEST,6,951266.0,46568772.0,11868959.77
202103,Y58,SOUTH WEST,7,284212.0,12350322.0,2527614.66
202103,Y58,SOUTH WEST,8,41165.0,1651822.0,1730646.57
202103,Y58,SOUTH WEST,9,497676.0,158434679.0,3923127.63
202103,Y58,SOUTH WEST,10,264349.0,16154068.0,1595925.96
202103,Y58,SOUTH WEST,11,140564.0,2067687.0,1342020.47
202103,Y58,SOUTH WEST,12,83653.0,1767215.3,577257.93
202103,Y58,SOUTH WEST,13,217225.0,35214039.5,1965871.81
202103,Y58,SOUTH WEST,14,21743.0,21782.0,229407.1
202103,Y58,SOUTH WEST,15,17471.0,213483.0,193200.67
202103,Y58,SOUTH WEST,18,3.0,1200.0,210.0
202103,Y58,SOUTH WEST,19,7674.0,4266838.0,212577.96
202103,Y58,SOUTH WEST,20,35081.0,695627.5,659274.79
202103,Y58,SOUTH WEST,21,265246.0,53240610.0,4879695.45
202103,Y58,SOUTH WEST,22,26953.0,463237.0,626607.55
202103,Y58,SOUTH WEST,23,44114.0,3780370.4,1589591.44
202103,Y59,SOUTH EAST,1,1161908.0,92617240.0,7454795.32
202103,Y59,SOUTH EAST,2,3636101.0,144329114.0,21193328.05
202103,Y59,SOUTH EAST,3,769411.0,16401843.0,12404476.61
202103,Y59,SOUTH EAST,4,2476738.0,172543363.8,21575674.93
202103,Y59,SOUTH EAST,5,423773.0,15137993.0,2814071.77
202103,Y59,SOUTH EAST,6,1304555.0,70583038.5,19442091.99
202103,Y59,SOUTH EAST,7,376483.0,17672342.0,3653558.47
202103,Y59,SOUTH EAST,8,62477.0,2812968.0,2709962.95
202103,Y59,SOUTH EAST,9,727668.0,510007277.0,10654184.12
202103,Y59,SOUTH EAST,10,337638.0,21880277.0,2146797.96
202103,Y59,SOUTH EAST,11,193414.0,3332894.0,2096675.85
202103,Y59,SOUTH EAST,12,128472.0,2459830.2,932830.21
202103,Y59,SOUTH EAST,13,314916.0,52918422.0,3107559.28
202103,Y59,SOUTH EAST,14,30974.0,31019.0,325263.06
202103,Y59,SOUTH EAST,15,19635.0,286824.5,280113.96
202103,Y59,SOUTH EAST,19,11794.0,8538022.0,361498.12
202103,Y59,SOUTH EAST,20,38088.0,1742927.2,1040192.94
202103,Y59,SOUTH EAST,21,353687.0,72078549.5,6193397.44
202103,Y59,SOUTH EAST,22,35870.0,703045.0,868194.41
202103,Y59,SOUTH EAST,23,91968.0,8781927.1,5236302.42
202103,Y60,MIDLANDS,1,1724058.0,145265536.0,9581123.63
202103,Y60,MIDLANDS,2,5433706.0,197414795.0,27015713.97
202103,Y60,MIDLANDS,3,1192036.0,24068523.0,17388504.28
202103,Y60,MIDLANDS,4,3661037.0,274789139.2,29359762.98
202103,Y60,MIDLANDS,5,566829.0,20022213.0,3509530.45
202103,Y60,MIDLANDS,6,1892725.0,95804269.5,25442638.58
202103,Y60,MIDLANDS,7,497116.0,22209655.0,4151927.14
202103,Y60,MIDLANDS,8,69254.0,2765283.0,2857034.13
202103,Y60,MIDLANDS,9,981076.0,824971495.0,16991030.01
202103,Y60,MIDLANDS,10,501829.0,34586969.0,2647403.73
202103,Y60,MIDLANDS,11,280336.0,4889114.0,2877983.99
202103,Y60,MIDLANDS,12,175035.0,4817742.6,1207442.34
202103,Y60,MIDLANDS,13,459687.0,84582419.91,4291325.65
202103,Y60,MIDLANDS,14,43805.0,43906.0,440813.47
202103,Y60,MIDLANDS,15,23070.0,369950.0,291963.46
202103,Y60,MIDLANDS,18,1.0,1000.0,175.0
202103,Y60,MIDLANDS,19,16608.0,10716977.0,528213.43
202103,Y60,MIDLANDS,20,126564.0,3183286.3,3684183.88
202103,Y60,MIDLANDS,21,590145.0,107634646.5,8014390.91
202103,Y60,MIDLANDS,22,27784.0,536082.0,704704.54
202103,Y60,MIDLANDS,23,107639.0,10265827.0,5225200.44
202103,Y61,EAST OF ENGLAND,1,1007912.0,73393094.0,5879509.84
202103,Y61,EAST OF ENGLAND,2,3362996.0,114279422.0,16099295.86
202103,Y61,EAST OF ENGLAND,3,684010.0,13259263.0,9791749.13
202103,Y61,EAST OF ENGLAND,4,2130428.0,138440070.0,16274407.69
202103,Y61,EAST OF ENGLAND,5,344291.0,11852599.0,2143757.88
202103,Y61,EAST OF ENGLAND,6,1180637.0,56568951.0,14388347.9
202103,Y61,EAST OF ENGLAND,7,323172.0,13672368.0,2600249.73
202103,Y61,EAST OF ENGLAND,8,54689.0,2245190.0,2362524.54
202103,Y61,EAST OF ENGLAND,9,509817.0,176912793.5,4845515.3
202103,Y61,EAST OF ENGLAND,10,287874.0,17265144.0,1809360.79
202103,Y61,EAST OF ENGLAND,11,153721.0,2379072.0,1588848.4500000002
202103,Y61,EAST OF ENGLAND,12,97863.0,1778452.0,672586.98
202103,Y61,EAST OF ENGLAND,13,239858.0,36962450.0,2509225.98
202103,Y61,EAST OF ENGLAND,14,17632.0,17653.0,191990.06
202103,Y61,EAST OF ENGLAND,15,12792.0,196020.5,164786.46
202103,Y61,EAST OF ENGLAND,19,9635.0,5850450.0,292934.92
202103,Y61,EAST OF ENGLAND,20,34652.0,1046169.4,997206.98
202103,Y61,EAST OF ENGLAND,21,317633.0,56658233.0,7476656.609999999
202103,Y61,EAST OF ENGLAND,22,43515.0,834809.0,1190993.4
202103,Y61,EAST OF ENGLAND,23,117484.0,9607221.5,7901527.65
202103,Y62,NORTH WEST,1,1359197.0,116613318.0,7692061.33
202103,Y62,NORTH WEST,2,3934432.0,139432140.0,18956544.6
202103,Y62,NORTH WEST,3,954663.0,18683144.0,13741406.51
202103,Y62,NORTH WEST,4,2969670.0,213108610.2,22726214.66
202103,Y62,NORTH WEST,5,413188.0,14914497.5,2583105.66
202103,Y62,NORTH WEST,6,1285754.0,61949261.0,17088564.55
202103,Y62,NORTH WEST,7,356501.0,14791091.0,3077181.33
202103,Y62,NORTH WEST,8,47217.0,1840244.0,1622608.88
202103,Y62,NORTH WEST,9,756191.0,388985606.5,8391927.86
202103,Y62,NORTH WEST,10,369903.0,25782090.0,2081413.58
202103,Y62,NORTH WEST,11,183473.0,2729921.5,1694369.53
202103,Y62,NORTH WEST,12,127599.0,3544623.2,952928.22
202103,Y62,NORTH WEST,13,367995.0,73597256.0,3651082.63
202103,Y62,NORTH WEST,14,31684.0,31775.0,324353.63
202103,Y62,NORTH WEST,15,20625.0,350676.0,365949.91
202103,Y62,NORTH WEST,19,13532.0,7701278.0,398443.16
202103,Y62,NORTH WEST,20,154769.0,3595446.3,4381543.86
202103,Y62,NORTH WEST,21,398301.0,71964275.0,6183896.61
202103,Y62,NORTH WEST,22,32205.0,655378.0,794906.69
202103,Y62,NORTH WEST,23,94292.0,8965883.3,4165968.29
202103,Y63,NORTH EAST AND YORKSHIRE,1,1922871.0,151278086.0,10040502.22
202103,Y63,NORTH EAST AND YORKSHIRE,2,5810898.0,187176179.0,24934678.63
202103,Y63,NORTH EAST AND YORKSHIRE,3,1252449.0,23909364.0,18199215.07
202103,Y63,NORTH EAST AND YORKSHIRE,4,3986145.0,276056020.0,27846980.36
202103,Y63,NORTH EAST AND YORKSHIRE,5,506073.0,17760287.0,3333764.91
202103,Y63,NORTH EAST AND YORKSHIRE,6,1894469.0,85784995.5,22533666.13
202103,Y63,NORTH EAST AND YORKSHIRE,7,510016.0,21055158.0,4110953.46
202103,Y63,NORTH EAST AND YORKSHIRE,8,74989.0,3057037.0,2797358.65
202103,Y63,NORTH EAST AND YORKSHIRE,9,1037206.0,328692085.0,9261621.45
202103,Y63,NORTH EAST AND YORKSHIRE,10,539807.0,35113839.0,2802080.95
202103,Y63,NORTH EAST AND YORKSHIRE,11,239191.0,3395668.5,2188667.79
202103,Y63,NORTH EAST AND YORKSHIRE,12,160242.0,3888867.2,1090663.42
202103,Y63,NORTH EAST AND YORKSHIRE,13,426636.0,77019260.0,4135588.96
202103,Y63,NORTH EAST AND YORKSHIRE,14,26477.0,26536.0,279857.94
202103,Y63,NORTH EAST AND YORKSHIRE,15,18809.0,9905560.5,285086.39
202103,Y63,NORTH EAST AND YORKSHIRE,19,16016.0,8876220.0,380157.43
202103,Y63,NORTH EAST AND YORKSHIRE,20,51353.0,1470682.4,1489455.38
202103,Y63,NORTH EAST AND YORKSHIRE,21,457156.0,86761570.0,6147199.87
202103,Y63,NORTH EAST AND YORKSHIRE,22,12988.0,245395.0,329223.64
202103,Y63,NORTH EAST AND YORKSHIRE,23,62722.0,6246895.5,3055211.6
202104,Y56,LONDON,1,1037437.0,79227436.0,6307297.7
202104,Y56,LONDON,2,3457103.0,121031740.0,15404881.5
202104,Y56,LONDON,3,717579.0,17723764.0,9749682.46
202104,Y56,LONDON,4,1998243.0,127160900.0,15767210.88
202104,Y56,LONDON,5,346664.0,12914968.0,2163046.68
202104,Y56,LONDON,6,1407207.0,76300849.0,18874244.49
202104,Y56,LONDON,7,319515.0,13620116.0,2630018.11
202104,Y56,LONDON,8,43840.0,1992330.0,1537027.89
202104,Y56,LONDON,9,763509.0,270914931.5,6674321.72
202104,Y56,LONDON,10,283612.0,19270166.0,1590042.86
202104,Y56,LONDON,11,182951.0,3562298.0,2156263.95
202104,Y56,LONDON,12,128505.0,4233620.7,956617.44
202104,Y56,LONDON,13,357030.0,68280868.41,3433613.67
202104,Y56,LONDON,14,41831.0,41940.0,437813.69
202104,Y56,LONDON,15,11175.0,265519.5,276123.21
202104,Y56,LONDON,18,1.0,1000.0,175.0
202104,Y56,LONDON,19,9815.0,9797471.0,236209.97
202104,Y56,LONDON,20,47247.0,1294355.2,1265061.82
202104,Y56,LONDON,21,370742.0,89605751.5,4315904.01
202104,Y56,LONDON,22,13817.0,260590.0,347345.48
202104,Y56,LONDON,23,34075.0,3988969.5,1253898.52
202104,Y58,SOUTH WEST,1,882050.0,64999762.0,4888492.41
202104,Y58,SOUTH WEST,2,2754470.0,98933997.0,14965453.23
202104,Y58,SOUTH WEST,3,546398.0,10864231.0,8499575.34
202104,Y58,SOUTH WEST,4,1879473.0,133170059.6,13601738.77
202104,Y58,SOUTH WEST,5,253616.0,8549114.5,1679930.05
202104,Y58,SOUTH WEST,6,932469.0,45680565.5,11559114.24
202104,Y58,SOUTH WEST,7,275379.0,11861278.0,2382282.29
202104,Y58,SOUTH WEST,8,40711.0,1645172.0,1722611.03
202104,Y58,SOUTH WEST,9,484718.0,153908704.0,3844289.67
202104,Y58,SOUTH WEST,10,258981.0,15823146.0,1558805.11
202104,Y58,SOUTH WEST,11,138180.0,2056401.5,1307409.19
202104,Y58,SOUTH WEST,12,83222.0,1672345.3,574431.52
202104,Y58,SOUTH WEST,13,207039.0,33930204.91,1864020.15
202104,Y58,SOUTH WEST,14,10857.0,10927.0,119199.28
202104,Y58,SOUTH WEST,15,16648.0,198493.5,182964.72
202104,Y58,SOUTH WEST,18,1.0,1000.0,175.0
202104,Y58,SOUTH WEST,19,7265.0,4092728.0,186102.21
202104,Y58,SOUTH WEST,20,33998.0,665030.8,639693.51
202104,Y58,SOUTH WEST,21,256761.0,52142362.0,4663200.26
202104,Y58,SOUTH WEST,22,25435.0,437414.0,595005.27
202104,Y58,SOUTH WEST,23,41692.0,3606567.0,1486478.52
202104,Y59,SOUTH EAST,1,1114733.0,88371241.0,7292039.64
202104,Y59,SOUTH EAST,2,3523317.0,140293485.0,20798824.91
202104,Y59,SOUTH EAST,3,766325.0,17002659.0,12032711.2
202104,Y59,SOUTH EAST,4,2379021.0,166346904.0,20022100.29
202104,Y59,SOUTH EAST,5,393135.0,14157177.5,2595583.3
202104,Y59,SOUTH EAST,6,1264683.0,68413297.0,18715632.03
202104,Y59,SOUTH EAST,7,361528.0,16937417.0,3464993.0
202104,Y59,SOUTH EAST,8,60177.0,2693478.0,2608512.97
202104,Y59,SOUTH EAST,9,698818.0,470411691.0,10008027.88
202104,Y59,SOUTH EAST,10,325372.0,21165153.0,2069711.51
202104,Y59,SOUTH EAST,11,189176.0,3294391.5,2056476.1
202104,Y59,SOUTH EAST,12,128251.0,2319559.6,934363.85
202104,Y59,SOUTH EAST,13,299783.0,51372244.5,2968085.16
202104,Y59,SOUTH EAST,14,15319.0,15364.0,170524.26
202104,Y59,SOUTH EAST,15,18459.0,977152.5,267429.19
202104,Y59,SOUTH EAST,19,11043.0,7403745.0,335370.72
202104,Y59,SOUTH EAST,20,36929.0,1861019.1,988538.39
202104,Y59,SOUTH EAST,21,338298.0,70170170.0,5828351.21
202104,Y59,SOUTH EAST,22,32474.0,633972.0,783521.5
202104,Y59,SOUTH EAST,23,93995.0,8959733.0,5507708.01
202104,Y60,MIDLANDS,1,1677257.0,140322407.0,9495002.31
202104,Y60,MIDLANDS,2,5335136.0,194042789.0,26936556.83
202104,Y60,MIDLANDS,3,1184416.0,24923773.0,16970321.36
202104,Y60,MIDLANDS,4,3562411.0,267071268.2,27695133.12
202104,Y60,MIDLANDS,5,528101.0,18858664.5,3229578.55
202104,Y60,MIDLANDS,6,1853928.0,93801359.5,24766552.96
202104,Y60,MIDLANDS,7,480681.0,21433051.0,3929731.06
202104,Y60,MIDLANDS,8,67362.0,2675868.0,2765332.62
202104,Y60,MIDLANDS,9,956387.0,785484235.0,16286576.8
202104,Y60,MIDLANDS,10,487966.0,33670133.0,2573387.17
202104,Y60,MIDLANDS,11,277340.0,4865625.0,2832620.97
202104,Y60,MIDLANDS,12,176144.0,4577834.0,1219156.81
202104,Y60,MIDLANDS,13,453614.0,85074267.5,4275144.55
202104,Y60,MIDLANDS,14,15805.0,15860.0,178123.72
202104,Y60,MIDLANDS,15,21932.0,28350088.0,281181.2
202104,Y60,MIDLANDS,18,1.0,1000.0,175.0
202104,Y60,MIDLANDS,19,16025.0,10646824.0,496938.99
202104,Y60,MIDLANDS,20,119121.0,2971139.2,3438618.7
202104,Y60,MIDLANDS,21,580027.0,108753461.5,7752189.71
202104,Y60,MIDLANDS,22,25399.0,491683.0,643441.14
202104,Y60,MIDLANDS,23,102212.0,9917330.4,4972284.04
202104,Y61,EAST OF ENGLAND,1,977869.0,71142445.0,5815521.27
202104,Y61,EAST OF ENGLAND,2,3287584.0,111861017.0,15973529.079999998
202104,Y61,EAST OF ENGLAND,3,679685.0,13615667.0,9485283.35
202104,Y61,EAST OF ENGLAND,4,2070534.0,134646414.2,15238675.919999998
202104,Y61,EAST OF ENGLAND,5,325353.0,11468469.0,2017415.86
202104,Y61,EAST OF ENGLAND,6,1153158.0,55164008.0,13929562.64
202104,Y61,EAST OF ENGLAND,7,313475.0,13263405.0,2473717.45
202104,Y61,EAST OF ENGLAND,8,53475.0,2208629.0,2186987.17
202104,Y61,EAST OF ENGLAND,9,493357.0,172982438.0,4766370.96
202104,Y61,EAST OF ENGLAND,10,281613.0,16902822.0,1759604.01
202104,Y61,EAST OF ENGLAND,11,152175.0,2387724.0,1547612.58
202104,Y61,EAST OF ENGLAND,12,97934.0,1739911.1,667136.79
202104,Y61,EAST OF ENGLAND,13,236157.0,36774721.94,2282258.83
202104,Y61,EAST OF ENGLAND,14,5146.0,5168.0,66911.43000000001
202104,Y61,EAST OF ENGLAND,15,12398.0,184932.0,162853.39
202104,Y61,EAST OF ENGLAND,18,1.0,1000.0,175.0
202104,Y61,EAST OF ENGLAND,19,9229.0,5803476.0,274166.41
202104,Y61,EAST OF ENGLAND,20,34624.0,1124555.1,1041216.46
202104,Y61,EAST OF ENGLAND,21,326575.0,58338722.5,9337008.88
202104,Y61,EAST OF ENGLAND,22,56474.0,1078342.0,1544512.04
202104,Y61,EAST OF ENGLAND,23,145563.0,11925834.8,10294724.45
202104,Y62,NORTH WEST,1,1308610.0,111948980.0,7590036.69
202104,Y62,NORTH WEST,2,3811201.0,135092693.0,18650685.89
202104,Y62,NORTH WEST,3,939840.0,19181980.0,13253839.82
202104,Y62,NORTH WEST,4,2870907.0,207110473.35,21365576.87
202104,Y62,NORTH WEST,5,386476.0,14201268.5,2386533.76
202104,Y62,NORTH WEST,6,1250189.0,60197283.0,16581184.52
202104,Y62,NORTH WEST,7,343685.0,14106433.0,2944249.52
202104,Y62,NORTH WEST,8,45695.0,1770973.0,1578989.38
202104,Y62,NORTH WEST,9,729702.0,375782339.0,8069970.1
202104,Y62,NORTH WEST,10,357870.0,24868778.0,1999590.44
202104,Y62,NORTH WEST,11,180142.0,2701621.5,1654182.94
202104,Y62,NORTH WEST,12,126712.0,3386370.9,945056.9
202104,Y62,NORTH WEST,13,360436.0,73560343.5,3583888.16
202104,Y62,NORTH WEST,14,23679.0,24012.0,250595.59
202104,Y62,NORTH WEST,15,19706.0,328846.5,344012.18
202104,Y62,NORTH WEST,18,1.0,1000.0,175.0
202104,Y62,NORTH WEST,19,13078.0,7904155.0,385514.19
202104,Y62,NORTH WEST,20,143784.0,3343390.5,4076464.0
202104,Y62,NORTH WEST,21,386983.0,72012913.5,5862395.32
202104,Y62,NORTH WEST,22,29482.0,602106.0,724361.63
202104,Y62,NORTH WEST,23,87596.0,8435222.0,3814174.55
202104,Y63,NORTH EAST AND YORKSHIRE,1,1838140.0,144110148.0,9733082.28
202104,Y63,NORTH EAST AND YORKSHIRE,2,5565767.0,179662625.0,24309450.95
202104,Y63,NORTH EAST AND YORKSHIRE,3,1211823.0,23872163.0,17398250.84
202104,Y63,NORTH EAST AND YORKSHIRE,4,3818389.0,265178055.0,25764191.91
202104,Y63,NORTH EAST AND YORKSHIRE,5,472521.0,16837223.0,3065787.69
202104,Y63,NORTH EAST AND YORKSHIRE,6,1813906.0,82192417.0,21380787.96
202104,Y63,NORTH EAST AND YORKSHIRE,7,486023.0,19928951.0,3806597.87
202104,Y63,NORTH EAST AND YORKSHIRE,8,72104.0,2933613.0,2700462.77
202104,Y63,NORTH EAST AND YORKSHIRE,9,995898.0,320802952.5,9088081.33
202104,Y63,NORTH EAST AND YORKSHIRE,10,521784.0,34151900.0,2696016.01
202104,Y63,NORTH EAST AND YORKSHIRE,11,231602.0,3374785.5,2104401.94
202104,Y63,NORTH EAST AND YORKSHIRE,12,156944.0,3619175.4,1074275.4
202104,Y63,NORTH EAST AND YORKSHIRE,13,413615.0,75904261.5,4012733.58
202104,Y63,NORTH EAST AND YORKSHIRE,14,18735.0,18796.0,196306.24
202104,Y63,NORTH EAST AND YORKSHIRE,15,17453.0,9889342.0,270138.21
202104,Y63,NORTH EAST AND YORKSHIRE,18,1.0,500.0,87.5
202104,Y63,NORTH EAST AND YORKSHIRE,19,15415.0,8732084.0,394685.98
202104,Y63,NORTH EAST AND YORKSHIRE,20,49866.0,1406569.2,1416375.81
202104,Y63,NORTH EAST AND YORKSHIRE,21,442943.0,85849139.0,6123295.23
202104,Y63,NORTH EAST AND YORKSHIRE,22,12682.0,242197.0,328238.21
202104,Y63,NORTH EAST AND YORKSHIRE,23,59849.0,6006646.2,2891456.31
202105,Y56,LONDON,1,1002271.0,76419814.0,6138641.35
202105,Y56,LONDON,2,3339603.0,117221818.0,15013918.86
202105,Y56,LONDON,3,669552.0,16246544.0,9269810.58
202105,Y56,LONDON,4,1929823.0,122342680.4,15222682.01
202105,Y56,LONDON,5,352730.0,14372153.5,2150049.61
202105,Y56,LONDON,6,1363013.0,74173540.0,18430094.53
202105,Y56,LONDON,7,311056.0,13324255.0,2576776.0300000003
202105,Y56,LONDON,8,42390.0,1937979.0,1500198.67
202105,Y56,LONDON,9,739206.0,257621259.5,6424157.16
202105,Y56,LONDON,10,276325.0,18814581.0,1531707.7200000002
202105,Y56,LONDON,11,172653.0,3395905.5,2059532.75
202105,Y56,LONDON,12,116266.0,4097351.0,872776.8500000001
202105,Y56,LONDON,13,328143.0,63928222.0,3219084.48
202105,Y56,LONDON,14,21141.0,21244.0,241817.23
202105,Y56,LONDON,15,10724.0,243348.5,259359.54
202105,Y56,LONDON,18,1.0,2000.0,350.0
202105,Y56,LONDON,19,9353.0,9043206.0,219920.66
202105,Y56,LONDON,20,44935.0,1284197.0,1184443.0699999998
202105,Y56,LONDON,21,358327.0,83590450.0,4187212.32
202105,Y56,LONDON,22,13291.0,248181.0,332336.82
202105,Y56,LONDON,23,31771.0,3686094.4,1113615.33
202105,Y58,SOUTH WEST,1,846551.0,62435041.0,4707452.53
202105,Y58,SOUTH WEST,2,2637498.0,94772582.0,14421591.85
202105,Y58,SOUTH WEST,3,522627.0,10308123.0,8120594.14
202105,Y58,SOUTH WEST,4,1800110.0,127737488.6,13146757.44
202105,Y58,SOUTH WEST,5,251555.0,8775930.5,1667450.54
202105,Y58,SOUTH WEST,6,900545.0,44199274.0,11339560.89
202105,Y58,SOUTH WEST,7,267379.0,11485175.0,2374260.1
202105,Y58,SOUTH WEST,8,38714.0,1560171.0,1569473.15
202105,Y58,SOUTH WEST,9,469690.0,150781984.0,3736118.84
202105,Y58,SOUTH WEST,10,249412.0,15165798.0,1489849.26
202105,Y58,SOUTH WEST,11,133037.0,2004872.5,1275119.16
202105,Y58,SOUTH WEST,12,78245.0,1614937.0,537913.73
202105,Y58,SOUTH WEST,13,190202.0,31512236.32,1752869.12
202105,Y58,SOUTH WEST,14,13583.0,13629.0,155193.47999999998
202105,Y58,SOUTH WEST,15,18726.0,190223.5,176311.41999999998
202105,Y58,SOUTH WEST,18,5.0,2300.0,402.5
202105,Y58,SOUTH WEST,19,7092.0,3869677.0,180835.38
202105,Y58,SOUTH WEST,20,34338.0,638788.2,648615.74
202105,Y58,SOUTH WEST,21,250390.0,49395489.0,4548720.74
202105,Y58,SOUTH WEST,22,24517.0,423605.0,578700.45
202105,Y58,SOUTH WEST,23,40242.0,3467173.8,1419542.57
202105,Y59,SOUTH EAST,1,1080328.0,85683254.0,7042021.130000001
202105,Y59,SOUTH EAST,2,3401399.0,135663734.0,20225450.22
202105,Y59,SOUTH EAST,3,730738.0,16036901.0,11575476.45
202105,Y59,SOUTH EAST,4,2301201.0,160891461.2,19410326.59
202105,Y59,SOUTH EAST,5,396172.0,15070553.5,2560175.13
202105,Y59,SOUTH EAST,6,1235643.0,67033885.0,18400979.89
202105,Y59,SOUTH EAST,7,351937.0,16360435.0,3446642.93
202105,Y59,SOUTH EAST,8,57885.0,2618682.0,2450988.93
202105,Y59,SOUTH EAST,9,682093.0,454766151.5,9738254.43
202105,Y59,SOUTH EAST,10,316686.0,20610329.0,1999077.71
202105,Y59,SOUTH EAST,11,182601.0,3185832.5,1994673.99
202105,Y59,SOUTH EAST,12,120253.0,2266291.3,881334.55
202105,Y59,SOUTH EAST,13,276123.0,47838553.5,2789436.83
202105,Y59,SOUTH EAST,14,11161.0,11228.0,140740.34
202105,Y59,SOUTH EAST,15,19407.0,963149.5,259143.56
202105,Y59,SOUTH EAST,18,1.0,100.0,17.5
202105,Y59,SOUTH EAST,19,11131.0,7501017.0,333780.66
202105,Y59,SOUTH EAST,20,35702.0,1709461.1,846461.98
202105,Y59,SOUTH EAST,21,335925.0,66488837.0,5974516.1
202105,Y59,SOUTH EAST,22,34968.0,686741.0,835365.17
202105,Y59,SOUTH EAST,23,86781.0,8286648.800000001,5008618.2
202105,Y60,MIDLANDS,1,1589116.0,133366686.0,8999723.5
202105,Y60,MIDLANDS,2,5046912.0,183288796.0,25575456.0
202105,Y60,MIDLANDS,3,1120027.0,23225720.0,16037890.22
202105,Y60,MIDLANDS,4,3378164.0,253415717.8,26424374.5
202105,Y60,MIDLANDS,5,534222.0,20680378.0,3174099.05
202105,Y60,MIDLANDS,6,1774274.0,89859630.0,23915148.37
202105,Y60,MIDLANDS,7,458784.0,20234944.0,3784922.95
202105,Y60,MIDLANDS,8,63555.0,2540182.0,2567944.16
202105,Y60,MIDLANDS,9,912709.0,739393998.0,15456470.54
202105,Y60,MIDLANDS,10,464780.0,31919372.0,2441735.95
202105,Y60,MIDLANDS,11,263585.0,4642311.0,2715687.65
202105,Y60,MIDLANDS,12,163790.0,4443228.6,1134668.4500000002
202105,Y60,MIDLANDS,13,404165.0,77213264.0,3854767.85
202105,Y60,MIDLANDS,14,11370.0,11473.0,146623.76
202105,Y60,MIDLANDS,15,23503.0,341657.5,273234.58
202105,Y60,MIDLANDS,19,15293.0,9626696.0,489210.84
202105,Y60,MIDLANDS,20,114906.0,2828174.3,3311777.9
202105,Y60,MIDLANDS,21,555924.0,99592334.0,7550523.85
202105,Y60,MIDLANDS,22,24682.0,473474.0,618102.01
202105,Y60,MIDLANDS,23,96724.0,9234147.4,4710390.48
202105,Y61,EAST OF ENGLAND,1,940747.0,68304538.0,5624109.19
202105,Y61,EAST OF ENGLAND,2,3153961.0,107373124.0,15380564.19
202105,Y61,EAST OF ENGLAND,3,651321.0,12994723.0,9106779.84
202105,Y61,EAST OF ENGLAND,4,1986567.0,129519261.4,14715194.41
202105,Y61,EAST OF ENGLAND,5,329524.0,12427931.0,1971611.64
202105,Y61,EAST OF ENGLAND,6,1115517.0,53404413.0,13542799.96
202105,Y61,EAST OF ENGLAND,7,302249.0,12754239.0,2435628.13
202105,Y61,EAST OF ENGLAND,8,51194.0,2102189.0,2135821.95
202105,Y61,EAST OF ENGLAND,9,477621.0,167989696.0,4572011.04
202105,Y61,EAST OF ENGLAND,10,271563.0,16311755.0,1688025.24
202105,Y61,EAST OF ENGLAND,11,146672.0,2314899.0,1515747.56
202105,Y61,EAST OF ENGLAND,12,92590.0,1656430.4,638617.3300000001
202105,Y61,EAST OF ENGLAND,13,211649.0,33745869.0,2113929.7
202105,Y61,EAST OF ENGLAND,14,11518.0,11543.0,137112.87
202105,Y61,EAST OF ENGLAND,15,12904.0,186224.0,162257.7
202105,Y61,EAST OF ENGLAND,18,3.0,3100.0,542.5
202105,Y61,EAST OF ENGLAND,19,8979.0,5626969.0,268436.88
202105,Y61,EAST OF ENGLAND,20,33394.0,1010875.5,1023984.03
202105,Y61,EAST OF ENGLAND,21,314435.0,54660412.0,8705441.07
202105,Y61,EAST OF ENGLAND,22,52328.0,995327.0,1436230.65
202105,Y61,EAST OF ENGLAND,23,135844.0,11163351.4,9451063.4
202105,Y62,NORTH WEST,1,1244505.0,106630046.0,7201589.94
202105,Y62,NORTH WEST,2,3615848.0,128380534.0,17837353.049999997
202105,Y62,NORTH WEST,3,888215.0,17866754.0,12595704.75
202105,Y62,NORTH WEST,4,2717685.0,195933200.2,20175950.8
202105,Y62,NORTH WEST,5,391886.0,15567694.0,2322228.24
202105,Y62,NORTH WEST,6,1193133.0,57420663.0,15850993.29
202105,Y62,NORTH WEST,7,328727.0,13570348.0,2840793.68
202105,Y62,NORTH WEST,8,43472.0,1673676.0,1519212.89
202105,Y62,NORTH WEST,9,698215.0,354595326.0,7686139.68
202105,Y62,NORTH WEST,10,342080.0,23735901.0,1891548.44
202105,Y62,NORTH WEST,11,171331.0,2589473.5,1592995.89
202105,Y62,NORTH WEST,12,119391.0,3220848.6,885365.3500000001
202105,Y62,NORTH WEST,13,318775.0,65882411.0,3211724.9200000004
202105,Y62,NORTH WEST,14,19881.0,19957.0,224456.43
202105,Y62,NORTH WEST,15,20245.0,322803.0,333500.99
202105,Y62,NORTH WEST,18,1.0,1000.0,175.0
202105,Y62,NORTH WEST,19,12912.0,7413424.0,391098.89
202105,Y62,NORTH WEST,20,147679.0,3414765.8,4229523.74
202105,Y62,NORTH WEST,21,376781.0,67524110.5,5841095.44
202105,Y62,NORTH WEST,22,29097.0,591868.0,723534.15
202105,Y62,NORTH WEST,23,85125.0,8067519.800000001,3694990.84
202105,Y63,NORTH EAST AND YORKSHIRE,1,1756282.0,137247869.0,9317905.13
202105,Y63,NORTH EAST AND YORKSHIRE,2,5322053.0,171342181.0,23274026.51
202105,Y63,NORTH EAST AND YORKSHIRE,3,1153627.0,22353882.0,16529881.87
202105,Y63,NORTH EAST AND YORKSHIRE,4,3642227.0,251806427.2,24506660.9
202105,Y63,NORTH EAST AND YORKSHIRE,5,472141.0,17797280.5,2976293.5700000003
202105,Y63,NORTH EAST AND YORKSHIRE,6,1749567.0,79166701.5,20704250.46
202105,Y63,NORTH EAST AND YORKSHIRE,7,468808.0,19080278.0,3702738.72
202105,Y63,NORTH EAST AND YORKSHIRE,8,68245.0,2787240.0,2535119.3600000003
202105,Y63,NORTH EAST AND YORKSHIRE,9,954725.0,306150219.5,8768861.87
202105,Y63,NORTH EAST AND YORKSHIRE,10,498548.0,32360382.0,2566734.07
202105,Y63,NORTH EAST AND YORKSHIRE,11,220489.0,3171196.5,2007379.57
202105,Y63,NORTH EAST AND YORKSHIRE,12,148970.0,3537055.5,1019361.5
202105,Y63,NORTH EAST AND YORKSHIRE,13,368351.0,68787229.0,3625406.36
202105,Y63,NORTH EAST AND YORKSHIRE,14,11838.0,11911.0,146812.02000000002
202105,Y63,NORTH EAST AND YORKSHIRE,15,17771.0,285439.5,268866.86
202105,Y63,NORTH EAST AND YORKSHIRE,18,1.0,500.0,87.5
202105,Y63,NORTH EAST AND YORKSHIRE,19,15008.0,8365420.0,383952.07
202105,Y63,NORTH EAST AND YORKSHIRE,20,46867.0,1356436.1,1363459.97
202105,Y63,NORTH EAST AND YORKSHIRE,21,425807.0,79146449.0,5913000.859999999
202105,Y63,NORTH EAST AND YORKSHIRE,22,12048.0,228522.0,303544.68
202105,Y63,NORTH EAST AND YORKSHIRE,23,58732.0,5828495.9,2868374.85
202106,Y56,LONDON,1,1063367.0,80760869.0,6563886.970000001
202106,Y56,LONDON,2,3560031.0,125331004.0,16115309.87
202106,Y56,LONDON,3,788076.0,20809190.0,10444112.23
202106,Y56,LONDON,4,2057094.0,131026208.8,16192396.33
202106,Y56,LONDON,5,389963.0,16253939.5,2280616.86
202106,Y56,LONDON,6,1467153.0,79716397.5,20041918.16
202106,Y56,LONDON,7,332676.0,14276984.0,2801504.17
202106,Y56,LONDON,8,44877.0,2033782.0,1541310.18
202106,Y56,LONDON,9,789260.0,280368755.0,6909796.890000001
202106,Y56,LONDON,10,296831.0,20193130.0,1629378.77
202106,Y56,LONDON,11,209082.0,3961142.0,2455857.29
202106,Y56,LONDON,12,151588.0,4505038.0,1101050.62
202106,Y56,LONDON,13,355986.0,68019476.91,3479217.4400000004
202106,Y56,LONDON,14,14520.0,14641.0,191126.84000000003
202106,Y56,LONDON,15,11804.0,264968.0,277796.07
202106,Y56,LONDON,18,2.0,2000.0,350.0
202106,Y56,LONDON,19,9820.0,9890873.0,223320.78
202106,Y56,LONDON,20,49998.0,1410252.1,1306091.72
202106,Y56,LONDON,21,390303.0,88383987.5,4696439.8
202106,Y56,LONDON,22,14432.0,268510.0,368839.73
202106,Y56,LONDON,23,35910.0,4156711.7,1344950.49
202106,Y58,SOUTH WEST,1,890134.0,65527997.0,4991452.2
202106,Y58,SOUTH WEST,2,2789303.0,100345818.0,15347561.01
202106,Y58,SOUTH WEST,3,582032.0,12062782.0,8815224.04
202106,Y58,SOUTH WEST,4,1896994.0,135038183.2,13883600.39
202106,Y58,SOUTH WEST,5,276565.0,9949684.5,1773058.54
202106,Y58,SOUTH WEST,6,960922.0,47055977.0,12135367.37
202106,Y58,SOUTH WEST,7,283148.0,12224762.0,2506880.53
202106,Y58,SOUTH WEST,8,41074.0,1644051.0,1683868.75
202106,Y58,SOUTH WEST,9,495192.0,159989017.5,3940052.04
202106,Y58,SOUTH WEST,10,263721.0,16065289.0,1557168.77
202106,Y58,SOUTH WEST,11,147925.0,2199597.0,1420737.64
202106,Y58,SOUTH WEST,12,91855.0,1693123.1,621747.91
202106,Y58,SOUTH WEST,13,199114.0,32742365.91,1835204.91
202106,Y58,SOUTH WEST,14,5252.0,5298.0,79563.20000000001
202106,Y58,SOUTH WEST,15,18446.0,203014.0,184975.16
202106,Y58,SOUTH WEST,18,2.0,200.0,35.0
202106,Y58,SOUTH WEST,19,7109.0,3902885.0,181420.66
202106,Y58,SOUTH WEST,20,37279.0,687228.3,691930.54
202106,Y58,SOUTH WEST,21,265746.0,51176069.0,5031870.59
202106,Y58,SOUTH WEST,22,27631.0,473644.0,655805.38
202106,Y58,SOUTH WEST,23,42654.0,3687545.5,1475623.57
202106,Y59,SOUTH EAST,1,1132635.0,89236127.0,7463907.93
202106,Y59,SOUTH EAST,2,3596742.0,143268523.0,21480423.8
202106,Y59,SOUTH EAST,3,818934.0,19153544.0,12490451.55
202106,Y59,SOUTH EAST,4,2420887.0,169383309.2,20363786.79
202106,Y59,SOUTH EAST,5,437176.0,17275628.0,2737582.55
202106,Y59,SOUTH EAST,6,1317105.0,71299757.0,19742365.04
202106,Y59,SOUTH EAST,7,372836.0,17457195.0,3630588.79
202106,Y59,SOUTH EAST,8,60661.0,2725262.0,2468883.7
202106,Y59,SOUTH EAST,9,725374.0,508803757.0,10643738.49
202106,Y59,SOUTH EAST,10,333994.0,21703864.0,2086323.35
202106,Y59,SOUTH EAST,11,206152.0,3534257.5,2254802.6
202106,Y59,SOUTH EAST,12,143535.0,2412687.5,1033672.71
202106,Y59,SOUTH EAST,13,288530.0,49483089.5,2894582.64
202106,Y59,SOUTH EAST,14,8953.0,9029.0,132468.46
202106,Y59,SOUTH EAST,15,20003.0,291516.0,273405.13
202106,Y59,SOUTH EAST,18,4.0,2200.0,385.0
202106,Y59,SOUTH EAST,19,11031.0,7515976.0,320552.91000000003
202106,Y59,SOUTH EAST,20,39644.0,1827998.9,947847.98
202106,Y59,SOUTH EAST,21,353007.0,68153983.0,6373499.83
202106,Y59,SOUTH EAST,22,34282.0,667935.0,824962.13
202106,Y59,SOUTH EAST,23,85870.0,8441462.1,4705504.38
202106,Y60,MIDLANDS,1,1696408.0,141278634.0,9652029.48
202106,Y60,MIDLANDS,2,5411734.0,196806464.0,27662102.69
202106,Y60,MIDLANDS,3,1266746.0,28009526.0,17600594.29
202106,Y60,MIDLANDS,4,3609204.0,271258297.0,28105791.630000003
202106,Y60,MIDLANDS,5,588632.0,22993403.5,3382268.74
202106,Y60,MIDLANDS,6,1911215.0,96519560.5,25804918.13
202106,Y60,MIDLANDS,7,494487.0,22093466.0,4159118.58
202106,Y60,MIDLANDS,8,67715.0,2684036.0,2788183.61
202106,Y60,MIDLANDS,9,986729.0,836408308.5,17152755.880000003
202106,Y60,MIDLANDS,10,502814.0,34444791.0,2612254.67
202106,Y60,MIDLANDS,11,300157.0,5202575.5,3109120.31
202106,Y60,MIDLANDS,12,198393.0,4814448.5,1348896.04
202106,Y60,MIDLANDS,13,439058.0,82965283.5,4175361.86
202106,Y60,MIDLANDS,14,11853.0,11934.0,160959.51
202106,Y60,MIDLANDS,15,25673.0,369693.5,288234.14
202106,Y60,MIDLANDS,18,1.0,1000.0,175.0
202106,Y60,MIDLANDS,19,15660.0,10698920.0,473176.37
202106,Y60,MIDLANDS,20,128625.0,3134485.9,3697479.61
202106,Y60,MIDLANDS,21,602531.0,106241498.0,8235830.01
202106,Y60,MIDLANDS,22,25570.0,492645.0,649191.61
202106,Y60,MIDLANDS,23,104304.0,10046765.5,5004267.08
202106,Y61,EAST OF ENGLAND,1,990346.0,71475460.0,5924728.800000001
202106,Y61,EAST OF ENGLAND,2,3343566.0,113853114.0,16458707.13
202106,Y61,EAST OF ENGLAND,3,736601.0,15473283.0,9885501.99
202106,Y61,EAST OF ENGLAND,4,2094336.0,136990516.4,15477314.39
202106,Y61,EAST OF ENGLAND,5,361849.0,13900435.0,2086960.43
202106,Y61,EAST OF ENGLAND,6,1190618.0,56918038.5,14537409.81
202106,Y61,EAST OF ENGLAND,7,321597.0,13705553.0,2611668.75
202106,Y61,EAST OF ENGLAND,8,54100.0,2225175.0,2224133.22
202106,Y61,EAST OF ENGLAND,9,507569.0,179563522.5,4828240.04
202106,Y61,EAST OF ENGLAND,10,289119.0,17244480.0,1774903.21
202106,Y61,EAST OF ENGLAND,11,167170.0,2584101.5,1712066.13
202106,Y61,EAST OF ENGLAND,12,112525.0,1765726.3,757973.51
202106,Y61,EAST OF ENGLAND,13,224890.0,34975132.879999995,2208477.41
202106,Y61,EAST OF ENGLAND,14,7450.0,7480.0,104117.6
202106,Y61,EAST OF ENGLAND,15,14167.0,196164.5,172887.56
202106,Y61,EAST OF ENGLAND,18,3.0,1600.0,280.0
202106,Y61,EAST OF ENGLAND,19,9076.0,6052861.0,265876.31
202106,Y61,EAST OF ENGLAND,20,36577.0,1129598.6,1235169.64
202106,Y61,EAST OF ENGLAND,21,335762.0,56814872.5,9122152.88
202106,Y61,EAST OF ENGLAND,22,54565.0,1026024.0,1485165.23
202106,Y61,EAST OF ENGLAND,23,141970.0,11646265.9,9861775.84
202106,Y62,NORTH WEST,1,1327220.0,113077479.0,7738267.59
202106,Y62,NORTH WEST,2,3882813.0,137907244.0,19335251.98
202106,Y62,NORTH WEST,3,992215.0,20992969.0,13722006.53
202106,Y62,NORTH WEST,4,2911341.0,210109682.3,21667826.52
202106,Y62,NORTH WEST,5,422118.0,16384781.0,2503894.3
202106,Y62,NORTH WEST,6,1288778.0,62075708.0,17329807.32
202106,Y62,NORTH WEST,7,353015.0,14619200.0,3064019.09
202106,Y62,NORTH WEST,8,46357.0,1812029.0,1587984.91
202106,Y62,NORTH WEST,9,752696.0,385843923.0,8428562.81
202106,Y62,NORTH WEST,10,368211.0,25520553.0,2029437.04
202106,Y62,NORTH WEST,11,195099.0,2908599.0,1824499.26
202106,Y62,NORTH WEST,12,141032.0,3533763.9,1036019.68
202106,Y62,NORTH WEST,13,346223.0,71120595.0,3489916.8
202106,Y62,NORTH WEST,14,7642.0,7753.0,109529.63
202106,Y62,NORTH WEST,15,21276.0,339629.5,355470.89
202106,Y62,NORTH WEST,18,1.0,1000.0,175.0
202106,Y62,NORTH WEST,19,12844.0,7578495.0,359946.36
202106,Y62,NORTH WEST,20,178270.0,4051891.3,4959517.76
202106,Y62,NORTH WEST,21,420382.0,75129917.5,6699522.1
202106,Y62,NORTH WEST,22,35580.0,713369.0,874765.76
202106,Y62,NORTH WEST,23,97235.0,9275628.6,4181657.95
202106,Y63,NORTH EAST AND YORKSHIRE,1,1877560.0,146183062.0,10052157.79
202106,Y63,NORTH EAST AND YORKSHIRE,2,5720604.0,184702511.0,25283451.18
202106,Y63,NORTH EAST AND YORKSHIRE,3,1298728.0,26681694.0,18181319.65
202106,Y63,NORTH EAST AND YORKSHIRE,4,3898656.0,270257719.20000005,26291797.43
202106,Y63,NORTH EAST AND YORKSHIRE,5,517066.0,19615803.5,3214475.9400000004
202106,Y63,NORTH EAST AND YORKSHIRE,6,1887781.0,85663330.5,22592648.21
202106,Y63,NORTH EAST AND YORKSHIRE,7,503551.0,20699840.0,4043239.810000001
202106,Y63,NORTH EAST AND YORKSHIRE,8,74320.0,3024850.0,2743683.38
202106,Y63,NORTH EAST AND YORKSHIRE,9,1029109.0,331933395.5,9145803.38
202106,Y63,NORTH EAST AND YORKSHIRE,10,538233.0,35073025.0,2733403.6100000003
202106,Y63,NORTH EAST AND YORKSHIRE,11,253458.0,3646696.0,2326927.21
202106,Y63,NORTH EAST AND YORKSHIRE,12,177309.0,3848454.5,1199619.71
202106,Y63,NORTH EAST AND YORKSHIRE,13,400421.0,73779923.0,3944512.92
202106,Y63,NORTH EAST AND YORKSHIRE,14,7125.0,7215.0,114032.14
202106,Y63,NORTH EAST AND YORKSHIRE,15,18940.0,2095376.0,273503.16000000003
202106,Y63,NORTH EAST AND YORKSHIRE,19,14840.0,8724536.0,352906.98
202106,Y63,NORTH EAST AND YORKSHIRE,20,52342.0,1381074.2,1542945.4
202106,Y63,NORTH EAST AND YORKSHIRE,21,461129.0,84420375.0,6381565.99
202106,Y63,NORTH EAST AND YORKSHIRE,22,12508.0,237364.0,311648.23
202106,Y63,NORTH EAST AND YORKSHIRE,23,54482.0,5663386.4,2299586.97
202107,Y56,LONDON,1,1064458.0,80580025.0,6498705.88
202107,Y56,LONDON,2,3556649.0,124723173.0,15409489.07
202107,Y56,LONDON,3,745143.0,18441617.0,10258838.17
202107,Y56,LONDON,4,2057030.0,130206574.4,15309915.36
202107,Y56,LONDON,5,403694.0,16552300.5,2165956.54
202107,Y56,LONDON,6,1471381.0,79870671.0,19843348.19
202107,Y56,LONDON,7,333344.0,14433888.0,2521388.62
202107,Y56,LONDON,8,44894.0,2046897.0,1484830.4
202107,Y56,LONDON,9,791516.0,278960043.0,6794522.51
202107,Y56,LONDON,10,295628.0,20144892.0,1463811.26
202107,Y56,LONDON,11,191779.0,3780368.5,2228047.4
202107,Y56,LONDON,12,130874.0,4432736.7,941934.08
202107,Y56,LONDON,13,342627.0,64782535.0,3328744.33
202107,Y56,LONDON,14,12229.0,12331.0,169599.88
202107,Y56,LONDON,15,11369.0,268004.5,278975.16000000003
202107,Y56,LONDON,18,3.0,3000.0,525.0
202107,Y56,LONDON,19,10488.0,10077044.0,237344.47
202107,Y56,LONDON,20,50451.0,1446214.3,1286166.1
202107,Y56,LONDON,21,379225.0,84034267.5,4638624.62
202107,Y56,LONDON,22,15156.0,280375.0,380838.17
202107,Y56,LONDON,23,36009.0,4200812.2,1349141.92
202107,Y58,SOUTH WEST,1,893657.0,65576199.0,4943919.76
202107,Y58,SOUTH WEST,2,2806847.0,100992994.0,15055087.8
202107,Y58,SOUTH WEST,3,578337.0,11765462.0,8842356.77
202107,Y58,SOUTH WEST,4,1903857.0,135106396.0,12995765.01
202107,Y58,SOUTH WEST,5,288230.0,10229677.0,1669858.96
202107,Y58,SOUTH WEST,6,970668.0,47593865.0,12090129.59
202107,Y58,SOUTH WEST,7,284205.0,12385911.0,2244379.3600000003
202107,Y58,SOUTH WEST,8,41150.0,1666139.0,1633153.45
202107,Y58,SOUTH WEST,9,501221.0,163771343.0,3938129.19
202107,Y58,SOUTH WEST,10,263580.0,16111823.0,1431517.08
202107,Y58,SOUTH WEST,11,144452.0,2176084.0,1308821.86
202107,Y58,SOUTH WEST,12,87661.0,1746201.7999999998,567651.94
202107,Y58,SOUTH WEST,13,194912.0,31716279.41,1769674.5499999998
202107,Y58,SOUTH WEST,14,6130.0,6164.0,83684.14
202107,Y58,SOUTH WEST,15,18077.0,204302.0,183260.17
202107,Y58,SOUTH WEST,18,1.0,100.0,17.5
202107,Y58,SOUTH WEST,19,7421.0,4187413.0,188343.14
202107,Y58,SOUTH WEST,20,38373.0,716926.3,714970.66
202107,Y58,SOUTH WEST,21,263053.0,49330600.5,5027486.720000001
202107,Y58,SOUTH WEST,22,25748.0,450486.0,613685.39
202107,Y58,SOUTH WEST,23,45001.0,3890874.5,1658590.59
202107,Y59,SOUTH EAST,1,1142725.0,89749868.0,7397932.58
202107,Y59,SOUTH EAST,2,3623814.0,144346033.0,20923501.23
202107,Y59,SOUTH EAST,3,810653.0,18181239.0,12663260.77
202107,Y59,SOUTH EAST,4,2449684.0,170733970.8,19507839.78
202107,Y59,SOUTH EAST,5,456992.0,17592953.0,2661417.12
202107,Y59,SOUTH EAST,6,1332423.0,72208533.0,19810247.05
202107,Y59,SOUTH EAST,7,379270.0,17912025.0,3348670.96
202107,Y59,SOUTH EAST,8,61533.0,2769554.0,2472458.2800000003
202107,Y59,SOUTH EAST,9,733379.0,505830181.5,10576462.38
202107,Y59,SOUTH EAST,10,336432.0,21762418.0,1888952.09
202107,Y59,SOUTH EAST,11,199485.0,3506703.5,2122450.85
202107,Y59,SOUTH EAST,12,134334.0,2385542.4,942686.76
202107,Y59,SOUTH EAST,13,282710.0,47981308.0,2833579.3
202107,Y59,SOUTH EAST,14,10196.0,10244.0,144168.53
202107,Y59,SOUTH EAST,15,20419.0,298823.0,278102.7
202107,Y59,SOUTH EAST,18,3.0,1200.0,210.0
202107,Y59,SOUTH EAST,19,11680.0,7863870.0,329541.37
202107,Y59,SOUTH EAST,20,39121.0,1817791.9,895383.65
202107,Y59,SOUTH EAST,21,346555.0,65188241.5,6340440.0
202107,Y59,SOUTH EAST,22,33375.0,646784.0,795796.92
202107,Y59,SOUTH EAST,23,90996.0,8829377.8,5264805.350000001
202107,Y60,MIDLANDS,1,1690490.0,140260123.0,9416650.47
202107,Y60,MIDLANDS,2,5403601.0,196400212.0,26679510.76
202107,Y60,MIDLANDS,3,1248445.0,26576225.0,17549235.700000003
202107,Y60,MIDLANDS,4,3607435.0,270179335.79999995,26292081.11
202107,Y60,MIDLANDS,5,600291.0,22791154.0,3176254.49
202107,Y60,MIDLANDS,6,1920256.0,97152226.0,25772928.2
202107,Y60,MIDLANDS,7,494342.0,22015659.0,3701004.16
202107,Y60,MIDLANDS,8,67623.0,2680500.0,2706105.69
202107,Y60,MIDLANDS,9,984957.0,815651763.5,16693480.75
202107,Y60,MIDLANDS,10,499737.0,34252206.0,2360056.73
202107,Y60,MIDLANDS,11,286905.0,5090878.0,2879265.12
202107,Y60,MIDLANDS,12,184500.0,4684877.5,1214776.7000000002
202107,Y60,MIDLANDS,13,424788.0,79521763.41,3996622.21
202107,Y60,MIDLANDS,14,11260.0,11320.0,155832.05
202107,Y60,MIDLANDS,15,25401.0,359402.0,281439.33
202107,Y60,MIDLANDS,19,16371.0,10643757.0,507776.95000000007
202107,Y60,MIDLANDS,20,134137.0,3297043.7,3898064.49
202107,Y60,MIDLANDS,21,593189.0,101602891.0,8286698.94
202107,Y60,MIDLANDS,22,25692.0,492470.0,651782.8200000001
202107,Y60,MIDLANDS,23,106381.0,10213061.3,5265251.07
202107,Y61,EAST OF ENGLAND,1,998905.0,71995398.0,5848659.22
202107,Y61,EAST OF ENGLAND,2,3365617.0,114615705.0,16074977.82
202107,Y61,EAST OF ENGLAND,3,725773.0,14652032.0,9965232.3
202107,Y61,EAST OF ENGLAND,4,2120373.0,138111355.2,14660000.52
202107,Y61,EAST OF ENGLAND,5,375357.0,14138441.5,2014001.51
202107,Y61,EAST OF ENGLAND,6,1204363.0,57569741.0,14555542.34
202107,Y61,EAST OF ENGLAND,7,326084.0,13914665.0,2357441.58
202107,Y61,EAST OF ENGLAND,8,54625.0,2251718.0,2196198.84
202107,Y61,EAST OF ENGLAND,9,512549.0,181502475.5,4831922.31
202107,Y61,EAST OF ENGLAND,10,289844.0,17320090.0,1634663.82
202107,Y61,EAST OF ENGLAND,11,160389.0,2538740.5,1601594.71
202107,Y61,EAST OF ENGLAND,12,104027.0,1814844.0,685916.78
202107,Y61,EAST OF ENGLAND,13,218045.0,34106141.94,2152002.04
202107,Y61,EAST OF ENGLAND,14,6148.0,6173.0,92338.98
202107,Y61,EAST OF ENGLAND,15,13891.0,204024.0,173447.62
202107,Y61,EAST OF ENGLAND,18,1.0,100.0,17.5
202107,Y61,EAST OF ENGLAND,19,9743.0,6072905.0,286257.5
202107,Y61,EAST OF ENGLAND,20,37598.0,1135557.2,1281156.57
202107,Y61,EAST OF ENGLAND,21,333337.0,55354082.5,9309120.39
202107,Y61,EAST OF ENGLAND,22,55323.0,1044455.0,1518913.9300000002
202107,Y61,EAST OF ENGLAND,23,147061.0,12000013.8,10302368.42
202107,Y62,NORTH WEST,1,1322863.0,112520902.0,7560215.15
202107,Y62,NORTH WEST,2,3871182.0,137247948.0,18581986.51
202107,Y62,NORTH WEST,3,975967.0,20199079.0,13612846.25
202107,Y62,NORTH WEST,4,2904491.0,208889237.0,20169285.29
202107,Y62,NORTH WEST,5,432715.0,16809844.0,2364492.54
202107,Y62,NORTH WEST,6,1287887.0,61987627.0,17025519.52
202107,Y62,NORTH WEST,7,352850.0,14579196.0,2786603.46
202107,Y62,NORTH WEST,8,46013.0,1788575.0,1494529.42
202107,Y62,NORTH WEST,9,750272.0,393232306.0,8410051.34
202107,Y62,NORTH WEST,10,364626.0,25344000.0,1816247.69
202107,Y62,NORTH WEST,11,187243.0,2821646.5,1668613.66
202107,Y62,NORTH WEST,12,131978.0,3448058.8000000003,933299.12
202107,Y62,NORTH WEST,13,333553.0,67434636.5,3341042.34
202107,Y62,NORTH WEST,14,7412.0,7492.0,103079.28
202107,Y62,NORTH WEST,15,21549.0,338079.0,356189.33
202107,Y62,NORTH WEST,18,2.0,1300.0,227.5
202107,Y62,NORTH WEST,19,14521.0,8578595.0,405666.27
202107,Y62,NORTH WEST,20,162053.0,3718288.4,4622957.49
202107,Y62,NORTH WEST,21,407256.0,70915615.0,6428694.51
202107,Y62,NORTH WEST,22,32348.0,647950.0,796191.48
202107,Y62,NORTH WEST,23,94101.0,8918636.2,4153384.88
202107,Y63,NORTH EAST AND YORKSHIRE,1,1858367.0,143828163.0,9637431.26
202107,Y63,NORTH EAST AND YORKSHIRE,2,5660541.0,182427007.0,24150331.41
202107,Y63,NORTH EAST AND YORKSHIRE,3,1281117.0,25759255.0,17996477.18
202107,Y63,NORTH EAST AND YORKSHIRE,4,3865331.0,267135567.8,24187727.06
202107,Y63,NORTH EAST AND YORKSHIRE,5,528263.0,19596904.0,2991534.75
202107,Y63,NORTH EAST AND YORKSHIRE,6,1876102.0,84903886.5,22069661.28
202107,Y63,NORTH EAST AND YORKSHIRE,7,499254.0,20504794.0,3577589.67
202107,Y63,NORTH EAST AND YORKSHIRE,8,72615.0,2942215.0,2576535.67
202107,Y63,NORTH EAST AND YORKSHIRE,9,1021516.0,329915418.5,9118926.69
202107,Y63,NORTH EAST AND YORKSHIRE,10,529954.0,34443656.0,2445033.44
202107,Y63,NORTH EAST AND YORKSHIRE,11,240937.0,3486403.5,2107518.16
202107,Y63,NORTH EAST AND YORKSHIRE,12,166657.0,3777266.1,1086435.41
202107,Y63,NORTH EAST AND YORKSHIRE,13,383175.0,70155369.91,3747656.39
202107,Y63,NORTH EAST AND YORKSHIRE,14,14210.0,14286.0,179750.93
202107,Y63,NORTH EAST AND YORKSHIRE,15,18983.0,4495272.0,279660.94
202107,Y63,NORTH EAST AND YORKSHIRE,19,16059.0,9269370.0,371219.1
202107,Y63,NORTH EAST AND YORKSHIRE,20,53978.0,1479781.8,1592233.6
202107,Y63,NORTH EAST AND YORKSHIRE,21,451082.0,80462821.5,6500195.1
202107,Y63,NORTH EAST AND YORKSHIRE,22,12726.0,243517.0,322443.06
202107,Y63,NORTH EAST AND YORKSHIRE,23,59192.0,6017455.9,2768311.77
202108,Y56,LONDON,1,1017013.0,76065142.0,6094803.56
202108,Y56,LONDON,2,3407864.0,118406408.0,14580705.49
202108,Y56,LONDON,3,673716.0,15894116.0,9559587.82
202108,Y56,LONDON,4,1957319.0,123240739.2,14249070.54
202108,Y56,LONDON,5,371357.0,13873228.0,1942676.95
202108,Y56,LONDON,6,1398636.0,75140602.0,18595721.08
202108,Y56,LONDON,7,314511.0,13377620.0,2347373.56
202108,Y56,LONDON,8,42729.0,1904778.0,1392057.66
202108,Y56,LONDON,9,752382.0,267527843.0,6349455.97
202108,Y56,LONDON,10,278533.0,18776957.0,1372727.25
202108,Y56,LONDON,11,174231.0,3498237.0,2081625.48
202108,Y56,LONDON,12,112079.0,3888495.0,807107.79
202108,Y56,LONDON,13,313302.0,59966456.0,3074425.26
202108,Y56,LONDON,14,12357.0,12440.0,162039.79
202108,Y56,LONDON,15,10673.0,238857.5,258433.3
202108,Y56,LONDON,18,2.0,2000.0,350.0
202108,Y56,LONDON,19,9129.0,8938191.0,210603.7
202108,Y56,LONDON,20,47346.0,1323906.7,1238065.22
202108,Y56,LONDON,21,348100.0,77230921.0,4275325.73
202108,Y56,LONDON,22,10901.0,206757.0,294868.77
202108,Y56,LONDON,23,34241.0,3960922.5,1284081.46
202108,Y58,SOUTH WEST,1,854939.0,62204121.0,4678960.8
202108,Y58,SOUTH WEST,2,2681155.0,96247572.0,14346104.46
202108,Y58,SOUTH WEST,3,529411.0,10365727.0,8281496.07
202108,Y58,SOUTH WEST,4,1814884.0,128767345.4,12306532.5
202108,Y58,SOUTH WEST,5,273161.0,9291187.5,1616757.39
202108,Y58,SOUTH WEST,6,923177.0,45052233.5,11457529.09
202108,Y58,SOUTH WEST,7,270989.0,11688495.0,2102620.01
202108,Y58,SOUTH WEST,8,38962.0,1567435.0,1483931.91
202108,Y58,SOUTH WEST,9,477401.0,153303925.0,3692230.8
202108,Y58,SOUTH WEST,10,249191.0,15206363.0,1354067.72
202108,Y58,SOUTH WEST,11,134757.0,2026002.5,1248048.15
202108,Y58,SOUTH WEST,12,78541.0,1605326.9,511847.18000000005
202108,Y58,SOUTH WEST,13,176351.0,28996687.0,1613008.15
202108,Y58,SOUTH WEST,14,4786.0,4853.0,73599.92
202108,Y58,SOUTH WEST,15,15935.0,185758.5,176825.24
202108,Y58,SOUTH WEST,18,4.0,4100.0,717.5
202108,Y58,SOUTH WEST,19,6624.0,3656552.0,167936.76
202108,Y58,SOUTH WEST,20,35663.0,652934.9,638766.33
202108,Y58,SOUTH WEST,21,243452.0,45306311.0,4813570.64
202108,Y58,SOUTH WEST,22,25823.0,445351.0,612324.24
202108,Y58,SOUTH WEST,23,42079.0,3631830.5,1567766.04
202108,Y59,SOUTH EAST,1,1086110.0,84643061.0,6927146.2
202108,Y59,SOUTH EAST,2,3446084.0,137059883.0,19930428.26
202108,Y59,SOUTH EAST,3,732504.0,15907439.0,11740451.81
202108,Y59,SOUTH EAST,4,2316092.0,161967933.6,18170758.66
202108,Y59,SOUTH EAST,5,424881.0,15472077.0,2416524.66
202108,Y59,SOUTH EAST,6,1264037.0,68166566.5,18677614.76
202108,Y59,SOUTH EAST,7,358265.0,16745047.0,3104322.98
202108,Y59,SOUTH EAST,8,58182.0,2595436.0,2325362.87
202108,Y59,SOUTH EAST,9,694352.0,479780300.5,9890799.62
202108,Y59,SOUTH EAST,10,316159.0,20495841.0,1786329.97
202108,Y59,SOUTH EAST,11,185025.0,3310935.5,2032254.61
202108,Y59,SOUTH EAST,12,118544.0,2254690.9,833876.3400000001
202108,Y59,SOUTH EAST,13,257447.0,43903670.0,2568611.85
202108,Y59,SOUTH EAST,14,11468.0,11529.0,156261.41
202108,Y59,SOUTH EAST,15,17963.0,1272553.0,261386.51
202108,Y59,SOUTH EAST,18,3.0,3000.0,525.0
202108,Y59,SOUTH EAST,19,10414.0,6723926.0,293497.48
202108,Y59,SOUTH EAST,20,37856.0,1784293.6,874103.5700000001
202108,Y59,SOUTH EAST,21,321334.0,60123949.5,6049483.99
202108,Y59,SOUTH EAST,22,31934.0,623955.0,764488.2
202108,Y59,SOUTH EAST,23,95464.0,9118440.1,5898650.68
202108,Y60,MIDLANDS,1,1625640.0,134622484.0,9040676.36
202108,Y60,MIDLANDS,2,5182206.0,187786230.0,25589155.82
202108,Y60,MIDLANDS,3,1149063.0,23672103.0,16531200.48
202108,Y60,MIDLANDS,4,3453849.0,258992449.4,25217224.2
202108,Y60,MIDLANDS,5,567319.0,20285426.0,3007662.89
202108,Y60,MIDLANDS,6,1835044.0,92343259.5,24347614.47
202108,Y60,MIDLANDS,7,472050.0,20855544.0,3471285.17
202108,Y60,MIDLANDS,8,64667.0,2548708.0,2490065.13
202108,Y60,MIDLANDS,9,937551.0,764726229.5,15562272.17
202108,Y60,MIDLANDS,10,473967.0,32418746.0,2222231.0700000003
202108,Y60,MIDLANDS,11,268573.0,4787391.5,2730707.68
202108,Y60,MIDLANDS,12,165055.0,4439889.2,1094206.43
202108,Y60,MIDLANDS,13,392348.0,73874438.5,3742529.7
202108,Y60,MIDLANDS,14,9511.0,9562.0,137125.38
202108,Y60,MIDLANDS,15,23893.0,351809.5,271168.34
202108,Y60,MIDLANDS,19,15138.0,9850403.0,429754.12
202108,Y60,MIDLANDS,20,131707.0,3136684.4,3685368.0
202108,Y60,MIDLANDS,21,553820.0,94227543.5,7791394.1
202108,Y60,MIDLANDS,22,25615.0,489887.0,641470.97
202108,Y60,MIDLANDS,23,101559.0,9801104.4,4938293.71
202108,Y61,EAST OF ENGLAND,1,954383.0,68441621.0,5572725.01
202108,Y61,EAST OF ENGLAND,2,3213259.0,109090458.0,15297230.14
202108,Y61,EAST OF ENGLAND,3,666966.0,13108775.0,9327270.38
202108,Y61,EAST OF ENGLAND,4,2013309.0,130966147.6,13780554.73
202108,Y61,EAST OF ENGLAND,5,349690.0,12367388.5,1913935.39
202108,Y61,EAST OF ENGLAND,6,1146725.0,54558444.0,13713488.02
202108,Y61,EAST OF ENGLAND,7,309393.0,13067928.5,2189216.1100000003
202108,Y61,EAST OF ENGLAND,8,52199.0,2145346.0,2021552.83
202108,Y61,EAST OF ENGLAND,9,487568.0,174005233.0,4617254.84
202108,Y61,EAST OF ENGLAND,10,274549.0,16377987.0,1537368.1
202108,Y61,EAST OF ENGLAND,11,150135.0,2384795.0,1531399.7
202108,Y61,EAST OF ENGLAND,12,93598.0,1676231.1,616857.95
202108,Y61,EAST OF ENGLAND,13,203698.0,31626605.44,1942725.57
202108,Y61,EAST OF ENGLAND,14,4058.0,4078.0,66071.45
202108,Y61,EAST OF ENGLAND,15,12447.0,179784.5,162242.87
202108,Y61,EAST OF ENGLAND,19,8511.0,5331479.0,244911.02
202108,Y61,EAST OF ENGLAND,20,34994.0,1054064.5,1228840.86
202108,Y61,EAST OF ENGLAND,21,309365.0,50839210.0,8657629.190000001
202108,Y61,EAST OF ENGLAND,22,50516.0,955360.0,1386548.92
202108,Y61,EAST OF ENGLAND,23,133982.0,10965934.7,9301939.16
202108,Y62,NORTH WEST,1,1273795.0,108072868.0,7206081.74
202108,Y62,NORTH WEST,2,3708201.0,131335869.0,17722063.97
202108,Y62,NORTH WEST,3,903066.0,18037432.0,12885626.01
202108,Y62,NORTH WEST,4,2780503.0,199897515.8,19109525.36
202108,Y62,NORTH WEST,5,405366.0,14524644.0,2225134.02
202108,Y62,NORTH WEST,6,1236876.0,59406729.5,16315666.4
202108,Y62,NORTH WEST,7,338120.0,13896168.0,2652804.55
202108,Y62,NORTH WEST,8,44001.0,1702097.0,1445995.49
202108,Y62,NORTH WEST,9,718357.0,373732008.5,7964916.34
202108,Y62,NORTH WEST,10,347977.0,24137893.5,1723731.02
202108,Y62,NORTH WEST,11,173899.0,2623441.5,1562037.59
202108,Y62,NORTH WEST,12,118870.0,3216544.6,851303.96
202108,Y62,NORTH WEST,13,308400.0,62848087.0,3098576.02
202108,Y62,NORTH WEST,14,9178.0,9249.0,113736.51
202108,Y62,NORTH WEST,15,19542.0,314280.0,333884.5
202108,Y62,NORTH WEST,18,4.0,2100.0,367.5
202108,Y62,NORTH WEST,19,12397.0,7289056.0,366863.32000000007
202108,Y62,NORTH WEST,20,155564.0,3584176.2,4380736.63
202108,Y62,NORTH WEST,21,380450.0,65582963.5,6123996.17
202108,Y62,NORTH WEST,22,31661.0,630331.0,770405.68
202108,Y62,NORTH WEST,23,91172.0,8668799.6,4010817.74
202108,Y63,NORTH EAST AND YORKSHIRE,1,1802597.0,139005932.0,9271451.01
202108,Y63,NORTH EAST AND YORKSHIRE,2,5477032.0,175766100.0,23344770.93
202108,Y63,NORTH EAST AND YORKSHIRE,3,1193107.0,23114048.0,17121740.04
202108,Y63,NORTH EAST AND YORKSHIRE,4,3740477.0,257770121.2,23279323.85
202108,Y63,NORTH EAST AND YORKSHIRE,5,500235.0,17492916.0,2848838.12
202108,Y63,NORTH EAST AND YORKSHIRE,6,1814590.0,81573240.0,21272331.0
202108,Y63,NORTH EAST AND YORKSHIRE,7,481382.0,19726912.0,3414186.36
202108,Y63,NORTH EAST AND YORKSHIRE,8,70699.0,2871632.0,2537936.9000000004
202108,Y63,NORTH EAST AND YORKSHIRE,9,989864.0,316949850.0,8545780.94
202108,Y63,NORTH EAST AND YORKSHIRE,10,509343.0,33024176.0,2317888.6
202108,Y63,NORTH EAST AND YORKSHIRE,11,226659.0,3312305.0,2020500.11
202108,Y63,NORTH EAST AND YORKSHIRE,12,149700.0,3499838.0,981131.42
202108,Y63,NORTH EAST AND YORKSHIRE,13,359663.0,65874390.0,3517482.75
202108,Y63,NORTH EAST AND YORKSHIRE,14,5021.0,5059.0,83729.87
202108,Y63,NORTH EAST AND YORKSHIRE,15,17173.0,2072592.5,260682.03
202108,Y63,NORTH EAST AND YORKSHIRE,19,14137.0,8178372.0,335493.65
202108,Y63,NORTH EAST AND YORKSHIRE,20,50691.0,1477523.9,1509107.16
202108,Y63,NORTH EAST AND YORKSHIRE,21,425586.0,75752620.0,6228450.82
202108,Y63,NORTH EAST AND YORKSHIRE,22,12723.0,240922.0,323191.09
202108,Y63,NORTH EAST AND YORKSHIRE,23,65372.0,6471171.5,3365863.68
202109,Y56,LONDON,1,1077342.0,81680294.0,6561378.609999999
202109,Y56,LONDON,2,3564552.0,125315036.0,15497549.11
202109,Y56,LONDON,3,740462.0,17406465.0,10619426.36
202109,Y56,LONDON,4,2071260.0,131146440.6,15304274.28
202109,Y56,LONDON,5,416488.0,16314057.0,2162443.27
202109,Y56,LONDON,6,1476019.0,79942545.0,20020765.62
202109,Y56,LONDON,7,333739.0,14364321.0,2533040.92
202109,Y56,LONDON,8,45273.0,2056324.0,1465469.8
202109,Y56,LONDON,9,775603.0,276819879.5,6600006.49
202109,Y56,LONDON,10,299618.0,20467689.0,1483924.89
202109,Y56,LONDON,11,180966.0,3654007.0,2170395.19
202109,Y56,LONDON,12,121561.0,4273191.0,871632.6200000001
202109,Y56,LONDON,13,339104.0,64019762.0,3314448.83
202109,Y56,LONDON,14,181701.0,181791.0,1968167.7
202109,Y56,LONDON,15,11241.0,261837.0,279411.22
202109,Y56,LONDON,18,1.0,1000.0,175.0
202109,Y56,LONDON,19,11131.0,9670220.0,233916.1
202109,Y56,LONDON,20,49696.0,1380440.9,1308547.17
202109,Y56,LONDON,21,385288.0,84984953.0,4735952.59
202109,Y56,LONDON,22,17558.0,325562.0,431503.84
202109,Y56,LONDON,23,37373.0,4315213.4,1418675.57
202109,Y58,SOUTH WEST,1,887667.0,65060390.0,4876849.22
202109,Y58,SOUTH WEST,2,2768196.0,99741464.0,14871581.55
202109,Y58,SOUTH WEST,3,562856.0,10734298.0,8792318.67
202109,Y58,SOUTH WEST,4,1883365.0,133178949.8,12767411.32
202109,Y58,SOUTH WEST,5,296800.0,10178121.5,1667763.05
202109,Y58,SOUTH WEST,6,961071.0,47017736.0,12060663.29
202109,Y58,SOUTH WEST,7,283587.0,12324992.0,2250190.18
202109,Y58,SOUTH WEST,8,40506.0,1642296.0,1628767.28
202109,Y58,SOUTH WEST,9,489227.0,162041336.5,3877582.57
202109,Y58,SOUTH WEST,10,259483.0,15878420.0,1414592.51
202109,Y58,SOUTH WEST,11,138186.0,2087370.0,1280538.15
202109,Y58,SOUTH WEST,12,81495.0,1700668.2000000002,523786.43
202109,Y58,SOUTH WEST,13,187814.0,30409714.5,1734775.2799999998
202109,Y58,SOUTH WEST,14,232045.0,232086.0,2558456.36
202109,Y58,SOUTH WEST,15,17000.0,194750.0,177819.29
202109,Y58,SOUTH WEST,18,4.0,400.0,70.0
202109,Y58,SOUTH WEST,19,7477.0,3712871.0,167357.15
202109,Y58,SOUTH WEST,20,39061.0,697171.0,711700.79
202109,Y58,SOUTH WEST,21,258078.0,47469125.5,4983613.59
202109,Y58,SOUTH WEST,22,27455.0,468345.0,650034.8
202109,Y58,SOUTH WEST,23,46269.0,3986193.2,1804881.1
202109,Y59,SOUTH EAST,1,1133829.0,88951442.0,7312294.58
202109,Y59,SOUTH EAST,2,3571054.0,142118763.0,20666908.61
202109,Y59,SOUTH EAST,3,783632.0,16505652.0,12554296.31
202109,Y59,SOUTH EAST,4,2418920.0,168664476.0,19282252.1
202109,Y59,SOUTH EAST,5,471424.0,17731459.0,2603367.67
202109,Y59,SOUTH EAST,6,1316665.0,71055007.0,19589818.3
202109,Y59,SOUTH EAST,7,375162.0,17621227.0,3325526.22
202109,Y59,SOUTH EAST,8,60933.0,2731936.0,2475958.47
202109,Y59,SOUTH EAST,9,719389.0,500485466.0,10334335.03
202109,Y59,SOUTH EAST,10,330803.0,21504206.0,1851248.15
202109,Y59,SOUTH EAST,11,187573.0,3332408.0,2049550.67
202109,Y59,SOUTH EAST,12,123613.0,2366856.4,856084.0
202109,Y59,SOUTH EAST,13,274598.0,46000659.0,2766979.42
202109,Y59,SOUTH EAST,14,344121.0,344189.0,3722994.6
202109,Y59,SOUTH EAST,15,18673.0,976919.5,262124.89
202109,Y59,SOUTH EAST,18,1.0,1000.0,175.0
202109,Y59,SOUTH EAST,19,12336.0,6997479.0,320776.4
202109,Y59,SOUTH EAST,20,38399.0,1839174.8,877939.1699999999
202109,Y59,SOUTH EAST,21,348965.0,64324453.5,6693815.09
202109,Y59,SOUTH EAST,22,40989.0,794533.0,975016.43
202109,Y59,SOUTH EAST,23,95667.0,9229687.7,5578156.07
202109,Y60,MIDLANDS,1,1711534.0,141728941.0,9535433.46
202109,Y60,MIDLANDS,2,5416047.0,196656586.0,26794659.08
202109,Y60,MIDLANDS,3,1237311.0,25052935.0,17732530.22
202109,Y60,MIDLANDS,4,3634117.0,270862518.4,26415294.6
202109,Y60,MIDLANDS,5,644760.0,24223984.5,3283879.57
202109,Y60,MIDLANDS,6,1934273.0,97239304.0,26075920.44
202109,Y60,MIDLANDS,7,498479.0,22247886.0,3758278.92
202109,Y60,MIDLANDS,8,67385.0,2648995.0,2622725.29
202109,Y60,MIDLANDS,9,976173.0,834057794.5,16935003.55
202109,Y60,MIDLANDS,10,502675.0,34540230.0,2399727.92
202109,Y60,MIDLANDS,11,276262.0,4947027.0,2851996.07
202109,Y60,MIDLANDS,12,175656.0,4749008.0,1145952.17
202109,Y60,MIDLANDS,13,422850.0,78638852.0,4006077.09
202109,Y60,MIDLANDS,14,330291.0,330375.0,3623284.8
202109,Y60,MIDLANDS,15,24662.0,28368766.5,279562.19
202109,Y60,MIDLANDS,18,2.0,2900.0,507.5
202109,Y60,MIDLANDS,19,18499.0,10456469.0,462880.78
202109,Y60,MIDLANDS,20,128360.0,3217103.4,3792542.78
202109,Y60,MIDLANDS,21,594764.0,100067722.0,8403258.82
202109,Y60,MIDLANDS,22,26131.0,505736.0,660861.04
202109,Y60,MIDLANDS,23,107705.0,10376401.3,5421977.44
202109,Y61,EAST OF ENGLAND,1,996318.0,71367275.0,5792280.47
202109,Y61,EAST OF ENGLAND,2,3329675.0,113173788.0,15907753.54
202109,Y61,EAST OF ENGLAND,3,704623.0,13550115.0,9906705.31
202109,Y61,EAST OF ENGLAND,4,2095431.0,136140923.2,14406056.31
202109,Y61,EAST OF ENGLAND,5,390326.0,14375907.5,2015939.44
202109,Y61,EAST OF ENGLAND,6,1193407.0,56729362.5,14464894.9
202109,Y61,EAST OF ENGLAND,7,323051.0,13654273.5,2349996.15
202109,Y61,EAST OF ENGLAND,8,53725.0,2198891.0,2172413.21
202109,Y61,EAST OF ENGLAND,9,503291.0,176443879.5,4687123.279999999
202109,Y61,EAST OF ENGLAND,10,286783.0,17116240.0,1616709.25
202109,Y61,EAST OF ENGLAND,11,152142.0,2408306.0,1557458.7
202109,Y61,EAST OF ENGLAND,12,97814.0,1760793.5,635982.05
202109,Y61,EAST OF ENGLAND,13,213538.0,32455705.94,2327817.41
202109,Y61,EAST OF ENGLAND,14,278700.0,279466.0,3112959.93
202109,Y61,EAST OF ENGLAND,15,13042.0,179741.0,162656.99
202109,Y61,EAST OF ENGLAND,18,4.0,1500.0,262.5
202109,Y61,EAST OF ENGLAND,19,9635.0,5910328.0,269380.73
202109,Y61,EAST OF ENGLAND,20,38492.0,1141901.5,1317608.5
202109,Y61,EAST OF ENGLAND,21,330375.0,54406605.5,9591601.73
202109,Y61,EAST OF ENGLAND,22,55630.0,1054914.0,1527831.2200000002
202109,Y61,EAST OF ENGLAND,23,148522.0,12149709.1,10390438.7
202109,Y62,NORTH WEST,1,1341673.0,114221558.0,7612897.18
202109,Y62,NORTH WEST,2,3891464.0,138204762.0,18657822.92
202109,Y62,NORTH WEST,3,977069.0,19078337.0,13821360.739999998
202109,Y62,NORTH WEST,4,2928126.0,210188369.0,20232668.42
202109,Y62,NORTH WEST,5,465536.0,17187279.5,2419671.4
202109,Y62,NORTH WEST,6,1304879.0,62646115.0,17295304.18
202109,Y62,NORTH WEST,7,355880.0,14747003.0,2806919.45
202109,Y62,NORTH WEST,8,46236.0,1801042.0,1541216.74
202109,Y62,NORTH WEST,9,749243.0,401688643.5,8556344.44
202109,Y62,NORTH WEST,10,367036.0,25570469.0,1831716.69
202109,Y62,NORTH WEST,11,180128.0,2743864.0,1648957.38
202109,Y62,NORTH WEST,12,127425.0,3401906.1,895400.8999999999
202109,Y62,NORTH WEST,13,331725.0,66316600.5,3315762.89
202109,Y62,NORTH WEST,14,252613.0,252680.0,2711456.16
202109,Y62,NORTH WEST,15,20276.0,375101.5,352020.28
202109,Y62,NORTH WEST,18,1.0,1000.0,175.0
202109,Y62,NORTH WEST,19,15297.0,7660330.0,377824.67
202109,Y62,NORTH WEST,20,147599.0,3451348.9,4217205.25
202109,Y62,NORTH WEST,21,405023.0,69166259.0,6471742.23
202109,Y62,NORTH WEST,22,31786.0,635970.0,774805.2999999999
202109,Y62,NORTH WEST,23,92931.0,8854266.6,4158578.22
202109,Y63,NORTH EAST AND YORKSHIRE,1,1877726.0,145303662.0,9805853.71
202109,Y63,NORTH EAST AND YORKSHIRE,2,5677069.0,183535259.0,24289135.15
202109,Y63,NORTH EAST AND YORKSHIRE,3,1264650.0,23914194.0,18228896.71
202109,Y63,NORTH EAST AND YORKSHIRE,4,3884319.0,267869288.0,24276638.08
202109,Y63,NORTH EAST AND YORKSHIRE,5,558125.0,20054181.0,3036104.64
202109,Y63,NORTH EAST AND YORKSHIRE,6,1891782.0,85444801.0,22382165.9
202109,Y63,NORTH EAST AND YORKSHIRE,7,505776.0,20966864.0,3615176.26
202109,Y63,NORTH EAST AND YORKSHIRE,8,72718.0,2973638.0,2603990.06
202109,Y63,NORTH EAST AND YORKSHIRE,9,1010279.0,328489277.0,8703720.629999999
202109,Y63,NORTH EAST AND YORKSHIRE,10,532754.0,34722600.0,2458746.4
202109,Y63,NORTH EAST AND YORKSHIRE,11,233717.0,3392978.0,2086344.16
202109,Y63,NORTH EAST AND YORKSHIRE,12,157373.0,3722885.3,1017311.57
202109,Y63,NORTH EAST AND YORKSHIRE,13,380936.0,68461723.0,3745348.55
202109,Y63,NORTH EAST AND YORKSHIRE,14,355745.0,355818.0,3895078.02
202109,Y63,NORTH EAST AND YORKSHIRE,15,18222.0,8687101.0,274666.84
202109,Y63,NORTH EAST AND YORKSHIRE,19,16026.0,8246863.0,351614.00999999995
202109,Y63,NORTH EAST AND YORKSHIRE,20,54417.0,1543455.9,1629193.36
202109,Y63,NORTH EAST AND YORKSHIRE,21,451597.0,79939241.0,6488313.890000001
202109,Y63,NORTH EAST AND YORKSHIRE,22,12849.0,243451.0,322481.42
202109,Y63,NORTH EAST AND YORKSHIRE,23,62796.0,6315835.7,3065620.95
202110,Y56,LONDON,1,1037114.0,77729382.0,6223896.07
202110,Y56,LONDON,2,3454152.0,120583726.0,14560475.32
202110,Y56,LONDON,3,716967.0,16157771.0,10035919.92
202110,Y56,LONDON,4,2000110.0,126147712.8,14295138.92
202110,Y56,LONDON,5,453081.0,19469351.0,2117812.49
202110,Y56,LONDON,6,1436271.0,76998614.0,19198032.22
202110,Y56,LONDON,7,321722.0,13610977.0,2407087.33
202110,Y56,LONDON,8,43181.0,1933769.0,1366945.87
202110,Y56,LONDON,9,753685.0,266196255.5,6368068.21
202110,Y56,LONDON,10,287754.0,19716418.0,1358721.93
202110,Y56,LONDON,11,174737.0,3499818.5,2054065.92
202110,Y56,LONDON,12,117370.0,4209616.1,809844.72
202110,Y56,LONDON,13,321159.0,60275699.41,3108543.44
202110,Y56,LONDON,14,357784.0,357862.0,3789852.35
202110,Y56,LONDON,15,11050.0,249217.5,257044.36
202110,Y56,LONDON,18,3.0,1200.0,210.0
202110,Y56,LONDON,19,10567.0,9349895.0,220967.61
202110,Y56,LONDON,20,45777.0,1299856.0,1240721.44
202110,Y56,LONDON,21,373287.0,80276944.5,4533499.82
202110,Y56,LONDON,22,12381.0,233411.0,324286.1
202110,Y56,LONDON,23,33670.0,3910837.7,1263595.9
202110,Y58,SOUTH WEST,1,844826.0,61277635.0,4600499.62
202110,Y58,SOUTH WEST,2,2629168.0,94417694.0,13935675.33
202110,Y58,SOUTH WEST,3,541788.0,9882752.0,8394471.6
202110,Y58,SOUTH WEST,4,1793892.0,127281563.2,11741972.51
202110,Y58,SOUTH WEST,5,310192.0,10950955.5,1572828.37
202110,Y58,SOUTH WEST,6,921757.0,44926780.0,11364342.81
202110,Y58,SOUTH WEST,7,268960.0,11510199.0,2134592.76
202110,Y58,SOUTH WEST,8,38780.0,1546248.0,1559274.0799999998
202110,Y58,SOUTH WEST,9,467420.0,152977304.0,3650032.54
202110,Y58,SOUTH WEST,10,245048.0,14942811.0,1254127.25
202110,Y58,SOUTH WEST,11,131102.0,1966198.0,1178896.0
202110,Y58,SOUTH WEST,12,77161.0,1658374.9,478536.39
202110,Y58,SOUTH WEST,13,175789.0,27802979.5,1625229.17
202110,Y58,SOUTH WEST,14,591428.0,591465.0,6451652.930000001
202110,Y58,SOUTH WEST,15,17611.0,188500.0,174726.33
202110,Y58,SOUTH WEST,18,2.0,1100.0,192.5
202110,Y58,SOUTH WEST,19,6871.0,3402383.0,153905.96
202110,Y58,SOUTH WEST,20,34898.0,640947.0,648661.89
202110,Y58,SOUTH WEST,21,245721.0,43967075.0,4788632.01
202110,Y58,SOUTH WEST,22,25611.0,439978.0,604886.31
202110,Y58,SOUTH WEST,23,42681.0,3652151.8,1688255.11
202110,Y59,SOUTH EAST,1,1089771.0,85407968.0,7006327.57
202110,Y59,SOUTH EAST,2,3426777.0,136241392.0,19506096.18
202110,Y59,SOUTH EAST,3,759793.0,15133556.0,12002594.7
202110,Y59,SOUTH EAST,4,2329985.0,161991658.8,17857469.91
202110,Y59,SOUTH EAST,5,504312.0,19984410.0,2460613.12
202110,Y59,SOUTH EAST,6,1276716.0,68569599.0,18696520.15
202110,Y59,SOUTH EAST,7,357407.0,16604455.0,3126969.12
202110,Y59,SOUTH EAST,8,58510.0,2622341.0,2320286.23
202110,Y59,SOUTH EAST,9,690852.0,470448991.0,9804738.24
202110,Y59,SOUTH EAST,10,315959.0,20511442.0,1688138.89
202110,Y59,SOUTH EAST,11,182598.0,3236631.0,1963038.07
202110,Y59,SOUTH EAST,12,118639.0,2271624.5,792860.29
202110,Y59,SOUTH EAST,13,260326.0,43064098.0,2610891.98
202110,Y59,SOUTH EAST,14,758760.0,758828.0,8121540.7
202110,Y59,SOUTH EAST,15,19068.0,271964.0,260921.26
202110,Y59,SOUTH EAST,18,5.0,4100.0,717.5
202110,Y59,SOUTH EAST,19,11277.0,7323632.0,291536.36
202110,Y59,SOUTH EAST,20,35502.0,1554888.2000000002,825457.65
202110,Y59,SOUTH EAST,21,332170.0,59937326.0,6030565.85
202110,Y59,SOUTH EAST,22,31454.0,613061.0,748026.78
202110,Y59,SOUTH EAST,23,84520.0,8132669.3,4868716.3
202110,Y60,MIDLANDS,1,1628825.0,133824862.0,8981141.309999999
202110,Y60,MIDLANDS,2,5151905.0,187056213.0,25122029.09
202110,Y60,MIDLANDS,3,1178051.0,23024651.0,16738053.65
202110,Y60,MIDLANDS,4,3466647.0,259022546.4,24329924.05
202110,Y60,MIDLANDS,5,678292.0,26904624.5,3118863.79
202110,Y60,MIDLANDS,6,1854763.0,92928268.5,24536766.16
202110,Y60,MIDLANDS,7,473586.0,20967143.0,3514778.77
202110,Y60,MIDLANDS,8,63953.0,2513868.0,2449899.96
202110,Y60,MIDLANDS,9,928130.0,766474875.5,15553368.47
202110,Y60,MIDLANDS,10,474300.0,32648656.0,2118050.76
202110,Y60,MIDLANDS,11,264686.0,4712347.0,2689068.01
202110,Y60,MIDLANDS,12,167465.0,4587046.8,1059255.68
202110,Y60,MIDLANDS,13,392624.0,72406183.0,3727169.56
202110,Y60,MIDLANDS,14,937546.0,937646.0,10154983.04
202110,Y60,MIDLANDS,15,24303.0,350853.5,271085.87
202110,Y60,MIDLANDS,19,16910.0,9599221.0,427327.79
202110,Y60,MIDLANDS,20,123525.0,3008245.0,3583876.05
202110,Y60,MIDLANDS,21,567823.0,93542370.0,7978768.67
202110,Y60,MIDLANDS,22,24136.0,461759.0,620807.86
202110,Y60,MIDLANDS,23,100453.0,9623488.7,5043241.050000001
202110,Y61,EAST OF ENGLAND,1,957457.0,68390948.0,5589784.649999999
202110,Y61,EAST OF ENGLAND,2,3201105.0,108740426.0,15035289.57
202110,Y61,EAST OF ENGLAND,3,680574.0,12589897.0,9445496.36
202110,Y61,EAST OF ENGLAND,4,2020411.0,131109276.6,13472944.18
202110,Y61,EAST OF ENGLAND,5,421010.0,16579062.0,1957974.06
202110,Y61,EAST OF ENGLAND,6,1160901.0,55065933.0,13857545.79
202110,Y61,EAST OF ENGLAND,7,309514.0,12981206.5,2235977.43
202110,Y61,EAST OF ENGLAND,8,52005.0,2118080.0,2035883.14
202110,Y61,EAST OF ENGLAND,9,486004.0,170961767.5,4510154.6
202110,Y61,EAST OF ENGLAND,10,273453.0,16407248.0,1482196.08
202110,Y61,EAST OF ENGLAND,11,147744.0,2333966.5,1484521.6
202110,Y61,EAST OF ENGLAND,12,92964.0,1671661.6,586376.33
202110,Y61,EAST OF ENGLAND,13,202724.0,30849686.5,2043147.07
202110,Y61,EAST OF ENGLAND,14,575894.0,575940.0,6343155.65
202110,Y61,EAST OF ENGLAND,15,13061.0,189524.0,170139.82
202110,Y61,EAST OF ENGLAND,18,3.0,1600.0,280.0
202110,Y61,EAST OF ENGLAND,19,8776.0,5186779.0,235191.59
202110,Y61,EAST OF ENGLAND,20,36349.0,1094954.0,1284922.86
202110,Y61,EAST OF ENGLAND,21,322064.0,51568694.5,9360041.11
202110,Y61,EAST OF ENGLAND,22,55397.0,1053663.0,1528899.28
202110,Y61,EAST OF ENGLAND,23,147535.0,11988654.9,10461832.57
202110,Y62,NORTH WEST,1,1281067.0,108734264.0,7214066.54
202110,Y62,NORTH WEST,2,3699665.0,131126622.0,17371889.77
202110,Y62,NORTH WEST,3,939410.0,17844713.0,13156057.46
202110,Y62,NORTH WEST,4,2804271.0,201443110.2,18659608.13
202110,Y62,NORTH WEST,5,497378.0,19615191.0,2311996.2
202110,Y62,NORTH WEST,6,1258257.0,60121557.0,16451917.46
202110,Y62,NORTH WEST,7,339917.0,14006632.0,2674352.98
202110,Y62,NORTH WEST,8,44276.0,1699036.0,1485232.97
202110,Y62,NORTH WEST,9,721976.0,389826025.0,8337342.29
202110,Y62,NORTH WEST,10,348660.0,24321460.0,1655949.05
202110,Y62,NORTH WEST,11,173503.0,2622339.5,1547733.94
202110,Y62,NORTH WEST,12,123630.0,3490086.6,833725.44
202110,Y62,NORTH WEST,13,314115.0,62139875.5,3132214.55
202110,Y62,NORTH WEST,14,552446.0,552984.0,5907678.88
202110,Y62,NORTH WEST,15,22565.0,333969.0,342825.74
202110,Y62,NORTH WEST,18,2.0,2000.0,350.0
202110,Y62,NORTH WEST,19,14222.0,7301258.0,343887.2
202110,Y62,NORTH WEST,20,148046.0,3387983.0,4237482.220000001
202110,Y62,NORTH WEST,21,392320.0,65879849.5,6284196.82
202110,Y62,NORTH WEST,22,30642.0,618092.0,746962.19
202110,Y62,NORTH WEST,23,88222.0,8375775.199999999,3918612.61
202110,Y63,NORTH EAST AND YORKSHIRE,1,1799956.0,138630653.0,9265074.96
202110,Y63,NORTH EAST AND YORKSHIRE,2,5437396.0,174578666.0,22758701.78
202110,Y63,NORTH EAST AND YORKSHIRE,3,1211267.0,22069447.0,17271146.96
202110,Y63,NORTH EAST AND YORKSHIRE,4,3733536.0,256847259.0,22298661.58
202110,Y63,NORTH EAST AND YORKSHIRE,5,587523.0,22143257.5,2894872.1
202110,Y63,NORTH EAST AND YORKSHIRE,6,1826502.0,81856175.0,21186354.32
202110,Y63,NORTH EAST AND YORKSHIRE,7,482479.0,19821850.0,3426661.61
202110,Y63,NORTH EAST AND YORKSHIRE,8,69675.0,2813298.0,2457907.24
202110,Y63,NORTH EAST AND YORKSHIRE,9,978979.0,314533356.5,8340396.35
202110,Y63,NORTH EAST AND YORKSHIRE,10,506378.0,32973529.0,2192845.53
202110,Y63,NORTH EAST AND YORKSHIRE,11,223285.0,3219664.5,1953604.89
202110,Y63,NORTH EAST AND YORKSHIRE,12,150866.0,3656810.9,923355.92
202110,Y63,NORTH EAST AND YORKSHIRE,13,359294.0,63660427.5,3502352.56
202110,Y63,NORTH EAST AND YORKSHIRE,14,766123.0,766186.0,8325858.939999999
202110,Y63,NORTH EAST AND YORKSHIRE,15,18114.0,8472108.5,264884.35
202110,Y63,NORTH EAST AND YORKSHIRE,19,15257.0,7825529.0,328588.19
202110,Y63,NORTH EAST AND YORKSHIRE,20,49365.0,1409126.2,1502517.51
202110,Y63,NORTH EAST AND YORKSHIRE,21,434543.0,75601239.0,6089910.66
202110,Y63,NORTH EAST AND YORKSHIRE,22,11564.0,222414.0,296503.73
202110,Y63,NORTH EAST AND YORKSHIRE,23,60373.0,6035083.0,2988789.48
202111,Y56,LONDON,1,1086060.0,81720338.0,6566651.6
202111,Y56,LONDON,2,3601089.0,126346919.0,15343416.47
202111,Y56,LONDON,3,743238.0,16597807.0,10432319.67
202111,Y56,LONDON,4,2087038.0,131696302.4,14989420.510000002
202111,Y56,LONDON,5,465403.0,19252930.0,2188874.44
202111,Y56,LONDON,6,1504388.0,80966415.0,20243062.47
202111,Y56,LONDON,7,338750.0,14414018.0,2542572.09
202111,Y56,LONDON,8,44942.0,2019405.0,1423283.03
202111,Y56,LONDON,9,787778.0,281338887.5,6720765.1
202111,Y56,LONDON,10,298787.0,20436628.0,1410185.46
202111,Y56,LONDON,11,186004.0,3666998.0,2193091.23
202111,Y56,LONDON,12,123955.0,4359258.8,850346.19
202111,Y56,LONDON,13,341967.0,64418146.0,3293429.12
202111,Y56,LONDON,14,242672.0,242775.0,2551106.86
202111,Y56,LONDON,15,11787.0,270386.5,277841.03
202111,Y56,LONDON,18,3.0,1200.0,210.0
202111,Y56,LONDON,19,9816.0,9723481.0,241597.02
202111,Y56,LONDON,20,47176.0,1321662.6,1224527.54
202111,Y56,LONDON,21,395975.0,86556011.5,4862575.15
202111,Y56,LONDON,22,17376.0,320549.0,422524.87
202111,Y56,LONDON,23,35937.0,4165957.2,1330331.64
202111,Y58,SOUTH WEST,1,891127.0,64966958.0,4898363.52
202111,Y58,SOUTH WEST,2,2782389.0,100290804.0,14792925.16
202111,Y58,SOUTH WEST,3,572328.0,10373768.0,8851480.1
202111,Y58,SOUTH WEST,4,1891868.0,133759977.2,12451694.14
202111,Y58,SOUTH WEST,5,326095.0,11477590.5,1691164.92
202111,Y58,SOUTH WEST,6,977205.0,47718897.5,12128067.36
202111,Y58,SOUTH WEST,7,284648.0,12254840.0,2246864.95
202111,Y58,SOUTH WEST,8,40159.0,1633555.0,1508846.47
202111,Y58,SOUTH WEST,9,495860.0,157416048.5,3853650.17
202111,Y58,SOUTH WEST,10,257493.0,15708271.0,1338638.06
202111,Y58,SOUTH WEST,11,139434.0,2070151.0,1260995.78
202111,Y58,SOUTH WEST,12,81858.0,1745962.4,507931.5
202111,Y58,SOUTH WEST,13,190051.0,30056202.91,1737921.6
202111,Y58,SOUTH WEST,14,388145.0,388204.0,4218638.109999999
202111,Y58,SOUTH WEST,15,18854.0,206745.0,181426.14
202111,Y58,SOUTH WEST,19,6625.0,3482757.0,172643.46
202111,Y58,SOUTH WEST,20,36255.0,647924.2,681425.67
202111,Y58,SOUTH WEST,21,265117.0,47864905.5,5099570.65
202111,Y58,SOUTH WEST,22,29429.0,511364.0,696717.9
202111,Y58,SOUTH WEST,23,44942.0,3855779.8,1767076.8
202111,Y59,SOUTH EAST,1,1127440.0,88205396.0,7276692.640000001
202111,Y59,SOUTH EAST,2,3562329.0,142303922.0,20426653.12
202111,Y59,SOUTH EAST,3,784639.0,15645652.0,12436776.79
202111,Y59,SOUTH EAST,4,2411553.0,168010098.8,18755368.53
202111,Y59,SOUTH EAST,5,519422.0,20064004.5,2575397.75
202111,Y59,SOUTH EAST,6,1328495.0,71679150.5,19484549.82
202111,Y59,SOUTH EAST,7,372662.0,17281354.0,3297140.08
202111,Y59,SOUTH EAST,8,60107.0,2689979.0,2389253.53
202111,Y59,SOUTH EAST,9,722310.0,488938011.5,10203029.39
202111,Y59,SOUTH EAST,10,324504.0,21144015.0,1745019.85
202111,Y59,SOUTH EAST,11,192205.0,3377754.5,2075285.67
202111,Y59,SOUTH EAST,12,124528.0,2386400.9,831233.76
202111,Y59,SOUTH EAST,13,276519.0,45701090.5,2783604.13
202111,Y59,SOUTH EAST,14,443984.0,444118.0,4793598.779999999
202111,Y59,SOUTH EAST,15,20462.0,285247.0,271666.59
202111,Y59,SOUTH EAST,18,3.0,2100.0,367.5
202111,Y59,SOUTH EAST,19,10460.0,8080681.0,347225.82
202111,Y59,SOUTH EAST,20,37294.0,1807631.7,848438.9
202111,Y59,SOUTH EAST,21,351895.0,64267351.5,6441298.300000001
202111,Y59,SOUTH EAST,22,33677.0,660971.0,807698.78
202111,Y59,SOUTH EAST,23,91785.0,8839528.3,5514510.44
202111,Y60,MIDLANDS,1,1692229.0,139730086.0,9501161.75
202111,Y60,MIDLANDS,2,5358934.0,194719900.0,26175633.19
202111,Y60,MIDLANDS,3,1218275.0,23750993.0,17329440.369999997
202111,Y60,MIDLANDS,4,3596523.0,268841572.2,25373582.41
202111,Y60,MIDLANDS,5,696679.0,27039165.5,3222944.29
202111,Y60,MIDLANDS,6,1933643.0,96975252.0,25814208.08
202111,Y60,MIDLANDS,7,493773.0,21962959.0,3692660.62
202111,Y60,MIDLANDS,8,66132.0,2592768.0,2505842.59
202111,Y60,MIDLANDS,9,970223.0,813642531.0,16672413.46
202111,Y60,MIDLANDS,10,489510.0,33609836.0,2244269.44
202111,Y60,MIDLANDS,11,279236.0,4916548.0,2840420.14
202111,Y60,MIDLANDS,12,174285.0,4749243.8,1092307.91
202111,Y60,MIDLANDS,13,415788.0,76950441.5,3914515.03
202111,Y60,MIDLANDS,14,569791.0,570177.0,6207008.91
202111,Y60,MIDLANDS,15,25764.0,375733.0,282816.43
202111,Y60,MIDLANDS,19,15467.0,9884051.0,448285.6
202111,Y60,MIDLANDS,20,124161.0,3050915.9,3644389.89
202111,Y60,MIDLANDS,21,596196.0,100179389.0,8263797.390000001
202111,Y60,MIDLANDS,22,24930.0,481305.0,633249.08
202111,Y60,MIDLANDS,23,105668.0,10133019.1,5496640.04
202111,Y61,EAST OF ENGLAND,1,989678.0,70932213.0,5790076.0
202111,Y61,EAST OF ENGLAND,2,3310094.0,112753719.0,15654141.48
202111,Y61,EAST OF ENGLAND,3,698564.0,12894983.0,9718469.79
202111,Y61,EAST OF ENGLAND,4,2080321.0,135314929.0,13943762.82
202111,Y61,EAST OF ENGLAND,5,427865.0,16420371.0,2007711.64
202111,Y61,EAST OF ENGLAND,6,1201427.0,56970237.0,14424721.080000002
202111,Y61,EAST OF ENGLAND,7,320431.0,13363020.0,2330676.42
202111,Y61,EAST OF ENGLAND,8,53193.0,2169575.0,2027819.54
202111,Y61,EAST OF ENGLAND,9,504529.0,179071233.5,4769991.0
202111,Y61,EAST OF ENGLAND,10,280550.0,16772544.0,1524054.44
202111,Y61,EAST OF ENGLAND,11,155471.0,2400623.5,1563198.39
202111,Y61,EAST OF ENGLAND,12,96443.0,1804680.5,609269.6900000001
202111,Y61,EAST OF ENGLAND,13,212250.0,32446607.0,2062276.04
202111,Y61,EAST OF ENGLAND,14,309831.0,309861.0,3360324.41
202111,Y61,EAST OF ENGLAND,15,13881.0,192430.0,169720.9
202111,Y61,EAST OF ENGLAND,18,1.0,500.0,87.5
202111,Y61,EAST OF ENGLAND,19,8783.0,5671305.0,271255.11
202111,Y61,EAST OF ENGLAND,20,35882.0,1064036.5,1293358.28
202111,Y61,EAST OF ENGLAND,21,328916.0,53556013.0,8844178.02
202111,Y61,EAST OF ENGLAND,22,48436.0,927728.0,1333076.1
202111,Y61,EAST OF ENGLAND,23,133583.0,10952050.4,9252434.5
202111,Y62,NORTH WEST,1,1320926.0,112251844.0,7588468.02
202111,Y62,NORTH WEST,2,3833319.0,136285029.0,18111053.24
202111,Y62,NORTH WEST,3,968482.0,18399711.0,13564431.49
202111,Y62,NORTH WEST,4,2893035.0,207062384.8,19451843.9
202111,Y62,NORTH WEST,5,516420.0,20184468.0,2399672.63
202111,Y62,NORTH WEST,6,1305152.0,62386693.0,17174512.11
202111,Y62,NORTH WEST,7,351858.0,14657553.0,2771719.2
202111,Y62,NORTH WEST,8,45120.0,1748923.0,1440484.85
202111,Y62,NORTH WEST,9,743398.0,392529699.0,8562837.56
202111,Y62,NORTH WEST,10,358262.0,25068893.0,1704256.94
202111,Y62,NORTH WEST,11,180320.0,2691401.0,1627487.9300000002
202111,Y62,NORTH WEST,12,128856.0,3496745.1,863000.82
202111,Y62,NORTH WEST,13,329952.0,65668142.0,3298588.57
202111,Y62,NORTH WEST,14,309203.0,309442.0,3302600.93
202111,Y62,NORTH WEST,15,21150.0,327081.5,345740.39
202111,Y62,NORTH WEST,18,1.0,1000.0,175.0
202111,Y62,NORTH WEST,19,12465.0,7221307.0,341718.54
202111,Y62,NORTH WEST,20,167992.0,3851938.7,4827832.48
202111,Y62,NORTH WEST,21,419656.0,69705520.0,6923472.02
202111,Y62,NORTH WEST,22,36774.0,737037.0,899624.99
202111,Y62,NORTH WEST,23,95999.0,9117987.7,4489213.34
202111,Y63,NORTH EAST AND YORKSHIRE,1,1858380.0,143491766.0,9660129.05
202111,Y63,NORTH EAST AND YORKSHIRE,2,5629736.0,181299489.0,23724226.380000003
202111,Y63,NORTH EAST AND YORKSHIRE,3,1247381.0,22691124.0,17824400.93
202111,Y63,NORTH EAST AND YORKSHIRE,4,3857448.0,264534979.6,23241701.55
202111,Y63,NORTH EAST AND YORKSHIRE,5,610532.0,23003764.5,3047755.49
202111,Y63,NORTH EAST AND YORKSHIRE,6,1895374.0,84928051.5,22082127.76
202111,Y63,NORTH EAST AND YORKSHIRE,7,499997.0,20704206.0,3573382.65
202111,Y63,NORTH EAST AND YORKSHIRE,8,71531.0,2881350.0,2458060.75
202111,Y63,NORTH EAST AND YORKSHIRE,9,1014832.0,320140368.5,8548856.379999999
202111,Y63,NORTH EAST AND YORKSHIRE,10,520424.0,33928208.0,2254186.04
202111,Y63,NORTH EAST AND YORKSHIRE,11,232887.0,3297910.0,2041346.94
202111,Y63,NORTH EAST AND YORKSHIRE,12,157045.0,3771271.7,955434.33
202111,Y63,NORTH EAST AND YORKSHIRE,13,378615.0,67565272.5,3693998.53
202111,Y63,NORTH EAST AND YORKSHIRE,14,439707.0,439742.0,4753517.71
202111,Y63,NORTH EAST AND YORKSHIRE,15,18879.0,4295202.0,268226.2
202111,Y63,NORTH EAST AND YORKSHIRE,19,13928.0,7863533.0,327961.44
202111,Y63,NORTH EAST AND YORKSHIRE,20,51311.0,1449721.3,1624512.0699999998
202111,Y63,NORTH EAST AND YORKSHIRE,21,456485.0,80827114.5,6492378.75
202111,Y63,NORTH EAST AND YORKSHIRE,22,12459.0,236199.0,323416.05
202111,Y63,NORTH EAST AND YORKSHIRE,23,61833.0,6136858.6,3115867.24
202112,Y56,LONDON,1,1092604.0,82283818.0,6757160.09
202112,Y56,LONDON,2,3655723.0,128737997.0,16035534.82
202112,Y56,LONDON,3,752217.0,16528070.0,10621202.56
202112,Y56,LONDON,4,2113514.0,134567748.0,15345503.13
202112,Y56,LONDON,5,464911.0,19231468.0,2168639.56
202112,Y56,LONDON,6,1523670.0,81768123.5,20616196.57
202112,Y56,LONDON,7,336703.0,14268203.0,2488316.92
202112,Y56,LONDON,8,46449.0,2081487.0,1502539.22
202112,Y56,LONDON,9,797690.0,287071571.0,6811484.619999999
202112,Y56,LONDON,10,294772.0,20122972.0,1396501.07
202112,Y56,LONDON,11,189813.0,3760580.5,2247013.43
202112,Y56,LONDON,12,120439.0,4167281.1,841479.77
202112,Y56,LONDON,13,321623.0,62368908.82,3156914.0700000003
202112,Y56,LONDON,14,181973.0,182097.0,1953461.75
202112,Y56,LONDON,15,11875.0,275268.0,283192.57
202112,Y56,LONDON,18,1.0,1000.0,175.0
202112,Y56,LONDON,19,9822.0,9592240.0,236337.64
202112,Y56,LONDON,20,46499.0,1317924.0,1247626.2
202112,Y56,LONDON,21,387664.0,85376887.0,4755978.779999999
202112,Y56,LONDON,22,13433.0,257944.0,348241.42000000004
202112,Y56,LONDON,23,35095.0,4130191.4,1257992.2
202112,Y58,SOUTH WEST,1,935150.0,68630746.0,5254904.18
202112,Y58,SOUTH WEST,2,2926241.0,106127815.0,15910810.55
202112,Y58,SOUTH WEST,3,605961.0,10896972.0,9410874.85
202112,Y58,SOUTH WEST,4,1978461.0,141501774.6,13090059.79
202112,Y58,SOUTH WEST,5,337123.0,11832587.0,1722431.37
202112,Y58,SOUTH WEST,6,1033368.0,50525211.5,13022151.52
202112,Y58,SOUTH WEST,7,293468.0,12527757.0,2253158.5
202112,Y58,SOUTH WEST,8,42537.0,1721159.0,1630230.33
202112,Y58,SOUTH WEST,9,516789.0,170740879.5,4053546.54
202112,Y58,SOUTH WEST,10,264005.0,16193918.0,1380926.69
202112,Y58,SOUTH WEST,11,146523.0,2209038.0,1341019.69
202112,Y58,SOUTH WEST,12,83227.0,1762565.2,518931.13
202112,Y58,SOUTH WEST,13,185951.0,30436701.5,1691277.69
202112,Y58,SOUTH WEST,14,161404.0,161456.0,1756201.4500000002
202112,Y58,SOUTH WEST,15,17755.0,207800.5,189560.17
202112,Y58,SOUTH WEST,18,1.0,1000.0,175.0
202112,Y58,SOUTH WEST,19,6763.0,3832586.0,169038.97999999998
202112,Y58,SOUTH WEST,20,35007.0,674427.5,695714.56
202112,Y58,SOUTH WEST,21,271549.0,49527703.5,5227582.199999999
202112,Y58,SOUTH WEST,22,27011.0,464414.0,633670.8600000001
202112,Y58,SOUTH WEST,23,46137.0,3940538.3,1807370.04
202112,Y59,SOUTH EAST,1,1191737.0,93609459.0,7849690.11
202112,Y59,SOUTH EAST,2,3788497.0,151916446.0,22245223.58
202112,Y59,SOUTH EAST,3,836258.0,16431751.0,13333570.77
202112,Y59,SOUTH EAST,4,2546835.0,177946475.8,19744678.41
202112,Y59,SOUTH EAST,5,536649.0,20617615.0,2651699.84
202112,Y59,SOUTH EAST,6,1418369.0,76562606.5,21206671.46
202112,Y59,SOUTH EAST,7,388493.0,17963449.0,3308472.25
202112,Y59,SOUTH EAST,8,64155.0,2885382.0,2502437.32
202112,Y59,SOUTH EAST,9,758419.0,529480436.5,11003079.32
202112,Y59,SOUTH EAST,10,335279.0,21862662.0,1806286.58
202112,Y59,SOUTH EAST,11,203308.0,3587057.5,2204285.15
202112,Y59,SOUTH EAST,12,125955.0,2305228.3,844179.8300000001
202112,Y59,SOUTH EAST,13,269758.0,46174959.0,2707652.63
202112,Y59,SOUTH EAST,14,284551.0,284608.0,2993536.65
202112,Y59,SOUTH EAST,15,19675.0,306697.0,289537.42
202112,Y59,SOUTH EAST,18,1.0,200.0,35.0
202112,Y59,SOUTH EAST,19,10584.0,7143166.0,338749.32
202112,Y59,SOUTH EAST,20,37175.0,1900054.3,880145.15
202112,Y59,SOUTH EAST,21,361467.0,66198054.0,6812068.359999999
202112,Y59,SOUTH EAST,22,36298.0,737739.0,892123.6399999999
202112,Y59,SOUTH EAST,23,92011.0,8945240.8,5491235.21
202112,Y60,MIDLANDS,1,1774575.0,147115531.0,10053949.45
202112,Y60,MIDLANDS,2,5670134.0,207027953.0,28474211.970000003
202112,Y60,MIDLANDS,3,1283984.0,24578232.0,18404133.49
202112,Y60,MIDLANDS,4,3766165.0,282778317.0,26733219.9
202112,Y60,MIDLANDS,5,706259.0,27093356.0,3273675.2300000004
202112,Y60,MIDLANDS,6,2040459.0,102243452.5,27319325.95
202112,Y60,MIDLANDS,7,510996.0,22445835.0,3692121.82
202112,Y60,MIDLANDS,8,69753.0,2744148.0,2588638.99
202112,Y60,MIDLANDS,9,1009339.0,850957811.0,17260807.37
202112,Y60,MIDLANDS,10,500223.0,34503955.0,2222607.18
202112,Y60,MIDLANDS,11,292459.0,5186998.5,2958358.59
202112,Y60,MIDLANDS,12,175772.0,4634359.4,1117028.06
202112,Y60,MIDLANDS,13,406271.0,77122523.0,3873236.73
202112,Y60,MIDLANDS,14,285817.0,285907.0,3145097.67
202112,Y60,MIDLANDS,15,24588.0,380850.5,291939.45
202112,Y60,MIDLANDS,18,1.0,100.0,17.5
202112,Y60,MIDLANDS,19,15537.0,10552825.0,449226.45
202112,Y60,MIDLANDS,20,113286.0,2986692.9,3541202.2
202112,Y60,MIDLANDS,21,606246.0,102434377.5,8421982.1
202112,Y60,MIDLANDS,22,23786.0,462965.0,613919.95
202112,Y60,MIDLANDS,23,105932.0,10193901.0,5539638.9
202112,Y61,EAST OF ENGLAND,1,1036928.0,74318545.0,6204273.5600000005
202112,Y61,EAST OF ENGLAND,2,3495320.0,119359757.0,16904591.58
202112,Y61,EAST OF ENGLAND,3,737961.0,13471658.0,10292455.46
202112,Y61,EAST OF ENGLAND,4,2188724.0,142758084.8,14713796.97
202112,Y61,EAST OF ENGLAND,5,449679.0,17228525.5,2125671.37
202112,Y61,EAST OF ENGLAND,6,1269759.0,60342880.5,15496489.010000002
202112,Y61,EAST OF ENGLAND,7,333747.0,13945990.0,2364986.93
202112,Y61,EAST OF ENGLAND,8,56561.0,2319622.0,2146054.76
202112,Y61,EAST OF ENGLAND,9,524585.0,183079940.5,4848419.34
202112,Y61,EAST OF ENGLAND,10,288905.0,17286873.0,1602482.74
202112,Y61,EAST OF ENGLAND,11,164793.0,2582883.0,1663266.11
202112,Y61,EAST OF ENGLAND,12,98996.0,1814356.4,622833.39
202112,Y61,EAST OF ENGLAND,13,210242.0,32943019.5,2116047.71
202112,Y61,EAST OF ENGLAND,14,150523.0,150549.0,1663997.28
202112,Y61,EAST OF ENGLAND,15,13281.0,196769.5,178193.57
202112,Y61,EAST OF ENGLAND,18,2.0,1000.0,175.0
202112,Y61,EAST OF ENGLAND,19,8984.0,5628905.0,285963.1
202112,Y61,EAST OF ENGLAND,20,35244.0,1122976.0,1372498.62
202112,Y61,EAST OF ENGLAND,21,343770.0,56331268.0,10218375.41
202112,Y61,EAST OF ENGLAND,22,56482.0,1082706.0,1575830.6
202112,Y61,EAST OF ENGLAND,23,161005.0,13194014.5,11766331.15
202112,Y62,NORTH WEST,1,1383136.0,117264949.0,7984306.15
202112,Y62,NORTH WEST,2,4043168.0,143865831.0,19406210.8
202112,Y62,NORTH WEST,3,1016216.0,19076365.0,14342809.52
202112,Y62,NORTH WEST,4,3019309.0,216841827.6,20351730.07
202112,Y62,NORTH WEST,5,514931.0,19605721.0,2386417.5
202112,Y62,NORTH WEST,6,1373395.0,65674417.0,18188788.12
202112,Y62,NORTH WEST,7,363710.0,14796636.0,2821515.65
202112,Y62,NORTH WEST,8,47679.0,1851756.0,1535450.32
202112,Y62,NORTH WEST,9,775033.0,415758104.0,9070339.57
202112,Y62,NORTH WEST,10,365281.0,25473119.0,1752737.7799999998
202112,Y62,NORTH WEST,11,187702.0,2856128.0,1696258.57
202112,Y62,NORTH WEST,12,128808.0,3467924.1,873161.03
202112,Y62,NORTH WEST,13,320571.0,65619012.5,3220458.5700000003
202112,Y62,NORTH WEST,14,193301.0,193376.0,2105612.9000000004
202112,Y62,NORTH WEST,15,22460.0,345333.5,369998.85
202112,Y62,NORTH WEST,18,1.0,1000.0,175.0
202112,Y62,NORTH WEST,19,12682.0,7430304.0,363980.31
202112,Y62,NORTH WEST,20,146384.0,3501080.4,4320048.42
202112,Y62,NORTH WEST,21,422062.0,72174442.5,6881822.32
202112,Y62,NORTH WEST,22,34597.0,698936.0,857939.89
202112,Y62,NORTH WEST,23,92696.0,8881683.2,4302226.1
202112,Y63,NORTH EAST AND YORKSHIRE,1,1960706.0,151585474.0,10308477.66
202112,Y63,NORTH EAST AND YORKSHIRE,2,5961397.0,193289607.0,25773806.89
202112,Y63,NORTH EAST AND YORKSHIRE,3,1323911.0,23732500.0,19027404.09
202112,Y63,NORTH EAST AND YORKSHIRE,4,4057225.0,280278422.0,24458828.71
202112,Y63,NORTH EAST AND YORKSHIRE,5,621815.0,23041003.5,3100838.52
202112,Y63,NORTH EAST AND YORKSHIRE,6,2007002.0,90226918.0,23789377.06
202112,Y63,NORTH EAST AND YORKSHIRE,7,521844.0,21150891.0,3640780.4
202112,Y63,NORTH EAST AND YORKSHIRE,8,75230.0,3030834.0,2604158.93
202112,Y63,NORTH EAST AND YORKSHIRE,9,1061139.0,333973036.0,8676811.6
202112,Y63,NORTH EAST AND YORKSHIRE,10,537283.0,34910981.0,2348324.48
202112,Y63,NORTH EAST AND YORKSHIRE,11,245486.0,3566183.5,2162995.45
202112,Y63,NORTH EAST AND YORKSHIRE,12,160492.0,3828132.9,985337.01
202112,Y63,NORTH EAST AND YORKSHIRE,13,373538.0,68378506.5,3679141.88
202112,Y63,NORTH EAST AND YORKSHIRE,14,237671.0,237763.0,2580962.7
202112,Y63,NORTH EAST AND YORKSHIRE,15,18528.0,6111487.0,286015.2
202112,Y63,NORTH EAST AND YORKSHIRE,19,14284.0,7876718.0,352381.13
202112,Y63,NORTH EAST AND YORKSHIRE,20,49420.0,1425773.4,1541075.5799999998
202112,Y63,NORTH EAST AND YORKSHIRE,21,467937.0,82576534.0,6713357.0
202112,Y63,NORTH EAST AND YORKSHIRE,22,12059.0,232088.0,305760.28
202112,Y63,NORTH EAST AND YORKSHIRE,23,59145.0,6005440.8,2835675.41
202201,Y56,LONDON,1,1090258.0,81394322.0,6339116.0200000005
202201,Y56,LONDON,2,3599863.0,125186414.0,15047560.13
202201,Y56,LONDON,3,726850.0,16334615.0,10207969.46
202201,Y56,LONDON,4,2086553.0,130450943.4,14117056.73
202201,Y56,LONDON,5,414848.0,16059759.5,2003767.95
202201,Y56,LONDON,6,1500512.0,80014643.0,19906735.48
202201,Y56,LONDON,7,339836.0,14441163.0,2485669.84
202201,Y56,LONDON,8,45642.0,2016715.0,1446925.62
202201,Y56,LONDON,9,793867.0,286155147.5,6734634.89
202201,Y56,LONDON,10,292608.0,19972321.0,1294261.62
202201,Y56,LONDON,11,179031.0,3588401.0,2031375.96
202201,Y56,LONDON,12,119721.0,4125543.2,890472.6799999999
202201,Y56,LONDON,13,340801.0,64865260.5,3218128.95
202201,Y56,LONDON,14,93603.0,93720.0,1030016.13
202201,Y56,LONDON,15,11835.0,268758.5,278198.79
202201,Y56,LONDON,18,2.0,1100.0,192.5
202201,Y56,LONDON,19,10099.0,9762667.0,239493.71
202201,Y56,LONDON,20,48127.0,1368000.0,1291874.78
202201,Y56,LONDON,21,393629.0,88992479.5,4935157.77
202201,Y56,LONDON,22,19010.0,355235.0,451841.32
202201,Y56,LONDON,23,35380.0,4148243.3,1259889.61
202201,Y58,SOUTH WEST,1,870752.0,63796204.0,4681866.87
202201,Y58,SOUTH WEST,2,2689310.0,97002589.0,14213173.33
202201,Y58,SOUTH WEST,3,546718.0,10133386.0,8488528.59
202201,Y58,SOUTH WEST,4,1845698.0,130482197.2,11493751.83
202201,Y58,SOUTH WEST,5,293480.0,9950316.5,1516852.54
202201,Y58,SOUTH WEST,6,944989.0,46214777.5,11673949.3
202201,Y58,SOUTH WEST,7,278460.0,12029301.0,2157022.9
202201,Y58,SOUTH WEST,8,39782.0,1593482.0,1571870.9700000002
202201,Y58,SOUTH WEST,9,483265.0,159871050.5,3755348.87
202201,Y58,SOUTH WEST,10,247441.0,15129991.0,1231153.78
202201,Y58,SOUTH WEST,11,132811.0,2038188.5,1161695.1
202201,Y58,SOUTH WEST,12,78825.0,1641901.1,533613.46
202201,Y58,SOUTH WEST,13,189593.0,30422565.0,1686308.14
202201,Y58,SOUTH WEST,14,75137.0,75184.0,852911.8
202201,Y58,SOUTH WEST,15,17815.0,200868.0,177709.0
202201,Y58,SOUTH WEST,19,6564.0,3422487.0,176111.35
202201,Y58,SOUTH WEST,20,33841.0,662104.4,707312.52
202201,Y58,SOUTH WEST,21,259209.0,48688398.5,5031071.65
202201,Y58,SOUTH WEST,22,26237.0,449394.0,622675.7
202201,Y58,SOUTH WEST,23,43541.0,3754171.9,1719223.08
202201,Y59,SOUTH EAST,1,1119560.0,87264359.0,7042569.569999999
202201,Y59,SOUTH EAST,2,3500479.0,139323903.0,19867289.31
202201,Y59,SOUTH EAST,3,759888.0,15439065.0,12071148.37
202201,Y59,SOUTH EAST,4,2388808.0,165762471.6,17490465.62
202201,Y59,SOUTH EAST,5,465607.0,17092713.5,2314700.62
202201,Y59,SOUTH EAST,6,1307482.0,70190060.0,19285534.05
202201,Y59,SOUTH EAST,7,371283.0,17455395.0,3161750.83
202201,Y59,SOUTH EAST,8,59454.0,2654856.0,2331150.66
202201,Y59,SOUTH EAST,9,720072.0,486883039.0,10133134.96
202201,Y59,SOUTH EAST,10,317914.0,20641050.0,1630172.04
202201,Y59,SOUTH EAST,11,183520.0,3273053.5,1919299.34
202201,Y59,SOUTH EAST,12,120691.0,2307406.4,870460.57
202201,Y59,SOUTH EAST,13,279122.0,46483012.0,2713733.95
202201,Y59,SOUTH EAST,14,118253.0,118312.0,1287399.65
202201,Y59,SOUTH EAST,15,19926.0,794313.0,272838.4
202201,Y59,SOUTH EAST,18,3.0,3000.0,525.0
202201,Y59,SOUTH EAST,19,10205.0,6063353.0,300965.38
202201,Y59,SOUTH EAST,20,37588.0,1642688.3,884525.45
202201,Y59,SOUTH EAST,21,348616.0,66053807.0,6472210.07
202201,Y59,SOUTH EAST,22,33957.0,651578.0,815049.24
202201,Y59,SOUTH EAST,23,86942.0,8451172.8,5062928.76
202201,Y60,MIDLANDS,1,1673210.0,138457671.0,9052603.54
202201,Y60,MIDLANDS,2,5257556.0,190887417.0,25531691.76
202201,Y60,MIDLANDS,3,1183529.0,23247268.0,16880799.89
202201,Y60,MIDLANDS,4,3543881.0,263861648.6,23391861.04
202201,Y60,MIDLANDS,5,627223.0,22778051.5,2889343.49
202201,Y60,MIDLANDS,6,1893686.0,94901512.5,25196166.14
202201,Y60,MIDLANDS,7,491030.0,21998310.0,3536193.64
202201,Y60,MIDLANDS,8,65348.0,2529100.0,2536514.01
202201,Y60,MIDLANDS,9,961127.0,792083592.5,16102987.669999998
202201,Y60,MIDLANDS,10,478506.0,32888896.0,2095111.38
202201,Y60,MIDLANDS,11,265766.0,4785342.0,2623021.29
202201,Y60,MIDLANDS,12,169306.0,4643823.4,1133894.47
202201,Y60,MIDLANDS,13,420314.0,78189090.5,3910170.98
202201,Y60,MIDLANDS,14,124309.0,124469.0,1344206.5
202201,Y60,MIDLANDS,15,24511.0,363263.5,276565.01
202201,Y60,MIDLANDS,18,1.0,1000.0,175.0
202201,Y60,MIDLANDS,19,15252.0,9476269.0,459426.83
202201,Y60,MIDLANDS,20,115716.0,2964734.4,3606986.67
202201,Y60,MIDLANDS,21,585329.0,101756041.0,8244057.140000001
202201,Y60,MIDLANDS,22,24313.0,465950.0,625031.86
202201,Y60,MIDLANDS,23,104349.0,10036598.8,5454532.58
202201,Y61,EAST OF ENGLAND,1,992719.0,70783337.0,5619748.68
202201,Y61,EAST OF ENGLAND,2,3301920.0,112249516.0,15487267.829999998
202201,Y61,EAST OF ENGLAND,3,685327.0,12862587.0,9543383.15
202201,Y61,EAST OF ENGLAND,4,2086220.0,134901787.4,13153814.12
202201,Y61,EAST OF ENGLAND,5,390192.0,14047213.5,1854667.12
202201,Y61,EAST OF ENGLAND,6,1195784.0,56645907.5,14331203.32
202201,Y61,EAST OF ENGLAND,7,323753.0,13718077.0,2297461.83
202201,Y61,EAST OF ENGLAND,8,53235.0,2152678.0,2016441.11
202201,Y61,EAST OF ENGLAND,9,506940.0,183019984.0,4726686.11
202201,Y61,EAST OF ENGLAND,10,279181.0,16783801.0,1456665.66
202201,Y61,EAST OF ENGLAND,11,151196.0,2392221.0,1480979.5599999998
202201,Y61,EAST OF ENGLAND,12,95183.0,1728241.6,649182.55
202201,Y61,EAST OF ENGLAND,13,218486.0,33522642.0,2161880.2800000003
202201,Y61,EAST OF ENGLAND,14,65154.0,65188.0,739291.51
202201,Y61,EAST OF ENGLAND,15,13840.0,208266.0,173582.26
202201,Y61,EAST OF ENGLAND,18,3.0,1600.0,280.0
202201,Y61,EAST OF ENGLAND,19,8594.0,5455927.0,262261.24
202201,Y61,EAST OF ENGLAND,20,35490.0,1045703.8,1317922.89
202201,Y61,EAST OF ENGLAND,21,334434.0,56098699.5,9497107.25
202201,Y61,EAST OF ENGLAND,22,54443.0,1039840.0,1521016.01
202201,Y61,EAST OF ENGLAND,23,144277.0,11842197.1,10136602.72
202201,Y62,NORTH WEST,1,1304568.0,110902304.0,7208177.689999999
202201,Y62,NORTH WEST,2,3754042.0,133329549.0,17438464.06
202201,Y62,NORTH WEST,3,939725.0,18010464.0,13221376.580000002
202201,Y62,NORTH WEST,4,2848761.0,203424154.4,17916759.98
202201,Y62,NORTH WEST,5,454314.0,16612451.0,2157180.64
202201,Y62,NORTH WEST,6,1274310.0,61074175.0,16751739.79
202201,Y62,NORTH WEST,7,348556.0,14545015.0,2678387.8
202201,Y62,NORTH WEST,8,44883.0,1715153.0,1464629.75
202201,Y62,NORTH WEST,9,738767.0,402044919.0,8649354.86
202201,Y62,NORTH WEST,10,348329.0,24335182.0,1601893.06
202201,Y62,NORTH WEST,11,171287.0,2612310.5,1481951.88
202201,Y62,NORTH WEST,12,124435.0,3350774.4,897787.7999999999
202201,Y62,NORTH WEST,13,331415.0,66970840.5,3241267.43
202201,Y62,NORTH WEST,14,86928.0,86992.0,942080.28
202201,Y62,NORTH WEST,15,21703.0,340192.5,343891.46
202201,Y62,NORTH WEST,18,1.0,1000.0,175.0
202201,Y62,NORTH WEST,19,12553.0,7333656.0,336939.47000000003
202201,Y62,NORTH WEST,20,155712.0,3566188.4000000004,4568837.21
202201,Y62,NORTH WEST,21,412923.0,72923888.0,6842988.77
202201,Y62,NORTH WEST,22,36746.0,729010.0,895658.9
202201,Y62,NORTH WEST,23,91249.0,8764015.600000001,4100408.61
202201,Y63,NORTH EAST AND YORKSHIRE,1,1840390.0,141722833.0,9224591.78
202201,Y63,NORTH EAST AND YORKSHIRE,2,5557850.0,179171582.0,23204062.07
202201,Y63,NORTH EAST AND YORKSHIRE,3,1216351.0,22386163.0,17430664.87
202201,Y63,NORTH EAST AND YORKSHIRE,4,3809163.0,261155870.0,21339856.54
202201,Y63,NORTH EAST AND YORKSHIRE,5,550132.0,19468538.0,2765476.42
202201,Y63,NORTH EAST AND YORKSHIRE,6,1864862.0,83664030.0,21576245.65
202201,Y63,NORTH EAST AND YORKSHIRE,7,500494.0,20807969.0,3449198.0
202201,Y63,NORTH EAST AND YORKSHIRE,8,70388.0,2769447.0,2434548.04
202201,Y63,NORTH EAST AND YORKSHIRE,9,1008372.0,326796236.0,8591045.89
202201,Y63,NORTH EAST AND YORKSHIRE,10,509534.0,33167957.0,2140331.67
202201,Y63,NORTH EAST AND YORKSHIRE,11,223806.0,3261920.5,1908087.26
202201,Y63,NORTH EAST AND YORKSHIRE,12,152558.0,3629998.3,1005103.21
202201,Y63,NORTH EAST AND YORKSHIRE,13,379919.0,68423839.5,3629932.26
202201,Y63,NORTH EAST AND YORKSHIRE,14,90859.0,90927.0,1006556.41
202201,Y63,NORTH EAST AND YORKSHIRE,15,18794.0,8699057.0,260548.41
202201,Y63,NORTH EAST AND YORKSHIRE,19,13965.0,7621694.0,327037.51
202201,Y63,NORTH EAST AND YORKSHIRE,20,50608.0,1454978.8,1588785.36
202201,Y63,NORTH EAST AND YORKSHIRE,21,449653.0,82292178.0,6562497.69
202201,Y63,NORTH EAST AND YORKSHIRE,22,12220.0,235333.0,317083.51
202201,Y63,NORTH EAST AND YORKSHIRE,23,60036.0,5947652.300000001,2967863.74
202202,Y56,LONDON,1,1012890.0,75320523.0,6037846.99
202202,Y56,LONDON,2,3351543.0,116861441.0,13999331.41
202202,Y56,LONDON,3,667239.0,15279490.0,9402345.44
202202,Y56,LONDON,4,1944976.0,121548128.7,13058326.42
202202,Y56,LONDON,5,386399.0,15487198.0,1848345.77
202202,Y56,LONDON,6,1394451.0,74322148.0,18717289.14
202202,Y56,LONDON,7,314553.0,13087549.0,2332101.21
202202,Y56,LONDON,8,41988.0,1848055.0,1339765.36
202202,Y56,LONDON,9,744870.0,266425199.5,6418052.41
202202,Y56,LONDON,10,276812.0,18859678.0,1224487.84
202202,Y56,LONDON,11,168205.0,3358082.0,1914910.4
202202,Y56,LONDON,12,114944.0,4173250.2,864075.3799999999
202202,Y56,LONDON,13,327151.0,61203394.0,3108720.45
202202,Y56,LONDON,14,66590.0,66715.0,745792.44
202202,Y56,LONDON,15,11609.0,249375.5,256259.99
202202,Y56,LONDON,18,1.0,1000.0,175.0
202202,Y56,LONDON,19,9308.0,8699010.0,212342.28000000003
202202,Y56,LONDON,20,43543.0,1229584.7000000002,1165778.71
202202,Y56,LONDON,21,370578.0,83483336.0,4596331.41
202202,Y56,LONDON,22,15989.0,292241.0,390898.59
202202,Y56,LONDON,23,32276.0,3753486.4,1197513.88
202202,Y58,SOUTH WEST,1,816389.0,59290817.0,4456397.63
202202,Y58,SOUTH WEST,2,2546776.0,91910525.0,13463470.31
202202,Y58,SOUTH WEST,3,505532.0,9439785.0,7897391.039999999
202202,Y58,SOUTH WEST,4,1725276.0,121750394.4,10644463.35
202202,Y58,SOUTH WEST,5,272820.0,9566185.0,1416537.45
202202,Y58,SOUTH WEST,6,888968.0,43149159.5,11121379.4
202202,Y58,SOUTH WEST,7,262009.0,11128687.0,2046488.82
202202,Y58,SOUTH WEST,8,36998.0,1478068.0,1435763.74
202202,Y58,SOUTH WEST,9,460011.0,149036857.0,3587068.4800000004
202202,Y58,SOUTH WEST,10,235240.0,14254510.0,1166995.42
202202,Y58,SOUTH WEST,11,124857.0,1878834.5,1081909.99
202202,Y58,SOUTH WEST,12,74621.0,1536467.4,502680.12
202202,Y58,SOUTH WEST,13,179397.0,28108364.5,1614850.7400000002
202202,Y58,SOUTH WEST,14,29235.0,29305.0,323417.04
202202,Y58,SOUTH WEST,15,18060.0,195523.0,175909.95
202202,Y58,SOUTH WEST,18,1.0,100.0,17.5
202202,Y58,SOUTH WEST,19,6006.0,3176131.0,156083.46
202202,Y58,SOUTH WEST,20,32753.0,602370.0,620359.34
202202,Y58,SOUTH WEST,21,245308.0,45827465.0,4664641.32
202202,Y58,SOUTH WEST,22,24255.0,413256.0,573235.27
202202,Y58,SOUTH WEST,23,41038.0,3480562.9000000004,1630680.07
202202,Y59,SOUTH EAST,1,1058149.0,82420584.0,6742640.02
202202,Y59,SOUTH EAST,2,3317908.0,132400173.0,18858942.09
202202,Y59,SOUTH EAST,3,709556.0,14635571.0,11344473.739999998
202202,Y59,SOUTH EAST,4,2249763.0,155840808.0,16402748.57
202202,Y59,SOUTH EAST,5,438647.0,16881003.5,2249366.12
202202,Y59,SOUTH EAST,6,1237242.0,66288002.0,18428990.18
202202,Y59,SOUTH EAST,7,350607.0,16160540.0,3053866.3
202202,Y59,SOUTH EAST,8,55978.0,2504630.0,2171877.09
202202,Y59,SOUTH EAST,9,687672.0,454919264.0,9639058.71
202202,Y59,SOUTH EAST,10,302593.0,19526883.0,1556419.95
202202,Y59,SOUTH EAST,11,175359.0,3133810.5,1821305.14
202202,Y59,SOUTH EAST,12,116399.0,2189372.3,833260.4500000001
202202,Y59,SOUTH EAST,13,269808.0,44374667.0,2652734.15
202202,Y59,SOUTH EAST,14,46148.0,46187.0,514919.24
202202,Y59,SOUTH EAST,15,20224.0,2389288.0,258238.61
202202,Y59,SOUTH EAST,18,4.0,6000.0,1050.0
202202,Y59,SOUTH EAST,19,9691.0,6344164.0,291229.49
202202,Y59,SOUTH EAST,20,34447.0,1622620.1,825893.0900000001
202202,Y59,SOUTH EAST,21,330976.0,62942160.0,6087599.61
202202,Y59,SOUTH EAST,22,30733.0,583025.0,735924.76
202202,Y59,SOUTH EAST,23,81001.0,7798771.8,4735440.74
202202,Y60,MIDLANDS,1,1578896.0,130338940.0,8757743.52
202202,Y60,MIDLANDS,2,4957841.0,180041771.0,24011945.83
202202,Y60,MIDLANDS,3,1094844.0,21747135.0,15712508.760000002
202202,Y60,MIDLANDS,4,3330372.0,247412082.4,22007683.55
202202,Y60,MIDLANDS,5,580193.0,22111836.0,2706994.53
202202,Y60,MIDLANDS,6,1778116.0,88878127.0,23922034.35
202202,Y60,MIDLANDS,7,458842.0,20111710.0,3384061.08
202202,Y60,MIDLANDS,8,60940.0,2358346.0,2313289.09
202202,Y60,MIDLANDS,9,921043.0,787211369.5,16217219.02
202202,Y60,MIDLANDS,10,453140.0,31076726.0,1949306.77
202202,Y60,MIDLANDS,11,250842.0,4502674.5,2476148.66
202202,Y60,MIDLANDS,12,161029.0,4450503.6,1078543.8199999998
202202,Y60,MIDLANDS,13,401638.0,73637234.5,3737114.09
202202,Y60,MIDLANDS,14,59754.0,59872.0,664837.12
202202,Y60,MIDLANDS,15,24960.0,352257.5,268522.05000000005
202202,Y60,MIDLANDS,19,14193.0,9117529.0,423691.49
202202,Y60,MIDLANDS,20,111209.0,2743085.4,3327099.6
202202,Y60,MIDLANDS,21,559863.0,97623702.5,7912582.98
202202,Y60,MIDLANDS,22,22829.0,439312.0,583547.9
202202,Y60,MIDLANDS,23,98101.0,9420874.7,5123321.59
202202,Y61,EAST OF ENGLAND,1,922965.0,65918935.0,5347123.279999999
202202,Y61,EAST OF ENGLAND,2,3074434.0,104556947.0,14418562.86
202202,Y61,EAST OF ENGLAND,3,632725.0,12115706.0,8874762.6
202202,Y61,EAST OF ENGLAND,4,1937769.0,125053227.2,12189768.28
202202,Y61,EAST OF ENGLAND,5,362020.0,13645142.0,1703488.39
202202,Y61,EAST OF ENGLAND,6,1113318.0,52663275.0,13432876.35
202202,Y61,EAST OF ENGLAND,7,297708.0,12356445.0,2146984.26
202202,Y61,EAST OF ENGLAND,8,49406.0,2006799.0,1875241.66
202202,Y61,EAST OF ENGLAND,9,475786.0,167731382.5,4479189.54
202202,Y61,EAST OF ENGLAND,10,260771.0,15560998.0,1354276.19
202202,Y61,EAST OF ENGLAND,11,142110.0,2227664.5,1388546.9300000002
202202,Y61,EAST OF ENGLAND,12,90052.0,1652420.4,610779.2
202202,Y61,EAST OF ENGLAND,13,209129.0,31584145.5,2106285.85
202202,Y61,EAST OF ENGLAND,14,25762.0,25795.0,303688.95
202202,Y61,EAST OF ENGLAND,15,13028.0,182008.0,164941.19
202202,Y61,EAST OF ENGLAND,18,4.0,1600.0,280.0
202202,Y61,EAST OF ENGLAND,19,7947.0,4972788.0,236578.67
202202,Y61,EAST OF ENGLAND,20,33666.0,1007582.0,1258559.59
202202,Y61,EAST OF ENGLAND,21,314739.0,52729266.0,8989282.24
202202,Y61,EAST OF ENGLAND,22,49976.0,946178.0,1391367.02
202202,Y61,EAST OF ENGLAND,23,138493.0,11197560.0,9945044.31
202202,Y62,NORTH WEST,1,1222075.0,103210512.0,6842611.459999999
202202,Y62,NORTH WEST,2,3524808.0,125124813.0,16347783.63
202202,Y62,NORTH WEST,3,862510.0,16729880.0,12186356.62
202202,Y62,NORTH WEST,4,2662797.0,190028503.2,16795341.82
202202,Y62,NORTH WEST,5,413863.0,16047047.5,1968117.79
202202,Y62,NORTH WEST,6,1188733.0,56904814.0,15767100.13
202202,Y62,NORTH WEST,7,326471.0,13359258.0,2508995.83
202202,Y62,NORTH WEST,8,41770.0,1599627.0,1331706.19
202202,Y62,NORTH WEST,9,703935.0,380810384.5,8514494.899999999
202202,Y62,NORTH WEST,10,329619.0,22937993.0,1547174.36
202202,Y62,NORTH WEST,11,160386.0,2440528.0,1390217.53
202202,Y62,NORTH WEST,12,117089.0,3315372.5,846949.8300000001
202202,Y62,NORTH WEST,13,315246.0,62670272.5,3108779.9200000004
202202,Y62,NORTH WEST,14,60535.0,60681.0,652186.98
202202,Y62,NORTH WEST,15,21404.0,324583.0,325794.30000000005
202202,Y62,NORTH WEST,19,11800.0,6722332.0,309799.47000000003
202202,Y62,NORTH WEST,20,120296.0,2779683.5,3611718.7
202202,Y62,NORTH WEST,21,375324.0,65584806.0,6072058.67
202202,Y62,NORTH WEST,22,29307.0,580321.0,713899.9400000001
202202,Y62,NORTH WEST,23,78557.0,7430618.800000001,3668459.09
202202,Y63,NORTH EAST AND YORKSHIRE,1,1741133.0,133858630.0,8864961.41
202202,Y63,NORTH EAST AND YORKSHIRE,2,5241005.0,168775380.0,21899107.06
202202,Y63,NORTH EAST AND YORKSHIRE,3,1126978.0,21079846.0,16245304.43
202202,Y63,NORTH EAST AND YORKSHIRE,4,3586594.0,245327622.8,20038328.0
202202,Y63,NORTH EAST AND YORKSHIRE,5,503871.0,18737204.0,2584674.04
202202,Y63,NORTH EAST AND YORKSHIRE,6,1753953.0,78569052.5,20560719.57
202202,Y63,NORTH EAST AND YORKSHIRE,7,470618.0,19140303.0,3289274.87
202202,Y63,NORTH EAST AND YORKSHIRE,8,65651.0,2577751.0,2175246.31
202202,Y63,NORTH EAST AND YORKSHIRE,9,960752.0,308808426.5,8238625.939999999
202202,Y63,NORTH EAST AND YORKSHIRE,10,485143.0,31581745.0,2023967.58
202202,Y63,NORTH EAST AND YORKSHIRE,11,211846.0,3049696.5,1790712.15
202202,Y63,NORTH EAST AND YORKSHIRE,12,145271.0,3539788.9,958589.17
202202,Y63,NORTH EAST AND YORKSHIRE,13,365496.0,64939714.0,3475918.3600000003
202202,Y63,NORTH EAST AND YORKSHIRE,14,59468.0,59558.0,688104.44
202202,Y63,NORTH EAST AND YORKSHIRE,15,18643.0,8084920.5,251995.46
202202,Y63,NORTH EAST AND YORKSHIRE,19,13403.0,7135408.0,312363.44
202202,Y63,NORTH EAST AND YORKSHIRE,20,46857.0,1349991.8,1470629.69
202202,Y63,NORTH EAST AND YORKSHIRE,21,429022.0,78060652.0,6451480.71
202202,Y63,NORTH EAST AND YORKSHIRE,22,11364.0,217467.0,308291.94
202202,Y63,NORTH EAST AND YORKSHIRE,23,53915.0,5440789.5,2509994.14
202203,Y56,LONDON,1,1148350.0,85349616.0,6928113.029999999
202203,Y56,LONDON,2,3790226.0,133442363.0,15946030.62
202203,Y56,LONDON,3,778276.0,18573550.0,10981688.65
202203,Y56,LONDON,4,2203672.0,138418162.4,14987468.74
202203,Y56,LONDON,5,454204.0,18887801.5,2102632.43
202203,Y56,LONDON,6,1583945.0,84417553.5,21494286.01
202203,Y56,LONDON,7,353264.0,14806099.0,2639176.43
202203,Y56,LONDON,8,47256.0,2086058.0,1457787.07
202203,Y56,LONDON,9,842934.0,298439187.5,7636241.41
202203,Y56,LONDON,10,316696.0,21620833.0,1399984.29
202203,Y56,LONDON,11,191919.0,3811806.0,2197708.3
202203,Y56,LONDON,12,137628.0,4822019.199999999,1021954.98
202203,Y56,LONDON,13,374725.0,69630286.5,3572624.78
202203,Y56,LONDON,14,66868.0,67016.0,754719.31
202203,Y56,LONDON,15,12468.0,287673.5,296305.46
202203,Y56,LONDON,18,2.0,1100.0,192.5
202203,Y56,LONDON,19,10767.0,9993493.0,240976.69
202203,Y56,LONDON,20,48724.0,1391579.0,1320303.01
202203,Y56,LONDON,21,421567.0,96584877.0,5126867.51
202203,Y56,LONDON,22,16559.0,303187.0,410634.24
202203,Y56,LONDON,23,36999.0,4322536.0,1350204.22
202203,Y58,SOUTH WEST,1,922586.0,67189167.0,5140439.8100000005
202203,Y58,SOUTH WEST,2,2871167.0,103927137.0,15235979.19
202203,Y58,SOUTH WEST,3,581056.0,11127265.0,9100764.98
202203,Y58,SOUTH WEST,4,1948214.0,137973200.4,12176208.14
202203,Y58,SOUTH WEST,5,315593.0,11091969.5,1591948.0799999998
202203,Y58,SOUTH WEST,6,1012254.0,49188563.0,12869214.79
202203,Y58,SOUTH WEST,7,294881.0,12581471.0,2319761.55
202203,Y58,SOUTH WEST,8,41162.0,1665462.0,1546266.92
202203,Y58,SOUTH WEST,9,516456.0,168884375.0,4119944.42
202203,Y58,SOUTH WEST,10,266328.0,16228493.0,1321488.74
202203,Y58,SOUTH WEST,11,139573.0,2108925.5,1226601.04
202203,Y58,SOUTH WEST,12,86235.0,1772281.6,574651.53
202203,Y58,SOUTH WEST,13,206299.0,32356936.5,1870491.1
202203,Y58,SOUTH WEST,14,51164.0,51248.0,569095.39
202203,Y58,SOUTH WEST,15,19368.0,219036.0,194164.92
202203,Y58,SOUTH WEST,18,2.0,1100.0,192.5
202203,Y58,SOUTH WEST,19,6580.0,3301538.0,161244.73
202203,Y58,SOUTH WEST,20,35242.0,666767.6,685743.39
202203,Y58,SOUTH WEST,21,276452.0,51998577.5,5001613.74
202203,Y58,SOUTH WEST,22,28799.0,483553.0,675440.7000000001
202203,Y58,SOUTH WEST,23,45511.0,3873649.8,1855720.32
202203,Y59,SOUTH EAST,1,1183443.0,91917546.0,7705474.94
202203,Y59,SOUTH EAST,2,3707701.0,148336827.0,21121981.22
202203,Y59,SOUTH EAST,3,812588.0,17360467.0,12944099.08
202203,Y59,SOUTH EAST,4,2524039.0,175076871.4,18609884.36
202203,Y59,SOUTH EAST,5,503060.0,19480896.0,2479492.17
202203,Y59,SOUTH EAST,6,1392238.0,74193763.5,20961894.3
202203,Y59,SOUTH EAST,7,389533.0,17986429.0,3416759.8000000003
202203,Y59,SOUTH EAST,8,62853.0,2812305.0,2440483.8
202203,Y59,SOUTH EAST,9,771826.0,528733791.4,11471570.0
202203,Y59,SOUTH EAST,10,340158.0,22083254.0,1757468.68
202203,Y59,SOUTH EAST,11,195599.0,3460403.0,2045199.08
202203,Y59,SOUTH EAST,12,135295.0,2503064.0,973116.48
202203,Y59,SOUTH EAST,13,306535.0,50175902.0,3047467.25
202203,Y59,SOUTH EAST,14,54316.0,54433.0,612256.3
202203,Y59,SOUTH EAST,15,22624.0,1006460.0,286386.45
202203,Y59,SOUTH EAST,18,1.0,1000.0,175.0
202203,Y59,SOUTH EAST,19,10877.0,8036050.0,304023.15
202203,Y59,SOUTH EAST,20,37947.0,1891414.5,910592.93
202203,Y59,SOUTH EAST,21,372951.0,71486530.5,7038008.380000001
202203,Y59,SOUTH EAST,22,36146.0,700349.0,862080.4
202203,Y59,SOUTH EAST,23,96039.0,9208607.1,5661425.61
202203,Y60,MIDLANDS,1,1782106.0,146584107.0,9950645.63
202203,Y60,MIDLANDS,2,5616433.0,204338714.0,27314918.18
202203,Y60,MIDLANDS,3,1262086.0,25834555.0,18080038.02
202203,Y60,MIDLANDS,4,3769669.0,280510287.8,25023156.5
202203,Y60,MIDLANDS,5,683414.0,26438560.5,3127783.68
202203,Y60,MIDLANDS,6,2022322.0,100759177.5,27644790.73
202203,Y60,MIDLANDS,7,518023.0,22704680.0,3869790.53
202203,Y60,MIDLANDS,8,68402.0,2668359.0,2600726.21
202203,Y60,MIDLANDS,9,1039657.0,879466310.5,18557065.92
202203,Y60,MIDLANDS,10,519296.0,35719979.0,2248691.37
202203,Y60,MIDLANDS,11,282565.0,5058611.5,2804661.98
202203,Y60,MIDLANDS,12,189348.0,5162657.399999999,1270632.96
202203,Y60,MIDLANDS,13,461127.0,84395309.5,4336933.33
202203,Y60,MIDLANDS,14,66451.0,66586.0,783191.99
202203,Y60,MIDLANDS,15,28400.0,389275.5,290844.83
202203,Y60,MIDLANDS,18,1.0,1000.0,175.0
202203,Y60,MIDLANDS,19,16068.0,9949467.0,460141.7
202203,Y60,MIDLANDS,20,128146.0,3190711.7,3830839.25
202203,Y60,MIDLANDS,21,639721.0,112226445.5,9086786.62
202203,Y60,MIDLANDS,22,26725.0,515967.0,690788.79
202203,Y60,MIDLANDS,23,115131.0,10934485.1,6114831.95
202203,Y61,EAST OF ENGLAND,1,1036982.0,73482307.0,6084583.85
202203,Y61,EAST OF ENGLAND,2,3456747.0,117861426.0,16278096.24
202203,Y61,EAST OF ENGLAND,3,724391.0,14139521.0,10130433.03
202203,Y61,EAST OF ENGLAND,4,2176675.0,140991105.60000002,13762992.17
202203,Y61,EAST OF ENGLAND,5,424505.0,16417138.5,1956175.02
202203,Y61,EAST OF ENGLAND,6,1255148.0,59240209.5,15427820.45
202203,Y61,EAST OF ENGLAND,7,333806.0,13825804.0,2404438.91
202203,Y61,EAST OF ENGLAND,8,55210.0,2250469.0,2114362.73
202203,Y61,EAST OF ENGLAND,9,538962.0,190152736.5,5358797.35
202203,Y61,EAST OF ENGLAND,10,296073.0,17761377.0,1536494.0499999998
202203,Y61,EAST OF ENGLAND,11,158727.0,2470354.5,1552298.51
202203,Y61,EAST OF ENGLAND,12,105470.0,1847068.2,716357.8400000001
202203,Y61,EAST OF ENGLAND,13,239150.0,36002396.0,2368151.5700000003
202203,Y61,EAST OF ENGLAND,14,28906.0,29041.0,340976.43999999994
202203,Y61,EAST OF ENGLAND,15,15282.0,209488.5,186525.21
202203,Y61,EAST OF ENGLAND,18,1.0,100.0,17.5
202203,Y61,EAST OF ENGLAND,19,9034.0,5669741.0,271421.21
202203,Y61,EAST OF ENGLAND,20,36782.0,1129870.6,1400676.4
202203,Y61,EAST OF ENGLAND,21,353091.0,59704938.5,9954122.01
202203,Y61,EAST OF ENGLAND,22,53088.0,1015020.0,1478171.21
202203,Y61,EAST OF ENGLAND,23,150538.0,12237655.3,10770618.48
202203,Y62,NORTH WEST,1,1402172.0,118164228.0,7960802.54
202203,Y62,NORTH WEST,2,4042860.0,143750769.0,18756731.86
202203,Y62,NORTH WEST,3,1008106.0,20107818.0,14178730.34
202203,Y62,NORTH WEST,4,3053507.0,217283122.4,19203934.09
202203,Y62,NORTH WEST,5,499673.0,19739013.0,2316137.9
202203,Y62,NORTH WEST,6,1370933.0,65247940.5,18377381.43
202203,Y62,NORTH WEST,7,370856.0,15190710.0,2893247.22
202203,Y62,NORTH WEST,8,47228.0,1826678.0,1488181.83
202203,Y62,NORTH WEST,9,803525.0,435442855.0,10084346.4
202203,Y62,NORTH WEST,10,382718.0,26685162.0,1770578.12
202203,Y62,NORTH WEST,11,184471.0,2797805.0,1615428.29
202203,Y62,NORTH WEST,12,139678.0,3747503.1,1002548.17
202203,Y62,NORTH WEST,13,370521.0,73538616.0,3661395.2
202203,Y62,NORTH WEST,14,37782.0,37922.0,427105.84
202203,Y62,NORTH WEST,15,23318.0,363332.0,374436.16
202203,Y62,NORTH WEST,19,13660.0,7666102.0,374267.38
202203,Y62,NORTH WEST,20,150087.0,3464800.2,4423381.99
202203,Y62,NORTH WEST,21,446414.0,79878183.0,7221242.68
202203,Y62,NORTH WEST,22,35806.0,713356.0,876228.09
202203,Y62,NORTH WEST,23,95121.0,8973634.1,4466906.04
202203,Y63,NORTH EAST AND YORKSHIRE,1,1959386.0,150066312.0,10121423.33
202203,Y63,NORTH EAST AND YORKSHIRE,2,5925216.0,191540044.0,24808625.360000003
202203,Y63,NORTH EAST AND YORKSHIRE,3,1290261.0,24690760.0,18526396.23
202203,Y63,NORTH EAST AND YORKSHIRE,4,4048792.0,276760857.6,22661395.92
202203,Y63,NORTH EAST AND YORKSHIRE,5,591011.0,22449103.5,2921126.51
202203,Y63,NORTH EAST AND YORKSHIRE,6,1989053.0,88964663.5,23957023.04
202203,Y63,NORTH EAST AND YORKSHIRE,7,527391.0,21278760.0,3727187.36
202203,Y63,NORTH EAST AND YORKSHIRE,8,73563.0,2897812.0,2426117.22
202203,Y63,NORTH EAST AND YORKSHIRE,9,1079521.0,343947041.0,9057450.36
202203,Y63,NORTH EAST AND YORKSHIRE,10,550604.0,35787000.0,2258857.77
202203,Y63,NORTH EAST AND YORKSHIRE,11,235671.0,3388280.5,2018719.77
202203,Y63,NORTH EAST AND YORKSHIRE,12,169572.0,4045070.3,1114430.42
202203,Y63,NORTH EAST AND YORKSHIRE,13,418132.0,74008444.0,4049587.19
202203,Y63,NORTH EAST AND YORKSHIRE,14,34278.0,34349.0,415085.81
202203,Y63,NORTH EAST AND YORKSHIRE,15,20838.0,10509694.5,281245.92000000004
202203,Y63,NORTH EAST AND YORKSHIRE,18,1.0,1000.0,175.0
202203,Y63,NORTH EAST AND YORKSHIRE,19,14628.0,7909824.0,337600.69
202203,Y63,NORTH EAST AND YORKSHIRE,20,53342.0,1593718.0,1684012.69
202203,Y63,NORTH EAST AND YORKSHIRE,21,487176.0,88885262.0,7151245.89
202203,Y63,NORTH EAST AND YORKSHIRE,22,12657.0,237711.0,328891.06
202203,Y63,NORTH EAST AND YORKSHIRE,23,66946.0,6622244.0,3458418.75
202204,Y56,LONDON,1,1068250.0,78855625.0,6389153.12
202204,Y56,LONDON,2,3570081.0,123947026.0,14822757.16
202204,Y56,LONDON,3,728574.0,17987482.0,10138724.99
202204,Y56,LONDON,4,2066413.0,128783309.2,14033568.76
202204,Y56,LONDON,5,408086.0,16306142.5,1894615.91
202204,Y56,LONDON,6,1487560.0,78834249.5,19978290.73
202204,Y56,LONDON,7,330160.0,13827945.0,2497676.72
202204,Y56,LONDON,8,43865.0,1954487.0,1416800.73
202204,Y56,LONDON,9,790308.0,279010408.0,6996492.619999999
202204,Y56,LONDON,10,291797.0,19871879.0,1273455.53
202204,Y56,LONDON,11,181134.0,3620997.0,2049993.95
202204,Y56,LONDON,12,129258.0,4087393.4,934649.84
202204,Y56,LONDON,13,341156.0,64378140.41,3277155.85
202204,Y56,LONDON,14,26839.0,26938.0,323022.61
202204,Y56,LONDON,15,12133.0,265576.5,279262.45
202204,Y56,LONDON,18,2.0,1100.0,192.5
202204,Y56,LONDON,19,9820.0,8915398.0,232659.0
202204,Y56,LONDON,20,44658.0,1241812.3,1193461.13
202204,Y56,LONDON,21,387313.0,89320862.0,4841360.59
202204,Y56,LONDON,22,16206.0,294978.0,399173.77
202204,Y56,LONDON,23,34475.0,4058534.8,1198377.99
202204,Y58,SOUTH WEST,1,859616.0,62392871.0,4724078.8100000005
202204,Y58,SOUTH WEST,2,2708991.0,97957791.0,14317296.86
202204,Y58,SOUTH WEST,3,547038.0,10691141.0,8507250.18
202204,Y58,SOUTH WEST,4,1820518.0,129223335.8,11222448.88
202204,Y58,SOUTH WEST,5,291672.0,10338134.5,1469940.7
202204,Y58,SOUTH WEST,6,959685.0,46828845.0,12173758.69
202204,Y58,SOUTH WEST,7,275219.0,11727708.0,2155787.21
202204,Y58,SOUTH WEST,8,39362.0,1580161.0,1537137.53
202204,Y58,SOUTH WEST,9,481985.0,157849860.0,3850631.89
202204,Y58,SOUTH WEST,10,249671.0,15167234.0,1223819.74
202204,Y58,SOUTH WEST,11,133411.0,2025912.5,1159146.76
202204,Y58,SOUTH WEST,12,82090.0,1595281.5,529776.13
202204,Y58,SOUTH WEST,13,186670.0,29792729.5,1735398.14
202204,Y58,SOUTH WEST,14,17223.0,17277.0,197145.43
202204,Y58,SOUTH WEST,15,17231.0,194851.0,178772.25
202204,Y58,SOUTH WEST,18,1.0,100.0,17.5
202204,Y58,SOUTH WEST,19,6285.0,3184431.0,148593.15
202204,Y58,SOUTH WEST,20,32857.0,603389.3,657572.27
202204,Y58,SOUTH WEST,21,254018.0,48257673.5,4341322.07
202204,Y58,SOUTH WEST,22,24485.0,413388.0,573490.61
202204,Y58,SOUTH WEST,23,41869.0,3585854.0,1617584.28
202204,Y59,SOUTH EAST,1,1110159.0,86449534.0,7183359.21
202204,Y59,SOUTH EAST,2,3521005.0,140561896.0,19993409.19
202204,Y59,SOUTH EAST,3,771797.0,16974455.0,12210918.97
202204,Y59,SOUTH EAST,4,2377808.0,165812987.39999998,17432376.189999998
202204,Y59,SOUTH EAST,5,456028.0,17524819.5,2257622.45
202204,Y59,SOUTH EAST,6,1329849.0,71378277.5,20113094.82
202204,Y59,SOUTH EAST,7,364063.0,16744203.0,3193809.57
202204,Y59,SOUTH EAST,8,59041.0,2661744.0,2299787.77
202204,Y59,SOUTH EAST,9,723874.0,484453676.5,10522581.45
202204,Y59,SOUTH EAST,10,319012.0,20704785.0,1630483.52
202204,Y59,SOUTH EAST,11,185361.0,3300135.5,1923990.77
202204,Y59,SOUTH EAST,12,127266.0,2258683.6,889437.6599999999
202204,Y59,SOUTH EAST,13,275478.0,46133406.0,2777854.33
202204,Y59,SOUTH EAST,14,26330.0,26389.0,320093.29
202204,Y59,SOUTH EAST,15,19387.0,279776.0,266575.62
202204,Y59,SOUTH EAST,18,2.0,2600.0,455.0
202204,Y59,SOUTH EAST,19,10899.0,6277977.0,298083.58
202204,Y59,SOUTH EAST,20,35768.0,1659791.1,834450.6699999999
202204,Y59,SOUTH EAST,21,345653.0,66478876.5,6408569.17
202204,Y59,SOUTH EAST,22,32384.0,619654.0,769930.21
202204,Y59,SOUTH EAST,23,85366.0,8293878.800000001,4907044.36
202204,Y60,MIDLANDS,1,1647127.0,134924545.0,9159989.14
202204,Y60,MIDLANDS,2,5268648.0,190979325.0,25426016.29
202204,Y60,MIDLANDS,3,1180997.0,24400018.0,16815828.03
202204,Y60,MIDLANDS,4,3503675.0,261092322.4,22932767.32
202204,Y60,MIDLANDS,5,609875.0,23144763.5,2741153.06
202204,Y60,MIDLANDS,6,1898541.0,94229961.0,25840656.54
202204,Y60,MIDLANDS,7,478060.0,20775534.0,3529966.66
202204,Y60,MIDLANDS,8,63928.0,2457141.0,2454061.55
202204,Y60,MIDLANDS,9,959247.0,808947468.0,16927956.88
202204,Y60,MIDLANDS,10,476664.0,32716963.0,1982220.66
202204,Y60,MIDLANDS,11,262815.0,4686295.5,2553748.15
202204,Y60,MIDLANDS,12,173270.0,4336547.0,1135506.3
202204,Y60,MIDLANDS,13,405725.0,75719752.5,3983880.98
202204,Y60,MIDLANDS,14,27281.0,27364.0,344902.85
202204,Y60,MIDLANDS,15,24281.0,351144.5,265650.05000000005
202204,Y60,MIDLANDS,18,2.0,1300.0,227.5
202204,Y60,MIDLANDS,19,15126.0,8693045.0,396168.74
202204,Y60,MIDLANDS,20,106915.0,2707633.3,3207372.15
202204,Y60,MIDLANDS,21,575893.0,100921487.5,8097185.65
202204,Y60,MIDLANDS,22,22780.0,435204.0,580079.11
202204,Y60,MIDLANDS,23,102264.0,9736186.1,5357180.38
202204,Y61,EAST OF ENGLAND,1,969828.0,68811895.0,5690815.890000001
202204,Y61,EAST OF ENGLAND,2,3278018.0,111433399.0,15358726.05
202204,Y61,EAST OF ENGLAND,3,685779.0,13797415.0,9555158.26
202204,Y61,EAST OF ENGLAND,4,2043179.0,132205630.2,12828264.5
202204,Y61,EAST OF ENGLAND,5,378408.0,14262135.5,1750243.82
202204,Y61,EAST OF ENGLAND,6,1192443.0,56349712.0,14616845.8
202204,Y61,EAST OF ENGLAND,7,312413.0,12903342.0,2264088.95
202204,Y61,EAST OF ENGLAND,8,52119.0,2111975.0,1955098.41
202204,Y61,EAST OF ENGLAND,9,503117.0,177485733.5,4945331.1
202204,Y61,EAST OF ENGLAND,10,275838.0,16525232.0,1405634.96
202204,Y61,EAST OF ENGLAND,11,149097.0,2336951.5,1438602.4
202204,Y61,EAST OF ENGLAND,12,98335.0,1653101.6,653676.74
202204,Y61,EAST OF ENGLAND,13,213412.0,33207898.5,2113655.2800000003
202204,Y61,EAST OF ENGLAND,14,11245.0,11271.0,150955.75
202204,Y61,EAST OF ENGLAND,15,13535.0,194109.0,183090.08
202204,Y61,EAST OF ENGLAND,18,2.0,1500.0,262.5
202204,Y61,EAST OF ENGLAND,19,8697.0,5172645.0,241598.26
202204,Y61,EAST OF ENGLAND,20,33532.0,1032372.2,1343498.48
202204,Y61,EAST OF ENGLAND,21,322597.0,54961796.5,9236499.96
202204,Y61,EAST OF ENGLAND,22,49984.0,950886.0,1386179.0699999998
202204,Y61,EAST OF ENGLAND,23,142754.0,11653283.4,10184022.27
202204,Y62,NORTH WEST,1,1300098.0,109131485.0,7355376.67
202204,Y62,NORTH WEST,2,3793825.0,134518626.0,17519498.759999998
202204,Y62,NORTH WEST,3,940606.0,19042881.0,13235731.85
202204,Y62,NORTH WEST,4,2845102.0,202576597.0,17755114.28
202204,Y62,NORTH WEST,5,447863.0,17268962.5,2088612.44
202204,Y62,NORTH WEST,6,1295094.0,61735527.0,17306335.6
202204,Y62,NORTH WEST,7,345378.0,13998456.0,2704073.21
202204,Y62,NORTH WEST,8,44612.0,1693876.0,1480502.2999999998
202204,Y62,NORTH WEST,9,746961.0,414577607.5,9474846.98
202204,Y62,NORTH WEST,10,353116.0,24604580.0,1606787.61
202204,Y62,NORTH WEST,11,172422.0,2630476.5,1492665.54
202204,Y62,NORTH WEST,12,129310.0,3280171.7,915862.72
202204,Y62,NORTH WEST,13,327936.0,66590760.0,3286377.74
202204,Y62,NORTH WEST,14,21996.0,22068.0,248049.58
202204,Y62,NORTH WEST,15,21892.0,337649.5,358117.72
202204,Y62,NORTH WEST,19,12601.0,6818553.0,329123.77
202204,Y62,NORTH WEST,20,140839.0,3213030.8,4059060.8
202204,Y62,NORTH WEST,21,409476.0,72802130.5,6632460.050000001
202204,Y62,NORTH WEST,22,31013.0,614711.0,758843.0
202204,Y62,NORTH WEST,23,86577.0,8261838.300000001,3903821.24
202204,Y63,NORTH EAST AND YORKSHIRE,1,1832427.0,139499508.0,9437107.45
202204,Y63,NORTH EAST AND YORKSHIRE,2,5589205.0,179611801.0,23308490.33
202204,Y63,NORTH EAST AND YORKSHIRE,3,1216223.0,23662715.0,17411678.95
202204,Y63,NORTH EAST AND YORKSHIRE,4,3789704.0,258268955.4,20951116.88
202204,Y63,NORTH EAST AND YORKSHIRE,5,539397.0,20178029.5,2712824.66
202204,Y63,NORTH EAST AND YORKSHIRE,6,1884417.0,84101458.5,22660022.38
202204,Y63,NORTH EAST AND YORKSHIRE,7,492833.0,19842825.0,3499650.58
202204,Y63,NORTH EAST AND YORKSHIRE,8,69472.0,2711876.0,2308977.54
202204,Y63,NORTH EAST AND YORKSHIRE,9,1012511.0,315704297.5,8210380.870000001
202204,Y63,NORTH EAST AND YORKSHIRE,10,514794.0,33422183.0,2112290.75
202204,Y63,NORTH EAST AND YORKSHIRE,11,224480.0,3212741.0,1889619.85
202204,Y63,NORTH EAST AND YORKSHIRE,12,158322.0,3464528.9,1019143.94
202204,Y63,NORTH EAST AND YORKSHIRE,13,374143.0,67417776.5,3648678.38
202204,Y63,NORTH EAST AND YORKSHIRE,14,22082.0,22148.0,273110.41
202204,Y63,NORTH EAST AND YORKSHIRE,15,18017.0,8481781.5,256292.93
202204,Y63,NORTH EAST AND YORKSHIRE,18,1.0,1000.0,175.0
202204,Y63,NORTH EAST AND YORKSHIRE,19,13463.0,6973988.0,296525.1
202204,Y63,NORTH EAST AND YORKSHIRE,20,48057.0,1368175.2,1522002.16
202204,Y63,NORTH EAST AND YORKSHIRE,21,448639.0,81477614.0,6540711.66
202204,Y63,NORTH EAST AND YORKSHIRE,22,11532.0,217466.0,297034.39
202204,Y63,NORTH EAST AND YORKSHIRE,23,56724.0,5764503.800000001,2696555.48
202205,Y56,LONDON,1,1119473.0,82161263.0,6781964.6
202205,Y56,LONDON,2,3728339.0,130047881.0,15497131.2
202205,Y56,LONDON,3,778412.0,19767095.0,10857938.4
202205,Y56,LONDON,4,2142534.0,133465121.6,14596684.58
202205,Y56,LONDON,5,423699.0,18116906.5,2003915.41
202205,Y56,LONDON,6,1567006.0,83045411.5,21341603.1
202205,Y56,LONDON,7,349309.0,14661681.0,2679776.83
202205,Y56,LONDON,8,46135.0,2017345.0,1436811.0
202205,Y56,LONDON,9,821673.0,293746565.0,7304082.32
202205,Y56,LONDON,10,309008.0,21050398.0,1359757.86
202205,Y56,LONDON,11,191028.0,3841900.0,2198961.36
202205,Y56,LONDON,12,140155.0,4358184.600000001,1012424.02
202205,Y56,LONDON,13,359027.0,67318249.0,3430031.97
202205,Y56,LONDON,14,26085.0,26249.0,330458.61
202205,Y56,LONDON,15,11971.0,274096.5,280513.61
202205,Y56,LONDON,18,1.0,100.0,17.5
202205,Y56,LONDON,19,10420.0,9576761.0,222413.05
202205,Y56,LONDON,20,47148.0,1352811.7,1278036.21
202205,Y56,LONDON,21,405159.0,90973496.5,5189983.67
202205,Y56,LONDON,22,16628.0,302499.0,414251.37
202205,Y56,LONDON,23,36995.0,4341916.1,1393383.94
202205,Y58,SOUTH WEST,1,895287.0,64107608.0,5005364.09
202205,Y58,SOUTH WEST,2,2814153.0,101744460.0,14911199.08
202205,Y58,SOUTH WEST,3,573531.0,11625841.0,8846521.9
202205,Y58,SOUTH WEST,4,1882727.0,133468419.6,11760508.27
202205,Y58,SOUTH WEST,5,295101.0,10790088.5,1561846.42
202205,Y58,SOUTH WEST,6,1002787.0,48810324.0,12856510.38
202205,Y58,SOUTH WEST,7,290888.0,12394434.0,2344883.23
202205,Y58,SOUTH WEST,8,40672.0,1629856.0,1579927.61
202205,Y58,SOUTH WEST,9,505501.0,163469751.5,3999053.060000001
202205,Y58,SOUTH WEST,10,261664.0,15817015.0,1283491.94
202205,Y58,SOUTH WEST,11,136617.0,2090524.5,1223251.5
202205,Y58,SOUTH WEST,12,86756.0,1687280.2,563003.6799999999
202205,Y58,SOUTH WEST,13,192642.0,30462404.0,1794393.0599999998
202205,Y58,SOUTH WEST,14,15404.0,15508.0,184637.3
202205,Y58,SOUTH WEST,15,20528.0,211891.5,187994.29
202205,Y58,SOUTH WEST,18,1.0,1000.0,175.0
202205,Y58,SOUTH WEST,19,7044.0,3287467.0,157752.02000000002
202205,Y58,SOUTH WEST,20,36938.0,659661.0,702698.4099999999
202205,Y58,SOUTH WEST,21,265443.0,49566199.5,5060116.71
202205,Y58,SOUTH WEST,22,23609.0,404506.0,563709.84
202205,Y58,SOUTH WEST,23,41880.0,3549760.3000000003,1698851.73
202205,Y59,SOUTH EAST,1,1158905.0,88983222.0,7594486.81
202205,Y59,SOUTH EAST,2,3653547.0,146303413.0,20868032.76
202205,Y59,SOUTH EAST,3,813915.0,18613856.0,12774310.74
202205,Y59,SOUTH EAST,4,2459219.0,170698240.6,18174246.71
202205,Y59,SOUTH EAST,5,469097.0,18797770.0,2380839.31
202205,Y59,SOUTH EAST,6,1393371.0,74550077.5,21176657.8
202205,Y59,SOUTH EAST,7,387057.0,17886907.0,3471103.41
202205,Y59,SOUTH EAST,8,61557.0,2775383.0,2372645.74
202205,Y59,SOUTH EAST,9,757756.0,527322759.5,11452220.78
202205,Y59,SOUTH EAST,10,335975.0,21747383.0,1702308.5099999998
202205,Y59,SOUTH EAST,11,193897.0,3525156.0,2091003.5
202205,Y59,SOUTH EAST,12,136114.0,2388559.1,944363.12
202205,Y59,SOUTH EAST,13,286071.0,47588971.5,2892679.5
202205,Y59,SOUTH EAST,14,19704.0,21054.0,266381.06
202205,Y59,SOUTH EAST,15,21595.0,303562.5,287010.74
202205,Y59,SOUTH EAST,18,2.0,2000.0,350.0
202205,Y59,SOUTH EAST,19,11826.0,7106811.0,329494.44
202205,Y59,SOUTH EAST,20,37734.0,1835674.0,870474.48
202205,Y59,SOUTH EAST,21,360321.0,68197746.5,6918003.5
202205,Y59,SOUTH EAST,22,35493.0,683925.0,844778.62
202205,Y59,SOUTH EAST,23,94081.0,9070716.1,5540388.41
202205,Y60,MIDLANDS,1,1777021.0,144375240.0,9925857.42
202205,Y60,MIDLANDS,2,5627774.0,204391539.0,27332200.35
202205,Y60,MIDLANDS,3,1276919.0,27246780.0,18058215.950000003
202205,Y60,MIDLANDS,4,3738086.0,277768157.2,24866771.91
202205,Y60,MIDLANDS,5,641604.0,25308878.0,2995283.31
202205,Y60,MIDLANDS,6,2032867.0,101361375.0,27909485.32
202205,Y60,MIDLANDS,7,521362.0,22986897.0,3951716.28
202205,Y60,MIDLANDS,8,68615.0,2661582.0,2564815.21
202205,Y60,MIDLANDS,9,1030083.0,822919489.5,17488172.23
202205,Y60,MIDLANDS,10,518559.0,35580115.0,2196727.92
202205,Y60,MIDLANDS,11,283593.0,5144197.0,2842576.66
202205,Y60,MIDLANDS,12,191322.0,4878229.2,1245348.72
202205,Y60,MIDLANDS,13,440479.0,81425017.5,4267221.85
202205,Y60,MIDLANDS,14,29344.0,29462.0,381295.62
202205,Y60,MIDLANDS,15,28408.0,387435.0,291737.54
202205,Y60,MIDLANDS,19,17745.0,10432037.0,458514.87
202205,Y60,MIDLANDS,20,118073.0,3017032.0,3705656.54
202205,Y60,MIDLANDS,21,619097.0,107100751.5,8957618.030000001
202205,Y60,MIDLANDS,22,25200.0,487103.0,648149.74
202205,Y60,MIDLANDS,23,111487.0,10661319.1,5924093.9
202205,Y61,EAST OF ENGLAND,1,1018793.0,71725943.0,6013567.95
202205,Y61,EAST OF ENGLAND,2,3412129.0,116431035.0,16140203.91
202205,Y61,EAST OF ENGLAND,3,726483.0,14993900.0,10060570.38
202205,Y61,EAST OF ENGLAND,4,2126395.0,137855831.0,13460733.21
202205,Y61,EAST OF ENGLAND,5,396612.0,15834905.0,1886103.44
202205,Y61,EAST OF ENGLAND,6,1251121.0,59107686.5,15516483.89
202205,Y61,EAST OF ENGLAND,7,332326.0,13844923.0,2470440.7
202205,Y61,EAST OF ENGLAND,8,54673.0,2214992.0,2097662.32
202205,Y61,EAST OF ENGLAND,9,528547.0,184071542.5,5114881.91
202205,Y61,EAST OF ENGLAND,10,292499.0,17469159.0,1492418.27
202205,Y61,EAST OF ENGLAND,11,156875.0,2494781.5,1579012.35
202205,Y61,EAST OF ENGLAND,12,106864.0,1744205.2000000002,704262.6900000001
202205,Y61,EAST OF ENGLAND,13,225502.0,34415732.0,2226492.05
202205,Y61,EAST OF ENGLAND,14,10283.0,10369.0,149846.0
202205,Y61,EAST OF ENGLAND,15,14952.0,211416.0,184550.77
202205,Y61,EAST OF ENGLAND,18,3.0,1100.0,192.5
202205,Y61,EAST OF ENGLAND,19,9658.0,5570422.0,265813.26
202205,Y61,EAST OF ENGLAND,20,36654.0,1122753.1,1482602.47
202205,Y61,EAST OF ENGLAND,21,347367.0,57981471.0,10374613.07
202205,Y61,EAST OF ENGLAND,22,56039.0,1064100.0,1559139.08
202205,Y61,EAST OF ENGLAND,23,159484.0,12953529.3,11577032.7
202205,Y62,NORTH WEST,1,1352042.0,111719586.0,7682274.84
202205,Y62,NORTH WEST,2,3920249.0,139065839.0,18152609.54
202205,Y62,NORTH WEST,3,981970.0,20265252.0,13696545.170000002
202205,Y62,NORTH WEST,4,2930480.0,208507020.8,18490242.14
202205,Y62,NORTH WEST,5,463159.0,18657213.5,2227177.21
202205,Y62,NORTH WEST,6,1347673.0,64323964.5,18151424.89
202205,Y62,NORTH WEST,7,361743.0,14870583.0,2913381.52
202205,Y62,NORTH WEST,8,45548.0,1746101.0,1460900.06
202205,Y62,NORTH WEST,9,775725.0,427825339.0,9937410.26
202205,Y62,NORTH WEST,10,369564.0,25786980.0,1695289.38
202205,Y62,NORTH WEST,11,178512.0,2751497.5,1592379.99
202205,Y62,NORTH WEST,12,136864.0,3581908.4,967345.74
202205,Y62,NORTH WEST,13,343783.0,68948228.5,3473841.52
202205,Y62,NORTH WEST,14,13698.0,13841.0,179965.34000000003
202205,Y62,NORTH WEST,15,22692.0,339701.5,362168.12
202205,Y62,NORTH WEST,19,14308.0,7405271.0,352361.04
202205,Y62,NORTH WEST,20,149473.0,3396105.9000000004,4431051.59
202205,Y62,NORTH WEST,21,429395.0,74999232.5,7180724.97
202205,Y62,NORTH WEST,22,35334.0,697719.0,862035.59
202205,Y62,NORTH WEST,23,91257.0,8672074.299999999,4213365.26
202205,Y63,NORTH EAST AND YORKSHIRE,1,1898143.0,143059883.0,9917152.63
202205,Y63,NORTH EAST AND YORKSHIRE,2,5765564.0,186612551.0,24289675.29
202205,Y63,NORTH EAST AND YORKSHIRE,3,1271773.0,25441596.0,18090407.15
202205,Y63,NORTH EAST AND YORKSHIRE,4,3897927.0,265936330.6,21850040.82
202205,Y63,NORTH EAST AND YORKSHIRE,5,549991.0,21380791.5,2841236.74
202205,Y63,NORTH EAST AND YORKSHIRE,6,1959945.0,87857880.5,23877575.12
202205,Y63,NORTH EAST AND YORKSHIRE,7,517184.0,21138204.0,3746235.92
202205,Y63,NORTH EAST AND YORKSHIRE,8,71742.0,2834032.0,2368697.95
202205,Y63,NORTH EAST AND YORKSHIRE,9,1053058.0,332229235.5,8603116.54
202205,Y63,NORTH EAST AND YORKSHIRE,10,536512.0,34857538.0,2212023.67
202205,Y63,NORTH EAST AND YORKSHIRE,11,231536.0,3387798.5,2034049.46
202205,Y63,NORTH EAST AND YORKSHIRE,12,168926.0,3777410.8,1085908.36
202205,Y63,NORTH EAST AND YORKSHIRE,13,395112.0,70879581.5,3888021.12
202205,Y63,NORTH EAST AND YORKSHIRE,14,19660.0,19790.0,262398.66
202205,Y63,NORTH EAST AND YORKSHIRE,15,20081.0,309106.5,275600.31
202205,Y63,NORTH EAST AND YORKSHIRE,19,15603.0,7783454.0,357201.38
202205,Y63,NORTH EAST AND YORKSHIRE,20,50599.0,1461835.0,1620687.2000000002
202205,Y63,NORTH EAST AND YORKSHIRE,21,469355.0,84880545.0,6831195.99
202205,Y63,NORTH EAST AND YORKSHIRE,22,11948.0,225340.0,312812.97
202205,Y63,NORTH EAST AND YORKSHIRE,23,60316.0,6116513.2,2895094.09
202206,Y56,LONDON,1,1092687.0,80909380.0,6835902.06
202206,Y56,LONDON,2,3632733.0,127132005.0,15195077.77
202206,Y56,LONDON,3,797617.0,21197724.0,11159789.02
202206,Y56,LONDON,4,2102621.0,131380964.9,14482827.85
202206,Y56,LONDON,5,422487.0,18169221.0,2008386.43
202206,Y56,LONDON,6,1534921.0,81416268.5,21308455.74
202206,Y56,LONDON,7,339926.0,14290306.0,2615752.1
202206,Y56,LONDON,8,44404.0,1951360.0,1429911.86
202206,Y56,LONDON,9,802124.0,290515694.5,7161901.52
202206,Y56,LONDON,10,301355.0,20614514.0,1322001.08
202206,Y56,LONDON,11,187616.0,3735646.5,2254163.51
202206,Y56,LONDON,12,148016.0,4346970.7,1054105.28
202206,Y56,LONDON,13,353121.0,65322362.5,3406578.48
202206,Y56,LONDON,14,28361.0,28539.0,374057.62
202206,Y56,LONDON,15,11877.0,272391.0,288740.85
202206,Y56,LONDON,19,10238.0,9527638.0,218609.84
202206,Y56,LONDON,20,46608.0,1344992.5,1239562.24
202206,Y56,LONDON,21,406776.0,91105325.5,5194994.29
202206,Y56,LONDON,22,16469.0,300816.0,417180.15
202206,Y56,LONDON,23,36461.0,4281805.8,1361109.78
202206,Y58,SOUTH WEST,1,869287.0,63001676.0,5072216.49
202206,Y58,SOUTH WEST,2,2722929.0,98369058.0,14473087.21
202206,Y58,SOUTH WEST,3,573112.0,11939855.0,8784392.05
202206,Y58,SOUTH WEST,4,1829777.0,129762700.4,11504936.18
202206,Y58,SOUTH WEST,5,290848.0,10734760.0,1526687.51
202206,Y58,SOUTH WEST,6,973051.0,47432194.0,12683362.9
202206,Y58,SOUTH WEST,7,281133.0,11965738.0,2261788.76
202206,Y58,SOUTH WEST,8,39296.0,1568930.0,1568905.65
202206,Y58,SOUTH WEST,9,491475.0,159770628.5,3895787.64
202206,Y58,SOUTH WEST,10,252523.0,15387694.0,1233787.6
202206,Y58,SOUTH WEST,11,128355.0,1992453.0,1225463.16
202206,Y58,SOUTH WEST,12,86193.0,1681426.0,544984.11
202206,Y58,SOUTH WEST,13,186077.0,29265220.5,1734528.49
202206,Y58,SOUTH WEST,14,9978.0,11183.0,140401.24
202206,Y58,SOUTH WEST,15,18208.0,204030.0,180063.0
202206,Y58,SOUTH WEST,18,1.0,1000.0,175.0
202206,Y58,SOUTH WEST,19,6468.0,3400878.0,146411.81
202206,Y58,SOUTH WEST,20,33723.0,637390.7,684473.0900000001
202206,Y58,SOUTH WEST,21,269574.0,48769662.5,5782284.55
202206,Y58,SOUTH WEST,22,32379.0,549466.0,766089.31
202206,Y58,SOUTH WEST,23,43142.0,3682051.0,1717530.24
202206,Y59,SOUTH EAST,1,1129877.0,87697508.0,7644627.22
202206,Y59,SOUTH EAST,2,3560461.0,142113708.0,20377411.47
202206,Y59,SOUTH EAST,3,817242.0,19268031.0,12947473.06
202206,Y59,SOUTH EAST,4,2402337.0,166792119.60000002,17979087.21
202206,Y59,SOUTH EAST,5,463055.0,18790902.5,2395276.34
202206,Y59,SOUTH EAST,6,1351823.0,72149074.0,20856510.03
202206,Y59,SOUTH EAST,7,373748.0,17235969.0,3343664.47
202206,Y59,SOUTH EAST,8,59437.0,2646194.0,2321586.0
202206,Y59,SOUTH EAST,9,736921.0,500355212.0,10887011.32
202206,Y59,SOUTH EAST,10,325101.0,21087913.0,1627601.61
202206,Y59,SOUTH EAST,11,186012.0,3360699.5,2073327.06
202206,Y59,SOUTH EAST,12,135553.0,2417013.8,935513.4
202206,Y59,SOUTH EAST,13,276288.0,45744623.5,2793702.02
202206,Y59,SOUTH EAST,14,13789.0,13930.0,202754.98
202206,Y59,SOUTH EAST,15,20668.0,289941.5,274143.03
202206,Y59,SOUTH EAST,18,1.0,2000.0,350.0
202206,Y59,SOUTH EAST,19,10817.0,6234491.0,304565.1
202206,Y59,SOUTH EAST,20,37469.0,1704685.6,875282.6100000001
202206,Y59,SOUTH EAST,21,354158.0,66142728.0,6738710.09
202206,Y59,SOUTH EAST,22,34705.0,668153.0,827729.28
202206,Y59,SOUTH EAST,23,87580.0,8497548.5,5058746.61
202206,Y60,MIDLANDS,1,1722017.0,140776796.0,9990150.79
202206,Y60,MIDLANDS,2,5445621.0,197244761.0,26406133.73
202206,Y60,MIDLANDS,3,1278519.0,28256853.0,17928594.82
202206,Y60,MIDLANDS,4,3631034.0,269238866.20000005,24249994.19
202206,Y60,MIDLANDS,5,627295.0,25122633.0,2962987.6
202206,Y60,MIDLANDS,6,1979865.0,98600500.0,27667698.42
202206,Y60,MIDLANDS,7,502517.0,21926643.0,3813087.51
202206,Y60,MIDLANDS,8,65943.0,2529422.0,2534574.49
202206,Y60,MIDLANDS,9,1000593.0,838739662.0,17596528.04
202206,Y60,MIDLANDS,10,500478.0,34402799.0,2100447.27
202206,Y60,MIDLANDS,11,263609.0,4770345.5,2787065.55
202206,Y60,MIDLANDS,12,194637.0,4712519.3,1256831.25
202206,Y60,MIDLANDS,13,428655.0,78970812.0,4222711.19
202206,Y60,MIDLANDS,14,28011.0,28202.0,369089.58
202206,Y60,MIDLANDS,15,27145.0,372034.0,287897.99
202206,Y60,MIDLANDS,19,16236.0,9723095.0,418594.1
202206,Y60,MIDLANDS,20,121407.0,2911094.5,3589299.81
202206,Y60,MIDLANDS,21,609634.0,104990475.0,8869372.87
202206,Y60,MIDLANDS,22,23969.0,460642.0,617625.28
202206,Y60,MIDLANDS,23,110254.0,10497734.0,5951316.67
202206,Y61,EAST OF ENGLAND,1,993059.0,70138634.0,6056875.04
202206,Y61,EAST OF ENGLAND,2,3330571.0,113304953.0,15742533.84
202206,Y61,EAST OF ENGLAND,3,733019.0,15503605.0,10234920.91
202206,Y61,EAST OF ENGLAND,4,2079278.0,134421561.4,13228820.569999998
202206,Y61,EAST OF ENGLAND,5,388782.0,15561023.0,1881488.38
202206,Y61,EAST OF ENGLAND,6,1221455.0,57513465.5,15407313.46
202206,Y61,EAST OF ENGLAND,7,323233.0,13431536.5,2372777.15
202206,Y61,EAST OF ENGLAND,8,53037.0,2131967.0,2038364.24
202206,Y61,EAST OF ENGLAND,9,513107.0,181086459.0,4978821.49
202206,Y61,EAST OF ENGLAND,10,283966.0,17008149.0,1450896.81
202206,Y61,EAST OF ENGLAND,11,149119.0,2352990.0,1543443.7
202206,Y61,EAST OF ENGLAND,12,107392.0,1703446.0,717474.0700000001
202206,Y61,EAST OF ENGLAND,13,219516.0,33616475.0,2139242.76
202206,Y61,EAST OF ENGLAND,14,11324.0,11400.0,165575.61
202206,Y61,EAST OF ENGLAND,15,13921.0,194890.5,176102.89
202206,Y61,EAST OF ENGLAND,19,8985.0,5319752.0,250330.25
202206,Y61,EAST OF ENGLAND,20,37999.0,1089455.2000000002,1457728.24
202206,Y61,EAST OF ENGLAND,21,337207.0,55982617.5,9616680.23
202206,Y61,EAST OF ENGLAND,22,49355.0,948383.0,1383091.36
202206,Y61,EAST OF ENGLAND,23,143230.0,11654925.3,10269285.85
202206,Y62,NORTH WEST,1,1327941.0,111275948.0,7729655.17
202206,Y62,NORTH WEST,2,3835210.0,135878082.0,17776569.87
202206,Y62,NORTH WEST,3,986074.0,21079368.0,13778983.23
202206,Y62,NORTH WEST,4,2885883.0,205389309.8,18365048.73
202206,Y62,NORTH WEST,5,448127.0,17953138.0,2189234.2
202206,Y62,NORTH WEST,6,1321914.0,62917722.5,18091585.38
202206,Y62,NORTH WEST,7,354750.0,14519781.0,2832478.64
202206,Y62,NORTH WEST,8,44543.0,1709126.0,1437907.3199999998
202206,Y62,NORTH WEST,9,759214.0,422364413.0,9743058.0
202206,Y62,NORTH WEST,10,362878.0,25345450.0,1655752.79
202206,Y62,NORTH WEST,11,167048.0,2600288.5,1614987.52
202206,Y62,NORTH WEST,12,141852.0,3433511.7,1008131.84
202206,Y62,NORTH WEST,13,337465.0,67620894.91,3410443.65
202206,Y62,NORTH WEST,14,23473.0,23590.0,268819.43
202206,Y62,NORTH WEST,15,21598.0,337585.5,357354.51
202206,Y62,NORTH WEST,19,13008.0,7160468.0,328768.64
202206,Y62,NORTH WEST,20,163407.0,3687142.7,4802163.62
202206,Y62,NORTH WEST,21,426623.0,73627015.5,7187906.49
202206,Y62,NORTH WEST,22,34189.0,674112.0,838709.22
202206,Y62,NORTH WEST,23,91089.0,8717806.4,4262555.16
202206,Y63,NORTH EAST AND YORKSHIRE,1,1836959.0,139368344.0,9840172.69
202206,Y63,NORTH EAST AND YORKSHIRE,2,5565677.0,179940372.0,23476228.42
202206,Y63,NORTH EAST AND YORKSHIRE,3,1269971.0,26461306.0,18054217.23
202206,Y63,NORTH EAST AND YORKSHIRE,4,3787026.0,258455446.6,21394285.31
202206,Y63,NORTH EAST AND YORKSHIRE,5,532401.0,20781592.0,2800397.49
202206,Y63,NORTH EAST AND YORKSHIRE,6,1889526.0,84787217.5,23257484.29
202206,Y63,NORTH EAST AND YORKSHIRE,7,499178.0,20356461.0,3644397.350000001
202206,Y63,NORTH EAST AND YORKSHIRE,8,69100.0,2711397.0,2322367.21
202206,Y63,NORTH EAST AND YORKSHIRE,9,1013940.0,324714376.5,8323689.630000001
202206,Y63,NORTH EAST AND YORKSHIRE,10,519323.0,33700484.0,2113454.86
202206,Y63,NORTH EAST AND YORKSHIRE,11,216383.0,3203991.0,2027707.89
202206,Y63,NORTH EAST AND YORKSHIRE,12,170291.0,3584548.5,1084066.3
202206,Y63,NORTH EAST AND YORKSHIRE,13,384130.0,68954888.0,3753278.1
202206,Y63,NORTH EAST AND YORKSHIRE,14,16117.0,16202.0,227456.54
202206,Y63,NORTH EAST AND YORKSHIRE,15,18996.0,286244.0,265407.85
202206,Y63,NORTH EAST AND YORKSHIRE,19,14697.0,7471117.0,308983.39
202206,Y63,NORTH EAST AND YORKSHIRE,20,50267.0,1440348.7,1600809.0099999998
202206,Y63,NORTH EAST AND YORKSHIRE,21,461777.0,82667819.5,6747275.36
202206,Y63,NORTH EAST AND YORKSHIRE,22,11422.0,217131.0,302618.57
202206,Y63,NORTH EAST AND YORKSHIRE,23,56650.0,5789054.0,2691802.49
202207,Y56,LONDON,1,1086913.0,79867772.0,6875946.3100000005
202207,Y56,LONDON,2,3635253.0,127020558.0,15261489.46
202207,Y56,LONDON,3,758651.0,19150490.0,11007471.43
202207,Y56,LONDON,4,2081854.0,130132692.8,15279746.16
202207,Y56,LONDON,5,423823.0,18497365.0,2211566.74
202207,Y56,LONDON,6,1540062.0,82037162.0,21852869.84
202207,Y56,LONDON,7,339110.0,14267043.0,2579749.37
202207,Y56,LONDON,8,45836.0,2013868.0,1494319.29
202207,Y56,LONDON,9,803367.0,290156919.0,7133900.07
202207,Y56,LONDON,10,299323.0,20371205.0,1280620.04
202207,Y56,LONDON,11,172536.0,3548500.0,2150811.35
202207,Y56,LONDON,12,135769.0,4158701.5,989404.93
202207,Y56,LONDON,13,345050.0,63971903.91,3357550.05
202207,Y56,LONDON,14,43265.0,43506.0,554443.0700000001
202207,Y56,LONDON,15,12339.0,272479.5,288720.54
202207,Y56,LONDON,18,1.0,2000.0,350.0
202207,Y56,LONDON,19,13316.0,9641642.0,244027.91
202207,Y56,LONDON,20,47116.0,1322894.0,1266313.36
202207,Y56,LONDON,21,403727.0,87958085.0,5350033.220000001
202207,Y56,LONDON,22,19388.0,349984.0,465577.33
202207,Y56,LONDON,23,35963.0,4244878.7,1261718.67
202207,Y58,SOUTH WEST,1,871365.0,63238791.0,5151060.67
202207,Y58,SOUTH WEST,2,2733827.0,99227003.0,14619538.61
202207,Y58,SOUTH WEST,3,568004.0,11538703.0,8865789.690000001
202207,Y58,SOUTH WEST,4,1821211.0,129477314.8,12214994.66
202207,Y58,SOUTH WEST,5,298683.0,11378912.0,1654758.01
202207,Y58,SOUTH WEST,6,980168.0,48097997.0,13254348.6
202207,Y58,SOUTH WEST,7,279732.0,11941402.0,2230704.75
202207,Y58,SOUTH WEST,8,39424.0,1576547.0,1554430.36
202207,Y58,SOUTH WEST,9,494390.0,162269248.5,3978005.64
202207,Y58,SOUTH WEST,10,251383.0,15264523.0,1215215.59
202207,Y58,SOUTH WEST,11,126742.0,1991014.0,1203180.42
202207,Y58,SOUTH WEST,12,87523.0,1662524.7999999998,564585.06
202207,Y58,SOUTH WEST,13,186068.0,29273659.5,1719294.98
202207,Y58,SOUTH WEST,14,14340.0,14486.0,184893.36
202207,Y58,SOUTH WEST,15,19304.0,215367.5,183293.74
202207,Y58,SOUTH WEST,18,2.0,1300.0,227.5
202207,Y58,SOUTH WEST,19,7895.0,3527796.0,170964.63
202207,Y58,SOUTH WEST,20,35775.0,646168.4,697320.0800000001
202207,Y58,SOUTH WEST,21,267312.0,48060722.0,5229069.87
202207,Y58,SOUTH WEST,22,26548.0,453483.0,633199.03
202207,Y58,SOUTH WEST,23,43089.0,3621684.3,1652389.37
202207,Y59,SOUTH EAST,1,1116917.0,86311427.0,7650169.44
202207,Y59,SOUTH EAST,2,3543817.0,141990397.0,20353792.68
202207,Y59,SOUTH EAST,3,796900.0,18262093.0,12925043.37
202207,Y59,SOUTH EAST,4,2366750.0,164194796.8,18748083.54
202207,Y59,SOUTH EAST,5,470868.0,19619394.0,2580900.42
202207,Y59,SOUTH EAST,6,1361218.0,73628670.5,21831160.4
202207,Y59,SOUTH EAST,7,373617.0,17352971.0,3317603.34
202207,Y59,SOUTH EAST,8,59781.0,2662307.0,2390784.06
202207,Y59,SOUTH EAST,9,734380.0,496534950.3,10759217.07
202207,Y59,SOUTH EAST,10,321339.0,20856871.0,1582729.27
202207,Y59,SOUTH EAST,11,179786.0,3331396.5,2017427.36
202207,Y59,SOUTH EAST,12,135418.0,2320987.4,941766.94
202207,Y59,SOUTH EAST,13,274163.0,45502199.0,2782437.07
202207,Y59,SOUTH EAST,14,23513.0,23675.0,314043.06
202207,Y59,SOUTH EAST,15,20490.0,292609.0,278357.26
202207,Y59,SOUTH EAST,18,2.0,700.0,122.5
202207,Y59,SOUTH EAST,19,12357.0,6387930.0,312122.66000000003
202207,Y59,SOUTH EAST,20,37121.0,1721491.2000000002,869729.95
202207,Y59,SOUTH EAST,21,355600.0,64537071.5,6964661.53
202207,Y59,SOUTH EAST,22,33163.0,637788.0,782454.8500000001
202207,Y59,SOUTH EAST,23,89394.0,8636145.4,5314461.27
202207,Y60,MIDLANDS,1,1721494.0,141135015.0,10047345.8
202207,Y60,MIDLANDS,2,5469083.0,198731241.0,26780083.99
202207,Y60,MIDLANDS,3,1268064.0,27118013.0,18183405.37
202207,Y60,MIDLANDS,4,3615030.0,268905752.2,25675986.25
202207,Y60,MIDLANDS,5,640354.0,26376166.5,3232438.74
202207,Y60,MIDLANDS,6,1997723.0,99971336.5,28795761.79
202207,Y60,MIDLANDS,7,504951.0,22088738.0,3772238.67
202207,Y60,MIDLANDS,8,66714.0,2570850.0,2543259.87
202207,Y60,MIDLANDS,9,1011029.0,845526699.5,17667030.59
202207,Y60,MIDLANDS,10,497698.0,34184372.0,2003857.33
202207,Y60,MIDLANDS,11,257421.0,4801075.0,2782345.67
202207,Y60,MIDLANDS,12,192632.0,4580330.8,1263930.64
202207,Y60,MIDLANDS,13,423119.0,78023136.5,4131619.37
202207,Y60,MIDLANDS,14,33489.0,33655.0,458724.3000000001
202207,Y60,MIDLANDS,15,26910.0,372240.5,281537.96
202207,Y60,MIDLANDS,19,20083.0,10092166.0,450383.14
202207,Y60,MIDLANDS,20,126005.0,2985136.2,3597513.07
202207,Y60,MIDLANDS,21,621777.0,104162968.0,9303640.51
202207,Y60,MIDLANDS,22,24610.0,471693.0,637345.26
202207,Y60,MIDLANDS,23,111785.0,10645028.6,5964448.22
202207,Y61,EAST OF ENGLAND,1,984285.0,69384742.0,6083361.94
202207,Y61,EAST OF ENGLAND,2,3307962.0,112766776.0,15664574.88
202207,Y61,EAST OF ENGLAND,3,711617.0,14689377.0,10153496.16
202207,Y61,EAST OF ENGLAND,4,2052413.0,132652299.8,13914739.45
202207,Y61,EAST OF ENGLAND,5,393047.0,16161836.0,2012787.85
202207,Y61,EAST OF ENGLAND,6,1227097.0,58119980.0,16013110.239999998
202207,Y61,EAST OF ENGLAND,7,321320.0,13372396.0,2356625.49
202207,Y61,EAST OF ENGLAND,8,52836.0,2131801.0,2019334.85
202207,Y61,EAST OF ENGLAND,9,514366.0,181672060.0,4921635.25
202207,Y61,EAST OF ENGLAND,10,280770.0,16807360.0,1413805.55
202207,Y61,EAST OF ENGLAND,11,144627.0,2345178.5,1518276.71
202207,Y61,EAST OF ENGLAND,12,105564.0,1693106.2,695433.36
202207,Y61,EAST OF ENGLAND,13,215199.0,32677254.0,2086548.19
202207,Y61,EAST OF ENGLAND,14,19183.0,19234.0,239483.47
202207,Y61,EAST OF ENGLAND,15,13922.0,205762.0,188895.17
202207,Y61,EAST OF ENGLAND,18,3.0,700.0,122.5
202207,Y61,EAST OF ENGLAND,19,10297.0,5351022.0,260930.09000000003
202207,Y61,EAST OF ENGLAND,20,36952.0,1136033.6,1480340.9300000002
202207,Y61,EAST OF ENGLAND,21,341475.0,55052267.5,10567680.7
202207,Y61,EAST OF ENGLAND,22,56069.0,1068205.0,1573584.06
202207,Y61,EAST OF ENGLAND,23,159370.0,12896921.8,11596363.76
202207,Y62,NORTH WEST,1,1323272.0,111027579.0,7813721.14
202207,Y62,NORTH WEST,2,3825546.0,135805393.0,17784836.669999998
202207,Y62,NORTH WEST,3,970120.0,20298625.0,13785744.04
202207,Y62,NORTH WEST,4,2857159.0,203381358.4,19238448.35
202207,Y62,NORTH WEST,5,454098.0,18549154.0,2384938.81
202207,Y62,NORTH WEST,6,1322926.0,63448621.0,18805706.49
202207,Y62,NORTH WEST,7,354807.0,14666337.0,2827218.69
202207,Y62,NORTH WEST,8,44630.0,1703563.0,1414487.68
202207,Y62,NORTH WEST,9,761667.0,427868291.3,9891366.58
202207,Y62,NORTH WEST,10,358612.0,25034636.0,1611275.56
202207,Y62,NORTH WEST,11,160454.0,2499993.5,1541671.21
202207,Y62,NORTH WEST,12,135283.0,3329596.8,963966.17
202207,Y62,NORTH WEST,13,329392.0,65818297.5,3338649.89
202207,Y62,NORTH WEST,14,12282.0,12437.0,164710.88
202207,Y62,NORTH WEST,15,21579.0,326884.5,354477.07
202207,Y62,NORTH WEST,19,16858.0,7693478.0,361068.68000000005
202207,Y62,NORTH WEST,20,142644.0,3245522.4000000004,4251877.05
202207,Y62,NORTH WEST,21,425449.0,71219613.5,7000487.45
202207,Y62,NORTH WEST,22,32089.0,630585.0,789414.82
202207,Y62,NORTH WEST,23,87506.0,8344325.4,4036693.46
202207,Y63,NORTH EAST AND YORKSHIRE,1,1835992.0,138561865.0,9940874.59
202207,Y63,NORTH EAST AND YORKSHIRE,2,5587315.0,180627593.0,23559574.37
202207,Y63,NORTH EAST AND YORKSHIRE,3,1256993.0,25413467.0,18159349.54
202207,Y63,NORTH EAST AND YORKSHIRE,4,3768440.0,256238309.8,22641131.09
202207,Y63,NORTH EAST AND YORKSHIRE,5,541573.0,21540121.5,2985832.76
202207,Y63,NORTH EAST AND YORKSHIRE,6,1906456.0,85860736.0,24125834.11
202207,Y63,NORTH EAST AND YORKSHIRE,7,500665.0,20476453.0,3593057.68
202207,Y63,NORTH EAST AND YORKSHIRE,8,69455.0,2744067.0,2311908.09
202207,Y63,NORTH EAST AND YORKSHIRE,9,1021921.0,329040254.3,8442475.16
202207,Y63,NORTH EAST AND YORKSHIRE,10,516942.0,33586240.0,2060821.78
202207,Y63,NORTH EAST AND YORKSHIRE,11,209070.0,3095705.5,1947712.86
202207,Y63,NORTH EAST AND YORKSHIRE,12,169085.0,3565677.1,1094239.65
202207,Y63,NORTH EAST AND YORKSHIRE,13,374696.0,66962683.0,3700015.55
202207,Y63,NORTH EAST AND YORKSHIRE,14,17327.0,17453.0,240794.88
202207,Y63,NORTH EAST AND YORKSHIRE,15,19185.0,8693433.0,261462.19
202207,Y63,NORTH EAST AND YORKSHIRE,19,17771.0,7497817.0,331055.6
202207,Y63,NORTH EAST AND YORKSHIRE,20,51237.0,1460140.5,1627840.71
202207,Y63,NORTH EAST AND YORKSHIRE,21,464357.0,81040113.0,6953072.0200000005
202207,Y63,NORTH EAST AND YORKSHIRE,22,12023.0,227134.0,317147.82
202207,Y63,NORTH EAST AND YORKSHIRE,23,56779.0,5777302.6,2720243.52
202208,Y56,LONDON,1,1117963.0,81518070.0,6901157.28
202208,Y56,LONDON,2,3743467.0,130053943.0,15802741.31
202208,Y56,LONDON,3,724001.0,17322048.0,10905688.45
202208,Y56,LONDON,4,2137953.0,133140553.6,15680471.03
202208,Y56,LONDON,5,385665.0,15033201.0,2174410.21
202208,Y56,LONDON,6,1576682.0,83054021.5,22688162.89
202208,Y56,LONDON,7,345697.0,14277653.0,2635962.96
202208,Y56,LONDON,8,45980.0,1997864.0,1423472.27
202208,Y56,LONDON,9,816978.0,297258181.5,7204451.359999999
202208,Y56,LONDON,10,306197.0,20774625.0,1324843.75
202208,Y56,LONDON,11,169619.0,3568940.5,2183636.21
202208,Y56,LONDON,12,123648.0,4104899.3,907631.16
202208,Y56,LONDON,13,331935.0,61327227.0,3252329.27
202208,Y56,LONDON,14,22093.0,22408.0,310477.28
202208,Y56,LONDON,15,11501.0,271560.0,284244.9
202208,Y56,LONDON,18,2.0,1100.0,192.5
202208,Y56,LONDON,19,13243.0,9947743.0,228727.33
202208,Y56,LONDON,20,49051.0,1397551.3,1367802.33
202208,Y56,LONDON,21,394376.0,85712281.5,5103104.38
202208,Y56,LONDON,22,6922.0,132391.0,222556.87
202208,Y56,LONDON,23,36737.0,4357629.7,1286253.22
202208,Y58,SOUTH WEST,1,894462.0,64439548.0,5224673.4
202208,Y58,SOUTH WEST,2,2819737.0,102335957.0,15209462.39
202208,Y58,SOUTH WEST,3,559516.0,11154454.0,8963025.2
202208,Y58,SOUTH WEST,4,1875188.0,133121420.8,12632911.95
202208,Y58,SOUTH WEST,5,294077.0,10541502.5,1737094.14
202208,Y58,SOUTH WEST,6,1010984.0,49665695.5,14056431.59
202208,Y58,SOUTH WEST,7,289705.0,12295092.0,2310074.25
202208,Y58,SOUTH WEST,8,40384.0,1619897.0,1566213.6800000002
202208,Y58,SOUTH WEST,9,509984.0,165909450.8,4052970.2
202208,Y58,SOUTH WEST,10,256924.0,15662138.0,1230489.34
202208,Y58,SOUTH WEST,11,128328.0,2001782.5,1230621.16
202208,Y58,SOUTH WEST,12,86574.0,1664370.4,561375.19
202208,Y58,SOUTH WEST,13,183109.0,28800105.5,1735387.57
202208,Y58,SOUTH WEST,14,9043.0,9212.0,129351.45
202208,Y58,SOUTH WEST,15,17334.0,209096.0,184432.09000000003
202208,Y58,SOUTH WEST,19,8546.0,3456869.0,162702.26
202208,Y58,SOUTH WEST,20,37005.0,685614.0,733366.35
202208,Y58,SOUTH WEST,21,273711.0,48682826.0,5445377.57
202208,Y58,SOUTH WEST,22,26956.0,456659.0,636581.38
202208,Y58,SOUTH WEST,23,44973.0,3821282.1,1733542.29
202208,Y59,SOUTH EAST,1,1147855.0,88097831.0,7755101.98
202208,Y59,SOUTH EAST,2,3655195.0,146211516.0,21149598.06
202208,Y59,SOUTH EAST,3,773961.0,17220162.0,13002829.1
202208,Y59,SOUTH EAST,4,2434834.0,169136107.2,19359363.56
202208,Y59,SOUTH EAST,5,451865.0,17105252.5,2653027.82
202208,Y59,SOUTH EAST,6,1400297.0,75316572.0,22772651.84
202208,Y59,SOUTH EAST,7,384589.0,17716010.0,3416142.98
202208,Y59,SOUTH EAST,8,60912.0,2711081.0,2351591.27
202208,Y59,SOUTH EAST,9,757361.0,515453379.5,11155133.78
202208,Y59,SOUTH EAST,10,328985.0,21293214.0,1628462.69
202208,Y59,SOUTH EAST,11,180839.0,3362102.0,2076523.29
202208,Y59,SOUTH EAST,12,129286.0,2322372.0,889146.62
202208,Y59,SOUTH EAST,13,267462.0,43821299.0,2726407.8200000003
202208,Y59,SOUTH EAST,14,19731.0,19921.0,267697.4
202208,Y59,SOUTH EAST,15,19851.0,291734.0,280166.43
202208,Y59,SOUTH EAST,18,1.0,2000.0,350.0
202208,Y59,SOUTH EAST,19,13106.0,6331108.0,306673.2
202208,Y59,SOUTH EAST,20,38725.0,1780112.7,891708.3700000001
202208,Y59,SOUTH EAST,21,356585.0,64455008.0,7045748.59
202208,Y59,SOUTH EAST,22,31437.0,605995.0,739146.96
202208,Y59,SOUTH EAST,23,91334.0,8861390.9,5362127.67
202208,Y60,MIDLANDS,1,1769700.0,143939215.0,10308385.52
202208,Y60,MIDLANDS,2,5660918.0,205460627.0,27921789.81
202208,Y60,MIDLANDS,3,1243098.0,25859658.0,18303096.49
202208,Y60,MIDLANDS,4,3720190.0,276525993.8,26600669.86
202208,Y60,MIDLANDS,5,612197.0,22838541.5,3331016.0300000003
202208,Y60,MIDLANDS,6,2063725.0,103241637.5,30342221.52
202208,Y60,MIDLANDS,7,518307.0,22511219.0,3882034.78
202208,Y60,MIDLANDS,8,67876.0,2615581.0,2529466.7800000003
202208,Y60,MIDLANDS,9,1037492.0,889016957.5,18462665.7
202208,Y60,MIDLANDS,10,511637.0,34950752.0,2046116.47
202208,Y60,MIDLANDS,11,259074.0,4832444.0,2816602.97
202208,Y60,MIDLANDS,12,182618.0,4568535.3,1205154.62
202208,Y60,MIDLANDS,13,418455.0,76728077.5,4161870.11
202208,Y60,MIDLANDS,14,20058.0,20323.0,286372.9
202208,Y60,MIDLANDS,15,25052.0,375065.0,292000.13
202208,Y60,MIDLANDS,18,1.0,1000.0,175.0
202208,Y60,MIDLANDS,19,20463.0,10297935.0,444663.27
202208,Y60,MIDLANDS,20,129663.0,3198983.9000000004,3929749.12
202208,Y60,MIDLANDS,21,632718.0,103701322.5,9560811.18
202208,Y60,MIDLANDS,22,24442.0,465667.0,625193.8200000001
202208,Y60,MIDLANDS,23,115106.0,10998240.6,6205015.78
202208,Y61,EAST OF ENGLAND,1,1012396.0,70783551.0,6260399.43
202208,Y61,EAST OF ENGLAND,2,3417564.0,116422243.0,16335878.3
202208,Y61,EAST OF ENGLAND,3,694737.0,14126237.0,10269655.42
202208,Y61,EAST OF ENGLAND,4,2118870.0,137079405.20000002,14463644.81
202208,Y61,EAST OF ENGLAND,5,372519.0,13797307.5,2049799.63
202208,Y61,EAST OF ENGLAND,6,1263191.0,59838592.0,16820331.27
202208,Y61,EAST OF ENGLAND,7,331165.0,13652874.0,2394237.39
202208,Y61,EAST OF ENGLAND,8,53921.0,2180757.0,2004980.23
202208,Y61,EAST OF ENGLAND,9,527673.0,187261536.5,5011040.12
202208,Y61,EAST OF ENGLAND,10,287084.0,17165247.0,1455599.59
202208,Y61,EAST OF ENGLAND,11,145918.0,2342965.5,1546260.17
202208,Y61,EAST OF ENGLAND,12,101428.0,1673541.2,669915.9
202208,Y61,EAST OF ENGLAND,13,211863.0,32242200.5,2088981.85
202208,Y61,EAST OF ENGLAND,14,12651.0,12784.0,188887.33
202208,Y61,EAST OF ENGLAND,15,13189.0,190832.0,182336.75
202208,Y61,EAST OF ENGLAND,18,5.0,2500.0,437.5
202208,Y61,EAST OF ENGLAND,19,11168.0,5545655.0,262056.07
202208,Y61,EAST OF ENGLAND,20,38599.0,1099592.7,1500176.05
202208,Y61,EAST OF ENGLAND,21,339671.0,54367380.5,9587615.05
202208,Y61,EAST OF ENGLAND,22,46505.0,882672.0,1300227.36
202208,Y61,EAST OF ENGLAND,23,138050.0,11296422.1,9702477.54
202208,Y62,NORTH WEST,1,1355442.0,112868756.0,7979565.78
202208,Y62,NORTH WEST,2,3955062.0,139902770.0,18491153.01
202208,Y62,NORTH WEST,3,961839.0,19670486.0,13964823.85
202208,Y62,NORTH WEST,4,2934359.0,208007715.8,19875844.66
202208,Y62,NORTH WEST,5,431121.0,16141117.5,2418833.01
202208,Y62,NORTH WEST,6,1363974.0,65161046.5,19647311.44
202208,Y62,NORTH WEST,7,363236.0,14712917.0,2896464.89
202208,Y62,NORTH WEST,8,45960.0,1748222.0,1444300.55
202208,Y62,NORTH WEST,9,780329.0,434667846.8,10036660.73
202208,Y62,NORTH WEST,10,365876.0,25611969.0,1652346.5
202208,Y62,NORTH WEST,11,160846.0,2522030.0,1571030.06
202208,Y62,NORTH WEST,12,130493.0,3308220.4000000004,932213.72
202208,Y62,NORTH WEST,13,329217.0,65574014.0,3346850.14
202208,Y62,NORTH WEST,14,11512.0,11682.0,154116.8
202208,Y62,NORTH WEST,15,21066.0,340303.5,366901.9
202208,Y62,NORTH WEST,19,17121.0,7377292.0,361319.25
202208,Y62,NORTH WEST,20,159058.0,3552751.0,4783561.4
202208,Y62,NORTH WEST,21,432927.0,71913053.0,7230286.390000001
202208,Y62,NORTH WEST,22,32655.0,644333.0,789958.54
202208,Y62,NORTH WEST,23,94374.0,8959778.9,4324989.0600000005
202208,Y63,NORTH EAST AND YORKSHIRE,1,1895259.0,143694232.0,10243615.73
202208,Y63,NORTH EAST AND YORKSHIRE,2,5788549.0,187171801.0,24634040.31
202208,Y63,NORTH EAST AND YORKSHIRE,3,1242701.0,24497956.0,18398533.92
202208,Y63,NORTH EAST AND YORKSHIRE,4,3886744.0,265112716.8,23641272.27
202208,Y63,NORTH EAST AND YORKSHIRE,5,526621.0,19354188.0,3100451.07
202208,Y63,NORTH EAST AND YORKSHIRE,6,1967175.0,88329989.5,25390200.22
202208,Y63,NORTH EAST AND YORKSHIRE,7,516492.0,20970509.0,3743401.64
202208,Y63,NORTH EAST AND YORKSHIRE,8,71253.0,2822521.0,2319331.0
202208,Y63,NORTH EAST AND YORKSHIRE,9,1052389.0,346147051.5,8747322.88
202208,Y63,NORTH EAST AND YORKSHIRE,10,529614.0,34386265.0,2103850.75
202208,Y63,NORTH EAST AND YORKSHIRE,11,211191.0,3111730.0,1992029.3
202208,Y63,NORTH EAST AND YORKSHIRE,12,161614.0,3582123.6,1055936.68
202208,Y63,NORTH EAST AND YORKSHIRE,13,373120.0,66672154.5,3702217.32
202208,Y63,NORTH EAST AND YORKSHIRE,14,10435.0,10544.0,158562.52000000002
202208,Y63,NORTH EAST AND YORKSHIRE,15,18236.0,291377.5,264734.82
202208,Y63,NORTH EAST AND YORKSHIRE,19,18634.0,7912027.0,332149.63
202208,Y63,NORTH EAST AND YORKSHIRE,20,53748.0,1494121.2,1698524.56
202208,Y63,NORTH EAST AND YORKSHIRE,21,475243.0,81866084.0,7289265.34
202208,Y63,NORTH EAST AND YORKSHIRE,22,12167.0,228240.0,316616.78
202208,Y63,NORTH EAST AND YORKSHIRE,23,61067.0,6227741.6,2834457.13
202209,Y56,LONDON,1,1120763.0,82447063.0,7085753.94
202209,Y56,LONDON,2,3713569.0,129868619.0,15742573.21
202209,Y56,LONDON,3,737095.0,17360529.0,11150112.88
202209,Y56,LONDON,4,2133269.0,132346068.2,17007543.42
202209,Y56,LONDON,5,407973.0,16111846.0,2254096.87
202209,Y56,LONDON,6,1581293.0,84031004.0,22929895.51
202209,Y56,LONDON,7,347084.0,14299681.0,2736618.47
202209,Y56,LONDON,8,45503.0,2003255.0,1480008.6
202209,Y56,LONDON,9,809170.0,298300184.5,7282136.56
202209,Y56,LONDON,10,305963.0,20858801.0,1340947.37
202209,Y56,LONDON,11,166241.0,3554103.0,2155022.68
202209,Y56,LONDON,12,120592.0,4114392.3,884594.0
202209,Y56,LONDON,13,324872.0,60922153.0,3231640.25
202209,Y56,LONDON,14,148738.0,149135.0,1914791.65
202209,Y56,LONDON,15,11668.0,267907.0,282371.52
202209,Y56,LONDON,18,1.0,1000.0,175.0
202209,Y56,LONDON,19,20091.0,10263383.0,261206.39
202209,Y56,LONDON,20,46825.0,1354091.4,1296799.45
202209,Y56,LONDON,21,410460.0,86783306.5,5552623.57
202209,Y56,LONDON,22,29851.0,523645.0,675874.52
202209,Y56,LONDON,23,37213.0,4373773.0,1343787.27
202209,Y58,SOUTH WEST,1,885223.0,63869236.0,5321008.11
202209,Y58,SOUTH WEST,2,2769788.0,100731743.0,15110526.38
202209,Y58,SOUTH WEST,3,549736.0,10687018.0,8821648.49
202209,Y58,SOUTH WEST,4,1844248.0,130780691.6,12944588.13
202209,Y58,SOUTH WEST,5,292433.0,10084419.5,1705431.2800000005
202209,Y58,SOUTH WEST,6,997311.0,48943732.0,13806664.42
202209,Y58,SOUTH WEST,7,287057.0,12207436.0,2363525.65
202209,Y58,SOUTH WEST,8,39706.0,1572668.0,1619151.42
202209,Y58,SOUTH WEST,9,498360.0,161294876.0,4013518.01
202209,Y58,SOUTH WEST,10,254133.0,15498157.0,1225782.04
202209,Y58,SOUTH WEST,11,122848.0,1945313.0,1204905.24
202209,Y58,SOUTH WEST,12,80700.0,1623909.0,528880.1
202209,Y58,SOUTH WEST,13,174766.0,27594530.0,1656958.28
202209,Y58,SOUTH WEST,14,144717.0,144950.0,1884564.49
202209,Y58,SOUTH WEST,15,18027.0,209160.0,185160.91
202209,Y58,SOUTH WEST,19,10267.0,3304995.0,154654.97
202209,Y58,SOUTH WEST,20,34631.0,640784.3,710587.01
202209,Y58,SOUTH WEST,21,265422.0,46230661.5,5467263.529999999
202209,Y58,SOUTH WEST,22,27148.0,453494.0,630453.55
202209,Y58,SOUTH WEST,23,43182.0,3723035.1,1704324.0499999998
202209,Y59,SOUTH EAST,1,1139366.0,87692931.0,7854011.46
202209,Y59,SOUTH EAST,2,3594801.0,143872525.0,20897816.12
202209,Y59,SOUTH EAST,3,765417.0,16427492.0,12874624.06
202209,Y59,SOUTH EAST,4,2404695.0,165993756.4,20149868.85
202209,Y59,SOUTH EAST,5,460673.0,17239721.5,2642450.13
202209,Y59,SOUTH EAST,6,1379968.0,74347832.0,22284411.21
202209,Y59,SOUTH EAST,7,379525.0,17347920.0,3459718.17
202209,Y59,SOUTH EAST,8,59359.0,2629951.0,2342795.45
202209,Y59,SOUTH EAST,9,740262.0,517709303.0,11115355.79
202209,Y59,SOUTH EAST,10,323659.0,20927261.0,1613124.23
202209,Y59,SOUTH EAST,11,173351.0,3254494.0,2024639.12
202209,Y59,SOUTH EAST,12,120995.0,2248230.5,841606.38
202209,Y59,SOUTH EAST,13,257963.0,42769451.0,2647733.77
202209,Y59,SOUTH EAST,14,217495.0,217665.0,2797635.01
202209,Y59,SOUTH EAST,15,19933.0,298135.0,271405.96
202209,Y59,SOUTH EAST,18,1.0,2000.0,350.0
202209,Y59,SOUTH EAST,19,14195.0,6429361.0,305873.26
202209,Y59,SOUTH EAST,20,37665.0,1667675.3,879397.53
202209,Y59,SOUTH EAST,21,347577.0,61316874.0,6757519.4
202209,Y59,SOUTH EAST,22,27453.0,514910.0,638217.84
202209,Y59,SOUTH EAST,23,87866.0,8610627.399999999,5187542.37
202209,Y60,MIDLANDS,1,1765705.0,143905970.0,10450425.33
202209,Y60,MIDLANDS,2,5572652.0,202493812.0,27642477.33
202209,Y60,MIDLANDS,3,1234766.0,25037140.0,18198776.31
202209,Y60,MIDLANDS,4,3698315.0,273637529.6,27817718.43
202209,Y60,MIDLANDS,5,619382.0,22959762.0,3334096.96
202209,Y60,MIDLANDS,6,2033563.0,101699862.0,29786133.6
202209,Y60,MIDLANDS,7,515035.0,22230366.0,4080583.78
202209,Y60,MIDLANDS,8,67569.0,2602859.0,2578615.49
202209,Y60,MIDLANDS,9,1022777.0,832016263.0,17448473.39
202209,Y60,MIDLANDS,10,509209.0,35003643.0,2047432.14
202209,Y60,MIDLANDS,11,248895.0,4734230.5,2804423.26
202209,Y60,MIDLANDS,12,175307.0,4544259.2,1163607.86
202209,Y60,MIDLANDS,13,404270.0,75478472.91,4062756.75
202209,Y60,MIDLANDS,14,232306.0,232486.0,3000443.5
202209,Y60,MIDLANDS,15,28223.0,374133.5,284036.69
202209,Y60,MIDLANDS,18,1.0,100.0,17.5
202209,Y60,MIDLANDS,19,28107.0,10459466.0,455021.97
202209,Y60,MIDLANDS,20,113347.0,2834700.2,3457367.46
202209,Y60,MIDLANDS,21,621154.0,101013819.0,9197827.32
202209,Y60,MIDLANDS,22,23645.0,452061.0,603195.6799999999
202209,Y60,MIDLANDS,23,114349.0,10967872.3,6250567.970000001
202209,Y61,EAST OF ENGLAND,1,1009361.0,70967988.0,6331378.37
202209,Y61,EAST OF ENGLAND,2,3378358.0,115170941.0,16251687.8
202209,Y61,EAST OF ENGLAND,3,692793.0,13613385.0,10196339.16
202209,Y61,EAST OF ENGLAND,4,2103039.0,135254150.2,15025754.32
202209,Y61,EAST OF ENGLAND,5,382732.0,14114493.5,2097471.48
202209,Y61,EAST OF ENGLAND,6,1249809.0,59202353.0,16571088.84
202209,Y61,EAST OF ENGLAND,7,329229.0,13478294.0,2480727.15
202209,Y61,EAST OF ENGLAND,8,53999.0,2171641.0,2076771.77
202209,Y61,EAST OF ENGLAND,9,523381.0,188675885.5,5054012.7
202209,Y61,EAST OF ENGLAND,10,285699.0,17090640.0,1476850.8
202209,Y61,EAST OF ENGLAND,11,140827.0,2308711.5,1524261.94
202209,Y61,EAST OF ENGLAND,12,96482.0,1637185.2,649024.97
202209,Y61,EAST OF ENGLAND,13,203626.0,31361414.5,1999167.9
202209,Y61,EAST OF ENGLAND,14,138967.0,139068.0,1793990.42
202209,Y61,EAST OF ENGLAND,15,13475.0,192946.0,183418.72
202209,Y61,EAST OF ENGLAND,19,13269.0,5652918.0,279081.13
202209,Y61,EAST OF ENGLAND,20,38805.0,1160964.0,1562043.74
202209,Y61,EAST OF ENGLAND,21,344196.0,54529224.0,10688782.71
202209,Y61,EAST OF ENGLAND,22,56835.0,1075378.0,1583146.4600000002
202209,Y61,EAST OF ENGLAND,23,162358.0,13232858.6,11734176.78
202209,Y62,NORTH WEST,1,1357497.0,113663099.0,8180647.48
202209,Y62,NORTH WEST,2,3913887.0,138918128.0,18463740.65
202209,Y62,NORTH WEST,3,959008.0,19310495.0,13944084.77
202209,Y62,NORTH WEST,4,2928776.0,206910226.6,20839505.05
202209,Y62,NORTH WEST,5,438620.0,16353221.5,2461636.09
202209,Y62,NORTH WEST,6,1353751.0,64874416.5,19508837.55
202209,Y62,NORTH WEST,7,362472.0,14560275.0,2956827.6
202209,Y62,NORTH WEST,8,45355.0,1726423.0,1415470.8
202209,Y62,NORTH WEST,9,771653.0,448353363.9,10246609.23
202209,Y62,NORTH WEST,10,367184.0,25562194.0,1655522.37
202209,Y62,NORTH WEST,11,156247.0,2498539.0,1556472.7200000002
202209,Y62,NORTH WEST,12,127247.0,3311949.1,907792.18
202209,Y62,NORTH WEST,13,320518.0,64737455.5,3275123.81
202209,Y62,NORTH WEST,14,162419.0,162557.0,2046632.65
202209,Y62,NORTH WEST,15,22679.0,347067.0,365648.69000000006
202209,Y62,NORTH WEST,19,22085.0,7479170.0,376163.17
202209,Y62,NORTH WEST,20,158184.0,3571797.5,4716359.97
202209,Y62,NORTH WEST,21,431421.0,70790585.0,7371521.6
202209,Y62,NORTH WEST,22,34799.0,686746.0,844893.8500000001
202209,Y62,NORTH WEST,23,92167.0,8858299.3,4346803.55
202209,Y63,NORTH EAST AND YORKSHIRE,1,1890616.0,142773016.0,10437606.97
202209,Y63,NORTH EAST AND YORKSHIRE,2,5744975.0,186396416.0,24624930.57
202209,Y63,NORTH EAST AND YORKSHIRE,3,1243379.0,23859163.0,18408354.55
202209,Y63,NORTH EAST AND YORKSHIRE,4,3881040.0,262542024.0,24532705.22
202209,Y63,NORTH EAST AND YORKSHIRE,5,527914.0,19108738.5,3131122.51
202209,Y63,NORTH EAST AND YORKSHIRE,6,1965902.0,88594253.0,25458372.85
202209,Y63,NORTH EAST AND YORKSHIRE,7,517727.0,20931186.0,3859894.93
202209,Y63,NORTH EAST AND YORKSHIRE,8,71041.0,2789545.0,2342446.75
202209,Y63,NORTH EAST AND YORKSHIRE,9,1035424.0,337519860.5,8644826.91
202209,Y63,NORTH EAST AND YORKSHIRE,10,531835.0,34507690.0,2148862.49
202209,Y63,NORTH EAST AND YORKSHIRE,11,204027.0,3064209.5,1964502.81
202209,Y63,NORTH EAST AND YORKSHIRE,12,154312.0,3517535.4,1003373.55
202209,Y63,NORTH EAST AND YORKSHIRE,13,361686.0,65006771.5,3629973.37
202209,Y63,NORTH EAST AND YORKSHIRE,14,217381.0,217556.0,2781848.28
202209,Y63,NORTH EAST AND YORKSHIRE,15,18760.0,2086863.0,260694.87
202209,Y63,NORTH EAST AND YORKSHIRE,19,22068.0,7598776.0,323616.54000000004
202209,Y63,NORTH EAST AND YORKSHIRE,20,50917.0,1466790.7999999998,1632485.21
202209,Y63,NORTH EAST AND YORKSHIRE,21,470444.0,79086855.5,7416036.45
202209,Y63,NORTH EAST AND YORKSHIRE,22,12227.0,224606.0,319758.72000000003
202209,Y63,NORTH EAST AND YORKSHIRE,23,58104.0,5943421.6,2798698.58
202210,Y56,LONDON,1,1118893.0,81307109.0,7181828.77
202210,Y56,LONDON,2,3721644.0,129628090.0,15527726.32
202210,Y56,LONDON,3,737942.0,16887317.0,11269965.09
202210,Y56,LONDON,4,2135930.0,131996013.8,16676531.32
202210,Y56,LONDON,5,463080.0,19943091.0,2413427.47
202210,Y56,LONDON,6,1584215.0,83613322.5,22679022.13
202210,Y56,LONDON,7,347952.0,14232592.0,2823896.63
202210,Y56,LONDON,8,45631.0,2007661.0,1503406.68
202210,Y56,LONDON,9,812694.0,295847843.4,7326080.92
202210,Y56,LONDON,10,304515.0,20863647.0,1321948.44
202210,Y56,LONDON,11,163482.0,3501521.5,2168188.91
202210,Y56,LONDON,12,123155.0,4177032.7,893682.8200000001
202210,Y56,LONDON,13,324156.0,60149227.0,3209552.0
202210,Y56,LONDON,14,330911.0,331143.0,4271597.18
202210,Y56,LONDON,15,11836.0,270369.0,291688.26
202210,Y56,LONDON,18,4.0,5000.0,875.0
202210,Y56,LONDON,19,15878.0,10057686.0,248833.25
202210,Y56,LONDON,20,46284.0,1298513.5,1314445.8
202210,Y56,LONDON,21,408467.0,85528496.5,5473034.43
202210,Y56,LONDON,22,22550.0,396721.0,530640.41
202210,Y56,LONDON,23,35236.0,4190475.4,1179004.71
202210,Y58,SOUTH WEST,1,882786.0,63476429.0,5361039.73
202210,Y58,SOUTH WEST,2,2757146.0,100181809.0,14919928.94
202210,Y58,SOUTH WEST,3,556022.0,10363087.0,9267027.4
202210,Y58,SOUTH WEST,4,1847871.0,131020585.0,12914572.36
202210,Y58,SOUTH WEST,5,321471.0,11572688.0,1837122.52
202210,Y58,SOUTH WEST,6,1006391.0,49360615.5,13914712.829999998
202210,Y58,SOUTH WEST,7,286533.0,12212921.0,2453714.38
202210,Y58,SOUTH WEST,8,39646.0,1588300.0,1556914.67
202210,Y58,SOUTH WEST,9,499357.0,164481455.5,4041045.09
202210,Y58,SOUTH WEST,10,251422.0,15312756.0,1219505.24
202210,Y58,SOUTH WEST,11,122345.0,1936942.5,1228300.3
202210,Y58,SOUTH WEST,12,80989.0,1644228.4,522715.61
202210,Y58,SOUTH WEST,13,179834.0,27625469.5,1719766.62
202210,Y58,SOUTH WEST,14,661643.0,661842.0,8703152.45
202210,Y58,SOUTH WEST,15,18650.0,205607.0,189843.1
202210,Y58,SOUTH WEST,19,9207.0,3275404.0,176185.32
202210,Y58,SOUTH WEST,20,33274.0,638519.7,678559.24
202210,Y58,SOUTH WEST,21,269214.0,46360316.0,5428048.41
202210,Y58,SOUTH WEST,22,28814.0,488971.0,693877.7
202210,Y58,SOUTH WEST,23,43858.0,3738252.1,1663742.51
202210,Y59,SOUTH EAST,1,1140586.0,87629610.0,8032393.07
202210,Y59,SOUTH EAST,2,3590157.0,143879332.0,20810189.23
202210,Y59,SOUTH EAST,3,777473.0,16052760.0,13394731.45
202210,Y59,SOUTH EAST,4,2415846.0,167958121.4,20095239.61
202210,Y59,SOUTH EAST,5,522063.0,21039388.0,2857659.17
202210,Y59,SOUTH EAST,6,1396300.0,75309521.0,22586140.62
202210,Y59,SOUTH EAST,7,381749.0,17459738.0,3581404.11
202210,Y59,SOUTH EAST,8,60540.0,2691867.0,2477851.65
202210,Y59,SOUTH EAST,9,742803.0,482611437.9,10551785.52
202210,Y59,SOUTH EAST,10,322575.0,21045246.0,1645000.21
202210,Y59,SOUTH EAST,11,173953.0,3284855.5,2095761.67
202210,Y59,SOUTH EAST,12,123205.0,2324973.5,846174.88
202210,Y59,SOUTH EAST,13,262123.0,42591700.5,2713346.56
202210,Y59,SOUTH EAST,14,827004.0,827181.0,10634465.45
202210,Y59,SOUTH EAST,15,21062.0,307331.5,284470.3
202210,Y59,SOUTH EAST,19,14203.0,6279047.0,338019.9
202210,Y59,SOUTH EAST,20,37613.0,1665122.7,908059.22
202210,Y59,SOUTH EAST,21,361305.0,62538251.0,7293441.79
202210,Y59,SOUTH EAST,22,38374.0,739038.0,900755.28
202210,Y59,SOUTH EAST,23,87180.0,8543816.5,4937883.13
202210,Y60,MIDLANDS,1,1732671.0,140902676.0,10365978.89
202210,Y60,MIDLANDS,2,5473193.0,199224703.0,26956732.1
202210,Y60,MIDLANDS,3,1219241.0,24126458.0,18554072.36
202210,Y60,MIDLANDS,4,3640204.0,269387886.8,27172339.56
202210,Y60,MIDLANDS,5,691394.0,27321356.0,3503251.6900000004
202210,Y60,MIDLANDS,6,2020117.0,100820555.5,29647490.76
202210,Y60,MIDLANDS,7,509140.0,22036108.0,4153432.59
202210,Y60,MIDLANDS,8,66525.0,2534964.0,2614683.2800000003
202210,Y60,MIDLANDS,9,1017634.0,918192246.0,19029370.59
202210,Y60,MIDLANDS,10,497898.0,34025524.0,2024290.09
202210,Y60,MIDLANDS,11,244660.0,4634651.5,2795485.2
202210,Y60,MIDLANDS,12,175645.0,4564635.8,1157743.72
202210,Y60,MIDLANDS,13,400451.0,73231298.5,4033011.35
202210,Y60,MIDLANDS,14,966052.0,966344.0,12649853.46
202210,Y60,MIDLANDS,15,27893.0,369417.0,280124.58
202210,Y60,MIDLANDS,19,23625.0,10098341.0,434706.7
202210,Y60,MIDLANDS,20,114902.0,2872462.3,3586335.92
202210,Y60,MIDLANDS,21,618429.0,98937193.5,9205767.35
202210,Y60,MIDLANDS,22,23852.0,455959.0,608890.02
202210,Y60,MIDLANDS,23,114827.0,10867646.7,6244082.35
202210,Y61,EAST OF ENGLAND,1,996856.0,69668208.0,6316733.25
202210,Y61,EAST OF ENGLAND,2,3331007.0,113726271.0,15962069.34
202210,Y61,EAST OF ENGLAND,3,690956.0,13128246.0,10465536.58
202210,Y61,EAST OF ENGLAND,4,2080855.0,133991878.4,14755277.99
202210,Y61,EAST OF ENGLAND,5,433685.0,17385736.0,2260007.27
202210,Y61,EAST OF ENGLAND,6,1249677.0,59081423.0,16528985.080000002
202210,Y61,EAST OF ENGLAND,7,325326.0,13360899.0,2514376.06
202210,Y61,EAST OF ENGLAND,8,53146.0,2129971.0,2071000.36
202210,Y61,EAST OF ENGLAND,9,517653.0,187267561.5,5048216.33
202210,Y61,EAST OF ENGLAND,10,280820.0,16760187.0,1428390.63
202210,Y61,EAST OF ENGLAND,11,139045.0,2284505.5,1533054.49
202210,Y61,EAST OF ENGLAND,12,97302.0,1685691.3,631978.44
202210,Y61,EAST OF ENGLAND,13,204021.0,31095543.94,1989961.55
202210,Y61,EAST OF ENGLAND,14,624770.0,624896.0,8221225.02
202210,Y61,EAST OF ENGLAND,15,14031.0,198444.0,192001.25
202210,Y61,EAST OF ENGLAND,18,6.0,3100.0,542.5
202210,Y61,EAST OF ENGLAND,19,12235.0,5464490.0,268172.63
202210,Y61,EAST OF ENGLAND,20,36576.0,1089566.4,1509411.0599999998
202210,Y61,EAST OF ENGLAND,21,344195.0,53127232.0,10448181.44
202210,Y61,EAST OF ENGLAND,22,53277.0,1010522.0,1481989.47
202210,Y61,EAST OF ENGLAND,23,153101.0,12447867.3,10992763.27
202210,Y62,NORTH WEST,1,1328552.0,110885564.0,8082813.58
202210,Y62,NORTH WEST,2,3831064.0,136156528.0,18034228.76
202210,Y62,NORTH WEST,3,947847.0,18646447.0,14301493.579999998
202210,Y62,NORTH WEST,4,2871291.0,202891220.8,20231058.52
202210,Y62,NORTH WEST,5,492481.0,19303426.0,2567631.67
202210,Y62,NORTH WEST,6,1342140.0,64159084.0,19308210.34
202210,Y62,NORTH WEST,7,356739.0,14461189.0,2987701.58
202210,Y62,NORTH WEST,8,44377.0,1700360.0,1450725.5499999998
202210,Y62,NORTH WEST,9,759359.0,439398501.5,10027008.69
202210,Y62,NORTH WEST,10,355791.0,24911908.0,1637121.4
202210,Y62,NORTH WEST,11,153588.0,2448375.0,1567400.88
202210,Y62,NORTH WEST,12,128596.0,3327619.8000000003,897259.1
202210,Y62,NORTH WEST,13,319662.0,63589384.0,3268152.61
202210,Y62,NORTH WEST,14,483476.0,483640.0,6159066.32
202210,Y62,NORTH WEST,15,21451.0,327487.5,369821.38
202210,Y62,NORTH WEST,18,1.0,3000.0,525.0
202210,Y62,NORTH WEST,19,19093.0,7534576.0,362403.22
202210,Y62,NORTH WEST,20,125474.0,2949630.5,3824353.05
202210,Y62,NORTH WEST,21,412886.0,66549076.5,6891472.78
202210,Y62,NORTH WEST,22,30612.0,606511.0,737528.0700000001
202210,Y62,NORTH WEST,23,85855.0,8184017.2,4017778.21
202210,Y63,NORTH EAST AND YORKSHIRE,1,1870974.0,141263926.0,10461917.78
202210,Y63,NORTH EAST AND YORKSHIRE,2,5662809.0,182900566.0,24056989.77
202210,Y63,NORTH EAST AND YORKSHIRE,3,1225394.0,22925318.0,18780593.63
202210,Y63,NORTH EAST AND YORKSHIRE,4,3826624.0,260140145.8,24095829.87
202210,Y63,NORTH EAST AND YORKSHIRE,5,583439.0,22125568.5,3253446.4000000004
202210,Y63,NORTH EAST AND YORKSHIRE,6,1961064.0,88071331.5,25386822.11
202210,Y63,NORTH EAST AND YORKSHIRE,7,512275.0,20699414.0,3931439.43
202210,Y63,NORTH EAST AND YORKSHIRE,8,70627.0,2762054.0,2460167.72
202210,Y63,NORTH EAST AND YORKSHIRE,9,1032870.0,339308669.5,8668415.39
202210,Y63,NORTH EAST AND YORKSHIRE,10,517475.0,33508665.0,2101307.63
202210,Y63,NORTH EAST AND YORKSHIRE,11,202225.0,3034435.5,2005048.74
202210,Y63,NORTH EAST AND YORKSHIRE,12,154510.0,3567740.9,983843.56
202210,Y63,NORTH EAST AND YORKSHIRE,13,362798.0,64426310.5,3637662.49
202210,Y63,NORTH EAST AND YORKSHIRE,14,796251.0,796417.0,10439475.49
202210,Y63,NORTH EAST AND YORKSHIRE,15,19873.0,4299413.5,275113.31
202210,Y63,NORTH EAST AND YORKSHIRE,19,20938.0,7756182.0,341915.35
202210,Y63,NORTH EAST AND YORKSHIRE,20,51039.0,1422108.7999999998,1614460.57
202210,Y63,NORTH EAST AND YORKSHIRE,21,469381.0,78715343.0,7228942.13
202210,Y63,NORTH EAST AND YORKSHIRE,22,11786.0,220730.0,304322.04
202210,Y63,NORTH EAST AND YORKSHIRE,23,57735.0,5847244.699999999,2721316.87
202211,Y56,LONDON,1,1136717.0,82906862.0,8038186.43
202211,Y56,LONDON,2,3775026.0,131329088.0,15898995.26
202211,Y56,LONDON,3,749756.0,17273601.0,11450388.58
202211,Y56,LONDON,4,2166408.0,134093080.0,16591253.71
202211,Y56,LONDON,5,504562.0,23425897.0,2764756.64
202211,Y56,LONDON,6,1607019.0,84397364.5,22830767.19
202211,Y56,LONDON,7,352076.0,14344351.0,2891225.64
202211,Y56,LONDON,8,45930.0,2016829.0,1509929.9900000002
202211,Y56,LONDON,9,827627.0,301531389.5,7437947.95
202211,Y56,LONDON,10,307691.0,21176065.0,1350628.75
202211,Y56,LONDON,11,166260.0,3556465.5,2195590.47
202211,Y56,LONDON,12,128703.0,4394164.8,940470.99
202211,Y56,LONDON,13,334223.0,60722480.5,3354364.31
202211,Y56,LONDON,14,204456.0,204630.0,2602000.97
202211,Y56,LONDON,15,12367.0,269912.5,289676.68
202211,Y56,LONDON,18,2.0,1900.0,332.5
202211,Y56,LONDON,19,17071.0,10034542.0,255918.55
202211,Y56,LONDON,20,46741.0,1376121.9,1341310.43
202211,Y56,LONDON,21,417964.0,87177496.0,5552602.78
202211,Y56,LONDON,22,20876.0,366365.0,501478.76
202211,Y56,LONDON,23,35690.0,4277265.8,1144482.53
202211,Y58,SOUTH WEST,1,903203.0,65084604.0,6300958.44
202211,Y58,SOUTH WEST,2,2828823.0,102830228.0,15459140.18
202211,Y58,SOUTH WEST,3,571878.0,10701249.0,9514611.31
202211,Y58,SOUTH WEST,4,1882779.0,133585619.4,13077365.31
202211,Y58,SOUTH WEST,5,340099.0,12881389.0,2012465.51
202211,Y58,SOUTH WEST,6,1026129.0,50243604.0,14012922.28
202211,Y58,SOUTH WEST,7,293607.0,12459060.0,2556778.08
202211,Y58,SOUTH WEST,8,40166.0,1611903.0,1532124.65
202211,Y58,SOUTH WEST,9,511530.0,168184776.0,4150914.4
202211,Y58,SOUTH WEST,10,256821.0,15627524.0,1242023.1800000002
202211,Y58,SOUTH WEST,11,125260.0,1980868.5,1240486.1800000002
202211,Y58,SOUTH WEST,12,84336.0,1725051.7999999998,557157.6799999999
202211,Y58,SOUTH WEST,13,190985.0,28476480.5,1802104.34
202211,Y58,SOUTH WEST,14,321681.0,321769.0,4202177.86
202211,Y58,SOUTH WEST,15,19940.0,216951.0,187668.14
202211,Y58,SOUTH WEST,19,9279.0,3172979.0,157462.05
202211,Y58,SOUTH WEST,20,32868.0,622655.7,670200.5
202211,Y58,SOUTH WEST,21,278677.0,47855884.0,5607424.49
202211,Y58,SOUTH WEST,22,31057.0,526225.0,725741.47
202211,Y58,SOUTH WEST,23,44179.0,3791992.5,1672698.94
202211,Y59,SOUTH EAST,1,1158310.0,88953866.0,9084548.0
202211,Y59,SOUTH EAST,2,3640375.0,145950325.0,21251557.38
202211,Y59,SOUTH EAST,3,786868.0,16293740.0,13556884.75
202211,Y59,SOUTH EAST,4,2443947.0,169556338.8,20119550.55
202211,Y59,SOUTH EAST,5,553519.0,23867625.5,3159930.23
202211,Y59,SOUTH EAST,6,1409840.0,75735772.0,22663854.65
202211,Y59,SOUTH EAST,7,385308.0,17515224.0,3698306.2
202211,Y59,SOUTH EAST,8,60454.0,2722597.0,2467555.58
202211,Y59,SOUTH EAST,9,758282.0,518782020.9,11415484.04
202211,Y59,SOUTH EAST,10,324652.0,21033437.0,1614142.85
202211,Y59,SOUTH EAST,11,175923.0,3333183.0,2088707.47
202211,Y59,SOUTH EAST,12,127687.0,2358750.5,895992.44
202211,Y59,SOUTH EAST,13,276507.0,43691044.5,2844572.8
202211,Y59,SOUTH EAST,14,453729.0,453865.0,5835456.49
202211,Y59,SOUTH EAST,15,22302.0,307135.5,282884.1
202211,Y59,SOUTH EAST,18,3.0,2200.0,385.0
202211,Y59,SOUTH EAST,19,13164.0,6192609.0,305761.55
202211,Y59,SOUTH EAST,20,36817.0,1747604.8,903855.35
202211,Y59,SOUTH EAST,21,368223.0,63782884.0,7350148.65
202211,Y59,SOUTH EAST,22,34251.0,664985.0,808729.41
202211,Y59,SOUTH EAST,23,91352.0,8879176.2,5396433.37
202211,Y60,MIDLANDS,1,1793762.0,146241606.0,11869974.76
202211,Y60,MIDLANDS,2,5653095.0,205756376.0,28103045.33
202211,Y60,MIDLANDS,3,1266352.0,25083657.0,19249526.06
202211,Y60,MIDLANDS,4,3753923.0,277976579.6,27605179.22
202211,Y60,MIDLANDS,5,760683.0,32582861.5,4095946.0
202211,Y60,MIDLANDS,6,2079271.0,103587324.0,30075491.58
202211,Y60,MIDLANDS,7,524577.0,22626233.0,4382570.94
202211,Y60,MIDLANDS,8,67029.0,2581816.0,2456621.06
202211,Y60,MIDLANDS,9,1044738.0,910797028.5,18932746.06
202211,Y60,MIDLANDS,10,511797.0,35174528.0,2086398.77
202211,Y60,MIDLANDS,11,253388.0,4779528.5,2849552.8000000003
202211,Y60,MIDLANDS,12,185999.0,4851289.4,1233658.16
202211,Y60,MIDLANDS,13,426417.0,76192046.0,4115452.19
202211,Y60,MIDLANDS,14,437914.0,438091.0,5670969.300000001
202211,Y60,MIDLANDS,15,28489.0,382186.0,293406.58
202211,Y60,MIDLANDS,19,23212.0,10585315.0,453003.54
202211,Y60,MIDLANDS,20,119648.0,3027664.7,3755030.15
202211,Y60,MIDLANDS,21,645269.0,103916587.5,9657894.16
202211,Y60,MIDLANDS,22,24738.0,468153.0,631292.8300000001
202211,Y60,MIDLANDS,23,118717.0,11335018.1,6503025.2
202211,Y61,EAST OF ENGLAND,1,1022309.0,71571912.0,7208247.83
202211,Y61,EAST OF ENGLAND,2,3414606.0,116306821.0,16464733.06
202211,Y61,EAST OF ENGLAND,3,709069.0,13558059.0,10783499.51
202211,Y61,EAST OF ENGLAND,4,2120945.0,136701422.4,14775471.4
202211,Y61,EAST OF ENGLAND,5,467634.0,20072701.5,2559208.19
202211,Y61,EAST OF ENGLAND,6,1271669.0,59982559.5,16692216.3
202211,Y61,EAST OF ENGLAND,7,332259.0,13572454.0,2621315.84
202211,Y61,EAST OF ENGLAND,8,54041.0,2181891.0,2078067.22
202211,Y61,EAST OF ENGLAND,9,528336.0,187606782.5,5128788.82
202211,Y61,EAST OF ENGLAND,10,286413.0,17115225.0,1463306.42
202211,Y61,EAST OF ENGLAND,11,142043.0,2332565.0,1559936.48
202211,Y61,EAST OF ENGLAND,12,100905.0,1763011.0,668171.4500000001
202211,Y61,EAST OF ENGLAND,13,214973.0,32097077.0,2066553.3
202211,Y61,EAST OF ENGLAND,14,301672.0,301783.0,3920973.67
202211,Y61,EAST OF ENGLAND,15,14508.0,204729.0,193138.01
202211,Y61,EAST OF ENGLAND,18,2.0,900.0,157.5
202211,Y61,EAST OF ENGLAND,19,12054.0,5354860.0,251950.07
202211,Y61,EAST OF ENGLAND,20,37005.0,1095000.4,1596754.39
202211,Y61,EAST OF ENGLAND,21,350739.0,53943742.5,10189177.9
202211,Y61,EAST OF ENGLAND,22,50801.0,965726.0,1430651.58
202211,Y61,EAST OF ENGLAND,23,146035.0,11915371.2,10411560.86
202211,Y62,NORTH WEST,1,1361213.0,113593209.0,9239783.21
202211,Y62,NORTH WEST,2,3934755.0,139340420.0,18507173.68
202211,Y62,NORTH WEST,3,976442.0,18986658.0,14693836.43
202211,Y62,NORTH WEST,4,2936949.0,206995275.2,20410584.37
202211,Y62,NORTH WEST,5,532396.0,22298998.0,2899214.74
202211,Y62,NORTH WEST,6,1375707.0,65427719.5,19496703.04
202211,Y62,NORTH WEST,7,364441.0,14628049.0,3113680.95
202211,Y62,NORTH WEST,8,45363.0,1734278.0,1440523.0399999998
202211,Y62,NORTH WEST,9,779557.0,449228192.1,10425165.1
202211,Y62,NORTH WEST,10,363334.0,25300213.0,1672106.39
202211,Y62,NORTH WEST,11,156908.0,2476273.0,1587289.14
202211,Y62,NORTH WEST,12,133948.0,3532817.9,947568.64
202211,Y62,NORTH WEST,13,335720.0,65747129.5,3412773.37
202211,Y62,NORTH WEST,14,263659.0,263819.0,3332954.79
202211,Y62,NORTH WEST,15,23251.0,338624.0,376980.38
202211,Y62,NORTH WEST,19,20814.0,7599875.0,355394.19
202211,Y62,NORTH WEST,20,148331.0,3339669.6,4407497.93
202211,Y62,NORTH WEST,21,448696.0,73108848.5,7622578.58
202211,Y62,NORTH WEST,22,34001.0,667876.0,813881.74
202211,Y62,NORTH WEST,23,91524.0,8703858.7,4206304.18
202211,Y63,NORTH EAST AND YORKSHIRE,1,1920443.0,145329513.0,11550601.18
202211,Y63,NORTH EAST AND YORKSHIRE,2,5815104.0,188254719.0,25025600.45
202211,Y63,NORTH EAST AND YORKSHIRE,3,1260286.0,23520498.0,19316784.43
202211,Y63,NORTH EAST AND YORKSHIRE,4,3928037.0,266282855.8,24539200.07
202211,Y63,NORTH EAST AND YORKSHIRE,5,630063.0,25343942.0,3663195.79
202211,Y63,NORTH EAST AND YORKSHIRE,6,2005360.0,89790130.0,25732891.72
202211,Y63,NORTH EAST AND YORKSHIRE,7,523373.0,21045361.0,4152028.03
202211,Y63,NORTH EAST AND YORKSHIRE,8,72191.0,2805581.0,2447085.6500000004
202211,Y63,NORTH EAST AND YORKSHIRE,9,1061382.0,350917650.5,8958770.89
202211,Y63,NORTH EAST AND YORKSHIRE,10,533405.0,34589898.0,2178266.61
202211,Y63,NORTH EAST AND YORKSHIRE,11,207894.0,3145699.0,2061077.76
202211,Y63,NORTH EAST AND YORKSHIRE,12,162345.0,3731702.0,1059489.73
202211,Y63,NORTH EAST AND YORKSHIRE,13,380931.0,65858033.5,3829521.62
202211,Y63,NORTH EAST AND YORKSHIRE,14,369485.0,369578.0,4821447.08
202211,Y63,NORTH EAST AND YORKSHIRE,15,20761.0,4510503.5,276478.78
202211,Y63,NORTH EAST AND YORKSHIRE,19,19958.0,7800523.0,336913.18
202211,Y63,NORTH EAST AND YORKSHIRE,20,52551.0,1498246.9,1723561.73
202211,Y63,NORTH EAST AND YORKSHIRE,21,483147.0,81268595.5,7404911.57
202211,Y63,NORTH EAST AND YORKSHIRE,22,12158.0,228215.0,316584.12
202211,Y63,NORTH EAST AND YORKSHIRE,23,59591.0,6089583.5,2826615.2800000003
202212,Y56,LONDON,1,1120341.0,81875119.0,8371310.35
202212,Y56,LONDON,2,3770452.0,131978388.0,16308762.86
202212,Y56,LONDON,3,784799.0,17474783.0,11904807.52
202212,Y56,LONDON,4,2147425.0,134183818.2,17104549.25
202212,Y56,LONDON,5,676397.0,34347793.5,4727871.18
202212,Y56,LONDON,6,1617065.0,84874471.5,23165747.43
202212,Y56,LONDON,7,344594.0,13859256.0,2797686.71
202212,Y56,LONDON,8,45483.0,1991796.0,1499381.24
202212,Y56,LONDON,9,811410.0,293065056.2,7277941.7
202212,Y56,LONDON,10,294082.0,20180808.0,1353407.16
202212,Y56,LONDON,11,168020.0,3547306.5,2279186.74
202212,Y56,LONDON,12,126843.0,4071328.8,936466.16
202212,Y56,LONDON,13,315284.0,58716098.5,3234627.24
202212,Y56,LONDON,14,169537.0,169716.0,2193378.76
202212,Y56,LONDON,15,11790.0,265277.5,289820.34
202212,Y56,LONDON,18,1.0,100.0,17.5
202212,Y56,LONDON,19,20094.0,10689338.0,262858.21
202212,Y56,LONDON,20,43901.0,1459025.8,1290470.75
202212,Y56,LONDON,21,415272.0,86293664.5,5631126.77
202212,Y56,LONDON,22,23222.0,411625.0,543631.32
202212,Y56,LONDON,23,35431.0,4242115.4,1255426.17
202212,Y58,SOUTH WEST,1,893117.0,64520097.0,6653248.59
202212,Y58,SOUTH WEST,2,2835301.0,103781635.0,15759761.89
202212,Y58,SOUTH WEST,3,599255.0,10731733.0,9828059.71
202212,Y58,SOUTH WEST,4,1860080.0,133046964.4,13381987.06
202212,Y58,SOUTH WEST,5,463105.0,18367327.0,3018494.41
202212,Y58,SOUTH WEST,6,1046797.0,51146575.5,14145074.3
202212,Y58,SOUTH WEST,7,286388.0,11869386.0,2451191.81
202212,Y58,SOUTH WEST,8,40757.0,1619881.0,1680794.2200000002
202212,Y58,SOUTH WEST,9,501624.0,160066354.5,4048450.03
202212,Y58,SOUTH WEST,10,248076.0,14882538.0,1279964.14
202212,Y58,SOUTH WEST,11,124788.0,1954734.0,1265310.91
202212,Y58,SOUTH WEST,12,83111.0,1668782.0,550674.38
202212,Y58,SOUTH WEST,13,174604.0,26579800.5,1656139.5
202212,Y58,SOUTH WEST,14,196332.0,196444.0,2563187.27
202212,Y58,SOUTH WEST,15,20031.0,212072.5,195041.97
202212,Y58,SOUTH WEST,18,2.0,1100.0,192.5
202212,Y58,SOUTH WEST,19,8844.0,3153557.0,158130.37
202212,Y58,SOUTH WEST,20,28218.0,528229.6000000001,564883.48
202212,Y58,SOUTH WEST,21,269976.0,46855195.5,5411723.609999999
202212,Y58,SOUTH WEST,22,26450.0,456973.0,633043.9199999999
202212,Y58,SOUTH WEST,23,41713.0,3593287.8000000003,1665491.4
202212,Y59,SOUTH EAST,1,1157680.0,89247598.0,9728224.04
202212,Y59,SOUTH EAST,2,3709907.0,149830218.0,22061198.24
202212,Y59,SOUTH EAST,3,839107.0,16379991.0,14220179.85
202212,Y59,SOUTH EAST,4,2445968.0,170890435.2,20867083.69
202212,Y59,SOUTH EAST,5,762642.0,34152587.0,5152440.17
202212,Y59,SOUTH EAST,6,1449077.0,77814281.0,23083063.15
202212,Y59,SOUTH EAST,7,378871.0,17015794.0,3538113.87
202212,Y59,SOUTH EAST,8,60913.0,2722028.0,2423948.73
202212,Y59,SOUTH EAST,9,745349.0,512812767.5,11121407.45
202212,Y59,SOUTH EAST,10,317043.0,20457827.0,1674896.47
202212,Y59,SOUTH EAST,11,178631.0,3353835.0,2161131.48
202212,Y59,SOUTH EAST,12,128052.0,2313638.0,907913.69
202212,Y59,SOUTH EAST,13,259615.0,41962928.0,2677346.4
202212,Y59,SOUTH EAST,14,255754.0,255887.0,3344819.15
202212,Y59,SOUTH EAST,15,19993.0,289298.0,281701.31
202212,Y59,SOUTH EAST,19,13264.0,6188065.0,301773.88
202212,Y59,SOUTH EAST,20,32754.0,1720425.6,811211.03
202212,Y59,SOUTH EAST,21,364933.0,63704691.5,7385642.59
202212,Y59,SOUTH EAST,22,33758.0,662656.0,808651.72
202212,Y59,SOUTH EAST,23,89004.0,8794346.5,5360788.52
202212,Y60,MIDLANDS,1,1796651.0,146219985.0,12499064.87
202212,Y60,MIDLANDS,2,5762416.0,209845967.0,29142205.32
202212,Y60,MIDLANDS,3,1326679.0,25524714.0,20040496.76
202212,Y60,MIDLANDS,4,3757531.0,280985809.8,28885457.75
202212,Y60,MIDLANDS,5,1016706.0,46510752.5,6636562.05
202212,Y60,MIDLANDS,6,2150881.0,106572552.0,31019870.06
202212,Y60,MIDLANDS,7,516023.0,21774123.0,4171080.53
202212,Y60,MIDLANDS,8,68647.0,2623430.0,2563294.29
202212,Y60,MIDLANDS,9,1033422.0,826858435.0,17508574.13
202212,Y60,MIDLANDS,10,494316.0,33889976.0,2133639.06
202212,Y60,MIDLANDS,11,257091.0,4860063.0,2970727.6900000004
202212,Y60,MIDLANDS,12,186170.0,4667363.7,1250196.84
202212,Y60,MIDLANDS,13,402049.0,73945352.0,3973849.79
202212,Y60,MIDLANDS,14,313070.0,313236.0,4030274.88
202212,Y60,MIDLANDS,15,26451.0,373396.0,293825.13
202212,Y60,MIDLANDS,18,1.0,1000.0,175.0
202212,Y60,MIDLANDS,19,27055.0,9773657.0,456078.84
202212,Y60,MIDLANDS,20,106147.0,2745750.3,3283604.84
202212,Y60,MIDLANDS,21,640190.0,103720799.0,9481699.78
202212,Y60,MIDLANDS,22,24509.0,465622.0,623461.8200000001
202212,Y60,MIDLANDS,23,116289.0,11113592.5,6480976.31
202212,Y61,EAST OF ENGLAND,1,1020117.0,71417780.0,7563971.3
202212,Y61,EAST OF ENGLAND,2,3453811.0,118273028.0,17021614.83
202212,Y61,EAST OF ENGLAND,3,738757.0,13562068.0,11108551.54
202212,Y61,EAST OF ENGLAND,4,2117553.0,137838551.8,15327439.67
202212,Y61,EAST OF ENGLAND,5,628505.0,29301618.0,4172576.03
202212,Y61,EAST OF ENGLAND,6,1304613.0,61419216.5,17091754.83
202212,Y61,EAST OF ENGLAND,7,328002.0,13210976.0,2545867.22
202212,Y61,EAST OF ENGLAND,8,54488.0,2202945.0,2044378.66
202212,Y61,EAST OF ENGLAND,9,522043.0,184483353.8,5023244.35
202212,Y61,EAST OF ENGLAND,10,277437.0,16493600.0,1481874.85
202212,Y61,EAST OF ENGLAND,11,145073.0,2381092.0,1609969.97
202212,Y61,EAST OF ENGLAND,12,100997.0,1715167.9,677347.6000000001
202212,Y61,EAST OF ENGLAND,13,202729.0,30532247.0,1965842.21
202212,Y61,EAST OF ENGLAND,14,139622.0,139729.0,1853612.55
202212,Y61,EAST OF ENGLAND,15,13846.0,198382.5,190205.44
202212,Y61,EAST OF ENGLAND,19,12633.0,5426859.0,259477.31
202212,Y61,EAST OF ENGLAND,20,34075.0,1061570.7,1517938.31
202212,Y61,EAST OF ENGLAND,21,352092.0,54407179.5,11154814.24
202212,Y61,EAST OF ENGLAND,22,54624.0,1049752.0,1585418.4900000002
202212,Y61,EAST OF ENGLAND,23,165416.0,13658297.9,12356345.34
202212,Y62,NORTH WEST,1,1373958.0,114774341.0,9925950.29
202212,Y62,NORTH WEST,2,4027840.0,143339895.0,19438886.66
202212,Y62,NORTH WEST,3,1028216.0,19490487.0,15377701.97
202212,Y62,NORTH WEST,4,2963416.0,210647275.0,21684455.0
202212,Y62,NORTH WEST,5,706044.0,31394718.0,4689934.6
202212,Y62,NORTH WEST,6,1432526.0,68035314.5,20115940.35
202212,Y62,NORTH WEST,7,362404.0,14219481.0,3027103.68
202212,Y62,NORTH WEST,8,46358.0,1761566.0,1494491.53
202212,Y62,NORTH WEST,9,774355.0,443657635.0,10254899.94
202212,Y62,NORTH WEST,10,356827.0,24915662.0,1735896.62
202212,Y62,NORTH WEST,11,159567.0,2514049.5,1664831.19
202212,Y62,NORTH WEST,12,138159.0,3536634.0,976797.39
202212,Y62,NORTH WEST,13,318641.0,64276464.0,3281685.72
202212,Y62,NORTH WEST,14,228511.0,228608.0,2923287.51
202212,Y62,NORTH WEST,15,21905.0,341727.0,385975.28
202212,Y62,NORTH WEST,18,2.0,3100.0,542.5
202212,Y62,NORTH WEST,19,20490.0,7375199.0,356893.52
202212,Y62,NORTH WEST,20,135240.0,3172487.4000000004,4206228.82
202212,Y62,NORTH WEST,21,448380.0,74191174.0,7623241.33
202212,Y62,NORTH WEST,22,33018.0,654929.0,805936.1799999999
202212,Y62,NORTH WEST,23,91216.0,8705751.2,4283801.65
202212,Y63,NORTH EAST AND YORKSHIRE,1,1919617.0,145088654.0,12150065.63
202212,Y63,NORTH EAST AND YORKSHIRE,2,5891152.0,191536243.0,25821177.67
202212,Y63,NORTH EAST AND YORKSHIRE,3,1311995.0,23790762.0,20073272.4
202212,Y63,NORTH EAST AND YORKSHIRE,4,3925024.0,267407481.6,25572569.1
202212,Y63,NORTH EAST AND YORKSHIRE,5,806974.0,34680075.5,5579515.68
202212,Y63,NORTH EAST AND YORKSHIRE,6,2052761.0,91939210.0,25999409.85
202212,Y63,NORTH EAST AND YORKSHIRE,7,514128.0,20098535.0,3936263.31
202212,Y63,NORTH EAST AND YORKSHIRE,8,72252.0,2825780.0,2454350.2800000003
202212,Y63,NORTH EAST AND YORKSHIRE,9,1047020.0,340245038.5,8789500.34
202212,Y63,NORTH EAST AND YORKSHIRE,10,518785.0,33568277.0,2243400.76
202212,Y63,NORTH EAST AND YORKSHIRE,11,209603.0,3138805.0,2117380.92
202212,Y63,NORTH EAST AND YORKSHIRE,12,164808.0,3780090.5,1079342.0
202212,Y63,NORTH EAST AND YORKSHIRE,13,360282.0,63786210.0,3633885.57
202212,Y63,NORTH EAST AND YORKSHIRE,14,219436.0,219495.0,2842031.34
202212,Y63,NORTH EAST AND YORKSHIRE,15,18835.0,4502683.5,277566.95
202212,Y63,NORTH EAST AND YORKSHIRE,19,21331.0,7708301.0,332583.76
202212,Y63,NORTH EAST AND YORKSHIRE,20,47428.0,1374956.8,1551887.63
202212,Y63,NORTH EAST AND YORKSHIRE,21,476633.0,80559187.0,7154574.98
202212,Y63,NORTH EAST AND YORKSHIRE,22,11913.0,225081.0,307758.69
202212,Y63,NORTH EAST AND YORKSHIRE,23,56287.0,5830115.6,2713355.6
202301,Y56,LONDON,1,1146675.0,83411894.0,8493062.41
202301,Y56,LONDON,2,3807925.0,132350855.0,16248865.42
202301,Y56,LONDON,3,764038.0,17359628.0,11900008.98
202301,Y56,LONDON,4,2173240.0,134876277.4,17192786.92
202301,Y56,LONDON,5,537844.0,22821431.5,3598611.45
202301,Y56,LONDON,6,1621387.0,84682796.0,23349181.08
202301,Y56,LONDON,7,355510.0,14616068.0,2841347.31
202301,Y56,LONDON,8,46104.0,1994346.0,1569629.26
202301,Y56,LONDON,9,834611.0,305725271.4,7620330.59
202301,Y56,LONDON,10,303778.0,20835756.0,1380819.96
202301,Y56,LONDON,11,169716.0,3593293.5,2277023.3
202301,Y56,LONDON,12,132349.0,4379809.3,960601.29
202301,Y56,LONDON,13,340599.0,62322074.5,3480651.43
202301,Y56,LONDON,14,129354.0,129563.0,1683144.47
202301,Y56,LONDON,15,13507.0,286041.5,294578.02
202301,Y56,LONDON,18,4.0,3900.0,682.5
202301,Y56,LONDON,19,15456.0,7761767.0,126611.2
202301,Y56,LONDON,20,47097.0,1326095.9,1303486.73
202301,Y56,LONDON,21,427952.0,92073434.5,5714337.17
202301,Y56,LONDON,22,24705.0,419401.0,578605.21
202301,Y56,LONDON,23,37063.0,4366093.2,1270671.89
202301,Y58,SOUTH WEST,1,904475.0,64869647.0,6667174.78
202301,Y58,SOUTH WEST,2,2809635.0,102335175.0,15623172.87
202301,Y58,SOUTH WEST,3,579009.0,10745939.0,9584333.99
202301,Y58,SOUTH WEST,4,1873127.0,132879569.8,13529125.53
202301,Y58,SOUTH WEST,5,385991.0,13697720.5,2514208.65
202301,Y58,SOUTH WEST,6,1031388.0,50576734.0,14184084.83
202301,Y58,SOUTH WEST,7,293219.0,12466815.0,2493269.04
202301,Y58,SOUTH WEST,8,40606.0,1611497.0,1659358.09
202301,Y58,SOUTH WEST,9,509913.0,169037193.5,4231222.79
202301,Y58,SOUTH WEST,10,252343.0,15296465.0,1271277.61
202301,Y58,SOUTH WEST,11,125711.0,1974799.5,1294807.41
202301,Y58,SOUTH WEST,12,86906.0,1699602.0,566736.12
202301,Y58,SOUTH WEST,13,189758.0,28569703.5,1821626.16
202301,Y58,SOUTH WEST,14,103352.0,103526.0,1364653.03
202301,Y58,SOUTH WEST,15,20056.0,3716734.5,192087.75
202301,Y58,SOUTH WEST,19,5154.0,798293.0,44226.09
202301,Y58,SOUTH WEST,20,31569.0,593776.2,637340.08
202301,Y58,SOUTH WEST,21,283893.0,49726460.0,5703267.78
202301,Y58,SOUTH WEST,22,31701.0,517464.0,748191.59
202301,Y58,SOUTH WEST,23,43311.0,3711260.0,1665906.4
202301,Y59,SOUTH EAST,1,1169413.0,89407832.0,9634626.51
202301,Y59,SOUTH EAST,2,3665579.0,146832220.0,21626096.49
202301,Y59,SOUTH EAST,3,804957.0,16590690.0,13828746.67
202301,Y59,SOUTH EAST,4,2458656.0,169961115.4,20738483.61
202301,Y59,SOUTH EAST,5,614529.0,23916715.0,3991378.91
202301,Y59,SOUTH EAST,6,1423028.0,76221276.0,22991146.5
202301,Y59,SOUTH EAST,7,391370.0,18106969.0,3632216.36
202301,Y59,SOUTH EAST,8,61347.0,2711070.0,2602521.81
202301,Y59,SOUTH EAST,9,768606.0,535981510.0,11639416.58
202301,Y59,SOUTH EAST,10,323085.0,20800084.0,1687024.7
202301,Y59,SOUTH EAST,11,178419.0,3323985.0,2163019.73
202301,Y59,SOUTH EAST,12,133721.0,2392748.8000000003,923512.94
202301,Y59,SOUTH EAST,13,281396.0,44936752.0,2928222.56
202301,Y59,SOUTH EAST,14,127983.0,128122.0,1654552.7999999998
202301,Y59,SOUTH EAST,15,22485.0,297040.5,287245.21
202301,Y59,SOUTH EAST,18,3.0,4100.0,717.5
202301,Y59,SOUTH EAST,19,7439.0,2162314.0,89509.95000000001
202301,Y59,SOUTH EAST,20,36156.0,1606750.1,872445.06
202301,Y59,SOUTH EAST,21,379062.0,67467481.0,7741760.66
202301,Y59,SOUTH EAST,22,39242.0,753899.0,941978.06
202301,Y59,SOUTH EAST,23,89961.0,8834369.8,5237509.17
202301,Y60,MIDLANDS,1,1797035.0,146141036.0,12429323.45
202301,Y60,MIDLANDS,2,5637815.0,205450197.0,28484567.27
202301,Y60,MIDLANDS,3,1273878.0,25157795.0,19443928.53
202301,Y60,MIDLANDS,4,3746187.0,277601542.6,28540893.68
202301,Y60,MIDLANDS,5,840961.0,32930892.5,5301146.6
202301,Y60,MIDLANDS,6,2095705.0,104549081.5,30645425.42
202301,Y60,MIDLANDS,7,527021.0,23054832.0,4238972.5
202301,Y60,MIDLANDS,8,68218.0,2594260.0,2691256.18
202301,Y60,MIDLANDS,9,1051815.0,929941496.5,19608362.37
202301,Y60,MIDLANDS,10,503592.0,34373009.0,2155642.67
202301,Y60,MIDLANDS,11,257805.0,4865832.5,2995704.01
202301,Y60,MIDLANDS,12,190728.0,4839259.0,1262591.2999999998
202301,Y60,MIDLANDS,13,436035.0,78833550.0,4295814.04
202301,Y60,MIDLANDS,14,175473.0,175939.0,2307512.29
202301,Y60,MIDLANDS,15,29851.0,387144.0,301164.41
202301,Y60,MIDLANDS,19,16507.0,4226630.0,148084.78999999998
202301,Y60,MIDLANDS,20,119755.0,3000863.0,3661639.62
202301,Y60,MIDLANDS,21,654748.0,108852081.5,9885870.71
202301,Y60,MIDLANDS,22,24230.0,459982.0,632552.5
202301,Y60,MIDLANDS,23,119545.0,11339164.2,6697044.130000001
202301,Y61,EAST OF ENGLAND,1,1026350.0,71592547.0,7633758.43
202301,Y61,EAST OF ENGLAND,2,3427195.0,116836196.0,16807177.02
202301,Y61,EAST OF ENGLAND,3,717544.0,13768609.0,10969797.97
202301,Y61,EAST OF ENGLAND,4,2126203.0,137320529.8,15369066.86
202301,Y61,EAST OF ENGLAND,5,515177.0,20243131.0,3291910.47
202301,Y61,EAST OF ENGLAND,6,1285001.0,60432010.0,17012277.48
202301,Y61,EAST OF ENGLAND,7,336816.0,13987453.5,2594275.98
202301,Y61,EAST OF ENGLAND,8,54894.0,2192142.0,2173093.4
202301,Y61,EAST OF ENGLAND,9,537648.0,196678699.5,5439126.66
202301,Y61,EAST OF ENGLAND,10,283331.0,16880729.0,1499060.13
202301,Y61,EAST OF ENGLAND,11,146071.0,2377098.0,1636789.4699999995
202301,Y61,EAST OF ENGLAND,12,104561.0,1766624.3,679407.9
202301,Y61,EAST OF ENGLAND,13,218878.0,32669399.5,2143753.77
202301,Y61,EAST OF ENGLAND,14,79521.0,79616.0,1037119.79
202301,Y61,EAST OF ENGLAND,15,15555.0,208026.5,199018.39
202301,Y61,EAST OF ENGLAND,18,1.0,1000.0,175.0
202301,Y61,EAST OF ENGLAND,19,6894.0,2059656.0,100603.83
202301,Y61,EAST OF ENGLAND,20,37505.0,1122190.6,1566124.71
202301,Y61,EAST OF ENGLAND,21,362975.0,56964473.0,11266505.88
202301,Y61,EAST OF ENGLAND,22,56712.0,1079464.0,1628061.37
202301,Y61,EAST OF ENGLAND,23,161760.0,13124815.9,11747042.77
202301,Y62,NORTH WEST,1,1368028.0,113962657.0,9775915.27
202301,Y62,NORTH WEST,2,3933223.0,139418541.0,18911727.35
202301,Y62,NORTH WEST,3,985012.0,19175982.0,14860087.34
202301,Y62,NORTH WEST,4,2943417.0,207991812.8,21285248.78
202301,Y62,NORTH WEST,5,586735.0,22800115.5,3789706.22
202301,Y62,NORTH WEST,6,1394452.0,66524506.5,19964199.58
202301,Y62,NORTH WEST,7,368040.0,15190477.0,3026613.99
202301,Y62,NORTH WEST,8,45415.0,1721996.0,1511254.5
202301,Y62,NORTH WEST,9,791140.0,462987937.5,10830958.48
202301,Y62,NORTH WEST,10,360613.0,25239023.0,1747143.3
202301,Y62,NORTH WEST,11,160394.0,2512811.5,1674978.34
202301,Y62,NORTH WEST,12,139688.0,3487404.5,977381.24
202301,Y62,NORTH WEST,13,342840.0,67753241.0,3546869.57
202301,Y62,NORTH WEST,14,107346.0,107509.0,1392160.39
202301,Y62,NORTH WEST,15,23347.0,334853.5,377568.47
202301,Y62,NORTH WEST,19,13273.0,2529122.0,97811.23
202301,Y62,NORTH WEST,20,145240.0,3291909.2,4362926.390000001
202301,Y62,NORTH WEST,21,451318.0,76472198.5,7554976.26
202301,Y62,NORTH WEST,22,33924.0,668908.0,833550.97
202301,Y62,NORTH WEST,23,90453.0,8670627.4,4049030.99
202301,Y63,NORTH EAST AND YORKSHIRE,1,1931768.0,145903826.0,12077025.26
202301,Y63,NORTH EAST AND YORKSHIRE,2,5839034.0,188768402.0,25478258.22
202301,Y63,NORTH EAST AND YORKSHIRE,3,1268637.0,23627615.0,19506728.19
202301,Y63,NORTH EAST AND YORKSHIRE,4,3924183.0,265611179.2,25463607.55
202301,Y63,NORTH EAST AND YORKSHIRE,5,690844.0,26037047.0,4578575.45
202301,Y63,NORTH EAST AND YORKSHIRE,6,2026909.0,90794479.0,26006891.53
202301,Y63,NORTH EAST AND YORKSHIRE,7,530359.0,21683697.0,4012688.13
202301,Y63,NORTH EAST AND YORKSHIRE,8,72453.0,2813780.0,2555230.25
202301,Y63,NORTH EAST AND YORKSHIRE,9,1068904.0,361679215.5,9274043.63
202301,Y63,NORTH EAST AND YORKSHIRE,10,526938.0,33853758.0,2247300.31
202301,Y63,NORTH EAST AND YORKSHIRE,11,209551.0,3139724.0,2111192.6500000004
202301,Y63,NORTH EAST AND YORKSHIRE,12,169291.0,3809834.8,1085440.98
202301,Y63,NORTH EAST AND YORKSHIRE,13,388876.0,68394671.5,3923837.59
202301,Y63,NORTH EAST AND YORKSHIRE,14,108421.0,108500.0,1436917.12
202301,Y63,NORTH EAST AND YORKSHIRE,15,20909.0,12311819.0,279195.55
202301,Y63,NORTH EAST AND YORKSHIRE,19,14307.0,3785157.0,120871.72
202301,Y63,NORTH EAST AND YORKSHIRE,20,50702.0,1456188.1,1616245.02
202301,Y63,NORTH EAST AND YORKSHIRE,21,489931.0,85200368.5,7520242.569999999
202301,Y63,NORTH EAST AND YORKSHIRE,22,12620.0,239140.0,334605.36
202301,Y63,NORTH EAST AND YORKSHIRE,23,59362.0,6040822.8,2857125.92
202302,Y56,LONDON,1,1058469.0,76332370.0,7765549.54
202302,Y56,LONDON,2,3524721.0,121947972.0,15148442.98
202302,Y56,LONDON,3,699125.0,16210824.0,10757090.37
202302,Y56,LONDON,4,2010750.0,123729767.6,15574555.5
202302,Y56,LONDON,5,479971.0,21562592.5,3072194.56
202302,Y56,LONDON,6,1497339.0,78025067.5,21577942.0
202302,Y56,LONDON,7,329085.0,13286491.0,2645914.92
202302,Y56,LONDON,8,42449.0,1841661.0,1459817.95
202302,Y56,LONDON,9,777084.0,282466795.7,7175825.16
202302,Y56,LONDON,10,284235.0,19374322.0,1311712.72
202302,Y56,LONDON,11,162966.0,3340410.0,2129457.81
202302,Y56,LONDON,12,125489.0,4146392.6,901953.65
202302,Y56,LONDON,13,320965.0,58623411.5,3353877.62
202302,Y56,LONDON,14,82101.0,82270.0,1057167.12
202302,Y56,LONDON,15,12027.0,263749.5,271367.75
202302,Y56,LONDON,18,1.0,100.0,17.5
202302,Y56,LONDON,19,8629.0,6471954.0,89368.93
202302,Y56,LONDON,20,44207.0,1236000.7999999998,1231026.34
202302,Y56,LONDON,21,397838.0,85253679.0,5327546.840000001
202302,Y56,LONDON,22,21564.0,368280.0,508044.45
202302,Y56,LONDON,23,33617.0,3976436.7,1148518.33
202302,Y58,SOUTH WEST,1,832697.0,59011595.0,6161719.57
202302,Y58,SOUTH WEST,2,2616820.0,95213204.0,14660160.6
202302,Y58,SOUTH WEST,3,529475.0,9928472.0,8754558.870000001
202302,Y58,SOUTH WEST,4,1731153.0,122365744.6,12338485.91
202302,Y58,SOUTH WEST,5,333052.0,12717504.5,2203654.09
202302,Y58,SOUTH WEST,6,947263.0,46505953.5,13096595.48
202302,Y58,SOUTH WEST,7,271784.0,11499655.0,2314867.21
202302,Y58,SOUTH WEST,8,37009.0,1434669.0,1549399.64
202302,Y58,SOUTH WEST,9,478121.0,160630089.4,4067132.67
202302,Y58,SOUTH WEST,10,236015.0,14187328.0,1181533.06
202302,Y58,SOUTH WEST,11,119966.0,1848139.0,1195507.6
202302,Y58,SOUTH WEST,12,80599.0,1548129.9,519459.46
202302,Y58,SOUTH WEST,13,179035.0,26635334.0,1753497.1800000002
202302,Y58,SOUTH WEST,14,64790.0,64940.0,849212.92
202302,Y58,SOUTH WEST,15,19223.0,211162.0,175525.82
202302,Y58,SOUTH WEST,19,3888.0,722803.0,42635.850000000006
202302,Y58,SOUTH WEST,20,28514.0,534499.8,542861.8300000001
202302,Y58,SOUTH WEST,21,262085.0,46396575.0,5259561.220000001
202302,Y58,SOUTH WEST,22,26043.0,431762.0,613416.61
202302,Y58,SOUTH WEST,23,38698.0,3330569.5,1525173.0699999998
202302,Y59,SOUTH EAST,1,1069792.0,81214288.0,8805323.51
202302,Y59,SOUTH EAST,2,3384919.0,136021247.0,20320093.36
202302,Y59,SOUTH EAST,3,730046.0,15130649.0,12478965.94
202302,Y59,SOUTH EAST,4,2251671.0,155476029.0,18841269.09
202302,Y59,SOUTH EAST,5,536374.0,22637562.5,3484056.98
202302,Y59,SOUTH EAST,6,1305864.0,70285520.0,21153970.85
202302,Y59,SOUTH EAST,7,358704.0,16439608.0,3336244.32
202302,Y59,SOUTH EAST,8,56048.0,2488901.0,2328905.08
202302,Y59,SOUTH EAST,9,709129.0,491081154.5,10873013.97
202302,Y59,SOUTH EAST,10,299417.0,19192370.0,1555947.6
202302,Y59,SOUTH EAST,11,169549.0,3109210.5,2013080.66
202302,Y59,SOUTH EAST,12,124569.0,2216747.7,855085.0800000001
202302,Y59,SOUTH EAST,13,264261.0,41538064.5,2816195.81
202302,Y59,SOUTH EAST,14,84618.0,84700.0,1103574.45
202302,Y59,SOUTH EAST,15,20824.0,283639.5,262548.96
202302,Y59,SOUTH EAST,18,1.0,2000.0,350.0
202302,Y59,SOUTH EAST,19,5544.0,1974658.0,77952.13
202302,Y59,SOUTH EAST,20,32319.0,1461506.4,782152.26
202302,Y59,SOUTH EAST,21,347531.0,61905612.5,7023604.819999999
202302,Y59,SOUTH EAST,22,31487.0,607043.0,749666.79
202302,Y59,SOUTH EAST,23,80329.0,7869990.3,4751898.279999999
202302,Y60,MIDLANDS,1,1651993.0,132627381.0,11453758.43
202302,Y60,MIDLANDS,2,5231397.0,190050057.0,26712015.7
202302,Y60,MIDLANDS,3,1158867.0,23185940.0,17587999.98
202302,Y60,MIDLANDS,4,3451977.0,254813072.4,25870117.270000003
202302,Y60,MIDLANDS,5,720921.0,30891308.5,4551795.16
202302,Y60,MIDLANDS,6,1920973.0,95627465.0,28542565.99
202302,Y60,MIDLANDS,7,483628.0,20795270.0,3883494.74
202302,Y60,MIDLANDS,8,62534.0,2373367.0,2552531.15
202302,Y60,MIDLANDS,9,983403.0,858650634.5,19041532.56
202302,Y60,MIDLANDS,10,467165.0,31821376.0,2022238.46
202302,Y60,MIDLANDS,11,242871.0,4437407.5,2748881.37
202302,Y60,MIDLANDS,12,177468.0,4477484.7,1158292.46
202302,Y60,MIDLANDS,13,408191.0,72983170.5,4194568.97
202302,Y60,MIDLANDS,14,92889.0,93050.0,1233082.81
202302,Y60,MIDLANDS,15,28310.0,365509.5,279152.28
202302,Y60,MIDLANDS,18,1.0,1400.0,245.0
202302,Y60,MIDLANDS,19,11692.0,3804406.0,143776.56999999998
202302,Y60,MIDLANDS,20,111781.0,2734339.8,3373521.22
202302,Y60,MIDLANDS,21,609603.0,100678414.5,9256825.44
202302,Y60,MIDLANDS,22,22297.0,419295.0,572266.11
202302,Y60,MIDLANDS,23,110596.0,10558567.5,6172860.83
202302,Y61,EAST OF ENGLAND,1,947480.0,65313118.0,7026004.51
202302,Y61,EAST OF ENGLAND,2,3177138.0,108211399.0,15814793.2
202302,Y61,EAST OF ENGLAND,3,654352.0,12670193.0,9949568.89
202302,Y61,EAST OF ENGLAND,4,1962287.0,125776996.2,13986408.86
202302,Y61,EAST OF ENGLAND,5,444570.0,18605874.5,2860053.12
202302,Y61,EAST OF ENGLAND,6,1186787.0,55966564.5,15812469.84
202302,Y61,EAST OF ENGLAND,7,307984.0,12621850.0,2390961.03
202302,Y61,EAST OF ENGLAND,8,49869.0,2007270.0,1907945.45
202302,Y61,EAST OF ENGLAND,9,497339.0,184257636.2,5086478.57
202302,Y61,EAST OF ENGLAND,10,263568.0,15567181.0,1386936.58
202302,Y61,EAST OF ENGLAND,11,137460.0,2205855.0,1494373.77
202302,Y61,EAST OF ENGLAND,12,97425.0,1644518.8,632436.7
202302,Y61,EAST OF ENGLAND,13,207593.0,30629771.5,2049093.8
202302,Y61,EAST OF ENGLAND,14,42641.0,42694.0,559592.29
202302,Y61,EAST OF ENGLAND,15,14698.0,190704.5,186420.95
202302,Y61,EAST OF ENGLAND,18,5.0,1700.0,297.5
202302,Y61,EAST OF ENGLAND,19,4861.0,1835168.0,75643.71
202302,Y61,EAST OF ENGLAND,20,34431.0,998468.2,1527935.6800000002
202302,Y61,EAST OF ENGLAND,21,331323.0,52542934.0,9706875.62
202302,Y61,EAST OF ENGLAND,22,47164.0,898087.0,1343302.34
202302,Y61,EAST OF ENGLAND,23,137254.0,11180372.5,9806838.23
202302,Y62,NORTH WEST,1,1263159.0,105138614.0,9049503.38
202302,Y62,NORTH WEST,2,3658780.0,129769733.0,17860300.25
202302,Y62,NORTH WEST,3,899063.0,17701945.0,13518522.56
202302,Y62,NORTH WEST,4,2716442.0,191696797.0,19384037.1
202302,Y62,NORTH WEST,5,492717.0,20710223.0,3200753.91
202302,Y62,NORTH WEST,6,1280083.0,61187315.0,18465355.99
202302,Y62,NORTH WEST,7,340769.0,13844161.0,2822940.78
202302,Y62,NORTH WEST,8,41714.0,1585309.0,1398459.76
202302,Y62,NORTH WEST,9,734103.0,423060753.0,10114032.59
202302,Y62,NORTH WEST,10,336056.0,23418028.0,1633058.45
202302,Y62,NORTH WEST,11,153090.0,2370814.5,1559782.47
202302,Y62,NORTH WEST,12,128956.0,3255553.4,891774.62
202302,Y62,NORTH WEST,13,325991.0,63688903.0,3450403.65
202302,Y62,NORTH WEST,14,74497.0,74652.5,955549.14
202302,Y62,NORTH WEST,15,22046.0,333777.0,349549.99
202302,Y62,NORTH WEST,18,2.0,3500.0,612.5
202302,Y62,NORTH WEST,19,9735.0,2340750.0,77019.73999999999
202302,Y62,NORTH WEST,20,129269.0,2890073.9,3889515.07
202302,Y62,NORTH WEST,21,421882.0,71480463.5,7152113.73
202302,Y62,NORTH WEST,22,30660.0,603057.0,749637.83
202302,Y62,NORTH WEST,23,82609.0,7914018.9,3777972.74
202302,Y63,NORTH EAST AND YORKSHIRE,1,1760399.0,131293278.0,11082965.26
202302,Y63,NORTH EAST AND YORKSHIRE,2,5365859.0,173315193.0,23672040.12
202302,Y63,NORTH EAST AND YORKSHIRE,3,1150756.0,21683262.0,17636335.84
202302,Y63,NORTH EAST AND YORKSHIRE,4,3586499.0,242127135.0,22892624.23
202302,Y63,NORTH EAST AND YORKSHIRE,5,584291.0,23411960.5,3904429.98
202302,Y63,NORTH EAST AND YORKSHIRE,6,1846511.0,82805500.0,23898489.8
202302,Y63,NORTH EAST AND YORKSHIRE,7,482208.0,19403458.0,3684640.68
202302,Y63,NORTH EAST AND YORKSHIRE,8,65139.0,2551526.0,2263614.72
202302,Y63,NORTH EAST AND YORKSHIRE,9,982630.0,334891053.0,8711564.24
202302,Y63,NORTH EAST AND YORKSHIRE,10,487072.0,31209663.0,2068217.12
202302,Y63,NORTH EAST AND YORKSHIRE,11,198419.0,2911199.0,1951576.38
202302,Y63,NORTH EAST AND YORKSHIRE,12,154269.0,3479576.8,988435.49
202302,Y63,NORTH EAST AND YORKSHIRE,13,361252.0,62705568.5,3745973.0
202302,Y63,NORTH EAST AND YORKSHIRE,14,68997.0,69090.0,933911.15
202302,Y63,NORTH EAST AND YORKSHIRE,15,19437.0,7687344.0,251805.8
202302,Y63,NORTH EAST AND YORKSHIRE,19,11120.0,3220492.0,124361.1
202302,Y63,NORTH EAST AND YORKSHIRE,20,46794.0,1323733.5,1493807.13
202302,Y63,NORTH EAST AND YORKSHIRE,21,449873.0,77934266.5,6833165.16
202302,Y63,NORTH EAST AND YORKSHIRE,22,10670.0,202031.0,282963.27
202302,Y63,NORTH EAST AND YORKSHIRE,23,52445.0,5336119.3,2434527.31
202303,Y56,LONDON,1,1199195.0,87341611.0,8742860.53
202303,Y56,LONDON,2,3996015.0,139669556.0,17432059.17
202303,Y56,LONDON,3,795164.0,18778890.0,12514361.94
202303,Y56,LONDON,4,2284192.0,141215492.20000002,17789573.54
202303,Y56,LONDON,5,524423.0,23586295.0,3476320.92
202303,Y56,LONDON,6,1700882.0,89307024.0,24664925.54
202303,Y56,LONDON,7,370101.0,14979719.0,2952881.61
202303,Y56,LONDON,8,47738.0,2079575.0,1606793.01
202303,Y56,LONDON,9,878335.0,324971030.5,8256697.58
202303,Y56,LONDON,10,322417.0,21969816.0,1463025.1
202303,Y56,LONDON,11,185592.0,3715356.0,2452514.73
202303,Y56,LONDON,12,144377.0,4642060.1,1018857.3
202303,Y56,LONDON,13,364740.0,66466886.5,3801748.26
202303,Y56,LONDON,14,81875.0,82034.0,1070580.27
202303,Y56,LONDON,15,13793.0,297611.5,314313.76
202303,Y56,LONDON,19,9331.0,7739518.0,99074.73
202303,Y56,LONDON,20,49576.0,1384808.1,1406694.34
202303,Y56,LONDON,21,448755.0,97557081.5,6127912.220000001
202303,Y56,LONDON,22,26592.0,448463.0,615539.87
202303,Y56,LONDON,23,40005.0,4688299.4,1415270.42
202303,Y58,SOUTH WEST,1,948730.0,67978747.0,6849342.04
202303,Y58,SOUTH WEST,2,2984716.0,108785784.0,16824343.84
202303,Y58,SOUTH WEST,3,593427.0,11334504.0,9917871.26
202303,Y58,SOUTH WEST,4,1965646.0,138407207.8,13970799.61
202303,Y58,SOUTH WEST,5,362057.0,13537085.5,2472993.42
202303,Y58,SOUTH WEST,6,1085551.0,53598592.5,15049817.9
202303,Y58,SOUTH WEST,7,307522.0,12915584.0,2601903.54
202303,Y58,SOUTH WEST,8,42301.0,1680754.0,1717951.04
202303,Y58,SOUTH WEST,9,541511.0,177402002.0,4581664.0600000005
202303,Y58,SOUTH WEST,10,268393.0,16152767.0,1340183.67
202303,Y58,SOUTH WEST,11,134790.0,2036475.5,1393639.54
202303,Y58,SOUTH WEST,12,90033.0,1754837.7,570887.6
202303,Y58,SOUTH WEST,13,202284.0,30313186.5,1995387.03
202303,Y58,SOUTH WEST,14,49565.0,49664.0,605953.54
202303,Y58,SOUTH WEST,15,22150.0,238329.0,201609.96
202303,Y58,SOUTH WEST,19,3916.0,789877.0,53451.85
202303,Y58,SOUTH WEST,20,33178.0,603287.9,645998.22
202303,Y58,SOUTH WEST,21,297851.0,52803591.0,6083135.3
202303,Y58,SOUTH WEST,22,31705.0,525070.0,748921.65
202303,Y58,SOUTH WEST,23,45079.0,3859059.1,1744490.81
202303,Y59,SOUTH EAST,1,1210360.0,92542655.0,9856107.09
202303,Y59,SOUTH EAST,2,3838823.0,154400671.0,23145722.91
202303,Y59,SOUTH EAST,3,823938.0,17529663.0,14273453.43
202303,Y59,SOUTH EAST,4,2554731.0,175357441.2,21373882.08
202303,Y59,SOUTH EAST,5,580165.0,24443735.0,3817190.94
202303,Y59,SOUTH EAST,6,1483469.0,79998796.0,24163741.86
202303,Y59,SOUTH EAST,7,402511.0,18238739.0,3744070.45
202303,Y59,SOUTH EAST,8,62481.0,2790103.0,2588078.67
202303,Y59,SOUTH EAST,9,806248.0,562840566.4,12565630.11
202303,Y59,SOUTH EAST,10,337680.0,21677649.0,1752901.28
202303,Y59,SOUTH EAST,11,190534.0,3377866.0,2289406.3600000003
202303,Y59,SOUTH EAST,12,141175.0,2477617.6,953014.46
202303,Y59,SOUTH EAST,13,297730.0,47111053.5,3184433.86
202303,Y59,SOUTH EAST,14,61136.0,61216.0,806943.99
202303,Y59,SOUTH EAST,15,23787.0,332084.0,307743.55
202303,Y59,SOUTH EAST,18,2.0,3000.0,525.0
202303,Y59,SOUTH EAST,19,5400.0,1957422.0,78483.45
202303,Y59,SOUTH EAST,20,37116.0,1770986.7000000002,901152.53
202303,Y59,SOUTH EAST,21,392297.0,70078152.5,8214009.779999999
202303,Y59,SOUTH EAST,22,37376.0,722111.0,902525.18
202303,Y59,SOUTH EAST,23,97866.0,9417783.6,5842006.01
202303,Y60,MIDLANDS,1,1879034.0,151811571.0,12801989.39
202303,Y60,MIDLANDS,2,5962408.0,217133571.0,30620693.07
202303,Y60,MIDLANDS,3,1309690.0,26542977.5,20073248.92
202303,Y60,MIDLANDS,4,3924565.0,288807397.0,29403319.26
202303,Y60,MIDLANDS,5,775258.0,32521011.5,4998414.51
202303,Y60,MIDLANDS,6,2182817.0,108836306.5,32181681.78
202303,Y60,MIDLANDS,7,547827.0,23465239.0,4330884.57
202303,Y60,MIDLANDS,8,70520.0,2673400.0,2706295.09
202303,Y60,MIDLANDS,9,1114585.0,973788988.5,21770307.46
202303,Y60,MIDLANDS,10,532795.0,36267037.0,2278084.3
202303,Y60,MIDLANDS,11,274336.0,4951798.0,3195752.09
202303,Y60,MIDLANDS,12,198346.0,5151155.199999999,1281583.6
202303,Y60,MIDLANDS,13,460801.0,83369388.5,4623308.98
202303,Y60,MIDLANDS,14,45859.0,45973.0,620986.97
202303,Y60,MIDLANDS,15,31453.0,405807.0,307532.29
202303,Y60,MIDLANDS,18,2.0,1100.0,192.5
202303,Y60,MIDLANDS,19,11136.0,4438975.0,138795.33000000002
202303,Y60,MIDLANDS,20,124849.0,3055245.7,3713677.27
202303,Y60,MIDLANDS,21,689396.0,114985280.5,10615677.33
202303,Y60,MIDLANDS,22,26476.0,503985.0,690339.01
202303,Y60,MIDLANDS,23,127033.0,12041462.0,7130658.35
202303,Y61,EAST OF ENGLAND,1,1080881.0,75106951.0,7930979.279999999
202303,Y61,EAST OF ENGLAND,2,3623316.0,123781121.0,18133849.69
202303,Y61,EAST OF ENGLAND,3,741267.0,14557841.0,11392403.52
202303,Y61,EAST OF ENGLAND,4,2231957.0,143284713.0,15895743.2
202303,Y61,EAST OF ENGLAND,5,491402.0,20604986.5,3185495.56
202303,Y61,EAST OF ENGLAND,6,1354783.0,64026291.0,18141768.71
202303,Y61,EAST OF ENGLAND,7,350263.0,14255725.0,2698846.23
202303,Y61,EAST OF ENGLAND,8,56902.0,2282314.0,2201567.69
202303,Y61,EAST OF ENGLAND,9,570056.0,206627340.0,5811281.86
202303,Y61,EAST OF ENGLAND,10,301061.0,17894690.0,1584237.84
202303,Y61,EAST OF ENGLAND,11,158664.0,2457263.5,1777815.3
202303,Y61,EAST OF ENGLAND,12,111967.0,1886893.3,709161.14
202303,Y61,EAST OF ENGLAND,13,236122.0,34895540.5,2337976.68
202303,Y61,EAST OF ENGLAND,14,34978.0,35055.0,471283.13
202303,Y61,EAST OF ENGLAND,15,16435.0,232785.0,212851.56
202303,Y61,EAST OF ENGLAND,18,2.0,1400.0,245.0
202303,Y61,EAST OF ENGLAND,19,4977.0,1983612.0,80373.15
202303,Y61,EAST OF ENGLAND,20,38201.0,1170159.5,1687481.72
202303,Y61,EAST OF ENGLAND,21,380110.0,60220090.0,11627933.9
202303,Y61,EAST OF ENGLAND,22,55800.0,1066161.0,1610893.59
202303,Y61,EAST OF ENGLAND,23,166076.0,13510081.2,11935488.82
202303,Y62,NORTH WEST,1,1456249.0,121705542.0,10269627.88
202303,Y62,NORTH WEST,2,4234170.0,149973725.0,20720122.84
202303,Y62,NORTH WEST,3,1025321.0,20469240.0,15517260.95
202303,Y62,NORTH WEST,4,3119585.0,218341671.2,22168135.6
202303,Y62,NORTH WEST,5,540055.0,22352230.5,3569787.97
202303,Y62,NORTH WEST,6,1478709.0,70612772.0,21356917.82
202303,Y62,NORTH WEST,7,389365.0,15661959.0,3196172.4
202303,Y62,NORTH WEST,8,47723.0,1810809.0,1544292.13
202303,Y62,NORTH WEST,9,843957.0,484078828.5,11748790.66
202303,Y62,NORTH WEST,10,386171.0,26827084.0,1843045.98
202303,Y62,NORTH WEST,11,173774.0,2722139.0,1851683.63
202303,Y62,NORTH WEST,12,146987.0,3676550.3,997348.48
202303,Y62,NORTH WEST,13,374342.0,74271583.0,3960415.58
202303,Y62,NORTH WEST,14,45022.0,45138.0,575736.3
202303,Y62,NORTH WEST,15,24630.0,370942.5,401064.58
202303,Y62,NORTH WEST,19,9326.0,2636764.0,87442.54000000001
202303,Y62,NORTH WEST,20,142664.0,3269614.6,4275670.79
202303,Y62,NORTH WEST,21,482292.0,82804138.5,8195836.27
202303,Y62,NORTH WEST,22,34269.0,664678.0,832204.0
202303,Y62,NORTH WEST,23,96194.0,9050987.6,4476728.51
202303,Y63,NORTH EAST AND YORKSHIRE,1,2021349.0,152146067.0,12578674.81
202303,Y63,NORTH EAST AND YORKSHIRE,2,6177553.0,199795517.0,27399728.840000004
202303,Y63,NORTH EAST AND YORKSHIRE,3,1309878.0,24898408.0,20175145.59
202303,Y63,NORTH EAST AND YORKSHIRE,4,4112752.0,276751982.4,26249777.53
202303,Y63,NORTH EAST AND YORKSHIRE,5,643934.0,25705012.5,4363888.45
202303,Y63,NORTH EAST AND YORKSHIRE,6,2114881.0,94909731.0,27396056.51
202303,Y63,NORTH EAST AND YORKSHIRE,7,552928.0,22024198.0,4171787.04
202303,Y63,NORTH EAST AND YORKSHIRE,8,75097.0,2932761.0,2581403.46
202303,Y63,NORTH EAST AND YORKSHIRE,9,1125898.0,373921365.9,9880108.59
202303,Y63,NORTH EAST AND YORKSHIRE,10,559519.0,35924790.0,2333134.13
202303,Y63,NORTH EAST AND YORKSHIRE,11,225967.0,3292401.0,2302906.11
202303,Y63,NORTH EAST AND YORKSHIRE,12,177040.0,3941012.5,1112874.02
202303,Y63,NORTH EAST AND YORKSHIRE,13,411712.0,71895265.0,4256584.87
202303,Y63,NORTH EAST AND YORKSHIRE,14,51330.0,51418.0,668674.67
202303,Y63,NORTH EAST AND YORKSHIRE,15,22416.0,9929213.0,288087.94
202303,Y63,NORTH EAST AND YORKSHIRE,19,10990.0,3665254.0,122294.94
202303,Y63,NORTH EAST AND YORKSHIRE,20,53949.0,1553763.7,1723665.46
202303,Y63,NORTH EAST AND YORKSHIRE,21,511469.0,89264785.0,7813266.97
202303,Y63,NORTH EAST AND YORKSHIRE,22,12349.0,225443.0,334018.09
202303,Y63,NORTH EAST AND YORKSHIRE,23,61300.0,6176629.8,2928042.45
202304,Y56,LONDON,1,1079972.0,77801845.0,7692224.010000001
202304,Y56,LONDON,2,3624570.0,125503231.0,15847562.77
202304,Y56,LONDON,3,722164.0,17791921.0,11141575.42
202304,Y56,LONDON,4,2048808.0,125689517.8,15593029.36
202304,Y56,LONDON,5,418329.0,17471147.5,2731450.64
202304,Y56,LONDON,6,1539555.0,80107226.5,22324115.33
202304,Y56,LONDON,7,331487.0,13254935.0,2553577.16
202304,Y56,LONDON,8,43166.0,1868847.0,1436361.97
202304,Y56,LONDON,9,795422.0,289453949.0,7293751.78
202304,Y56,LONDON,10,286411.0,19522955.0,1283817.92
202304,Y56,LONDON,11,174741.0,3630139.0,2237253.18
202304,Y56,LONDON,12,130598.0,3747940.1,937196.92
202304,Y56,LONDON,13,323165.0,59252928.0,3394111.1900000004
202304,Y56,LONDON,14,42891.0,43006.0,574887.68
202304,Y56,LONDON,15,11556.0,267844.0,277373.66000000003
202304,Y56,LONDON,18,1.0,100.0,17.5
202304,Y56,LONDON,19,10374.0,7123147.0,90519.48
202304,Y56,LONDON,20,43659.0,1275563.5,1225528.27
202304,Y56,LONDON,21,399444.0,88216986.5,5470904.109999999
202304,Y56,LONDON,22,21339.0,360310.0,499563.86
202304,Y56,LONDON,23,35281.0,4148109.4,1145203.02
202304,Y58,SOUTH WEST,1,852666.0,61171284.0,6076863.85
202304,Y58,SOUTH WEST,2,2695370.0,98605542.0,15301053.31
202304,Y58,SOUTH WEST,3,536606.0,10661764.0,8920738.6
202304,Y58,SOUTH WEST,4,1769418.0,125362938.4,12408637.71
202304,Y58,SOUTH WEST,5,298911.0,10685348.5,1986093.55
202304,Y58,SOUTH WEST,6,979509.0,48551389.0,13705795.48
202304,Y58,SOUTH WEST,7,273265.0,11460287.0,2227331.72
202304,Y58,SOUTH WEST,8,37900.0,1501511.0,1522950.13
202304,Y58,SOUTH WEST,9,486002.0,158394824.0,4116352.48
202304,Y58,SOUTH WEST,10,241052.0,14544506.0,1189469.58
202304,Y58,SOUTH WEST,11,124008.0,1994238.5,1259947.33
202304,Y58,SOUTH WEST,12,82465.0,1490764.2999999998,524596.16
202304,Y58,SOUTH WEST,13,175955.0,26724141.0,1755353.38
202304,Y58,SOUTH WEST,14,9491.0,9588.0,136151.19
202304,Y58,SOUTH WEST,15,17884.0,206333.5,177263.84
202304,Y58,SOUTH WEST,19,4048.0,729211.0,48074.44
202304,Y58,SOUTH WEST,20,29205.0,551523.7,577649.31
202304,Y58,SOUTH WEST,21,264798.0,47579572.5,5386158.37
202304,Y58,SOUTH WEST,22,25660.0,421409.0,616334.25
202304,Y58,SOUTH WEST,23,39419.0,3377013.0,1521406.38
202304,Y59,SOUTH EAST,1,1096702.0,83682158.0,8823865.76
202304,Y59,SOUTH EAST,2,3510293.0,141136632.0,21178527.65
202304,Y59,SOUTH EAST,3,750593.0,16741421.0,12797758.25
202304,Y59,SOUTH EAST,4,2315583.0,159421719.0,18945480.77
202304,Y59,SOUTH EAST,5,469492.0,18479870.0,3064696.14
202304,Y59,SOUTH EAST,6,1351608.0,72979965.0,22209091.68
202304,Y59,SOUTH EAST,7,363809.0,16441374.0,3230699.22
202304,Y59,SOUTH EAST,8,57415.0,2534232.0,2356872.39
202304,Y59,SOUTH EAST,9,723664.0,482479187.5,10824072.21
202304,Y59,SOUTH EAST,10,306293.0,19666466.0,1552757.24
202304,Y59,SOUTH EAST,11,178037.0,3350160.0,2088160.26
202304,Y59,SOUTH EAST,12,128138.0,2096834.8,868720.1799999999
202304,Y59,SOUTH EAST,13,259263.0,41579478.5,2782650.14
202304,Y59,SOUTH EAST,14,36161.0,36328.0,481710.84
202304,Y59,SOUTH EAST,15,19990.0,284227.0,269791.85
202304,Y59,SOUTH EAST,18,3.0,4000.0,700.0
202304,Y59,SOUTH EAST,19,5957.0,1858676.0,79034.58
202304,Y59,SOUTH EAST,20,31716.0,1443675.5,787800.62
202304,Y59,SOUTH EAST,21,346109.0,63210942.5,7194068.8
202304,Y59,SOUTH EAST,22,30052.0,588274.0,725636.18
202304,Y59,SOUTH EAST,23,77787.0,7630078.4,4485177.17
202304,Y60,MIDLANDS,1,1677294.0,135527346.0,11349111.73
202304,Y60,MIDLANDS,2,5361756.0,194895492.0,27589139.93
202304,Y60,MIDLANDS,3,1171751.0,24460824.0,17795467.99
202304,Y60,MIDLANDS,4,3494849.0,258062720.4,25807740.67
202304,Y60,MIDLANDS,5,624943.0,24658142.5,3966392.21
202304,Y60,MIDLANDS,6,1959418.0,97894733.5,29133441.65
202304,Y60,MIDLANDS,7,487281.0,20742792.0,3738045.08
202304,Y60,MIDLANDS,8,63136.0,2406874.0,2433111.7
202304,Y60,MIDLANDS,9,987275.0,818382605.5,18505571.73
202304,Y60,MIDLANDS,10,470554.0,32055439.0,1996883.43
202304,Y60,MIDLANDS,11,249939.0,4652658.5,2772277.11
202304,Y60,MIDLANDS,12,176111.0,4129933.2,1150469.94
202304,Y60,MIDLANDS,13,397974.0,73018771.5,4041811.09
202304,Y60,MIDLANDS,14,37679.0,37823.0,499141.32
202304,Y60,MIDLANDS,15,25239.0,344824.5,273878.61
202304,Y60,MIDLANDS,18,1.0,1400.0,245.0
202304,Y60,MIDLANDS,19,13091.0,3812624.0,123711.25
202304,Y60,MIDLANDS,20,101334.0,2660772.6,3226195.15
202304,Y60,MIDLANDS,21,601221.0,102044447.5,9219882.14
202304,Y60,MIDLANDS,22,20800.0,389858.0,540109.47
202304,Y60,MIDLANDS,23,108149.0,10308934.1,5930358.01
202304,Y61,EAST OF ENGLAND,1,968251.0,67435736.0,6971841.3
202304,Y61,EAST OF ENGLAND,2,3272380.0,111681749.0,16378483.65
202304,Y61,EAST OF ENGLAND,3,668316.0,13741827.0,10185086.26
202304,Y61,EAST OF ENGLAND,4,2000019.0,128314605.6,14035994.9
202304,Y61,EAST OF ENGLAND,5,389073.0,15098666.5,2488221.08
202304,Y61,EAST OF ENGLAND,6,1219481.0,57808948.0,16483247.44
202304,Y61,EAST OF ENGLAND,7,312670.0,12708848.0,2328383.1
202304,Y61,EAST OF ENGLAND,8,50734.0,2020598.0,1975022.81
202304,Y61,EAST OF ENGLAND,9,504879.0,182000732.0,5094211.89
202304,Y61,EAST OF ENGLAND,10,268079.0,15886033.0,1395056.52
202304,Y61,EAST OF ENGLAND,11,144357.0,2351917.5,1580871.87
202304,Y61,EAST OF ENGLAND,12,99066.0,1565231.1,635316.2
202304,Y61,EAST OF ENGLAND,13,204216.0,30298258.0,2045909.85
202304,Y61,EAST OF ENGLAND,14,10454.0,10530.0,152249.59000000003
202304,Y61,EAST OF ENGLAND,15,13804.0,203178.0,196322.14
202304,Y61,EAST OF ENGLAND,18,4.0,3400.0,595.0
202304,Y61,EAST OF ENGLAND,19,5616.0,1847755.0,69041.1
202304,Y61,EAST OF ENGLAND,20,33280.0,1002460.0,1460486.46
202304,Y61,EAST OF ENGLAND,21,334471.0,53730482.0,10556586.62
202304,Y61,EAST OF ENGLAND,22,50279.0,948462.0,1443973.74
202304,Y61,EAST OF ENGLAND,23,156362.0,12733797.7,11423381.04
202304,Y62,NORTH WEST,1,1293748.0,107629730.0,8956180.370000001
202304,Y62,NORTH WEST,2,3777205.0,133793265.0,18613752.61
202304,Y62,NORTH WEST,3,916660.0,18862405.0,13759843.05
202304,Y62,NORTH WEST,4,2777362.0,195400592.4,19642890.07
202304,Y62,NORTH WEST,5,436004.0,17114866.5,2841669.29
202304,Y62,NORTH WEST,6,1317992.0,63076663.5,19164464.64
202304,Y62,NORTH WEST,7,344538.0,13826503.0,2718495.22
202304,Y62,NORTH WEST,8,42433.0,1613677.0,1385439.69
202304,Y62,NORTH WEST,9,746485.0,434478088.0,10307990.17
202304,Y62,NORTH WEST,10,341789.0,23694682.0,1610494.52
202304,Y62,NORTH WEST,11,155117.0,2461820.0,1576351.9300000002
202304,Y62,NORTH WEST,12,129432.0,3029689.3000000003,896230.83
202304,Y62,NORTH WEST,13,320159.0,64287446.5,3401668.59
202304,Y62,NORTH WEST,14,21187.0,21292.0,266539.01
202304,Y62,NORTH WEST,15,20611.0,316767.5,343860.86
202304,Y62,NORTH WEST,18,1.0,3000.0,525.0
202304,Y62,NORTH WEST,19,9789.0,2579742.0,89686.02
202304,Y62,NORTH WEST,20,122968.0,2831046.8,3701546.39
202304,Y62,NORTH WEST,21,419913.0,73465854.0,7206461.6
202304,Y62,NORTH WEST,22,29355.0,573622.0,720429.98
202304,Y62,NORTH WEST,23,83286.0,7924204.8,3745717.35
202304,Y63,NORTH EAST AND YORKSHIRE,1,1809992.0,135923480.0,11057546.68
202304,Y63,NORTH EAST AND YORKSHIRE,2,5567168.0,180087820.0,24738604.0
202304,Y63,NORTH EAST AND YORKSHIRE,3,1179858.0,23165188.0,18030514.27
202304,Y63,NORTH EAST AND YORKSHIRE,4,3674335.0,246936413.2,22922961.700000003
202304,Y63,NORTH EAST AND YORKSHIRE,5,525944.0,19927302.5,3520608.97
202304,Y63,NORTH EAST AND YORKSHIRE,6,1907032.0,85520870.0,24786919.09
202304,Y63,NORTH EAST AND YORKSHIRE,7,493639.0,19578964.0,3579600.73
202304,Y63,NORTH EAST AND YORKSHIRE,8,67826.0,2616238.0,2364010.76
202304,Y63,NORTH EAST AND YORKSHIRE,9,1004088.0,331686676.0,8723691.28
202304,Y63,NORTH EAST AND YORKSHIRE,10,498772.0,31940199.0,2069193.23
202304,Y63,NORTH EAST AND YORKSHIRE,11,206747.0,3099730.5,2018179.84
202304,Y63,NORTH EAST AND YORKSHIRE,12,156878.0,3297133.1,998224.53
202304,Y63,NORTH EAST AND YORKSHIRE,13,355641.0,62913382.0,3725301.66
202304,Y63,NORTH EAST AND YORKSHIRE,14,29076.0,29178.0,400061.72
202304,Y63,NORTH EAST AND YORKSHIRE,15,18131.0,286318.5,252154.57
202304,Y63,NORTH EAST AND YORKSHIRE,19,11402.0,3311879.0,114005.38
202304,Y63,NORTH EAST AND YORKSHIRE,20,46533.0,1334026.7,1550083.85
202304,Y63,NORTH EAST AND YORKSHIRE,21,452176.0,79153300.5,7206453.61
202304,Y63,NORTH EAST AND YORKSHIRE,22,10793.0,198308.0,293334.71
202304,Y63,NORTH EAST AND YORKSHIRE,23,52983.0,5370644.4,2453934.51
202305,Y56,LONDON,1,1157557.0,82730147.0,8272758.299999999
202305,Y56,LONDON,2,3898226.0,135732037.0,17383052.7
202305,Y56,LONDON,3,786431.0,20137577.0,12210874.83
202305,Y56,LONDON,4,2203146.0,135398204.6,16873902.990000002
202305,Y56,LONDON,5,441312.0,18599700.0,2865251.99
202305,Y56,LONDON,6,1658156.0,86566977.5,24149568.61
202305,Y56,LONDON,7,356275.0,14361627.0,2784165.85
202305,Y56,LONDON,8,46275.0,1985290.0,1533429.99
202305,Y56,LONDON,9,852357.0,313212725.5,8034879.92
202305,Y56,LONDON,10,311277.0,21265444.0,1405265.73
202305,Y56,LONDON,11,186840.0,3869267.0,2425898.53
202305,Y56,LONDON,12,145834.0,4318420.199999999,1042903.51
202305,Y56,LONDON,13,357250.0,65209268.0,3821908.6
202305,Y56,LONDON,14,38172.0,38339.0,514963.08
202305,Y56,LONDON,15,12805.0,293555.5,306055.91000000003
202305,Y56,LONDON,19,11063.0,7832320.0,103719.65
202305,Y56,LONDON,20,47557.0,1357369.4,1398236.73
202305,Y56,LONDON,21,435136.0,96207731.0,6032862.82
202305,Y56,LONDON,22,25688.0,437009.0,592425.57
202305,Y56,LONDON,23,39330.0,4683210.5,1321720.17
202305,Y58,SOUTH WEST,1,894513.0,62170063.0,6292527.23
202305,Y58,SOUTH WEST,2,2851783.0,104518536.0,16414676.44
202305,Y58,SOUTH WEST,3,573817.0,11852613.0,9551568.06
202305,Y58,SOUTH WEST,4,1862971.0,131464337.4,13086343.21
202305,Y58,SOUTH WEST,5,306923.0,11007657.5,2035190.94
202305,Y58,SOUTH WEST,6,1032155.0,51128367.0,14500794.16
202305,Y58,SOUTH WEST,7,293915.0,12378544.0,2380147.18
202305,Y58,SOUTH WEST,8,39997.0,1595051.0,1664896.84
202305,Y58,SOUTH WEST,9,515543.0,168393713.5,4394663.18
202305,Y58,SOUTH WEST,10,255741.0,15448925.0,1262738.91
202305,Y58,SOUTH WEST,11,129621.0,2052772.5,1318293.19
202305,Y58,SOUTH WEST,12,88770.0,1587982.7000000002,560799.45
202305,Y58,SOUTH WEST,13,190835.0,28595045.5,1916208.81
202305,Y58,SOUTH WEST,14,19443.0,19666.0,268842.46
202305,Y58,SOUTH WEST,15,19071.0,213133.0,180986.53
202305,Y58,SOUTH WEST,19,5166.0,824445.0,74137.69
202305,Y58,SOUTH WEST,20,30674.0,583077.0,619880.6
202305,Y58,SOUTH WEST,21,280218.0,50688809.0,5805731.36
202305,Y58,SOUTH WEST,22,28964.0,472301.0,690112.3099999999
202305,Y58,SOUTH WEST,23,43208.0,3706050.6,1680744.79
202305,Y59,SOUTH EAST,1,1168235.0,88579195.0,9381655.32
202305,Y59,SOUTH EAST,2,3742376.0,151421114.0,23012188.32
202305,Y59,SOUTH EAST,3,818832.0,19100684.0,14002645.37
202305,Y59,SOUTH EAST,4,2462977.0,170731276.0,20446501.54
202305,Y59,SOUTH EAST,5,495516.0,19678552.5,3231368.41
202305,Y59,SOUTH EAST,6,1442455.0,78029739.0,24001528.14
202305,Y59,SOUTH EAST,7,390087.0,17737626.0,3520013.63
202305,Y59,SOUTH EAST,8,60903.0,2723764.0,2533945.1
202305,Y59,SOUTH EAST,9,770322.0,520120439.0,12156515.84
202305,Y59,SOUTH EAST,10,330529.0,21233484.0,1703218.12
202305,Y59,SOUTH EAST,11,189199.0,3582397.5,2238896.51
202305,Y59,SOUTH EAST,12,140351.0,2296968.9,952751.84
202305,Y59,SOUTH EAST,13,287790.0,45841090.5,3120363.8
202305,Y59,SOUTH EAST,14,21774.0,21912.0,304941.78
202305,Y59,SOUTH EAST,15,21676.0,308220.5,294980.47
202305,Y59,SOUTH EAST,18,2.0,4000.0,700.0
202305,Y59,SOUTH EAST,19,7251.0,2197736.0,96825.88
202305,Y59,SOUTH EAST,20,35032.0,1648681.4,866869.39
202305,Y59,SOUTH EAST,21,375386.0,68807320.5,8091379.39
202305,Y59,SOUTH EAST,22,34488.0,673085.0,840683.59
202305,Y59,SOUTH EAST,23,91541.0,8975769.6,5448330.07
202305,Y60,MIDLANDS,1,1810098.0,143731115.0,12176670.92
202305,Y60,MIDLANDS,2,5801847.0,211650634.0,30444598.12
202305,Y60,MIDLANDS,3,1290588.0,28038542.0,19559612.4
202305,Y60,MIDLANDS,4,3783629.0,279382572.0,28066202.07
202305,Y60,MIDLANDS,5,662688.0,26217993.0,4190901.1
202305,Y60,MIDLANDS,6,2115452.0,105745642.0,31411969.96
202305,Y60,MIDLANDS,7,530834.0,22694387.0,4124867.35
202305,Y60,MIDLANDS,8,68381.0,2590871.0,2654853.45
202305,Y60,MIDLANDS,9,1073249.0,874189804.5,19772901.53
202305,Y60,MIDLANDS,10,520400.0,35413401.0,2209482.13
202305,Y60,MIDLANDS,11,270214.0,5125291.5,3078756.33
202305,Y60,MIDLANDS,12,197704.0,4682327.1,1290989.62
202305,Y60,MIDLANDS,13,445842.0,80979601.5,4515704.75
202305,Y60,MIDLANDS,14,50342.0,50521.0,702723.61
202305,Y60,MIDLANDS,15,30549.0,383359.5,302366.82
202305,Y60,MIDLANDS,18,2.0,2400.0,420.0
202305,Y60,MIDLANDS,19,13961.0,3816861.0,163585.16999999998
202305,Y60,MIDLANDS,20,115889.0,2918435.4,3550319.22
202305,Y60,MIDLANDS,21,654169.0,112158918.0,10184830.9
202305,Y60,MIDLANDS,22,23527.0,437256.0,609629.42
202305,Y60,MIDLANDS,23,122168.0,11653020.8,6823877.35
202305,Y61,EAST OF ENGLAND,1,1033360.0,70612944.0,7441666.729999999
202305,Y61,EAST OF ENGLAND,2,3502668.0,119685975.0,17795404.62
202305,Y61,EAST OF ENGLAND,3,722868.0,15300751.0,10982949.01
202305,Y61,EAST OF ENGLAND,4,2139524.0,137430370.2,15072947.57
202305,Y61,EAST OF ENGLAND,5,408567.0,15884537.5,2616714.86
202305,Y61,EAST OF ENGLAND,6,1303947.0,61711872.5,17604696.19
202305,Y61,EAST OF ENGLAND,7,335252.0,13627985.0,2482891.91
202305,Y61,EAST OF ENGLAND,8,54044.0,2163646.0,2067295.67
202305,Y61,EAST OF ENGLAND,9,542444.0,197374765.0,5598959.88
202305,Y61,EAST OF ENGLAND,10,290784.0,17226725.0,1521501.17
202305,Y61,EAST OF ENGLAND,11,153679.0,2505838.5,1706589.66
202305,Y61,EAST OF ENGLAND,12,109230.0,1699071.8,699743.35
202305,Y61,EAST OF ENGLAND,13,223556.0,32956347.5,2270916.08
202305,Y61,EAST OF ENGLAND,14,11070.0,11184.0,161930.12
202305,Y61,EAST OF ENGLAND,15,14870.0,213920.5,205692.99
202305,Y61,EAST OF ENGLAND,18,1.0,800.0,140.0
202305,Y61,EAST OF ENGLAND,19,6492.0,2308671.0,87463.4
202305,Y61,EAST OF ENGLAND,20,36538.0,1118073.6,1647316.91
202305,Y61,EAST OF ENGLAND,21,357977.0,57801799.0,11356805.59
202305,Y61,EAST OF ENGLAND,22,53662.0,1014807.0,1545139.4200000002
202305,Y61,EAST OF ENGLAND,23,162724.0,13338193.5,11727676.13
202305,Y62,NORTH WEST,1,1377471.0,113396514.0,9443214.19
202305,Y62,NORTH WEST,2,4031312.0,143057749.0,20208904.58
202305,Y62,NORTH WEST,3,988992.0,21047040.0,14723563.38
202305,Y62,NORTH WEST,4,2957624.0,207827663.2,20823720.39
202305,Y62,NORTH WEST,5,460010.0,18146669.0,2980054.31
202305,Y62,NORTH WEST,6,1406112.0,67277734.5,20481266.52
202305,Y62,NORTH WEST,7,371296.0,14894695.0,2984057.43
202305,Y62,NORTH WEST,8,45709.0,1728968.0,1537489.0
202305,Y62,NORTH WEST,9,801187.0,468731488.0,11377330.55
202305,Y62,NORTH WEST,10,372048.0,25761422.0,1758703.63
202305,Y62,NORTH WEST,11,164987.0,2597191.0,1677745.7200000002
202305,Y62,NORTH WEST,12,142823.0,3381947.4,984593.35
202305,Y62,NORTH WEST,13,352780.0,70338479.0,3786258.58
202305,Y62,NORTH WEST,14,36324.0,36469.0,473184.9
202305,Y62,NORTH WEST,15,23361.0,344983.5,375324.89
202305,Y62,NORTH WEST,18,1.0,1000.0,175.0
202305,Y62,NORTH WEST,19,11340.0,2528898.0,92454.04
202305,Y62,NORTH WEST,20,134767.0,3103648.9,4163773.15
202305,Y62,NORTH WEST,21,450973.0,79036809.5,7777575.939999999
202305,Y62,NORTH WEST,22,32787.0,634504.0,794374.53
202305,Y62,NORTH WEST,23,91884.0,8700578.200000001,4169328.17
202305,Y63,NORTH EAST AND YORKSHIRE,1,1932172.0,142864278.0,11886268.69
202305,Y63,NORTH EAST AND YORKSHIRE,2,5948353.0,193179636.0,27031068.01
202305,Y63,NORTH EAST AND YORKSHIRE,3,1285479.0,26392462.0,19597855.18
202305,Y63,NORTH EAST AND YORKSHIRE,4,3934858.0,265252931.6,24900616.96
202305,Y63,NORTH EAST AND YORKSHIRE,5,560010.0,21378007.5,3801823.08
202305,Y63,NORTH EAST AND YORKSHIRE,6,2042291.0,91986001.5,26812463.19
202305,Y63,NORTH EAST AND YORKSHIRE,7,530772.0,21142675.0,3870616.47
202305,Y63,NORTH EAST AND YORKSHIRE,8,72347.0,2826495.0,2507037.66
202305,Y63,NORTH EAST AND YORKSHIRE,9,1078181.0,363218796.4,9551472.4
202305,Y63,NORTH EAST AND YORKSHIRE,10,540294.0,34755300.0,2247383.07
202305,Y63,NORTH EAST AND YORKSHIRE,11,220564.0,3333486.5,2178705.42
202305,Y63,NORTH EAST AND YORKSHIRE,12,175613.0,3706601.2,1118015.96
202305,Y63,NORTH EAST AND YORKSHIRE,13,396689.0,70122289.0,4216268.4
202305,Y63,NORTH EAST AND YORKSHIRE,14,15377.0,15483.0,225843.85
202305,Y63,NORTH EAST AND YORKSHIRE,15,20849.0,20719243.5,284080.1
202305,Y63,NORTH EAST AND YORKSHIRE,18,1.0,1000.0,175.0
202305,Y63,NORTH EAST AND YORKSHIRE,19,12773.0,3699743.0,138099.76
202305,Y63,NORTH EAST AND YORKSHIRE,20,51064.0,1465911.9,1685435.9
202305,Y63,NORTH EAST AND YORKSHIRE,21,488278.0,87130984.0,7684535.9
202305,Y63,NORTH EAST AND YORKSHIRE,22,11625.0,211829.0,311200.69
202305,Y63,NORTH EAST AND YORKSHIRE,23,59387.0,6033061.199999999,2787853.31
202306,Y56,LONDON,1,1175810.0,83921112.0,8468003.47
202306,Y56,LONDON,2,3940799.0,137008100.0,17603148.37
202306,Y56,LONDON,3,858897.0,23227136.0,12535215.62
202306,Y56,LONDON,4,2236339.0,137232873.89999998,17117278.259999998
202306,Y56,LONDON,5,432473.0,17726075.0,2805093.7300000004
202306,Y56,LONDON,6,1689421.0,87866048.0,24572364.15
202306,Y56,LONDON,7,366794.0,14770720.0,2872644.14
202306,Y56,LONDON,8,46566.0,1987999.0,1788030.3000000005
202306,Y56,LONDON,9,861545.0,320344412.0,8138901.56
202306,Y56,LONDON,10,321461.0,21847255.0,1455936.01
202306,Y56,LONDON,11,207249.0,4141344.0,2525502.08
202306,Y56,LONDON,12,168622.0,4376073.2,1199086.87
202306,Y56,LONDON,13,381178.0,68036598.5,3975949.31
202306,Y56,LONDON,14,45902.0,46105.0,615763.49
202306,Y56,LONDON,15,13008.0,285277.0,310420.07
202306,Y56,LONDON,19,12936.0,7654827.0,112487.0
202306,Y56,LONDON,20,48153.0,1332887.1,1354938.0
202306,Y56,LONDON,21,452194.0,99385280.0,6340335.01
202306,Y56,LONDON,22,27001.0,452179.0,611065.37
202306,Y56,LONDON,23,40341.0,4735128.8,1378404.6
202306,Y58,SOUTH WEST,1,919246.0,64305668.0,6477466.73
202306,Y58,SOUTH WEST,2,2918617.0,106400054.0,16806895.22
202306,Y58,SOUTH WEST,3,607670.0,13088191.0,9799707.94
202306,Y58,SOUTH WEST,4,1898509.0,134222949.2,13375240.58
202306,Y58,SOUTH WEST,5,299925.0,10543311.5,2032389.39
202306,Y58,SOUTH WEST,6,1053696.0,51651554.0,14772932.97
202306,Y58,SOUTH WEST,7,299947.0,12624892.0,2463970.16
202306,Y58,SOUTH WEST,8,40475.0,1618535.0,1739238.46
202306,Y58,SOUTH WEST,9,535902.0,179926682.5,4590753.41
202306,Y58,SOUTH WEST,10,266322.0,15990188.0,1313140.45
202306,Y58,SOUTH WEST,11,136620.0,2174083.5,1340267.24
202306,Y58,SOUTH WEST,12,96696.0,1681870.6,624798.65
202306,Y58,SOUTH WEST,13,199271.0,29943637.5,1982175.01
202306,Y58,SOUTH WEST,14,16266.0,16511.0,218285.18
202306,Y58,SOUTH WEST,15,20213.0,218863.0,184324.76
202306,Y58,SOUTH WEST,19,4881.0,799513.0,63804.83
202306,Y58,SOUTH WEST,20,34729.0,635986.9,656050.8400000001
202306,Y58,SOUTH WEST,21,295524.0,53000578.5,6217165.09
202306,Y58,SOUTH WEST,22,31370.0,506976.0,756041.05
202306,Y58,SOUTH WEST,23,44817.0,3848016.9,1716703.58
202306,Y59,SOUTH EAST,1,1177786.0,88894825.0,9489771.19
202306,Y59,SOUTH EAST,2,3769274.0,151583441.0,23078911.07
202306,Y59,SOUTH EAST,3,865299.0,20952726.0,14093505.85
202306,Y59,SOUTH EAST,4,2481829.0,170549471.2,20508174.68
202306,Y59,SOUTH EAST,5,479859.0,18555060.0,3171491.1
202306,Y59,SOUTH EAST,6,1456095.0,78203375.5,24082993.99
202306,Y59,SOUTH EAST,7,397368.0,17992996.0,3617173.29
202306,Y59,SOUTH EAST,8,61369.0,2731229.0,2757045.6
202306,Y59,SOUTH EAST,9,784089.0,536152720.4,12461881.72
202306,Y59,SOUTH EAST,10,339514.0,21719169.0,1746259.44
202306,Y59,SOUTH EAST,11,199521.0,3748568.5,2280484.54
202306,Y59,SOUTH EAST,12,154051.0,2423082.7,1046090.03
202306,Y59,SOUTH EAST,13,298790.0,47081594.5,3210060.81
202306,Y59,SOUTH EAST,14,20321.0,20481.0,293902.65
202306,Y59,SOUTH EAST,15,23782.0,313034.5,289794.29
202306,Y59,SOUTH EAST,18,4.0,4100.0,717.5
202306,Y59,SOUTH EAST,19,7135.0,2662164.0,88853.06
202306,Y59,SOUTH EAST,20,38030.0,1728638.6,902446.19
202306,Y59,SOUTH EAST,21,389988.0,70359339.5,8462236.129999999
202306,Y59,SOUTH EAST,22,36911.0,718204.0,898716.4099999999
202306,Y59,SOUTH EAST,23,93553.0,9142029.7,5570355.95
202306,Y60,MIDLANDS,1,1837757.0,145934680.0,12548680.21
202306,Y60,MIDLANDS,2,5864592.0,213280385.0,30714040.54
202306,Y60,MIDLANDS,3,1377755.0,30961731.0,20036063.52
202306,Y60,MIDLANDS,4,3833076.0,281685169.0,28372737.11
202306,Y60,MIDLANDS,5,652342.0,25225954.5,4137167.0
202306,Y60,MIDLANDS,6,2154741.0,107043612.5,32298023.8
202306,Y60,MIDLANDS,7,541639.0,23254618.0,4262537.11
202306,Y60,MIDLANDS,8,68358.0,2593709.0,2785018.2
202306,Y60,MIDLANDS,9,1096274.0,972590382.8,21621702.88
202306,Y60,MIDLANDS,10,532914.0,36241798.0,2291382.14
202306,Y60,MIDLANDS,11,285374.0,5368975.5,3153473.52
202306,Y60,MIDLANDS,12,213310.0,4848862.4,1393852.96
202306,Y60,MIDLANDS,13,464828.0,83781376.0,4650668.03
202306,Y60,MIDLANDS,14,30542.0,30733.0,432161.96
202306,Y60,MIDLANDS,15,30163.0,397468.5,306697.71
202306,Y60,MIDLANDS,18,1.0,1400.0,245.0
202306,Y60,MIDLANDS,19,15953.0,4801626.0,150931.06
202306,Y60,MIDLANDS,20,127740.0,3119521.1,3873637.44
202306,Y60,MIDLANDS,21,686365.0,116212787.0,10850142.54
202306,Y60,MIDLANDS,22,24251.0,451239.0,633967.3400000001
202306,Y60,MIDLANDS,23,127963.0,12108492.8,7233142.09
202306,Y61,EAST OF ENGLAND,1,1049584.0,72286030.0,7637702.369999999
202306,Y61,EAST OF ENGLAND,2,3534058.0,120724274.0,18029397.08
202306,Y61,EAST OF ENGLAND,3,768146.0,16891834.0,11246377.18
202306,Y61,EAST OF ENGLAND,4,2165258.0,138737392.2,15241112.0
202306,Y61,EAST OF ENGLAND,5,399376.0,15057662.5,2522622.77
202306,Y61,EAST OF ENGLAND,6,1319568.0,62181408.5,17935134.630000003
202306,Y61,EAST OF ENGLAND,7,342465.0,14033639.0,2594951.61
202306,Y61,EAST OF ENGLAND,8,55064.0,2191846.0,2322470.89
202306,Y61,EAST OF ENGLAND,9,553521.0,203954832.5,5708476.640000001
202306,Y61,EAST OF ENGLAND,10,298625.0,17676714.0,1561600.88
202306,Y61,EAST OF ENGLAND,11,162345.0,2658475.5,1734214.73
202306,Y61,EAST OF ENGLAND,12,120160.0,1769466.7999999998,768992.22
202306,Y61,EAST OF ENGLAND,13,236733.0,34627662.0,2379777.29
202306,Y61,EAST OF ENGLAND,14,17378.0,17511.0,245282.54
202306,Y61,EAST OF ENGLAND,15,15268.0,211302.5,206065.69
202306,Y61,EAST OF ENGLAND,18,1.0,500.0,87.5
202306,Y61,EAST OF ENGLAND,19,6369.0,1818604.0,105533.01
202306,Y61,EAST OF ENGLAND,20,39174.0,1153850.6,1796840.3000000005
202306,Y61,EAST OF ENGLAND,21,373106.0,59701669.0,11656961.94
202306,Y61,EAST OF ENGLAND,22,52743.0,1001523.0,1530019.11
202306,Y61,EAST OF ENGLAND,23,164529.0,13425564.4,11744345.52
202306,Y62,NORTH WEST,1,1406153.0,115884345.0,9698150.67
202306,Y62,NORTH WEST,2,4103999.0,145478942.0,20579751.28
202306,Y62,NORTH WEST,3,1040047.0,22888591.0,15075479.74
202306,Y62,NORTH WEST,4,3008450.0,210963422.2,21087380.74
202306,Y62,NORTH WEST,5,448235.0,17183329.5,2958687.26
202306,Y62,NORTH WEST,6,1432926.0,68137774.5,20957423.54
202306,Y62,NORTH WEST,7,380990.0,15372509.0,3089005.35
202306,Y62,NORTH WEST,8,45990.0,1727735.0,1733580.26
202306,Y62,NORTH WEST,9,818751.0,485344383.5,11676115.36
202306,Y62,NORTH WEST,10,381937.0,26598889.0,1817520.29
202306,Y62,NORTH WEST,11,178083.0,2829640.0,1757383.42
202306,Y62,NORTH WEST,12,152514.0,3416820.2,1046923.35
202306,Y62,NORTH WEST,13,364393.0,72303047.0,3859695.56
202306,Y62,NORTH WEST,14,27985.0,28082.0,374618.66
202306,Y62,NORTH WEST,15,23224.0,361012.5,385537.7
202306,Y62,NORTH WEST,18,2.0,600.0,105.0
202306,Y62,NORTH WEST,19,13933.0,2942454.0,116336.31
202306,Y62,NORTH WEST,20,153857.0,3455169.7,4669606.49
202306,Y62,NORTH WEST,21,489320.0,85893789.5,8615981.15
202306,Y62,NORTH WEST,22,34169.0,662658.0,843811.85
202306,Y62,NORTH WEST,23,98585.0,9401220.5,4476433.04
202306,Y63,NORTH EAST AND YORKSHIRE,1,1976426.0,145151289.0,12397670.31
202306,Y63,NORTH EAST AND YORKSHIRE,2,6079390.0,196582574.0,27522172.78
202306,Y63,NORTH EAST AND YORKSHIRE,3,1348114.0,28746941.0,20033210.93
202306,Y63,NORTH EAST AND YORKSHIRE,4,4010017.0,267957190.2,25190583.67
202306,Y63,NORTH EAST AND YORKSHIRE,5,554366.0,20603631.5,3776416.79
202306,Y63,NORTH EAST AND YORKSHIRE,6,2084681.0,93409518.0,27398996.64
202306,Y63,NORTH EAST AND YORKSHIRE,7,546469.0,21821538.0,4032693.36
202306,Y63,NORTH EAST AND YORKSHIRE,8,73297.0,2835900.0,2809772.3
202306,Y63,NORTH EAST AND YORKSHIRE,9,1111450.0,384031497.0,9970061.93
202306,Y63,NORTH EAST AND YORKSHIRE,10,559943.0,35846227.0,2343197.7
202306,Y63,NORTH EAST AND YORKSHIRE,11,233003.0,3524825.5,2239690.24
202306,Y63,NORTH EAST AND YORKSHIRE,12,187998.0,3845252.1,1198715.78
202306,Y63,NORTH EAST AND YORKSHIRE,13,411998.0,71858798.0,4289364.8
202306,Y63,NORTH EAST AND YORKSHIRE,14,23565.0,23698.0,329556.16
202306,Y63,NORTH EAST AND YORKSHIRE,15,21374.0,3917673.5,274394.67
202306,Y63,NORTH EAST AND YORKSHIRE,18,2.0,2000.0,350.0
202306,Y63,NORTH EAST AND YORKSHIRE,19,14767.0,3745733.0,136168.32
202306,Y63,NORTH EAST AND YORKSHIRE,20,54990.0,1532791.7000000002,1802935.5
202306,Y63,NORTH EAST AND YORKSHIRE,21,509375.0,89959761.5,8063124.16
202306,Y63,NORTH EAST AND YORKSHIRE,22,12184.0,222527.0,322911.81
202306,Y63,NORTH EAST AND YORKSHIRE,23,61262.0,6201201.7,2862126.06
202307,Y56,LONDON,1,1165571.0,82866389.0,8459586.19
202307,Y56,LONDON,2,3904870.0,135148002.0,18069440.28
202307,Y56,LONDON,3,774356.0,19417178.0,11968193.36
202307,Y56,LONDON,4,2205658.0,134778674.0,16561350.81
202307,Y56,LONDON,5,424377.0,17445946.5,2785274.08
202307,Y56,LONDON,6,1694344.0,88375261.5,23700714.6
202307,Y56,LONDON,7,363228.0,14604663.0,2804924.17
202307,Y56,LONDON,8,45814.0,1993346.0,1690580.26
202307,Y56,LONDON,9,854596.0,317277481.0,7984427.98
202307,Y56,LONDON,10,315089.0,21441208.0,1364185.9500000002
202307,Y56,LONDON,11,181928.0,3827994.5,2348427.06
202307,Y56,LONDON,12,137368.0,4157526.2,1017363.59
202307,Y56,LONDON,13,355020.0,63907349.5,3757887.47
202307,Y56,LONDON,14,30466.0,30703.0,429885.14
202307,Y56,LONDON,15,12625.0,284679.0,295424.94
202307,Y56,LONDON,19,12946.0,7892838.0,120029.78
202307,Y56,LONDON,20,49366.0,1586966.3,1439407.35
202307,Y56,LONDON,21,431049.0,93121481.0,6203254.79
202307,Y56,LONDON,22,26246.0,440904.0,601075.54
202307,Y56,LONDON,23,39951.0,4745394.4,1337651.1
202307,Y58,SOUTH WEST,1,898933.0,63765395.0,6558209.86
202307,Y58,SOUTH WEST,2,2830091.0,103839913.0,16722633.4
202307,Y58,SOUTH WEST,3,563277.0,11616919.0,9403338.09
202307,Y58,SOUTH WEST,4,1852433.0,131207225.0,12697316.65
202307,Y58,SOUTH WEST,5,298345.0,10527564.5,2019557.01
202307,Y58,SOUTH WEST,6,1050513.0,52590352.0,14438163.09
202307,Y58,SOUTH WEST,7,293323.0,12292925.0,2373733.58
202307,Y58,SOUTH WEST,8,39924.0,1591894.0,1661215.76
202307,Y58,SOUTH WEST,9,519540.0,175805680.0,4439299.96
202307,Y58,SOUTH WEST,10,257950.0,15553416.0,1237027.89
202307,Y58,SOUTH WEST,11,127252.0,2063379.0,1302461.73
202307,Y58,SOUTH WEST,12,85654.0,1610559.8,559187.1
202307,Y58,SOUTH WEST,13,185155.0,27937714.0,1873527.4
202307,Y58,SOUTH WEST,14,12576.0,12756.0,182954.6
202307,Y58,SOUTH WEST,15,18894.0,213626.5,174543.9
202307,Y58,SOUTH WEST,18,1.0,200.0,35.0
202307,Y58,SOUTH WEST,19,5243.0,785049.0,69779.44
202307,Y58,SOUTH WEST,20,33391.0,586822.2,652450.41
202307,Y58,SOUTH WEST,21,282320.0,49493423.5,5955915.53
202307,Y58,SOUTH WEST,22,28255.0,467030.0,677524.65
202307,Y58,SOUTH WEST,23,43504.0,3777130.3,1643054.88
202307,Y59,SOUTH EAST,1,1151214.0,87373532.0,9357343.8
202307,Y59,SOUTH EAST,2,3676170.0,148403476.0,22890659.590000004
202307,Y59,SOUTH EAST,3,788487.0,18319939.0,13494026.99
202307,Y59,SOUTH EAST,4,2416849.0,166000392.39999998,19547807.28
202307,Y59,SOUTH EAST,5,467276.0,18098176.5,3092029.1100000003
202307,Y59,SOUTH EAST,6,1458439.0,79489221.0,23749811.6
202307,Y59,SOUTH EAST,7,388450.0,17578072.0,3437692.62
202307,Y59,SOUTH EAST,8,60196.0,2716847.0,2669319.98
202307,Y59,SOUTH EAST,9,760011.0,516897052.0,11892987.46
202307,Y59,SOUTH EAST,10,327250.0,20869145.0,1622032.65
202307,Y59,SOUTH EAST,11,181421.0,3478891.5,2137518.76
202307,Y59,SOUTH EAST,12,131767.0,2254707.5,910354.41
202307,Y59,SOUTH EAST,13,274323.0,43269397.5,3015929.8200000003
202307,Y59,SOUTH EAST,14,20736.0,20888.0,297418.36
202307,Y59,SOUTH EAST,15,21381.0,289799.5,267626.43
202307,Y59,SOUTH EAST,18,2.0,1100.0,192.5
202307,Y59,SOUTH EAST,19,7847.0,2329664.0,101182.3
202307,Y59,SOUTH EAST,20,35547.0,1582353.1,884330.79
202307,Y59,SOUTH EAST,21,369715.0,65105272.5,8251133.69
202307,Y59,SOUTH EAST,22,34343.0,669530.0,831103.4
202307,Y59,SOUTH EAST,23,87708.0,8568803.3,5029379.0
202307,Y60,MIDLANDS,1,1786391.0,142638517.0,12184347.84
202307,Y60,MIDLANDS,2,5671432.0,206838928.0,30596099.99
202307,Y60,MIDLANDS,3,1262414.0,27161650.0,19069888.5
202307,Y60,MIDLANDS,4,3714487.0,272748167.2,26766824.74
202307,Y60,MIDLANDS,5,632816.0,24512225.0,4064519.32
202307,Y60,MIDLANDS,6,2115362.0,106469590.0,31072483.93
202307,Y60,MIDLANDS,7,524233.0,22265925.0,4036664.33
202307,Y60,MIDLANDS,8,67321.0,2565473.0,2693673.55
202307,Y60,MIDLANDS,9,1060798.0,903801408.4,20059884.91
202307,Y60,MIDLANDS,10,514284.0,34977509.0,2126792.11
202307,Y60,MIDLANDS,11,259105.0,4997334.0,2927320.65
202307,Y60,MIDLANDS,12,186631.0,4608776.2,1254005.89
202307,Y60,MIDLANDS,13,430239.0,78028188.0,4373862.29
202307,Y60,MIDLANDS,14,38986.0,39224.0,500599.28
202307,Y60,MIDLANDS,15,29192.0,368498.0,283470.07
202307,Y60,MIDLANDS,18,2.0,1700.0,297.5
202307,Y60,MIDLANDS,19,14702.0,3853887.0,146896.2
202307,Y60,MIDLANDS,20,121422.0,3036162.6,3689272.94
202307,Y60,MIDLANDS,21,651621.0,108759490.0,10590520.39
202307,Y60,MIDLANDS,22,24322.0,448472.0,627140.4199999999
202307,Y60,MIDLANDS,23,126355.0,12085160.8,7086925.5
202307,Y61,EAST OF ENGLAND,1,1023820.0,70487259.0,7522361.91
202307,Y61,EAST OF ENGLAND,2,3444693.0,117976657.0,18012601.71
202307,Y61,EAST OF ENGLAND,3,711627.0,15110291.0,10822776.35
202307,Y61,EAST OF ENGLAND,4,2107923.0,134776613.0,14546708.25
202307,Y61,EAST OF ENGLAND,5,386807.0,14586686.5,2460979.37
202307,Y61,EAST OF ENGLAND,6,1307194.0,62160208.5,17563366.48
202307,Y61,EAST OF ENGLAND,7,333664.0,13580209.0,2455066.12
202307,Y61,EAST OF ENGLAND,8,53464.0,2155623.0,2126160.19
202307,Y61,EAST OF ENGLAND,9,538654.0,198660529.0,5505239.109999999
202307,Y61,EAST OF ENGLAND,10,288809.0,17088798.0,1484972.2200000002
202307,Y61,EAST OF ENGLAND,11,147894.0,2474783.5,1635197.29
202307,Y61,EAST OF ENGLAND,12,103965.0,1697662.7,683900.4299999999
202307,Y61,EAST OF ENGLAND,13,219362.0,31991208.0,2245533.83
202307,Y61,EAST OF ENGLAND,14,12170.0,12376.0,176452.07
202307,Y61,EAST OF ENGLAND,15,14266.0,203759.0,190839.98
202307,Y61,EAST OF ENGLAND,18,2.0,2000.0,350.0
202307,Y61,EAST OF ENGLAND,19,6122.0,1899938.0,83510.01000000001
202307,Y61,EAST OF ENGLAND,20,37027.0,1091220.2,1673762.3199999998
202307,Y61,EAST OF ENGLAND,21,359661.0,56437363.0,11670737.71
202307,Y61,EAST OF ENGLAND,22,52195.0,983452.0,1494871.03
202307,Y61,EAST OF ENGLAND,23,162099.0,13307405.4,11612712.79
202307,Y62,NORTH WEST,1,1373617.0,114025101.0,9631078.06
202307,Y62,NORTH WEST,2,3977257.0,141186268.0,20414131.85
202307,Y62,NORTH WEST,3,967566.0,20386040.0,14502514.29
202307,Y62,NORTH WEST,4,2929092.0,204915653.0,20087580.04
202307,Y62,NORTH WEST,5,443425.0,17210032.5,2925972.74
202307,Y62,NORTH WEST,6,1416416.0,68157600.5,20294107.62
202307,Y62,NORTH WEST,7,369598.0,14828795.0,2931615.96
202307,Y62,NORTH WEST,8,45553.0,1725627.0,1703999.52
202307,Y62,NORTH WEST,9,802631.0,475320206.0,11297715.45
202307,Y62,NORTH WEST,10,370765.0,25722915.0,1704373.1
202307,Y62,NORTH WEST,11,161622.0,2584147.5,1625932.75
202307,Y62,NORTH WEST,12,137491.0,3321659.5,971581.08
202307,Y62,NORTH WEST,13,338051.0,67709376.0,3656792.52
202307,Y62,NORTH WEST,14,22916.0,23117.0,288021.96
202307,Y62,NORTH WEST,15,23773.0,343680.0,358482.87
202307,Y62,NORTH WEST,19,11842.0,2658281.0,109141.72
202307,Y62,NORTH WEST,20,148540.0,3330331.9,4518506.98
202307,Y62,NORTH WEST,21,454719.0,76934796.5,8162751.470000001
202307,Y62,NORTH WEST,22,33326.0,641756.0,808609.79
202307,Y62,NORTH WEST,23,94879.0,9006195.3,4276835.83
202307,Y63,NORTH EAST AND YORKSHIRE,1,1927089.0,142959469.0,12028376.25
202307,Y63,NORTH EAST AND YORKSHIRE,2,5902448.0,191222289.0,27440798.270000003
202307,Y63,NORTH EAST AND YORKSHIRE,3,1262130.0,25702868.0,19211041.69
202307,Y63,NORTH EAST AND YORKSHIRE,4,3887153.0,259842262.8,23876141.8
202307,Y63,NORTH EAST AND YORKSHIRE,5,538116.0,20085979.0,3586364.4000000004
202307,Y63,NORTH EAST AND YORKSHIRE,6,2051032.0,92743396.0,26287614.22
202307,Y63,NORTH EAST AND YORKSHIRE,7,532289.0,21077771.0,3819143.66
202307,Y63,NORTH EAST AND YORKSHIRE,8,71922.0,2794993.0,2640654.68
202307,Y63,NORTH EAST AND YORKSHIRE,9,1076339.0,366865814.0,9507042.81
202307,Y63,NORTH EAST AND YORKSHIRE,10,539925.0,34542847.0,2161929.8600000003
202307,Y63,NORTH EAST AND YORKSHIRE,11,214483.0,3271684.0,2119840.6
202307,Y63,NORTH EAST AND YORKSHIRE,12,165642.0,3611137.9,1076404.68
202307,Y63,NORTH EAST AND YORKSHIRE,13,384012.0,67275194.0,4065586.45
202307,Y63,NORTH EAST AND YORKSHIRE,14,22225.0,22396.0,320254.78
202307,Y63,NORTH EAST AND YORKSHIRE,15,20090.0,300192.0,269568.55
202307,Y63,NORTH EAST AND YORKSHIRE,18,3.0,3000.0,525.0
202307,Y63,NORTH EAST AND YORKSHIRE,19,14146.0,3475911.0,138033.87
202307,Y63,NORTH EAST AND YORKSHIRE,20,52313.0,1468900.2,1665171.17
202307,Y63,NORTH EAST AND YORKSHIRE,21,486426.0,83260936.5,8010678.77
202307,Y63,NORTH EAST AND YORKSHIRE,22,11864.0,217246.0,323545.44
202307,Y63,NORTH EAST AND YORKSHIRE,23,60352.0,6161593.199999999,2728831.88
202308,Y56,LONDON,1,1177173.0,82991857.0,8456392.52
202308,Y56,LONDON,2,3956081.0,136629870.0,18384284.46
202308,Y56,LONDON,3,745836.0,18113839.0,11842183.55
202308,Y56,LONDON,4,2225144.0,135589548.5,16455630.65
202308,Y56,LONDON,5,413054.0,15300145.0,2629246.93
202308,Y56,LONDON,6,1693498.0,87627747.0,23483285.72
202308,Y56,LONDON,7,362195.0,14344207.0,2730992.77
202308,Y56,LONDON,8,45947.0,1957235.0,1625235.3199999998
202308,Y56,LONDON,9,857673.0,322206365.5,7901941.73
202308,Y56,LONDON,10,314385.0,21363289.0,1353424.08
202308,Y56,LONDON,11,173060.0,3716778.0,2287167.18
202308,Y56,LONDON,12,131154.0,4162048.0,960818.95
202308,Y56,LONDON,13,346037.0,62028811.0,3737164.78
202308,Y56,LONDON,14,35976.0,36189.0,493943.4
202308,Y56,LONDON,15,12430.0,289320.5,304354.61
202308,Y56,LONDON,18,1.0,1000.0,175.0
202308,Y56,LONDON,19,12990.0,7731387.0,122960.25
202308,Y56,LONDON,20,48388.0,1358723.9,1394749.78
202308,Y56,LONDON,21,424967.0,90808915.0,6191373.58
202308,Y56,LONDON,22,27623.0,478276.0,619300.28
202308,Y56,LONDON,23,40285.0,4771578.3,1271924.96
202308,Y58,SOUTH WEST,1,920618.0,65048704.0,6607580.69
202308,Y58,SOUTH WEST,2,2925260.0,106591270.0,17245893.259999998
202308,Y58,SOUTH WEST,3,558753.0,11450502.0,9504014.68
202308,Y58,SOUTH WEST,4,1891917.0,133773076.4,12831914.04
202308,Y58,SOUTH WEST,5,302355.0,10027127.0,1961303.84
202308,Y58,SOUTH WEST,6,1061519.0,52456599.5,14348976.45
202308,Y58,SOUTH WEST,7,298600.0,12318961.0,2329280.05
202308,Y58,SOUTH WEST,8,40492.0,1600782.0,1696034.47
202308,Y58,SOUTH WEST,9,532986.0,178554535.0,4502039.98
202308,Y58,SOUTH WEST,10,260817.0,15736450.0,1242741.83
202308,Y58,SOUTH WEST,11,125918.0,2023813.0,1326486.35
202308,Y58,SOUTH WEST,12,85221.0,1587901.4,543015.9
202308,Y58,SOUTH WEST,13,185929.0,27329225.0,1912610.07
202308,Y58,SOUTH WEST,14,8403.0,8682.0,123847.04
202308,Y58,SOUTH WEST,15,17301.0,206169.0,174318.15
202308,Y58,SOUTH WEST,19,5077.0,746669.0,62891.59
202308,Y58,SOUTH WEST,20,32292.0,589680.0,636914.01
202308,Y58,SOUTH WEST,21,279313.0,48467506.0,5913730.290000001
202308,Y58,SOUTH WEST,22,28732.0,472823.0,683292.9099999999
202308,Y58,SOUTH WEST,23,43969.0,3850787.0,1651828.68
202308,Y59,SOUTH EAST,1,1171234.0,87852080.0,9445249.31
202308,Y59,SOUTH EAST,2,3765688.0,151547536.0,23514508.74
202308,Y59,SOUTH EAST,3,771118.0,17343790.0,13576730.65
202308,Y59,SOUTH EAST,4,2461752.0,169221733.6,19601607.2
202308,Y59,SOUTH EAST,5,473881.0,16881838.5,3023205.0
202308,Y59,SOUTH EAST,6,1457116.0,78815841.5,23324957.93
202308,Y59,SOUTH EAST,7,392678.0,17606035.0,3396165.73
202308,Y59,SOUTH EAST,8,61103.0,2708400.0,2645347.58
202308,Y59,SOUTH EAST,9,772502.0,530268848.0,12141496.6
202308,Y59,SOUTH EAST,10,331945.0,21216077.0,1617329.84
202308,Y59,SOUTH EAST,11,177628.0,3447868.5,2146588.14
202308,Y59,SOUTH EAST,12,131673.0,2232582.0,896466.35
202308,Y59,SOUTH EAST,13,273234.0,42471963.0,3017854.22
202308,Y59,SOUTH EAST,14,23492.0,23638.0,316202.89
202308,Y59,SOUTH EAST,15,20256.0,300332.0,286370.73
202308,Y59,SOUTH EAST,18,1.0,2000.0,350.0
202308,Y59,SOUTH EAST,19,7292.0,1997605.0,110516.78
202308,Y59,SOUTH EAST,20,36716.0,1649283.1,881719.42
202308,Y59,SOUTH EAST,21,364667.0,63479096.5,8331484.08
202308,Y59,SOUTH EAST,22,34254.0,675238.0,834129.75
202308,Y59,SOUTH EAST,23,91895.0,8957502.0,5400102.33
202308,Y60,MIDLANDS,1,1841188.0,146409373.0,12489182.82
202308,Y60,MIDLANDS,2,5912058.0,215044343.0,31880562.65
202308,Y60,MIDLANDS,3,1258987.0,26661229.0,19417569.0
202308,Y60,MIDLANDS,4,3817056.0,280070541.6,27317742.3
202308,Y60,MIDLANDS,5,634372.0,22563186.5,3876421.57
202308,Y60,MIDLANDS,6,2159246.0,107958919.0,31314789.05
202308,Y60,MIDLANDS,7,538492.0,22534534.0,4043893.97
202308,Y60,MIDLANDS,8,68482.0,2591772.0,2700009.59
202308,Y60,MIDLANDS,9,1083026.0,953853870.0,20991565.43
202308,Y60,MIDLANDS,10,523268.0,35584259.0,2151489.92
202308,Y60,MIDLANDS,11,259514.0,5038275.0,2974900.97
202308,Y60,MIDLANDS,12,185650.0,4549760.5,1218246.06
202308,Y60,MIDLANDS,13,436340.0,77786605.0,4507001.08
202308,Y60,MIDLANDS,14,31351.0,32295.0,431293.6
202308,Y60,MIDLANDS,15,27167.0,372609.0,291946.31
202308,Y60,MIDLANDS,19,15614.0,3995037.0,163645.69
202308,Y60,MIDLANDS,20,115388.0,2924454.3,3636966.36
202308,Y60,MIDLANDS,21,654323.0,107859583.5,10729161.97
202308,Y60,MIDLANDS,22,23532.0,437704.0,606578.52
202308,Y60,MIDLANDS,23,126635.0,12119981.3,7135433.87
202308,Y61,EAST OF ENGLAND,1,1046851.0,71423065.0,7652704.34
202308,Y61,EAST OF ENGLAND,2,3548768.0,121254504.0,18565790.77
202308,Y61,EAST OF ENGLAND,3,702833.0,14719159.0,10939218.5
202308,Y61,EAST OF ENGLAND,4,2150774.0,137502876.6,14659152.17
202308,Y61,EAST OF ENGLAND,5,388076.0,13539495.5,2415431.38
202308,Y61,EAST OF ENGLAND,6,1324008.0,62578433.0,17567915.53
202308,Y61,EAST OF ENGLAND,7,339780.0,13590982.0,2461375.17
202308,Y61,EAST OF ENGLAND,8,54439.0,2165511.0,2185253.51
202308,Y61,EAST OF ENGLAND,9,549118.0,205515363.3,5553890.3
202308,Y61,EAST OF ENGLAND,10,294075.0,17370923.0,1486849.77
202308,Y61,EAST OF ENGLAND,11,144921.0,2444801.0,1628075.0
202308,Y61,EAST OF ENGLAND,12,104613.0,1687886.3,678044.72
202308,Y61,EAST OF ENGLAND,13,218578.0,31616745.5,2262937.19
202308,Y61,EAST OF ENGLAND,14,15178.0,15332.0,221672.93
202308,Y61,EAST OF ENGLAND,15,14102.0,222653.5,203791.5
202308,Y61,EAST OF ENGLAND,18,3.0,2500.0,437.5
202308,Y61,EAST OF ENGLAND,19,6272.0,2134535.0,96509.25
202308,Y61,EAST OF ENGLAND,20,37435.0,1100957.9,1674033.25
202308,Y61,EAST OF ENGLAND,21,358080.0,55244401.0,11730316.36
202308,Y61,EAST OF ENGLAND,22,53990.0,1012749.0,1539744.89
202308,Y61,EAST OF ENGLAND,23,167631.0,13682824.7,11969471.45
202308,Y62,NORTH WEST,1,1406634.0,113408349.0,9764362.29
202308,Y62,NORTH WEST,2,4133403.0,146257346.0,21286999.05
202308,Y62,NORTH WEST,3,970229.0,20172995.0,14783059.26
202308,Y62,NORTH WEST,4,3006697.0,209896953.4,20425902.02
202308,Y62,NORTH WEST,5,447081.0,16042219.5,2876811.3
202308,Y62,NORTH WEST,6,1445644.0,69059185.5,20394054.58
202308,Y62,NORTH WEST,7,378077.0,14904766.0,2950379.61
202308,Y62,NORTH WEST,8,46041.0,1734301.0,1593094.71
202308,Y62,NORTH WEST,9,818975.0,480967853.0,11450705.33
202308,Y62,NORTH WEST,10,377747.0,26211506.0,1714744.67
202308,Y62,NORTH WEST,11,160727.0,2599252.5,1663159.2999999998
202308,Y62,NORTH WEST,12,135049.0,3233324.6,940144.32
202308,Y62,NORTH WEST,13,342776.0,66943514.0,3762141.58
202308,Y62,NORTH WEST,14,12066.0,12199.0,166445.84999999998
202308,Y62,NORTH WEST,15,22137.0,358474.0,375183.01
202308,Y62,NORTH WEST,18,2.0,1500.0,262.5
202308,Y62,NORTH WEST,19,13355.0,2560032.0,100238.46
202308,Y62,NORTH WEST,20,157026.0,3482412.8000000003,4627874.45
202308,Y62,NORTH WEST,21,462230.0,78101598.5,8408285.04
202308,Y62,NORTH WEST,22,34788.0,670144.0,839879.4500000001
202308,Y62,NORTH WEST,23,99874.0,9440602.5,4541552.1
202308,Y63,NORTH EAST AND YORKSHIRE,1,1984721.0,145698952.0,12326181.79
202308,Y63,NORTH EAST AND YORKSHIRE,2,6132121.0,198367158.0,28641841.39
202308,Y63,NORTH EAST AND YORKSHIRE,3,1269360.0,25292332.0,19658431.16
202308,Y63,NORTH EAST AND YORKSHIRE,4,4012248.0,268187367.8,24542725.71
202308,Y63,NORTH EAST AND YORKSHIRE,5,541901.0,18909866.0,3536015.18
202308,Y63,NORTH EAST AND YORKSHIRE,6,2101410.0,94475010.5,26469255.07
202308,Y63,NORTH EAST AND YORKSHIRE,7,545448.0,21327617.0,3807673.33
202308,Y63,NORTH EAST AND YORKSHIRE,8,73759.0,2844312.0,2687418.6300000004
202308,Y63,NORTH EAST AND YORKSHIRE,9,1107576.0,371758023.0,9549122.65
202308,Y63,NORTH EAST AND YORKSHIRE,10,553292.0,35481224.0,2201546.56
202308,Y63,NORTH EAST AND YORKSHIRE,11,211754.0,3278506.0,2143452.83
202308,Y63,NORTH EAST AND YORKSHIRE,12,167368.0,3634285.1,1079031.68
202308,Y63,NORTH EAST AND YORKSHIRE,13,385081.0,66600953.0,4179659.25
202308,Y63,NORTH EAST AND YORKSHIRE,14,15275.0,15433.0,225952.03
202308,Y63,NORTH EAST AND YORKSHIRE,15,18707.0,2100368.5,278385.01
202308,Y63,NORTH EAST AND YORKSHIRE,18,2.0,2000.0,350.0
202308,Y63,NORTH EAST AND YORKSHIRE,19,13213.0,3543372.0,143529.31
202308,Y63,NORTH EAST AND YORKSHIRE,20,53025.0,1516199.1,1783993.86
202308,Y63,NORTH EAST AND YORKSHIRE,21,486843.0,83003403.5,8081462.46
202308,Y63,NORTH EAST AND YORKSHIRE,22,11719.0,215731.0,309536.32
202308,Y63,NORTH EAST AND YORKSHIRE,23,61262.0,6263404.0,2794021.7800000003
202309,Y56,LONDON,1,1162911.0,82190765.0,8371452.09
202309,Y56,LONDON,2,3909166.0,136240225.0,17899943.79
202309,Y56,LONDON,3,754635.0,18239418.0,12197053.01
202309,Y56,LONDON,4,2192275.0,133253591.2,16411446.19
202309,Y56,LONDON,5,412602.0,15881150.0,2605023.24
202309,Y56,LONDON,6,1684666.0,87954991.5,23568228.35
202309,Y56,LONDON,7,361162.0,14312138.0,2730561.2300000004
202309,Y56,LONDON,8,45823.0,1975686.0,1653083.12
202309,Y56,LONDON,9,846721.0,319162925.3,7886870.57
202309,Y56,LONDON,10,315750.0,21456858.0,1358899.23
202309,Y56,LONDON,11,175598.0,3794625.5,2274325.56
202309,Y56,LONDON,12,128148.0,4142224.6,935347.36
202309,Y56,LONDON,13,353321.0,63947696.0,3812564.97
202309,Y56,LONDON,14,241166.0,241401.0,3161638.1
202309,Y56,LONDON,15,13407.0,284164.5,294563.43
202309,Y56,LONDON,19,8190.0,7465681.0,96067.67
202309,Y56,LONDON,20,47020.0,1336824.6,1345508.39
202309,Y56,LONDON,21,435402.0,92525482.0,6306943.65
202309,Y56,LONDON,22,27063.0,455700.0,608955.5
202309,Y56,LONDON,23,38985.0,4630734.0,1253773.49
202309,Y58,SOUTH WEST,1,891572.0,62376555.0,6450454.26
202309,Y58,SOUTH WEST,2,2834212.0,104135214.0,16637116.61
202309,Y58,SOUTH WEST,3,550134.0,11120739.0,9391227.36
202309,Y58,SOUTH WEST,4,1840837.0,129533006.8,12590794.94
202309,Y58,SOUTH WEST,5,291885.0,9774849.0,1911958.56
202309,Y58,SOUTH WEST,6,1034916.0,51495818.5,14186235.63
202309,Y58,SOUTH WEST,7,291890.0,12154971.0,2318463.35
202309,Y58,SOUTH WEST,8,39107.0,1558050.0,1635269.4
202309,Y58,SOUTH WEST,9,517902.0,175385523.5,4366088.5
202309,Y58,SOUTH WEST,10,255012.0,15410815.0,1207607.76
202309,Y58,SOUTH WEST,11,122237.0,1976004.0,1253944.17
202309,Y58,SOUTH WEST,12,81231.0,1532553.6,524885.87
202309,Y58,SOUTH WEST,13,186590.0,27414117.0,1923819.46
202309,Y58,SOUTH WEST,14,301319.0,301497.0,4005823.8
202309,Y58,SOUTH WEST,15,18784.0,212507.0,185924.87
202309,Y58,SOUTH WEST,18,2.0,300.0,52.5
202309,Y58,SOUTH WEST,19,3238.0,684972.0,48277.38
202309,Y58,SOUTH WEST,20,31969.0,582971.9,646057.96
202309,Y58,SOUTH WEST,21,279237.0,47917983.0,6052766.92
202309,Y58,SOUTH WEST,22,28285.0,463986.0,678509.63
202309,Y58,SOUTH WEST,23,43517.0,3816644.5,1682263.72
202309,Y59,SOUTH EAST,1,1152748.0,86538664.0,9314668.79
202309,Y59,SOUTH EAST,2,3705964.0,149572630.0,22934004.19
202309,Y59,SOUTH EAST,3,774136.0,17228873.0,13711216.6
202309,Y59,SOUTH EAST,4,2420595.0,165902543.8,19504033.81
202309,Y59,SOUTH EAST,5,463313.0,16966239.0,2976712.34
202309,Y59,SOUTH EAST,6,1442476.0,78087834.5,23321452.26
202309,Y59,SOUTH EAST,7,388632.0,17344758.0,3410392.24
202309,Y59,SOUTH EAST,8,60044.0,2656898.0,2604733.89
202309,Y59,SOUTH EAST,9,761719.0,527396097.9,12051911.55
202309,Y59,SOUTH EAST,10,326151.0,20843732.0,1604520.79
202309,Y59,SOUTH EAST,11,175856.0,3434162.5,2090467.94
202309,Y59,SOUTH EAST,12,124734.0,2226661.1,861491.26
202309,Y59,SOUTH EAST,13,275902.0,42938004.0,3046425.48
202309,Y59,SOUTH EAST,14,405542.0,405671.0,5394579.84
202309,Y59,SOUTH EAST,15,21452.0,301575.5,277531.11
202309,Y59,SOUTH EAST,18,4.0,5000.0,875.0
202309,Y59,SOUTH EAST,19,5661.0,2021510.0,96128.27
202309,Y59,SOUTH EAST,20,35803.0,1582159.2,862248.61
202309,Y59,SOUTH EAST,21,370168.0,64067963.0,8419248.55
202309,Y59,SOUTH EAST,22,33284.0,650344.0,806789.9099999999
202309,Y59,SOUTH EAST,23,91194.0,8937914.0,5295817.25
202309,Y60,MIDLANDS,1,1796825.0,142593698.0,12275477.45
202309,Y60,MIDLANDS,2,5740500.0,209508917.0,30671903.06
202309,Y60,MIDLANDS,3,1244749.0,26293190.0,19290478.47
202309,Y60,MIDLANDS,4,3734657.0,273885045.2,27120376.16
202309,Y60,MIDLANDS,5,624297.0,22960094.0,3883671.72
202309,Y60,MIDLANDS,6,2113836.0,106015887.5,30785295.73
202309,Y60,MIDLANDS,7,526815.0,22058152.0,4018922.09
202309,Y60,MIDLANDS,8,66801.0,2531954.0,2597636.45
202309,Y60,MIDLANDS,9,1072115.0,969482945.8,21253865.54
202309,Y60,MIDLANDS,10,516235.0,35220924.0,2120387.81
202309,Y60,MIDLANDS,11,256051.0,4959573.5,2896025.21
202309,Y60,MIDLANDS,12,178658.0,4518683.100000001,1180519.67
202309,Y60,MIDLANDS,13,433545.0,78250388.5,4453936.27
202309,Y60,MIDLANDS,14,542118.0,542296.0,7162182.14
202309,Y60,MIDLANDS,15,28935.0,381178.5,294792.73
202309,Y60,MIDLANDS,18,2.0,1100.0,192.5
202309,Y60,MIDLANDS,19,12732.0,4181190.0,184429.04
202309,Y60,MIDLANDS,20,122210.0,3004818.1,3700966.28
202309,Y60,MIDLANDS,21,663766.0,109120106.5,10839842.35
202309,Y60,MIDLANDS,22,23928.0,444524.0,612963.14
202309,Y60,MIDLANDS,23,127808.0,12277800.7,7200233.33
202309,Y61,EAST OF ENGLAND,1,1028567.0,70351459.0,7520298.289999999
202309,Y61,EAST OF ENGLAND,2,3471540.0,118915211.0,18052464.68
202309,Y61,EAST OF ENGLAND,3,693591.0,14371545.0,10882171.52
202309,Y61,EAST OF ENGLAND,4,2111664.0,134883021.2,14620655.68
202309,Y61,EAST OF ENGLAND,5,380046.0,13586708.5,2342300.1
202309,Y61,EAST OF ENGLAND,6,1301934.0,61546887.0,17378605.44
202309,Y61,EAST OF ENGLAND,7,336534.0,13470101.0,2438015.89
202309,Y61,EAST OF ENGLAND,8,53591.0,2125448.0,2131430.58
202309,Y61,EAST OF ENGLAND,9,539458.0,202459476.5,5455612.99
202309,Y61,EAST OF ENGLAND,10,290002.0,17201909.0,1469366.73
202309,Y61,EAST OF ENGLAND,11,143222.0,2433082.0,1594557.08
202309,Y61,EAST OF ENGLAND,12,99267.0,1640784.5,647123.24
202309,Y61,EAST OF ENGLAND,13,218632.0,31559756.0,2275769.77
202309,Y61,EAST OF ENGLAND,14,349396.0,349563.0,4648867.33
202309,Y61,EAST OF ENGLAND,15,14872.0,226388.5,206978.22000000003
202309,Y61,EAST OF ENGLAND,19,4937.0,2026153.0,85002.48000000001
202309,Y61,EAST OF ENGLAND,20,38204.0,1122569.5,1795925.91
202309,Y61,EAST OF ENGLAND,21,361010.0,55318375.5,11603817.94
202309,Y61,EAST OF ENGLAND,22,52461.0,979773.0,1507675.11
202309,Y61,EAST OF ENGLAND,23,164542.0,13463898.1,11774874.3
202309,Y62,NORTH WEST,1,1366400.0,110243013.0,9579893.59
202309,Y62,NORTH WEST,2,4008849.0,142296346.0,20361929.47
202309,Y62,NORTH WEST,3,959316.0,19812902.0,14589247.34
202309,Y62,NORTH WEST,4,2921917.0,203966895.4,20076560.4
202309,Y62,NORTH WEST,5,439771.0,16218131.5,2815823.52
202309,Y62,NORTH WEST,6,1407022.0,67324237.0,19988779.51
202309,Y62,NORTH WEST,7,369987.0,14645206.0,2908721.54
202309,Y62,NORTH WEST,8,44689.0,1691624.0,1564396.73
202309,Y62,NORTH WEST,9,798327.0,477615203.0,11362955.35
202309,Y62,NORTH WEST,10,368285.0,25591332.0,1685846.89
202309,Y62,NORTH WEST,11,160198.0,2589279.5,1601195.34
202309,Y62,NORTH WEST,12,126805.0,3233412.4000000004,888041.38
202309,Y62,NORTH WEST,13,341008.0,66663857.0,3723689.57
202309,Y62,NORTH WEST,14,301660.0,302099.0,3949995.020000001
202309,Y62,NORTH WEST,15,21694.0,338982.0,363375.26
202309,Y62,NORTH WEST,18,2.0,1500.0,262.5
202309,Y62,NORTH WEST,19,10106.0,2759740.0,105579.93
202309,Y62,NORTH WEST,20,145162.0,3299946.5,4462599.41
202309,Y62,NORTH WEST,21,458915.0,76450703.5,8374857.529999999
202309,Y62,NORTH WEST,22,33128.0,639741.0,805872.96
202309,Y62,NORTH WEST,23,96391.0,9213190.8,4439139.65
202309,Y63,NORTH EAST AND YORKSHIRE,1,1927166.0,137541543.0,11980764.91
202309,Y63,NORTH EAST AND YORKSHIRE,2,5959913.0,192611107.0,27513305.84
202309,Y63,NORTH EAST AND YORKSHIRE,3,1244765.0,24619889.0,19367522.05
202309,Y63,NORTH EAST AND YORKSHIRE,4,3905451.0,259634976.0,23943250.65
202309,Y63,NORTH EAST AND YORKSHIRE,5,533475.0,18856442.5,3442470.78
202309,Y63,NORTH EAST AND YORKSHIRE,6,2052774.0,92243265.0,25997247.130000003
202309,Y63,NORTH EAST AND YORKSHIRE,7,532620.0,20951952.0,3758926.31
202309,Y63,NORTH EAST AND YORKSHIRE,8,71190.0,2762252.0,2513566.41
202309,Y63,NORTH EAST AND YORKSHIRE,9,1079658.0,367784156.9,9432942.36
202309,Y63,NORTH EAST AND YORKSHIRE,10,541102.0,34621293.0,2138717.78
202309,Y63,NORTH EAST AND YORKSHIRE,11,206970.0,3231384.5,2076747.91
202309,Y63,NORTH EAST AND YORKSHIRE,12,158858.0,3610960.0,1031576.97
202309,Y63,NORTH EAST AND YORKSHIRE,13,380807.0,65560480.0,4099165.18
202309,Y63,NORTH EAST AND YORKSHIRE,14,460748.0,460858.0,6122117.19
202309,Y63,NORTH EAST AND YORKSHIRE,15,20222.0,7502587.5,272341.12
202309,Y63,NORTH EAST AND YORKSHIRE,18,2.0,2000.0,350.0
202309,Y63,NORTH EAST AND YORKSHIRE,19,9908.0,3298366.0,125255.07
202309,Y63,NORTH EAST AND YORKSHIRE,20,52266.0,1481398.5,1734727.0799999998
202309,Y63,NORTH EAST AND YORKSHIRE,21,490038.0,82966117.5,8217469.869999999
202309,Y63,NORTH EAST AND YORKSHIRE,22,11453.0,212638.0,310024.95
202309,Y63,NORTH EAST AND YORKSHIRE,23,59125.0,6092552.2,2685329.21
202310,Y56,LONDON,1,1194182.0,85697676.0,8334502.89
202310,Y56,LONDON,2,4000195.0,137930873.0,15569786.25
202310,Y56,LONDON,3,766173.0,17829755.0,11931579.23
202310,Y56,LONDON,4,2242161.0,136796987.0,16282401.33
202310,Y56,LONDON,5,459519.0,18555211.5,2617699.72
202310,Y56,LONDON,6,1720100.0,88914282.5,23770703.51
202310,Y56,LONDON,7,366348.0,14183156.0,2754271.02
202310,Y56,LONDON,8,46192.0,1974313.0,1646576.25
202310,Y56,LONDON,9,860944.0,321120005.5,7889892.91
202310,Y56,LONDON,10,318700.0,21764135.0,1310862.04
202310,Y56,LONDON,11,180860.0,3852008.5,2227877.65
202310,Y56,LONDON,12,130771.0,4212731.8,970060.7
202310,Y56,LONDON,13,346334.0,62845396.0,3792274.2
202310,Y56,LONDON,14,331023.0,331223.0,4321371.0
202310,Y56,LONDON,15,12811.0,287031.0,308528.46
202310,Y56,LONDON,19,9729.0,7289554.0,111744.3
202310,Y56,LONDON,20,46338.0,1301599.7,1336873.91
202310,Y56,LONDON,21,441984.0,92339389.5,6439624.45
202310,Y56,LONDON,22,29643.0,499756.0,655387.64
202310,Y56,LONDON,23,40107.0,4757068.8,1257605.02
202310,Y58,SOUTH WEST,1,910840.0,64953277.0,6341556.619999999
202310,Y58,SOUTH WEST,2,2882133.0,105224403.0,14438658.66
202310,Y58,SOUTH WEST,3,569269.0,11152216.0,9479874.58
202310,Y58,SOUTH WEST,4,1874431.0,132243669.6,12641870.52
202310,Y58,SOUTH WEST,5,320880.0,11005498.5,1923325.57
202310,Y58,SOUTH WEST,6,1056321.0,52279754.5,14233308.48
202310,Y58,SOUTH WEST,7,295852.0,12207435.0,2328755.76
202310,Y58,SOUTH WEST,8,39747.0,1565740.0,1687671.7000000002
202310,Y58,SOUTH WEST,9,528593.0,177404830.5,4433364.58
202310,Y58,SOUTH WEST,10,256278.0,15476566.0,1178868.38
202310,Y58,SOUTH WEST,11,127473.0,2073971.5,1220452.02
202310,Y58,SOUTH WEST,12,84357.0,1596604.7999999998,553004.61
202310,Y58,SOUTH WEST,13,187507.0,27758770.0,1946119.96
202310,Y58,SOUTH WEST,14,599177.0,599391.0,7964737.31
202310,Y58,SOUTH WEST,15,19588.0,219227.0,184384.61
202310,Y58,SOUTH WEST,19,3780.0,700487.0,58084.46
202310,Y58,SOUTH WEST,20,31898.0,566940.0,634018.39
202310,Y58,SOUTH WEST,21,288379.0,49070374.5,6194566.460000001
202310,Y58,SOUTH WEST,22,27799.0,454994.0,671226.19
202310,Y58,SOUTH WEST,23,43689.0,3855577.4,1673318.9
202310,Y59,SOUTH EAST,1,1172459.0,89899893.0,9196866.04
202310,Y59,SOUTH EAST,2,3740472.0,150208441.0,19373569.92
202310,Y59,SOUTH EAST,3,783517.0,16768127.0,13476722.38
202310,Y59,SOUTH EAST,4,2449796.0,168123826.2,19393701.33
202310,Y59,SOUTH EAST,5,510088.0,19387925.0,3020862.72
202310,Y59,SOUTH EAST,6,1457943.0,78583258.0,23231653.01
202310,Y59,SOUTH EAST,7,392666.0,17418244.0,3449469.65
202310,Y59,SOUTH EAST,8,60157.0,2678153.0,2558213.27
202310,Y59,SOUTH EAST,9,769079.0,525318117.0,11983735.67
202310,Y59,SOUTH EAST,10,327805.0,20924188.0,1539211.24
202310,Y59,SOUTH EAST,11,178363.0,3492846.0,2057895.25
202310,Y59,SOUTH EAST,12,129675.0,2290787.3,922101.97
202310,Y59,SOUTH EAST,13,274198.0,42755327.0,3045972.71
202310,Y59,SOUTH EAST,14,768308.0,768692.0,10166767.59
202310,Y59,SOUTH EAST,15,21920.0,309744.0,284785.36
202310,Y59,SOUTH EAST,18,1.0,1000.0,175.0
202310,Y59,SOUTH EAST,19,6389.0,2098765.0,103273.16
202310,Y59,SOUTH EAST,20,36196.0,1618384.2,887118.71
202310,Y59,SOUTH EAST,21,375765.0,64025936.0,8588347.07
202310,Y59,SOUTH EAST,22,35488.0,693938.0,866008.04
202310,Y59,SOUTH EAST,23,91828.0,8948070.5,5413537.94
202310,Y60,MIDLANDS,1,1823652.0,146682276.0,12082863.27
202310,Y60,MIDLANDS,2,5816691.0,211582068.0,26344439.43
202310,Y60,MIDLANDS,3,1273808.0,25886568.0,19343981.98
202310,Y60,MIDLANDS,4,3784454.0,277503688.6,26875079.96
202310,Y60,MIDLANDS,5,711548.0,27905547.0,3923213.69
202310,Y60,MIDLANDS,6,2151591.0,107519912.5,31047799.25
202310,Y60,MIDLANDS,7,531961.0,22137219.0,4082578.46
202310,Y60,MIDLANDS,8,67908.0,2566859.0,2677078.55
202310,Y60,MIDLANDS,9,1073197.0,910618201.5,20052522.29
202310,Y60,MIDLANDS,10,515097.0,35153931.0,2015294.03
202310,Y60,MIDLANDS,11,264060.0,5087645.5,2879768.76
202310,Y60,MIDLANDS,12,185465.0,4696723.0,1247430.66
202310,Y60,MIDLANDS,13,430075.0,77989922.0,4437707.96
202310,Y60,MIDLANDS,14,856491.0,856676.0,11325138.29
202310,Y60,MIDLANDS,15,28981.0,379379.5,290468.71
202310,Y60,MIDLANDS,19,13444.0,3926059.0,176463.15
202310,Y60,MIDLANDS,20,123770.0,3063884.0,3851441.96
202310,Y60,MIDLANDS,21,679127.0,108748732.5,11140446.04
202310,Y60,MIDLANDS,22,24823.0,455649.0,637364.5
202310,Y60,MIDLANDS,23,129868.0,12502914.9,7277435.56
202310,Y61,EAST OF ENGLAND,1,1047950.0,72470301.0,7424086.84
202310,Y61,EAST OF ENGLAND,2,3523249.0,120415407.0,15992321.63
202310,Y61,EAST OF ENGLAND,3,707545.0,14230227.0,10903308.39
202310,Y61,EAST OF ENGLAND,4,2151578.0,137450739.4,14548622.28
202310,Y61,EAST OF ENGLAND,5,422140.0,15742858.0,2370085.42
202310,Y61,EAST OF ENGLAND,6,1329005.0,62833740.5,17614116.45
202310,Y61,EAST OF ENGLAND,7,338955.0,13501139.0,2472210.71
202310,Y61,EAST OF ENGLAND,8,54019.0,2141809.0,2090673.46
202310,Y61,EAST OF ENGLAND,9,546804.0,201008765.0,5484898.29
202310,Y61,EAST OF ENGLAND,10,291500.0,17280329.0,1414127.89
202310,Y61,EAST OF ENGLAND,11,146030.0,2469156.5,1557852.73
202310,Y61,EAST OF ENGLAND,12,101326.0,1662182.2999999998,669714.4299999999
202310,Y61,EAST OF ENGLAND,13,216734.0,31403507.0,2247997.63
202310,Y61,EAST OF ENGLAND,14,546807.0,546935.0,7252523.15
202310,Y61,EAST OF ENGLAND,15,15430.0,235720.0,216264.39
202310,Y61,EAST OF ENGLAND,18,3.0,1700.0,297.5
202310,Y61,EAST OF ENGLAND,19,5068.0,1825369.0,72842.73
202310,Y61,EAST OF ENGLAND,20,35957.0,984049.9,1745192.23
202310,Y61,EAST OF ENGLAND,21,353999.0,54628836.0,9927810.76
202310,Y61,EAST OF ENGLAND,22,39939.0,748003.0,1141404.65
202310,Y61,EAST OF ENGLAND,23,128466.0,10566857.0,8687462.73
202310,Y62,NORTH WEST,1,1399656.0,118234503.0,9496536.739999998
202310,Y62,NORTH WEST,2,4064955.0,144008866.0,17637597.18
202310,Y62,NORTH WEST,3,988128.0,19661549.0,14719235.45
202310,Y62,NORTH WEST,4,2973679.0,208204331.8,19933904.83
202310,Y62,NORTH WEST,5,501411.0,19739443.5,2865605.02
202310,Y62,NORTH WEST,6,1440737.0,68769204.5,20082820.79
202310,Y62,NORTH WEST,7,374239.0,14709949.0,2947169.71
202310,Y62,NORTH WEST,8,45196.0,1711344.0,1565973.5099999998
202310,Y62,NORTH WEST,9,813921.0,486321247.5,11594294.19
202310,Y62,NORTH WEST,10,371123.0,25831915.0,1632918.11
202310,Y62,NORTH WEST,11,167038.0,2670266.5,1580241.61
202310,Y62,NORTH WEST,12,135717.0,3283327.3,957257.35
202310,Y62,NORTH WEST,13,342908.0,67305755.0,3790051.13
202310,Y62,NORTH WEST,14,498687.0,498829.0,6509360.4
202310,Y62,NORTH WEST,15,23367.0,361809.5,372219.36
202310,Y62,NORTH WEST,18,6.0,7500.0,1312.5
202310,Y62,NORTH WEST,19,9795.0,2525930.0,107616.85
202310,Y62,NORTH WEST,20,140409.0,3138163.1,4327943.58
202310,Y62,NORTH WEST,21,469590.0,77578513.5,8490833.67
202310,Y62,NORTH WEST,22,32289.0,618624.0,781574.95
202310,Y62,NORTH WEST,23,96626.0,9188448.9,4458183.13
202310,Y63,NORTH EAST AND YORKSHIRE,1,1973273.0,146801530.0,12122095.260000002
202310,Y63,NORTH EAST AND YORKSHIRE,2,6077406.0,196298571.0,23679361.68
202310,Y63,NORTH EAST AND YORKSHIRE,3,1279447.0,24396154.0,19592692.98
202310,Y63,NORTH EAST AND YORKSHIRE,4,3986641.0,266148989.8,24069098.67
202310,Y63,NORTH EAST AND YORKSHIRE,5,598664.0,22279231.0,3483439.22
202310,Y63,NORTH EAST AND YORKSHIRE,6,2103384.0,94349917.5,26214493.36
202310,Y63,NORTH EAST AND YORKSHIRE,7,542444.0,21017011.0,3827167.04
202310,Y63,NORTH EAST AND YORKSHIRE,8,72762.0,2812782.0,2592278.65
202310,Y63,NORTH EAST AND YORKSHIRE,9,1101536.0,371693905.0,9488432.99
202310,Y63,NORTH EAST AND YORKSHIRE,10,546878.0,35016407.0,2076506.41
202310,Y63,NORTH EAST AND YORKSHIRE,11,216584.0,3322573.0,2005649.22
202310,Y63,NORTH EAST AND YORKSHIRE,12,163965.0,3682335.6,1079756.93
202310,Y63,NORTH EAST AND YORKSHIRE,13,384783.0,66586388.0,4180660.23
202310,Y63,NORTH EAST AND YORKSHIRE,14,731068.0,731196.0,9723404.28
202310,Y63,NORTH EAST AND YORKSHIRE,15,21233.0,7724362.0,286077.58
202310,Y63,NORTH EAST AND YORKSHIRE,18,3.0,3000.0,525.0
202310,Y63,NORTH EAST AND YORKSHIRE,19,11311.0,3594206.0,142404.02000000002
202310,Y63,NORTH EAST AND YORKSHIRE,20,52251.0,1468073.5,1758412.77
202310,Y63,NORTH EAST AND YORKSHIRE,21,503729.0,84718764.0,8371984.31
202310,Y63,NORTH EAST AND YORKSHIRE,22,11879.0,213278.0,314271.25
202310,Y63,NORTH EAST AND YORKSHIRE,23,60622.0,6224638.4,2753307.55
202311,Y56,LONDON,1,1202844.0,85854862.0,8395678.4
202311,Y56,LONDON,2,4032408.0,138940401.0,15688120.55
202311,Y56,LONDON,3,785368.0,17872367.0,12040322.06
202311,Y56,LONDON,4,2259789.0,137277669.2,16516380.47
202311,Y56,LONDON,5,499742.0,21689759.5,2798208.8200000003
202311,Y56,LONDON,6,1743919.0,89751477.5,24210440.25
202311,Y56,LONDON,7,370051.0,14393219.0,2804843.8
202311,Y56,LONDON,8,46515.0,1995250.0,1572664.49
202311,Y56,LONDON,9,868516.0,323760760.5,7890311.109999999
202311,Y56,LONDON,10,318126.0,21787308.0,1309285.75
202311,Y56,LONDON,11,181502.0,3927870.0,2330292.49
202311,Y56,LONDON,12,131894.0,4242451.399999999,970515.27
202311,Y56,LONDON,13,349542.0,63779536.0,3801142.18
202311,Y56,LONDON,14,161064.0,161279.0,2108998.66
202311,Y56,LONDON,15,13325.0,294641.5,312608.38
202311,Y56,LONDON,19,9353.0,7743180.0,131778.71
202311,Y56,LONDON,20,47116.0,1329009.3,1359958.38
202311,Y56,LONDON,21,459383.0,95706932.5,6596011.95
202311,Y56,LONDON,22,29478.0,500601.0,654263.73
202311,Y56,LONDON,23,41395.0,4924438.8,1339512.31
202311,Y58,SOUTH WEST,1,922526.0,66829486.0,6358422.77
202311,Y58,SOUTH WEST,2,2925010.0,106843239.0,14566268.44
202311,Y58,SOUTH WEST,3,583550.0,11154178.0,9589721.19
202311,Y58,SOUTH WEST,4,1898841.0,133867855.8,12855817.27
202311,Y58,SOUTH WEST,5,338656.0,12221151.0,2056886.76
202311,Y58,SOUTH WEST,6,1074652.0,52953327.0,14594688.01
202311,Y58,SOUTH WEST,7,302386.0,12490045.0,2430161.71
202311,Y58,SOUTH WEST,8,39965.0,1576661.0,1645906.36
202311,Y58,SOUTH WEST,9,537686.0,182188283.0,4510811.350000001
202311,Y58,SOUTH WEST,10,259477.0,15663720.0,1192934.61
202311,Y58,SOUTH WEST,11,130347.0,2146619.0,1324566.4
202311,Y58,SOUTH WEST,12,82436.0,1579393.9,536102.3400000001
202311,Y58,SOUTH WEST,13,194592.0,28373328.0,1984173.29
202311,Y58,SOUTH WEST,14,190049.0,190208.0,2524095.35
202311,Y58,SOUTH WEST,15,21230.0,228588.5,190515.62
202311,Y58,SOUTH WEST,19,3262.0,697709.0,45050.24
202311,Y58,SOUTH WEST,20,32512.0,580095.5,642182.95
202311,Y58,SOUTH WEST,21,300795.0,51015254.5,6400146.73
202311,Y58,SOUTH WEST,22,29322.0,488663.0,710010.89
202311,Y58,SOUTH WEST,23,45359.0,4002354.4,1783487.03
202311,Y59,SOUTH EAST,1,1179737.0,90563573.0,9162026.62
202311,Y59,SOUTH EAST,2,3771701.0,151633293.0,19412508.42
202311,Y59,SOUTH EAST,3,803657.0,16756157.0,13616043.4
202311,Y59,SOUTH EAST,4,2470729.0,169475564.0,19638562.45
202311,Y59,SOUTH EAST,5,546148.0,22285435.5,3121589.82
202311,Y59,SOUTH EAST,6,1479306.0,79631528.0,23616005.630000003
202311,Y59,SOUTH EAST,7,396274.0,17615081.0,3467586.3
202311,Y59,SOUTH EAST,8,59899.0,2659341.0,2439793.63
202311,Y59,SOUTH EAST,9,775901.0,536203583.9,12260392.11
202311,Y59,SOUTH EAST,10,325905.0,20893009.0,1544361.03
202311,Y59,SOUTH EAST,11,182146.0,3618395.5,2184167.75
202311,Y59,SOUTH EAST,12,127783.0,2238359.9,898921.37
202311,Y59,SOUTH EAST,13,280253.0,43563623.0,3103755.22
202311,Y59,SOUTH EAST,14,286047.0,286158.0,3769384.36
202311,Y59,SOUTH EAST,15,21963.0,313251.0,286373.19
202311,Y59,SOUTH EAST,18,1.0,2000.0,350.0
202311,Y59,SOUTH EAST,19,5907.0,2065591.0,92847.23
202311,Y59,SOUTH EAST,20,36203.0,1625123.5,882117.5
202311,Y59,SOUTH EAST,21,392329.0,66629731.0,8907604.68
202311,Y59,SOUTH EAST,22,35403.0,695341.0,860586.7899999999
202311,Y59,SOUTH EAST,23,93292.0,9155874.3,5510451.04
202311,Y60,MIDLANDS,1,1849232.0,150559706.0,12205617.1
202311,Y60,MIDLANDS,2,5885911.0,214112581.0,26637634.950000003
202311,Y60,MIDLANDS,3,1297490.0,26034110.0,19519785.6
202311,Y60,MIDLANDS,4,3827261.0,280174062.20000005,27118950.04
202311,Y60,MIDLANDS,5,746570.0,30403622.5,4129258.56
202311,Y60,MIDLANDS,6,2179648.0,108575958.5,31448995.62
202311,Y60,MIDLANDS,7,539982.0,22607755.0,4124984.33
202311,Y60,MIDLANDS,8,67952.0,2562418.0,2619582.05
202311,Y60,MIDLANDS,9,1091009.0,950751684.0,21011521.15
202311,Y60,MIDLANDS,10,519345.0,35651958.0,2050108.27
202311,Y60,MIDLANDS,11,266532.0,5257335.0,3017005.7
202311,Y60,MIDLANDS,12,182882.0,4620680.1,1212348.9
202311,Y60,MIDLANDS,13,442158.0,79857710.0,4526436.100000001
202311,Y60,MIDLANDS,14,301913.0,302201.0,3980879.28
202311,Y60,MIDLANDS,15,30623.0,394099.5,306570.45
202311,Y60,MIDLANDS,19,10816.0,3764143.0,140801.51
202311,Y60,MIDLANDS,20,120391.0,3059788.9,3841312.41
202311,Y60,MIDLANDS,21,698378.0,113359202.0,11437749.24
202311,Y60,MIDLANDS,22,25564.0,477864.0,653935.41
202311,Y60,MIDLANDS,23,132041.0,12763999.4,7511684.260000001
202311,Y61,EAST OF ENGLAND,1,1051974.0,73290168.0,7436390.439999999
202311,Y61,EAST OF ENGLAND,2,3541584.0,120955967.0,16078740.73
202311,Y61,EAST OF ENGLAND,3,718939.0,14175481.0,10906567.33
202311,Y61,EAST OF ENGLAND,4,2154773.0,137772723.2,14620534.0
202311,Y61,EAST OF ENGLAND,5,455889.0,18447199.5,2513671.3600000003
202311,Y61,EAST OF ENGLAND,6,1339031.0,63048971.5,17913222.61
202311,Y61,EAST OF ENGLAND,7,341091.0,13628119.0,2492571.19
202311,Y61,EAST OF ENGLAND,8,54034.0,2152777.0,2080328.1
202311,Y61,EAST OF ENGLAND,9,547488.0,201934122.0,5475407.85
202311,Y61,EAST OF ENGLAND,10,290024.0,17238819.0,1427002.88
202311,Y61,EAST OF ENGLAND,11,147566.0,2527956.5,1622079.86
202311,Y61,EAST OF ENGLAND,12,99838.0,1694965.2000000002,670618.21
202311,Y61,EAST OF ENGLAND,13,219936.0,31839635.0,2275582.26
202311,Y61,EAST OF ENGLAND,14,155569.0,155759.0,2042275.74
202311,Y61,EAST OF ENGLAND,15,15340.0,231993.5,210978.21
202311,Y61,EAST OF ENGLAND,18,1.0,1000.0,175.0
202311,Y61,EAST OF ENGLAND,19,5457.0,2062529.0,86579.67
202311,Y61,EAST OF ENGLAND,20,37332.0,1119191.0,1798480.03
202311,Y61,EAST OF ENGLAND,21,378848.0,57379470.5,12006880.02
202311,Y61,EAST OF ENGLAND,22,51859.0,979363.0,1484325.98
202311,Y61,EAST OF ENGLAND,23,163251.0,13442399.0,11650813.2
202311,Y62,NORTH WEST,1,1408578.0,118485098.0,9443927.82
202311,Y62,NORTH WEST,2,4112381.0,145511706.0,17738225.52
202311,Y62,NORTH WEST,3,1002850.0,19811790.0,14798176.46
202311,Y62,NORTH WEST,4,2991487.0,208635330.0,19993295.28
202311,Y62,NORTH WEST,5,522394.0,21381856.5,2954681.63
202311,Y62,NORTH WEST,6,1457371.0,69295259.5,20369755.75
202311,Y62,NORTH WEST,7,379363.0,15025604.0,2987357.93
202311,Y62,NORTH WEST,8,45515.0,1734454.0,1521039.15
202311,Y62,NORTH WEST,9,818465.0,487543292.5,11617595.79
202311,Y62,NORTH WEST,10,373976.0,26185073.0,1635200.25
202311,Y62,NORTH WEST,11,171014.0,2794684.5,1690216.99
202311,Y62,NORTH WEST,12,135801.0,3362811.3,950099.29
202311,Y62,NORTH WEST,13,349135.0,68164762.0,3864303.24
202311,Y62,NORTH WEST,14,179317.0,179467.0,2335833.24
202311,Y62,NORTH WEST,15,24062.0,350622.5,373595.44
202311,Y62,NORTH WEST,18,4.0,3400.0,595.0
202311,Y62,NORTH WEST,19,9014.0,3062291.0,105470.28
202311,Y62,NORTH WEST,20,139752.0,3204353.3,4376435.71
202311,Y62,NORTH WEST,21,485029.0,80704028.0,8889090.59
202311,Y62,NORTH WEST,22,35804.0,688294.0,857634.88
202311,Y62,NORTH WEST,23,99305.0,9491731.6,4714568.13
202311,Y63,NORTH EAST AND YORKSHIRE,1,1985158.0,148554158.0,12032196.56
202311,Y63,NORTH EAST AND YORKSHIRE,2,6123918.0,197394795.0,23774631.840000004
202311,Y63,NORTH EAST AND YORKSHIRE,3,1290834.0,24106402.0,19589504.87
202311,Y63,NORTH EAST AND YORKSHIRE,4,4003706.0,266548306.2,24114267.62
202311,Y63,NORTH EAST AND YORKSHIRE,5,623963.0,24147834.0,3628525.34
202311,Y63,NORTH EAST AND YORKSHIRE,6,2119647.0,94855151.5,26486179.52
202311,Y63,NORTH EAST AND YORKSHIRE,7,546147.0,21295313.0,3895911.76
202311,Y63,NORTH EAST AND YORKSHIRE,8,72966.0,2824194.0,2551674.21
202311,Y63,NORTH EAST AND YORKSHIRE,9,1110026.0,375261397.9,9568549.6
202311,Y63,NORTH EAST AND YORKSHIRE,10,546586.0,35128797.0,2082965.58
202311,Y63,NORTH EAST AND YORKSHIRE,11,217170.0,3390331.5,2104182.92
202311,Y63,NORTH EAST AND YORKSHIRE,12,160079.0,3621811.2,1049066.22
202311,Y63,NORTH EAST AND YORKSHIRE,13,389645.0,67694190.0,4184482.8
202311,Y63,NORTH EAST AND YORKSHIRE,14,200596.0,200742.0,2661296.62
202311,Y63,NORTH EAST AND YORKSHIRE,15,21539.0,311489.0,286175.08
202311,Y63,NORTH EAST AND YORKSHIRE,18,3.0,3000.0,525.0
202311,Y63,NORTH EAST AND YORKSHIRE,19,9892.0,3081065.0,112343.77
202311,Y63,NORTH EAST AND YORKSHIRE,20,52254.0,1546607.2000000002,1813572.28
202311,Y63,NORTH EAST AND YORKSHIRE,21,515430.0,86502376.5,8629852.02
202311,Y63,NORTH EAST AND YORKSHIRE,22,12276.0,221614.0,333259.61
202311,Y63,NORTH EAST AND YORKSHIRE,23,62398.0,6424325.4,2963427.31
202312,Y56,LONDON,1,1173319.0,84165892.0,8283845.75
202312,Y56,LONDON,2,3970315.0,137637315.0,15906860.06
202312,Y56,LONDON,3,775896.0,17528255.0,12036299.13
202312,Y56,LONDON,4,2224756.0,136184709.4,16700161.18
202312,Y56,LONDON,5,530501.0,23297175.0,2874024.05
202312,Y56,LONDON,6,1715709.0,88409740.5,23700976.62
202312,Y56,LONDON,7,359252.0,13969732.0,2703738.45
202312,Y56,LONDON,8,45861.0,1988011.0,1614439.42
202312,Y56,LONDON,9,846236.0,316487190.0,7740448.64
202312,Y56,LONDON,10,305001.0,20834549.0,1279613.09
202312,Y56,LONDON,11,177852.0,3869425.0,2246436.25
202312,Y56,LONDON,12,126609.0,4101410.5,964037.97
202312,Y56,LONDON,13,326374.0,60826219.0,3613754.28
202312,Y56,LONDON,14,141460.0,141659.0,1856369.26
202312,Y56,LONDON,15,13332.0,301798.0,324840.7
202312,Y56,LONDON,18,2.0,1100.0,192.5
202312,Y56,LONDON,19,10065.0,7614567.0,122829.96
202312,Y56,LONDON,20,45002.0,1292225.2000000002,1316784.65
202312,Y56,LONDON,21,439908.0,92161182.0,6388082.119999999
202312,Y56,LONDON,22,29018.0,501817.0,648726.5700000001
202312,Y56,LONDON,23,39283.0,4646029.2,1248354.89
202312,Y58,SOUTH WEST,1,912153.0,66197743.0,6392025.8100000005
202312,Y58,SOUTH WEST,2,2906629.0,107188311.0,14864788.02
202312,Y58,SOUTH WEST,3,583153.0,11104671.0,9698305.44
202312,Y58,SOUTH WEST,4,1872456.0,133067179.4,12826541.08
202312,Y58,SOUTH WEST,5,349489.0,12625007.0,2022433.81
202312,Y58,SOUTH WEST,6,1067762.0,52962269.0,14346010.59
202312,Y58,SOUTH WEST,7,294369.0,12143044.0,2291498.7
202312,Y58,SOUTH WEST,8,39733.0,1577567.0,1620017.54
202312,Y58,SOUTH WEST,9,524661.0,174137953.0,4386077.21
202312,Y58,SOUTH WEST,10,252292.0,15215095.0,1187309.2000000002
202312,Y58,SOUTH WEST,11,126045.0,2077520.5,1253466.24
202312,Y58,SOUTH WEST,12,80380.0,1502967.5,549813.06
202312,Y58,SOUTH WEST,13,179804.0,27025679.0,1852352.67
202312,Y58,SOUTH WEST,14,107236.0,107448.0,1432490.58
202312,Y58,SOUTH WEST,15,18964.0,219234.5,190257.49
202312,Y58,SOUTH WEST,18,1.0,100.0,17.5
202312,Y58,SOUTH WEST,19,3725.0,692013.0,60397.630000000005
202312,Y58,SOUTH WEST,20,27740.0,516088.6,573102.56
202312,Y58,SOUTH WEST,21,285721.0,49457653.5,6128282.0
202312,Y58,SOUTH WEST,22,24836.0,417159.0,601940.4199999999
202312,Y58,SOUTH WEST,23,42262.0,3713184.4,1630706.25
202312,Y59,SOUTH EAST,1,1180732.0,90207685.0,9357282.43
202312,Y59,SOUTH EAST,2,3825575.0,154637587.0,20186127.2
202312,Y59,SOUTH EAST,3,815028.0,16912179.0,13852325.71
202312,Y59,SOUTH EAST,4,2476005.0,170956511.2,19894394.99
202312,Y59,SOUTH EAST,5,585366.0,24031204.0,3263538.5
202312,Y59,SOUTH EAST,6,1494069.0,80312259.0,23605106.11
202312,Y59,SOUTH EAST,7,394904.0,17408151.0,3380278.5
202312,Y59,SOUTH EAST,8,61144.0,2748926.0,2545153.72
202312,Y59,SOUTH EAST,9,767745.0,514744151.0,11824962.35
202312,Y59,SOUTH EAST,10,321843.0,20560543.0,1554214.91
202312,Y59,SOUTH EAST,11,180579.0,3628245.5,2105392.07
202312,Y59,SOUTH EAST,12,126387.0,2224076.9,921354.36
202312,Y59,SOUTH EAST,13,264194.0,42102156.0,2954867.8000000003
202312,Y59,SOUTH EAST,14,154655.0,154766.0,2059038.82
202312,Y59,SOUTH EAST,15,21574.0,307605.0,294494.24
202312,Y59,SOUTH EAST,19,6966.0,2759290.0,147339.46
202312,Y59,SOUTH EAST,20,32789.0,1576201.1,827842.45
202312,Y59,SOUTH EAST,21,377924.0,64912751.5,8593817.66
202312,Y59,SOUTH EAST,22,30537.0,617474.0,767358.08
202312,Y59,SOUTH EAST,23,87428.0,8694759.7,5144596.22
202312,Y60,MIDLANDS,1,1832980.0,148765102.0,12165057.88
202312,Y60,MIDLANDS,2,5897161.0,215202688.0,27507740.84
202312,Y60,MIDLANDS,3,1296712.0,25811686.0,19776155.92
202312,Y60,MIDLANDS,4,3800696.0,280236066.0,27558069.38
202312,Y60,MIDLANDS,5,772714.0,32268882.5,4201068.58
202312,Y60,MIDLANDS,6,2180790.0,108540969.5,31224589.26
202312,Y60,MIDLANDS,7,529107.0,21812458.0,3937503.6
202312,Y60,MIDLANDS,8,68267.0,2595658.0,2629504.22
202312,Y60,MIDLANDS,9,1072443.0,909705654.5,20327163.85
202312,Y60,MIDLANDS,10,503356.0,34334039.0,1980474.43
202312,Y60,MIDLANDS,11,262485.0,5158815.0,2917106.38
202312,Y60,MIDLANDS,12,179450.0,4474825.5,1256036.16
202312,Y60,MIDLANDS,13,408499.0,75981868.5,4249660.79
202312,Y60,MIDLANDS,14,170989.0,171152.0,2234394.04
202312,Y60,MIDLANDS,15,28395.0,381499.0,313181.05000000005
202312,Y60,MIDLANDS,19,12666.0,3821735.0,191403.14
202312,Y60,MIDLANDS,20,107027.0,2840548.5,3556001.48
202312,Y60,MIDLANDS,21,669254.0,109981771.5,10972874.23
202312,Y60,MIDLANDS,22,23041.0,429468.0,584817.62
202312,Y60,MIDLANDS,23,123663.0,12025238.1,6936953.56
202312,Y61,EAST OF ENGLAND,1,1049657.0,72531081.0,7464549.89
202312,Y61,EAST OF ENGLAND,2,3563508.0,121955283.0,16473865.75
202312,Y61,EAST OF ENGLAND,3,724429.0,14186718.0,11151680.2
202312,Y61,EAST OF ENGLAND,4,2152136.0,138532821.8,14926303.55
202312,Y61,EAST OF ENGLAND,5,488319.0,19959895.0,2630263.54
202312,Y61,EAST OF ENGLAND,6,1349897.0,63388338.0,17828265.35
202312,Y61,EAST OF ENGLAND,7,338492.0,13350875.0,2421617.7800000003
202312,Y61,EAST OF ENGLAND,8,54565.0,2185539.0,2124365.3200000003
202312,Y61,EAST OF ENGLAND,9,541775.0,196595375.0,5420432.109999999
202312,Y61,EAST OF ENGLAND,10,284616.0,16878611.0,1403413.5699999998
202312,Y61,EAST OF ENGLAND,11,147935.0,2522485.5,1589381.63
202312,Y61,EAST OF ENGLAND,12,99338.0,1650518.7,692816.9
202312,Y61,EAST OF ENGLAND,13,206838.0,30709202.0,2135301.57
202312,Y61,EAST OF ENGLAND,14,79130.0,79228.0,1036084.33
202312,Y61,EAST OF ENGLAND,15,14718.0,228889.0,214887.39
202312,Y61,EAST OF ENGLAND,18,3.0,3500.0,612.5
202312,Y61,EAST OF ENGLAND,19,5545.0,1602699.0,100375.78
202312,Y61,EAST OF ENGLAND,20,35762.0,1155018.6,1735100.03
202312,Y61,EAST OF ENGLAND,21,384724.0,57928222.5,14050077.23
202312,Y61,EAST OF ENGLAND,22,64175.0,1213850.0,1873012.8
202312,Y61,EAST OF ENGLAND,23,205757.0,16885270.2,15543266.26
202312,Y62,NORTH WEST,1,1401434.0,117078676.0,9470623.01
202312,Y62,NORTH WEST,2,4131285.0,146589043.0,18234236.66
202312,Y62,NORTH WEST,3,1002969.0,19685530.5,15003863.61
202312,Y62,NORTH WEST,4,2979043.0,208687145.4,20137685.6
202312,Y62,NORTH WEST,5,544768.0,22883122.0,3067114.05
202312,Y62,NORTH WEST,6,1459423.0,69278440.0,20173276.75
202312,Y62,NORTH WEST,7,373170.0,14580327.0,2894993.53
202312,Y62,NORTH WEST,8,45468.0,1723885.0,1512257.46
202312,Y62,NORTH WEST,9,808363.0,477138851.0,11376537.82
202312,Y62,NORTH WEST,10,362125.0,25175176.0,1601345.74
202312,Y62,NORTH WEST,11,169289.0,2716144.5,1605494.79
202312,Y62,NORTH WEST,12,134267.0,3168935.3,971193.67
202312,Y62,NORTH WEST,13,324261.0,65862433.0,3611202.94
202312,Y62,NORTH WEST,14,120567.0,120664.0,1566234.15
202312,Y62,NORTH WEST,15,23314.0,355202.0,384695.13
202312,Y62,NORTH WEST,18,3.0,2500.0,437.5
202312,Y62,NORTH WEST,19,10175.0,2638594.0,129951.03
202312,Y62,NORTH WEST,20,117804.0,2832100.6,3842539.69
202312,Y62,NORTH WEST,21,458084.0,76820809.0,8318402.93
202312,Y62,NORTH WEST,22,30311.0,593653.0,737820.3500000001
202312,Y62,NORTH WEST,23,90517.0,8774484.5,4273064.67
202312,Y63,NORTH EAST AND YORKSHIRE,1,1966183.0,147625302.0,12061031.830000002
202312,Y63,NORTH EAST AND YORKSHIRE,2,6082226.0,196961682.0,24210536.99
202312,Y63,NORTH EAST AND YORKSHIRE,3,1283861.0,23837947.0,19794254.71
202312,Y63,NORTH EAST AND YORKSHIRE,4,3950437.0,264632870.8,24313338.49
202312,Y63,NORTH EAST AND YORKSHIRE,5,646445.0,25465553.0,3719345.59
202312,Y63,NORTH EAST AND YORKSHIRE,6,2102195.0,94053879.0,26119522.73
202312,Y63,NORTH EAST AND YORKSHIRE,7,533840.0,20459108.0,3693398.43
202312,Y63,NORTH EAST AND YORKSHIRE,8,72860.0,2824111.0,2591019.04
202312,Y63,NORTH EAST AND YORKSHIRE,9,1092904.0,366463886.8,9423519.83
202312,Y63,NORTH EAST AND YORKSHIRE,10,529247.0,33865414.0,2043569.84
202312,Y63,NORTH EAST AND YORKSHIRE,11,214559.0,3319767.0,2031877.71
202312,Y63,NORTH EAST AND YORKSHIRE,12,158816.0,3586171.0,1089065.58
202312,Y63,NORTH EAST AND YORKSHIRE,13,363072.0,64403262.0,3901277.35
202312,Y63,NORTH EAST AND YORKSHIRE,14,108230.0,108351.0,1444902.16
202312,Y63,NORTH EAST AND YORKSHIRE,15,19386.0,2097996.0,279519.6
202312,Y63,NORTH EAST AND YORKSHIRE,18,2.0,2000.0,350.0
202312,Y63,NORTH EAST AND YORKSHIRE,19,10667.0,3289873.0,135594.37
202312,Y63,NORTH EAST AND YORKSHIRE,20,46726.0,1375657.6,1633390.43
202312,Y63,NORTH EAST AND YORKSHIRE,21,495164.0,83614583.5,8324229.82
202312,Y63,NORTH EAST AND YORKSHIRE,22,11678.0,212959.0,311362.58
202312,Y63,NORTH EAST AND YORKSHIRE,23,56562.0,5935210.5,2562049.26
202401,Y56,LONDON,1,1240576.0,88623524.0,8379744.26
202401,Y56,LONDON,2,4153849.0,143741318.0,15790538.17
202401,Y56,LONDON,3,808001.0,18573187.0,12537196.75
202401,Y56,LONDON,4,2335804.0,141792264.8,17418196.74
202401,Y56,LONDON,5,535121.0,21938150.0,2789033.31
202401,Y56,LONDON,6,1794922.0,92814199.5,23965755.74
202401,Y56,LONDON,7,382910.0,14875513.0,2934723.0
202401,Y56,LONDON,8,48068.0,2056141.0,1708475.31
202401,Y56,LONDON,9,886463.0,330249171.0,8151874.06
202401,Y56,LONDON,10,325887.0,22227974.0,1344381.26
202401,Y56,LONDON,11,185860.0,4020201.0,2360154.02
202401,Y56,LONDON,12,135556.0,4314951.7,1174434.66
202401,Y56,LONDON,13,374588.0,67529723.82,4090932.97
202401,Y56,LONDON,14,96742.0,96951.0,1288572.59
202401,Y56,LONDON,15,14219.0,300507.0,331190.49
202401,Y56,LONDON,18,2.0,200.0,35.0
202401,Y56,LONDON,19,10463.0,7649365.0,132763.13999999998
202401,Y56,LONDON,20,46202.0,1287810.0,1323162.31
202401,Y56,LONDON,21,474985.0,103403433.5,6903272.05
202401,Y56,LONDON,22,33221.0,551397.0,736631.31
202401,Y56,LONDON,23,42655.0,4999325.1,1390646.76
202401,Y58,SOUTH WEST,1,938657.0,67879607.0,6151353.67
202401,Y58,SOUTH WEST,2,2955243.0,108247022.0,14271913.94
202401,Y58,SOUTH WEST,3,590004.0,11370266.0,9730449.43
202401,Y58,SOUTH WEST,4,1919603.0,135163894.4,13152126.71
202401,Y58,SOUTH WEST,5,368971.0,12985424.5,2088391.4
202401,Y58,SOUTH WEST,6,1085143.0,53610813.0,14342901.4
202401,Y58,SOUTH WEST,7,307458.0,12667715.0,2486128.32
202401,Y58,SOUTH WEST,8,40605.0,1578847.0,1757330.44
202401,Y58,SOUTH WEST,9,543607.0,181174062.8,4562743.83
202401,Y58,SOUTH WEST,10,260092.0,15690124.0,1204622.22
202401,Y58,SOUTH WEST,11,130348.0,2145857.5,1316084.16
202401,Y58,SOUTH WEST,12,85683.0,1562056.4,688058.8200000001
202401,Y58,SOUTH WEST,13,204376.0,29950596.0,2106645.71
202401,Y58,SOUTH WEST,14,58355.0,58557.0,783684.88
202401,Y58,SOUTH WEST,15,22280.0,239303.0,194915.05
202401,Y58,SOUTH WEST,19,3856.0,779260.0,64171.23
202401,Y58,SOUTH WEST,20,32275.0,551317.5,610534.64
202401,Y58,SOUTH WEST,21,303901.0,54243306.5,6451675.51
202401,Y58,SOUTH WEST,22,26266.0,438034.0,642372.36
202401,Y58,SOUTH WEST,23,45338.0,3972561.0,1739477.8
202401,Y59,SOUTH EAST,1,1208943.0,91782966.0,9057785.1
202401,Y59,SOUTH EAST,2,3852201.0,154587393.0,18946692.6
202401,Y59,SOUTH EAST,3,820554.0,17373939.0,13923322.03
202401,Y59,SOUTH EAST,4,2527664.0,172371782.2,20259614.65
202401,Y59,SOUTH EAST,5,600729.0,23739784.0,3160488.62
202401,Y59,SOUTH EAST,6,1505208.0,80773396.5,23299924.68
202401,Y59,SOUTH EAST,7,408560.0,18091586.0,3598158.66
202401,Y59,SOUTH EAST,8,62243.0,2707270.0,2727117.97
202401,Y59,SOUTH EAST,9,797769.0,551481804.5,12714700.08
202401,Y59,SOUTH EAST,10,330719.0,21183048.0,1580234.69
202401,Y59,SOUTH EAST,11,182714.0,3642073.0,2170950.21
202401,Y59,SOUTH EAST,12,133084.0,2231367.9,1137098.6800000002
202401,Y59,SOUTH EAST,13,299323.0,46089828.0,3304228.51
202401,Y59,SOUTH EAST,14,84904.0,85033.0,1138325.4
202401,Y59,SOUTH EAST,15,23744.0,319101.0,299114.24
202401,Y59,SOUTH EAST,18,1.0,2000.0,350.0
202401,Y59,SOUTH EAST,19,6419.0,2064026.0,88947.7
202401,Y59,SOUTH EAST,20,35208.0,1589813.8,886696.6900000001
202401,Y59,SOUTH EAST,21,405006.0,72205851.5,9209858.21
202401,Y59,SOUTH EAST,22,37408.0,740162.0,907340.35
202401,Y59,SOUTH EAST,23,93920.0,9275959.3,5470879.57
202401,Y60,MIDLANDS,1,1890000.0,153547308.0,12103265.83
202401,Y60,MIDLANDS,2,6017861.0,219147328.0,26503933.15
202401,Y60,MIDLANDS,3,1317345.0,26863693.0,20020555.3
202401,Y60,MIDLANDS,4,3901101.0,285948831.8,27801390.21
202401,Y60,MIDLANDS,5,811039.0,32000645.5,4150272.83
202401,Y60,MIDLANDS,6,2225404.0,110962302.0,31552127.37
202401,Y60,MIDLANDS,7,552786.0,23107081.0,4244768.19
202401,Y60,MIDLANDS,8,69454.0,2588984.0,2761931.52
202401,Y60,MIDLANDS,9,1110583.0,968161569.9,21626153.17
202401,Y60,MIDLANDS,10,526685.0,36213373.0,2066737.32
202401,Y60,MIDLANDS,11,271551.0,5300488.5,3068355.57
202401,Y60,MIDLANDS,12,190508.0,4692297.6,1524037.06
202401,Y60,MIDLANDS,13,466084.0,84364210.5,4778138.37
202401,Y60,MIDLANDS,14,107102.0,107417.0,1432667.07
202401,Y60,MIDLANDS,15,30554.0,412090.0,318420.67000000004
202401,Y60,MIDLANDS,19,12964.0,4284811.0,204561.46
202401,Y60,MIDLANDS,20,115239.0,2965666.0,3742945.22
202401,Y60,MIDLANDS,21,712918.0,120879466.5,11556680.59
202401,Y60,MIDLANDS,22,25087.0,465211.0,638348.47
202401,Y60,MIDLANDS,23,136083.0,13203720.5,7751347.16
202401,Y61,EAST OF ENGLAND,1,1082794.0,74899797.0,7334929.99
202401,Y61,EAST OF ENGLAND,2,3630740.0,123921386.0,16036811.55
202401,Y61,EAST OF ENGLAND,3,736892.0,14751706.0,11335434.09
202401,Y61,EAST OF ENGLAND,4,2207352.0,140868589.6,15183465.64
202401,Y61,EAST OF ENGLAND,5,498793.0,19438940.5,2526720.63
202401,Y61,EAST OF ENGLAND,6,1374173.0,64724627.5,17924122.310000002
202401,Y61,EAST OF ENGLAND,7,352759.0,14044723.0,2619005.7
202401,Y61,EAST OF ENGLAND,8,55167.0,2155130.0,2195963.01
202401,Y61,EAST OF ENGLAND,9,562867.0,202239129.4,5602351.73
202401,Y61,EAST OF ENGLAND,10,295518.0,17527441.0,1478886.53
202401,Y61,EAST OF ENGLAND,11,150576.0,2564675.0,1634385.1800000002
202401,Y61,EAST OF ENGLAND,12,104418.0,1654628.0,840125.03
202401,Y61,EAST OF ENGLAND,13,235201.0,33465380.0,2428227.69
202401,Y61,EAST OF ENGLAND,14,49366.0,49501.0,669172.4299999999
202401,Y61,EAST OF ENGLAND,15,16889.0,235310.5,218387.46
202401,Y61,EAST OF ENGLAND,18,1.0,500.0,87.5
202401,Y61,EAST OF ENGLAND,19,5592.0,2168551.0,93246.3
202401,Y61,EAST OF ENGLAND,20,38849.0,1164223.1,1942841.82
202401,Y61,EAST OF ENGLAND,21,390724.0,61632980.5,11963908.9
202401,Y61,EAST OF ENGLAND,22,52493.0,981684.0,1507887.23
202401,Y61,EAST OF ENGLAND,23,161205.0,13356816.5,11328897.52
202401,Y62,NORTH WEST,1,1441419.0,121275724.0,9331302.61
202401,Y62,NORTH WEST,2,4185971.0,148000218.0,17400188.19
202401,Y62,NORTH WEST,3,1018694.0,20323297.0,15086688.420000002
202401,Y62,NORTH WEST,4,3049347.0,212556798.8,20400617.93
202401,Y62,NORTH WEST,5,579056.0,23169527.0,3100522.84
202401,Y62,NORTH WEST,6,1490039.0,70868701.5,20259730.05
202401,Y62,NORTH WEST,7,387718.0,15359807.0,3065087.3000000003
202401,Y62,NORTH WEST,8,45959.0,1724905.0,1582037.7999999998
202401,Y62,NORTH WEST,9,834417.0,499278833.9,12067525.51
202401,Y62,NORTH WEST,10,376952.0,26346658.0,1652632.34
202401,Y62,NORTH WEST,11,172808.0,2793079.0,1705819.7
202401,Y62,NORTH WEST,12,142450.0,3456872.1,1210730.41
202401,Y62,NORTH WEST,13,363919.0,71642901.0,4057973.12
202401,Y62,NORTH WEST,14,74801.0,74927.0,968367.28
202401,Y62,NORTH WEST,15,24544.0,390768.0,395711.34
202401,Y62,NORTH WEST,19,9361.0,2715953.0,113390.14
202401,Y62,NORTH WEST,20,160448.0,3589352.1,4957015.300000001
202401,Y62,NORTH WEST,21,510825.0,90624838.5,9326735.78
202401,Y62,NORTH WEST,22,36308.0,704423.0,873379.19
202401,Y62,NORTH WEST,23,105707.0,10208736.5,4750688.949999999
202401,Y63,NORTH EAST AND YORKSHIRE,1,2060614.0,155150281.0,12279478.17
202401,Y63,NORTH EAST AND YORKSHIRE,2,6338632.0,204492063.0,23503444.33
202401,Y63,NORTH EAST AND YORKSHIRE,3,1334305.0,25155331.0,20522219.49
202401,Y63,NORTH EAST AND YORKSHIRE,4,4126779.0,274274980.2,25052148.46
202401,Y63,NORTH EAST AND YORKSHIRE,5,687541.0,25714979.0,3748852.05
202401,Y63,NORTH EAST AND YORKSHIRE,6,2201167.0,98457962.0,26843343.05
202401,Y63,NORTH EAST AND YORKSHIRE,7,567277.0,22156676.0,4049454.13
202401,Y63,NORTH EAST AND YORKSHIRE,8,75401.0,2897133.0,2659157.23
202401,Y63,NORTH EAST AND YORKSHIRE,9,1146484.0,385203237.4,9949441.21
202401,Y63,NORTH EAST AND YORKSHIRE,10,558370.0,35889097.0,2131569.21
202401,Y63,NORTH EAST AND YORKSHIRE,11,225727.0,3532580.0,2202534.0300000003
202401,Y63,NORTH EAST AND YORKSHIRE,12,169469.0,3761297.9,1332573.14
202401,Y63,NORTH EAST AND YORKSHIRE,13,412047.0,71439352.0,4452815.7
202401,Y63,NORTH EAST AND YORKSHIRE,14,60986.0,61138.0,846295.0599999999
202401,Y63,NORTH EAST AND YORKSHIRE,15,21875.0,2128614.0,300305.0
202401,Y63,NORTH EAST AND YORKSHIRE,18,2.0,2000.0,350.0
202401,Y63,NORTH EAST AND YORKSHIRE,19,10498.0,3526165.0,127078.97
202401,Y63,NORTH EAST AND YORKSHIRE,20,51789.0,1500297.0,1757130.09
202401,Y63,NORTH EAST AND YORKSHIRE,21,534253.0,93141098.5,8899720.34
202401,Y63,NORTH EAST AND YORKSHIRE,22,12561.0,221486.0,330032.89
202401,Y63,NORTH EAST AND YORKSHIRE,23,63192.0,6530206.0,2924577.74
202402,Y56,LONDON,1,1167230.0,82440264.0,7743981.07
202402,Y56,LONDON,2,3911372.0,133983567.0,14713507.88
202402,Y56,LONDON,3,746832.0,17434963.0,11603291.49
202402,Y56,LONDON,4,2194594.0,132330591.4,16333212.85
202402,Y56,LONDON,5,492053.0,21090814.5,2631200.5300000003
202402,Y56,LONDON,6,1682651.0,86033342.5,22388428.64
202402,Y56,LONDON,7,358243.0,13795556.0,2718741.52
202402,Y56,LONDON,8,44196.0,1880268.0,1519061.96
202402,Y56,LONDON,9,841799.0,310889902.0,7838672.57
202402,Y56,LONDON,10,306050.0,20881772.0,1311493.97
202402,Y56,LONDON,11,175660.0,3800824.5,2235866.6100000003
202402,Y56,LONDON,12,133331.0,4076999.3,1160359.19
202402,Y56,LONDON,13,348901.0,61944159.0,3869786.31
202402,Y56,LONDON,14,73876.0,74070.0,995759.92
202402,Y56,LONDON,15,13725.0,292952.0,314570.37
202402,Y56,LONDON,19,8420.0,7390788.0,102041.2
202402,Y56,LONDON,20,43613.0,1225377.4,1239637.35
202402,Y56,LONDON,21,442222.0,94528028.0,6451883.28
202402,Y56,LONDON,22,30074.0,504806.0,665758.99
202402,Y56,LONDON,23,40236.0,4775897.3,1258992.19
202402,Y58,SOUTH WEST,1,877188.0,62898286.0,5703136.93
202402,Y58,SOUTH WEST,2,2787719.0,101928371.0,13366810.08
202402,Y58,SOUTH WEST,3,546182.0,10667825.0,9065441.05
202402,Y58,SOUTH WEST,4,1797127.0,126233782.8,12381063.7
202402,Y58,SOUTH WEST,5,343136.0,12686527.0,1966642.01
202402,Y58,SOUTH WEST,6,1018983.0,50331779.5,13620920.12
202402,Y58,SOUTH WEST,7,288846.0,11905611.0,2321303.15
202402,Y58,SOUTH WEST,8,38160.0,1501031.0,1650122.46
202402,Y58,SOUTH WEST,9,512127.0,172254781.5,4418481.22
202402,Y58,SOUTH WEST,10,244732.0,14761411.0,1168497.24
202402,Y58,SOUTH WEST,11,122765.0,2000143.5,1228413.92
202402,Y58,SOUTH WEST,12,82597.0,1463377.5,671987.4299999999
202402,Y58,SOUTH WEST,13,188823.0,27170693.0,2007073.88
202402,Y58,SOUTH WEST,14,35004.0,35258.0,478697.43000000005
202402,Y58,SOUTH WEST,15,19883.0,214667.0,183698.1
202402,Y58,SOUTH WEST,19,4175.0,689067.0,70757.13
202402,Y58,SOUTH WEST,20,27456.0,513371.3000000001,546109.03
202402,Y58,SOUTH WEST,21,285542.0,49777302.5,6098384.72
202402,Y58,SOUTH WEST,22,25126.0,414890.0,608267.1
202402,Y58,SOUTH WEST,23,41965.0,3692883.8,1636335.23
202402,Y59,SOUTH EAST,1,1131282.0,85311860.0,8405129.96
202402,Y59,SOUTH EAST,2,3649438.0,146430255.0,17836511.77
202402,Y59,SOUTH EAST,3,763302.0,16405914.0,13101287.1
202402,Y59,SOUTH EAST,4,2368886.0,161353792.4,18921552.92
202402,Y59,SOUTH EAST,5,553913.0,22980428.5,3041484.91
202402,Y59,SOUTH EAST,6,1417433.0,76300894.5,22288165.26
202402,Y59,SOUTH EAST,7,382660.0,16801030.0,3396599.23
202402,Y59,SOUTH EAST,8,57620.0,2545838.0,2439346.05
202402,Y59,SOUTH EAST,9,748785.0,511264749.0,12007868.58
202402,Y59,SOUTH EAST,10,311283.0,19886451.0,1543999.39
202402,Y59,SOUTH EAST,11,174713.0,3454366.0,2045244.64
202402,Y59,SOUTH EAST,12,130721.0,2152503.7,1120271.58
202402,Y59,SOUTH EAST,13,277783.0,42308016.0,3144638.4400000004
202402,Y59,SOUTH EAST,14,55994.0,56150.0,752533.0599999999
202402,Y59,SOUTH EAST,15,23023.0,343446.5,290678.39
202402,Y59,SOUTH EAST,18,1.0,2000.0,350.0
202402,Y59,SOUTH EAST,19,6753.0,2188885.0,135544.95
202402,Y59,SOUTH EAST,20,32606.0,1453449.1,811728.96
202402,Y59,SOUTH EAST,21,374789.0,65344323.5,8624377.91
202402,Y59,SOUTH EAST,22,33282.0,641271.0,802020.5
202402,Y59,SOUTH EAST,23,86475.0,8461171.899999999,5069902.300000001
202402,Y60,MIDLANDS,1,1775703.0,143109724.0,11360251.36
202402,Y60,MIDLANDS,2,5691068.0,207013984.0,24944703.5
202402,Y60,MIDLANDS,3,1231351.0,25394347.0,18842196.36
202402,Y60,MIDLANDS,4,3674440.0,268485423.2,26319671.41
202402,Y60,MIDLANDS,5,748826.0,31381592.5,4056225.17
202402,Y60,MIDLANDS,6,2096037.0,104622529.5,30096995.62
202402,Y60,MIDLANDS,7,522391.0,21540982.0,4063892.74
202402,Y60,MIDLANDS,8,65221.0,2429827.0,2619426.49
202402,Y60,MIDLANDS,9,1063479.0,933459808.5,21863287.1
202402,Y60,MIDLANDS,10,498237.0,33985919.0,2033574.64
202402,Y60,MIDLANDS,11,256436.0,5029882.5,2884220.67
202402,Y60,MIDLANDS,12,185133.0,4514262.8,1501830.75
202402,Y60,MIDLANDS,13,435369.0,78258754.0,4566985.24
202402,Y60,MIDLANDS,14,65025.0,65230.0,873483.25
202402,Y60,MIDLANDS,15,34227.0,457284.5,304169.2
202402,Y60,MIDLANDS,19,11852.0,3575226.0,180191.42
202402,Y60,MIDLANDS,20,113320.0,2877200.0,3519092.67
202402,Y60,MIDLANDS,21,677392.0,112573796.5,11087425.46
202402,Y60,MIDLANDS,22,22963.0,429317.0,589443.96
202402,Y60,MIDLANDS,23,126683.0,12257757.6,7037924.16
202402,Y61,EAST OF ENGLAND,1,1011721.0,69588988.0,6820178.05
202402,Y61,EAST OF ENGLAND,2,3414794.0,116537003.0,15053306.06
202402,Y61,EAST OF ENGLAND,3,684337.0,13845461.0,10624287.07
202402,Y61,EAST OF ENGLAND,4,2066109.0,131644143.6,14225361.94
202402,Y61,EAST OF ENGLAND,5,464702.0,19410620.0,2472412.2
202402,Y61,EAST OF ENGLAND,6,1286158.0,60597559.5,16925782.83
202402,Y61,EAST OF ENGLAND,7,329119.0,12992371.0,2426168.73
202402,Y61,EAST OF ENGLAND,8,51180.0,2022790.0,1979427.81
202402,Y61,EAST OF ENGLAND,9,527861.0,191991437.5,5385077.66
202402,Y61,EAST OF ENGLAND,10,277735.0,16500078.0,1444225.73
202402,Y61,EAST OF ENGLAND,11,142854.0,2426113.5,1549121.34
202402,Y61,EAST OF ENGLAND,12,100970.0,1594786.9,813782.97
202402,Y61,EAST OF ENGLAND,13,219753.0,31136375.82,2328417.06
202402,Y61,EAST OF ENGLAND,14,33275.0,33420.0,459753.53
202402,Y61,EAST OF ENGLAND,15,15756.0,221438.0,204195.7
202402,Y61,EAST OF ENGLAND,18,3.0,3000.0,525.0
202402,Y61,EAST OF ENGLAND,19,4776.0,1842132.0,100700.24
202402,Y61,EAST OF ENGLAND,20,36779.0,1076845.9,1937066.53
202402,Y61,EAST OF ENGLAND,21,367057.0,56807704.5,11570383.06
202402,Y61,EAST OF ENGLAND,22,49726.0,927508.0,1435444.15
202402,Y61,EAST OF ENGLAND,23,158298.0,13044639.0,11127213.3
202402,Y62,NORTH WEST,1,1359613.0,113171627.0,8676312.79
202402,Y62,NORTH WEST,2,3990035.0,140969873.0,16482483.63
202402,Y62,NORTH WEST,3,952708.0,19150049.0,14195314.53
202402,Y62,NORTH WEST,4,2881947.0,200654507.8,19245874.31
202402,Y62,NORTH WEST,5,531630.0,22528019.5,2973572.62
202402,Y62,NORTH WEST,6,1408810.0,66958377.0,19474956.01
202402,Y62,NORTH WEST,7,367901.0,14494988.0,2923540.18
202402,Y62,NORTH WEST,8,43655.0,1652684.0,1510113.52
202402,Y62,NORTH WEST,9,796114.0,472299969.5,11650949.65
202402,Y62,NORTH WEST,10,359565.0,25016120.0,1636374.12
202402,Y62,NORTH WEST,11,164668.0,2648041.5,1588809.39
202402,Y62,NORTH WEST,12,137963.0,3217658.9000000004,1192317.41
202402,Y62,NORTH WEST,13,342657.0,66802298.0,3878075.95
202402,Y62,NORTH WEST,14,47546.0,47689.0,624829.75
202402,Y62,NORTH WEST,15,24872.0,345239.0,358818.76
202402,Y62,NORTH WEST,18,2.0,1500.0,262.5
202402,Y62,NORTH WEST,19,9306.0,2725366.0,116915.6
202402,Y62,NORTH WEST,20,133269.0,2988067.6,4089305.52
202402,Y62,NORTH WEST,21,473101.0,81981092.0,8675363.79
202402,Y62,NORTH WEST,22,32573.0,638106.0,783248.77
202402,Y62,NORTH WEST,23,94975.0,9153683.7,4300858.99
202402,Y63,NORTH EAST AND YORKSHIRE,1,1930369.0,143302512.0,11314808.9
202402,Y63,NORTH EAST AND YORKSHIRE,2,5978537.0,191923557.0,21956669.11
202402,Y63,NORTH EAST AND YORKSHIRE,3,1237077.0,23623841.0,19071594.88
202402,Y63,NORTH EAST AND YORKSHIRE,4,3874635.0,256274835.8,23576227.8
202402,Y63,NORTH EAST AND YORKSHIRE,5,626765.0,24669104.5,3566001.4
202402,Y63,NORTH EAST AND YORKSHIRE,6,2059007.0,91793579.5,25361250.36
202402,Y63,NORTH EAST AND YORKSHIRE,7,533666.0,20518250.0,3804994.55
202402,Y63,NORTH EAST AND YORKSHIRE,8,70196.0,2686397.0,2536640.54
202402,Y63,NORTH EAST AND YORKSHIRE,9,1088392.0,362252040.1,9576223.4
202402,Y63,NORTH EAST AND YORKSHIRE,10,525314.0,33624132.0,2087592.75
202402,Y63,NORTH EAST AND YORKSHIRE,11,211812.0,3263064.5,2027245.96
202402,Y63,NORTH EAST AND YORKSHIRE,12,167182.0,3550331.6,1333083.4
202402,Y63,NORTH EAST AND YORKSHIRE,13,388416.0,66523304.0,4278703.6
202402,Y63,NORTH EAST AND YORKSHIRE,14,39739.0,39844.0,541216.28
202402,Y63,NORTH EAST AND YORKSHIRE,15,21049.0,11512715.5,279185.17
202402,Y63,NORTH EAST AND YORKSHIRE,18,2.0,2000.0,350.0
202402,Y63,NORTH EAST AND YORKSHIRE,19,10812.0,3171069.0,132845.26
202402,Y63,NORTH EAST AND YORKSHIRE,20,48502.0,1387351.7999999998,1672640.7
202402,Y63,NORTH EAST AND YORKSHIRE,21,504034.0,85977638.5,8447683.950000001
202402,Y63,NORTH EAST AND YORKSHIRE,22,11757.0,211206.0,323580.9
202402,Y63,NORTH EAST AND YORKSHIRE,23,57654.0,5954857.6,2564423.1100000003
202403,Y56,LONDON,1,1176430.0,83115841.0,7903857.13
202403,Y56,LONDON,2,3966234.0,136668402.0,14913952.1
202403,Y56,LONDON,3,759492.0,18290241.0,11728420.57
202403,Y56,LONDON,4,2217336.0,133965555.8,16524373.25
202403,Y56,LONDON,5,496631.0,22222767.0,2639527.05
202403,Y56,LONDON,6,1711775.0,87868776.0,23226837.14
202403,Y56,LONDON,7,360237.0,13843947.0,2762018.14
202403,Y56,LONDON,8,45228.0,1932538.0,1551069.13
202403,Y56,LONDON,9,851198.0,312223488.9,7889464.65
202403,Y56,LONDON,10,309318.0,21067769.0,1325056.97
202403,Y56,LONDON,11,181295.0,3890019.5,2299521.07
202403,Y56,LONDON,12,137393.0,4133617.1,1195029.2
202403,Y56,LONDON,13,357023.0,64005098.0,3934653.46
202403,Y56,LONDON,14,66636.0,66872.0,902628.72
202403,Y56,LONDON,15,13889.0,304762.0,321413.69
202403,Y56,LONDON,18,2.0,1100.0,192.5
202403,Y56,LONDON,19,9969.0,7135866.0,131524.66999999998
202403,Y56,LONDON,20,43665.0,1212975.1,1231066.67
202403,Y56,LONDON,21,449975.0,96732828.5,6576165.79
202403,Y56,LONDON,22,31361.0,516632.0,688503.6100000001
202403,Y56,LONDON,23,39805.0,4708129.2,1226845.42
202403,Y58,SOUTH WEST,1,891025.0,64212254.0,5820877.82
202403,Y58,SOUTH WEST,2,2866819.0,105408890.0,13694532.27
202403,Y58,SOUTH WEST,3,563996.0,11277888.0,9371878.87
202403,Y58,SOUTH WEST,4,1834144.0,129017852.8,12499041.72
202403,Y58,SOUTH WEST,5,349026.0,13416918.5,1996003.52
202403,Y58,SOUTH WEST,6,1047418.0,51953842.0,14222663.65
202403,Y58,SOUTH WEST,7,292315.0,12053368.0,2356757.05
202403,Y58,SOUTH WEST,8,38271.0,1510343.0,1599031.98
202403,Y58,SOUTH WEST,9,522317.0,172524812.4,4409987.02
202403,Y58,SOUTH WEST,10,249538.0,15052171.0,1208540.96
202403,Y58,SOUTH WEST,11,126484.0,2109944.5,1290573.96
202403,Y58,SOUTH WEST,12,86657.0,1525569.2,701748.37
202403,Y58,SOUTH WEST,13,195691.0,27975785.94,2026917.48
202403,Y58,SOUTH WEST,14,18526.0,18673.0,258930.14
202403,Y58,SOUTH WEST,15,20377.0,215681.5,188768.8
202403,Y58,SOUTH WEST,19,3973.0,643617.0,63110.11
202403,Y58,SOUTH WEST,20,26643.0,484669.8,535721.87
202403,Y58,SOUTH WEST,21,293644.0,51286307.0,6278808.0
202403,Y58,SOUTH WEST,22,27218.0,447013.0,654371.4199999999
202403,Y58,SOUTH WEST,23,41127.0,3596837.3,1558419.71
202403,Y59,SOUTH EAST,1,1152161.0,87450777.0,8637306.14
202403,Y59,SOUTH EAST,2,3739962.0,150355667.0,18237385.130000003
202403,Y59,SOUTH EAST,3,784793.0,17156320.0,13433784.38
202403,Y59,SOUTH EAST,4,2409980.0,164036734.6,19227791.16
202403,Y59,SOUTH EAST,5,561964.0,24485873.0,3037789.4
202403,Y59,SOUTH EAST,6,1453956.0,78289179.5,23265919.65
202403,Y59,SOUTH EAST,7,388190.0,17062954.0,3458157.16
202403,Y59,SOUTH EAST,8,58945.0,2606220.0,2580807.48
202403,Y59,SOUTH EAST,9,766847.0,514469844.0,12164754.12
202403,Y59,SOUTH EAST,10,318722.0,20210797.0,1576793.45
202403,Y59,SOUTH EAST,11,178430.0,3581013.0,2121552.64
202403,Y59,SOUTH EAST,12,135704.0,2169316.5,1156347.1
202403,Y59,SOUTH EAST,13,286390.0,43504267.0,3193963.25
202403,Y59,SOUTH EAST,14,70027.0,70127.0,926795.75
202403,Y59,SOUTH EAST,15,23928.0,304617.5,285695.21
202403,Y59,SOUTH EAST,18,1.0,2000.0,350.0
202403,Y59,SOUTH EAST,19,7092.0,2097133.0,119322.96
202403,Y59,SOUTH EAST,20,31720.0,1429128.5,782797.37
202403,Y59,SOUTH EAST,21,382879.0,66990279.5,8798396.04
202403,Y59,SOUTH EAST,22,32465.0,621603.0,793932.21
202403,Y59,SOUTH EAST,23,83497.0,8250594.6,4855575.5
202403,Y60,MIDLANDS,1,1801957.0,145390359.0,11546566.08
202403,Y60,MIDLANDS,2,5809132.0,211454428.0,25370614.79
202403,Y60,MIDLANDS,3,1257337.0,26313322.0,19209341.17
202403,Y60,MIDLANDS,4,3720332.0,271672599.0,26501670.87
202403,Y60,MIDLANDS,5,749651.0,32612264.0,4007431.42
202403,Y60,MIDLANDS,6,2130205.0,106066665.0,30788288.33
202403,Y60,MIDLANDS,7,524685.0,21622789.0,4050537.65
202403,Y60,MIDLANDS,8,65925.0,2454414.0,2577376.53
202403,Y60,MIDLANDS,9,1072425.0,891660428.7,21048496.94
202403,Y60,MIDLANDS,10,504540.0,34525034.0,2058324.44
202403,Y60,MIDLANDS,11,262569.0,5159475.5,2957630.68
202403,Y60,MIDLANDS,12,188785.0,4433308.8,1521927.32
202403,Y60,MIDLANDS,13,442518.0,79551392.0,4644085.96
202403,Y60,MIDLANDS,14,43230.0,43382.0,595428.27
202403,Y60,MIDLANDS,15,31113.0,385948.0,302482.17
202403,Y60,MIDLANDS,19,14082.0,3863379.0,230346.9
202403,Y60,MIDLANDS,20,104486.0,2738795.8,3347863.56
202403,Y60,MIDLANDS,21,679182.0,113787251.5,11091539.97
202403,Y60,MIDLANDS,22,21705.0,408424.0,557351.61
202403,Y60,MIDLANDS,23,126367.0,12244702.1,7038810.3100000005
202403,Y61,EAST OF ENGLAND,1,1035317.0,71160245.0,6998175.72
202403,Y61,EAST OF ENGLAND,2,3518834.0,120108606.0,15494317.51
202403,Y61,EAST OF ENGLAND,3,707261.0,14594330.0,10929297.68
202403,Y61,EAST OF ENGLAND,4,2111069.0,134186520.0,14398572.95
202403,Y61,EAST OF ENGLAND,5,466124.0,20005929.5,2457803.13
202403,Y61,EAST OF ENGLAND,6,1323295.0,62287314.0,17624491.36
202403,Y61,EAST OF ENGLAND,7,335507.0,13220508.0,2497343.99
202403,Y61,EAST OF ENGLAND,8,52643.0,2098048.0,2092846.56
202403,Y61,EAST OF ENGLAND,9,544425.0,193365068.5,5465964.62
202403,Y61,EAST OF ENGLAND,10,284421.0,16833906.0,1482179.95
202403,Y61,EAST OF ENGLAND,11,147098.0,2515611.5,1600386.27
202403,Y61,EAST OF ENGLAND,12,105333.0,1608132.0,849579.59
202403,Y61,EAST OF ENGLAND,13,224156.0,31964675.0,2339883.37
202403,Y61,EAST OF ENGLAND,14,28496.0,28570.0,390487.23
202403,Y61,EAST OF ENGLAND,15,15881.0,221214.0,203937.69
202403,Y61,EAST OF ENGLAND,18,1.0,1500.0,262.5
202403,Y61,EAST OF ENGLAND,19,5050.0,1923290.0,99649.97
202403,Y61,EAST OF ENGLAND,20,35564.0,1055689.5,1824801.59
202403,Y61,EAST OF ENGLAND,21,375233.0,58322459.0,12077334.59
202403,Y61,EAST OF ENGLAND,22,53334.0,998085.0,1539635.45
202403,Y61,EAST OF ENGLAND,23,165393.0,13531400.5,11792343.46
202403,Y62,NORTH WEST,1,1380241.0,114701992.0,8912538.77
202403,Y62,NORTH WEST,2,4072918.0,143751897.0,16742621.42
202403,Y62,NORTH WEST,3,965590.0,19745105.0,14351463.8
202403,Y62,NORTH WEST,4,2917890.0,201854187.8,19442557.53
202403,Y62,NORTH WEST,5,517366.0,22082353.0,2892141.79
202403,Y62,NORTH WEST,6,1436129.0,68297769.0,19954439.68
202403,Y62,NORTH WEST,7,371044.0,14535687.0,2941050.94
202403,Y62,NORTH WEST,8,43685.0,1646871.0,1481172.28
202403,Y62,NORTH WEST,9,807585.0,475154597.0,11747736.36
202403,Y62,NORTH WEST,10,364995.0,25255697.0,1639572.35
202403,Y62,NORTH WEST,11,167928.0,2724953.0,1640772.85
202403,Y62,NORTH WEST,12,140376.0,3269575.7,1194353.54
202403,Y62,NORTH WEST,13,350685.0,68881128.0,3928276.19
202403,Y62,NORTH WEST,14,47331.0,47433.0,621817.2
202403,Y62,NORTH WEST,15,24600.0,355970.5,367398.66
202403,Y62,NORTH WEST,18,1.0,1000.0,175.0
202403,Y62,NORTH WEST,19,10712.0,2668881.0,139410.6
202403,Y62,NORTH WEST,20,126507.0,2888040.0,3931894.2
202403,Y62,NORTH WEST,21,474637.0,82452945.0,8700773.76
202403,Y62,NORTH WEST,22,31615.0,617257.0,756453.5499999999
202403,Y62,NORTH WEST,23,93139.0,8817198.7,4165548.770000001
202403,Y63,NORTH EAST AND YORKSHIRE,1,1957294.0,145286210.0,11626711.23
202403,Y63,NORTH EAST AND YORKSHIRE,2,6106309.0,196590973.0,22336858.77
202403,Y63,NORTH EAST AND YORKSHIRE,3,1264277.0,24526468.0,19540996.01
202403,Y63,NORTH EAST AND YORKSHIRE,4,3928274.0,258848997.8,23673572.43
202403,Y63,NORTH EAST AND YORKSHIRE,5,620413.0,24766056.0,3521872.91
202403,Y63,NORTH EAST AND YORKSHIRE,6,2101702.0,93892111.0,26140960.85
202403,Y63,NORTH EAST AND YORKSHIRE,7,537174.0,20646042.0,3857576.01
202403,Y63,NORTH EAST AND YORKSHIRE,8,70810.0,2736192.0,2481866.15
202403,Y63,NORTH EAST AND YORKSHIRE,9,1103123.0,364233478.0,9696063.42
202403,Y63,NORTH EAST AND YORKSHIRE,10,536338.0,34176711.0,2130796.05
202403,Y63,NORTH EAST AND YORKSHIRE,11,216981.0,3407624.0,2112950.27
202403,Y63,NORTH EAST AND YORKSHIRE,12,169554.0,3526154.9,1343753.95
202403,Y63,NORTH EAST AND YORKSHIRE,13,392870.0,67562040.0,4282965.55
202403,Y63,NORTH EAST AND YORKSHIRE,14,33345.0,33482.0,452111.89
202403,Y63,NORTH EAST AND YORKSHIRE,15,21133.0,22016012.0,288340.56
202403,Y63,NORTH EAST AND YORKSHIRE,18,2.0,2000.0,350.0
202403,Y63,NORTH EAST AND YORKSHIRE,19,11447.0,3204687.0,149854.67
202403,Y63,NORTH EAST AND YORKSHIRE,20,47552.0,1349675.2,1651761.17
202403,Y63,NORTH EAST AND YORKSHIRE,21,511231.0,87502685.5,8589022.540000001
202403,Y63,NORTH EAST AND YORKSHIRE,22,11266.0,205116.0,308567.68
202403,Y63,NORTH EAST AND YORKSHIRE,23,56157.0,5780209.4,2533402.76
202404,Y56,LONDON,1,1185730.0,83944865.0,7737144.3
202404,Y56,LONDON,2,4000671.0,136229888.0,14126051.23
202404,Y56,LONDON,3,768740.0,19528653.0,11592161.25
202404,Y56,LONDON,4,2210431.0,133379858.4,16855953.560000002
202404,Y56,LONDON,5,484435.0,19853104.5,2553365.15
202404,Y56,LONDON,6,1726886.0,87996833.5,23165651.78
202404,Y56,LONDON,7,362231.0,13742309.0,2743031.81
202404,Y56,LONDON,8,44484.0,1881048.0,1584606.09
202404,Y56,LONDON,9,865314.0,316388819.0,8041879.27
202404,Y56,LONDON,10,310439.0,21207334.0,1273092.75
202404,Y56,LONDON,11,184922.0,4021512.5,2321994.17
202404,Y56,LONDON,12,142409.0,4077418.5,1269927.36
202404,Y56,LONDON,13,369195.0,65736982.0,4076486.51
202404,Y56,LONDON,14,38958.0,39169.0,554227.95
202404,Y56,LONDON,15,13662.0,300728.0,338209.06
202404,Y56,LONDON,19,9130.0,7818452.0,121110.02
202404,Y56,LONDON,20,44812.0,1286992.6,1286261.55
202404,Y56,LONDON,21,461078.0,101120749.0,6710774.23
202404,Y56,LONDON,22,31584.0,518212.0,687830.25
202404,Y56,LONDON,23,41900.0,4982354.0,1335357.5
202404,Y58,SOUTH WEST,1,920149.0,66261819.0,5764860.68
202404,Y58,SOUTH WEST,2,2945912.0,108079777.0,13495651.56
202404,Y58,SOUTH WEST,3,580542.0,11982031.0,9590295.46
202404,Y58,SOUTH WEST,4,1875653.0,132323785.6,12989908.42
202404,Y58,SOUTH WEST,5,342623.0,12234230.0,1984876.33
202404,Y58,SOUTH WEST,6,1077729.0,53439749.0,14747401.47
202404,Y58,SOUTH WEST,7,302651.0,12402675.0,2390653.83
202404,Y58,SOUTH WEST,8,39781.0,1558054.0,1730139.16
202404,Y58,SOUTH WEST,9,537992.0,179402321.5,4601495.91
202404,Y58,SOUTH WEST,10,257491.0,15498666.0,1195086.6
202404,Y58,SOUTH WEST,11,130388.0,2168441.5,1293958.56
202404,Y58,SOUTH WEST,12,88163.0,1502112.4,729865.69
202404,Y58,SOUTH WEST,13,199742.0,28838698.0,2121450.97
202404,Y58,SOUTH WEST,14,28841.0,28968.0,393695.89
202404,Y58,SOUTH WEST,15,20515.0,222614.0,196409.08
202404,Y58,SOUTH WEST,19,4629.0,835445.0,74992.09
202404,Y58,SOUTH WEST,20,29304.0,534566.7,582664.37
202404,Y58,SOUTH WEST,21,303907.0,53816633.5,6606904.22
202404,Y58,SOUTH WEST,22,27154.0,449624.0,659330.84
202404,Y58,SOUTH WEST,23,44060.0,3850107.4,1741420.21
202404,Y59,SOUTH EAST,1,1198351.0,91182698.0,8696408.41
202404,Y59,SOUTH EAST,2,3882609.0,156271932.0,18156696.41
202404,Y59,SOUTH EAST,3,820805.0,18815377.0,13907378.53
202404,Y59,SOUTH EAST,4,2496281.0,170194315.8,20207097.93
202404,Y59,SOUTH EAST,5,544493.0,21562690.5,2991270.92
202404,Y59,SOUTH EAST,6,1509034.0,81316079.5,24116896.32
202404,Y59,SOUTH EAST,7,404763.0,17812966.0,3520544.58
202404,Y59,SOUTH EAST,8,60874.0,2686043.0,2619551.3600000003
202404,Y59,SOUTH EAST,9,792484.0,530135116.5,12564800.99
202404,Y59,SOUTH EAST,10,332503.0,21246852.0,1585494.99
202404,Y59,SOUTH EAST,11,185075.0,3710477.5,2145216.32
202404,Y59,SOUTH EAST,12,141154.0,2204837.4,1231531.59
202404,Y59,SOUTH EAST,13,298733.0,45785074.0,3367852.01
202404,Y59,SOUTH EAST,14,23817.0,23969.0,334355.22
202404,Y59,SOUTH EAST,15,23124.0,310809.0,305392.53
202404,Y59,SOUTH EAST,18,1.0,1000.0,175.0
202404,Y59,SOUTH EAST,19,7673.0,2586871.0,146859.49
202404,Y59,SOUTH EAST,20,34710.0,1542765.9,850098.67
202404,Y59,SOUTH EAST,21,403358.0,71923046.5,9463277.56
202404,Y59,SOUTH EAST,22,35943.0,699352.0,869030.67
202404,Y59,SOUTH EAST,23,91976.0,9053617.8,5431793.64
202404,Y60,MIDLANDS,1,1884268.0,151853862.0,11683020.71
202404,Y60,MIDLANDS,2,6068404.0,220689533.0,25303198.11
202404,Y60,MIDLANDS,3,1317508.0,28366684.0,19987765.15
202404,Y60,MIDLANDS,4,3872993.0,282722052.8,27823935.44
202404,Y60,MIDLANDS,5,740222.0,29575847.5,3941898.16
202404,Y60,MIDLANDS,6,2230740.0,111345416.0,32574916.08
202404,Y60,MIDLANDS,7,550633.0,22641810.0,4161539.26
202404,Y60,MIDLANDS,8,69114.0,2567168.0,2775096.9
202404,Y60,MIDLANDS,9,1117375.0,911978372.4,21491123.47
202404,Y60,MIDLANDS,10,528461.0,36105193.0,2085054.75
202404,Y60,MIDLANDS,11,272028.0,5377545.5,3030743.1
202404,Y60,MIDLANDS,12,197931.0,4508967.7,1622120.3
202404,Y60,MIDLANDS,13,469408.0,85071142.0,4969429.79
202404,Y60,MIDLANDS,14,35412.0,35610.0,477129.17
202404,Y60,MIDLANDS,15,31998.0,419763.0,331640.95
202404,Y60,MIDLANDS,19,12928.0,3803932.0,199209.2
202404,Y60,MIDLANDS,20,116812.0,3055393.5,3738782.51
202404,Y60,MIDLANDS,21,717554.0,122120337.5,12016420.19
202404,Y60,MIDLANDS,22,24847.0,459280.0,631661.17
202404,Y60,MIDLANDS,23,144730.0,13864535.6,8437585.809999999
202404,Y61,EAST OF ENGLAND,1,1071699.0,73761637.0,7077004.67
202404,Y61,EAST OF ENGLAND,2,3642896.0,124399074.0,15331856.54
202404,Y61,EAST OF ENGLAND,3,735331.0,15660436.0,11264356.57
202404,Y61,EAST OF ENGLAND,4,2176931.0,139190336.8,14988883.25
202404,Y61,EAST OF ENGLAND,5,450654.0,17669273.5,2359727.72
202404,Y61,EAST OF ENGLAND,6,1369715.0,64532378.0,18354138.58
202404,Y61,EAST OF ENGLAND,7,348338.0,13806913.0,2511800.37
202404,Y61,EAST OF ENGLAND,8,54263.0,2154571.0,2153959.34
202404,Y61,EAST OF ENGLAND,9,560581.0,199429961.0,5658230.87
202404,Y61,EAST OF ENGLAND,10,293833.0,17377434.0,1467880.84
202404,Y61,EAST OF ENGLAND,11,152126.0,2623167.0,1634579.0299999998
202404,Y61,EAST OF ENGLAND,12,109617.0,1655312.0,901704.95
202404,Y61,EAST OF ENGLAND,13,235471.0,33724923.0,2488698.66
202404,Y61,EAST OF ENGLAND,14,16349.0,16445.0,242868.79
202404,Y61,EAST OF ENGLAND,15,14959.0,229314.0,217514.72
202404,Y61,EAST OF ENGLAND,18,1.0,500.0,87.5
202404,Y61,EAST OF ENGLAND,19,5344.0,1884858.0,135610.91999999998
202404,Y61,EAST OF ENGLAND,20,37163.0,1105026.0,1873257.63
202404,Y61,EAST OF ENGLAND,21,392658.0,62088919.0,12705267.37
202404,Y61,EAST OF ENGLAND,22,53948.0,1021843.0,1561606.17
202404,Y61,EAST OF ENGLAND,23,171470.0,13962184.4,12282266.96
202404,Y62,NORTH WEST,1,1435825.0,120041549.0,9018016.53
202404,Y62,NORTH WEST,2,4221660.0,149275543.0,16256211.73
202404,Y62,NORTH WEST,3,1002907.0,20901526.0,14856120.44
202404,Y62,NORTH WEST,4,3025359.0,210254935.8,20504383.64
202404,Y62,NORTH WEST,5,501056.0,19503424.5,2768095.89
202404,Y62,NORTH WEST,6,1488139.0,70985836.5,20836856.09
202404,Y62,NORTH WEST,7,386079.0,15150455.0,3015358.44
202404,Y62,NORTH WEST,8,45742.0,1723592.0,1552208.77
202404,Y62,NORTH WEST,9,833362.0,492729565.5,12148357.72
202404,Y62,NORTH WEST,10,379878.0,26364461.0,1673680.7000000002
202404,Y62,NORTH WEST,11,171382.0,2800527.5,1669562.82
202404,Y62,NORTH WEST,12,142663.0,3270936.6,1232213.92
202404,Y62,NORTH WEST,13,368559.0,72530706.0,4194082.69
202404,Y62,NORTH WEST,14,24008.0,24158.5,329284.89
202404,Y62,NORTH WEST,15,24358.0,407683.5,400464.08
202404,Y62,NORTH WEST,18,3.0,4500.0,787.5
202404,Y62,NORTH WEST,19,10406.0,2831511.0,142275.97999999998
202404,Y62,NORTH WEST,20,139732.0,3212344.3,4426548.03
202404,Y62,NORTH WEST,21,495882.0,87626827.0,9251532.11
202404,Y62,NORTH WEST,22,34004.0,668654.0,820965.5
202404,Y62,NORTH WEST,23,100497.0,9623099.4,4637009.640000001
202404,Y63,NORTH EAST AND YORKSHIRE,1,2059184.0,153095597.0,11804349.38
202404,Y63,NORTH EAST AND YORKSHIRE,2,6417152.0,206732476.0,22345261.03
202404,Y63,NORTH EAST AND YORKSHIRE,3,1327466.0,26446903.0,20360345.09
202404,Y63,NORTH EAST AND YORKSHIRE,4,4115816.0,272209175.6,25103114.01
202404,Y63,NORTH EAST AND YORKSHIRE,5,615065.0,22742960.0,3468695.88
202404,Y63,NORTH EAST AND YORKSHIRE,6,2210960.0,98919122.5,27805159.79
202404,Y63,NORTH EAST AND YORKSHIRE,7,568348.0,21784839.0,3964883.18
202404,Y63,NORTH EAST AND YORKSHIRE,8,74731.0,2872984.0,2585493.71
202404,Y63,NORTH EAST AND YORKSHIRE,9,1156380.0,384857714.4,10176466.31
202404,Y63,NORTH EAST AND YORKSHIRE,10,568156.0,36266693.0,2167788.63
202404,Y63,NORTH EAST AND YORKSHIRE,11,225874.0,3598119.0,2157789.52
202404,Y63,NORTH EAST AND YORKSHIRE,12,175259.0,3499576.5,1423311.3199999998
202404,Y63,NORTH EAST AND YORKSHIRE,13,415744.0,71507264.0,4569136.5600000005
202404,Y63,NORTH EAST AND YORKSHIRE,14,45269.0,45389.0,593458.47
202404,Y63,NORTH EAST AND YORKSHIRE,15,21664.0,5925537.5,306538.83
202404,Y63,NORTH EAST AND YORKSHIRE,19,10653.0,3534909.0,155083.8
202404,Y63,NORTH EAST AND YORKSHIRE,20,50120.0,1445411.5,1753987.04
202404,Y63,NORTH EAST AND YORKSHIRE,21,540275.0,93786846.5,9212668.77
202404,Y63,NORTH EAST AND YORKSHIRE,22,12263.0,221332.0,331796.88
202404,Y63,NORTH EAST AND YORKSHIRE,23,61868.0,6424357.100000001,2758888.31
202405,Y56,LONDON,1,1264441.0,89267060.0,8316151.93
202405,Y56,LONDON,2,4245202.0,146025166.0,15155829.21
202405,Y56,LONDON,3,846164.0,21516482.0,12769913.55
202405,Y56,LONDON,4,2389863.0,144468093.4,18139474.43
202405,Y56,LONDON,5,486884.0,20284184.5,2880152.19
202405,Y56,LONDON,6,1840340.0,94027138.5,25178295.22
202405,Y56,LONDON,7,388797.0,14888913.0,2969606.88
202405,Y56,LONDON,8,48499.0,2061652.0,1651092.5499999998
202405,Y56,LONDON,9,911610.0,335088222.8,8604725.39
202405,Y56,LONDON,10,335563.0,22864276.0,1388720.7
202405,Y56,LONDON,11,194524.0,4236140.0,2490858.4
202405,Y56,LONDON,12,151532.0,4345250.4,1380373.92
202405,Y56,LONDON,13,384567.0,68877619.0,4290147.29
202405,Y56,LONDON,14,47822.0,48112.0,647473.14
202405,Y56,LONDON,15,14829.0,322369.5,350930.15
202405,Y56,LONDON,18,3.0,3200.0,560.0
202405,Y56,LONDON,19,8605.0,7679526.0,109538.14
202405,Y56,LONDON,20,47031.0,1278069.5,1305057.08
202405,Y56,LONDON,21,492790.0,106001774.0,7267222.290000001
202405,Y56,LONDON,22,28842.0,496948.0,653902.76
202405,Y56,LONDON,23,42753.0,5138169.0,1219894.84
202405,Y58,SOUTH WEST,1,928100.0,66600699.0,5822808.29
202405,Y58,SOUTH WEST,2,2994545.0,110373047.0,13710922.39
202405,Y58,SOUTH WEST,3,590851.0,12508251.0,9739307.59
202405,Y58,SOUTH WEST,4,1902843.0,134480045.2,13280573.66
202405,Y58,SOUTH WEST,5,335604.0,12159252.5,2118901.34
202405,Y58,SOUTH WEST,6,1091158.0,54177161.0,15112388.33
202405,Y58,SOUTH WEST,7,305302.0,12519106.0,2424534.74
202405,Y58,SOUTH WEST,8,40375.0,1578770.0,1732646.14
202405,Y58,SOUTH WEST,9,547649.0,180530356.0,4695717.09
202405,Y58,SOUTH WEST,10,262593.0,15738187.0,1217082.99
202405,Y58,SOUTH WEST,11,131916.0,2213264.0,1333624.16
202405,Y58,SOUTH WEST,12,89634.0,1548839.0,755661.76
202405,Y58,SOUTH WEST,13,197989.0,28710285.0,2140574.16
202405,Y58,SOUTH WEST,14,16575.0,16705.0,237634.79
202405,Y58,SOUTH WEST,15,20907.0,226091.0,207912.47
202405,Y58,SOUTH WEST,19,3582.0,707425.0,54208.57
202405,Y58,SOUTH WEST,20,29637.0,518592.4,586704.9199999999
202405,Y58,SOUTH WEST,21,310507.0,53914180.5,6653083.44
202405,Y58,SOUTH WEST,22,33592.0,547063.0,781491.3300000001
202405,Y58,SOUTH WEST,23,42556.0,3715440.2,1598377.2600000002
202405,Y59,SOUTH EAST,1,1204177.0,90706016.0,8746887.06
202405,Y59,SOUTH EAST,2,3925203.0,157886234.0,18262902.77
202405,Y59,SOUTH EAST,3,830606.0,19514974.0,13963447.38
202405,Y59,SOUTH EAST,4,2515158.0,171774263.2,20426024.57
202405,Y59,SOUTH EAST,5,531718.0,21130061.0,3205906.48
202405,Y59,SOUTH EAST,6,1519401.0,81790270.0,24513971.880000003
202405,Y59,SOUTH EAST,7,406775.0,17739360.0,3557367.2800000003
202405,Y59,SOUTH EAST,8,60927.0,2688425.0,2565853.19
202405,Y59,SOUTH EAST,9,800206.0,548218654.5,13399480.12
202405,Y59,SOUTH EAST,10,335897.0,21346078.0,1609432.61
202405,Y59,SOUTH EAST,11,186368.0,3762452.5,2206835.95
202405,Y59,SOUTH EAST,12,140641.0,2219336.1,1246178.9
202405,Y59,SOUTH EAST,13,295792.0,45396966.0,3377606.38
202405,Y59,SOUTH EAST,14,33533.0,33708.0,482186.19
202405,Y59,SOUTH EAST,15,23352.0,321966.0,312800.38
202405,Y59,SOUTH EAST,18,1.0,2000.0,350.0
202405,Y59,SOUTH EAST,19,6241.0,1876135.0,102582.63
202405,Y59,SOUTH EAST,20,33502.0,1512460.3,842229.5700000001
202405,Y59,SOUTH EAST,21,406309.0,71862817.5,9577532.2
202405,Y59,SOUTH EAST,22,35522.0,698668.0,848752.0399999999
202405,Y59,SOUTH EAST,23,89912.0,8885040.7,5141302.83
202405,Y60,MIDLANDS,1,1907794.0,153172424.0,11980367.33
202405,Y60,MIDLANDS,2,6170491.0,224664010.0,25585545.700000003
202405,Y60,MIDLANDS,3,1352032.0,30198615.0,20361361.77
202405,Y60,MIDLANDS,4,3933552.0,287763715.2,28522286.12
202405,Y60,MIDLANDS,5,723793.0,29034017.5,4234799.35
202405,Y60,MIDLANDS,6,2260090.0,112712814.0,33193971.82
202405,Y60,MIDLANDS,7,556702.0,22884357.0,4248084.02
202405,Y60,MIDLANDS,8,69485.0,2583243.0,2747416.11
202405,Y60,MIDLANDS,9,1145241.0,1003617013.2,23746859.13
202405,Y60,MIDLANDS,10,542067.0,36990705.0,2137954.45
202405,Y60,MIDLANDS,11,277495.0,5523675.5,3143970.87
202405,Y60,MIDLANDS,12,200746.0,4624452.6,1674175.2799999998
202405,Y60,MIDLANDS,13,468328.0,84965559.0,4998367.77
202405,Y60,MIDLANDS,14,32570.0,32721.0,456510.47
202405,Y60,MIDLANDS,15,31866.0,403150.5,331784.34
202405,Y60,MIDLANDS,19,11596.0,3466895.0,169189.88
202405,Y60,MIDLANDS,20,111238.0,2942344.7,3677741.08
202405,Y60,MIDLANDS,21,725045.0,122510137.5,12089304.46
202405,Y60,MIDLANDS,22,22167.0,415109.0,570527.67
202405,Y60,MIDLANDS,23,126376.0,12388812.8,6608894.05
202405,Y61,EAST OF ENGLAND,1,1082301.0,74047409.0,7087797.03
202405,Y61,EAST OF ENGLAND,2,3697920.0,126422896.0,15524086.010000002
202405,Y61,EAST OF ENGLAND,3,745095.0,16320585.0,11323083.36
202405,Y61,EAST OF ENGLAND,4,2207678.0,140583345.2,15244354.23
202405,Y61,EAST OF ENGLAND,5,439826.0,17349094.0,2486616.72
202405,Y61,EAST OF ENGLAND,6,1390724.0,65695442.0,18779506.08
202405,Y61,EAST OF ENGLAND,7,353053.0,13896527.0,2593974.04
202405,Y61,EAST OF ENGLAND,8,54782.0,2161778.0,2149394.38
202405,Y61,EAST OF ENGLAND,9,566079.0,200546701.5,5710908.26
202405,Y61,EAST OF ENGLAND,10,300378.0,17704685.0,1488908.33
202405,Y61,EAST OF ENGLAND,11,152819.0,2651492.5,1659800.53
202405,Y61,EAST OF ENGLAND,12,109840.0,1635792.0,924018.1
202405,Y61,EAST OF ENGLAND,13,232430.0,33249695.0,2497846.74
202405,Y61,EAST OF ENGLAND,14,23666.0,23870.0,326751.0
202405,Y61,EAST OF ENGLAND,15,15932.0,230078.0,222039.62
202405,Y61,EAST OF ENGLAND,19,4656.0,1991863.0,98580.77
202405,Y61,EAST OF ENGLAND,20,36979.0,1091080.8,1871978.92
202405,Y61,EAST OF ENGLAND,21,396103.0,61726968.0,12897381.67
202405,Y61,EAST OF ENGLAND,22,53979.0,999108.0,1526653.12
202405,Y61,EAST OF ENGLAND,23,168621.0,13948224.8,12020955.96
202405,Y62,NORTH WEST,1,1463905.0,121552431.0,9154457.13
202405,Y62,NORTH WEST,2,4326900.0,152724127.0,16571097.44
202405,Y62,NORTH WEST,3,1037542.0,22407435.0,15204444.21
202405,Y62,NORTH WEST,4,3087152.0,214598785.6,21025033.06
202405,Y62,NORTH WEST,5,486690.0,18932163.0,3032780.3
202405,Y62,NORTH WEST,6,1524693.0,72630523.0,21458976.89
202405,Y62,NORTH WEST,7,393556.0,15355561.0,3118594.72
202405,Y62,NORTH WEST,8,46756.0,1746515.0,1604162.55
202405,Y62,NORTH WEST,9,860096.0,504766005.9,12645397.15
202405,Y62,NORTH WEST,10,390295.0,27060146.0,1708556.73
202405,Y62,NORTH WEST,11,176909.0,2894106.0,1722203.87
202405,Y62,NORTH WEST,12,146000.0,3275061.9000000004,1276770.83
202405,Y62,NORTH WEST,13,369179.0,72690967.0,4232209.31
202405,Y62,NORTH WEST,14,16879.0,17013.0,236527.83
202405,Y62,NORTH WEST,15,25801.0,395168.0,422193.88
202405,Y62,NORTH WEST,18,4.0,5500.0,962.5
202405,Y62,NORTH WEST,19,9369.0,3016589.0,144110.68
202405,Y62,NORTH WEST,20,151315.0,3406256.9,4688828.26
202405,Y62,NORTH WEST,21,514637.0,90816095.0,9523751.59
202405,Y62,NORTH WEST,22,34004.0,658468.0,824202.0800000001
202405,Y62,NORTH WEST,23,101586.0,9712372.3,4505702.35
202405,Y63,NORTH EAST AND YORKSHIRE,1,2098552.0,154442457.0,12050543.03
202405,Y63,NORTH EAST AND YORKSHIRE,2,6593186.0,213799877.0,22968323.11
202405,Y63,NORTH EAST AND YORKSHIRE,3,1371471.0,28045328.0,20941029.59
202405,Y63,NORTH EAST AND YORKSHIRE,4,4209674.0,277286825.0,25664985.58
202405,Y63,NORTH EAST AND YORKSHIRE,5,602636.0,22349474.0,3791206.7
202405,Y63,NORTH EAST AND YORKSHIRE,6,2264601.0,101874043.0,28728442.85
202405,Y63,NORTH EAST AND YORKSHIRE,7,581006.0,22190610.0,4088293.88
202405,Y63,NORTH EAST AND YORKSHIRE,8,76351.0,2932002.0,2709355.94
202405,Y63,NORTH EAST AND YORKSHIRE,9,1177493.0,388361208.9,10338966.73
202405,Y63,NORTH EAST AND YORKSHIRE,10,580501.0,37080246.0,2211374.63
202405,Y63,NORTH EAST AND YORKSHIRE,11,231856.0,3697428.0,2249922.77
202405,Y63,NORTH EAST AND YORKSHIRE,12,181028.0,3571598.7,1500769.21
202405,Y63,NORTH EAST AND YORKSHIRE,13,415311.0,71473959.0,4660639.53
202405,Y63,NORTH EAST AND YORKSHIRE,14,14393.0,14519.0,218834.24
202405,Y63,NORTH EAST AND YORKSHIRE,15,21658.0,11512550.5,299782.78
202405,Y63,NORTH EAST AND YORKSHIRE,18,1.0,1000.0,175.0
202405,Y63,NORTH EAST AND YORKSHIRE,19,9908.0,3365993.0,139147.41
202405,Y63,NORTH EAST AND YORKSHIRE,20,50970.0,1439975.8,1784595.8199999998
202405,Y63,NORTH EAST AND YORKSHIRE,21,546595.0,94190416.0,9368942.11
202405,Y63,NORTH EAST AND YORKSHIRE,22,11646.0,214497.0,323471.45
202405,Y63,NORTH EAST AND YORKSHIRE,23,58397.0,6096656.0,2473584.48
202406,Y56,LONDON,1,1143207.0,80648281.0,7571044.13
202406,Y56,LONDON,2,3825928.0,129620768.0,13437098.13
202406,Y56,LONDON,3,782418.0,21294346.0,11368635.32
202406,Y56,LONDON,4,2131703.0,128846747.8,16941071.4
202406,Y56,LONDON,5,438347.0,17757453.5,2697271.11
202406,Y56,LONDON,6,1674377.0,84986433.0,23027085.48
202406,Y56,LONDON,7,350269.0,13249239.0,2714710.34
202406,Y56,LONDON,8,43238.0,1813021.0,1610080.7
202406,Y56,LONDON,9,845569.0,315040560.3,8045692.34
202406,Y56,LONDON,10,301200.0,20636333.0,1240224.61
202406,Y56,LONDON,11,189649.0,4030166.0,2338464.67
202406,Y56,LONDON,12,155370.0,4106104.5,1458817.86
202406,Y56,LONDON,13,362079.0,64417020.0,4056428.25
202406,Y56,LONDON,14,37723.0,38038.0,537374.1499999999
202406,Y56,LONDON,15,13462.0,296604.5,329164.64
202406,Y56,LONDON,18,1.0,1000.0,175.0
202406,Y56,LONDON,19,7446.0,7181191.0,101457.25
202406,Y56,LONDON,20,44725.0,1243420.4,1270208.12
202406,Y56,LONDON,21,454984.0,99528767.5,6615652.65
202406,Y56,LONDON,22,24879.0,430771.0,570213.29
202406,Y56,LONDON,23,40750.0,4914342.5,1204602.2
202406,Y58,SOUTH WEST,1,885320.0,63660804.0,5646697.87
202406,Y58,SOUTH WEST,2,2843091.0,104321481.0,12981672.46
202406,Y58,SOUTH WEST,3,570530.0,12563033.0,9343174.01
202406,Y58,SOUTH WEST,4,1808471.0,127512339.0,12940862.76
202406,Y58,SOUTH WEST,5,301294.0,10678607.0,2023833.3
202406,Y58,SOUTH WEST,6,1039960.0,51417783.5,14624119.72
202406,Y58,SOUTH WEST,7,291802.0,11983670.0,2328447.7
202406,Y58,SOUTH WEST,8,37927.0,1482705.0,1638740.05
202406,Y58,SOUTH WEST,9,527726.0,176914989.9,4548079.41
202406,Y58,SOUTH WEST,10,250929.0,15124369.0,1165186.0
202406,Y58,SOUTH WEST,11,127385.0,2155423.5,1288768.94
202406,Y58,SOUTH WEST,12,90087.0,1433500.5,785716.3300000001
202406,Y58,SOUTH WEST,13,187987.0,27390474.0,2040911.95
202406,Y58,SOUTH WEST,14,10141.0,10328.0,157600.49
202406,Y58,SOUTH WEST,15,20371.0,217380.0,192622.76
202406,Y58,SOUTH WEST,19,3338.0,691167.0,54844.47
202406,Y58,SOUTH WEST,20,29306.0,518885.8000000001,554652.54
202406,Y58,SOUTH WEST,21,297608.0,51602615.5,6395627.609999999
202406,Y58,SOUTH WEST,22,33640.0,550970.0,782718.04
202406,Y58,SOUTH WEST,23,41518.0,3671573.4,1521483.33
202406,Y59,SOUTH EAST,1,1142368.0,86244829.0,8341501.890000001
202406,Y59,SOUTH EAST,2,3710450.0,149366448.0,17243016.62
202406,Y59,SOUTH EAST,3,809863.0,19898152.0,13456968.26
202406,Y59,SOUTH EAST,4,2379044.0,162220526.8,19799547.48
202406,Y59,SOUTH EAST,5,474846.0,18210899.0,3015636.61
202406,Y59,SOUTH EAST,6,1448998.0,77931735.5,23900020.09
202406,Y59,SOUTH EAST,7,388694.0,17101258.0,3441876.66
202406,Y59,SOUTH EAST,8,57841.0,2545991.0,2536469.41
202406,Y59,SOUTH EAST,9,763663.0,507777298.4,12392733.96
202406,Y59,SOUTH EAST,10,322127.0,20442452.0,1558506.05
202406,Y59,SOUTH EAST,11,181400.0,3644094.5,2118238.91
202406,Y59,SOUTH EAST,12,143018.0,2134461.5,1309919.15
202406,Y59,SOUTH EAST,13,282101.0,43364369.0,3266243.63
202406,Y59,SOUTH EAST,14,30257.0,30462.0,429626.23
202406,Y59,SOUTH EAST,15,22390.0,295704.0,291613.11
202406,Y59,SOUTH EAST,18,1.0,2000.0,350.0
202406,Y59,SOUTH EAST,19,5448.0,2092309.0,87478.36
202406,Y59,SOUTH EAST,20,33231.0,1473425.3,828986.89
202406,Y59,SOUTH EAST,21,389570.0,69271214.5,9192070.38
202406,Y59,SOUTH EAST,22,33228.0,638325.0,796042.49
202406,Y59,SOUTH EAST,23,84434.0,8428798.4,4906429.44
202406,Y60,MIDLANDS,1,1781259.0,142732153.0,11248592.53
202406,Y60,MIDLANDS,2,5737264.0,208662837.0,23845589.58
202406,Y60,MIDLANDS,3,1286172.0,29573147.0,19129344.85
202406,Y60,MIDLANDS,4,3661463.0,267473854.2,27217023.78
202406,Y60,MIDLANDS,5,656818.0,25650741.0,3992701.2
202406,Y60,MIDLANDS,6,2118278.0,105521014.5,31683473.2
202406,Y60,MIDLANDS,7,519547.0,21340707.0,3996998.67
202406,Y60,MIDLANDS,8,64924.0,2403157.0,2667519.12
202406,Y60,MIDLANDS,9,1076606.0,898933721.0,21108069.29
202406,Y60,MIDLANDS,10,505738.0,34476037.0,1992661.07
202406,Y60,MIDLANDS,11,264895.0,5233806.5,2956487.6
202406,Y60,MIDLANDS,12,201031.0,4336603.4,1732879.85
202406,Y60,MIDLANDS,13,441355.0,80587550.0,4803366.03
202406,Y60,MIDLANDS,14,28981.0,29176.0,409188.22
202406,Y60,MIDLANDS,15,30265.0,383511.5,312429.19
202406,Y60,MIDLANDS,19,10402.0,3415250.0,162691.63
202406,Y60,MIDLANDS,20,113060.0,2935200.5,3585504.33
202406,Y60,MIDLANDS,21,686423.0,115833078.0,11703200.06
202406,Y60,MIDLANDS,22,22584.0,418782.0,581670.3099999999
202406,Y60,MIDLANDS,23,134294.0,12877261.8,7780918.4
202406,Y61,EAST OF ENGLAND,1,1027545.0,70268259.0,6885074.99
202406,Y61,EAST OF ENGLAND,2,3486758.0,119002130.0,14654275.49
202406,Y61,EAST OF ENGLAND,3,725408.0,16302532.0,10853958.76
202406,Y61,EAST OF ENGLAND,4,2082793.0,132757864.0,14775824.85
202406,Y61,EAST OF ENGLAND,5,401245.0,15378304.0,2403050.71
202406,Y61,EAST OF ENGLAND,6,1319315.0,62170757.0,18155667.67
202406,Y61,EAST OF ENGLAND,7,334131.0,13191427.0,2465710.77
202406,Y61,EAST OF ENGLAND,8,52092.0,2050594.0,2107018.1100000003
202406,Y61,EAST OF ENGLAND,9,541551.0,196681595.0,5545709.45
202406,Y61,EAST OF ENGLAND,10,285274.0,16859421.0,1419917.28
202406,Y61,EAST OF ENGLAND,11,148389.0,2560302.5,1587944.66
202406,Y61,EAST OF ENGLAND,12,113189.0,1617415.4,987201.09
202406,Y61,EAST OF ENGLAND,13,224001.0,31890900.0,2447859.14
202406,Y61,EAST OF ENGLAND,14,14275.0,14452.0,223084.32
202406,Y61,EAST OF ENGLAND,15,15387.0,226759.5,208625.99
202406,Y61,EAST OF ENGLAND,18,2.0,2000.0,350.0
202406,Y61,EAST OF ENGLAND,19,4157.0,1866557.0,82747.60999999999
202406,Y61,EAST OF ENGLAND,20,36098.0,1046294.8,1856197.57
202406,Y61,EAST OF ENGLAND,21,383042.0,60074240.0,12783633.25
202406,Y61,EAST OF ENGLAND,22,53562.0,996250.0,1534006.13
202406,Y61,EAST OF ENGLAND,23,167040.0,13763167.2,11977694.76
202406,Y62,NORTH WEST,1,1362697.0,112949447.0,8608534.23
202406,Y62,NORTH WEST,2,4009117.0,141337089.0,15331223.39
202406,Y62,NORTH WEST,3,973306.0,21487611.0,14180377.33
202406,Y62,NORTH WEST,4,2865067.0,198951982.4,20061447.72
202406,Y62,NORTH WEST,5,443909.0,16729953.0,2886805.68
202406,Y62,NORTH WEST,6,1423206.0,67687768.0,20352992.59
202406,Y62,NORTH WEST,7,368227.0,14393824.0,2938092.78
202406,Y62,NORTH WEST,8,43206.0,1620362.0,1555713.4
202406,Y62,NORTH WEST,9,804528.0,477796235.0,11966697.88
202406,Y62,NORTH WEST,10,366129.0,25376751.0,1612460.89
202406,Y62,NORTH WEST,11,166487.0,2720161.0,1590698.47
202406,Y62,NORTH WEST,12,142609.0,3144780.5,1281127.03
202406,Y62,NORTH WEST,13,344811.0,68224481.0,4016137.06
202406,Y62,NORTH WEST,14,19485.0,19652.0,264238.29
202406,Y62,NORTH WEST,15,24034.0,351599.0,383369.64
202406,Y62,NORTH WEST,18,2.0,3500.0,612.5
202406,Y62,NORTH WEST,19,8277.0,2683311.0,100717.9
202406,Y62,NORTH WEST,20,139313.0,3118412.3,4252171.19
202406,Y62,NORTH WEST,21,473925.0,83088320.0,8900871.44
202406,Y62,NORTH WEST,22,30893.0,595955.0,753918.74
202406,Y62,NORTH WEST,23,93951.0,9032163.8,4221673.220000001
202406,Y63,NORTH EAST AND YORKSHIRE,1,1972010.0,144392348.0,11418779.18
202406,Y63,NORTH EAST AND YORKSHIRE,2,6181015.0,199551907.0,21435489.88
202406,Y63,NORTH EAST AND YORKSHIRE,3,1311747.0,27665630.0,19877830.450000003
202406,Y63,NORTH EAST AND YORKSHIRE,4,3939215.0,258827157.2,24540490.16
202406,Y63,NORTH EAST AND YORKSHIRE,5,548445.0,19942863.0,3619463.68
202406,Y63,NORTH EAST AND YORKSHIRE,6,2133003.0,95575939.0,27484457.95
202406,Y63,NORTH EAST AND YORKSHIRE,7,546811.0,20994448.0,3877579.48
202406,Y63,NORTH EAST AND YORKSHIRE,8,71561.0,2747647.0,2572483.45
202406,Y63,NORTH EAST AND YORKSHIRE,9,1112613.0,365918120.9,9764954.76
202406,Y63,NORTH EAST AND YORKSHIRE,10,548805.0,34831133.0,2100646.3
202406,Y63,NORTH EAST AND YORKSHIRE,11,223416.0,3556282.5,2138586.39
202406,Y63,NORTH EAST AND YORKSHIRE,12,179375.0,3386467.1,1558484.5
202406,Y63,NORTH EAST AND YORKSHIRE,13,393575.0,67395697.0,4472229.61
202406,Y63,NORTH EAST AND YORKSHIRE,14,16925.0,17100.0,270409.49
202406,Y63,NORTH EAST AND YORKSHIRE,15,22777.0,15113266.0,292382.83
202406,Y63,NORTH EAST AND YORKSHIRE,18,1.0,1000.0,175.0
202406,Y63,NORTH EAST AND YORKSHIRE,19,8611.0,3050930.0,120495.42
202406,Y63,NORTH EAST AND YORKSHIRE,20,49542.0,1358952.5,1659011.16
202406,Y63,NORTH EAST AND YORKSHIRE,21,515891.0,88996001.0,8938930.790000001
202406,Y63,NORTH EAST AND YORKSHIRE,22,10736.0,194596.0,289226.0
202406,Y63,NORTH EAST AND YORKSHIRE,23,55458.0,5813270.699999999,2357804.47
202407,Y56,LONDON,1,1244605.0,87878252.0,8367274.11
202407,Y56,LONDON,2,4169961.0,141397865.0,15328508.51
202407,Y56,LONDON,3,809585.0,21165991.0,12210391.66
202407,Y56,LONDON,4,2326452.0,140539180.8,18832018.79
202407,Y56,LONDON,5,460641.0,18320426.5,2772134.48
202407,Y56,LONDON,6,1832359.0,92999696.5,25796696.16
202407,Y56,LONDON,7,379840.0,14333064.0,2975542.8100000005
202407,Y56,LONDON,8,46769.0,1968896.0,1648511.2999999998
202407,Y56,LONDON,9,911099.0,343359011.0,8678500.77
202407,Y56,LONDON,10,327270.0,22439814.0,1363367.28
202407,Y56,LONDON,11,192960.0,4272881.5,2483823.68
202407,Y56,LONDON,12,148806.0,4169145.5,1439677.91
202407,Y56,LONDON,13,382563.0,68876462.0,4642281.600000001
202407,Y56,LONDON,14,49944.0,50243.0,694643.56
202407,Y56,LONDON,15,14213.0,319400.0,355118.67
202407,Y56,LONDON,18,1.0,1000.0,175.0
202407,Y56,LONDON,19,8451.0,8158887.0,107073.81
202407,Y56,LONDON,20,47436.0,1328795.2,1351066.51
202407,Y56,LONDON,21,486862.0,105359865.0,7290905.35
202407,Y56,LONDON,22,26357.0,464490.0,619074.1900000001
202407,Y56,LONDON,23,46226.0,5492217.6,1440232.62
202407,Y58,SOUTH WEST,1,945592.0,67910829.0,6164136.8
202407,Y58,SOUTH WEST,2,3037615.0,111893099.0,14431457.23
202407,Y58,SOUTH WEST,3,589212.0,12827530.0,9904542.5
202407,Y58,SOUTH WEST,4,1931535.0,136636071.2,14137020.12
202407,Y58,SOUTH WEST,5,318632.0,11147115.5,2117407.02
202407,Y58,SOUTH WEST,6,1113554.0,55139877.5,16153930.84
202407,Y58,SOUTH WEST,7,310273.0,12636292.0,2477481.18
202407,Y58,SOUTH WEST,8,40585.0,1578337.0,1708136.62
202407,Y58,SOUTH WEST,9,562811.0,189549915.5,4888429.14
202407,Y58,SOUTH WEST,10,266020.0,15988552.0,1264201.66
202407,Y58,SOUTH WEST,11,133047.0,2257428.0,1354408.57
202407,Y58,SOUTH WEST,12,90178.0,1552765.7,814615.66
202407,Y58,SOUTH WEST,13,195558.0,28621097.0,2214066.17
202407,Y58,SOUTH WEST,14,10318.0,10470.0,157700.71000000002
202407,Y58,SOUTH WEST,15,21909.0,230284.5,200930.28
202407,Y58,SOUTH WEST,19,3747.0,762600.0,69016.54999999999
202407,Y58,SOUTH WEST,20,33694.0,576304.6,618899.36
202407,Y58,SOUTH WEST,21,314427.0,53770283.5,7203497.869999999
202407,Y58,SOUTH WEST,22,35837.0,589782.0,831729.22
202407,Y58,SOUTH WEST,23,46451.0,4091923.6,1801895.94
202407,Y59,SOUTH EAST,1,1234844.0,92726182.0,9172690.12
202407,Y59,SOUTH EAST,2,4016536.0,161535900.0,19547348.28
202407,Y59,SOUTH EAST,3,840793.0,20028868.0,14332425.76
202407,Y59,SOUTH EAST,4,2570340.0,174860782.8,21820615.81
202407,Y59,SOUTH EAST,5,503475.0,18954955.5,3141030.31
202407,Y59,SOUTH EAST,6,1569039.0,84318612.0,26392728.73
202407,Y59,SOUTH EAST,7,416276.0,18206849.0,3664890.89
202407,Y59,SOUTH EAST,8,62300.0,2745243.0,2650551.5300000003
202407,Y59,SOUTH EAST,9,823496.0,564106000.9,13702656.52
202407,Y59,SOUTH EAST,10,345407.0,21917175.0,1652407.16
202407,Y59,SOUTH EAST,11,189451.0,3855961.0,2252497.75
202407,Y59,SOUTH EAST,12,144439.0,2261214.2,1365348.78
202407,Y59,SOUTH EAST,13,292003.0,45253503.0,3541648.57
202407,Y59,SOUTH EAST,14,26878.0,27030.0,393878.01
202407,Y59,SOUTH EAST,15,22636.0,325900.0,303913.25
202407,Y59,SOUTH EAST,19,6031.0,1933906.0,109239.71
202407,Y59,SOUTH EAST,20,35284.0,1666769.1,883519.6199999999
202407,Y59,SOUTH EAST,21,414263.0,71807004.0,10217130.97
202407,Y59,SOUTH EAST,22,38594.0,741735.0,924548.68
202407,Y59,SOUTH EAST,23,98442.0,9623890.6,5848740.16
202407,Y60,MIDLANDS,1,1955102.0,155944272.0,12527149.09
202407,Y60,MIDLANDS,2,6308041.0,229480885.0,27265893.61
202407,Y60,MIDLANDS,3,1372264.0,30917392.0,20839445.06
202407,Y60,MIDLANDS,4,4008452.0,292940970.8,30454137.5
202407,Y60,MIDLANDS,5,701653.0,26628678.0,4235555.0
202407,Y60,MIDLANDS,6,2332971.0,116156299.0,35589598.94
202407,Y60,MIDLANDS,7,568952.0,23094985.0,4373894.69
202407,Y60,MIDLANDS,8,71065.0,2630982.0,2834066.75
202407,Y60,MIDLANDS,9,1180479.0,1057182599.8,24779466.64
202407,Y60,MIDLANDS,10,554001.0,37849470.0,2199394.28
202407,Y60,MIDLANDS,11,280696.0,5654673.0,3166010.4400000004
202407,Y60,MIDLANDS,12,206589.0,4693773.2,1847666.27
202407,Y60,MIDLANDS,13,469849.0,86301098.0,5376805.58
202407,Y60,MIDLANDS,14,27265.0,27447.0,385174.28
202407,Y60,MIDLANDS,15,31287.0,411742.5,329084.44
202407,Y60,MIDLANDS,19,10713.0,3593946.0,160893.27
202407,Y60,MIDLANDS,20,123146.0,3187499.6,3920723.68
202407,Y60,MIDLANDS,21,744251.0,124274123.0,12739329.44
202407,Y60,MIDLANDS,22,24807.0,461551.0,630810.07
202407,Y60,MIDLANDS,23,145180.0,13949587.7,8214529.5
202407,Y61,EAST OF ENGLAND,1,1110356.0,75839144.0,7576029.37
202407,Y61,EAST OF ENGLAND,2,3770630.0,128711332.0,16449313.54
202407,Y61,EAST OF ENGLAND,3,763573.0,16856341.0,11633117.67
202407,Y61,EAST OF ENGLAND,4,2248787.0,143243138.0,16354808.02
202407,Y61,EAST OF ENGLAND,5,427152.0,15989502.0,2509033.25
202407,Y61,EAST OF ENGLAND,6,1431819.0,67467811.5,20136265.31
202407,Y61,EAST OF ENGLAND,7,361617.0,14244686.0,2664075.06
202407,Y61,EAST OF ENGLAND,8,55707.0,2200318.0,2151074.08
202407,Y61,EAST OF ENGLAND,9,582502.0,214226662.0,5972288.26
202407,Y61,EAST OF ENGLAND,10,307234.0,18277268.0,1530316.06
202407,Y61,EAST OF ENGLAND,11,155724.0,2720067.5,1675272.6
202407,Y61,EAST OF ENGLAND,12,114432.0,1686959.6,1025500.63
202407,Y61,EAST OF ENGLAND,13,234852.0,33868993.0,2682868.17
202407,Y61,EAST OF ENGLAND,14,18949.0,19127.0,281264.58
202407,Y61,EAST OF ENGLAND,15,15677.0,250195.0,222932.53
202407,Y61,EAST OF ENGLAND,18,2.0,1500.0,262.5
202407,Y61,EAST OF ENGLAND,19,4527.0,2133566.0,103713.21
202407,Y61,EAST OF ENGLAND,20,39599.0,1152197.0,2077554.18
202407,Y61,EAST OF ENGLAND,21,409403.0,63635842.0,13439630.66
202407,Y61,EAST OF ENGLAND,22,56629.0,1059828.0,1635670.78
202407,Y61,EAST OF ENGLAND,23,178541.0,14778751.4,12707393.57
202407,Y62,NORTH WEST,1,1484628.0,123185788.0,9618491.84
202407,Y62,NORTH WEST,2,4380596.0,154744435.0,17496864.62
202407,Y62,NORTH WEST,3,1041598.0,22479321.0,15326567.92
202407,Y62,NORTH WEST,4,3118355.0,216651167.4,22447557.42
202407,Y62,NORTH WEST,5,474542.0,17612248.0,2986312.57
202407,Y62,NORTH WEST,6,1555424.0,74014320.0,22684140.02
202407,Y62,NORTH WEST,7,399085.0,15450575.0,3215089.22
202407,Y62,NORTH WEST,8,46906.0,1767800.0,1555304.47
202407,Y62,NORTH WEST,9,870268.0,512470870.5,12982122.08
202407,Y62,NORTH WEST,10,395578.0,27533646.0,1763037.02
202407,Y62,NORTH WEST,11,178140.0,2934766.0,1710148.62
202407,Y62,NORTH WEST,12,148323.0,3350967.2,1364574.19
202407,Y62,NORTH WEST,13,363678.0,72445213.0,4434974.91
202407,Y62,NORTH WEST,14,29953.0,30098.0,373169.32
202407,Y62,NORTH WEST,15,24392.0,373132.5,414891.61
202407,Y62,NORTH WEST,18,4.0,8000.0,1400.0
202407,Y62,NORTH WEST,19,8649.0,3058095.0,142470.33000000002
202407,Y62,NORTH WEST,20,155311.0,3466752.1,4866151.63
202407,Y62,NORTH WEST,21,518271.0,89048559.5,9996767.63
202407,Y62,NORTH WEST,22,35182.0,680813.0,855849.63
202407,Y62,NORTH WEST,23,107764.0,10269782.1,4918864.62
202407,Y63,NORTH EAST AND YORKSHIRE,1,2176886.0,158748355.0,12730955.99
202407,Y63,NORTH EAST AND YORKSHIRE,2,6852712.0,222306247.0,24884241.78
202407,Y63,NORTH EAST AND YORKSHIRE,3,1426543.0,29363105.0,21957784.26
202407,Y63,NORTH EAST AND YORKSHIRE,4,4359130.0,287187407.6,27900789.44
202407,Y63,NORTH EAST AND YORKSHIRE,5,596484.0,21445953.0,3972084.84
202407,Y63,NORTH EAST AND YORKSHIRE,6,2375694.0,106778627.5,31470485.0
202407,Y63,NORTH EAST AND YORKSHIRE,7,604480.0,23147355.0,4265428.43
202407,Y63,NORTH EAST AND YORKSHIRE,8,78975.0,3034668.0,2774400.91
202407,Y63,NORTH EAST AND YORKSHIRE,9,1227659.0,406312143.0,10842350.3
202407,Y63,NORTH EAST AND YORKSHIRE,10,604262.0,38467068.0,2351392.0300000003
202407,Y63,NORTH EAST AND YORKSHIRE,11,237927.0,3810381.0,2283296.72
202407,Y63,NORTH EAST AND YORKSHIRE,12,188434.0,3683381.0,1725133.29
202407,Y63,NORTH EAST AND YORKSHIRE,13,420477.0,72837016.0,5008696.15
202407,Y63,NORTH EAST AND YORKSHIRE,14,20714.0,20846.0,292043.2
202407,Y63,NORTH EAST AND YORKSHIRE,15,23719.0,385570.5,327526.46
202407,Y63,NORTH EAST AND YORKSHIRE,19,8822.0,3169172.0,128134.96
202407,Y63,NORTH EAST AND YORKSHIRE,20,56025.0,1579948.2,1916221.98
202407,Y63,NORTH EAST AND YORKSHIRE,21,566326.0,96188485.5,10010977.28
202407,Y63,NORTH EAST AND YORKSHIRE,22,12241.0,221652.0,324030.1
202407,Y63,NORTH EAST AND YORKSHIRE,23,64228.0,6676946.8,2765163.93
202408,Y56,LONDON,1,1180372.0,82375825.0,7789370.890000001
202408,Y56,LONDON,2,3978019.0,133532541.0,14851852.28
202408,Y56,LONDON,3,723112.0,18195581.0,11300421.79
202408,Y56,LONDON,4,2191942.0,131631351.8,17287946.55
202408,Y56,LONDON,5,398320.0,14533109.0,2426318.25
202408,Y56,LONDON,6,1733165.0,87010328.5,24349722.89
202408,Y56,LONDON,7,359552.0,13309399.0,2742069.08
202408,Y56,LONDON,8,43858.0,1817684.0,1519510.9700000002
202408,Y56,LONDON,9,870375.0,323608164.9,8070093.18
202408,Y56,LONDON,10,306709.0,20931279.0,1272739.26
202408,Y56,LONDON,11,177389.0,3956904.5,2317541.02
202408,Y56,LONDON,12,128553.0,3833707.7,1133081.89
202408,Y56,LONDON,13,356155.0,63668498.0,4297049.99
202408,Y56,LONDON,14,31561.0,31771.0,444885.97
202408,Y56,LONDON,15,13374.0,304022.5,336751.64
202408,Y56,LONDON,19,7969.0,7648256.0,119924.62
202408,Y56,LONDON,20,45638.0,1262893.4,1283582.31
202408,Y56,LONDON,21,451988.0,96847110.5,6846781.449999999
202408,Y56,LONDON,22,23823.0,421406.0,569080.8
202408,Y56,LONDON,23,44135.0,5282561.5,1362484.36
202408,Y58,SOUTH WEST,1,917362.0,65350394.0,5850809.65
202408,Y58,SOUTH WEST,2,2974011.0,109341104.0,14636292.18
202408,Y58,SOUTH WEST,3,555623.0,11930032.0,9538351.23
202408,Y58,SOUTH WEST,4,1866291.0,131767167.0,13283238.57
202408,Y58,SOUTH WEST,5,289791.0,9663274.5,1996525.16
202408,Y58,SOUTH WEST,6,1081226.0,53329281.5,15883319.36
202408,Y58,SOUTH WEST,7,301514.0,12224078.0,2333186.08
202408,Y58,SOUTH WEST,8,39317.0,1522009.0,1684688.42
202408,Y58,SOUTH WEST,9,540008.0,179910406.0,4609797.98
202408,Y58,SOUTH WEST,10,256878.0,15421386.0,1192638.62
202408,Y58,SOUTH WEST,11,126843.0,2158720.5,1288884.7
202408,Y58,SOUTH WEST,12,84993.0,1412731.3,690475.03
202408,Y58,SOUTH WEST,13,185667.0,27084767.0,2139877.15
202408,Y58,SOUTH WEST,14,14744.0,14873.0,204013.17
202408,Y58,SOUTH WEST,15,18276.0,212755.5,189382.14
202408,Y58,SOUTH WEST,18,1.0,300.0,52.5
202408,Y58,SOUTH WEST,19,3523.0,655500.0,62483.87
202408,Y58,SOUTH WEST,20,32491.0,536961.5,594731.69
202408,Y58,SOUTH WEST,21,302577.0,50811189.5,7005432.98
202408,Y58,SOUTH WEST,22,40469.0,657662.0,925621.14
202408,Y58,SOUTH WEST,23,44455.0,3942490.0,1747849.96
202408,Y59,SOUTH EAST,1,1188557.0,88689446.0,8721970.11
202408,Y59,SOUTH EAST,2,3898689.0,156865592.0,19973191.84
202408,Y59,SOUTH EAST,3,779289.0,18189574.0,13734441.58
202408,Y59,SOUTH EAST,4,2470754.0,168444738.6,20387420.09
202408,Y59,SOUTH EAST,5,453177.0,16043138.0,2916157.98
202408,Y59,SOUTH EAST,6,1512916.0,81066204.0,25914014.25
202408,Y59,SOUTH EAST,7,403031.0,17486362.0,3499174.61
202408,Y59,SOUTH EAST,8,60200.0,2639452.0,2544131.31
202408,Y59,SOUTH EAST,9,792456.0,540567144.5,13041936.92
202408,Y59,SOUTH EAST,10,332438.0,21087188.0,1576590.37
202408,Y59,SOUTH EAST,11,179998.0,3700439.0,2150437.75
202408,Y59,SOUTH EAST,12,133435.0,2121734.6,1131658.33
202408,Y59,SOUTH EAST,13,277114.0,42513696.0,3349876.61
202408,Y59,SOUTH EAST,14,25392.0,25545.0,376312.94000000006
202408,Y59,SOUTH EAST,15,20202.0,300504.0,294700.7
202408,Y59,SOUTH EAST,19,6184.0,1884614.0,111394.23
202408,Y59,SOUTH EAST,20,33996.0,1497874.2999999998,846323.9299999999
202408,Y59,SOUTH EAST,21,390772.0,66951943.5,9812658.71
202408,Y59,SOUTH EAST,22,35329.0,674519.0,845043.9299999999
202408,Y59,SOUTH EAST,23,90605.0,8956163.5,5362662.94
202408,Y60,MIDLANDS,1,1881885.0,150067732.0,11944363.65
202408,Y60,MIDLANDS,2,6105197.0,221964189.0,27452512.14
202408,Y60,MIDLANDS,3,1277440.0,28307467.0,19863755.42
202408,Y60,MIDLANDS,4,3859715.0,282422694.2,28631590.58
202408,Y60,MIDLANDS,5,615156.0,21756086.5,3844094.67
202408,Y60,MIDLANDS,6,2237556.0,111256370.0,34880150.07
202408,Y60,MIDLANDS,7,547531.0,22089876.0,4110975.95
202408,Y60,MIDLANDS,8,68006.0,2514373.0,2677117.97
202408,Y60,MIDLANDS,9,1128594.0,1029581129.0,24051595.92
202408,Y60,MIDLANDS,10,529750.0,36160802.0,2089846.56
202408,Y60,MIDLANDS,11,266271.0,5414007.5,3016558.98
202408,Y60,MIDLANDS,12,188665.0,4244175.9,1530675.43
202408,Y60,MIDLANDS,13,448218.0,81950103.0,5119669.66
202408,Y60,MIDLANDS,14,25821.0,26050.0,365608.29
202408,Y60,MIDLANDS,15,27794.0,388157.0,317998.91000000003
202408,Y60,MIDLANDS,19,11546.0,3493162.0,182911.93
202408,Y60,MIDLANDS,20,118080.0,3088189.7,3823454.08
202408,Y60,MIDLANDS,21,707159.0,117010920.5,12349376.4
202408,Y60,MIDLANDS,22,24410.0,448874.0,622676.85
202408,Y60,MIDLANDS,23,140457.0,13755117.6,7973499.98
202408,Y61,EAST OF ENGLAND,1,1078074.0,73553103.0,7344418.189999999
202408,Y61,EAST OF ENGLAND,2,3677026.0,125607380.0,16568133.669999998
202408,Y61,EAST OF ENGLAND,3,713879.0,15623239.0,11174261.16
202408,Y61,EAST OF ENGLAND,4,2176100.0,138561861.4,15443776.05
202408,Y61,EAST OF ENGLAND,5,373461.0,13026195.5,2293293.13
202408,Y61,EAST OF ENGLAND,6,1385304.0,65048378.0,19650769.46
202408,Y61,EAST OF ENGLAND,7,349735.0,13636379.0,2514543.32
202408,Y61,EAST OF ENGLAND,8,54311.0,2127637.0,2139397.35
202408,Y61,EAST OF ENGLAND,9,563027.0,205201526.5,5664236.79
202408,Y61,EAST OF ENGLAND,10,295818.0,17486915.0,1471317.96
202408,Y61,EAST OF ENGLAND,11,149087.0,2615652.5,1612072.34
202408,Y61,EAST OF ENGLAND,12,104685.0,1515492.2,841447.31
202408,Y61,EAST OF ENGLAND,13,224223.0,32275279.0,2553760.82
202408,Y61,EAST OF ENGLAND,14,22214.0,22344.0,311350.93
202408,Y61,EAST OF ENGLAND,15,14451.0,216430.0,212509.95
202408,Y61,EAST OF ENGLAND,18,2.0,2000.0,350.0
202408,Y61,EAST OF ENGLAND,19,4661.0,1753165.0,92631.93
202408,Y61,EAST OF ENGLAND,20,38452.0,1096080.5,1972564.99
202408,Y61,EAST OF ENGLAND,21,392811.0,60277591.5,13222857.79
202408,Y61,EAST OF ENGLAND,22,53339.0,991562.0,1529209.89
202408,Y61,EAST OF ENGLAND,23,172987.0,14397469.3,12405791.53
202408,Y62,NORTH WEST,1,1433808.0,118210119.0,9166449.85
202408,Y62,NORTH WEST,2,4253940.0,149812604.0,17651755.23
202408,Y62,NORTH WEST,3,982929.0,20927229.0,14663194.14
202408,Y62,NORTH WEST,4,3005240.0,207742534.4,21045677.12
202408,Y62,NORTH WEST,5,419624.0,14779412.5,2722717.43
202408,Y62,NORTH WEST,6,1499064.0,71097813.0,22229853.51
202408,Y62,NORTH WEST,7,386098.0,14734545.0,3052896.56
202408,Y62,NORTH WEST,8,45499.0,1688734.0,1567793.63
202408,Y62,NORTH WEST,9,840574.0,498164799.5,12525411.67
202408,Y62,NORTH WEST,10,381214.0,26466619.0,1668381.84
202408,Y62,NORTH WEST,11,169527.0,2810897.0,1638896.95
202408,Y62,NORTH WEST,12,135034.0,3085887.6,1157765.2200000002
202408,Y62,NORTH WEST,13,347807.0,68917481.0,4284775.45
202408,Y62,NORTH WEST,14,11686.0,11807.0,168127.78
202408,Y62,NORTH WEST,15,23501.0,432540.5,408987.24
202408,Y62,NORTH WEST,18,5.0,11800.0,2065.0
202408,Y62,NORTH WEST,19,9065.0,3050284.0,124918.2
202408,Y62,NORTH WEST,20,146666.0,3265895.3,4525547.83
202408,Y62,NORTH WEST,21,492648.0,84013433.0,9553340.28
202408,Y62,NORTH WEST,22,33091.0,641036.0,805404.49
202408,Y62,NORTH WEST,23,100161.0,9699902.9,4510094.42
202408,Y63,NORTH EAST AND YORKSHIRE,1,2096336.0,152567754.0,12125466.55
202408,Y63,NORTH EAST AND YORKSHIRE,2,6618750.0,214707553.0,25020209.62
202408,Y63,NORTH EAST AND YORKSHIRE,3,1328709.0,26872157.0,20778984.83
202408,Y63,NORTH EAST AND YORKSHIRE,4,4174120.0,274487438.6,25889207.45
202408,Y63,NORTH EAST AND YORKSHIRE,5,526850.0,18017603.5,3656945.97
202408,Y63,NORTH EAST AND YORKSHIRE,6,2274337.0,102002263.5,30571943.01
202408,Y63,NORTH EAST AND YORKSHIRE,7,578797.0,21849354.0,3996852.16
202408,Y63,NORTH EAST AND YORKSHIRE,8,75912.0,2918653.0,2604046.06
202408,Y63,NORTH EAST AND YORKSHIRE,9,1176363.0,387419043.0,10246787.12
202408,Y63,NORTH EAST AND YORKSHIRE,10,578646.0,36911700.0,2206781.96
202408,Y63,NORTH EAST AND YORKSHIRE,11,227692.0,3665514.5,2204243.35
202408,Y63,NORTH EAST AND YORKSHIRE,12,170128.0,3349928.9,1370384.59
202408,Y63,NORTH EAST AND YORKSHIRE,13,396265.0,68485202.0,4714335.59
202408,Y63,NORTH EAST AND YORKSHIRE,14,11917.0,12093.0,182747.44
202408,Y63,NORTH EAST AND YORKSHIRE,15,19312.0,308915.5,296768.54000000004
202408,Y63,NORTH EAST AND YORKSHIRE,18,3.0,3000.0,525.0
202408,Y63,NORTH EAST AND YORKSHIRE,19,9365.0,3048050.0,143020.03
202408,Y63,NORTH EAST AND YORKSHIRE,20,52327.0,1484800.3,1799083.49
202408,Y63,NORTH EAST AND YORKSHIRE,21,536223.0,89600538.0,9730074.48
202408,Y63,NORTH EAST AND YORKSHIRE,22,11951.0,212765.0,315588.36
202408,Y63,NORTH EAST AND YORKSHIRE,23,60724.0,6381207.100000001,2610619.16
202409,Y56,LONDON,1,1165089.0,81844631.0,7703206.68
202409,Y56,LONDON,2,3887801.0,130835183.0,12632098.31
202409,Y56,LONDON,3,728717.0,17964607.0,11809117.11
202409,Y56,LONDON,4,2164774.0,129239695.6,16955098.39
202409,Y56,LONDON,5,418276.0,15624215.0,2401917.98
202409,Y56,LONDON,6,1712527.0,86496131.5,24171516.380000003
202409,Y56,LONDON,7,355174.0,13104125.0,2754573.48
202409,Y56,LONDON,8,43060.0,1783425.0,1520144.43
202409,Y56,LONDON,9,853226.0,316466871.5,8014913.36
202409,Y56,LONDON,10,305994.0,20977973.0,1292439.97
202409,Y56,LONDON,11,169153.0,3863135.5,2245122.41
202409,Y56,LONDON,12,128276.0,3927499.1,1116109.83
202409,Y56,LONDON,13,345175.0,62360610.5,4236802.45
202409,Y56,LONDON,14,40749.0,41354.0,579897.37
202409,Y56,LONDON,15,13125.0,296372.5,336729.36
202409,Y56,LONDON,18,1.0,100.0,17.5
202409,Y56,LONDON,19,7832.0,7792173.0,128252.39
202409,Y56,LONDON,20,43542.0,1204509.3,1260717.08
202409,Y56,LONDON,21,455366.0,97318139.5,6789269.21
202409,Y56,LONDON,22,23869.0,416593.0,558667.1
202409,Y56,LONDON,23,44049.0,5229121.9,1373333.75
202409,Y58,SOUTH WEST,1,894136.0,63933445.0,5787238.98
202409,Y58,SOUTH WEST,2,2873488.0,106056091.0,12052116.27
202409,Y58,SOUTH WEST,3,547248.0,11444213.0,9469563.52
202409,Y58,SOUTH WEST,4,1817659.0,127940149.4,12855309.98
202409,Y58,SOUTH WEST,5,291381.0,9667449.0,1941219.35
202409,Y58,SOUTH WEST,6,1052883.0,51933997.5,15548157.2
202409,Y58,SOUTH WEST,7,294327.0,11913558.0,2329696.75
202409,Y58,SOUTH WEST,8,38329.0,1506695.0,1642817.81
202409,Y58,SOUTH WEST,9,527340.0,176644252.0,4517945.25
202409,Y58,SOUTH WEST,10,251962.0,15097289.0,1193469.3199999998
202409,Y58,SOUTH WEST,11,121949.0,2089101.5,1225239.35
202409,Y58,SOUTH WEST,12,80661.0,1359336.4,645149.27
202409,Y58,SOUTH WEST,13,181785.0,26404775.5,2113796.47
202409,Y58,SOUTH WEST,14,17492.0,17744.0,247529.81
202409,Y58,SOUTH WEST,15,19847.0,215165.5,189359.07
202409,Y58,SOUTH WEST,18,1.0,300.0,52.5
202409,Y58,SOUTH WEST,19,3198.0,664734.0,54945.850000000006
202409,Y58,SOUTH WEST,20,30918.0,532330.5,586184.16
202409,Y58,SOUTH WEST,21,293635.0,48810652.5,6719378.37
202409,Y58,SOUTH WEST,22,39080.0,632534.0,898485.91
202409,Y58,SOUTH WEST,23,44473.0,3930795.8,1750256.74
202409,Y59,SOUTH EAST,1,1168217.0,87487639.0,8665080.280000001
202409,Y59,SOUTH EAST,2,3787331.0,152349837.0,16504973.12
202409,Y59,SOUTH EAST,3,775841.0,17564263.0,13843745.44
202409,Y59,SOUTH EAST,4,2427622.0,164689482.6,19981914.96
202409,Y59,SOUTH EAST,5,464187.0,16545999.5,2850180.63
202409,Y59,SOUTH EAST,6,1479702.0,79352836.5,25422363.19
202409,Y59,SOUTH EAST,7,396029.0,17187475.0,3492870.91
202409,Y59,SOUTH EAST,8,58382.0,2553804.0,2478427.73
202409,Y59,SOUTH EAST,9,774960.0,513632987.0,12554441.01
202409,Y59,SOUTH EAST,10,324771.0,20672639.0,1609368.64
202409,Y59,SOUTH EAST,11,170926.0,3546046.5,2051980.68
202409,Y59,SOUTH EAST,12,126157.0,2041425.1,1062870.37
202409,Y59,SOUTH EAST,13,270596.0,41437008.0,3314075.66
202409,Y59,SOUTH EAST,14,29547.0,29726.0,434009.66
202409,Y59,SOUTH EAST,15,22469.0,310756.5,295675.14
202409,Y59,SOUTH EAST,19,5402.0,1808362.0,121666.86
202409,Y59,SOUTH EAST,20,33661.0,1485479.3,816534.5800000001
202409,Y59,SOUTH EAST,21,385470.0,65532136.5,9729810.97
202409,Y59,SOUTH EAST,22,36419.0,703521.0,875756.83
202409,Y59,SOUTH EAST,23,88918.0,8786563.4,5283748.92
202409,Y60,MIDLANDS,1,1845430.0,147343953.0,11765126.35
202409,Y60,MIDLANDS,2,5930346.0,215487886.0,23611453.74
202409,Y60,MIDLANDS,3,1259293.0,27239547.0,19700137.38
202409,Y60,MIDLANDS,4,3774474.0,274649654.4,27743165.64
202409,Y60,MIDLANDS,5,629369.0,22609579.5,3790468.69
202409,Y60,MIDLANDS,6,2185879.0,108629174.5,33964483.15
202409,Y60,MIDLANDS,7,536099.0,21612210.0,4116564.78
202409,Y60,MIDLANDS,8,66154.0,2457403.0,2642633.63
202409,Y60,MIDLANDS,9,1096286.0,936303870.5,21867480.59
202409,Y60,MIDLANDS,10,524095.0,35824502.0,2143152.79
202409,Y60,MIDLANDS,11,254023.0,5192209.0,2906054.25
202409,Y60,MIDLANDS,12,180721.0,4314727.0,1454506.02
202409,Y60,MIDLANDS,13,432879.0,79533937.0,5033124.04
202409,Y60,MIDLANDS,14,39097.0,39329.0,539618.81
202409,Y60,MIDLANDS,15,28995.0,382994.5,311976.89
202409,Y60,MIDLANDS,19,10286.0,3450822.0,159755.87
202409,Y60,MIDLANDS,20,118361.0,3019834.7,3756720.17
202409,Y60,MIDLANDS,21,698159.0,114148893.0,12183485.74
202409,Y60,MIDLANDS,22,24660.0,455538.0,632940.8
202409,Y60,MIDLANDS,23,140859.0,13555840.3,8188957.1
202409,Y61,EAST OF ENGLAND,1,1052005.0,71243166.0,7118501.57
202409,Y61,EAST OF ENGLAND,2,3564221.0,121525620.0,14048516.2
202409,Y61,EAST OF ENGLAND,3,695908.0,14851287.0,11050010.05
202409,Y61,EAST OF ENGLAND,4,2125093.0,134526046.6,14919243.55
202409,Y61,EAST OF ENGLAND,5,382161.0,13420587.5,2245762.74
202409,Y61,EAST OF ENGLAND,6,1348645.0,63407759.5,19147353.25
202409,Y61,EAST OF ENGLAND,7,340814.0,13218240.0,2496054.72
202409,Y61,EAST OF ENGLAND,8,52341.0,2052928.0,2069507.78
202409,Y61,EAST OF ENGLAND,9,550064.0,195965488.5,5460735.71
202409,Y61,EAST OF ENGLAND,10,291194.0,17213384.0,1485248.28
202409,Y61,EAST OF ENGLAND,11,141484.0,2524215.5,1552590.87
202409,Y61,EAST OF ENGLAND,12,99456.0,1552511.1,794263.08
202409,Y61,EAST OF ENGLAND,13,214158.0,30943937.0,2469003.0
202409,Y61,EAST OF ENGLAND,14,30563.0,30732.0,426645.9
202409,Y61,EAST OF ENGLAND,15,14840.0,222538.0,207176.02
202409,Y61,EAST OF ENGLAND,19,4360.0,1600244.0,98001.41
202409,Y61,EAST OF ENGLAND,20,37188.0,1091405.6,1972943.69
202409,Y61,EAST OF ENGLAND,21,382846.0,58441079.5,13019932.46
202409,Y61,EAST OF ENGLAND,22,52932.0,984891.0,1524929.19
202409,Y61,EAST OF ENGLAND,23,171960.0,14253888.9,12409217.73
202409,Y62,NORTH WEST,1,1402457.0,116146657.0,8960430.96
202409,Y62,NORTH WEST,2,4126079.0,145625655.0,15581172.25
202409,Y62,NORTH WEST,3,968052.0,20066863.0,14407511.3
202409,Y62,NORTH WEST,4,2930900.0,202717431.0,20437924.86
202409,Y62,NORTH WEST,5,434971.0,15658551.0,2749233.35
202409,Y62,NORTH WEST,6,1464734.0,69412287.0,21832039.74
202409,Y62,NORTH WEST,7,377530.0,14483279.0,3031277.91
202409,Y62,NORTH WEST,8,43890.0,1650172.0,1467671.35
202409,Y62,NORTH WEST,9,821912.0,486219088.0,12148477.72
202409,Y62,NORTH WEST,10,375278.0,26122655.0,1701335.46
202409,Y62,NORTH WEST,11,161763.0,2693869.0,1567229.91
202409,Y62,NORTH WEST,12,131225.0,3112155.3,1108903.77
202409,Y62,NORTH WEST,13,340085.0,66988307.0,4218644.31
202409,Y62,NORTH WEST,14,18382.0,18538.5,250380.24
202409,Y62,NORTH WEST,15,23100.0,346696.5,391089.89
202409,Y62,NORTH WEST,18,5.0,4700.0,822.5
202409,Y62,NORTH WEST,19,8101.0,2636545.0,113608.99
202409,Y62,NORTH WEST,20,148269.0,3262253.7,4688781.27
202409,Y62,NORTH WEST,21,487916.0,82397049.5,9439112.48
202409,Y62,NORTH WEST,22,32690.0,634710.0,799049.72
202409,Y62,NORTH WEST,23,100746.0,9662133.2,4576510.27
202409,Y63,NORTH EAST AND YORKSHIRE,1,2059524.0,149221652.0,11887668.13
202409,Y63,NORTH EAST AND YORKSHIRE,2,6473276.0,209420964.0,21354051.15
202409,Y63,NORTH EAST AND YORKSHIRE,3,1311230.0,25788093.0,20639363.73
202409,Y63,NORTH EAST AND YORKSHIRE,4,4099012.0,267670292.0,25221625.6
202409,Y63,NORTH EAST AND YORKSHIRE,5,537724.0,18752273.0,3567353.92
202409,Y63,NORTH EAST AND YORKSHIRE,6,2235805.0,100100198.5,30022394.47
202409,Y63,NORTH EAST AND YORKSHIRE,7,569411.0,21432157.0,3996328.23
202409,Y63,NORTH EAST AND YORKSHIRE,8,73886.0,2840070.0,2548994.68
202409,Y63,NORTH EAST AND YORKSHIRE,9,1156523.0,377917684.0,10113581.5
202409,Y63,NORTH EAST AND YORKSHIRE,10,569734.0,36179538.0,2242307.72
202409,Y63,NORTH EAST AND YORKSHIRE,11,217739.0,3534661.0,2123269.73
202409,Y63,NORTH EAST AND YORKSHIRE,12,163823.0,3304325.8,1297022.13
202409,Y63,NORTH EAST AND YORKSHIRE,13,385717.0,66942573.0,4664577.01
202409,Y63,NORTH EAST AND YORKSHIRE,14,23689.0,23949.0,345418.02
202409,Y63,NORTH EAST AND YORKSHIRE,15,21071.0,312035.5,293489.91
202409,Y63,NORTH EAST AND YORKSHIRE,18,1.0,1000.0,175.0
202409,Y63,NORTH EAST AND YORKSHIRE,19,9432.0,2924242.0,132743.5
202409,Y63,NORTH EAST AND YORKSHIRE,20,50452.0,1367045.7,1749861.39
202409,Y63,NORTH EAST AND YORKSHIRE,21,528805.0,87312434.0,9531733.05
202409,Y63,NORTH EAST AND YORKSHIRE,22,11042.0,200063.0,289732.32
202409,Y63,NORTH EAST AND YORKSHIRE,23,57244.0,5972828.699999999,2384321.09
202410,Y56,LONDON,1,1233642.0,86827821.0,8042943.279999999
202410,Y56,LONDON,2,4117098.0,138348034.0,12067765.919999998
202410,Y56,LONDON,3,765742.0,18300188.0,11689631.67
202410,Y56,LONDON,4,2285643.0,136595512.6,17669410.14
202410,Y56,LONDON,5,487601.0,18813698.5,2555325.4
202410,Y56,LONDON,6,1815341.0,90935388.0,25622430.3
202410,Y56,LONDON,7,373764.0,13611951.0,2984171.77
202410,Y56,LONDON,8,44882.0,1871643.0,1556320.28
202410,Y56,LONDON,9,904979.0,335510752.5,8359691.84
202410,Y56,LONDON,10,319989.0,21888511.0,1363672.64
202410,Y56,LONDON,11,178188.0,4079786.5,2362742.39
202410,Y56,LONDON,12,135528.0,4198762.7,1225392.06
202410,Y56,LONDON,13,362359.0,64905067.0,4399237.92
202410,Y56,LONDON,14,367279.0,367554.0,4843137.79
202410,Y56,LONDON,15,13945.0,307872.0,337964.83
202410,Y56,LONDON,19,8461.0,7730851.0,126695.96
202410,Y56,LONDON,20,46249.0,1271272.0,1343769.9
202410,Y56,LONDON,21,480901.0,101231442.0,7177370.609999999
202410,Y56,LONDON,22,24906.0,434011.0,587133.33
202410,Y56,LONDON,23,45762.0,5441255.8,1434213.53
202410,Y58,SOUTH WEST,1,950330.0,68018729.0,6173285.96
202410,Y58,SOUTH WEST,2,3047892.0,112066888.0,11525838.51
202410,Y58,SOUTH WEST,3,580958.0,11780952.0,9913306.89
202410,Y58,SOUTH WEST,4,1938545.0,136675631.2,13581521.21
202410,Y58,SOUTH WEST,5,334111.0,11197057.0,2007393.77
202410,Y58,SOUTH WEST,6,1121008.0,54918228.5,16437644.11
202410,Y58,SOUTH WEST,7,309765.0,12408737.0,2493184.23
202410,Y58,SOUTH WEST,8,40232.0,1580290.0,1701780.28
202410,Y58,SOUTH WEST,9,562713.0,185838676.0,4697224.99
202410,Y58,SOUTH WEST,10,264318.0,15835597.0,1241444.12
202410,Y58,SOUTH WEST,11,128151.0,2201364.5,1307988.91
202410,Y58,SOUTH WEST,12,86710.0,1471460.2,746124.6
202410,Y58,SOUTH WEST,13,197008.0,27981322.0,2245857.62
202410,Y58,SOUTH WEST,14,751685.0,751826.0,10281964.76
202410,Y58,SOUTH WEST,15,21383.0,231416.5,198752.0
202410,Y58,SOUTH WEST,19,3487.0,740881.0,66926.11
202410,Y58,SOUTH WEST,20,31645.0,536863.8,591277.3200000001
202410,Y58,SOUTH WEST,21,314360.0,51931318.5,7417755.25
202410,Y58,SOUTH WEST,22,42937.0,703252.0,979229.98
202410,Y58,SOUTH WEST,23,47300.0,4171792.0,1851020.66
202410,Y59,SOUTH EAST,1,1227562.0,92123562.0,9019761.38
202410,Y59,SOUTH EAST,2,3979355.0,160013973.0,15590137.92
202410,Y59,SOUTH EAST,3,812890.0,17689367.0,14098291.71
202410,Y59,SOUTH EAST,4,2549151.0,172648367.0,20719019.39
202410,Y59,SOUTH EAST,5,535140.0,19591945.5,2946970.54
202410,Y59,SOUTH EAST,6,1558236.0,83054369.0,26663056.4
202410,Y59,SOUTH EAST,7,411382.0,17613563.0,3703858.42
202410,Y59,SOUTH EAST,8,61326.0,2670763.0,2620148.3200000003
202410,Y59,SOUTH EAST,9,815643.0,541700546.5,13092603.58
202410,Y59,SOUTH EAST,10,338119.0,21436791.0,1672458.75
202410,Y59,SOUTH EAST,11,179438.0,3737736.5,2170480.06
202410,Y59,SOUTH EAST,12,134925.0,2226362.0,1185255.36
202410,Y59,SOUTH EAST,13,284657.0,42696058.0,3471564.45
202410,Y59,SOUTH EAST,14,876057.0,876216.0,11910900.73
202410,Y59,SOUTH EAST,15,23777.0,367740.5,314280.46
202410,Y59,SOUTH EAST,18,2.0,1100.0,192.5
202410,Y59,SOUTH EAST,19,6270.0,2031671.0,149678.01
202410,Y59,SOUTH EAST,20,34171.0,1588823.0,865832.46
202410,Y59,SOUTH EAST,21,405725.0,68302296.0,10198393.48
202410,Y59,SOUTH EAST,22,37663.0,727016.0,912820.65
202410,Y59,SOUTH EAST,23,96705.0,9472827.6,5763419.87
202410,Y60,MIDLANDS,1,1961247.0,157457885.0,12493403.41
202410,Y60,MIDLANDS,2,6297942.0,228779791.0,22683434.55
202410,Y60,MIDLANDS,3,1335173.0,28114436.0,20591253.45
202410,Y60,MIDLANDS,4,4017539.0,292238768.8,29158561.35
202410,Y60,MIDLANDS,5,734352.0,27294533.5,3938112.84
202410,Y60,MIDLANDS,6,2330116.0,114986943.5,36010175.39
202410,Y60,MIDLANDS,7,565416.0,22535506.0,4388192.18
202410,Y60,MIDLANDS,8,70374.0,2573339.0,2869769.3200000003
202410,Y60,MIDLANDS,9,1170370.0,1023257779.9,23760319.85
202410,Y60,MIDLANDS,10,549466.0,37554549.0,2224070.39
202410,Y60,MIDLANDS,11,268284.0,5512831.0,3072553.0300000003
202410,Y60,MIDLANDS,12,194975.0,4638440.9,1652798.3199999998
202410,Y60,MIDLANDS,13,462045.0,83877189.0,5285896.220000001
202410,Y60,MIDLANDS,14,1055626.0,1055843.0,14191854.36
202410,Y60,MIDLANDS,15,32784.0,442419.0,341872.53
202410,Y60,MIDLANDS,18,2.0,200.0,35.0
202410,Y60,MIDLANDS,19,11901.0,3767574.0,198517.94
202410,Y60,MIDLANDS,20,119881.0,3125169.6,3920779.61
202410,Y60,MIDLANDS,21,741765.0,121147155.0,13031422.45
202410,Y60,MIDLANDS,22,26881.0,494265.0,683152.96
202410,Y60,MIDLANDS,23,153707.0,14700117.3,9101422.42
202410,Y61,EAST OF ENGLAND,1,1112307.0,75696016.0,7398205.71
202410,Y61,EAST OF ENGLAND,2,3768904.0,128644567.0,13666068.4
202410,Y61,EAST OF ENGLAND,3,735487.0,15325863.0,11408532.22
202410,Y61,EAST OF ENGLAND,4,2244699.0,142211724.4,15639530.82
202410,Y61,EAST OF ENGLAND,5,442963.0,16170279.5,2395809.94
202410,Y61,EAST OF ENGLAND,6,1431615.0,66940349.0,20273931.61
202410,Y61,EAST OF ENGLAND,7,358406.0,13735546.0,2686586.97
202410,Y61,EAST OF ENGLAND,8,55602.0,2171837.0,2247235.19
202410,Y61,EAST OF ENGLAND,9,583536.0,207966157.5,5678247.45
202410,Y61,EAST OF ENGLAND,10,303852.0,17954100.0,1544655.66
202410,Y61,EAST OF ENGLAND,11,149739.0,2668232.5,1638877.13
202410,Y61,EAST OF ENGLAND,12,106058.0,1652553.5,887664.03
202410,Y61,EAST OF ENGLAND,13,226555.0,32350851.0,2611883.82
202410,Y61,EAST OF ENGLAND,14,721079.0,721173.0,9742401.81
202410,Y61,EAST OF ENGLAND,15,15953.0,233802.5,212764.72000000003
202410,Y61,EAST OF ENGLAND,19,4627.0,1972828.0,114776.53
202410,Y61,EAST OF ENGLAND,20,38852.0,1145344.9,2047541.82
202410,Y61,EAST OF ENGLAND,21,408643.0,61415488.0,14183754.65
202410,Y61,EAST OF ENGLAND,22,57556.0,1072105.0,1665061.34
202410,Y61,EAST OF ENGLAND,23,182168.0,14964969.9,13173467.48
202410,Y62,NORTH WEST,1,1498824.0,124181836.0,9603437.18
202410,Y62,NORTH WEST,2,4413597.0,155343748.0,15062844.15
202410,Y62,NORTH WEST,3,1035082.0,21016383.0,15353769.98
202410,Y62,NORTH WEST,4,3147385.0,216540171.2,21599541.86
202410,Y62,NORTH WEST,5,505155.0,18517248.5,2837094.87
202410,Y62,NORTH WEST,6,1573532.0,74178468.5,23291480.63
202410,Y62,NORTH WEST,7,401581.0,15214485.0,3300572.19
202410,Y62,NORTH WEST,8,46711.0,1743654.0,1575623.62
202410,Y62,NORTH WEST,9,882456.0,518648185.9,12809210.85
202410,Y62,NORTH WEST,10,397562.0,27794491.0,1797468.17
202410,Y62,NORTH WEST,11,171690.0,2867134.0,1672071.14
202410,Y62,NORTH WEST,12,143547.0,3375907.5,1288167.91
202410,Y62,NORTH WEST,13,366135.0,71820621.0,4511031.32
202410,Y62,NORTH WEST,14,602030.0,602149.0,8050382.57
202410,Y62,NORTH WEST,15,25033.0,374703.5,413463.9
202410,Y62,NORTH WEST,18,1.0,3400.0,595.0
202410,Y62,NORTH WEST,19,8964.0,2669460.0,125195.86000000002
202410,Y62,NORTH WEST,20,152278.0,3360683.3,4806133.24
202410,Y62,NORTH WEST,21,520670.0,87772743.0,10187397.09
202410,Y62,NORTH WEST,22,35560.0,678138.0,856014.85
202410,Y62,NORTH WEST,23,107971.0,10279285.1,4888075.3100000005
202410,Y63,NORTH EAST AND YORKSHIRE,1,2197365.0,160759537.0,12771227.29
202410,Y63,NORTH EAST AND YORKSHIRE,2,6909399.0,224233000.0,20523088.1
202410,Y63,NORTH EAST AND YORKSHIRE,3,1398731.0,26793626.0,21883238.31
202410,Y63,NORTH EAST AND YORKSHIRE,4,4387699.0,286409154.20000005,26650873.95
202410,Y63,NORTH EAST AND YORKSHIRE,5,622101.0,22088559.5,3764348.37
202410,Y63,NORTH EAST AND YORKSHIRE,6,2402767.0,107282641.5,32298331.94
202410,Y63,NORTH EAST AND YORKSHIRE,7,605771.0,22639585.0,4353902.12
202410,Y63,NORTH EAST AND YORKSHIRE,8,79025.0,3028570.0,2754027.76
202410,Y63,NORTH EAST AND YORKSHIRE,9,1236804.0,405712178.0,10567158.07
202410,Y63,NORTH EAST AND YORKSHIRE,10,604196.0,38406611.0,2366837.36
202410,Y63,NORTH EAST AND YORKSHIRE,11,230934.0,3786409.5,2263933.75
202410,Y63,NORTH EAST AND YORKSHIRE,12,178486.0,3601332.9000000004,1494567.12
202410,Y63,NORTH EAST AND YORKSHIRE,13,417108.0,70957270.0,4988079.0
202410,Y63,NORTH EAST AND YORKSHIRE,14,896591.0,899909.0,12033233.31
202410,Y63,NORTH EAST AND YORKSHIRE,15,23388.0,2139213.0,312850.95
202410,Y63,NORTH EAST AND YORKSHIRE,18,2.0,2000.0,350.0
202410,Y63,NORTH EAST AND YORKSHIRE,19,9645.0,3247216.0,168846.67
202410,Y63,NORTH EAST AND YORKSHIRE,20,53644.0,1513027.0,1894647.04
202410,Y63,NORTH EAST AND YORKSHIRE,21,564707.0,93591311.0,10255987.1
202410,Y63,NORTH EAST AND YORKSHIRE,22,12645.0,222276.0,325292.97
202410,Y63,NORTH EAST AND YORKSHIRE,23,64662.0,6694443.5,2910507.21
202411,Y56,LONDON,1,1195240.0,83694299.0,7847340.66
202411,Y56,LONDON,2,4001642.0,133656072.0,11526840.7
202411,Y56,LONDON,3,740117.0,17637032.0,11186321.04
202411,Y56,LONDON,4,2212543.0,131388532.6,17258461.27
202411,Y56,LONDON,5,491658.0,20059406.0,2466975.79
202411,Y56,LONDON,6,1763639.0,87787572.5,24851747.53
202411,Y56,LONDON,7,362197.0,13095002.5,2915202.69
202411,Y56,LONDON,8,43687.0,1816146.0,1506724.35
202411,Y56,LONDON,9,884523.0,322878178.5,8113175.54
202411,Y56,LONDON,10,304576.0,20881789.0,1286918.24
202411,Y56,LONDON,11,170931.0,3923991.5,2300700.24
202411,Y56,LONDON,12,132256.0,4107470.8,1198161.38
202411,Y56,LONDON,13,353433.0,62953232.5,4294421.67
202411,Y56,LONDON,14,165666.0,165877.0,2190542.76
202411,Y56,LONDON,15,13224.0,296888.5,322305.74
202411,Y56,LONDON,19,7805.0,8078008.0,120767.36
202411,Y56,LONDON,20,42506.0,1193246.1,1203769.09
202411,Y56,LONDON,21,470351.0,100149974.0,7016981.84
202411,Y56,LONDON,22,23187.0,400664.0,543037.41
202411,Y56,LONDON,23,44270.0,5285562.2,1411273.15
202411,Y58,SOUTH WEST,1,912837.0,65355119.0,5947776.86
202411,Y58,SOUTH WEST,2,2943357.0,108282386.0,10926009.84
202411,Y58,SOUTH WEST,3,559887.0,11240544.0,9555038.43
202411,Y58,SOUTH WEST,4,1851548.0,129781062.0,13034058.59
202411,Y58,SOUTH WEST,5,329628.0,11412019.0,1954404.73
202411,Y58,SOUTH WEST,6,1081425.0,52885989.0,15937520.92
202411,Y58,SOUTH WEST,7,298025.0,11919885.0,2418441.26
202411,Y58,SOUTH WEST,8,38167.0,1498803.0,1579659.79
202411,Y58,SOUTH WEST,9,537153.0,176229758.9,4424265.5200000005
202411,Y58,SOUTH WEST,10,251555.0,15043841.0,1190655.13
202411,Y58,SOUTH WEST,11,122633.0,2121277.0,1281697.6800000002
202411,Y58,SOUTH WEST,12,82641.0,1426538.4,718073.25
202411,Y58,SOUTH WEST,13,190985.0,26951086.0,2177190.39
202411,Y58,SOUTH WEST,14,222757.0,222881.0,3089386.2
202411,Y58,SOUTH WEST,15,20031.0,206700.0,178642.66
202411,Y58,SOUTH WEST,18,1.0,300.0,52.5
202411,Y58,SOUTH WEST,19,3329.0,686287.0,67914.69
202411,Y58,SOUTH WEST,20,29228.0,505051.2,563474.14
202411,Y58,SOUTH WEST,21,297934.0,49961829.5,6917931.85
202411,Y58,SOUTH WEST,22,33993.0,566585.0,779762.8600000001
202411,Y58,SOUTH WEST,23,43334.0,3821551.5,1721249.67
202411,Y59,SOUTH EAST,1,1184245.0,88752843.0,8724643.77
202411,Y59,SOUTH EAST,2,3850749.0,155181652.0,14807069.8
202411,Y59,SOUTH EAST,3,788451.0,16942815.0,13639697.28
202411,Y59,SOUTH EAST,4,2452407.0,165724176.4,20019018.75
202411,Y59,SOUTH EAST,5,535401.0,20476419.0,2874248.18
202411,Y59,SOUTH EAST,6,1511295.0,80171437.5,26058734.8
202411,Y59,SOUTH EAST,7,398978.0,17091668.0,3593153.12
202411,Y59,SOUTH EAST,8,58890.0,2591392.0,2517230.7
202411,Y59,SOUTH EAST,9,781745.0,522620404.5,12700707.95
202411,Y59,SOUTH EAST,10,322454.0,20505540.0,1585684.31
202411,Y59,SOUTH EAST,11,172686.0,3612569.5,2123211.94
202411,Y59,SOUTH EAST,12,131602.0,2209224.9000000004,1162599.24
202411,Y59,SOUTH EAST,13,281537.0,42040703.0,3405145.17
202411,Y59,SOUTH EAST,14,340525.0,340671.0,4553583.17
202411,Y59,SOUTH EAST,15,22143.0,310508.0,283757.66
202411,Y59,SOUTH EAST,19,5701.0,1783977.0,137110.97999999998
202411,Y59,SOUTH EAST,20,32539.0,1463697.7,854399.23
202411,Y59,SOUTH EAST,21,397031.0,67493997.0,10046543.62
202411,Y59,SOUTH EAST,22,34863.0,670681.0,855976.51
202411,Y59,SOUTH EAST,23,88969.0,8754245.0,5312424.0200000005
202411,Y60,MIDLANDS,1,1872347.0,150403521.0,11981483.59
202411,Y60,MIDLANDS,2,6020518.0,218852053.0,21341719.49
202411,Y60,MIDLANDS,3,1275154.0,26851734.0,19561105.24
202411,Y60,MIDLANDS,4,3822322.0,277925185.6,27929316.49
202411,Y60,MIDLANDS,5,736004.0,29035644.0,3833889.98
202411,Y60,MIDLANDS,6,2229780.0,109678968.0,34675087.37
202411,Y60,MIDLANDS,7,539382.0,21623708.0,4235862.67
202411,Y60,MIDLANDS,8,66388.0,2455677.0,2664681.0
202411,Y60,MIDLANDS,9,1110393.0,945235174.3,22068811.16
202411,Y60,MIDLANDS,10,516135.0,35328407.0,2097036.4
202411,Y60,MIDLANDS,11,254722.0,5249409.0,2933107.31
202411,Y60,MIDLANDS,12,186098.0,4435547.1,1579875.48
202411,Y60,MIDLANDS,13,444535.0,81067642.0,5058933.71
202411,Y60,MIDLANDS,14,339783.0,339976.0,4580954.63
202411,Y60,MIDLANDS,15,28945.0,383824.0,308848.01
202411,Y60,MIDLANDS,19,10356.0,3357900.0,167604.32
202411,Y60,MIDLANDS,20,109990.0,3070560.1,3779932.86
202411,Y60,MIDLANDS,21,714097.0,117394143.0,12518029.46
202411,Y60,MIDLANDS,22,25266.0,464181.0,652302.7
202411,Y60,MIDLANDS,23,143118.0,13916986.6,8545452.06
202411,Y61,EAST OF ENGLAND,1,1069690.0,72662583.0,7211672.72
202411,Y61,EAST OF ENGLAND,2,3628830.0,123854723.0,13001200.12
202411,Y61,EAST OF ENGLAND,3,708221.0,14592459.0,10896479.5
202411,Y61,EAST OF ENGLAND,4,2152118.0,135812986.8,15083180.71
202411,Y61,EAST OF ENGLAND,5,445277.0,17210674.5,2346999.62
202411,Y61,EAST OF ENGLAND,6,1378019.0,64139830.5,19572731.08
202411,Y61,EAST OF ENGLAND,7,344347.0,13252885.0,2598306.4
202411,Y61,EAST OF ENGLAND,8,52719.0,2047535.0,2085748.42
202411,Y61,EAST OF ENGLAND,9,559253.0,200481836.0,5516912.84
202411,Y61,EAST OF ENGLAND,10,288047.0,17050852.0,1471724.64
202411,Y61,EAST OF ENGLAND,11,143445.0,2566763.0,1581376.4
202411,Y61,EAST OF ENGLAND,12,102692.0,1623406.7000000002,857097.88
202411,Y61,EAST OF ENGLAND,13,220594.0,31263801.0,2519718.82
202411,Y61,EAST OF ENGLAND,14,200306.0,200506.0,2702711.69
202411,Y61,EAST OF ENGLAND,15,15260.0,218939.5,209753.92
202411,Y61,EAST OF ENGLAND,19,4294.0,1826918.0,90345.91
202411,Y61,EAST OF ENGLAND,20,36529.0,1118146.1,1931067.42
202411,Y61,EAST OF ENGLAND,21,398012.0,60131573.0,13742745.77
202411,Y61,EAST OF ENGLAND,22,54647.0,1021442.0,1580957.1800000002
202411,Y61,EAST OF ENGLAND,23,172849.0,14362200.0,12733799.53
202411,Y62,NORTH WEST,1,1411054.0,117030131.0,9093848.8
202411,Y62,NORTH WEST,2,4169498.0,147217455.0,14049034.23
202411,Y62,NORTH WEST,3,980562.0,19672906.0,14475124.11
202411,Y62,NORTH WEST,4,2954969.0,203306160.8,20454122.6
202411,Y62,NORTH WEST,5,496183.0,19015036.0,2664250.47
202411,Y62,NORTH WEST,6,1488090.0,70046771.0,22092464.13
202411,Y62,NORTH WEST,7,378427.0,14371730.0,3149690.46
202411,Y62,NORTH WEST,8,44184.0,1660520.0,1516013.19
202411,Y62,NORTH WEST,9,825898.0,480631793.5,12002654.67
202411,Y62,NORTH WEST,10,372411.0,26070424.0,1688886.31
202411,Y62,NORTH WEST,11,161954.0,2731414.5,1599274.55
202411,Y62,NORTH WEST,12,137463.0,3283069.8,1234868.72
202411,Y62,NORTH WEST,13,350035.0,68656615.0,4268326.69
202411,Y62,NORTH WEST,14,194832.0,195525.0,2593416.22
202411,Y62,NORTH WEST,15,23247.0,357275.5,391473.62
202411,Y62,NORTH WEST,18,5.0,8700.0,1522.5
202411,Y62,NORTH WEST,19,7901.0,2557100.0,137472.63999999998
202411,Y62,NORTH WEST,20,139500.0,3085969.0,4419800.22
202411,Y62,NORTH WEST,21,497395.0,85267734.0,9627615.78
202411,Y62,NORTH WEST,22,33059.0,634494.0,795997.63
202411,Y62,NORTH WEST,23,99051.0,9486899.9,4664850.25
202411,Y63,NORTH EAST AND YORKSHIRE,1,2098270.0,152801281.0,12230904.2
202411,Y63,NORTH EAST AND YORKSHIRE,2,6621027.0,214999422.0,19356248.34
202411,Y63,NORTH EAST AND YORKSHIRE,3,1329822.0,25300580.0,20773360.3
202411,Y63,NORTH EAST AND YORKSHIRE,4,4175610.0,270815417.79999995,25529938.75
202411,Y63,NORTH EAST AND YORKSHIRE,5,612665.0,22731515.0,3575708.71
202411,Y63,NORTH EAST AND YORKSHIRE,6,2297412.0,102094020.0,31070605.62
202411,Y63,NORTH EAST AND YORKSHIRE,7,578564.0,21610150.0,4184597.56
202411,Y63,NORTH EAST AND YORKSHIRE,8,74799.0,2888844.0,2539797.55
202411,Y63,NORTH EAST AND YORKSHIRE,9,1179219.0,381931572.0,10047126.45
202411,Y63,NORTH EAST AND YORKSHIRE,10,569770.0,36207671.0,2239159.54
202411,Y63,NORTH EAST AND YORKSHIRE,11,219497.0,3601683.5,2185137.99
202411,Y63,NORTH EAST AND YORKSHIRE,12,168694.0,3393443.5,1415182.31
202411,Y63,NORTH EAST AND YORKSHIRE,13,400626.0,67954057.0,4743623.97
202411,Y63,NORTH EAST AND YORKSHIRE,14,299444.0,299657.0,3997054.88
202411,Y63,NORTH EAST AND YORKSHIRE,15,22319.0,3916754.0,290915.5
202411,Y63,NORTH EAST AND YORKSHIRE,18,1.0,1000.0,175.0
202411,Y63,NORTH EAST AND YORKSHIRE,19,8861.0,3019418.0,159158.53
202411,Y63,NORTH EAST AND YORKSHIRE,20,50391.0,1498748.6,1833388.12
202411,Y63,NORTH EAST AND YORKSHIRE,21,543340.0,90686372.0,10033927.78
202411,Y63,NORTH EAST AND YORKSHIRE,22,11781.0,213340.0,308384.99
202411,Y63,NORTH EAST AND YORKSHIRE,23,58276.0,6095958.699999999,2633149.49
202412,Y56,LONDON,1,1196967.0,83468018.0,7867676.76
202412,Y56,LONDON,2,4038218.0,135383512.0,11730344.62
202412,Y56,LONDON,3,739604.0,17547585.0,11298956.17
202412,Y56,LONDON,4,2227713.0,133446745.0,17533924.27
202412,Y56,LONDON,5,535206.0,22272623.0,2624833.09
202412,Y56,LONDON,6,1780480.0,88389536.5,25086679.37
202412,Y56,LONDON,7,359645.0,12916437.0,2884488.39
202412,Y56,LONDON,8,44027.0,1824683.0,1563436.8299999998
202412,Y56,LONDON,9,883193.0,317861668.0,8019543.61
202412,Y56,LONDON,10,299180.0,20468564.0,1363346.9
202412,Y56,LONDON,11,171602.0,3948486.5,2316894.85
202412,Y56,LONDON,12,130910.0,3852419.3,1188802.78
202412,Y56,LONDON,13,331544.0,60235596.0,4041721.23
202412,Y56,LONDON,14,147943.0,148105.0,1976265.64
202412,Y56,LONDON,15,13563.0,306724.5,350614.99
202412,Y56,LONDON,19,9139.0,7594746.0,130427.1
202412,Y56,LONDON,20,42054.0,1166830.2000000002,1223069.15
202412,Y56,LONDON,21,463332.0,98167608.0,7005595.74
202412,Y56,LONDON,22,22611.0,395448.0,528017.84
202412,Y56,LONDON,23,45535.0,5378297.6,1467796.69
202412,Y58,SOUTH WEST,1,936755.0,67084029.0,6087942.19
202412,Y58,SOUTH WEST,2,3033547.0,112330889.0,11267236.2
202412,Y58,SOUTH WEST,3,579263.0,11549290.0,9976375.43
202412,Y58,SOUTH WEST,4,1905842.0,135105367.4,13621657.97
202412,Y58,SOUTH WEST,5,366998.0,12780996.5,2071357.82
202412,Y58,SOUTH WEST,6,1118853.0,54562302.5,16574692.8
202412,Y58,SOUTH WEST,7,302005.0,11948885.0,2433593.86
202412,Y58,SOUTH WEST,8,39870.0,1559633.0,1679858.8
202412,Y58,SOUTH WEST,9,550055.0,179673030.5,4555560.8
202412,Y58,SOUTH WEST,10,254064.0,15299722.0,1244093.63
202412,Y58,SOUTH WEST,11,126572.0,2199732.0,1319605.69
202412,Y58,SOUTH WEST,12,84872.0,1452011.5,730377.93
202412,Y58,SOUTH WEST,13,180414.0,26430576.0,2032769.67
202412,Y58,SOUTH WEST,14,114953.0,115086.0,1569065.21
202412,Y58,SOUTH WEST,15,19929.0,218962.0,198194.69
202412,Y58,SOUTH WEST,19,4179.0,778345.0,105434.39
202412,Y58,SOUTH WEST,20,28433.0,523805.0,572568.25
202412,Y58,SOUTH WEST,21,307614.0,51168125.5,7308792.890000001
202412,Y58,SOUTH WEST,22,46996.0,779502.0,1072378.41
202412,Y58,SOUTH WEST,23,45453.0,4022629.6,1802723.75
202412,Y59,SOUTH EAST,1,1213876.0,90936154.0,8998149.04
202412,Y59,SOUTH EAST,2,3989700.0,161126999.0,15218349.78
202412,Y59,SOUTH EAST,3,810443.0,17167008.0,14117014.36
202412,Y59,SOUTH EAST,4,2520500.0,171158116.0,20757223.39
202412,Y59,SOUTH EAST,5,592857.0,22896268.0,3062123.49
202412,Y59,SOUTH EAST,6,1564811.0,82942336.0,27077682.19
202412,Y59,SOUTH EAST,7,403266.0,17184530.0,3624198.1
202412,Y59,SOUTH EAST,8,60650.0,2684425.0,2541522.95
202412,Y59,SOUTH EAST,9,797663.0,527571669.0,12905465.79
202412,Y59,SOUTH EAST,10,325705.0,20666193.0,1667670.38
202412,Y59,SOUTH EAST,11,177406.0,3715154.0,2165303.86
202412,Y59,SOUTH EAST,12,132922.0,2124923.9,1172371.59
202412,Y59,SOUTH EAST,13,265812.0,41049212.0,3224901.52
202412,Y59,SOUTH EAST,14,203489.0,203652.0,2762282.54
202412,Y59,SOUTH EAST,15,21309.0,3113064.5,304146.12
202412,Y59,SOUTH EAST,18,1.0,1000.0,175.0
202412,Y59,SOUTH EAST,19,7228.0,1951095.0,142742.64
202412,Y59,SOUTH EAST,20,31697.0,1553341.5,843849.22
202412,Y59,SOUTH EAST,21,397700.0,67349198.5,10390274.74
202412,Y59,SOUTH EAST,22,34057.0,673847.0,854774.81
202412,Y59,SOUTH EAST,23,92528.0,9166266.1,5639398.9
202412,Y60,MIDLANDS,1,1929834.0,155147973.0,12360484.42
202412,Y60,MIDLANDS,2,6249202.0,227823874.0,22194187.72
202412,Y60,MIDLANDS,3,1317340.0,27527048.0,20422270.83
202412,Y60,MIDLANDS,4,3942490.0,287850980.20000005,28981057.83
202412,Y60,MIDLANDS,5,819496.0,32148287.5,4092874.29
202412,Y60,MIDLANDS,6,2313624.0,113530043.5,35994480.25
202412,Y60,MIDLANDS,7,547938.0,21638465.0,4278698.59
202412,Y60,MIDLANDS,8,68867.0,2556857.0,2768141.97
202412,Y60,MIDLANDS,9,1139133.0,976686369.5,22906636.02
202412,Y60,MIDLANDS,10,523691.0,35953134.0,2220696.25
202412,Y60,MIDLANDS,11,263750.0,5458422.5,3046076.04
202412,Y60,MIDLANDS,12,191187.0,4501841.5,1620825.6
202412,Y60,MIDLANDS,13,426739.0,80237661.0,4832290.470000001
202412,Y60,MIDLANDS,14,239360.0,239562.0,3178307.41
202412,Y60,MIDLANDS,15,29713.0,419072.0,328861.86
202412,Y60,MIDLANDS,19,12891.0,3420847.0,216610.44
202412,Y60,MIDLANDS,20,106935.0,2885890.0,3602445.2
202412,Y60,MIDLANDS,21,716850.0,118190260.5,12603679.02
202412,Y60,MIDLANDS,22,24732.0,460283.0,635479.92
202412,Y60,MIDLANDS,23,146729.0,14307796.2,8833030.129999999
202412,Y61,EAST OF ENGLAND,1,1094311.0,74169570.0,7383175.09
202412,Y61,EAST OF ENGLAND,2,3741693.0,127962317.0,13372493.15
202412,Y61,EAST OF ENGLAND,3,730137.0,14922975.0,11303814.25
202412,Y61,EAST OF ENGLAND,4,2207724.0,139971967.8,15488481.28
202412,Y61,EAST OF ENGLAND,5,505584.0,19869588.0,2511149.52
202412,Y61,EAST OF ENGLAND,6,1427616.0,66274343.0,20277422.24
202412,Y61,EAST OF ENGLAND,7,349521.0,13287350.0,2605881.7800000003
202412,Y61,EAST OF ENGLAND,8,54048.0,2117429.0,2073952.36
202412,Y61,EAST OF ENGLAND,9,571045.0,198516978.5,5517270.74
202412,Y61,EAST OF ENGLAND,10,290335.0,17219209.0,1519456.37
202412,Y61,EAST OF ENGLAND,11,148111.0,2615687.0,1622163.9
202412,Y61,EAST OF ENGLAND,12,105115.0,1668447.8,881718.57
202412,Y61,EAST OF ENGLAND,13,209394.0,30619608.0,2379056.61
202412,Y61,EAST OF ENGLAND,14,109872.0,110022.0,1481382.7
202412,Y61,EAST OF ENGLAND,15,15257.0,232614.0,215977.74
202412,Y61,EAST OF ENGLAND,19,5050.0,1845401.0,119927.13
202412,Y61,EAST OF ENGLAND,20,34959.0,1063218.1,1802471.63
202412,Y61,EAST OF ENGLAND,21,396856.0,59895920.0,13814987.04
202412,Y61,EAST OF ENGLAND,22,52716.0,994605.0,1548740.3199999998
202412,Y61,EAST OF ENGLAND,23,177217.0,14873098.4,13237724.48
202412,Y62,NORTH WEST,1,1469118.0,121553456.0,9411076.57
202412,Y62,NORTH WEST,2,4373444.0,154486157.0,14763252.35
202412,Y62,NORTH WEST,3,1017731.0,20271491.0,15213758.54
202412,Y62,NORTH WEST,4,3070919.0,211894862.8,21373983.65
202412,Y62,NORTH WEST,5,547133.0,20634571.5,2900094.14
202412,Y62,NORTH WEST,6,1562703.0,73179382.0,23227475.9
202412,Y62,NORTH WEST,7,391414.0,14650594.0,3231747.85
202412,Y62,NORTH WEST,8,46092.0,1712900.0,1550603.94
202412,Y62,NORTH WEST,9,852662.0,497790240.5,12297642.489999998
202412,Y62,NORTH WEST,10,380184.0,26412666.0,1849312.45
202412,Y62,NORTH WEST,11,168185.0,2830427.5,1644967.53
202412,Y62,NORTH WEST,12,141562.0,3263543.5,1276937.9300000002
202412,Y62,NORTH WEST,13,333918.0,67305501.0,4050356.33
202412,Y62,NORTH WEST,14,156915.0,157055.0,2068547.96
202412,Y62,NORTH WEST,15,24883.0,420126.5,429212.67
202412,Y62,NORTH WEST,18,4.0,5000.0,875.0
202412,Y62,NORTH WEST,19,10410.0,2515142.0,169149.87
202412,Y62,NORTH WEST,20,132128.0,3021558.9000000004,4245230.77
202412,Y62,NORTH WEST,21,502558.0,85305219.5,9791335.64
202412,Y62,NORTH WEST,22,32431.0,628611.0,797130.6
202412,Y62,NORTH WEST,23,99360.0,9684965.8,4543231.01
202412,Y63,NORTH EAST AND YORKSHIRE,1,2164924.0,158456648.0,12589779.09
202412,Y63,NORTH EAST AND YORKSHIRE,2,6856075.0,223334725.0,20024599.71
202412,Y63,NORTH EAST AND YORKSHIRE,3,1373170.0,25890593.0,21620686.31
202412,Y63,NORTH EAST AND YORKSHIRE,4,4306692.0,281867057.6,26480243.67
202412,Y63,NORTH EAST AND YORKSHIRE,5,680382.0,24970947.5,3843268.92
202412,Y63,NORTH EAST AND YORKSHIRE,6,2388799.0,106149383.0,32359687.92
202412,Y63,NORTH EAST AND YORKSHIRE,7,591392.0,21758887.0,4266827.0600000005
202412,Y63,NORTH EAST AND YORKSHIRE,8,77724.0,2965727.0,2717927.45
202412,Y63,NORTH EAST AND YORKSHIRE,9,1212869.0,390230063.9,10336852.68
202412,Y63,NORTH EAST AND YORKSHIRE,10,579805.0,36899546.0,2346927.74
202412,Y63,NORTH EAST AND YORKSHIRE,11,227604.0,3752736.0,2264713.11
202412,Y63,NORTH EAST AND YORKSHIRE,12,175019.0,3464658.2,1451924.5099999998
202412,Y63,NORTH EAST AND YORKSHIRE,13,383722.0,67247670.5,4566710.57
202412,Y63,NORTH EAST AND YORKSHIRE,14,154804.0,154936.0,2063661.14
202412,Y63,NORTH EAST AND YORKSHIRE,15,21532.0,333602.0,312991.28
202412,Y63,NORTH EAST AND YORKSHIRE,18,1.0,1000.0,175.0
202412,Y63,NORTH EAST AND YORKSHIRE,19,9969.0,2917755.0,170919.22999999998
202412,Y63,NORTH EAST AND YORKSHIRE,20,46983.0,1368029.4,1715801.71
202412,Y63,NORTH EAST AND YORKSHIRE,21,550609.0,91072495.5,10170685.06
202412,Y63,NORTH EAST AND YORKSHIRE,22,11859.0,215309.0,309761.14
202412,Y63,NORTH EAST AND YORKSHIRE,23,59400.0,6220837.5,2563223.2
202501,Y56,LONDON,1,1242545.0,86734641.0,8021999.78
202501,Y56,LONDON,2,4150296.0,138329356.0,11192635.64
202501,Y56,LONDON,3,759189.0,18284763.0,11562278.61
202501,Y56,LONDON,4,2304483.0,136303633.2,17577526.380000003
202501,Y56,LONDON,5,530437.0,20124873.0,2507740.37
202501,Y56,LONDON,6,1834727.0,90767334.5,25792774.340000004
202501,Y56,LONDON,7,376537.0,13586290.0,3123603.27
202501,Y56,LONDON,8,44890.0,1825170.0,1598893.77
202501,Y56,LONDON,9,917350.0,331608871.9,8347350.85
202501,Y56,LONDON,10,314617.0,21521846.0,1306554.3
202501,Y56,LONDON,11,176823.0,4031610.5,2390190.38
202501,Y56,LONDON,12,139221.0,4051521.3,1279548.86
202501,Y56,LONDON,13,369936.0,66167814.0,4550761.62
202501,Y56,LONDON,14,122252.0,122463.0,1633748.21
202501,Y56,LONDON,15,14532.0,305468.0,348333.67000000004
202501,Y56,LONDON,18,1.0,1000.0,175.0
202501,Y56,LONDON,19,8047.0,7800069.0,120026.52
202501,Y56,LONDON,20,45699.0,1260828.0,1304992.64
202501,Y56,LONDON,21,494361.0,108388133.0,7431150.189999999
202501,Y56,LONDON,22,24687.0,432002.0,584849.27
202501,Y56,LONDON,23,46500.0,5614823.2,1401758.42
202501,Y58,SOUTH WEST,1,948683.0,67760739.0,6023694.37
202501,Y58,SOUTH WEST,2,3053106.0,112609237.0,10721728.81
202501,Y58,SOUTH WEST,3,579893.0,11825953.0,9947032.44
202501,Y58,SOUTH WEST,4,1929835.0,134934481.0,13309073.44
202501,Y58,SOUTH WEST,5,361751.0,11788614.5,2035826.57
202501,Y58,SOUTH WEST,6,1125880.0,54918119.5,16674922.56
202501,Y58,SOUTH WEST,7,311709.0,12578932.0,2583865.75
202501,Y58,SOUTH WEST,8,40612.0,1565425.0,1801733.65
202501,Y58,SOUTH WEST,9,561870.0,183843288.5,4670412.33
202501,Y58,SOUTH WEST,10,260295.0,15498207.0,1175790.88
202501,Y58,SOUTH WEST,11,128728.0,2218989.5,1324084.5
202501,Y58,SOUTH WEST,12,89254.0,1484672.1,774043.79
202501,Y58,SOUTH WEST,13,201203.0,28651200.0,2280931.69
202501,Y58,SOUTH WEST,14,64983.0,65163.0,884655.27
202501,Y58,SOUTH WEST,15,22520.0,238372.5,206673.08
202501,Y58,SOUTH WEST,18,1.0,1000.0,175.0
202501,Y58,SOUTH WEST,19,3137.0,664765.0,54609.15
202501,Y58,SOUTH WEST,20,30607.0,529703.5,608107.13
202501,Y58,SOUTH WEST,21,320493.0,54909412.5,7586655.18
202501,Y58,SOUTH WEST,22,45699.0,748317.0,1039458.47
202501,Y58,SOUTH WEST,23,46507.0,4106024.1,1870468.18
202501,Y59,SOUTH EAST,1,1240034.0,92931220.0,9039584.29
202501,Y59,SOUTH EAST,2,4018657.0,161519973.0,14433749.38
202501,Y59,SOUTH EAST,3,815124.0,17806057.0,14208415.63
202501,Y59,SOUTH EAST,4,2567331.0,172717296.2,20380979.81
202501,Y59,SOUTH EAST,5,585323.0,20821576.0,2946449.88
202501,Y59,SOUTH EAST,6,1577737.0,83327772.5,27242683.83
202501,Y59,SOUTH EAST,7,418216.0,18075477.0,3857719.12
202501,Y59,SOUTH EAST,8,61655.0,2632812.0,2697031.87
202501,Y59,SOUTH EAST,9,825301.0,543344850.4,13282141.35
202501,Y59,SOUTH EAST,10,335776.0,21198823.0,1581919.32
202501,Y59,SOUTH EAST,11,182277.0,3792442.0,2214460.22
202501,Y59,SOUTH EAST,12,140357.0,2230382.3,1244851.01
202501,Y59,SOUTH EAST,13,295757.0,44700302.0,3552253.8600000003
202501,Y59,SOUTH EAST,14,141195.0,141336.0,1915519.8
202501,Y59,SOUTH EAST,15,24419.0,319136.5,319997.24
202501,Y59,SOUTH EAST,19,5134.0,1785270.0,110396.05
202501,Y59,SOUTH EAST,20,33166.0,1496724.4,865334.0800000001
202501,Y59,SOUTH EAST,21,417961.0,73234465.0,10679817.5
202501,Y59,SOUTH EAST,22,38357.0,740274.0,939056.52
202501,Y59,SOUTH EAST,23,94214.0,9323435.4,5590926.94
202501,Y60,MIDLANDS,1,1994452.0,160502700.0,12511998.23
202501,Y60,MIDLANDS,2,6386796.0,232218554.0,21472637.22
202501,Y60,MIDLANDS,3,1338618.0,28659064.0,20685565.0
202501,Y60,MIDLANDS,4,4061233.0,293738553.2,29088139.73
202501,Y60,MIDLANDS,5,785669.0,28265101.0,3967148.62
202501,Y60,MIDLANDS,6,2366489.0,116296945.5,37100197.02
202501,Y60,MIDLANDS,7,575666.0,23282510.0,4619693.68
202501,Y60,MIDLANDS,8,70723.0,2579463.0,2948064.84
202501,Y60,MIDLANDS,9,1185359.0,981872182.3,23087376.770000003
202501,Y60,MIDLANDS,10,548160.0,37531874.0,2171239.2
202501,Y60,MIDLANDS,11,271302.0,5554929.0,3097012.51
202501,Y60,MIDLANDS,12,201411.0,4627432.5,1741988.02
202501,Y60,MIDLANDS,13,482998.0,89004684.0,5484488.07
202501,Y60,MIDLANDS,14,131052.0,131309.0,1759155.26
202501,Y60,MIDLANDS,15,33089.0,432039.5,357216.53
202501,Y60,MIDLANDS,19,10004.0,3602471.0,167697.8
202501,Y60,MIDLANDS,20,114704.0,3122522.0,3781509.91
202501,Y60,MIDLANDS,21,767462.0,131279206.0,13607974.18
202501,Y60,MIDLANDS,22,27365.0,506254.0,698977.89
202501,Y60,MIDLANDS,23,155322.0,15064915.9,9107657.34
202501,Y61,EAST OF ENGLAND,1,1122311.0,76320476.0,7384811.27
202501,Y61,EAST OF ENGLAND,2,3811154.0,130155421.0,12881432.009999998
202501,Y61,EAST OF ENGLAND,3,735574.0,15414843.0,11354311.78
202501,Y61,EAST OF ENGLAND,4,2260918.0,142509593.4,15529100.51
202501,Y61,EAST OF ENGLAND,5,491626.0,17469199.0,2346178.7
202501,Y61,EAST OF ENGLAND,6,1450413.0,67258630.0,20616317.03
202501,Y61,EAST OF ENGLAND,7,363502.0,14100268.0,2795185.78
202501,Y61,EAST OF ENGLAND,8,56041.0,2145556.0,2287092.97
202501,Y61,EAST OF ENGLAND,9,592605.0,206870261.0,5768734.32
202501,Y61,EAST OF ENGLAND,10,301509.0,17850448.0,1469348.3
202501,Y61,EAST OF ENGLAND,11,153156.0,2698066.0,1637448.96
202501,Y61,EAST OF ENGLAND,12,110929.0,1750062.8,950106.2
202501,Y61,EAST OF ENGLAND,13,237553.0,33703181.5,2698238.39
202501,Y61,EAST OF ENGLAND,14,51288.0,51487.0,711871.64
202501,Y61,EAST OF ENGLAND,15,17794.0,251675.0,241636.38
202501,Y61,EAST OF ENGLAND,18,1.0,1000.0,175.0
202501,Y61,EAST OF ENGLAND,19,4154.0,1922412.0,80725.42000000001
202501,Y61,EAST OF ENGLAND,20,39241.0,1147651.5,2178454.13
202501,Y61,EAST OF ENGLAND,21,419406.0,65178150.5,14248154.77
202501,Y61,EAST OF ENGLAND,22,57831.0,1073650.0,1656505.87
202501,Y61,EAST OF ENGLAND,23,179105.0,14766388.2,12778244.65
202501,Y62,NORTH WEST,1,1487381.0,123770257.0,9479808.52
202501,Y62,NORTH WEST,2,4377928.0,154299539.0,13938726.61
202501,Y62,NORTH WEST,3,1018894.0,20718385.0,15085346.06
202501,Y62,NORTH WEST,4,3107015.0,213273091.4,21333883.44
202501,Y62,NORTH WEST,5,539473.0,19310714.0,2818046.56
202501,Y62,NORTH WEST,6,1569155.0,73534348.5,23414637.14
202501,Y62,NORTH WEST,7,400599.0,15352076.0,3385610.85
202501,Y62,NORTH WEST,8,46090.0,1704747.0,1613844.69
202501,Y62,NORTH WEST,9,874117.0,510290182.0,12715325.579999998
202501,Y62,NORTH WEST,10,389116.0,27134672.0,1727004.47
202501,Y62,NORTH WEST,11,170955.0,2883505.5,1665037.41
202501,Y62,NORTH WEST,12,147552.0,3358881.1,1326897.86
202501,Y62,NORTH WEST,13,373172.0,74186840.5,4577777.66
202501,Y62,NORTH WEST,14,106864.0,107052.0,1412985.46
202501,Y62,NORTH WEST,15,26584.0,386646.5,437966.05
202501,Y62,NORTH WEST,19,7441.0,2736113.0,129888.21
202501,Y62,NORTH WEST,20,150869.0,3321203.8,4832080.7700000005
202501,Y62,NORTH WEST,21,532625.0,94666172.5,10414015.96
202501,Y62,NORTH WEST,22,36342.0,695553.0,881851.38
202501,Y62,NORTH WEST,23,106256.0,10206856.7,4796345.74
202501,Y63,NORTH EAST AND YORKSHIRE,1,2228866.0,163429299.0,12671771.68
202501,Y63,NORTH EAST AND YORKSHIRE,2,7013618.0,228168456.0,19330810.8
202501,Y63,NORTH EAST AND YORKSHIRE,3,1403237.0,26957405.0,22044967.01
202501,Y63,NORTH EAST AND YORKSHIRE,4,4436679.0,287903673.0,26648623.84
202501,Y63,NORTH EAST AND YORKSHIRE,5,649317.0,22208178.5,3714290.2
202501,Y63,NORTH EAST AND YORKSHIRE,6,2445880.0,108898062.5,33389137.13
202501,Y63,NORTH EAST AND YORKSHIRE,7,617189.0,23292192.0,4534929.54
202501,Y63,NORTH EAST AND YORKSHIRE,8,79298.0,3052777.0,2785882.69
202501,Y63,NORTH EAST AND YORKSHIRE,9,1257316.0,407224458.4,10733376.01
202501,Y63,NORTH EAST AND YORKSHIRE,10,601101.0,38201912.0,2255920.63
202501,Y63,NORTH EAST AND YORKSHIRE,11,233707.0,3852046.5,2293140.35
202501,Y63,NORTH EAST AND YORKSHIRE,12,182917.0,3566263.2,1564931.38
202501,Y63,NORTH EAST AND YORKSHIRE,13,431260.0,74052467.5,5149236.600000001
202501,Y63,NORTH EAST AND YORKSHIRE,14,79244.0,79391.0,1096526.36
202501,Y63,NORTH EAST AND YORKSHIRE,15,25162.0,15147716.5,320747.46
202501,Y63,NORTH EAST AND YORKSHIRE,18,2.0,1200.0,210.0
202501,Y63,NORTH EAST AND YORKSHIRE,19,8584.0,3148563.0,156986.0
202501,Y63,NORTH EAST AND YORKSHIRE,20,52970.0,1485055.4,1841300.25
202501,Y63,NORTH EAST AND YORKSHIRE,21,584979.0,100458821.0,10877286.41
202501,Y63,NORTH EAST AND YORKSHIRE,22,12649.0,227231.0,331094.94
202501,Y63,NORTH EAST AND YORKSHIRE,23,62043.0,6508833.6,2675517.15
202502,Y56,LONDON,1,1122624.0,77528864.0,7282585.45
202502,Y56,LONDON,2,3769021.0,124817367.0,10103640.61
202502,Y56,LONDON,3,668341.0,16426871.0,10194070.44
202502,Y56,LONDON,4,2073636.0,122105399.6,15862509.89
202502,Y56,LONDON,5,463948.0,18509249.0,2222247.3
202502,Y56,LONDON,6,1656033.0,81382765.0,23387106.24
202502,Y56,LONDON,7,336805.0,12017416.0,2809708.34
202502,Y56,LONDON,8,40485.0,1657808.0,1393979.35
202502,Y56,LONDON,9,835400.0,297699554.0,7661039.49
202502,Y56,LONDON,10,283093.0,19331845.0,1149837.44
202502,Y56,LONDON,11,162582.0,3673935.5,2187031.35
202502,Y56,LONDON,12,128861.0,3784426.7,1181576.69
202502,Y56,LONDON,13,334459.0,59053568.0,4072099.02
202502,Y56,LONDON,14,83655.0,83852.0,1110636.92
202502,Y56,LONDON,15,12567.0,273765.0,304015.04000000004
202502,Y56,LONDON,18,2.0,2000.0,350.0
202502,Y56,LONDON,19,7213.0,7500544.0,99318.92
202502,Y56,LONDON,20,40998.0,1133439.4,1172784.9
202502,Y56,LONDON,21,446809.0,97615137.5,6746180.72
202502,Y56,LONDON,22,21139.0,366931.0,492743.41
202502,Y56,LONDON,23,41548.0,4977319.5,1245484.9
202502,Y58,SOUTH WEST,1,846200.0,60228378.0,5422542.8100000005
202502,Y58,SOUTH WEST,2,2741571.0,100975101.0,9596421.9
202502,Y58,SOUTH WEST,3,506691.0,10488757.0,8796062.86
202502,Y58,SOUTH WEST,4,1718776.0,120539212.0,11904253.94
202502,Y58,SOUTH WEST,5,306462.0,10583577.0,1743022.48
202502,Y58,SOUTH WEST,6,1001116.0,48813957.0,15020443.47
202502,Y58,SOUTH WEST,7,276577.0,11002886.0,2318332.42
202502,Y58,SOUTH WEST,8,36437.0,1410643.0,1598804.6800000002
202502,Y58,SOUTH WEST,9,507159.0,164773265.0,4245016.71
202502,Y58,SOUTH WEST,10,232661.0,13893927.0,1058295.7000000002
202502,Y58,SOUTH WEST,11,116246.0,2008108.5,1194737.29
202502,Y58,SOUTH WEST,12,79345.0,1360174.8,688385.64
202502,Y58,SOUTH WEST,13,180674.0,25604245.0,2056578.44
202502,Y58,SOUTH WEST,14,36368.0,36717.0,512903.27
202502,Y58,SOUTH WEST,15,20701.0,217260.0,183229.96
202502,Y58,SOUTH WEST,19,3130.0,631558.0,62976.560000000005
202502,Y58,SOUTH WEST,20,27119.0,483974.0,514616.98
202502,Y58,SOUTH WEST,21,286954.0,49059892.0,6750482.0
202502,Y58,SOUTH WEST,22,41586.0,689606.0,932678.96
202502,Y58,SOUTH WEST,23,40975.0,3641417.5,1586926.95
202502,Y59,SOUTH EAST,1,1117029.0,83195945.0,8184654.88
202502,Y59,SOUTH EAST,2,3649976.0,146624404.0,13115359.32
202502,Y59,SOUTH EAST,3,719782.0,16038529.0,12696146.15
202502,Y59,SOUTH EAST,4,2316858.0,155681440.6,18573629.27
202502,Y59,SOUTH EAST,5,504074.0,19031820.5,2641954.42
202502,Y59,SOUTH EAST,6,1426149.0,75367631.5,25047060.53
202502,Y59,SOUTH EAST,7,374051.0,15912203.0,3460564.56
202502,Y59,SOUTH EAST,8,55834.0,2428565.0,2378228.49
202502,Y59,SOUTH EAST,9,752408.0,491478317.5,12198373.81
202502,Y59,SOUTH EAST,10,302352.0,19203466.0,1440738.47
202502,Y59,SOUTH EAST,11,166800.0,3453764.0,2013351.32
202502,Y59,SOUTH EAST,12,128133.0,2034441.9,1141586.5
202502,Y59,SOUTH EAST,13,269091.0,40383567.0,3255993.83
202502,Y59,SOUTH EAST,14,63552.0,63704.0,868420.73
202502,Y59,SOUTH EAST,15,22879.0,294325.0,284233.21
202502,Y59,SOUTH EAST,18,2.0,700.0,122.5
202502,Y59,SOUTH EAST,19,5079.0,1795655.0,120001.34
202502,Y59,SOUTH EAST,20,27642.0,1280842.6,723000.1599999999
202502,Y59,SOUTH EAST,21,380067.0,66507897.0,9857986.61
202502,Y59,SOUTH EAST,22,32926.0,628274.0,807722.4199999999
202502,Y59,SOUTH EAST,23,82546.0,8080133.9,4900760.5
202502,Y60,MIDLANDS,1,1770921.0,141632100.0,11198844.71
202502,Y60,MIDLANDS,2,5709206.0,207237750.0,19186429.0
202502,Y60,MIDLANDS,3,1167452.0,25323372.0,18177125.12
202502,Y60,MIDLANDS,4,3605405.0,260582829.4,25732708.18
202502,Y60,MIDLANDS,5,675653.0,25854202.0,3480535.46
202502,Y60,MIDLANDS,6,2095934.0,102802535.5,33196710.46
202502,Y60,MIDLANDS,7,506689.0,20165856.0,4087968.53
202502,Y60,MIDLANDS,8,62634.0,2290048.0,2549515.72
202502,Y60,MIDLANDS,9,1054216.0,766574242.5,18567342.72
202502,Y60,MIDLANDS,10,489551.0,33509381.0,1918851.51
202502,Y60,MIDLANDS,11,244353.0,4992094.0,2790790.94
202502,Y60,MIDLANDS,12,180752.0,4087660.4,1551630.31
202502,Y60,MIDLANDS,13,429763.0,78747404.0,4895976.07
202502,Y60,MIDLANDS,14,71079.0,71318.0,986496.25
202502,Y60,MIDLANDS,15,29703.0,371555.5,310741.74
202502,Y60,MIDLANDS,19,9775.0,3436779.0,153107.01
202502,Y60,MIDLANDS,20,98486.0,2698712.1,3283571.24
202502,Y60,MIDLANDS,21,683261.0,116285168.0,12056852.32
202502,Y60,MIDLANDS,22,23318.0,429058.0,592247.99
202502,Y60,MIDLANDS,23,136423.0,13241240.4,7912381.109999999
202502,Y61,EAST OF ENGLAND,1,1008705.0,68200460.0,6704668.720000001
202502,Y61,EAST OF ENGLAND,2,3436225.0,117067657.0,11597602.39
202502,Y61,EAST OF ENGLAND,3,650097.0,13853872.0,10126913.81
202502,Y61,EAST OF ENGLAND,4,2024239.0,126908308.6,13887498.47
202502,Y61,EAST OF ENGLAND,5,420446.0,15965275.5,2073222.85
202502,Y61,EAST OF ENGLAND,6,1298016.0,60204406.5,18640468.55
202502,Y61,EAST OF ENGLAND,7,323666.0,12394149.0,2504172.67
202502,Y61,EAST OF ENGLAND,8,49477.0,1915386.0,1950630.93
202502,Y61,EAST OF ENGLAND,9,533954.0,184551981.0,5253492.6
202502,Y61,EAST OF ENGLAND,10,270486.0,15954646.0,1308848.62
202502,Y61,EAST OF ENGLAND,11,139806.0,2445283.5,1491108.86
202502,Y61,EAST OF ENGLAND,12,99710.0,1545392.0,850672.9199999999
202502,Y61,EAST OF ENGLAND,13,213180.0,30038401.0,2423798.46
202502,Y61,EAST OF ENGLAND,14,37089.0,37252.0,518730.75
202502,Y61,EAST OF ENGLAND,15,15390.0,214908.5,207018.85
202502,Y61,EAST OF ENGLAND,19,3862.0,1800347.0,86948.13
202502,Y61,EAST OF ENGLAND,20,34312.0,1021234.4,2025281.48
202502,Y61,EAST OF ENGLAND,21,380192.0,58830707.0,13423129.24
202502,Y61,EAST OF ENGLAND,22,51328.0,955922.0,1473658.54
202502,Y61,EAST OF ENGLAND,23,167479.0,13719752.6,12069988.07
202502,Y62,NORTH WEST,1,1332322.0,110063737.0,8571960.82
202502,Y62,NORTH WEST,2,3958283.0,139514519.0,12667509.55
202502,Y62,NORTH WEST,3,898020.0,18496003.0,13468943.98
202502,Y62,NORTH WEST,4,2792119.0,190516126.0,19155118.16
202502,Y62,NORTH WEST,5,464639.0,17530990.5,2475453.57
202502,Y62,NORTH WEST,6,1404469.0,65759980.0,21215337.3
202502,Y62,NORTH WEST,7,358112.0,13587526.0,3068481.46
202502,Y62,NORTH WEST,8,41458.0,1536533.0,1434010.06
202502,Y62,NORTH WEST,9,797351.0,456677916.8,11629136.52
202502,Y62,NORTH WEST,10,350784.0,24420114.0,1525404.4300000002
202502,Y62,NORTH WEST,11,154711.0,2581772.0,1501103.02
202502,Y62,NORTH WEST,12,133655.0,3127499.7,1211709.3
202502,Y62,NORTH WEST,13,336014.0,66819128.0,4153652.98
202502,Y62,NORTH WEST,14,66786.0,66898.0,894731.36
202502,Y62,NORTH WEST,15,23230.0,337641.0,387060.41
202502,Y62,NORTH WEST,18,2.0,3500.0,612.5
202502,Y62,NORTH WEST,19,7780.0,2359029.0,113976.2
202502,Y62,NORTH WEST,20,127586.0,2842889.4000000004,4086280.82
202502,Y62,NORTH WEST,21,478717.0,83794594.0,9401258.47
202502,Y62,NORTH WEST,22,31760.0,605241.0,772641.0700000001
202502,Y62,NORTH WEST,23,95609.0,9112168.3,4407777.79
202502,Y63,NORTH EAST AND YORKSHIRE,1,1981405.0,144079855.0,11358490.49
202502,Y63,NORTH EAST AND YORKSHIRE,2,6276592.0,202937058.0,17211457.2
202502,Y63,NORTH EAST AND YORKSHIRE,3,1227208.0,23786480.0,19385956.78
202502,Y63,NORTH EAST AND YORKSHIRE,4,3933632.0,253887603.6,23713513.42
202502,Y63,NORTH EAST AND YORKSHIRE,5,569995.0,20760996.5,3257259.64
202502,Y63,NORTH EAST AND YORKSHIRE,6,2170213.0,95941735.0,29811695.91
202502,Y63,NORTH EAST AND YORKSHIRE,7,548168.0,20311447.0,4041015.94
202502,Y63,NORTH EAST AND YORKSHIRE,8,70814.0,2710305.0,2449911.03
202502,Y63,NORTH EAST AND YORKSHIRE,9,1134256.0,362513112.3,9792969.72
202502,Y63,NORTH EAST AND YORKSHIRE,10,537530.0,33900843.0,1972538.55
202502,Y63,NORTH EAST AND YORKSHIRE,11,209244.0,3427670.5,2064974.9
202502,Y63,NORTH EAST AND YORKSHIRE,12,164956.0,3247824.1,1392821.25
202502,Y63,NORTH EAST AND YORKSHIRE,13,383821.0,65390891.0,4577354.69
202502,Y63,NORTH EAST AND YORKSHIRE,14,39369.0,39514.0,544797.0
202502,Y63,NORTH EAST AND YORKSHIRE,15,22044.0,7310788.0,292877.27
202502,Y63,NORTH EAST AND YORKSHIRE,18,1.0,1000.0,175.0
202502,Y63,NORTH EAST AND YORKSHIRE,19,8025.0,2823186.0,136126.56
202502,Y63,NORTH EAST AND YORKSHIRE,20,44549.0,1306665.4,1586076.44
202502,Y63,NORTH EAST AND YORKSHIRE,21,522836.0,88795429.5,9764205.98
202502,Y63,NORTH EAST AND YORKSHIRE,22,11105.0,194609.0,286360.13
202502,Y63,NORTH EAST AND YORKSHIRE,23,54876.0,5686562.5,2380004.75
202503,Y56,LONDON,1,1174580.0,81763073.0,7762513.689999999
202503,Y56,LONDON,2,3957797.0,131993465.0,10760683.03
202503,Y56,LONDON,3,712961.0,18563142.0,10858897.06
202503,Y56,LONDON,4,2176589.0,128029055.2,16844933.94
202503,Y56,LONDON,5,466412.0,18501730.5,2340164.23
202503,Y56,LONDON,6,1741863.0,86149910.0,24995320.48
202503,Y56,LONDON,7,355506.0,12642258.0,2991272.18
202503,Y56,LONDON,8,42187.0,1743981.0,1494580.87
202503,Y56,LONDON,9,875008.0,313931535.0,8155291.49
202503,Y56,LONDON,10,300697.0,20618799.0,1243184.13
202503,Y56,LONDON,11,176595.0,3940869.0,2343251.95
202503,Y56,LONDON,12,142826.0,3922752.1,1331015.1
202503,Y56,LONDON,13,363006.0,64021696.0,4421356.73
202503,Y56,LONDON,14,60340.0,60542.0,844428.96
202503,Y56,LONDON,15,13345.0,284731.5,315154.15
202503,Y56,LONDON,18,1.0,1000.0,175.0
202503,Y56,LONDON,19,8072.0,8075231.0,119940.66
202503,Y56,LONDON,20,41401.0,1135327.7000000002,1198360.55
202503,Y56,LONDON,21,472413.0,104508062.5,7177216.73
202503,Y56,LONDON,22,22459.0,392202.0,531413.89
202503,Y56,LONDON,23,44546.0,5330080.9,1406927.01
202503,Y58,SOUTH WEST,1,905305.0,64640294.0,5856062.2
202503,Y58,SOUTH WEST,2,2938178.0,108669371.0,10315299.14
202503,Y58,SOUTH WEST,3,544717.0,11658077.0,9525796.9
202503,Y58,SOUTH WEST,4,1835506.0,128272635.2,12701778.34
202503,Y58,SOUTH WEST,5,319277.0,11204248.0,1932997.95
202503,Y58,SOUTH WEST,6,1074164.0,52468006.0,16318599.04
202503,Y58,SOUTH WEST,7,296590.0,11794568.0,2476320.03
202503,Y58,SOUTH WEST,8,38080.0,1478403.0,1619232.2
202503,Y58,SOUTH WEST,9,540724.0,176377588.5,4524559.59
202503,Y58,SOUTH WEST,10,251681.0,14980260.0,1143496.13
202503,Y58,SOUTH WEST,11,124472.0,2147334.0,1274398.31
202503,Y58,SOUTH WEST,12,86868.0,1468654.3,758524.5599999999
202503,Y58,SOUTH WEST,13,197033.0,27740978.5,2238633.7800000003
202503,Y58,SOUTH WEST,14,30930.0,31110.0,412830.45
202503,Y58,SOUTH WEST,15,21410.0,219949.5,192729.91
202503,Y58,SOUTH WEST,19,3404.0,689520.0,66768.16
202503,Y58,SOUTH WEST,20,27574.0,493265.1,550447.47
202503,Y58,SOUTH WEST,21,308554.0,53381625.5,7335253.109999999
202503,Y58,SOUTH WEST,22,44719.0,742443.0,1011432.52
202503,Y58,SOUTH WEST,23,43913.0,3862080.9,1755782.14
202503,Y59,SOUTH EAST,1,1184330.0,88600586.0,8736376.73
202503,Y59,SOUTH EAST,2,3891846.0,157125885.0,14080627.0
202503,Y59,SOUTH EAST,3,773791.0,17914053.0,13634008.01
202503,Y59,SOUTH EAST,4,2451526.0,164304114.8,19588053.31
202503,Y59,SOUTH EAST,5,512609.0,19525890.0,2780601.62
202503,Y59,SOUTH EAST,6,1516281.0,80469004.5,27008921.14
202503,Y59,SOUTH EAST,7,397936.0,16903140.0,3706077.79
202503,Y59,SOUTH EAST,8,58236.0,2522062.0,2477040.41
202503,Y59,SOUTH EAST,9,791321.0,484600754.0,12286526.4
202503,Y59,SOUTH EAST,10,324853.0,20500145.0,1541421.78
202503,Y59,SOUTH EAST,11,178871.0,3711381.5,2160551.28
202503,Y59,SOUTH EAST,12,141067.0,2096789.3,1258458.02
202503,Y59,SOUTH EAST,13,293115.0,43744153.0,3560827.82
202503,Y59,SOUTH EAST,14,48611.0,48780.0,675800.5
202503,Y59,SOUTH EAST,15,23786.0,318002.0,302584.12
202503,Y59,SOUTH EAST,19,5259.0,1829178.0,125164.31
202503,Y59,SOUTH EAST,20,27359.0,1327967.9,706816.64
202503,Y59,SOUTH EAST,21,404295.0,71720216.5,10555840.39
202503,Y59,SOUTH EAST,22,35171.0,673966.0,861746.84
202503,Y59,SOUTH EAST,23,86869.0,8587765.1,5190967.32
202503,Y60,MIDLANDS,1,1877626.0,150137637.0,11818490.73
202503,Y60,MIDLANDS,2,6081629.0,221248122.0,20521881.200000003
202503,Y60,MIDLANDS,3,1248167.0,27965959.0,19402189.7
202503,Y60,MIDLANDS,4,3822338.0,275567924.8,27247888.3
202503,Y60,MIDLANDS,5,688002.0,26408275.5,3654187.35
202503,Y60,MIDLANDS,6,2228310.0,109359853.0,35690453.0
202503,Y60,MIDLANDS,7,538352.0,21418194.0,4366810.92
202503,Y60,MIDLANDS,8,66230.0,2431249.0,2690859.1
202503,Y60,MIDLANDS,9,1120787.0,856670013.3,21118578.91
202503,Y60,MIDLANDS,10,524795.0,35845074.0,2058287.78
202503,Y60,MIDLANDS,11,260043.0,5299610.0,2995967.54
202503,Y60,MIDLANDS,12,194721.0,4253860.8,1671354.4
202503,Y60,MIDLANDS,13,466612.0,84983104.0,5330549.36
202503,Y60,MIDLANDS,14,64446.0,64693.0,919587.59
202503,Y60,MIDLANDS,15,32347.0,451103.5,334671.33
202503,Y60,MIDLANDS,19,10514.0,3431882.0,170881.93
202503,Y60,MIDLANDS,20,104902.0,2821867.0,3496602.86
202503,Y60,MIDLANDS,21,725407.0,126017136.5,12785734.36
202503,Y60,MIDLANDS,22,23682.0,437095.0,613337.35
202503,Y60,MIDLANDS,23,146033.0,14093445.2,8706159.05
202503,Y61,EAST OF ENGLAND,1,1067327.0,72260031.0,7138438.07
202503,Y61,EAST OF ENGLAND,2,3658575.0,125163935.0,12353329.62
202503,Y61,EAST OF ENGLAND,3,699267.0,15281327.0,10830188.24
202503,Y61,EAST OF ENGLAND,4,2146598.0,134570000.2,14796278.38
202503,Y61,EAST OF ENGLAND,5,426582.0,16314485.5,2185936.87
202503,Y61,EAST OF ENGLAND,6,1381057.0,64178271.0,20001468.36
202503,Y61,EAST OF ENGLAND,7,343559.0,13199411.0,2656694.06
202503,Y61,EAST OF ENGLAND,8,51751.0,2013877.0,1996486.57
202503,Y61,EAST OF ENGLAND,9,564613.0,193298525.7,5528226.94
202503,Y61,EAST OF ENGLAND,10,290448.0,17077238.0,1433206.4300000002
202503,Y61,EAST OF ENGLAND,11,148745.0,2604475.0,1582289.41
202503,Y61,EAST OF ENGLAND,12,109362.0,1636389.4,934231.06
202503,Y61,EAST OF ENGLAND,13,229818.0,32115819.0,2613869.16
202503,Y61,EAST OF ENGLAND,14,38259.0,38504.0,565505.78
202503,Y61,EAST OF ENGLAND,15,16649.0,230600.0,216109.37
202503,Y61,EAST OF ENGLAND,19,4184.0,1595987.0,99056.04
202503,Y61,EAST OF ENGLAND,20,36510.0,1066021.3,2111567.36
202503,Y61,EAST OF ENGLAND,21,402902.0,63409064.0,14046896.78
202503,Y61,EAST OF ENGLAND,22,51854.0,968044.0,1486038.16
202503,Y61,EAST OF ENGLAND,23,170341.0,13899959.7,12306566.8
202503,Y62,NORTH WEST,1,1416889.0,117131796.0,9048395.91
202503,Y62,NORTH WEST,2,4214620.0,148585197.0,13523727.95
202503,Y62,NORTH WEST,3,957283.0,20257359.0,14332805.27
202503,Y62,NORTH WEST,4,2962883.0,202125507.8,20324989.73
202503,Y62,NORTH WEST,5,475119.0,18110353.5,2677137.85
202503,Y62,NORTH WEST,6,1495678.0,70004123.0,22841629.82
202503,Y62,NORTH WEST,7,381425.0,14397387.0,3278894.5700000003
202503,Y62,NORTH WEST,8,43501.0,1619767.0,1468501.28
202503,Y62,NORTH WEST,9,843298.0,484003609.5,12465041.71
202503,Y62,NORTH WEST,10,377986.0,26217002.0,1657767.52
202503,Y62,NORTH WEST,11,165343.0,2773902.5,1608582.73
202503,Y62,NORTH WEST,12,143853.0,3282604.8,1304301.28
202503,Y62,NORTH WEST,13,364403.0,71631521.5,4495528.699999999
202503,Y62,NORTH WEST,14,40588.0,40756.0,552563.89
202503,Y62,NORTH WEST,15,24916.0,365794.0,418766.61
202503,Y62,NORTH WEST,18,2.0,3500.0,612.5
202503,Y62,NORTH WEST,19,8118.0,2720862.0,116541.32
202503,Y62,NORTH WEST,20,133840.0,2951846.5,4248554.26
202503,Y62,NORTH WEST,21,508599.0,91357041.0,9908397.7
202503,Y62,NORTH WEST,22,31179.0,595483.0,757311.0700000001
202503,Y62,NORTH WEST,23,99963.0,9627366.2,4540487.25
202503,Y63,NORTH EAST AND YORKSHIRE,1,2120980.0,154418084.0,12118482.84
202503,Y63,NORTH EAST AND YORKSHIRE,2,6728544.0,218705199.0,18651892.72
202503,Y63,NORTH EAST AND YORKSHIRE,3,1322991.0,26556866.0,20968421.96
202503,Y63,NORTH EAST AND YORKSHIRE,4,4210589.0,271456417.6,25341044.01
202503,Y63,NORTH EAST AND YORKSHIRE,5,588383.0,21605172.0,3538321.71
202503,Y63,NORTH EAST AND YORKSHIRE,6,2330384.0,103447295.0,32445390.19
202503,Y63,NORTH EAST AND YORKSHIRE,7,583509.0,21641422.0,4314720.5
202503,Y63,NORTH EAST AND YORKSHIRE,8,74615.0,2874417.0,2517237.18
202503,Y63,NORTH EAST AND YORKSHIRE,9,1207768.0,389070947.8,10544623.34
202503,Y63,NORTH EAST AND YORKSHIRE,10,579873.0,36794899.0,2139521.38
202503,Y63,NORTH EAST AND YORKSHIRE,11,225801.0,3680485.0,2208027.68
202503,Y63,NORTH EAST AND YORKSHIRE,12,180114.0,3355007.3,1529327.39
202503,Y63,NORTH EAST AND YORKSHIRE,13,418945.0,70727396.5,5012259.359999999
202503,Y63,NORTH EAST AND YORKSHIRE,14,27091.0,27233.0,391597.34
202503,Y63,NORTH EAST AND YORKSHIRE,15,22477.0,5925807.5,297615.27
202503,Y63,NORTH EAST AND YORKSHIRE,18,1.0,1000.0,175.0
202503,Y63,NORTH EAST AND YORKSHIRE,19,8728.0,3053619.0,142127.0
202503,Y63,NORTH EAST AND YORKSHIRE,20,47237.0,1362250.5,1701053.13
202503,Y63,NORTH EAST AND YORKSHIRE,21,560617.0,96301014.0,10569705.98
202503,Y63,NORTH EAST AND YORKSHIRE,22,11632.0,208280.0,305383.93
202503,Y63,NORTH EAST AND YORKSHIRE,23,57980.0,5991103.1,2445265.23
202504,Y56,LONDON,1,1174051.0,80841992.0,7716066.8
202504,Y56,LONDON,2,3984537.0,131197394.0,10559296.65
202504,Y56,LONDON,3,729683.0,19721377.0,10826884.15
202504,Y56,LONDON,4,2170148.0,127946983.2,16562079.46
202504,Y56,LONDON,5,432915.0,16159229.0,2135022.23
202504,Y56,LONDON,6,1751199.0,85624982.5,24992156.59
202504,Y56,LONDON,7,361288.0,13134203.0,3003267.09
202504,Y56,LONDON,8,41889.0,1680692.0,1506631.19
202504,Y56,LONDON,9,881837.0,312798476.5,8106480.49
202504,Y56,LONDON,10,297308.0,20380414.0,1246525.72
202504,Y56,LONDON,11,181462.0,4040827.0,2406917.77
202504,Y56,LONDON,12,149118.0,3823657.6,1408283.19
202504,Y56,LONDON,13,353377.0,62670316.0,4518987.12
202504,Y56,LONDON,14,41500.0,41692.0,570731.15
202504,Y56,LONDON,15,13056.0,283338.5,322119.98
202504,Y56,LONDON,18,1.0,1000.0,175.0
202504,Y56,LONDON,19,7580.0,7607741.0,123046.0
202504,Y56,LONDON,20,42195.0,1193439.0,1227965.45
202504,Y56,LONDON,21,471114.0,104415584.0,7205022.34
202504,Y56,LONDON,22,21706.0,376868.0,513140.83
202504,Y56,LONDON,23,43657.0,5293941.5,1289544.6
202504,Y58,SOUTH WEST,1,895652.0,63560004.0,5694834.26
202504,Y58,SOUTH WEST,2,2936455.0,108369270.0,9848093.29
202504,Y58,SOUTH WEST,3,536412.0,11854397.0,9337578.33
202504,Y58,SOUTH WEST,4,1819217.0,128044755.0,12644739.45
202504,Y58,SOUTH WEST,5,298751.0,10183365.5,1784940.09
202504,Y58,SOUTH WEST,6,1065101.0,51766392.5,16205492.21
202504,Y58,SOUTH WEST,7,296383.0,12001357.0,2439930.61
202504,Y58,SOUTH WEST,8,38096.0,1458153.0,1717074.08
202504,Y58,SOUTH WEST,9,534241.0,170534922.4,4426430.91
202504,Y58,SOUTH WEST,10,249555.0,14831569.0,1158991.97
202504,Y58,SOUTH WEST,11,124582.0,2171590.5,1301777.9300000002
202504,Y58,SOUTH WEST,12,86483.0,1360598.4,734486.2
202504,Y58,SOUTH WEST,13,185333.0,26532143.0,2201994.94
202504,Y58,SOUTH WEST,14,13493.0,13635.0,190663.66
202504,Y58,SOUTH WEST,15,20754.0,218647.0,189950.84
202504,Y58,SOUTH WEST,19,2919.0,630343.0,61271.92999999999
202504,Y58,SOUTH WEST,20,26354.0,459237.2,515644.48
202504,Y58,SOUTH WEST,21,300311.0,52222298.5,7322372.75
202504,Y58,SOUTH WEST,22,42155.0,703889.0,957321.28
202504,Y58,SOUTH WEST,23,43140.0,3832841.4,1688625.1
202504,Y59,SOUTH EAST,1,1173260.0,87016322.0,8501584.2
202504,Y59,SOUTH EAST,2,3878514.0,156277202.0,13647840.83
202504,Y59,SOUTH EAST,3,775314.0,18780217.0,13435028.64
202504,Y59,SOUTH EAST,4,2440133.0,164683357.0,19319907.71
202504,Y59,SOUTH EAST,5,473302.0,17101926.0,2514331.46
202504,Y59,SOUTH EAST,6,1504399.0,79483214.5,26855798.4
202504,Y59,SOUTH EAST,7,398464.0,17270382.0,3699184.0
202504,Y59,SOUTH EAST,8,58453.0,2538862.0,2526681.99
202504,Y59,SOUTH EAST,9,783045.0,504165462.5,12610116.11
202504,Y59,SOUTH EAST,10,321677.0,20332038.0,1567138.58
202504,Y59,SOUTH EAST,11,178194.0,3702511.0,2167083.15
202504,Y59,SOUTH EAST,12,141242.0,2042999.2,1261612.64
202504,Y59,SOUTH EAST,13,276877.0,42009203.0,3508176.01
202504,Y59,SOUTH EAST,14,29152.0,29313.0,425259.5
202504,Y59,SOUTH EAST,15,22305.0,335993.5,302832.27
202504,Y59,SOUTH EAST,19,5220.0,1752826.0,94452.68
202504,Y59,SOUTH EAST,20,26047.0,1308287.7,687255.16
202504,Y59,SOUTH EAST,21,392472.0,69474415.5,10472979.41
202504,Y59,SOUTH EAST,22,33796.0,654827.0,838159.0
202504,Y59,SOUTH EAST,23,86312.0,8471928.5,5195267.39
202504,Y60,MIDLANDS,1,1892218.0,151407083.0,11994372.96
202504,Y60,MIDLANDS,2,6171687.0,223718184.0,20318683.42
202504,Y60,MIDLANDS,3,1268713.0,29571459.0,19561065.33
202504,Y60,MIDLANDS,4,3858313.0,280341958.8,27297547.5
202504,Y60,MIDLANDS,5,651527.0,23978366.0,3344993.25
202504,Y60,MIDLANDS,6,2254751.0,110165647.0,36192372.27
202504,Y60,MIDLANDS,7,550025.0,22431777.0,4405036.08
202504,Y60,MIDLANDS,8,66776.0,2445973.0,2753703.81
202504,Y60,MIDLANDS,9,1124480.0,850295367.7,20808478.61
202504,Y60,MIDLANDS,10,524346.0,35830260.0,2106993.67
202504,Y60,MIDLANDS,11,264714.0,5433223.5,3072185.81
202504,Y60,MIDLANDS,12,198806.0,4259629.8,1704408.14
202504,Y60,MIDLANDS,13,452537.0,83838748.0,5384722.66
202504,Y60,MIDLANDS,14,34680.0,34909.0,501419.28
202504,Y60,MIDLANDS,15,29283.0,394380.0,324931.19
202504,Y60,MIDLANDS,19,9962.0,3336244.0,182686.5
202504,Y60,MIDLANDS,20,106366.0,2860124.2,3644999.48
202504,Y60,MIDLANDS,21,727013.0,126415888.0,12912385.28
202504,Y60,MIDLANDS,22,23395.0,431568.0,598689.96
202504,Y60,MIDLANDS,23,145388.0,14057745.2,8557235.7
202504,Y61,EAST OF ENGLAND,1,1070259.0,72030503.0,7042815.15
202504,Y61,EAST OF ENGLAND,2,3686971.0,125582122.0,12103848.83
202504,Y61,EAST OF ENGLAND,3,703654.0,16034305.0,10797775.38
202504,Y61,EAST OF ENGLAND,4,2157078.0,135915915.0,14715252.65
202504,Y61,EAST OF ENGLAND,5,397775.0,14284198.5,2007092.62
202504,Y61,EAST OF ENGLAND,6,1383693.0,63873091.5,20062472.33
202504,Y61,EAST OF ENGLAND,7,348001.0,13471222.0,2677416.26
202504,Y61,EAST OF ENGLAND,8,52793.0,2036113.0,2149223.8
202504,Y61,EAST OF ENGLAND,9,566356.0,192004764.0,5500776.890000001
202504,Y61,EAST OF ENGLAND,10,290850.0,17173707.0,1437754.32
202504,Y61,EAST OF ENGLAND,11,148591.0,2633376.5,1615717.51
202504,Y61,EAST OF ENGLAND,12,110152.0,1595856.8,940345.82
202504,Y61,EAST OF ENGLAND,13,221830.0,31572142.5,2618147.3
202504,Y61,EAST OF ENGLAND,14,19650.0,19776.0,294922.76
202504,Y61,EAST OF ENGLAND,15,15074.0,213315.5,209186.82
202504,Y61,EAST OF ENGLAND,19,3944.0,1890410.0,98694.67
202504,Y61,EAST OF ENGLAND,20,35375.0,1056304.1,2176354.03
202504,Y61,EAST OF ENGLAND,21,391695.0,62605768.5,13385252.37
202504,Y61,EAST OF ENGLAND,22,50016.0,931635.0,1431917.99
202504,Y61,EAST OF ENGLAND,23,165710.0,13529740.0,11846862.56
202504,Y62,NORTH WEST,1,1428011.0,117230916.0,9108226.98
202504,Y62,NORTH WEST,2,4280686.0,150465248.0,13473426.56
202504,Y62,NORTH WEST,3,963275.0,21157011.0,14343948.36
202504,Y62,NORTH WEST,4,2984507.0,204518853.0,20264491.46
202504,Y62,NORTH WEST,5,443129.0,16016865.0,2401432.24
202504,Y62,NORTH WEST,6,1510633.0,70420913.5,23113582.64
202504,Y62,NORTH WEST,7,389444.0,15179154.0,3321012.7
202504,Y62,NORTH WEST,8,44310.0,1641835.0,1554753.3299999998
202504,Y62,NORTH WEST,9,843964.0,485351709.4,12334512.97
202504,Y62,NORTH WEST,10,378452.0,26283642.0,1702459.9300000002
202504,Y62,NORTH WEST,11,167004.0,2830688.5,1658948.26
202504,Y62,NORTH WEST,12,144057.0,3180370.6,1313912.04
202504,Y62,NORTH WEST,13,351680.0,70191320.0,4473354.87
202504,Y62,NORTH WEST,14,26511.0,26657.0,359807.41000000003
202504,Y62,NORTH WEST,15,23790.0,367834.0,414502.39
202504,Y62,NORTH WEST,18,1.0,3000.0,525.0
202504,Y62,NORTH WEST,19,7815.0,2611500.0,111747.41
202504,Y62,NORTH WEST,20,129215.0,2933411.6,4189374.53
202504,Y62,NORTH WEST,21,505906.0,90349311.0,10038967.68
202504,Y62,NORTH WEST,22,31143.0,593669.0,755790.22
202504,Y62,NORTH WEST,23,100052.0,9674270.8,4569547.779999999
202504,Y63,NORTH EAST AND YORKSHIRE,1,2155637.0,156443039.0,12494576.41
202504,Y63,NORTH EAST AND YORKSHIRE,2,6887603.0,223560604.0,18703249.79
202504,Y63,NORTH EAST AND YORKSHIRE,3,1352773.0,28105455.0,21241510.69
202504,Y63,NORTH EAST AND YORKSHIRE,4,4289627.0,278061120.4,25679500.880000003
202504,Y63,NORTH EAST AND YORKSHIRE,5,564299.0,19809210.0,3300180.08
202504,Y63,NORTH EAST AND YORKSHIRE,6,2379068.0,105351013.0,33253254.79
202504,Y63,NORTH EAST AND YORKSHIRE,7,604426.0,23351186.0,4482585.779999999
202504,Y63,NORTH EAST AND YORKSHIRE,8,77163.0,2955861.0,2728182.13
202504,Y63,NORTH EAST AND YORKSHIRE,9,1223995.0,395560040.0,10728395.45
202504,Y63,NORTH EAST AND YORKSHIRE,10,588668.0,37221205.0,2259646.72
202504,Y63,NORTH EAST AND YORKSHIRE,11,230403.0,3827279.5,2317898.22
202504,Y63,NORTH EAST AND YORKSHIRE,12,182922.0,3325470.1,1537115.22
202504,Y63,NORTH EAST AND YORKSHIRE,13,411216.0,70547183.5,5177911.609999999
202504,Y63,NORTH EAST AND YORKSHIRE,14,20124.0,20271.0,303989.78
202504,Y63,NORTH EAST AND YORKSHIRE,15,22351.0,29025020.0,312847.79
202504,Y63,NORTH EAST AND YORKSHIRE,18,1.0,1000.0,175.0
202504,Y63,NORTH EAST AND YORKSHIRE,19,8879.0,2858005.0,169723.07
202504,Y63,NORTH EAST AND YORKSHIRE,20,46969.0,1364486.3,1668552.92
202504,Y63,NORTH EAST AND YORKSHIRE,21,561069.0,97202061.5,10618157.169999998
202504,Y63,NORTH EAST AND YORKSHIRE,22,11176.0,200135.0,293455.65
202504,Y63,NORTH EAST AND YORKSHIRE,23,58267.0,6028997.0,2479778.41
202505,Y56,LONDON,1,1199931.0,82788393.0,7975253.279999999
202505,Y56,LONDON,2,4081910.0,135779476.0,10973873.12
202505,Y56,LONDON,3,729594.0,19972644.0,11142799.15
202505,Y56,LONDON,4,2219362.0,130039860.8,17242693.71
202505,Y56,LONDON,5,420919.0,15812569.5,2245385.98
202505,Y56,LONDON,6,1804128.0,88844620.0,26428202.07
202505,Y56,LONDON,7,373281.0,13596763.0,3125525.87
202505,Y56,LONDON,8,43659.0,1775386.0,1670091.0100000002
202505,Y56,LONDON,9,902775.0,321957434.7,8377843.28
202505,Y56,LONDON,10,308689.0,21105221.0,1407617.12
202505,Y56,LONDON,11,181834.0,4086870.0,2495027.47
202505,Y56,LONDON,12,146345.0,4003063.4,1345425.89
202505,Y56,LONDON,13,365725.0,64823328.0,4702422.87
202505,Y56,LONDON,14,38100.0,38763.0,545764.73
202505,Y56,LONDON,15,13284.0,292358.0,336647.76
202505,Y56,LONDON,19,7906.0,8308723.0,117611.34
202505,Y56,LONDON,20,42899.0,1194564.6,1260777.06
202505,Y56,LONDON,21,486156.0,108118191.0,7521264.07
202505,Y56,LONDON,22,21915.0,384451.0,525200.53
202505,Y56,LONDON,23,44641.0,5412320.3,1317455.11
202505,Y58,SOUTH WEST,1,936588.0,66579685.0,6109854.95
202505,Y58,SOUTH WEST,2,3068534.0,114216774.0,10341154.64
202505,Y58,SOUTH WEST,3,566030.0,12785975.0,9918447.28
202505,Y58,SOUTH WEST,4,1890093.0,133076755.0,13178978.35
202505,Y58,SOUTH WEST,5,294154.0,10045010.0,1873295.19
202505,Y58,SOUTH WEST,6,1119348.0,55026580.5,17452200.65
202505,Y58,SOUTH WEST,7,311623.0,12797104.0,2573242.31
202505,Y58,SOUTH WEST,8,40085.0,1562827.0,1769167.6800000002
202505,Y58,SOUTH WEST,9,553799.0,179823181.5,4657653.02
202505,Y58,SOUTH WEST,10,262252.0,15620687.0,1260692.86
202505,Y58,SOUTH WEST,11,130859.0,2290973.0,1403835.22
202505,Y58,SOUTH WEST,12,90478.0,1433502.7,750264.62
202505,Y58,SOUTH WEST,13,195025.0,28102417.0,2336085.51
202505,Y58,SOUTH WEST,14,24938.0,25090.0,346882.23
202505,Y58,SOUTH WEST,15,21401.0,236754.5,202032.5
202505,Y58,SOUTH WEST,19,3435.0,743306.0,52330.06
202505,Y58,SOUTH WEST,20,28006.0,505155.9,563709.8
202505,Y58,SOUTH WEST,21,319145.0,55695352.0,7718447.13
202505,Y58,SOUTH WEST,22,46163.0,761598.0,1048248.13
202505,Y58,SOUTH WEST,23,45495.0,4051013.4,1775943.98
202505,Y59,SOUTH EAST,1,1230692.0,91715767.0,9131163.94
202505,Y59,SOUTH EAST,2,4073846.0,164911746.0,14332903.52
202505,Y59,SOUTH EAST,3,810244.0,20052179.0,14317893.96
202505,Y59,SOUTH EAST,4,2543999.0,171184986.8,20299361.9
202505,Y59,SOUTH EAST,5,468073.0,16983861.5,2688636.75
202505,Y59,SOUTH EAST,6,1587373.0,84255778.5,28938719.55
202505,Y59,SOUTH EAST,7,423998.0,18565081.0,3888642.7
202505,Y59,SOUTH EAST,8,61463.0,2685785.0,2642862.37
202505,Y59,SOUTH EAST,9,815856.0,534804321.5,13440179.62
202505,Y59,SOUTH EAST,10,340486.0,21529037.0,1732942.17
202505,Y59,SOUTH EAST,11,186174.0,3900566.5,2350092.06
202505,Y59,SOUTH EAST,12,143955.0,2167821.0,1241851.15
202505,Y59,SOUTH EAST,13,290620.0,44231353.0,3716439.71
202505,Y59,SOUTH EAST,14,22792.0,22952.0,340696.85
202505,Y59,SOUTH EAST,15,22336.0,4507281.5,305231.06999999995
202505,Y59,SOUTH EAST,19,5727.0,1763641.0,113763.45
202505,Y59,SOUTH EAST,20,26492.0,1307905.6,718979.19
202505,Y59,SOUTH EAST,21,412901.0,73925152.5,11030433.26
202505,Y59,SOUTH EAST,22,34899.0,668511.0,855173.6
202505,Y59,SOUTH EAST,23,90672.0,8982606.100000001,5441708.100000001
202505,Y60,MIDLANDS,1,1968201.0,157297495.0,12529701.12
202505,Y60,MIDLANDS,2,6407036.0,233214299.0,21257415.28
202505,Y60,MIDLANDS,3,1313572.0,31060861.0,20427433.34
202505,Y60,MIDLANDS,4,3991307.0,287949002.6,28348175.65
202505,Y60,MIDLANDS,5,634481.0,23107313.5,3523696.4800000004
202505,Y60,MIDLANDS,6,2346336.0,114992019.5,38193059.55
202505,Y60,MIDLANDS,7,576979.0,23834072.0,4628849.09
202505,Y60,MIDLANDS,8,69622.0,2554807.0,2861993.46
202505,Y60,MIDLANDS,9,1179788.0,984950810.2,24052335.79
202505,Y60,MIDLANDS,10,551425.0,37720184.0,2320615.66
202505,Y60,MIDLANDS,11,272810.0,5627440.5,3267969.11
202505,Y60,MIDLANDS,12,203489.0,4453695.3,1689232.09
202505,Y60,MIDLANDS,13,474212.0,88310675.0,5658272.59
202505,Y60,MIDLANDS,14,36065.0,36295.0,525563.73
202505,Y60,MIDLANDS,15,31733.0,417970.0,347841.91000000003
202505,Y60,MIDLANDS,19,11264.0,3849599.0,181424.26
202505,Y60,MIDLANDS,20,118077.0,3079699.0,3893108.66
202505,Y60,MIDLANDS,21,758715.0,132367078.0,13648406.920000002
202505,Y60,MIDLANDS,22,23421.0,425058.0,604675.05
202505,Y60,MIDLANDS,23,149100.0,14574093.9,8565534.44
202505,Y61,EAST OF ENGLAND,1,1112911.0,74809491.0,7450989.029999999
202505,Y61,EAST OF ENGLAND,2,3835252.0,130992258.0,12566773.8
202505,Y61,EAST OF ENGLAND,3,728336.0,16829758.0,11312014.02
202505,Y61,EAST OF ENGLAND,4,2237006.0,140030788.39999998,15268884.56
202505,Y61,EAST OF ENGLAND,5,386546.0,13870296.5,2123361.16
202505,Y61,EAST OF ENGLAND,6,1447383.0,67025103.0,21435444.6
202505,Y61,EAST OF ENGLAND,7,364400.0,14261276.0,2781064.45
202505,Y61,EAST OF ENGLAND,8,54560.0,2109273.0,2197429.5500000003
202505,Y61,EAST OF ENGLAND,9,589180.0,200251208.0,5764670.67
202505,Y61,EAST OF ENGLAND,10,303940.0,17862262.0,1553832.83
202505,Y61,EAST OF ENGLAND,11,153871.0,2723871.0,1717156.0
202505,Y61,EAST OF ENGLAND,12,112212.0,1653312.5,916558.52
202505,Y61,EAST OF ENGLAND,13,230590.0,32850092.5,2742082.87
202505,Y61,EAST OF ENGLAND,14,14752.0,14903.0,229746.24
202505,Y61,EAST OF ENGLAND,15,16332.0,242101.5,229086.21
202505,Y61,EAST OF ENGLAND,19,4239.0,1775158.0,98876.84
202505,Y61,EAST OF ENGLAND,20,37562.0,1143767.8,2281723.24
202505,Y61,EAST OF ENGLAND,21,416333.0,66059517.0,14900142.36
202505,Y61,EAST OF ENGLAND,22,57258.0,1058651.0,1662421.68
202505,Y61,EAST OF ENGLAND,23,186334.0,15474962.6,13535537.44
202505,Y62,NORTH WEST,1,1471855.0,121111783.0,9680938.32
202505,Y62,NORTH WEST,2,4404211.0,155603883.0,13920297.81
202505,Y62,NORTH WEST,3,1002445.0,22367622.0,15041161.77
202505,Y62,NORTH WEST,4,3067425.0,209057080.6,20795754.79
202505,Y62,NORTH WEST,5,434268.0,15761289.0,2532491.21
202505,Y62,NORTH WEST,6,1560760.0,73093557.5,24452150.82
202505,Y62,NORTH WEST,7,406304.0,16001726.0,3494691.92
202505,Y62,NORTH WEST,8,46029.0,1700264.0,1615750.89
202505,Y62,NORTH WEST,9,873849.0,507518460.0,13106094.739999998
202505,Y62,NORTH WEST,10,393309.0,27384425.0,1864878.5
202505,Y62,NORTH WEST,11,172509.0,2937898.0,1751630.38
202505,Y62,NORTH WEST,12,148944.0,3284478.4,1316403.16
202505,Y62,NORTH WEST,13,364860.0,73186593.0,4718684.87
202505,Y62,NORTH WEST,14,19718.0,19905.0,269438.27
202505,Y62,NORTH WEST,15,24660.0,385968.0,441681.04
202505,Y62,NORTH WEST,18,1.0,500.0,87.5
202505,Y62,NORTH WEST,19,8492.0,2807762.0,114440.08
202505,Y62,NORTH WEST,20,132897.0,2996734.8,4298336.8100000005
202505,Y62,NORTH WEST,21,525502.0,92977753.5,10550252.87
202505,Y62,NORTH WEST,22,32740.0,632260.0,791392.11
202505,Y62,NORTH WEST,23,103936.0,9870194.9,4779032.88
202505,Y63,NORTH EAST AND YORKSHIRE,1,2223539.0,161727930.0,13191406.25
202505,Y63,NORTH EAST AND YORKSHIRE,2,7078734.0,231091023.0,19319681.63
202505,Y63,NORTH EAST AND YORKSHIRE,3,1401260.0,29680984.0,22161659.54
202505,Y63,NORTH EAST AND YORKSHIRE,4,4400078.0,283908550.6,26573164.64
202505,Y63,NORTH EAST AND YORKSHIRE,5,552537.0,19445340.0,3462884.8600000003
202505,Y63,NORTH EAST AND YORKSHIRE,6,2462290.0,109723332.5,35327973.44
202505,Y63,NORTH EAST AND YORKSHIRE,7,628726.0,24659411.0,4655604.94
202505,Y63,NORTH EAST AND YORKSHIRE,8,79394.0,3046540.0,2823736.31
202505,Y63,NORTH EAST AND YORKSHIRE,9,1262105.0,409828858.5,11095232.09
202505,Y63,NORTH EAST AND YORKSHIRE,10,610537.0,38686733.0,2423483.72
202505,Y63,NORTH EAST AND YORKSHIRE,11,239896.0,3978076.0,2468670.84
202505,Y63,NORTH EAST AND YORKSHIRE,12,190857.0,3509149.8,1556670.5300000005
202505,Y63,NORTH EAST AND YORKSHIRE,13,424701.0,73123299.0,5400974.65
202505,Y63,NORTH EAST AND YORKSHIRE,14,21987.0,22155.0,314988.41
202505,Y63,NORTH EAST AND YORKSHIRE,15,23221.0,12940762.0,331141.4
202505,Y63,NORTH EAST AND YORKSHIRE,18,1.0,1000.0,175.0
202505,Y63,NORTH EAST AND YORKSHIRE,19,9250.0,3240303.0,160232.78999999998
202505,Y63,NORTH EAST AND YORKSHIRE,20,50073.0,1463169.4,1777649.25
202505,Y63,NORTH EAST AND YORKSHIRE,21,582987.0,100460523.5,11245098.53
202505,Y63,NORTH EAST AND YORKSHIRE,22,11746.0,209938.0,316412.24
202505,Y63,NORTH EAST AND YORKSHIRE,23,60528.0,6255359.6,2563222.06
202506,Y56,LONDON,1,1169508.0,79866769.0,7715904.93
202506,Y56,LONDON,2,3955225.0,129326410.0,10479779.31
202506,Y56,LONDON,3,717656.0,20231391.0,11021006.34
202506,Y56,LONDON,4,2156544.0,125716285.2,16639757.32
202506,Y56,LONDON,5,411673.0,15222481.5,2247409.39
202506,Y56,LONDON,6,1752443.0,85053384.0,26104765.01
202506,Y56,LONDON,7,362427.0,13182438.0,3016426.26
202506,Y56,LONDON,8,41342.0,1699635.0,1548618.13
202506,Y56,LONDON,9,890568.0,318699261.9,8333465.02
202506,Y56,LONDON,10,300806.0,20547420.0,1426595.59
202506,Y56,LONDON,11,183697.0,4094751.5,2522521.99
202506,Y56,LONDON,12,150670.0,3981600.8,1385415.8
202506,Y56,LONDON,13,360282.0,62492801.0,4588266.91
202506,Y56,LONDON,14,35794.0,36027.0,514271.76
202506,Y56,LONDON,15,13611.0,283384.5,329945.19
202506,Y56,LONDON,18,1.0,100.0,17.5
202506,Y56,LONDON,19,7649.0,7464515.0,110408.2
202506,Y56,LONDON,20,43578.0,1208872.7,1258716.24
202506,Y56,LONDON,21,469910.0,103126070.0,7403685.27
202506,Y56,LONDON,22,21452.0,371514.0,521129.45
202506,Y56,LONDON,23,45460.0,5442753.1,1367450.61
202506,Y58,SOUTH WEST,1,907708.0,64530096.0,6000824.72
202506,Y58,SOUTH WEST,2,2955234.0,108946582.0,9788454.58
202506,Y58,SOUTH WEST,3,546422.0,12554021.0,9597501.79
202506,Y58,SOUTH WEST,4,1837524.0,128812619.6,12966392.28
202506,Y58,SOUTH WEST,5,290831.0,9948466.0,1934122.13
202506,Y58,SOUTH WEST,6,1085347.0,52837444.5,17212863.13
202506,Y58,SOUTH WEST,7,303823.0,12434190.0,2534776.34
202506,Y58,SOUTH WEST,8,38978.0,1490302.0,1727043.76
202506,Y58,SOUTH WEST,9,544727.0,181048029.5,4705709.07
202506,Y58,SOUTH WEST,10,255176.0,15198544.0,1260404.12
202506,Y58,SOUTH WEST,11,127467.0,2245580.5,1380043.17
202506,Y58,SOUTH WEST,12,88342.0,1427734.6,729114.5
202506,Y58,SOUTH WEST,13,188445.0,27117803.0,2271833.84
202506,Y58,SOUTH WEST,14,19386.0,19657.0,292227.09
202506,Y58,SOUTH WEST,15,20722.0,225556.5,200447.4
202506,Y58,SOUTH WEST,18,1.0,300.0,52.5
202506,Y58,SOUTH WEST,19,3984.0,701762.0,90078.14
202506,Y58,SOUTH WEST,20,27606.0,504119.2,556904.37
202506,Y58,SOUTH WEST,21,309547.0,52584327.5,7627735.87
202506,Y58,SOUTH WEST,22,46389.0,768270.0,1058245.03
202506,Y58,SOUTH WEST,23,44445.0,3940205.8,1745446.73
202506,Y59,SOUTH EAST,1,1191413.0,88814343.0,9019532.35
202506,Y59,SOUTH EAST,2,3919276.0,157462551.0,13547398.92
202506,Y59,SOUTH EAST,3,787837.0,19895807.0,13993870.51
202506,Y59,SOUTH EAST,4,2471064.0,165130353.0,19780616.52
202506,Y59,SOUTH EAST,5,456850.0,16469861.5,2739621.38
202506,Y59,SOUTH EAST,6,1540241.0,81291008.0,28451751.27
202506,Y59,SOUTH EAST,7,411413.0,18016452.0,3827889.04
202506,Y59,SOUTH EAST,8,59497.0,2569806.0,2604272.95
202506,Y59,SOUTH EAST,9,803574.0,508610814.8,12867914.49
202506,Y59,SOUTH EAST,10,331709.0,20830202.0,1783839.91
202506,Y59,SOUTH EAST,11,182889.0,3862518.5,2329932.56
202506,Y59,SOUTH EAST,12,143511.0,2109836.4,1242566.36
202506,Y59,SOUTH EAST,13,285200.0,42533003.0,3643347.41
202506,Y59,SOUTH EAST,14,30425.0,30564.0,431724.86
202506,Y59,SOUTH EAST,15,22628.0,1713970.5,306233.85000000003
202506,Y59,SOUTH EAST,19,5628.0,1689795.0,113732.36
202506,Y59,SOUTH EAST,20,27309.0,1365191.8,731895.79
202506,Y59,SOUTH EAST,21,403392.0,70183825.0,11119743.739999998
202506,Y59,SOUTH EAST,22,37249.0,711862.0,901360.65
202506,Y59,SOUTH EAST,23,88917.0,8787127.5,5318462.7
202506,Y60,MIDLANDS,1,1902499.0,151904131.0,12307831.8
202506,Y60,MIDLANDS,2,6157000.0,222850071.0,20415742.62
202506,Y60,MIDLANDS,3,1287716.0,31226218.0,20002312.53
202506,Y60,MIDLANDS,4,3864261.0,278927617.79999995,27675615.35
202506,Y60,MIDLANDS,5,623453.0,22478981.0,3578925.2299999995
202506,Y60,MIDLANDS,6,2268607.0,110652202.0,37594851.49
202506,Y60,MIDLANDS,7,559817.0,23104750.0,4547605.63
202506,Y60,MIDLANDS,8,67470.0,2463960.0,2786920.83
202506,Y60,MIDLANDS,9,1141323.0,919331301.3,22462344.73
202506,Y60,MIDLANDS,10,537619.0,36642269.0,2345835.15
202506,Y60,MIDLANDS,11,270984.0,5594172.0,3259870.7
202506,Y60,MIDLANDS,12,208390.0,4415296.6,1731396.68
202506,Y60,MIDLANDS,13,462267.0,85488050.0,5531976.57
202506,Y60,MIDLANDS,14,36124.0,36367.0,512182.9
202506,Y60,MIDLANDS,15,32258.0,426194.0,351346.96
202506,Y60,MIDLANDS,19,10446.0,3449272.0,163337.67
202506,Y60,MIDLANDS,20,122049.0,3112237.5,4009918.05
202506,Y60,MIDLANDS,21,738780.0,126694075.0,13458196.61
202506,Y60,MIDLANDS,22,23864.0,435422.0,621862.99
202506,Y60,MIDLANDS,23,150546.0,14830828.4,8756099.68
202506,Y61,EAST OF ENGLAND,1,1073737.0,72198411.0,7263460.53
202506,Y61,EAST OF ENGLAND,2,3684161.0,125408087.0,12020808.27
202506,Y61,EAST OF ENGLAND,3,713852.0,16927520.0,11090822.92
202506,Y61,EAST OF ENGLAND,4,2161038.0,135650824.0,14903315.95
202506,Y61,EAST OF ENGLAND,5,375783.0,13253296.0,2156053.12
202506,Y61,EAST OF ENGLAND,6,1398142.0,64521891.5,21086820.89
202506,Y61,EAST OF ENGLAND,7,354608.0,13982680.0,2739311.96
202506,Y61,EAST OF ENGLAND,8,52402.0,2024235.0,2053548.94
202506,Y61,EAST OF ENGLAND,9,572274.0,198184213.4,5677407.58
202506,Y61,EAST OF ENGLAND,10,295456.0,17306685.0,1564718.53
202506,Y61,EAST OF ENGLAND,11,152064.0,2727543.0,1715405.9
202506,Y61,EAST OF ENGLAND,12,114488.0,1635287.8,938639.88
202506,Y61,EAST OF ENGLAND,13,227728.0,31780457.0,2695728.7
202506,Y61,EAST OF ENGLAND,14,19255.0,19411.0,284241.53
202506,Y61,EAST OF ENGLAND,15,16582.0,231435.0,213551.53
202506,Y61,EAST OF ENGLAND,19,4151.0,1828934.0,80997.68000000001
202506,Y61,EAST OF ENGLAND,20,39382.0,1117213.8,2245343.35
202506,Y61,EAST OF ENGLAND,21,405972.0,63449514.0,14618713.9
202506,Y61,EAST OF ENGLAND,22,54475.0,1004273.0,1576693.69
202506,Y61,EAST OF ENGLAND,23,177441.0,14652799.8,12816869.75
202506,Y62,NORTH WEST,1,1428963.0,117630760.0,9510009.75
202506,Y62,NORTH WEST,2,4239905.0,149206118.0,13446863.830000002
202506,Y62,NORTH WEST,3,964640.0,21638277.0,14569422.74
202506,Y62,NORTH WEST,4,2979040.0,202697889.0,20288398.66
202506,Y62,NORTH WEST,5,425248.0,15131622.5,2576199.87
202506,Y62,NORTH WEST,6,1514921.0,70705153.0,24231767.71
202506,Y62,NORTH WEST,7,396923.0,15596982.0,3459071.5200000005
202506,Y62,NORTH WEST,8,44511.0,1643687.0,1581433.7899999998
202506,Y62,NORTH WEST,9,851496.0,494356522.5,12752857.78
202506,Y62,NORTH WEST,10,383932.0,26474105.0,1916611.15
202506,Y62,NORTH WEST,11,167941.0,2864825.5,1733860.23
202506,Y62,NORTH WEST,12,145265.0,3131106.2,1291645.38
202506,Y62,NORTH WEST,13,349061.0,69505786.5,4534367.9
202506,Y62,NORTH WEST,14,14716.0,14876.0,211970.31
202506,Y62,NORTH WEST,15,24525.0,374186.5,432807.14
202506,Y62,NORTH WEST,18,3.0,7000.0,1225.0
202506,Y62,NORTH WEST,19,8380.0,2634696.0,108771.51
202506,Y62,NORTH WEST,20,154901.0,3397191.0,4927335.4
202506,Y62,NORTH WEST,21,522987.0,91823647.0,10743005.17
202506,Y62,NORTH WEST,22,33044.0,624690.0,804461.84
202506,Y62,NORTH WEST,23,104444.0,10023744.1,4657517.65
202506,Y63,NORTH EAST AND YORKSHIRE,1,2162047.0,156888972.0,12968587.2
202506,Y63,NORTH EAST AND YORKSHIRE,2,6854253.0,221583097.0,18573300.27
202506,Y63,NORTH EAST AND YORKSHIRE,3,1370627.0,29611500.0,21619282.81
202506,Y63,NORTH EAST AND YORKSHIRE,4,4281004.0,275402592.4,25850424.63
202506,Y63,NORTH EAST AND YORKSHIRE,5,542777.0,18938052.5,3467247.99
202506,Y63,NORTH EAST AND YORKSHIRE,6,2391107.0,105610249.5,34858125.74
202506,Y63,NORTH EAST AND YORKSHIRE,7,611935.0,23989835.0,4630908.71
202506,Y63,NORTH EAST AND YORKSHIRE,8,77180.0,2957840.0,2737652.56
202506,Y63,NORTH EAST AND YORKSHIRE,9,1235382.0,408816856.7,11039052.7
202506,Y63,NORTH EAST AND YORKSHIRE,10,594815.0,37492677.0,2415954.06
202506,Y63,NORTH EAST AND YORKSHIRE,11,236938.0,3971357.5,2475604.42
202506,Y63,NORTH EAST AND YORKSHIRE,12,190573.0,3408651.9000000004,1544716.82
202506,Y63,NORTH EAST AND YORKSHIRE,13,417526.0,71869314.0,5292093.76
202506,Y63,NORTH EAST AND YORKSHIRE,14,18482.0,18694.0,273910.05
202506,Y63,NORTH EAST AND YORKSHIRE,15,23825.0,6642575.5,325065.47000000003
202506,Y63,NORTH EAST AND YORKSHIRE,18,2.0,2000.0,350.0
202506,Y63,NORTH EAST AND YORKSHIRE,19,9216.0,3070818.0,138627.79
202506,Y63,NORTH EAST AND YORKSHIRE,20,52062.0,1418302.7,1775016.16
202506,Y63,NORTH EAST AND YORKSHIRE,21,570289.0,97243756.5,11133768.27
202506,Y63,NORTH EAST AND YORKSHIRE,22,11539.0,206284.0,306054.74
202506,Y63,NORTH EAST AND YORKSHIRE,23,58384.0,6061769.3,2386808.64
202507,Y56,LONDON,1,1237943.0,84688326.0,7799462.92
202507,Y56,LONDON,2,4194530.0,137866231.0,10879283.59
202507,Y56,LONDON,3,716667.0,19459809.0,11678293.58
202507,Y56,LONDON,4,2272305.0,132739725.0,17054835.62
202507,Y56,LONDON,5,422529.0,15627227.5,2185463.15
202507,Y56,LONDON,6,1868553.0,91247301.0,28021047.54
202507,Y56,LONDON,7,385990.0,13986858.0,3212071.34
202507,Y56,LONDON,8,43480.0,1762535.0,1566780.57
202507,Y56,LONDON,9,936253.0,342693766.5,8842418.34
202507,Y56,LONDON,10,317248.0,21687714.0,1532143.41
202507,Y56,LONDON,11,183786.0,4211544.0,2523163.89
202507,Y56,LONDON,12,137715.0,3976974.6,1266235.2999999998
202507,Y56,LONDON,13,371002.0,64653116.0,4754132.12
202507,Y56,LONDON,14,33997.0,34361.0,500428.23
202507,Y56,LONDON,15,13823.0,297994.0,341650.97
202507,Y56,LONDON,19,7784.0,8075529.0,123854.76
202507,Y56,LONDON,20,45508.0,1260063.1,1348143.26
202507,Y56,LONDON,21,490766.0,105947729.5,7977898.89
202507,Y56,LONDON,22,23059.0,404381.0,562606.06
202507,Y56,LONDON,23,46543.0,5677208.6,1322796.57
202507,Y58,SOUTH WEST,1,955440.0,67595451.0,5904998.62
202507,Y58,SOUTH WEST,2,3123672.0,115932158.6,9909594.81
202507,Y58,SOUTH WEST,3,564362.0,12879009.0,10265428.68
202507,Y58,SOUTH WEST,4,1933613.0,135952320.6,13218083.56
202507,Y58,SOUTH WEST,5,304773.0,10315892.5,1921679.51
202507,Y58,SOUTH WEST,6,1145340.0,55960593.5,18241969.73
202507,Y58,SOUTH WEST,7,321754.0,13171482.0,2651657.82
202507,Y58,SOUTH WEST,8,41290.0,1592644.0,1816020.1
202507,Y58,SOUTH WEST,9,575795.0,193032997.0,4932798.55
202507,Y58,SOUTH WEST,10,268958.0,15916216.0,1340296.07
202507,Y58,SOUTH WEST,11,132671.0,2353532.0,1428386.59
202507,Y58,SOUTH WEST,12,89229.0,1486714.6,701864.85
202507,Y58,SOUTH WEST,13,199256.0,28314074.0,2385244.61
202507,Y58,SOUTH WEST,14,19726.0,19876.0,280672.67
202507,Y58,SOUTH WEST,15,21839.0,240144.5,212048.13
202507,Y58,SOUTH WEST,19,3511.0,758874.0,68004.43
202507,Y58,SOUTH WEST,20,29094.0,530357.2,571604.88
202507,Y58,SOUTH WEST,21,325991.0,54585841.5,8196915.33
202507,Y58,SOUTH WEST,22,51930.0,850739.0,1173604.92
202507,Y58,SOUTH WEST,23,45665.0,4085784.3,1714033.57
202507,Y59,SOUTH EAST,1,1262727.0,93318095.0,8852366.43
202507,Y59,SOUTH EAST,2,4166137.0,167885181.2,13910907.66
202507,Y59,SOUTH EAST,3,802802.0,19952859.0,14901800.330000002
202507,Y59,SOUTH EAST,4,2609129.0,174654417.60000002,20189682.48
202507,Y59,SOUTH EAST,5,479723.0,17135785.5,2728474.24
202507,Y59,SOUTH EAST,6,1634569.0,86198207.5,30437071.38
202507,Y59,SOUTH EAST,7,437847.0,19163354.0,4005606.23
202507,Y59,SOUTH EAST,8,63310.0,2762913.0,2747076.3
202507,Y59,SOUTH EAST,9,846375.0,558791471.0,13959255.22
202507,Y59,SOUTH EAST,10,349714.0,21999309.0,1877509.81
202507,Y59,SOUTH EAST,11,188688.0,4009905.0,2356131.75
202507,Y59,SOUTH EAST,12,140073.0,2174080.8,1166176.6700000002
202507,Y59,SOUTH EAST,13,296379.0,44151179.5,3743598.86
202507,Y59,SOUTH EAST,14,25795.0,25994.0,370118.24
202507,Y59,SOUTH EAST,15,22953.0,3134334.5,317273.93
202507,Y59,SOUTH EAST,19,5340.0,1881573.0,108458.17
202507,Y59,SOUTH EAST,20,28537.0,1371211.2,761874.5
202507,Y59,SOUTH EAST,21,421492.0,72379695.0,11816531.07
202507,Y59,SOUTH EAST,22,37922.0,726494.0,915897.13
202507,Y59,SOUTH EAST,23,93645.0,9283360.9,5546265.84
202507,Y60,MIDLANDS,1,2037017.0,161860982.0,12614812.73
202507,Y60,MIDLANDS,2,6617420.0,240415183.2,21311643.75
202507,Y60,MIDLANDS,3,1330547.0,31707331.0,21434495.19
202507,Y60,MIDLANDS,4,4126703.0,297206832.6,28669265.64
202507,Y60,MIDLANDS,5,652464.0,23231134.5,3604506.88
202507,Y60,MIDLANDS,6,2434926.0,119054175.5,40448917.92
202507,Y60,MIDLANDS,7,598094.0,24532231.0,4795279.0200000005
202507,Y60,MIDLANDS,8,71957.0,2637675.0,2907847.54
202507,Y60,MIDLANDS,9,1250719.0,1316355007.2,31055394.27
202507,Y60,MIDLANDS,10,571606.0,38928201.0,2497603.6
202507,Y60,MIDLANDS,11,279992.0,5872484.5,3364697.66
202507,Y60,MIDLANDS,12,203041.0,4593023.3,1654101.05
202507,Y60,MIDLANDS,13,481686.0,89096346.5,5701522.25
202507,Y60,MIDLANDS,14,30408.0,30652.0,442364.97
202507,Y60,MIDLANDS,15,31067.0,409713.5,352214.56999999995
202507,Y60,MIDLANDS,19,10858.0,3446881.0,183972.83
202507,Y60,MIDLANDS,20,122183.0,3172567.86,4095986.55
202507,Y60,MIDLANDS,21,780517.0,130963033.5,14528622.33
202507,Y60,MIDLANDS,22,25189.0,457910.0,650898.11
202507,Y60,MIDLANDS,23,163592.0,15901984.3,9713327.55
202507,Y61,EAST OF ENGLAND,1,1143349.0,76649770.0,7215899.64
202507,Y61,EAST OF ENGLAND,2,3935086.0,134360028.4,12528955.99
202507,Y61,EAST OF ENGLAND,3,732709.0,16902456.0,11856261.14
202507,Y61,EAST OF ENGLAND,4,2296538.0,143964523.4,15312902.39
202507,Y61,EAST OF ENGLAND,5,395579.0,13854324.5,2140449.05
202507,Y61,EAST OF ENGLAND,6,1493557.0,68980117.5,22721400.06
202507,Y61,EAST OF ENGLAND,7,378247.0,14849122.0,2890422.45
202507,Y61,EAST OF ENGLAND,8,55995.0,2154675.0,2232035.92
202507,Y61,EAST OF ENGLAND,9,609044.0,210770756.4,6008058.91
202507,Y61,EAST OF ENGLAND,10,314148.0,18467947.0,1668745.96
202507,Y61,EAST OF ENGLAND,11,157627.0,2838873.0,1752429.62
202507,Y61,EAST OF ENGLAND,12,110755.0,1694480.7,882526.32
202507,Y61,EAST OF ENGLAND,13,235771.0,33083256.0,2813105.85
202507,Y61,EAST OF ENGLAND,14,19776.0,19931.0,292885.93
202507,Y61,EAST OF ENGLAND,15,16746.0,240420.5,235959.49
202507,Y61,EAST OF ENGLAND,19,4123.0,1792898.0,110471.52
202507,Y61,EAST OF ENGLAND,20,42024.0,1255310.4,2596898.74
202507,Y61,EAST OF ENGLAND,21,428483.0,65316869.0,15691919.5
202507,Y61,EAST OF ENGLAND,22,55218.0,1029835.0,1602678.11
202507,Y61,EAST OF ENGLAND,23,187019.0,15392164.7,13380269.12
202507,Y62,NORTH WEST,1,1531212.0,125783897.0,9567372.5
202507,Y62,NORTH WEST,2,4549551.0,160331652.4,13970891.71
202507,Y62,NORTH WEST,3,1009995.0,22546411.0,15685528.84
202507,Y62,NORTH WEST,4,3181057.0,216049893.4,21064059.04
202507,Y62,NORTH WEST,5,450686.0,15985703.5,2638536.88
202507,Y62,NORTH WEST,6,1627461.0,75872204.5,26110372.99
202507,Y62,NORTH WEST,7,424509.0,16640879.0,3621788.97
202507,Y62,NORTH WEST,8,47740.0,1772064.0,1663494.34
202507,Y62,NORTH WEST,9,910209.0,529875631.0,13617668.41
202507,Y62,NORTH WEST,10,408248.0,28382079.0,2044579.86
202507,Y62,NORTH WEST,11,175228.0,2995750.0,1766371.19
202507,Y62,NORTH WEST,12,147639.0,3363140.2,1258621.62
202507,Y62,NORTH WEST,13,371859.0,73358225.0,4789756.2
202507,Y62,NORTH WEST,14,16897.0,17087.0,235671.64
202507,Y62,NORTH WEST,15,25779.0,387498.5,456493.18000000005
202507,Y62,NORTH WEST,18,1.0,500.0,87.5
202507,Y62,NORTH WEST,19,7922.0,2767856.0,120890.5
202507,Y62,NORTH WEST,20,152927.0,3354261.5,4811458.140000001
202507,Y62,NORTH WEST,21,550928.0,94791279.0,11593403.8
202507,Y62,NORTH WEST,22,38120.0,727435.0,919853.42
202507,Y62,NORTH WEST,23,113964.0,10868570.5,5277194.52
202507,Y63,NORTH EAST AND YORKSHIRE,1,2330208.0,167910378.0,13309796.14
202507,Y63,NORTH EAST AND YORKSHIRE,2,7417038.0,241737788.8,19556410.89
202507,Y63,NORTH EAST AND YORKSHIRE,3,1443922.0,30597711.0,23531562.68
202507,Y63,NORTH EAST AND YORKSHIRE,4,4617047.0,296588279.2,27044440.4
202507,Y63,NORTH EAST AND YORKSHIRE,5,571071.0,19899681.5,3530265.82
202507,Y63,NORTH EAST AND YORKSHIRE,6,2594250.0,115209814.5,38069046.59
202507,Y63,NORTH EAST AND YORKSHIRE,7,661469.0,25830543.0,4870494.47
202507,Y63,NORTH EAST AND YORKSHIRE,8,83645.0,3222032.0,2898180.63
202507,Y63,NORTH EAST AND YORKSHIRE,9,1326945.0,441872366.5,11793429.86
202507,Y63,NORTH EAST AND YORKSHIRE,10,639482.0,40310345.0,2580555.31
202507,Y63,NORTH EAST AND YORKSHIRE,11,250481.0,4254560.0,2587870.35
202507,Y63,NORTH EAST AND YORKSHIRE,12,191278.0,3575137.3,1544072.21
202507,Y63,NORTH EAST AND YORKSHIRE,13,439388.0,75445662.0,5579058.97
202507,Y63,NORTH EAST AND YORKSHIRE,14,23560.0,23833.0,345399.0
202507,Y63,NORTH EAST AND YORKSHIRE,15,24054.0,3978238.5,339711.88
202507,Y63,NORTH EAST AND YORKSHIRE,18,1.0,1000.0,175.0
202507,Y63,NORTH EAST AND YORKSHIRE,19,9273.0,3455534.0,169498.21999999997
202507,Y63,NORTH EAST AND YORKSHIRE,20,56391.0,1606751.6,1997655.65
202507,Y63,NORTH EAST AND YORKSHIRE,21,611837.0,101608629.0,12183783.24
202507,Y63,NORTH EAST AND YORKSHIRE,22,12455.0,221239.0,330207.59
202507,Y63,NORTH EAST AND YORKSHIRE,23,62855.0,6536571.7,2557957.92
202508,Y56,LONDON,1,1143010.0,77310278.0,7166139.24
202508,Y56,LONDON,2,3890135.0,126478236.8,10314335.25
202508,Y56,LONDON,3,633563.0,16534319.0,10615154.55
202508,Y56,LONDON,4,2099905.0,121731702.0,15711343.85
202508,Y56,LONDON,5,378126.0,13091331.5,1968301.39
202508,Y56,LONDON,6,1716666.0,82607395.0,24809249.5
202508,Y56,LONDON,7,355340.0,12643307.0,2907389.8400000003
202508,Y56,LONDON,8,40363.0,1612433.0,1509139.12
202508,Y56,LONDON,9,864908.0,312635293.2,7976381.859999999
202508,Y56,LONDON,10,289280.0,19710400.0,1382266.28
202508,Y56,LONDON,11,162831.0,3792301.5,2253578.87
202508,Y56,LONDON,12,118226.0,3661092.0,1099474.83
202508,Y56,LONDON,13,326922.0,57468796.5,4218116.399999999
202508,Y56,LONDON,14,35308.0,35515.0,502952.98
202508,Y56,LONDON,15,13055.0,279555.0,323725.67
202508,Y56,LONDON,18,1.0,2000.0,350.0
202508,Y56,LONDON,19,7099.0,8002673.0,114821.07
202508,Y56,LONDON,20,42734.0,1165824.2,1249960.0
202508,Y56,LONDON,21,442166.0,94689219.5,7273479.359999999
202508,Y56,LONDON,22,20485.0,355055.0,507585.47
202508,Y56,LONDON,23,42361.0,5160347.5,1161233.74
202508,Y58,SOUTH WEST,1,886168.0,62763322.0,5531481.5600000005
202508,Y58,SOUTH WEST,2,2909397.0,107794418.2,9437836.44
202508,Y58,SOUTH WEST,3,509086.0,11458612.0,9399887.0
202508,Y58,SOUTH WEST,4,1792499.0,125691369.0,12269782.81
202508,Y58,SOUTH WEST,5,278006.0,9136572.0,1801355.01
202508,Y58,SOUTH WEST,6,1060682.0,51765043.5,16739302.32
202508,Y58,SOUTH WEST,7,297857.0,12041461.0,2433377.5
202508,Y58,SOUTH WEST,8,38530.0,1491805.0,1666235.47
202508,Y58,SOUTH WEST,9,532074.0,174841878.4,4506523.52
202508,Y58,SOUTH WEST,10,247266.0,14808984.0,1240866.88
202508,Y58,SOUTH WEST,11,121092.0,2157681.0,1300106.47
202508,Y58,SOUTH WEST,12,78080.0,1293438.2,625845.56
202508,Y58,SOUTH WEST,13,176482.0,25285750.0,2125816.92
202508,Y58,SOUTH WEST,14,16054.0,16210.0,227176.18
202508,Y58,SOUTH WEST,15,17886.0,226420.0,190859.25
202508,Y58,SOUTH WEST,19,3201.0,637270.0,59706.41
202508,Y58,SOUTH WEST,20,26706.0,502579.1,549976.11
202508,Y58,SOUTH WEST,21,295664.0,48968489.0,7526557.25
202508,Y58,SOUTH WEST,22,46511.0,761821.0,1053907.83
202508,Y58,SOUTH WEST,23,41906.0,3798510.2,1558547.65
202508,Y59,SOUTH EAST,1,1161432.0,85833157.0,8118997.319999999
202508,Y59,SOUTH EAST,2,3842755.0,154879391.4,13136483.5
202508,Y59,SOUTH EAST,3,715426.0,17367691.0,13586230.74
202508,Y59,SOUTH EAST,4,2408220.0,160699191.8,18563071.43
202508,Y59,SOUTH EAST,5,432055.0,14695486.5,2530859.21
202508,Y59,SOUTH EAST,6,1498672.0,79098541.5,27518154.5
202508,Y59,SOUTH EAST,7,402450.0,17360871.0,3682126.2
202508,Y59,SOUTH EAST,8,57824.0,2504160.0,2408025.79
202508,Y59,SOUTH EAST,9,772393.0,492887297.4,12385372.52
202508,Y59,SOUTH EAST,10,320925.0,20153185.0,1708581.06
202508,Y59,SOUTH EAST,11,168839.0,3659669.0,2112889.32
202508,Y59,SOUTH EAST,12,121924.0,1969513.6,1029613.32
202508,Y59,SOUTH EAST,13,261365.0,38740730.0,3331696.25
202508,Y59,SOUTH EAST,14,29083.0,29245.0,411079.81000000006
202508,Y59,SOUTH EAST,15,19583.0,288981.0,290251.92000000004
202508,Y59,SOUTH EAST,19,4835.0,1439611.0,107546.37
202508,Y59,SOUTH EAST,20,25079.0,1219667.9,697513.61
202508,Y59,SOUTH EAST,21,378459.0,63896924.0,10868193.89
202508,Y59,SOUTH EAST,22,33666.0,648429.0,813031.8099999999
202508,Y59,SOUTH EAST,23,83192.0,8240975.300000001,4894951.6
202508,Y60,MIDLANDS,1,1868720.0,148537370.0,11527130.02
202508,Y60,MIDLANDS,2,6077706.0,220179590.0,20058494.04
202508,Y60,MIDLANDS,3,1186300.0,27726085.0,19439496.91
202508,Y60,MIDLANDS,4,3791833.0,273070042.6,26381348.96
202508,Y60,MIDLANDS,5,583813.0,20053142.0,3299602.32
202508,Y60,MIDLANDS,6,2224242.0,108518220.0,36256031.35
202508,Y60,MIDLANDS,7,548692.0,22104763.0,4378116.42
202508,Y60,MIDLANDS,8,65808.0,2406859.0,2691903.61
202508,Y60,MIDLANDS,9,1122291.0,979432522.0,23443975.52
202508,Y60,MIDLANDS,10,522708.0,35599678.0,2244864.38
202508,Y60,MIDLANDS,11,250707.0,5300127.0,3034019.46
202508,Y60,MIDLANDS,12,176275.0,4080993.4,1460866.78
202508,Y60,MIDLANDS,13,429587.0,79174959.5,5137056.54
202508,Y60,MIDLANDS,14,34529.0,34757.0,469850.13
202508,Y60,MIDLANDS,15,29389.0,386269.5,326364.78
202508,Y60,MIDLANDS,19,10300.0,3377329.0,189955.63
202508,Y60,MIDLANDS,20,112713.0,2911127.5,3698917.85
202508,Y60,MIDLANDS,21,698342.0,116426438.0,13066462.85
202508,Y60,MIDLANDS,22,21849.0,399185.0,566892.23
202508,Y60,MIDLANDS,23,148076.0,14503445.9,8863884.870000001
202508,Y61,EAST OF ENGLAND,1,1062888.0,71166535.0,6645166.800000001
202508,Y61,EAST OF ENGLAND,2,3663606.0,124795636.6,11956181.89
202508,Y61,EAST OF ENGLAND,3,660858.0,15096150.0,10840297.57
202508,Y61,EAST OF ENGLAND,4,2131167.0,133217241.2,14160782.14
202508,Y61,EAST OF ENGLAND,5,358199.0,11976660.0,1982343.66
202508,Y61,EAST OF ENGLAND,6,1375906.0,63350360.5,20406014.45
202508,Y61,EAST OF ENGLAND,7,351720.0,13555291.0,2644244.18
202508,Y61,EAST OF ENGLAND,8,52392.0,1998799.0,2088364.44
202508,Y61,EAST OF ENGLAND,9,562659.0,192401688.0,5527810.5
202508,Y61,EAST OF ENGLAND,10,289087.0,16944681.0,1515129.84
202508,Y61,EAST OF ENGLAND,11,142355.0,2595074.0,1588580.8299999998
202508,Y61,EAST OF ENGLAND,12,97689.0,1547175.3,788168.28
202508,Y61,EAST OF ENGLAND,13,212734.0,30031316.0,2545417.72
202508,Y61,EAST OF ENGLAND,14,17653.0,17799.0,263983.83
202508,Y61,EAST OF ENGLAND,15,14753.0,225751.5,219760.87
202508,Y61,EAST OF ENGLAND,19,3994.0,1714016.0,97334.14
202508,Y61,EAST OF ENGLAND,20,38763.0,1119141.8,2422912.4999999995
202508,Y61,EAST OF ENGLAND,21,392275.0,59725286.0,14848951.1
202508,Y61,EAST OF ENGLAND,22,54371.0,1004989.0,1565182.35
202508,Y61,EAST OF ENGLAND,23,183547.0,15127593.0,13223680.52
202508,Y62,NORTH WEST,1,1400329.0,114229211.0,8785125.84
202508,Y62,NORTH WEST,2,4183222.0,147137913.6,13175403.3
202508,Y62,NORTH WEST,3,904635.0,19781938.0,14299297.79
202508,Y62,NORTH WEST,4,2910431.0,197554392.4,19214189.82
202508,Y62,NORTH WEST,5,399352.0,13574126.0,2350496.77
202508,Y62,NORTH WEST,6,1484026.0,69079939.0,23436361.36
202508,Y62,NORTH WEST,7,388011.0,14996543.0,3286973.67
202508,Y62,NORTH WEST,8,43529.0,1605272.0,1499918.31
202508,Y62,NORTH WEST,9,829553.0,477648629.4,12332191.95
202508,Y62,NORTH WEST,10,372941.0,25942030.0,1861862.44
202508,Y62,NORTH WEST,11,156983.0,2722537.5,1590502.35
202508,Y62,NORTH WEST,12,127441.0,3001405.0,1101222.55
202508,Y62,NORTH WEST,13,330751.0,65481212.0,4264050.19
202508,Y62,NORTH WEST,14,15214.0,15394.5,218932.83
202508,Y62,NORTH WEST,15,21666.0,347684.5,408491.5
202508,Y62,NORTH WEST,18,1.0,3000.0,525.0
202508,Y62,NORTH WEST,19,7610.0,2479344.0,120899.05
202508,Y62,NORTH WEST,20,137689.0,2996589.5,4327809.15
202508,Y62,NORTH WEST,21,489622.0,82405347.5,10464733.81
202508,Y62,NORTH WEST,22,33731.0,638090.0,817602.59
202508,Y62,NORTH WEST,23,98453.0,9492471.3,4457951.91
202508,Y63,NORTH EAST AND YORKSHIRE,1,2135268.0,153680596.0,12232254.27
202508,Y63,NORTH EAST AND YORKSHIRE,2,6813102.0,221376757.0,18544647.74
202508,Y63,NORTH EAST AND YORKSHIRE,3,1290148.0,26830306.0,21332352.55
202508,Y63,NORTH EAST AND YORKSHIRE,4,4226421.0,271555770.6,24771596.26
202508,Y63,NORTH EAST AND YORKSHIRE,5,512991.0,17182485.5,3267681.71
202508,Y63,NORTH EAST AND YORKSHIRE,6,2370648.0,104945179.5,34506422.97
202508,Y63,NORTH EAST AND YORKSHIRE,7,607020.0,23188341.0,4448484.28
202508,Y63,NORTH EAST AND YORKSHIRE,8,76384.0,2932478.0,2649834.23
202508,Y63,NORTH EAST AND YORKSHIRE,9,1212791.0,399224139.0,10737334.54
202508,Y63,NORTH EAST AND YORKSHIRE,10,585284.0,36979756.0,2358608.14
202508,Y63,NORTH EAST AND YORKSHIRE,11,222855.0,3779486.5,2298462.7
202508,Y63,NORTH EAST AND YORKSHIRE,12,164248.0,3241351.9000000004,1350443.54
202508,Y63,NORTH EAST AND YORKSHIRE,13,389963.0,66766258.0,4955042.529999999
202508,Y63,NORTH EAST AND YORKSHIRE,14,18389.0,18503.0,274618.82
202508,Y63,NORTH EAST AND YORKSHIRE,15,20442.0,16537834.0,311207.62
202508,Y63,NORTH EAST AND YORKSHIRE,18,1.0,1000.0,175.0
202508,Y63,NORTH EAST AND YORKSHIRE,19,8412.0,3174101.0,184169.7
202508,Y63,NORTH EAST AND YORKSHIRE,20,50766.0,1430890.2999999998,1780841.77
202508,Y63,NORTH EAST AND YORKSHIRE,21,547708.0,90901930.0,11087404.72
202508,Y63,NORTH EAST AND YORKSHIRE,22,11097.0,197724.0,291551.02
202508,Y63,NORTH EAST AND YORKSHIRE,23,56114.0,5836392.8,2257811.89
202509,Y56,LONDON,1,1210862.0,82482200.0,7556569.13
202509,Y56,LONDON,2,4083449.0,133375053.6,10860059.25
202509,Y56,LONDON,3,683678.0,17683941.0,11718830.39
202509,Y56,LONDON,4,2218846.0,128301406.8,16956792.6
202509,Y56,LONDON,5,420708.0,15142117.0,2190473.26
202509,Y56,LONDON,6,1819423.0,87614087.0,30449334.0
202509,Y56,LONDON,7,376995.0,13410806.0,3134705.51
202509,Y56,LONDON,8,42289.0,1715600.0,1551508.41
202509,Y56,LONDON,9,913386.0,321427070.7,8395996.86
202509,Y56,LONDON,10,307551.0,21075600.0,1442392.7599999998
202509,Y56,LONDON,11,168423.0,3966129.5,2345720.57
202509,Y56,LONDON,12,125943.0,4009945.3,1189794.79
202509,Y56,LONDON,13,342563.0,60838981.5,4413866.47
202509,Y56,LONDON,14,37231.0,37471.0,588462.14
202509,Y56,LONDON,15,13649.0,283503.0,327940.17
202509,Y56,LONDON,18,1.0,1000.0,175.0
202509,Y56,LONDON,19,7685.0,8115828.0,118332.5
202509,Y56,LONDON,20,42805.0,1192909.7999999998,1249438.57
202509,Y56,LONDON,21,471728.0,101380070.0,7669005.74
202509,Y56,LONDON,22,21379.0,366562.0,517515.34
202509,Y56,LONDON,23,45327.0,5515207.1,1308470.87
202509,Y58,SOUTH WEST,1,932683.0,66277597.0,5895551.59
202509,Y58,SOUTH WEST,2,3033870.0,112565022.8,9808139.74
202509,Y58,SOUTH WEST,3,539453.0,11855480.0,9977470.18
202509,Y58,SOUTH WEST,4,1878572.0,131346450.4,13048552.04
202509,Y58,SOUTH WEST,5,299607.0,9845654.0,1967168.6
202509,Y58,SOUTH WEST,6,1116235.0,54238107.5,20542989.79
202509,Y58,SOUTH WEST,7,314554.0,12775196.0,2599537.1
202509,Y58,SOUTH WEST,8,40171.0,1555816.0,1690297.21
202509,Y58,SOUTH WEST,9,560660.0,184781653.8,4759491.33
202509,Y58,SOUTH WEST,10,260816.0,15610735.0,1283137.88
202509,Y58,SOUTH WEST,11,125222.0,2240465.5,1352500.18
202509,Y58,SOUTH WEST,12,81689.0,1403704.6,672030.48
202509,Y58,SOUTH WEST,13,185734.0,26546837.0,2223418.63
202509,Y58,SOUTH WEST,14,19334.0,19512.0,272666.59
202509,Y58,SOUTH WEST,15,20947.0,256225.0,211316.06
202509,Y58,SOUTH WEST,19,3307.0,732621.0,60126.850000000006
202509,Y58,SOUTH WEST,20,28533.0,487648.6,558872.84
202509,Y58,SOUTH WEST,21,311265.0,51285412.5,7927114.49
202509,Y58,SOUTH WEST,22,53584.0,851900.0,1214712.93
202509,Y58,SOUTH WEST,23,44300.0,3996122.2,1630940.34
202509,Y59,SOUTH EAST,1,1231168.0,91083839.0,8741369.459999999
202509,Y59,SOUTH EAST,2,4038632.0,162631536.2,13872653.96
202509,Y59,SOUTH EAST,3,765389.0,18125385.0,14533403.0
202509,Y59,SOUTH EAST,4,2545049.0,169809394.4,20170560.4
202509,Y59,SOUTH EAST,5,475028.0,16518404.0,2784937.7
202509,Y59,SOUTH EAST,6,1591779.0,83551947.5,34642457.14
202509,Y59,SOUTH EAST,7,425801.0,18409128.0,3967670.9
202509,Y59,SOUTH EAST,8,61980.0,2676791.0,2694793.5300000003
202509,Y59,SOUTH EAST,9,821125.0,526617737.0,13168818.76
202509,Y59,SOUTH EAST,10,337945.0,21226434.0,1780062.27
202509,Y59,SOUTH EAST,11,176099.0,3827728.5,2208261.93
202509,Y59,SOUTH EAST,12,128400.0,2096294.6,1101007.9500000002
202509,Y59,SOUTH EAST,13,276904.0,41113994.0,3506410.57
202509,Y59,SOUTH EAST,14,35873.0,36027.5,510867.5
202509,Y59,SOUTH EAST,15,22024.0,311406.5,303838.44
202509,Y59,SOUTH EAST,19,5172.0,1723539.0,112614.98
202509,Y59,SOUTH EAST,20,26515.0,1375700.4,715852.26
202509,Y59,SOUTH EAST,21,403206.0,68443341.5,11564269.86
202509,Y59,SOUTH EAST,22,38731.0,739653.0,933293.22
202509,Y59,SOUTH EAST,23,92993.0,9207891.0,5561123.82
202509,Y60,MIDLANDS,1,1979160.0,158003672.0,12240235.12
202509,Y60,MIDLANDS,2,6386352.0,231630513.8,21155076.9
202509,Y60,MIDLANDS,3,1261483.0,29155958.0,20753508.73
202509,Y60,MIDLANDS,4,4001508.0,287479551.0,28256160.78
202509,Y60,MIDLANDS,5,647831.0,22956535.5,3808054.66
202509,Y60,MIDLANDS,6,2365587.0,114942713.5,46104738.58
202509,Y60,MIDLANDS,7,580457.0,23570832.0,4670752.109999999
202509,Y60,MIDLANDS,8,69408.0,2533291.0,2778896.92
202509,Y60,MIDLANDS,9,1181136.0,1025837505.9,24705608.88
202509,Y60,MIDLANDS,10,554316.0,38017511.0,2396693.17
202509,Y60,MIDLANDS,11,260941.0,5562431.5,3154558.97
202509,Y60,MIDLANDS,12,185556.0,4585544.8,1554172.14
202509,Y60,MIDLANDS,13,453624.0,83702953.0,5434011.82
202509,Y60,MIDLANDS,14,35059.0,35372.0,535583.53
202509,Y60,MIDLANDS,15,30244.0,395176.0,340651.7
202509,Y60,MIDLANDS,19,10294.0,3601582.0,202458.25
202509,Y60,MIDLANDS,20,119619.0,3148311.6,4021936.65
202509,Y60,MIDLANDS,21,745355.0,123876259.0,13896553.79
202509,Y60,MIDLANDS,22,23974.0,433433.0,610091.98
202509,Y60,MIDLANDS,23,158400.0,15576006.3,9503630.03
202509,Y61,EAST OF ENGLAND,1,1112960.0,74618875.0,7072399.69
202509,Y61,EAST OF ENGLAND,2,3804837.0,129852790.6,12412242.54
202509,Y61,EAST OF ENGLAND,3,696496.0,15636916.0,11430597.06
202509,Y61,EAST OF ENGLAND,4,2230368.0,139297002.4,15203370.52
202509,Y61,EAST OF ENGLAND,5,389104.0,13414130.0,2211833.71
202509,Y61,EAST OF ENGLAND,6,1449686.0,66547689.0,25452051.84
202509,Y61,EAST OF ENGLAND,7,368781.0,14323025.0,2823291.91
202509,Y61,EAST OF ENGLAND,8,54251.0,2094515.0,2142798.73
202509,Y61,EAST OF ENGLAND,9,588037.0,204810180.4,5805421.630000001
202509,Y61,EAST OF ENGLAND,10,303609.0,17940871.0,1592362.32
202509,Y61,EAST OF ENGLAND,11,146221.0,2680538.0,1633857.88
202509,Y61,EAST OF ENGLAND,12,100823.0,1643520.2,821761.0
202509,Y61,EAST OF ENGLAND,13,221668.0,31302833.0,2637809.25
202509,Y61,EAST OF ENGLAND,14,19663.0,19803.0,321063.12
202509,Y61,EAST OF ENGLAND,15,16491.0,222471.0,220196.73
202509,Y61,EAST OF ENGLAND,19,4287.0,1792253.0,116237.33
202509,Y61,EAST OF ENGLAND,20,39044.0,1125736.0,2636863.97
202509,Y61,EAST OF ENGLAND,21,406716.0,61724704.0,14907508.829999998
202509,Y61,EAST OF ENGLAND,22,50919.0,952617.0,1487199.85
202509,Y61,EAST OF ENGLAND,23,177849.0,14619958.0,12586445.73
202509,Y62,NORTH WEST,1,1487852.0,122574028.0,9429026.08
202509,Y62,NORTH WEST,2,4403657.0,155231524.6,13955101.260000002
202509,Y62,NORTH WEST,3,967477.0,20887867.0,15312729.44
202509,Y62,NORTH WEST,4,3090325.0,209303271.8,20819096.78
202509,Y62,NORTH WEST,5,447212.0,15674278.5,2642373.13
202509,Y62,NORTH WEST,6,1581334.0,73350309.0,28738561.76
202509,Y62,NORTH WEST,7,412461.0,15941091.0,3530217.02
202509,Y62,NORTH WEST,8,46197.0,1697969.0,1604485.03
202509,Y62,NORTH WEST,9,886988.0,517666534.0,13364659.86
202509,Y62,NORTH WEST,10,397369.0,27570873.0,1963093.03
202509,Y62,NORTH WEST,11,164787.0,2866180.5,1667248.41
202509,Y62,NORTH WEST,12,136453.0,3236920.1,1185244.2
202509,Y62,NORTH WEST,13,354013.0,69900760.0,4577732.8
202509,Y62,NORTH WEST,14,25902.0,26100.5,371723.87
202509,Y62,NORTH WEST,15,25414.0,428735.5,442259.67
202509,Y62,NORTH WEST,18,3.0,4500.0,787.5
202509,Y62,NORTH WEST,19,7853.0,2859404.0,133392.03999999998
202509,Y62,NORTH WEST,20,150098.0,3270611.2,4751431.91
202509,Y62,NORTH WEST,21,528346.0,88328605.0,11246595.46
202509,Y62,NORTH WEST,22,35987.0,684439.0,870450.04
202509,Y62,NORTH WEST,23,108814.0,10533293.7,5008861.58
202509,Y63,NORTH EAST AND YORKSHIRE,1,2259827.0,163707245.0,12996391.75
202509,Y63,NORTH EAST AND YORKSHIRE,2,7145730.0,232004638.8,19482352.33
202509,Y63,NORTH EAST AND YORKSHIRE,3,1370487.0,27952224.0,22730254.95
202509,Y63,NORTH EAST AND YORKSHIRE,4,4458625.0,285149425.6,26584564.45
202509,Y63,NORTH EAST AND YORKSHIRE,5,564950.0,19323317.5,3749579.6
202509,Y63,NORTH EAST AND YORKSHIRE,6,2506534.0,110397610.0,42504102.91
202509,Y63,NORTH EAST AND YORKSHIRE,7,641926.0,24857763.0,4754709.12
202509,Y63,NORTH EAST AND YORKSHIRE,8,81036.0,3100319.0,2769779.17
202509,Y63,NORTH EAST AND YORKSHIRE,9,1283062.0,427671067.5,11521713.7
202509,Y63,NORTH EAST AND YORKSHIRE,10,618247.0,39064871.0,2465864.14
202509,Y63,NORTH EAST AND YORKSHIRE,11,232513.0,4005022.5,2386756.96
202509,Y63,NORTH EAST AND YORKSHIRE,12,174349.0,3500779.3,1424642.86
202509,Y63,NORTH EAST AND YORKSHIRE,13,413632.0,71050410.0,5244265.68
202509,Y63,NORTH EAST AND YORKSHIRE,14,26100.0,26279.0,397494.23
202509,Y63,NORTH EAST AND YORKSHIRE,15,23369.0,6650435.5,323907.01
202509,Y63,NORTH EAST AND YORKSHIRE,18,1.0,1000.0,175.0
202509,Y63,NORTH EAST AND YORKSHIRE,19,8755.0,3348481.0,174388.72999999998
202509,Y63,NORTH EAST AND YORKSHIRE,20,53049.0,1549534.3,1906757.89
202509,Y63,NORTH EAST AND YORKSHIRE,21,583060.0,96391258.0,11651397.26
202509,Y63,NORTH EAST AND YORKSHIRE,22,11967.0,214631.0,318346.01
202509,Y63,NORTH EAST AND YORKSHIRE,23,59524.0,6218136.300000001,2399231.91
202510,Y56,LONDON,1,1241265.0,84299729.0,7315605.460000001
202510,Y56,LONDON,2,4202765.0,136959769.2,10861667.5
202510,Y56,LONDON,3,694266.0,17416178.0,11310802.47
202510,Y56,LONDON,4,2280921.0,131798862.2,17094252.42
202510,Y56,LONDON,5,470336.0,17604149.5,2463143.36
202510,Y56,LONDON,6,1871707.0,89883659.5,28082199.3
202510,Y56,LONDON,7,387678.0,13760995.0,3129581.58
202510,Y56,LONDON,8,43168.0,1758824.0,1572248.89
202510,Y56,LONDON,9,937713.0,333404514.7,8655529.46
202510,Y56,LONDON,10,313453.0,21496143.0,1394123.06
202510,Y56,LONDON,11,173297.0,4079493.5,2361536.13
202510,Y56,LONDON,12,132331.0,4106437.9,1138217.12
202510,Y56,LONDON,13,348597.0,60992258.5,4387511.15
202510,Y56,LONDON,14,803488.0,803750.0,13650642.13
202510,Y56,LONDON,15,13320.0,298422.5,338722.79
202510,Y56,LONDON,19,6928.0,8391939.0,115451.06
202510,Y56,LONDON,20,43513.0,1200494.9,1294608.41
202510,Y56,LONDON,21,482137.0,102594680.0,7808931.779999999
202510,Y56,LONDON,22,23933.0,409751.0,575097.31
202510,Y56,LONDON,23,46897.0,5671085.6,1345975.67
202510,Y58,SOUTH WEST,1,957357.0,68525517.0,5559132.77
202510,Y58,SOUTH WEST,2,3120957.0,115697112.6,9645027.87
202510,Y58,SOUTH WEST,3,555848.0,11836448.0,10171585.27
202510,Y58,SOUTH WEST,4,1941825.0,136013096.0,13162041.29
202510,Y58,SOUTH WEST,5,327444.0,10816228.5,2338754.59
202510,Y58,SOUTH WEST,6,1148718.0,55741939.0,19242634.14
202510,Y58,SOUTH WEST,7,321756.0,12990644.0,2640221.54
202510,Y58,SOUTH WEST,8,41843.0,1611696.0,1779390.7000000002
202510,Y58,SOUTH WEST,9,576249.0,189392446.5,4875870.94
202510,Y58,SOUTH WEST,10,264966.0,15835704.0,1259424.99
202510,Y58,SOUTH WEST,11,129701.0,2313063.0,1375242.73
202510,Y58,SOUTH WEST,12,86221.0,1461230.0,660160.5700000001
202510,Y58,SOUTH WEST,13,193752.0,27449179.0,2270923.67
202510,Y58,SOUTH WEST,14,1048636.0,1049062.0,18131454.0
202510,Y58,SOUTH WEST,15,21078.0,237092.0,213315.34
202510,Y58,SOUTH WEST,19,3262.0,710899.0,52837.44
202510,Y58,SOUTH WEST,20,28300.0,511153.4,566287.03
202510,Y58,SOUTH WEST,21,323844.0,53896669.5,8143156.18
202510,Y58,SOUTH WEST,22,53772.0,856008.0,1212786.71
202510,Y58,SOUTH WEST,23,47044.0,4245543.5,1729161.94
202510,Y59,SOUTH EAST,1,1261953.0,93628343.0,8239593.17
202510,Y59,SOUTH EAST,2,4145214.0,166880717.0,13731201.37
202510,Y59,SOUTH EAST,3,779772.0,17849826.0,14467757.67
202510,Y59,SOUTH EAST,4,2617535.0,174104390.4,20151879.12
202510,Y59,SOUTH EAST,5,524136.0,18626741.5,3216593.67
202510,Y59,SOUTH EAST,6,1635839.0,85686984.5,32525444.45
202510,Y59,SOUTH EAST,7,437403.0,18842767.0,4005296.34
202510,Y59,SOUTH EAST,8,63624.0,2744852.0,2698102.84
202510,Y59,SOUTH EAST,9,840998.0,539587512.5,13549551.1
202510,Y59,SOUTH EAST,10,343504.0,21694990.0,1762244.2
202510,Y59,SOUTH EAST,11,180484.0,3926392.5,2241248.21
202510,Y59,SOUTH EAST,12,133828.0,2188598.3,1060975.91
202510,Y59,SOUTH EAST,13,285440.0,41865662.0,3565857.4000000004
202510,Y59,SOUTH EAST,14,1516031.0,1516224.0,26085917.76
202510,Y59,SOUTH EAST,15,22374.0,1724277.0,312436.97000000003
202510,Y59,SOUTH EAST,18,1.0,1000.0,175.0
202510,Y59,SOUTH EAST,19,5115.0,1865370.0,101119.87
202510,Y59,SOUTH EAST,20,26612.0,1371836.7999999998,748281.28
202510,Y59,SOUTH EAST,21,411111.0,69893732.5,11706113.19
202510,Y59,SOUTH EAST,22,36636.0,693262.0,882834.25
202510,Y59,SOUTH EAST,23,93558.0,9192094.6,5506553.449999999
202510,Y60,MIDLANDS,1,2029999.0,162348342.0,11840036.55
202510,Y60,MIDLANDS,2,6573562.0,238211805.0,21034545.72
202510,Y60,MIDLANDS,3,1287719.0,28981537.0,20895879.25
202510,Y60,MIDLANDS,4,4122703.0,295745747.79999995,28777292.19
202510,Y60,MIDLANDS,5,728498.0,26775715.0,4212716.609999999
202510,Y60,MIDLANDS,6,2437773.0,118105702.5,43016471.47
202510,Y60,MIDLANDS,7,595292.0,23888851.0,4669466.93
202510,Y60,MIDLANDS,8,71135.0,2584716.0,2894387.16
202510,Y60,MIDLANDS,9,1221246.0,1149602349.3,27434073.51
202510,Y60,MIDLANDS,10,563547.0,38660203.0,2320962.21
202510,Y60,MIDLANDS,11,267674.0,5736944.0,3223049.56
202510,Y60,MIDLANDS,12,193399.0,4569764.0,1493527.23
202510,Y60,MIDLANDS,13,460920.0,84731330.0,5403450.93
202510,Y60,MIDLANDS,14,1706970.0,1707255.0,29280521.28
202510,Y60,MIDLANDS,15,31765.0,429225.0,357084.37
202510,Y60,MIDLANDS,19,9681.0,3502881.0,198958.65
202510,Y60,MIDLANDS,20,127275.0,3245860.6,4189427.58
202510,Y60,MIDLANDS,21,767697.0,126851197.5,14286303.0
202510,Y60,MIDLANDS,22,25285.0,457995.0,651928.37
202510,Y60,MIDLANDS,23,161833.0,15858076.8,9560148.9
202510,Y61,EAST OF ENGLAND,1,1144804.0,77146747.0,6712565.1
202510,Y61,EAST OF ENGLAND,2,3919978.0,133719652.6,12435624.09
202510,Y61,EAST OF ENGLAND,3,711793.0,15641072.0,11398916.85
202510,Y61,EAST OF ENGLAND,4,2297716.0,143612374.2,15267127.9
202510,Y61,EAST OF ENGLAND,5,432668.0,15214464.5,2529569.56
202510,Y61,EAST OF ENGLAND,6,1494331.0,68422452.0,23418812.5
202510,Y61,EAST OF ENGLAND,7,378136.0,14568717.0,2854332.59
202510,Y61,EAST OF ENGLAND,8,56182.0,2152613.0,2217569.77
202510,Y61,EAST OF ENGLAND,9,606221.0,205908128.4,5910959.3100000005
202510,Y61,EAST OF ENGLAND,10,309757.0,18305805.0,1543557.16
202510,Y61,EAST OF ENGLAND,11,151441.0,2767587.5,1643396.13
202510,Y61,EAST OF ENGLAND,12,106038.0,1720789.7999999998,795927.75
202510,Y61,EAST OF ENGLAND,13,226682.0,31737754.0,2664414.46
202510,Y61,EAST OF ENGLAND,14,1143416.0,1143551.5,19813847.58
202510,Y61,EAST OF ENGLAND,15,16523.0,243300.5,229173.52
202510,Y61,EAST OF ENGLAND,19,4160.0,2016454.0,106046.61
202510,Y61,EAST OF ENGLAND,20,39080.0,1174245.0,2642713.45
202510,Y61,EAST OF ENGLAND,21,426181.0,64293621.0,16218746.99
202510,Y61,EAST OF ENGLAND,22,55220.0,1023396.0,1593659.9300000002
202510,Y61,EAST OF ENGLAND,23,192622.0,15909297.1,13789943.1
202510,Y62,NORTH WEST,1,1512574.0,124759297.0,8906961.17
202510,Y62,NORTH WEST,2,4503670.0,158617724.8,13845466.43
202510,Y62,NORTH WEST,3,986218.0,20637524.0,15513601.56
202510,Y62,NORTH WEST,4,3167443.0,213477181.2,20847015.73
202510,Y62,NORTH WEST,5,501723.0,18181649.0,2997748.55
202510,Y62,NORTH WEST,6,1620497.0,75001961.0,26700467.44
202510,Y62,NORTH WEST,7,425465.0,16611380.0,3559710.68
202510,Y62,NORTH WEST,8,46944.0,1720540.0,1618770.75
202510,Y62,NORTH WEST,9,899326.0,522744802.4,13543340.1
202510,Y62,NORTH WEST,10,400852.0,28009116.0,1870625.48
202510,Y62,NORTH WEST,11,167741.0,2926155.0,1675917.7
202510,Y62,NORTH WEST,12,143165.0,3382227.3,1151169.63
202510,Y62,NORTH WEST,13,360278.0,70656424.0,4531163.11
202510,Y62,NORTH WEST,14,1035373.0,1035665.0,17468112.77
202510,Y62,NORTH WEST,15,25406.0,376768.0,410883.01
202510,Y62,NORTH WEST,18,1.0,500.0,87.5
202510,Y62,NORTH WEST,19,7507.0,2923560.0,140157.12
202510,Y62,NORTH WEST,20,144595.0,3116281.2,4548532.9
202510,Y62,NORTH WEST,21,538344.0,90802268.0,11528370.25
202510,Y62,NORTH WEST,22,37985.0,715855.0,918652.07
202510,Y62,NORTH WEST,23,108353.0,10372185.2,5051516.18
202510,Y63,NORTH EAST AND YORKSHIRE,1,2325436.0,168681170.0,12635247.9
202510,Y63,NORTH EAST AND YORKSHIRE,2,7387984.0,239728253.6,19482116.700000003
202510,Y63,NORTH EAST AND YORKSHIRE,3,1403172.0,27850564.0,23082485.0
202510,Y63,NORTH EAST AND YORKSHIRE,4,4617068.0,295004714.6,26904401.97
202510,Y63,NORTH EAST AND YORKSHIRE,5,629407.0,22083499.0,4306005.93
202510,Y63,NORTH EAST AND YORKSHIRE,6,2594081.0,114061734.0,40592659.81
202510,Y63,NORTH EAST AND YORKSHIRE,7,660223.0,25191869.0,4845883.850000001
202510,Y63,NORTH EAST AND YORKSHIRE,8,83054.0,3187069.0,2895672.02
202510,Y63,NORTH EAST AND YORKSHIRE,9,1321631.0,442704898.1,11931005.88
202510,Y63,NORTH EAST AND YORKSHIRE,10,631856.0,40078108.0,2434468.81
202510,Y63,NORTH EAST AND YORKSHIRE,11,240855.0,4140653.0,2456112.16
202510,Y63,NORTH EAST AND YORKSHIRE,12,182324.0,3654443.8,1357175.91
202510,Y63,NORTH EAST AND YORKSHIRE,13,428132.0,72472623.0,5329934.63
202510,Y63,NORTH EAST AND YORKSHIRE,14,1457203.0,1457354.0,25343698.46
202510,Y63,NORTH EAST AND YORKSHIRE,15,24536.0,31887061.0,332992.98
202510,Y63,NORTH EAST AND YORKSHIRE,18,1.0,1000.0,175.0
202510,Y63,NORTH EAST AND YORKSHIRE,19,9326.0,3597742.0,186463.91
202510,Y63,NORTH EAST AND YORKSHIRE,20,54195.0,1564143.9,1915982.11
202510,Y63,NORTH EAST AND YORKSHIRE,21,599180.0,99685392.5,11984213.510000002
202510,Y63,NORTH EAST AND YORKSHIRE,22,12706.0,228442.0,341723.24
202510,Y63,NORTH EAST AND YORKSHIRE,23,61262.0,6393390.9,2458649.71
202511,Y56,LONDON,1,1161704.0,78877761.0,6885361.34
202511,Y56,LONDON,2,3945234.0,128137760.2,10236421.78
202511,Y56,LONDON,3,645469.0,16238756.0,10543831.28
202511,Y56,LONDON,4,2130117.0,122597268.8,16091065.63
202511,Y56,LONDON,5,455668.0,18074440.5,2344141.11
202511,Y56,LONDON,6,1758868.0,84028401.0,26392235.88
202511,Y56,LONDON,7,373987.0,13088509.0,3098206.73
202511,Y56,LONDON,8,40411.0,1623888.0,1490367.59
202511,Y56,LONDON,9,880181.0,313217317.7,8200856.25
202511,Y56,LONDON,10,289794.0,19860625.0,1313171.3
202511,Y56,LONDON,11,161258.0,3780484.5,2195721.35
202511,Y56,LONDON,12,124390.0,3938606.9,1129802.24
202511,Y56,LONDON,13,323509.0,54800482.0,4085122.74
202511,Y56,LONDON,14,275594.0,275836.5,4618659.58
202511,Y56,LONDON,15,13331.0,273799.5,314020.57
202511,Y56,LONDON,18,2.0,2000.0,350.0
202511,Y56,LONDON,19,7460.0,7829922.0,116749.37
202511,Y56,LONDON,20,38516.0,1069081.6,1121071.7
202511,Y56,LONDON,21,455993.0,98572732.0,7375719.65
202511,Y56,LONDON,22,21029.0,358278.0,506494.04
202511,Y56,LONDON,23,42262.0,5186166.8,1162311.1
202511,Y58,SOUTH WEST,1,880991.0,63158786.0,5192838.76
202511,Y58,SOUTH WEST,2,2876935.0,106801923.6,8970502.11
202511,Y58,SOUTH WEST,3,509512.0,10847689.0,9381285.78
202511,Y58,SOUTH WEST,4,1783872.0,124598866.2,12189372.9
202511,Y58,SOUTH WEST,5,305222.0,10472385.0,2173441.33
202511,Y58,SOUTH WEST,6,1062785.0,51527986.5,18001932.19
202511,Y58,SOUTH WEST,7,301479.0,12190213.0,2527166.31
202511,Y58,SOUTH WEST,8,38684.0,1485229.0,1685535.72
202511,Y58,SOUTH WEST,9,532450.0,174643357.5,4525903.3
202511,Y58,SOUTH WEST,10,244025.0,14583481.0,1170628.21
202511,Y58,SOUTH WEST,11,118575.0,2163731.5,1277871.13
202511,Y58,SOUTH WEST,12,80448.0,1377762.5,649193.6799999999
202511,Y58,SOUTH WEST,13,180735.0,25257948.0,2090184.46
202511,Y58,SOUTH WEST,14,343904.0,344113.0,5843137.94
202511,Y58,SOUTH WEST,15,20869.0,240812.0,198900.52
202511,Y58,SOUTH WEST,19,3258.0,704224.0,64951.36
202511,Y58,SOUTH WEST,20,24503.0,466938.5,508743.3
202511,Y58,SOUTH WEST,21,302332.0,50436066.5,7539474.58
202511,Y58,SOUTH WEST,22,50120.0,812979.0,1136944.78
202511,Y58,SOUTH WEST,23,43712.0,3940172.2,1640522.73
202511,Y59,SOUTH EAST,1,1164853.0,86782261.0,7779848.22
202511,Y59,SOUTH EAST,2,3849687.0,155091499.2,12919149.49
202511,Y59,SOUTH EAST,3,721956.0,16448397.0,13443151.62
202511,Y59,SOUTH EAST,4,2424471.0,161263830.0,18868279.64
202511,Y59,SOUTH EAST,5,493934.0,18546716.5,2978650.9799999995
202511,Y59,SOUTH EAST,6,1526349.0,79781682.5,30756735.4
202511,Y59,SOUTH EAST,7,412521.0,17769993.0,3864510.35
202511,Y59,SOUTH EAST,8,58574.0,2556011.0,2530830.87
202511,Y59,SOUTH EAST,9,779689.0,491646338.6,12452696.51
202511,Y59,SOUTH EAST,10,317512.0,20029496.0,1632410.45
202511,Y59,SOUTH EAST,11,168027.0,3694888.0,2096483.41
202511,Y59,SOUTH EAST,12,127272.0,2066055.9,1061306.45
202511,Y59,SOUTH EAST,13,268162.0,39013025.0,3331518.02
202511,Y59,SOUTH EAST,14,459433.0,459614.5,7730346.25
202511,Y59,SOUTH EAST,15,24020.0,322100.5,302615.4
202511,Y59,SOUTH EAST,18,1.0,1000.0,175.0
202511,Y59,SOUTH EAST,19,5083.0,1466803.0,114530.12
202511,Y59,SOUTH EAST,20,24345.0,1221093.4,671575.47
202511,Y59,SOUTH EAST,21,388331.0,66377725.0,11068804.83
202511,Y59,SOUTH EAST,22,33269.0,631303.0,820417.2
202511,Y59,SOUTH EAST,23,84507.0,8419777.1,4990092.79
202511,Y60,MIDLANDS,1,1867744.0,150278389.0,10923619.01
202511,Y60,MIDLANDS,2,6041957.0,219110973.2,19530038.46
202511,Y60,MIDLANDS,3,1183136.0,26724253.0,19212868.04
202511,Y60,MIDLANDS,4,3789895.0,271677294.6,26508997.07
202511,Y60,MIDLANDS,5,685792.0,26550722.0,3914357.08
202511,Y60,MIDLANDS,6,2242965.0,108489209.0,39891398.79
202511,Y60,MIDLANDS,7,558673.0,22682134.0,4509291.84
202511,Y60,MIDLANDS,8,65373.0,2390868.0,2623085.84
202511,Y60,MIDLANDS,9,1112690.0,965612992.4,23231028.94
202511,Y60,MIDLANDS,10,515213.0,35436050.0,2151384.4
202511,Y60,MIDLANDS,11,246327.0,5316204.0,2963014.96
202511,Y60,MIDLANDS,12,182851.0,4354140.8,1492043.28
202511,Y60,MIDLANDS,13,427246.0,77609515.0,4987889.62
202511,Y60,MIDLANDS,14,517387.0,517562.0,8679053.19
202511,Y60,MIDLANDS,15,29887.0,383754.5,333955.53
202511,Y60,MIDLANDS,19,9446.0,3242068.0,211491.17
202511,Y60,MIDLANDS,20,109474.0,2910934.7,3757727.51
202511,Y60,MIDLANDS,21,712343.0,119428685.5,13296719.86
202511,Y60,MIDLANDS,22,23631.0,426941.0,607237.84
202511,Y60,MIDLANDS,23,148366.0,14729886.5,8890273.04
202511,Y61,EAST OF ENGLAND,1,1055956.0,71180759.0,6249689.95
202511,Y61,EAST OF ENGLAND,2,3634597.0,123903355.2,11465003.49
202511,Y61,EAST OF ENGLAND,3,658471.0,14322766.0,10542206.05
202511,Y61,EAST OF ENGLAND,4,2118549.0,132359186.8,14172300.24
202511,Y61,EAST OF ENGLAND,5,407772.0,15151807.5,2245616.99
202511,Y61,EAST OF ENGLAND,6,1388743.0,63446043.5,22099312.67
202511,Y61,EAST OF ENGLAND,7,354507.0,13799259.0,2741545.58
202511,Y61,EAST OF ENGLAND,8,51446.0,1970559.0,1990314.08
202511,Y61,EAST OF ENGLAND,9,557183.0,191444822.5,5511992.51
202511,Y61,EAST OF ENGLAND,10,284154.0,16740113.0,1433152.11
202511,Y61,EAST OF ENGLAND,11,139127.0,2570519.5,1524313.49
202511,Y61,EAST OF ENGLAND,12,100058.0,1593243.1,795690.02
202511,Y61,EAST OF ENGLAND,13,211592.0,29422712.0,2462748.3
202511,Y61,EAST OF ENGLAND,14,306755.0,306843.0,5230943.46
202511,Y61,EAST OF ENGLAND,15,15301.0,236269.5,217469.78000000003
202511,Y61,EAST OF ENGLAND,19,3763.0,1615364.0,93912.37
202511,Y61,EAST OF ENGLAND,20,35421.0,1062656.8,2313659.14
202511,Y61,EAST OF ENGLAND,21,397582.0,60695852.0,15137327.45
202511,Y61,EAST OF ENGLAND,22,53322.0,996763.0,1551896.28
202511,Y61,EAST OF ENGLAND,23,182945.0,15212046.1,13343442.06
202511,Y62,NORTH WEST,1,1383090.0,114345070.0,8156645.47
202511,Y62,NORTH WEST,2,4132569.0,145752267.2,12938016.28
202511,Y62,NORTH WEST,3,901380.0,18872146.0,14247750.6
202511,Y62,NORTH WEST,4,2893900.0,195336000.0,19101646.07
202511,Y62,NORTH WEST,5,474359.0,18114714.0,2828777.73
202511,Y62,NORTH WEST,6,1489876.0,68877490.5,24670116.86
202511,Y62,NORTH WEST,7,394926.0,15575891.0,3345136.79
202511,Y62,NORTH WEST,8,43341.0,1604342.0,1511270.2400000002
202511,Y62,NORTH WEST,9,821378.0,472080790.5,12295928.1
202511,Y62,NORTH WEST,10,365340.0,25498220.0,1736346.19
202511,Y62,NORTH WEST,11,154065.0,2697572.5,1537680.61
202511,Y62,NORTH WEST,12,135533.0,3167191.3,1137734.11
202511,Y62,NORTH WEST,13,331991.0,64531213.0,4174117.67
202511,Y62,NORTH WEST,14,326155.0,326457.5,5404786.28
202511,Y62,NORTH WEST,15,24129.0,348866.0,376277.77
202511,Y62,NORTH WEST,18,1.0,500.0,87.5
202511,Y62,NORTH WEST,19,7728.0,2667458.0,194608.49
202511,Y62,NORTH WEST,20,126247.0,2786235.2,3999557.17
202511,Y62,NORTH WEST,21,500588.0,85334846.5,10774410.9
202511,Y62,NORTH WEST,22,37149.0,699444.0,909357.83
202511,Y62,NORTH WEST,23,102361.0,9920756.6,5027392.71
202511,Y63,NORTH EAST AND YORKSHIRE,1,2126851.0,153969136.0,11470482.48
202511,Y63,NORTH EAST AND YORKSHIRE,2,6789840.0,219747810.4,18094626.89
202511,Y63,NORTH EAST AND YORKSHIRE,3,1281114.0,25235228.0,21093940.93
202511,Y63,NORTH EAST AND YORKSHIRE,4,4216602.0,268351076.0,24469784.61
202511,Y63,NORTH EAST AND YORKSHIRE,5,598673.0,22130905.5,3956233.51
202511,Y63,NORTH EAST AND YORKSHIRE,6,2390122.0,104455842.5,37583195.260000005
202511,Y63,NORTH EAST AND YORKSHIRE,7,613974.0,23461445.0,4608196.08
202511,Y63,NORTH EAST AND YORKSHIRE,8,75766.0,2880843.0,2623976.58
202511,Y63,NORTH EAST AND YORKSHIRE,9,1207892.0,395363173.0,10747327.65
202511,Y63,NORTH EAST AND YORKSHIRE,10,574510.0,36235739.0,2203557.62
202511,Y63,NORTH EAST AND YORKSHIRE,11,218813.0,3768055.0,2235511.99
202511,Y63,NORTH EAST AND YORKSHIRE,12,171204.0,3427826.9,1337103.31
202511,Y63,NORTH EAST AND YORKSHIRE,13,390509.0,66175250.5,4842941.87
202511,Y63,NORTH EAST AND YORKSHIRE,14,393952.0,394108.0,6761140.67
202511,Y63,NORTH EAST AND YORKSHIRE,15,22814.0,19238954.5,309809.62
202511,Y63,NORTH EAST AND YORKSHIRE,18,1.0,1000.0,175.0
202511,Y63,NORTH EAST AND YORKSHIRE,19,8543.0,3016280.0,191196.72000000003
202511,Y63,NORTH EAST AND YORKSHIRE,20,48037.0,1456941.7000000002,1843910.83
202511,Y63,NORTH EAST AND YORKSHIRE,21,554250.0,92447439.5,11233442.23
202511,Y63,NORTH EAST AND YORKSHIRE,22,11663.0,207508.0,311916.4
202511,Y63,NORTH EAST AND YORKSHIRE,23,56184.0,5935055.1,2385191.37
202512,Y56,LONDON,1,1247962.0,84791883.0,7444141.69
202512,Y56,LONDON,2,4270804.0,139115681.6,11080880.4
202512,Y56,LONDON,3,704104.0,17597655.0,11597520.63
202512,Y56,LONDON,4,2306407.0,133516124.8,17563087.55
202512,Y56,LONDON,5,523551.0,21456903.0,2591093.84
202512,Y56,LONDON,6,1900885.0,90507260.5,27778698.33
202512,Y56,LONDON,7,405669.0,14212991.0,3374441.93
202512,Y56,LONDON,8,43927.0,1763806.0,1588384.88
202512,Y56,LONDON,9,934836.0,326968318.2,8569943.450000001
202512,Y56,LONDON,10,304802.0,20890199.0,1390566.92
202512,Y56,LONDON,11,174210.0,4062485.5,2356114.08
202512,Y56,LONDON,12,133446.0,4062126.9,1214563.66
202512,Y56,LONDON,13,326630.0,56700740.0,4140229.02
202512,Y56,LONDON,14,221190.0,221411.5,3685584.65
202512,Y56,LONDON,15,13953.0,297438.5,338271.25
202512,Y56,LONDON,18,3.0,2100.0,367.5
202512,Y56,LONDON,19,8199.0,8351439.0,134535.06
202512,Y56,LONDON,20,40196.0,1170280.9,1175619.67
202512,Y56,LONDON,21,488793.0,103892997.5,8060347.470000001
202512,Y56,LONDON,22,23743.0,408681.0,577900.97
202512,Y56,LONDON,23,48088.0,5853745.5,1379850.94
202512,Y58,SOUTH WEST,1,974298.0,70036408.0,5731786.69
202512,Y58,SOUTH WEST,2,3202283.0,119271810.0,9852191.46
202512,Y58,SOUTH WEST,3,572865.0,12069900.0,10588935.32
202512,Y58,SOUTH WEST,4,1975146.0,138667454.0,13653865.61
202512,Y58,SOUTH WEST,5,362292.0,12674348.5,2498962.51
202512,Y58,SOUTH WEST,6,1185029.0,57239347.0,19508305.4
202512,Y58,SOUTH WEST,7,329613.0,13302672.0,2725676.44
202512,Y58,SOUTH WEST,8,42327.0,1654831.0,1771949.9899999998
202512,Y58,SOUTH WEST,9,576936.0,186879542.8,4857265.99
202512,Y58,SOUTH WEST,10,264125.0,15881614.0,1298538.08
202512,Y58,SOUTH WEST,11,131679.0,2331544.5,1372760.12
202512,Y58,SOUTH WEST,12,89659.0,1548879.6,729701.3
202512,Y58,SOUTH WEST,13,185476.0,26835776.0,2147481.86
202512,Y58,SOUTH WEST,14,139512.0,139636.5,2353203.47
202512,Y58,SOUTH WEST,15,20055.0,241461.0,213330.9
202512,Y58,SOUTH WEST,19,3673.0,724502.0,133726.22
202512,Y58,SOUTH WEST,20,24703.0,470273.7,527062.9099999999
202512,Y58,SOUTH WEST,21,326044.0,53928257.5,8242713.48
202512,Y58,SOUTH WEST,22,48247.0,788061.0,1100478.96
202512,Y58,SOUTH WEST,23,46633.0,4276466.7,1781169.8199999998
202512,Y59,SOUTH EAST,1,1290344.0,96432120.0,8580541.15
202512,Y59,SOUTH EAST,2,4287957.0,173497999.2,14301813.72
202512,Y59,SOUTH EAST,3,812950.0,18213685.0,15174199.9
202512,Y59,SOUTH EAST,4,2693334.0,180140077.0,21190647.57
202512,Y59,SOUTH EAST,5,590784.0,22744346.5,3393113.37
202512,Y59,SOUTH EAST,6,1699348.0,88498091.5,33398467.64
202512,Y59,SOUTH EAST,7,453996.0,19493870.0,4201932.96
202512,Y59,SOUTH EAST,8,64418.0,2819989.0,2670009.33
202512,Y59,SOUTH EAST,9,848951.0,545977597.5,13817324.46
202512,Y59,SOUTH EAST,10,342856.0,21746050.0,1780771.79
202512,Y59,SOUTH EAST,11,183234.0,3958795.0,2258318.13
202512,Y59,SOUTH EAST,12,140124.0,2295684.8,1173990.49
202512,Y59,SOUTH EAST,13,274818.0,41078203.0,3415880.45
202512,Y59,SOUTH EAST,14,222330.0,222471.5,3707975.89
202512,Y59,SOUTH EAST,15,21892.0,316919.5,317608.59
202512,Y59,SOUTH EAST,19,5849.0,1708576.0,142022.64
202512,Y59,SOUTH EAST,20,25440.0,1363088.2,712856.72
202512,Y59,SOUTH EAST,21,421778.0,71395902.5,12064293.52
202512,Y59,SOUTH EAST,22,35425.0,698555.0,891845.6499999999
202512,Y59,SOUTH EAST,23,96570.0,9630089.9,5818285.78
202512,Y60,MIDLANDS,1,2061144.0,166752280.0,12162448.830000002
202512,Y60,MIDLANDS,2,6716362.0,244417026.6,21472359.37
202512,Y60,MIDLANDS,3,1316982.0,29556064.0,21579461.19
202512,Y60,MIDLANDS,4,4187775.0,301476344.4,29354890.18
202512,Y60,MIDLANDS,5,801535.0,31180439.0,4380276.26
202512,Y60,MIDLANDS,6,2497353.0,120381906.5,43252454.71
202512,Y60,MIDLANDS,7,614780.0,24808151.0,4933833.21
202512,Y60,MIDLANDS,8,72603.0,2660098.0,2909903.83
202512,Y60,MIDLANDS,9,1211362.0,1085305031.0,26399023.59
202512,Y60,MIDLANDS,10,556307.0,38317624.0,2312129.52
202512,Y60,MIDLANDS,11,270554.0,5708739.0,3193424.94
202512,Y60,MIDLANDS,12,200963.0,4596345.699999999,1645931.51
202512,Y60,MIDLANDS,13,440192.0,82115806.0,5148775.38
202512,Y60,MIDLANDS,14,251511.0,251742.0,4187747.91
202512,Y60,MIDLANDS,15,30556.0,447984.0,357085.30000000005
202512,Y60,MIDLANDS,19,10735.0,3622951.0,243887.27
202512,Y60,MIDLANDS,20,114197.0,3137339.5,4050349.55
202512,Y60,MIDLANDS,21,772691.0,128846977.5,14442813.2
202512,Y60,MIDLANDS,22,26187.0,476933.0,682258.84
202512,Y60,MIDLANDS,23,164291.0,16291564.0,10192373.28
202512,Y61,EAST OF ENGLAND,1,1158815.0,78502159.0,6911147.6
202512,Y61,EAST OF ENGLAND,2,4003194.0,137080140.6,12609054.57
202512,Y61,EAST OF ENGLAND,3,730623.0,15869614.0,11713961.59
202512,Y61,EAST OF ENGLAND,4,2335909.0,146160893.8,15715300.4
202512,Y61,EAST OF ENGLAND,5,491244.0,18960069.5,2600617.32
202512,Y61,EAST OF ENGLAND,6,1530883.0,69678298.0,23690810.34
202512,Y61,EAST OF ENGLAND,7,388150.0,15027388.0,2986915.0
202512,Y61,EAST OF ENGLAND,8,56449.0,2168438.0,2181239.27
202512,Y61,EAST OF ENGLAND,9,604103.0,205277183.5,5946277.8
202512,Y61,EAST OF ENGLAND,10,307022.0,18243373.0,1574372.6
202512,Y61,EAST OF ENGLAND,11,153459.0,2797140.0,1653668.29
202512,Y61,EAST OF ENGLAND,12,109850.0,1742688.4,877204.36
202512,Y61,EAST OF ENGLAND,13,217042.0,30890247.0,2529832.45
202512,Y61,EAST OF ENGLAND,14,131143.0,131282.0,2238690.05
202512,Y61,EAST OF ENGLAND,15,15871.0,247885.5,225959.15
202512,Y61,EAST OF ENGLAND,19,4083.0,2005777.0,115991.89
202512,Y61,EAST OF ENGLAND,20,36695.0,1100619.9,2508435.51
202512,Y61,EAST OF ENGLAND,21,418783.0,63912591.0,15147925.330000002
202512,Y61,EAST OF ENGLAND,22,49448.0,925593.0,1458986.9699999995
202512,Y61,EAST OF ENGLAND,23,186284.0,15492297.4,13603416.21
202512,Y62,NORTH WEST,1,1545257.0,128319676.0,9143858.9
202512,Y62,NORTH WEST,2,4648297.0,164714898.8,14325228.52
202512,Y62,NORTH WEST,3,1012600.0,21198973.0,16214591.99
202512,Y62,NORTH WEST,4,3231571.0,218478201.6,21421444.66
202512,Y62,NORTH WEST,5,549198.0,20836561.0,3150836.23
202512,Y62,NORTH WEST,6,1674646.0,77086696.5,26882560.67
202512,Y62,NORTH WEST,7,440176.0,16969409.0,3712507.87
202512,Y62,NORTH WEST,8,47974.0,1770628.0,1614480.17
202512,Y62,NORTH WEST,9,901039.0,517841019.0,13587967.46
202512,Y62,NORTH WEST,10,400636.0,27979717.0,1899983.57
202512,Y62,NORTH WEST,11,171816.0,2971235.5,1692703.76
202512,Y62,NORTH WEST,12,149598.0,3438782.6,1268486.35
202512,Y62,NORTH WEST,13,342818.0,68734240.0,4299459.2
202512,Y62,NORTH WEST,14,198655.0,198811.5,3252091.73
202512,Y62,NORTH WEST,15,28229.0,387871.0,394121.04
202512,Y62,NORTH WEST,18,2.0,5000.0,875.0
202512,Y62,NORTH WEST,19,7695.0,2673826.0,181802.22
202512,Y62,NORTH WEST,20,121738.0,2744372.1,4069268.46
202512,Y62,NORTH WEST,21,541068.0,91450815.5,11523477.03
202512,Y62,NORTH WEST,22,38172.0,719973.0,924521.64
202512,Y62,NORTH WEST,23,104511.0,10307623.6,5044856.38
202512,Y63,NORTH EAST AND YORKSHIRE,1,2352636.0,171976322.0,12853932.1
202512,Y63,NORTH EAST AND YORKSHIRE,2,7528683.0,245877915.8,19787276.72
202512,Y63,NORTH EAST AND YORKSHIRE,3,1422595.0,27884119.0,23691021.34
202512,Y63,NORTH EAST AND YORKSHIRE,4,4658025.0,297827872.2,27351097.19
202512,Y63,NORTH EAST AND YORKSHIRE,5,689193.0,25128994.0,4392695.92
202512,Y63,NORTH EAST AND YORKSHIRE,6,2650517.0,116142632.5,40886638.69
202512,Y63,NORTH EAST AND YORKSHIRE,7,675802.0,25559412.0,5108706.99
202512,Y63,NORTH EAST AND YORKSHIRE,8,84810.0,3230960.0,2895405.46
202512,Y63,NORTH EAST AND YORKSHIRE,9,1315220.0,431193486.3,11733685.73
202512,Y63,NORTH EAST AND YORKSHIRE,10,628706.0,39757739.0,2425444.25
202512,Y63,NORTH EAST AND YORKSHIRE,11,244327.0,4161163.0,2447417.04
202512,Y63,NORTH EAST AND YORKSHIRE,12,188815.0,3678525.9,1483166.31
202512,Y63,NORTH EAST AND YORKSHIRE,13,405212.0,70669769.0,5049084.2
202512,Y63,NORTH EAST AND YORKSHIRE,14,190593.0,190768.0,3227841.85
202512,Y63,NORTH EAST AND YORKSHIRE,15,23501.0,12955526.5,314018.87
202512,Y63,NORTH EAST AND YORKSHIRE,19,9162.0,3392157.0,212939.01
202512,Y63,NORTH EAST AND YORKSHIRE,20,49646.0,1549788.1,1888359.0
202512,Y63,NORTH EAST AND YORKSHIRE,21,605331.0,99723526.0,12103220.63
202512,Y63,NORTH EAST AND YORKSHIRE,22,12448.0,224327.0,330900.21
202512,Y63,NORTH EAST AND YORKSHIRE,23,60937.0,6454259.6,2568801.16
202601,Y56,LONDON,1,1231950.0,84063533.0,7269697.78
202601,Y56,LONDON,2,4170168.0,135369554.0,11213758.35
202601,Y56,LONDON,3,688817.0,17567747.0,11707245.84
202601,Y56,LONDON,4,2269657.0,130147414.2,16741123.11
202601,Y56,LONDON,5,486631.0,17967910.5,2376803.42
202601,Y56,LONDON,6,1855089.0,87998314.0,26733881.06
202601,Y56,LONDON,7,400019.0,13954089.0,3312388.13
202601,Y56,LONDON,8,42845.0,1706886.0,1539340.52
202601,Y56,LONDON,9,921399.0,326461725.2,8486320.18
202601,Y56,LONDON,10,302878.0,20762608.0,1389611.32
202601,Y56,LONDON,11,172234.0,3959354.5,2228891.47
202601,Y56,LONDON,12,135224.0,4060319.3,1164620.83
202601,Y56,LONDON,13,347737.0,59382797.0,4244121.19
202601,Y56,LONDON,14,90496.0,90722.5,1458524.63
202601,Y56,LONDON,15,13936.0,293237.5,320128.23000000004
202601,Y56,LONDON,18,1.0,1000.0,175.0
202601,Y56,LONDON,19,9045.0,8564649.0,155025.63
202601,Y56,LONDON,20,41022.0,1161922.76,1216626.13
202601,Y56,LONDON,21,492801.0,108612269.5,7951967.03
202601,Y56,LONDON,22,22390.0,382989.0,540282.56
202601,Y56,LONDON,23,47002.0,5694965.7,1305572.4
202601,Y58,SOUTH WEST,1,933062.0,67297974.0,5555033.27
202601,Y58,SOUTH WEST,2,3041743.0,113140594.2,9796652.25
202601,Y58,SOUTH WEST,3,545904.0,11731430.0,10277505.89
202601,Y58,SOUTH WEST,4,1893688.0,132009921.2,12601650.1
202601,Y58,SOUTH WEST,5,349532.0,11505720.5,2371654.94
202601,Y58,SOUTH WEST,6,1129458.0,54521944.0,18458172.68
202601,Y58,SOUTH WEST,7,322414.0,13194589.0,2746287.23
202601,Y58,SOUTH WEST,8,41890.0,1590656.0,1892386.2
202601,Y58,SOUTH WEST,9,558337.0,181986462.3,4725906.33
202601,Y58,SOUTH WEST,10,254868.0,15293060.0,1271164.28
202601,Y58,SOUTH WEST,11,127453.0,2227264.0,1282980.86
202601,Y58,SOUTH WEST,12,88776.0,1467371.7,675792.5399999999
202601,Y58,SOUTH WEST,13,193345.0,27448835.0,2165722.6500000004
202601,Y58,SOUTH WEST,14,62364.0,62556.5,1012691.18
202601,Y58,SOUTH WEST,15,22640.0,297958.0,210391.42
202601,Y58,SOUTH WEST,19,3643.0,738521.0,91010.59
202601,Y58,SOUTH WEST,20,26022.0,470993.0,543978.91
202601,Y58,SOUTH WEST,21,330484.0,55943049.0,8220784.220000001
202601,Y58,SOUTH WEST,22,54435.0,895724.0,1245215.99
202601,Y58,SOUTH WEST,23,44945.0,4091062.6,1647029.21
202601,Y59,SOUTH EAST,1,1233427.0,92190094.0,8063332.16
202601,Y59,SOUTH EAST,2,4063629.0,163685865.6,14045754.93
202601,Y59,SOUTH EAST,3,776088.0,17733934.0,14887116.06
202601,Y59,SOUTH EAST,4,2572001.0,170093846.4,19688556.89
202601,Y59,SOUTH EAST,5,553551.0,19668472.0,3131091.22
202601,Y59,SOUTH EAST,6,1616582.0,84115342.5,31641806.62
202601,Y59,SOUTH EAST,7,441425.0,19048427.0,4112752.14
202601,Y59,SOUTH EAST,8,63042.0,2691864.0,2719957.94
202601,Y59,SOUTH EAST,9,821264.0,528081344.5,13363957.08
202601,Y59,SOUTH EAST,10,332093.0,20904784.0,1728396.99
202601,Y59,SOUTH EAST,11,180079.0,3848710.5,2122934.47
202601,Y59,SOUTH EAST,12,139408.0,2158869.5,1094114.68
202601,Y59,SOUTH EAST,13,286874.0,42228097.0,3471758.74
202601,Y59,SOUTH EAST,14,103667.0,103872.0,1697844.88
202601,Y59,SOUTH EAST,15,24856.0,356491.0,311166.09
202601,Y59,SOUTH EAST,19,5979.0,1754197.0,114688.15
202601,Y59,SOUTH EAST,20,25841.0,1198638.1,718259.74
202601,Y59,SOUTH EAST,21,423183.0,73451745.0,11933847.19
202601,Y59,SOUTH EAST,22,39185.0,748056.0,944829.15
202601,Y59,SOUTH EAST,23,87248.0,8621209.7,5037856.74
202601,Y60,MIDLANDS,1,1991674.0,161433808.0,11677433.33
202601,Y60,MIDLANDS,2,6446251.0,234382977.8,21448891.64
202601,Y60,MIDLANDS,3,1263395.0,28860625.0,21078864.29
202601,Y60,MIDLANDS,4,4037527.0,288185674.8,27465196.73
202601,Y60,MIDLANDS,5,741359.0,26523811.0,4038241.94
202601,Y60,MIDLANDS,6,2396065.0,115556422.5,41137353.05
202601,Y60,MIDLANDS,7,602231.0,24560868.0,4896904.88
202601,Y60,MIDLANDS,8,70224.0,2534285.0,2843565.84
202601,Y60,MIDLANDS,9,1167082.0,985525745.0,23979287.84
202601,Y60,MIDLANDS,10,543627.0,37308676.0,2297136.72
202601,Y60,MIDLANDS,11,267016.0,5634487.0,3055587.91
202601,Y60,MIDLANDS,12,198091.0,4498443.3,1549453.84
202601,Y60,MIDLANDS,13,462558.0,85040538.0,5248273.2700000005
202601,Y60,MIDLANDS,14,102619.0,102915.0,1683994.95
202601,Y60,MIDLANDS,15,32239.0,432202.5,340505.8
202601,Y60,MIDLANDS,19,11311.0,3656002.0,279078.09
202601,Y60,MIDLANDS,20,112441.0,2972548.1,3838623.68
202601,Y60,MIDLANDS,21,769164.0,132710869.0,14188665.32
202601,Y60,MIDLANDS,22,25032.0,454347.0,643141.7
202601,Y60,MIDLANDS,23,156618.0,15479297.0,9234371.72
202601,Y61,EAST OF ENGLAND,1,1115036.0,75396775.0,6566084.43
202601,Y61,EAST OF ENGLAND,2,3840655.0,131534145.4,12234277.26
202601,Y61,EAST OF ENGLAND,3,702661.0,15482714.0,11480335.04
202601,Y61,EAST OF ENGLAND,4,2247830.0,139591639.8,14586764.56
202601,Y61,EAST OF ENGLAND,5,461255.0,16409376.0,2357858.37
202601,Y61,EAST OF ENGLAND,6,1468059.0,66872635.5,22604598.34
202601,Y61,EAST OF ENGLAND,7,378152.0,14806841.0,2955600.73
202601,Y61,EAST OF ENGLAND,8,55821.0,2125101.0,2178876.95
202601,Y61,EAST OF ENGLAND,9,583919.0,197653087.0,5688645.4
202601,Y61,EAST OF ENGLAND,10,299387.0,17614139.0,1528837.9
202601,Y61,EAST OF ENGLAND,11,150298.0,2705319.5,1536688.57
202601,Y61,EAST OF ENGLAND,12,109963.0,1693591.0,827347.32
202601,Y61,EAST OF ENGLAND,13,228086.0,31755893.0,2565417.31
202601,Y61,EAST OF ENGLAND,14,50527.0,50650.0,840177.69
202601,Y61,EAST OF ENGLAND,15,17299.0,248037.0,222164.43
202601,Y61,EAST OF ENGLAND,19,4392.0,1936661.0,110700.9
202601,Y61,EAST OF ENGLAND,20,36868.0,1079221.9,2513091.54
202601,Y61,EAST OF ENGLAND,21,424713.0,66096012.5,15839384.88
202601,Y61,EAST OF ENGLAND,22,57285.0,1060497.0,1645696.73
202601,Y61,EAST OF ENGLAND,23,189231.0,15631321.0,13658960.24
202601,Y62,NORTH WEST,1,1469383.0,122062588.0,8762844.879999999
202601,Y62,NORTH WEST,2,4379778.0,154691105.6,13866276.17
202601,Y62,NORTH WEST,3,959587.0,20502761.0,15603198.22
202601,Y62,NORTH WEST,4,3076219.0,206356407.0,19682938.17
202601,Y62,NORTH WEST,5,511228.0,17920200.5,2846618.3200000003
202601,Y62,NORTH WEST,6,1580125.0,72945039.0,25054783.34
202601,Y62,NORTH WEST,7,426289.0,16803924.0,3614318.32
202601,Y62,NORTH WEST,8,46463.0,1692884.0,1614410.74
202601,Y62,NORTH WEST,9,859560.0,494552220.3,12914668.72
202601,Y62,NORTH WEST,10,385142.0,26744648.0,1826832.27
202601,Y62,NORTH WEST,11,165475.0,2836830.5,1565185.94
202601,Y62,NORTH WEST,12,147099.0,3257148.0,1183038.42
202601,Y62,NORTH WEST,13,357804.0,70534457.0,4308098.92
202601,Y62,NORTH WEST,14,77464.0,77618.0,1264019.33
202601,Y62,NORTH WEST,15,26437.0,383683.0,327872.73
202601,Y62,NORTH WEST,18,2.0,3500.0,612.5
202601,Y62,NORTH WEST,19,8375.0,2918157.0,170990.52
202601,Y62,NORTH WEST,20,143933.0,3135759.9,4693780.8100000005
202601,Y62,NORTH WEST,21,544761.0,95924700.0,11521890.86
202601,Y62,NORTH WEST,22,40044.0,755348.0,984679.88
202601,Y62,NORTH WEST,23,108204.0,10621717.7,5132300.15
202601,Y63,NORTH EAST AND YORKSHIRE,1,2278957.0,166528695.0,12673759.9
202601,Y63,NORTH EAST AND YORKSHIRE,2,7250138.0,235925001.6,19576530.82
202601,Y63,NORTH EAST AND YORKSHIRE,3,1373474.0,27519132.0,23244871.09
202601,Y63,NORTH EAST AND YORKSHIRE,4,4515326.0,286794565.0,25546743.35
202601,Y63,NORTH EAST AND YORKSHIRE,5,645622.0,22342145.5,4145591.38
202601,Y63,NORTH EAST AND YORKSHIRE,6,2561601.0,111897539.0,39729987.14
202601,Y63,NORTH EAST AND YORKSHIRE,7,664551.0,25591362.0,5085609.79
202601,Y63,NORTH EAST AND YORKSHIRE,8,82940.0,3149565.0,2868487.0700000003
202601,Y63,NORTH EAST AND YORKSHIRE,9,1279316.0,421272702.0,11386745.21
202601,Y63,NORTH EAST AND YORKSHIRE,10,611410.0,38528726.0,2359936.73
202601,Y63,NORTH EAST AND YORKSHIRE,11,239165.0,4082268.0,2328415.29
202601,Y63,NORTH EAST AND YORKSHIRE,12,187444.0,3532146.0,1407219.05
202601,Y63,NORTH EAST AND YORKSHIRE,13,427806.0,72882536.0,5131832.87
202601,Y63,NORTH EAST AND YORKSHIRE,14,62270.0,62445.5,1036813.12
202601,Y63,NORTH EAST AND YORKSHIRE,15,25057.0,16574205.5,312870.84
202601,Y63,NORTH EAST AND YORKSHIRE,18,1.0,1000.0,175.0
202601,Y63,NORTH EAST AND YORKSHIRE,19,9291.0,3244875.0,240709.91
202601,Y63,NORTH EAST AND YORKSHIRE,20,50246.0,1456586.7,1846639.48
202601,Y63,NORTH EAST AND YORKSHIRE,21,605563.0,103167166.0,12118656.98
202601,Y63,NORTH EAST AND YORKSHIRE,22,12176.0,219569.0,329948.16
202601,Y63,NORTH EAST AND YORKSHIRE,23,59882.0,6246534.2,2387353.16
202602,Y56,LONDON,1,1141197.0,77104787.0,6671175.43
202602,Y56,LONDON,2,3887954.0,125291390.2,10494021.22
202602,Y56,LONDON,3,631343.0,16288653.0,10783041.67
202602,Y56,LONDON,4,2105380.0,119847991.6,15838982.26
202602,Y56,LONDON,5,442015.0,17183266.5,2171199.08
202602,Y56,LONDON,6,1719606.0,81127438.5,24700959.37
202602,Y56,LONDON,7,370895.0,12572630.0,3035427.94
202602,Y56,LONDON,8,39966.0,1572634.0,1409206.05
202602,Y56,LONDON,9,862893.0,301692588.2,7963753.46
202602,Y56,LONDON,10,281707.0,19162041.0,1218025.53
202602,Y56,LONDON,11,166711.0,3813254.0,2133171.43
202602,Y56,LONDON,12,127532.0,3745937.4,1108803.17
202602,Y56,LONDON,13,317177.0,53157117.0,3918604.5
202602,Y56,LONDON,14,82725.0,82975.0,1264821.81
202602,Y56,LONDON,15,14170.0,294081.5,307722.73
202602,Y56,LONDON,18,2.0,3000.0,525.0
202602,Y56,LONDON,19,8464.0,8554925.0,119123.31
202602,Y56,LONDON,20,37670.0,1052290.78,1103187.93
202602,Y56,LONDON,21,453900.0,98634956.0,7439431.08
202602,Y56,LONDON,22,20763.0,349500.0,503283.77
202602,Y56,LONDON,23,43490.0,5244765.3,1243147.87
202602,Y58,SOUTH WEST,1,858892.0,61428120.0,5059670.37
202602,Y58,SOUTH WEST,2,2822529.0,104722592.6,9151538.91
202602,Y58,SOUTH WEST,3,493924.0,10875746.0,9335493.89
202602,Y58,SOUTH WEST,4,1745282.0,121690245.6,12035974.42
202602,Y58,SOUTH WEST,5,305253.0,10711944.5,2127958.16
202602,Y58,SOUTH WEST,6,1038919.0,50188090.5,17036780.73
202602,Y58,SOUTH WEST,7,295315.0,11853750.0,2554096.6
202602,Y58,SOUTH WEST,8,39383.0,1475856.0,1726285.2
202602,Y58,SOUTH WEST,9,516931.0,169908887.5,4416010.24
202602,Y58,SOUTH WEST,10,236615.0,14148385.0,1162633.17
202602,Y58,SOUTH WEST,11,120525.0,2163025.0,1233295.9500000002
202602,Y58,SOUTH WEST,12,82125.0,1405443.8,633614.28
202602,Y58,SOUTH WEST,13,177586.0,25112383.0,1983749.75
202602,Y58,SOUTH WEST,14,37955.0,38288.0,585480.64
202602,Y58,SOUTH WEST,15,21617.0,239035.5,194811.34
202602,Y58,SOUTH WEST,19,3661.0,734241.0,72308.44
202602,Y58,SOUTH WEST,20,23843.0,434087.0,485837.65
202602,Y58,SOUTH WEST,21,300654.0,50382992.5,7476699.32
202602,Y58,SOUTH WEST,22,45559.0,735766.0,1032646.88
202602,Y58,SOUTH WEST,23,42400.0,3831830.6,1622222.22
202602,Y59,SOUTH EAST,1,1136657.0,84037868.0,7428368.0
202602,Y59,SOUTH EAST,2,3781327.0,151910219.0,13265946.81
202602,Y59,SOUTH EAST,3,701705.0,16402452.0,13501022.93
202602,Y59,SOUTH EAST,4,2377693.0,156498436.8,18577492.24
202602,Y59,SOUTH EAST,5,492926.0,18705754.0,2830265.56
202602,Y59,SOUTH EAST,6,1490827.0,77361258.0,29164116.76
202602,Y59,SOUTH EAST,7,405338.0,17108878.0,3762653.97
202602,Y59,SOUTH EAST,8,59205.0,2527700.0,2430782.47
202602,Y59,SOUTH EAST,9,765427.0,475302053.5,12242816.05
202602,Y59,SOUTH EAST,10,307427.0,19345184.0,1551252.65
202602,Y59,SOUTH EAST,11,171863.0,3729449.0,2027211.17
202602,Y59,SOUTH EAST,12,130430.0,2077694.0,1025481.1
202602,Y59,SOUTH EAST,13,262841.0,38221965.0,3176477.74
202602,Y59,SOUTH EAST,14,53556.0,53713.0,863895.8200000001
202602,Y59,SOUTH EAST,15,22880.0,5917764.0,283522.43000000005
202602,Y59,SOUTH EAST,19,5689.0,1728374.0,140163.96000000002
202602,Y59,SOUTH EAST,20,23108.0,1104071.8,649992.52
202602,Y59,SOUTH EAST,21,385738.0,66120143.5,11008261.62
202602,Y59,SOUTH EAST,22,33408.0,636322.0,819226.5800000001
202602,Y59,SOUTH EAST,23,82009.0,8083214.7,4795564.4
202602,Y60,MIDLANDS,1,1832113.0,147955692.0,10693823.63
202602,Y60,MIDLANDS,2,5950676.0,215891838.4,19979844.6
202602,Y60,MIDLANDS,3,1146424.0,26567283.0,19169854.06
202602,Y60,MIDLANDS,4,3721732.0,265391603.6,25956612.19
202602,Y60,MIDLANDS,5,670617.0,25760499.5,3700889.06
202602,Y60,MIDLANDS,6,2197967.0,105868637.0,37691113.55
202602,Y60,MIDLANDS,7,551213.0,21766633.0,4466484.1
202602,Y60,MIDLANDS,8,65141.0,2332172.0,2632390.87
202602,Y60,MIDLANDS,9,1087591.0,946219363.0,23407011.74
202602,Y60,MIDLANDS,10,503966.0,34399113.0,2112412.28
202602,Y60,MIDLANDS,11,251587.0,5365180.5,2894547.0
202602,Y60,MIDLANDS,12,184536.0,4170794.0,1452928.7000000002
202602,Y60,MIDLANDS,13,425149.0,77497832.0,4827715.16
202602,Y60,MIDLANDS,14,71336.0,71606.5,1106824.72
202602,Y60,MIDLANDS,15,32521.0,405101.0,320759.61
202602,Y60,MIDLANDS,19,10300.0,3471486.0,244340.98
202602,Y60,MIDLANDS,20,99765.0,2722171.6,3442236.41
202602,Y60,MIDLANDS,21,712902.0,121359086.5,13292752.420000002
202602,Y60,MIDLANDS,22,24065.0,431776.0,617140.56
202602,Y60,MIDLANDS,23,144711.0,14240228.8,8638463.52
202602,Y61,EAST OF ENGLAND,1,1028114.0,69281694.0,6013838.7
202602,Y61,EAST OF ENGLAND,2,3551819.0,121359747.0,11500345.670000002
202602,Y61,EAST OF ENGLAND,3,640084.0,14364208.0,10510398.61
202602,Y61,EAST OF ENGLAND,4,2072232.0,127989614.2,13858267.7
202602,Y61,EAST OF ENGLAND,5,414148.0,15709739.0,2179647.6
202602,Y61,EAST OF ENGLAND,6,1351176.0,61460615.5,20833627.83
202602,Y61,EAST OF ENGLAND,7,345671.0,13081849.0,2704833.34
202602,Y61,EAST OF ENGLAND,8,51192.0,1943744.0,1971561.77
202602,Y61,EAST OF ENGLAND,9,539523.0,184039191.5,5322358.04
202602,Y61,EAST OF ENGLAND,10,275177.0,16141841.0,1394680.84
202602,Y61,EAST OF ENGLAND,11,143147.0,2577389.0,1461165.78
202602,Y61,EAST OF ENGLAND,12,102040.0,1631286.4,780945.21
202602,Y61,EAST OF ENGLAND,13,210618.0,29115300.5,2380890.9
202602,Y61,EAST OF ENGLAND,14,34374.0,34468.0,556516.65
202602,Y61,EAST OF ENGLAND,15,16361.0,253444.0,210544.9
202602,Y61,EAST OF ENGLAND,18,1.0,1000.0,175.0
202602,Y61,EAST OF ENGLAND,19,4117.0,1776833.0,103316.78
202602,Y61,EAST OF ENGLAND,20,33676.0,990896.9,2297285.7800000003
202602,Y61,EAST OF ENGLAND,21,391194.0,59439039.0,14437347.88
202602,Y61,EAST OF ENGLAND,22,47975.0,887013.0,1386080.53
202602,Y61,EAST OF ENGLAND,23,169163.0,13878062.1,12159764.91
202602,Y62,NORTH WEST,1,1352891.0,111833950.0,7956446.84
202602,Y62,NORTH WEST,2,4063530.0,143466161.2,13035176.2
202602,Y62,NORTH WEST,3,868459.0,18764254.0,14136341.260000002
202602,Y62,NORTH WEST,4,2841300.0,190248009.0,18757346.18
202602,Y62,NORTH WEST,5,449148.0,16661774.5,2581876.39
202602,Y62,NORTH WEST,6,1454836.0,67088420.5,23059726.93
202602,Y62,NORTH WEST,7,390292.0,14954631.0,3293929.59
202602,Y62,NORTH WEST,8,43174.0,1563803.0,1485135.5699999998
202602,Y62,NORTH WEST,9,797075.0,456381110.7,12026727.4
202602,Y62,NORTH WEST,10,356389.0,24769552.0,1652303.55
202602,Y62,NORTH WEST,11,155681.0,2709064.5,1489438.71
202602,Y62,NORTH WEST,12,134235.0,3013778.4,1099678.87
202602,Y62,NORTH WEST,13,327041.0,63797303.0,3990526.48
202602,Y62,NORTH WEST,14,54832.0,54992.0,878667.1
202602,Y62,NORTH WEST,15,23457.0,316068.0,280626.49
202602,Y62,NORTH WEST,18,2.0,4000.0,700.0
202602,Y62,NORTH WEST,19,7635.0,2603282.0,147576.21
202602,Y62,NORTH WEST,20,124155.0,2729768.2,3917641.73
202602,Y62,NORTH WEST,21,507896.0,89037198.0,10963245.03
202602,Y62,NORTH WEST,22,39500.0,735698.0,955116.37
202602,Y62,NORTH WEST,23,100709.0,9756632.9,4849092.43
202602,Y63,NORTH EAST AND YORKSHIRE,1,2078097.0,151384828.0,11468735.1
202602,Y63,NORTH EAST AND YORKSHIRE,2,6660197.0,216095362.8,18227722.34
202602,Y63,NORTH EAST AND YORKSHIRE,3,1237916.0,25021899.0,20984167.31
202602,Y63,NORTH EAST AND YORKSHIRE,4,4121144.0,260812542.8,24135135.03
202602,Y63,NORTH EAST AND YORKSHIRE,5,576281.0,21232846.0,3783637.07
202602,Y63,NORTH EAST AND YORKSHIRE,6,2331736.0,101558022.0,36063534.870000005
202602,Y63,NORTH EAST AND YORKSHIRE,7,606589.0,23032916.0,4613595.7700000005
202602,Y63,NORTH EAST AND YORKSHIRE,8,75825.0,2868843.0,2546510.74
202602,Y63,NORTH EAST AND YORKSHIRE,9,1169753.0,381324493.0,10458976.06
202602,Y63,NORTH EAST AND YORKSHIRE,10,558349.0,35210688.0,2124261.81
202602,Y63,NORTH EAST AND YORKSHIRE,11,221741.0,3811469.0,2140923.4
202602,Y63,NORTH EAST AND YORKSHIRE,12,171485.0,3253951.8,1294240.64
202602,Y63,NORTH EAST AND YORKSHIRE,13,386410.0,65743510.0,4660434.19
202602,Y63,NORTH EAST AND YORKSHIRE,14,43137.0,43272.5,661661.88
202602,Y63,NORTH EAST AND YORKSHIRE,15,23491.0,16560004.5,306552.85000000003
202602,Y63,NORTH EAST AND YORKSHIRE,18,1.0,1000.0,175.0
202602,Y63,NORTH EAST AND YORKSHIRE,19,8809.0,3174880.0,243716.41
202602,Y63,NORTH EAST AND YORKSHIRE,20,44768.0,1310258.4,1636704.6
202602,Y63,NORTH EAST AND YORKSHIRE,21,555950.0,93358864.0,11136983.17
202602,Y63,NORTH EAST AND YORKSHIRE,22,11390.0,204074.0,302727.6
202602,Y63,NORTH EAST AND YORKSHIRE,23,54832.0,5702680.4,2318655.79
202603,Y56,LONDON,1,1224397.0,82968126.0,7292404.630000001
202603,Y56,LONDON,2,4194440.0,136896366.60000002,11427008.14
202603,Y56,LONDON,3,699144.0,19171832.0,11711769.87
202603,Y56,LONDON,4,2269129.0,129740211.4,17416895.73
202603,Y56,LONDON,5,474215.0,18687712.5,2381254.41
202603,Y56,LONDON,6,1857530.0,88021636.5,27114665.68
202603,Y56,LONDON,7,398715.0,13616614.0,3292260.4000000004
202603,Y56,LONDON,8,42761.0,1722966.0,1520381.37
202603,Y56,LONDON,9,913497.0,320569130.9,8405995.49
202603,Y56,LONDON,10,306163.0,20858309.0,1335037.0
202603,Y56,LONDON,11,184399.0,4176426.0,2330223.48
202603,Y56,LONDON,12,148692.0,3981251.1,1265717.49
202603,Y56,LONDON,13,354171.0,58583907.0,4329629.91
202603,Y56,LONDON,14,62170.0,62390.5,961142.04
202603,Y56,LONDON,15,13863.0,298936.5,320268.97
202603,Y56,LONDON,19,9526.0,9578831.0,150556.38
202603,Y56,LONDON,20,40773.0,1119842.7,1172457.24
202603,Y56,LONDON,21,495486.0,109440659.5,8148519.48
202603,Y56,LONDON,22,22326.0,372562.0,542151.4199999999
202603,Y56,LONDON,23,46570.0,5584787.3,1417288.62
202603,Y58,SOUTH WEST,1,932315.0,66808842.0,5529473.45
202603,Y58,SOUTH WEST,2,3082753.0,114942339.0,10037381.72
202603,Y58,SOUTH WEST,3,540427.0,12228377.0,10147253.69
202603,Y58,SOUTH WEST,4,1896978.0,131922155.6,13131511.42
202603,Y58,SOUTH WEST,5,326585.0,11553254.5,2336899.94
202603,Y58,SOUTH WEST,6,1135051.0,54738602.0,18779326.61
202603,Y58,SOUTH WEST,7,322002.0,12872934.0,2740051.4
202603,Y58,SOUTH WEST,8,43013.0,1641271.0,1825074.99
202603,Y58,SOUTH WEST,9,555253.0,179766829.0,4742769.69
202603,Y58,SOUTH WEST,10,258567.0,15373635.0,1276556.85
202603,Y58,SOUTH WEST,11,130069.0,2354313.5,1330511.89
202603,Y58,SOUTH WEST,12,91538.0,1504029.4,694854.09
202603,Y58,SOUTH WEST,13,196076.0,27243598.0,2168569.83
202603,Y58,SOUTH WEST,14,24223.0,24438.5,380937.88
202603,Y58,SOUTH WEST,15,21720.0,246821.0,197895.18
202603,Y58,SOUTH WEST,19,3830.0,798903.0,78575.99
202603,Y58,SOUTH WEST,20,25442.0,446601.9,504881.29
202603,Y58,SOUTH WEST,21,335396.0,56145658.5,8438032.09
202603,Y58,SOUTH WEST,22,62037.0,985316.0,1384433.02
202603,Y58,SOUTH WEST,23,46204.0,4171905.9,1802722.01
202603,Y59,SOUTH EAST,1,1236792.0,91836379.0,8205660.41
202603,Y59,SOUTH EAST,2,4130837.0,166890191.79999998,14540194.25
202603,Y59,SOUTH EAST,3,778153.0,19087561.0,14792346.69
202603,Y59,SOUTH EAST,4,2589968.0,171028075.60000002,20389874.41
202603,Y59,SOUTH EAST,5,531322.0,20263692.0,3126867.52
202603,Y59,SOUTH EAST,6,1629976.0,84772109.0,32077615.77
202603,Y59,SOUTH EAST,7,439612.0,18531168.0,4121333.1
202603,Y59,SOUTH EAST,8,65402.0,2773633.0,2760280.0300000003
202603,Y59,SOUTH EAST,9,827337.0,523577563.0,13379577.08
202603,Y59,SOUTH EAST,10,337560.0,21242378.0,1722690.5
202603,Y59,SOUTH EAST,11,187200.0,4070955.0,2196377.04
202603,Y59,SOUTH EAST,12,147708.0,2223637.9,1151500.83
202603,Y59,SOUTH EAST,13,294625.0,42378035.0,3545328.79
202603,Y59,SOUTH EAST,14,48664.0,48794.0,761550.77
202603,Y59,SOUTH EAST,15,24463.0,351085.5,307437.25
202603,Y59,SOUTH EAST,19,6104.0,2024685.0,189500.0
202603,Y59,SOUTH EAST,20,24700.0,1227917.0,684043.22
202603,Y59,SOUTH EAST,21,422441.0,73325031.5,12267328.43
202603,Y59,SOUTH EAST,22,34467.0,637166.0,841330.8
202603,Y59,SOUTH EAST,23,91336.0,8955147.6,5466930.36
202603,Y60,MIDLANDS,1,1994093.0,161133222.0,11826201.79
202603,Y60,MIDLANDS,2,6529401.0,237435451.0,21870882.86
202603,Y60,MIDLANDS,3,1260117.0,30136558.0,20919890.46
202603,Y60,MIDLANDS,4,4069021.0,290277936.4,28565340.33
202603,Y60,MIDLANDS,5,712069.0,27489559.5,4061669.34
202603,Y60,MIDLANDS,6,2405168.0,115956746.0,41679438.33
202603,Y60,MIDLANDS,7,598774.0,23714977.0,4818480.44
202603,Y60,MIDLANDS,8,71529.0,2577528.0,2823014.3600000003
202603,Y60,MIDLANDS,9,1174875.0,1037886484.4,25630168.02
202603,Y60,MIDLANDS,10,554691.0,38011004.0,2332010.1
202603,Y60,MIDLANDS,11,272656.0,5858782.0,3177680.7
202603,Y60,MIDLANDS,12,206791.0,4483991.2,1598248.64
202603,Y60,MIDLANDS,13,471204.0,85060918.0,5326196.94
202603,Y60,MIDLANDS,14,55555.0,55771.0,898776.0
202603,Y60,MIDLANDS,15,32434.0,413795.5,336682.55
202603,Y60,MIDLANDS,19,10920.0,4204707.0,244495.22
202603,Y60,MIDLANDS,20,114754.0,3071125.3,3871945.46
202603,Y60,MIDLANDS,21,775174.0,132814559.5,14518833.07
202603,Y60,MIDLANDS,22,24951.0,449724.0,645034.09
202603,Y60,MIDLANDS,23,160369.0,15827837.5,9612628.82
202603,Y61,EAST OF ENGLAND,1,1117548.0,75101639.0,6647598.039999999
202603,Y61,EAST OF ENGLAND,2,3891363.0,133235221.6,12622922.56
202603,Y61,EAST OF ENGLAND,3,703952.0,16325850.0,11429130.66
202603,Y61,EAST OF ENGLAND,4,2260997.0,140067408.4,15284202.24
202603,Y61,EAST OF ENGLAND,5,440996.0,16758663.5,2320636.23
202603,Y61,EAST OF ENGLAND,6,1480002.0,67270370.0,23058424.26
202603,Y61,EAST OF ENGLAND,7,377044.0,14318922.0,2925188.8
202603,Y61,EAST OF ENGLAND,8,56425.0,2133111.0,2123126.6
202603,Y61,EAST OF ENGLAND,9,584671.0,200285900.0,5782200.28
202603,Y61,EAST OF ENGLAND,10,303622.0,17831494.0,1529924.71
202603,Y61,EAST OF ENGLAND,11,157091.0,2854217.0,1613189.4300000002
202603,Y61,EAST OF ENGLAND,12,115060.0,1685836.6,856724.89
202603,Y61,EAST OF ENGLAND,13,233926.0,31978758.0,2637838.44
202603,Y61,EAST OF ENGLAND,14,21346.0,21456.5,348169.42
202603,Y61,EAST OF ENGLAND,15,17560.0,273096.5,216502.4
202603,Y61,EAST OF ENGLAND,19,4821.0,2189675.0,112338.94
202603,Y61,EAST OF ENGLAND,20,36155.0,1073288.36,2537345.5
202603,Y61,EAST OF ENGLAND,21,420664.0,65187952.5,15326558.9
202603,Y61,EAST OF ENGLAND,22,49053.0,908122.0,1427618.87
202603,Y61,EAST OF ENGLAND,23,184956.0,15112065.1,13182622.99
202603,Y62,NORTH WEST,1,1488822.0,122842911.0,8869854.719999999
202603,Y62,NORTH WEST,2,4499088.0,159108064.2,14340396.77
202603,Y62,NORTH WEST,3,956493.0,21237310.0,15493357.06
202603,Y62,NORTH WEST,4,3126146.0,208775842.0,20769912.37
202603,Y62,NORTH WEST,5,480545.0,17988585.5,2881310.25
202603,Y62,NORTH WEST,6,1607540.0,74094229.5,25721729.68
202603,Y62,NORTH WEST,7,427799.0,16265533.0,3593191.87
202603,Y62,NORTH WEST,8,47954.0,1724970.0,1612801.25
202603,Y62,NORTH WEST,9,877781.0,499431043.5,13133002.06
202603,Y62,NORTH WEST,10,396074.0,27453074.0,1823578.44
202603,Y62,NORTH WEST,11,169976.0,2972367.5,1632918.29
202603,Y62,NORTH WEST,12,149422.0,3320152.3000000003,1201671.01
202603,Y62,NORTH WEST,13,363028.0,70011556.0,4445419.19
202603,Y62,NORTH WEST,14,35038.0,35172.0,539947.6900000001
202603,Y62,NORTH WEST,15,24668.0,329748.0,297286.84
202603,Y62,NORTH WEST,19,7976.0,3230140.0,176740.72
202603,Y62,NORTH WEST,20,132060.0,2908614.6,4236524.13
202603,Y62,NORTH WEST,21,549821.0,97335624.0,11727893.24
202603,Y62,NORTH WEST,22,39534.0,737040.0,962700.25
202603,Y62,NORTH WEST,23,107947.0,10428811.8,5220242.68
202603,Y63,NORTH EAST AND YORKSHIRE,1,2297058.0,167232710.0,12849038.58
202603,Y63,NORTH EAST AND YORKSHIRE,2,7418443.0,241207055.4,20158544.51
202603,Y63,NORTH EAST AND YORKSHIRE,3,1375383.0,28748300.0,23076121.52
202603,Y63,NORTH EAST AND YORKSHIRE,4,4563928.0,287852406.8,26833034.25
202603,Y63,NORTH EAST AND YORKSHIRE,5,618667.0,22657341.5,4147396.14
202603,Y63,NORTH EAST AND YORKSHIRE,6,2595395.0,113176955.5,40498938.49
202603,Y63,NORTH EAST AND YORKSHIRE,7,669855.0,25111654.0,5110757.93
202603,Y63,NORTH EAST AND YORKSHIRE,8,84811.0,3211974.0,2834766.45
202603,Y63,NORTH EAST AND YORKSHIRE,9,1290209.0,420961757.5,11564948.01
202603,Y63,NORTH EAST AND YORKSHIRE,10,623467.0,39208206.0,2362515.63
202603,Y63,NORTH EAST AND YORKSHIRE,11,244970.0,4245988.0,2396720.21
202603,Y63,NORTH EAST AND YORKSHIRE,12,193457.0,3583672.6,1438283.18
202603,Y63,NORTH EAST AND YORKSHIRE,13,429641.0,72513222.0,5164155.9
202603,Y63,NORTH EAST AND YORKSHIRE,14,41356.0,41485.5,656462.6
202603,Y63,NORTH EAST AND YORKSHIRE,15,25425.0,6682174.5,328265.1
202603,Y63,NORTH EAST AND YORKSHIRE,18,2.0,2000.0,350.0
202603,Y63,NORTH EAST AND YORKSHIRE,19,9652.0,3583259.0,224586.21
202603,Y63,NORTH EAST AND YORKSHIRE,20,49183.0,1436307.2,1829374.6
202603,Y63,NORTH EAST AND YORKSHIRE,21,610170.0,103389838.0,12317852.34
202603,Y63,NORTH EAST AND YORKSHIRE,22,12042.0,217549.0,323253.58
202603,Y63,NORTH EAST AND YORKSHIRE,23,60147.0,6238355.3,2545056.95
202604,Y56,LONDON,1,1216870.0,82294229.0,7242969.9
202604,Y56,LONDON,2,4154721.0,134380714.6,12195435.75
202604,Y56,LONDON,3,697139.0,19679658.0,11464157.5
202604,Y56,LONDON,4,2261376.0,129384623.4,17348613.53
202604,Y56,LONDON,5,434242.0,16091868.0,2323269.3
202604,Y56,LONDON,6,1841264.0,87033120.0,26688329.44
202604,Y56,LONDON,7,397098.0,13565858.0,3344735.97
202604,Y56,LONDON,8,42758.0,1700033.0,1493222.09
202604,Y56,LONDON,9,905522.0,319033508.9,8389320.969999999
202604,Y56,LONDON,10,304917.0,20815187.0,1341891.51
202604,Y56,LONDON,11,181368.0,4123563.5,2236521.4000000004
202604,Y56,LONDON,12,147529.0,3918750.2,1227525.59
202604,Y56,LONDON,13,354482.0,59232740.0,4258765.49
202604,Y56,LONDON,14,54180.0,54369.5,854148.92
202604,Y56,LONDON,15,13391.0,284272.0,310805.53
202604,Y56,LONDON,19,9768.0,9855403.0,154884.18
202604,Y56,LONDON,20,40421.0,1124880.46,1181558.13
202604,Y56,LONDON,21,496462.0,112090487.5,8066904.99
202604,Y56,LONDON,22,22574.0,381225.0,545557.41
202604,Y56,LONDON,23,48201.0,5807384.4,1341715.82
202604,Y58,SOUTH WEST,1,912313.0,65295798.0,5387499.03
202604,Y58,SOUTH WEST,2,3028976.0,112474852.0,10738413.47
202604,Y58,SOUTH WEST,3,526619.0,12292684.0,9818136.02
202604,Y58,SOUTH WEST,4,1860713.0,129609294.0,12898423.38
202604,Y58,SOUTH WEST,5,298099.0,10118546.5,2256073.75
202604,Y58,SOUTH WEST,6,1111741.0,53530758.5,18332225.05
202604,Y58,SOUTH WEST,7,316364.0,12749957.0,2696505.57
202604,Y58,SOUTH WEST,8,42547.0,1584633.0,1857368.79
202604,Y58,SOUTH WEST,9,543265.0,178066441.4,4675149.3
202604,Y58,SOUTH WEST,10,254464.0,15167661.0,1298515.49
202604,Y58,SOUTH WEST,11,126863.0,2303121.0,1329619.28
202604,Y58,SOUTH WEST,12,88039.0,1403148.6,646327.34
202604,Y58,SOUTH WEST,13,185222.0,26347750.0,2056550.41
202604,Y58,SOUTH WEST,14,12962.0,13071.0,202133.42
202604,Y58,SOUTH WEST,15,20133.0,232368.5,197417.96
202604,Y58,SOUTH WEST,19,4038.0,780107.0,89867.24
202604,Y58,SOUTH WEST,20,25296.0,470193.4,508353.84
202604,Y58,SOUTH WEST,21,322340.0,54639547.5,8265668.12
202604,Y58,SOUTH WEST,22,54546.0,870115.0,1226160.68
202604,Y58,SOUTH WEST,23,44894.0,4089387.8,1670488.87
202604,Y59,SOUTH EAST,1,1217672.0,90567183.0,8046388.58
202604,Y59,SOUTH EAST,2,4079277.0,164415752.0,15668380.36
202604,Y59,SOUTH EAST,3,766887.0,19454318.0,14437421.95
202604,Y59,SOUTH EAST,4,2559823.0,169072177.0,20086168.18
202604,Y59,SOUTH EAST,5,481185.0,17411150.5,3044031.05
202604,Y59,SOUTH EAST,6,1607928.0,83386278.0,31578501.21
202604,Y59,SOUTH EAST,7,435223.0,18425815.0,4076362.86
202604,Y59,SOUTH EAST,8,63536.0,2677447.0,2686573.41
202604,Y59,SOUTH EAST,9,809017.0,495436122.9,12724202.98
202604,Y59,SOUTH EAST,10,333565.0,21051381.0,1744870.18
202604,Y59,SOUTH EAST,11,182394.0,3988761.5,2096903.61
202604,Y59,SOUTH EAST,12,143803.0,2104485.0,1097245.2
202604,Y59,SOUTH EAST,13,281434.0,41281628.0,3356115.43
202604,Y59,SOUTH EAST,14,30893.0,31033.5,468867.59
202604,Y59,SOUTH EAST,15,21642.0,1711158.5,284761.26
202604,Y59,SOUTH EAST,19,5611.0,1917976.0,163088.33
202604,Y59,SOUTH EAST,20,23466.0,1176025.6,655195.23
202604,Y59,SOUTH EAST,21,408782.0,73174141.0,11507675.02
202604,Y59,SOUTH EAST,22,33794.0,633231.0,826975.49
202604,Y59,SOUTH EAST,23,88475.0,8765985.5,5244117.91
202604,Y60,MIDLANDS,1,1975046.0,159889385.0,11860604.89
202604,Y60,MIDLANDS,2,6459484.0,234318964.4,23355025.04
202604,Y60,MIDLANDS,3,1247728.0,30800332.0,20586272.29
202604,Y60,MIDLANDS,4,4026739.0,287846477.8,28217910.54
202604,Y60,MIDLANDS,5,648463.0,23830016.5,4013965.69
202604,Y60,MIDLANDS,6,2374996.0,114191357.5,41217059.0
202604,Y60,MIDLANDS,7,593425.0,23525216.0,4851508.28
202604,Y60,MIDLANDS,8,70809.0,2542738.0,2830020.68
202604,Y60,MIDLANDS,9,1165082.0,1021981283.7,25360551.3
202604,Y60,MIDLANDS,10,549184.0,37841661.0,2364788.79
202604,Y60,MIDLANDS,11,267028.0,5763331.0,3022990.16
202604,Y60,MIDLANDS,12,201412.0,4441844.2,1533048.5099999998
202604,Y60,MIDLANDS,13,462460.0,84743282.5,5177714.19
202604,Y60,MIDLANDS,14,26780.0,26970.0,433347.07
202604,Y60,MIDLANDS,15,30812.0,404325.0,332711.12
202604,Y60,MIDLANDS,19,11316.0,3907595.0,284901.69
202604,Y60,MIDLANDS,20,110137.0,2969226.2,3784211.5
202604,Y60,MIDLANDS,21,768168.0,135584160.0,14273615.47
202604,Y60,MIDLANDS,22,24598.0,437827.0,632423.9400000001
202604,Y60,MIDLANDS,23,153651.0,15233836.3,8790123.1
202604,Y61,EAST OF ENGLAND,1,1105515.0,74818466.0,6523821.82
202604,Y61,EAST OF ENGLAND,2,3851906.0,131874843.0,13399352.95
202604,Y61,EAST OF ENGLAND,3,698672.0,16654739.0,11273215.98
202604,Y61,EAST OF ENGLAND,4,2240834.0,139162991.2,15028949.62
202604,Y61,EAST OF ENGLAND,5,397150.0,14289185.0,2278387.02
202604,Y61,EAST OF ENGLAND,6,1458621.0,66268198.5,22824814.5
202604,Y61,EAST OF ENGLAND,7,374697.0,14335275.0,2977462.39
202604,Y61,EAST OF ENGLAND,8,55496.0,2087768.0,2085898.94
202604,Y61,EAST OF ENGLAND,9,577629.0,197540225.0,5716338.87
202604,Y61,EAST OF ENGLAND,10,300372.0,17744490.0,1554221.5299999998
202604,Y61,EAST OF ENGLAND,11,152027.0,2769865.0,1529989.33
202604,Y61,EAST OF ENGLAND,12,112493.0,1625831.1,816519.25
202604,Y61,EAST OF ENGLAND,13,228095.0,31478558.0,2536978.34
202604,Y61,EAST OF ENGLAND,14,18975.0,19123.5,300214.04
202604,Y61,EAST OF ENGLAND,15,14825.0,229429.0,195294.94
202604,Y61,EAST OF ENGLAND,19,4726.0,2023747.0,127004.19999999998
202604,Y61,EAST OF ENGLAND,20,35800.0,1087922.8,2468912.03
202604,Y61,EAST OF ENGLAND,21,415549.0,66085603.5,15577453.86
202604,Y61,EAST OF ENGLAND,22,50888.0,944790.0,1472754.08
202604,Y61,EAST OF ENGLAND,23,188929.0,15576177.6,13591564.5
202604,Y62,NORTH WEST,1,1460889.0,120869344.0,8692098.52
202604,Y62,NORTH WEST,2,4410577.0,155879574.8,15206166.64
202604,Y62,NORTH WEST,3,940103.0,21419989.0,15153606.35
202604,Y62,NORTH WEST,4,3074893.0,205695887.8,20554256.07
202604,Y62,NORTH WEST,5,442657.0,15931633.5,2855607.79
202604,Y62,NORTH WEST,6,1574850.0,72577789.5,25157719.82
202604,Y62,NORTH WEST,7,423089.0,16351297.0,3617154.78
202604,Y62,NORTH WEST,8,46741.0,1692330.0,1583046.8
202604,Y62,NORTH WEST,9,855072.0,490165835.5,12766101.46
202604,Y62,NORTH WEST,10,389109.0,27130885.0,1823622.56
202604,Y62,NORTH WEST,11,166224.0,2907057.0,1535542.94
202604,Y62,NORTH WEST,12,145094.0,3190736.3,1140859.05
202604,Y62,NORTH WEST,13,352073.0,68597892.0,4251419.89
202604,Y62,NORTH WEST,14,24560.0,24728.5,376176.67
202604,Y62,NORTH WEST,15,22893.0,327009.5,277836.36
202604,Y62,NORTH WEST,19,8206.0,3178580.0,199466.85
202604,Y62,NORTH WEST,20,122579.0,2697767.1,4023695.07
202604,Y62,NORTH WEST,21,522597.0,94148787.5,11141826.91
202604,Y62,NORTH WEST,22,39430.0,732111.0,947876.8
202604,Y62,NORTH WEST,23,100728.0,9884326.4,4811947.9
202604,Y63,NORTH EAST AND YORKSHIRE,1,2231866.0,162797406.0,12495164.1
202604,Y63,NORTH EAST AND YORKSHIRE,2,7168056.0,232495541.2,21129679.64
202604,Y63,NORTH EAST AND YORKSHIRE,3,1334147.0,28687591.0,22321568.19
202604,Y63,NORTH EAST AND YORKSHIRE,4,4422257.0,280008019.6,25957183.48
202604,Y63,NORTH EAST AND YORKSHIRE,5,568836.0,19994938.5,4076986.03
202604,Y63,NORTH EAST AND YORKSHIRE,6,2502258.0,108813333.0,39134844.370000005
202604,Y63,NORTH EAST AND YORKSHIRE,7,647342.0,24522305.0,4955542.08
202604,Y63,NORTH EAST AND YORKSHIRE,8,81506.0,3069038.0,2790976.0500000003
202604,Y63,NORTH EAST AND YORKSHIRE,9,1246365.0,408687478.5,11220641.239999998
202604,Y63,NORTH EAST AND YORKSHIRE,10,605720.0,38345412.0,2413045.71
202604,Y63,NORTH EAST AND YORKSHIRE,11,236373.0,4098960.0,2237567.83
202604,Y63,NORTH EAST AND YORKSHIRE,12,186228.0,3386395.6,1357153.88
202604,Y63,NORTH EAST AND YORKSHIRE,13,415973.0,70750759.0,4940193.21
202604,Y63,NORTH EAST AND YORKSHIRE,14,16050.0,16140.0,244561.65
202604,Y63,NORTH EAST AND YORKSHIRE,15,22892.0,19296709.5,312797.52
202604,Y63,NORTH EAST AND YORKSHIRE,19,9537.0,3340295.0,238566.33
202604,Y63,NORTH EAST AND YORKSHIRE,20,47980.0,1436823.8,1815784.72
202604,Y63,NORTH EAST AND YORKSHIRE,21,590810.0,101217343.5,11942449.170000002
202604,Y63,NORTH EAST AND YORKSHIRE,22,11861.0,212669.0,315836.57
202604,Y63,NORTH EAST AND YORKSHIRE,23,58996.0,6174244.0,2397591.43
202605,Y56,LONDON,1,1175869.0,78896708.0,6987739.76
202605,Y56,LONDON,2,4045629.0,131017506.6,12219272.8
202605,Y56,LONDON,3,663528.0,18782089.0,11055747.07
202605,Y56,LONDON,4,2190678.0,124483757.6,17162054.96
202605,Y56,LONDON,5,411101.0,15769762.5,2267880.44
202605,Y56,LONDON,6,1795769.0,84648283.0,26155046.11
202605,Y56,LONDON,7,391060.0,13378829.0,3354811.43
202605,Y56,LONDON,8,41795.0,1655431.0,1545120.82
202605,Y56,LONDON,9,879232.0,307341445.5,8133860.79
202605,Y56,LONDON,10,296580.0,20172945.0,1309334.8
202605,Y56,LONDON,11,173140.0,3945323.0,2164979.15
202605,Y56,LONDON,12,139416.0,3855037.4,1174240.62
202605,Y56,LONDON,13,334946.0,56150086.0,4047403.8
202605,Y56,LONDON,14,38052.0,38241.5,584656.11
202605,Y56,LONDON,15,14063.0,278492.5,309606.58
202605,Y56,LONDON,19,10066.0,9994525.0,137112.79
202605,Y56,LONDON,20,39786.0,1078384.0,1152447.16
202605,Y56,LONDON,21,480007.0,106646087.0,8020212.05
202605,Y56,LONDON,22,21800.0,371062.0,540984.9500000001
202605,Y56,LONDON,23,45341.0,5481548.6,1265922.71
202605,Y58,SOUTH WEST,1,894176.0,63883083.0,5273655.329999999
202605,Y58,SOUTH WEST,2,2977674.0,111092869.8,10959899.36
202605,Y58,SOUTH WEST,3,518493.0,12302419.0,9668483.9
202605,Y58,SOUTH WEST,4,1827829.0,127082469.8,13072442.57
202605,Y58,SOUTH WEST,5,286821.0,9911241.5,2197705.67
202605,Y58,SOUTH WEST,6,1095998.0,53064268.5,18219756.45
202605,Y58,SOUTH WEST,7,311832.0,12626242.0,2720703.51
202605,Y58,SOUTH WEST,8,41045.0,1564119.0,1778750.99
202605,Y58,SOUTH WEST,9,532922.0,174061370.4,4577670.83
202605,Y58,SOUTH WEST,10,250940.0,14943161.0,1274102.79
202605,Y58,SOUTH WEST,11,124306.0,2253522.5,1254184.39
202605,Y58,SOUTH WEST,12,86507.0,1382182.4,635818.5
202605,Y58,SOUTH WEST,13,181593.0,25987442.0,2029225.13
202605,Y58,SOUTH WEST,14,14205.0,14300.0,216640.33
202605,Y58,SOUTH WEST,15,21019.0,251241.5,191857.45
202605,Y58,SOUTH WEST,19,4285.0,876707.0,84482.45
202605,Y58,SOUTH WEST,20,24632.0,443756.7,507306.0
202605,Y58,SOUTH WEST,21,321296.0,53820275.0,8220564.02
202605,Y58,SOUTH WEST,22,57094.0,896765.0,1273890.39
202605,Y58,SOUTH WEST,23,43695.0,3965012.4,1636905.29
202605,Y59,SOUTH EAST,1,1181427.0,87102515.0,7879163.78
202605,Y59,SOUTH EAST,2,3988324.0,161167257.6,15822739.420000002
202605,Y59,SOUTH EAST,3,744103.0,19029299.0,14121783.78
202605,Y59,SOUTH EAST,4,2492034.0,164098601.4,20184280.52
202605,Y59,SOUTH EAST,5,459873.0,17054076.0,2983702.0
202605,Y59,SOUTH EAST,6,1578195.0,82103513.5,31104611.840000004
202605,Y59,SOUTH EAST,7,427099.0,18130289.0,4108266.88
202605,Y59,SOUTH EAST,8,62149.0,2655371.0,2595809.25
202605,Y59,SOUTH EAST,9,786228.0,492176237.0,12780886.3
202605,Y59,SOUTH EAST,10,326301.0,20513977.0,1683277.96
202605,Y59,SOUTH EAST,11,176445.0,3866241.0,2042177.38
202605,Y59,SOUTH EAST,12,137345.0,2078447.7,1034739.13
202605,Y59,SOUTH EAST,13,272353.0,39977405.5,3278400.22
202605,Y59,SOUTH EAST,14,24706.0,24870.0,387883.72
202605,Y59,SOUTH EAST,15,21627.0,5920854.5,288478.64
202605,Y59,SOUTH EAST,18,1.0,1000.0,175.0
202605,Y59,SOUTH EAST,19,5867.0,1824416.0,213859.85000000003
202605,Y59,SOUTH EAST,20,21798.0,1066468.3,635258.11
202605,Y59,SOUTH EAST,21,398928.0,70140168.5,11449634.1
202605,Y59,SOUTH EAST,22,30989.0,583079.0,758573.32
202605,Y59,SOUTH EAST,23,81762.0,8157242.2,4811700.02
202605,Y60,MIDLANDS,1,1905250.0,153818755.0,11513805.31
202605,Y60,MIDLANDS,2,6265669.0,227903734.2,23285739.0
202605,Y60,MIDLANDS,3,1211820.0,30294427.0,20039593.130000003
202605,Y60,MIDLANDS,4,3891278.0,277905068.6,27971903.75
202605,Y60,MIDLANDS,5,627312.0,23463941.5,3958064.92
202605,Y60,MIDLANDS,6,2316627.0,111601291.0,40391417.27
202605,Y60,MIDLANDS,7,579150.0,23141653.0,4826439.85
202605,Y60,MIDLANDS,8,68345.0,2462173.0,2778733.86
202605,Y60,MIDLANDS,9,1121664.0,961739906.0,23804549.23
202605,Y60,MIDLANDS,10,535395.0,36608970.0,2298995.78
202605,Y60,MIDLANDS,11,259262.0,5581928.0,2956003.09
202605,Y60,MIDLANDS,12,195420.0,4222468.8,1489110.5
202605,Y60,MIDLANDS,13,441183.0,81136921.0,4968849.96
202605,Y60,MIDLANDS,14,36342.0,36533.5,523482.74
202605,Y60,MIDLANDS,15,31437.0,437997.5,329426.56
202605,Y60,MIDLANDS,19,11321.0,3836890.0,285033.38
202605,Y60,MIDLANDS,20,102868.0,2667891.7,3397604.53
202605,Y60,MIDLANDS,21,744086.0,129383496.5,14045073.96
202605,Y60,MIDLANDS,22,23736.0,424185.0,606721.3
202605,Y60,MIDLANDS,23,145342.0,14521675.8,8323506.27
202605,Y61,EAST OF ENGLAND,1,1070855.0,71592596.0,6335552.56
202605,Y61,EAST OF ENGLAND,2,3759109.0,128681986.4,13496397.98
202605,Y61,EAST OF ENGLAND,3,679520.0,16472591.0,10956104.31
202605,Y61,EAST OF ENGLAND,4,2177083.0,134679319.8,15081630.760000002
202605,Y61,EAST OF ENGLAND,5,383069.0,14034188.5,2302913.15
202605,Y61,EAST OF ENGLAND,6,1428830.0,64768159.0,22487402.22
202605,Y61,EAST OF ENGLAND,7,366429.0,14053919.0,2969964.0300000003
202605,Y61,EAST OF ENGLAND,8,54020.0,2040680.0,2071147.28
202605,Y61,EAST OF ENGLAND,9,562873.0,192203669.0,5582247.62
202605,Y61,EAST OF ENGLAND,10,293463.0,17208479.0,1506386.39
202605,Y61,EAST OF ENGLAND,11,149026.0,2712403.5,1490531.84
202605,Y61,EAST OF ENGLAND,12,108988.0,1627987.7000000002,802116.46
202605,Y61,EAST OF ENGLAND,13,218328.0,30613372.0,2461939.34
202605,Y61,EAST OF ENGLAND,14,15516.0,15668.5,258398.18
202605,Y61,EAST OF ENGLAND,15,16058.0,234937.0,188207.71
202605,Y61,EAST OF ENGLAND,19,5243.0,2139127.0,124148.57
202605,Y61,EAST OF ENGLAND,20,36626.0,1087961.46,2462519.01
202605,Y61,EAST OF ENGLAND,21,414031.0,64406994.0,16511310.39
202605,Y61,EAST OF ENGLAND,22,57832.0,1067172.0,1679448.0599999998
202605,Y61,EAST OF ENGLAND,23,203151.0,16736769.7,14921941.49
202605,Y62,NORTH WEST,1,1415304.0,116452096.0,8442132.22
202605,Y62,NORTH WEST,2,4284881.0,151754294.6,15121009.29
202605,Y62,NORTH WEST,3,913820.0,21079918.0,14760738.15
202605,Y62,NORTH WEST,4,2976396.0,198498764.2,20391470.19
202605,Y62,NORTH WEST,5,423891.0,15576786.5,2776946.18
202605,Y62,NORTH WEST,6,1537309.0,70836084.0,24540014.79
202605,Y62,NORTH WEST,7,412137.0,15913502.0,3591815.83
202605,Y62,NORTH WEST,8,44932.0,1625573.0,1564506.66
202605,Y62,NORTH WEST,9,831636.0,473007488.5,12485933.49
202605,Y62,NORTH WEST,10,379822.0,26300910.0,1793480.02
202605,Y62,NORTH WEST,11,161643.0,2835867.0,1507031.4300000002
202605,Y62,NORTH WEST,12,140517.0,3128415.7,1093556.75
202605,Y62,NORTH WEST,13,337706.0,66866204.0,4104550.85
202605,Y62,NORTH WEST,14,15478.0,15651.5,248073.31
202605,Y62,NORTH WEST,15,22644.0,324674.0,265915.19
202605,Y62,NORTH WEST,18,2.0,1200.0,210.0
202605,Y62,NORTH WEST,19,8042.0,3142440.0,165145.27000000002
202605,Y62,NORTH WEST,20,118319.0,2620001.2,3784188.32
202605,Y62,NORTH WEST,21,519555.0,93057403.0,11127143.94
202605,Y62,NORTH WEST,22,38261.0,698939.0,915075.67
202605,Y62,NORTH WEST,23,99675.0,9817862.3,4751702.109999999
202605,Y63,NORTH EAST AND YORKSHIRE,1,2200950.0,159773902.0,12282761.45
202605,Y63,NORTH EAST AND YORKSHIRE,2,7133274.0,233192004.0,21827869.06
202605,Y63,NORTH EAST AND YORKSHIRE,3,1325566.0,28906571.0,22309898.73
202605,Y63,NORTH EAST AND YORKSHIRE,4,4385799.0,277333137.6,26749174.68
202605,Y63,NORTH EAST AND YORKSHIRE,5,550102.0,19789751.0,4092759.95
202605,Y63,NORTH EAST AND YORKSHIRE,6,2512630.0,109771776.5,39910505.48
202605,Y63,NORTH EAST AND YORKSHIRE,7,646706.0,24573082.0,5090509.8
202605,Y63,NORTH EAST AND YORKSHIRE,8,80792.0,3078078.0,2738150.77
202605,Y63,NORTH EAST AND YORKSHIRE,9,1222264.0,399515519.0,11051408.13
202605,Y63,NORTH EAST AND YORKSHIRE,10,603489.0,37884844.0,2387042.23
202605,Y63,NORTH EAST AND YORKSHIRE,11,235997.0,4136217.0,2251821.85
202605,Y63,NORTH EAST AND YORKSHIRE,12,184019.0,3267478.8000000003,1339050.5099999998
202605,Y63,NORTH EAST AND YORKSHIRE,13,403937.0,68953891.0,4864488.12
202605,Y63,NORTH EAST AND YORKSHIRE,14,21103.0,21238.0,335889.21
202605,Y63,NORTH EAST AND YORKSHIRE,15,22431.0,12948986.0,302262.94
202605,Y63,NORTH EAST AND YORKSHIRE,19,9972.0,3274446.0,246438.63
202605,Y63,NORTH EAST AND YORKSHIRE,20,47064.0,1407229.8,1706090.7
202605,Y63,NORTH EAST AND YORKSHIRE,21,585093.0,98678215.0,12058656.42
202605,Y63,NORTH EAST AND YORKSHIRE,22,11809.0,211038.0,320296.43
202605,Y63,NORTH EAST AND YORKSHIRE,23,57128.0,5942564.0,2357485.74
202606,Y56,LONDON,1,1243179.0,83398607.0,7435936.11
202606,Y56,LONDON,2,4256553.0,137032734.8,13646757.16
202606,Y56,LONDON,3,711822.0,20743706.0,11807781.15
202606,Y56,LONDON,4,2307015.0,130753628.4,18385481.59
202606,Y56,LONDON,5,435508.0,16462088.0,2457715.64
202606,Y56,LONDON,6,1902098.0,89196857.0,27492679.36
202606,Y56,LONDON,7,413270.0,14233390.0,3622726.77
202606,Y56,LONDON,8,43628.0,1734684.0,1606237.68
202606,Y56,LONDON,9,924802.0,329835188.0,8658408.34
202606,Y56,LONDON,10,316674.0,21565360.0,1369782.02
202606,Y56,LONDON,11,189978.0,4235943.0,2328578.0700000003
202606,Y56,LONDON,12,153045.0,4115468.0,1288059.81
202606,Y56,LONDON,13,363784.0,59971619.0,4357904.32
202606,Y56,LONDON,14,31672.0,31881.0,482381.89
202606,Y56,LONDON,15,13618.0,294952.5,313443.65
202606,Y56,LONDON,19,9591.0,10065509.0,147328.05
202606,Y56,LONDON,20,42869.0,1183832.6,1261098.34
202606,Y56,LONDON,21,505998.0,110975277.5,8623954.69
202606,Y56,LONDON,22,23081.0,381738.0,564752.17
202606,Y56,LONDON,23,48878.0,5883951.7,1406573.39
202606,Y58,SOUTH WEST,1,931408.0,66174203.0,5599485.49
202606,Y58,SOUTH WEST,2,3092222.0,114967828.4,11921118.63
202606,Y58,SOUTH WEST,3,544342.0,13167415.0,10075108.78
202606,Y58,SOUTH WEST,4,1897858.0,131370813.6,13857615.79
202606,Y58,SOUTH WEST,5,302727.0,10413523.5,2279505.26
202606,Y58,SOUTH WEST,6,1146285.0,55169368.0,18982503.52
202606,Y58,SOUTH WEST,7,325464.0,13203475.0,2859187.15
202606,Y58,SOUTH WEST,8,42619.0,1606960.0,1805913.26
202606,Y58,SOUTH WEST,9,560128.0,184442807.5,4854092.140000001
202606,Y58,SOUTH WEST,10,262938.0,15560429.0,1335831.77
202606,Y58,SOUTH WEST,11,132399.0,2369441.5,1327281.12
202606,Y58,SOUTH WEST,12,93461.0,1471192.7999999998,695662.37
202606,Y58,SOUTH WEST,13,189004.0,26882038.0,2091384.62
202606,Y58,SOUTH WEST,14,15032.0,15179.5,226816.67
202606,Y58,SOUTH WEST,15,21423.0,258961.0,207843.74
202606,Y58,SOUTH WEST,19,3757.0,805478.0,95691.7
202606,Y58,SOUTH WEST,20,25638.0,477762.8000000001,531845.5
202606,Y58,SOUTH WEST,21,334266.0,55228789.5,8671636.8
202606,Y58,SOUTH WEST,22,59817.0,947131.0,1344261.45
202606,Y58,SOUTH WEST,23,49342.0,4299594.3,1983954.75
202606,Y59,SOUTH EAST,1,1240414.0,91382873.0,8280681.87
202606,Y59,SOUTH EAST,2,4145725.0,166612878.2,17301566.48
202606,Y59,SOUTH EAST,3,783802.0,20612594.0,14826463.33
202606,Y59,SOUTH EAST,4,2609381.0,171358901.60000002,21436356.72
202606,Y59,SOUTH EAST,5,483788.0,17732663.5,3097250.06
202606,Y59,SOUTH EAST,6,1652882.0,85563079.5,32486051.99
202606,Y59,SOUTH EAST,7,448384.0,19119041.0,4349177.72
202606,Y59,SOUTH EAST,8,65345.0,2761057.0,2769168.73
202606,Y59,SOUTH EAST,9,829076.0,535591084.4,13802021.8
202606,Y59,SOUTH EAST,10,343889.0,21452324.0,1768649.53
202606,Y59,SOUTH EAST,11,190148.0,4083936.0,2187941.48
202606,Y59,SOUTH EAST,12,149888.0,2216419.5,1155575.89
202606,Y59,SOUTH EAST,13,287747.0,42074565.0,3416079.13
202606,Y59,SOUTH EAST,14,34332.0,34486.5,482394.26
202606,Y59,SOUTH EAST,15,23644.0,1734975.0,300473.56
202606,Y59,SOUTH EAST,19,5396.0,1891608.0,154936.14
202606,Y59,SOUTH EAST,20,24337.0,1257719.9,675379.33
202606,Y59,SOUTH EAST,21,421671.0,71909641.0,12476590.78
202606,Y59,SOUTH EAST,22,36654.0,678573.0,885251.5700000001
202606,Y59,SOUTH EAST,23,95584.0,9433790.5,5840988.62
202606,Y60,MIDLANDS,1,2002475.0,161121102.0,11964945.22
202606,Y60,MIDLANDS,2,6545606.0,237402758.2,25836166.33
202606,Y60,MIDLANDS,3,1297873.0,33491832.0,21317706.9
202606,Y60,MIDLANDS,4,4076939.0,289885551.2,29861806.9
202606,Y60,MIDLANDS,5,656541.0,24183166.0,4133549.09
202606,Y60,MIDLANDS,6,2438153.0,117008424.5,42493849.86
202606,Y60,MIDLANDS,7,610484.0,24479248.0,5197987.97
202606,Y60,MIDLANDS,8,71388.0,2558871.0,2887612.63
202606,Y60,MIDLANDS,9,1181182.0,1026189312.9,25523901.23
202606,Y60,MIDLANDS,10,565546.0,38772844.0,2416464.88
202606,Y60,MIDLANDS,11,281215.0,5932760.0,3127709.66
202606,Y60,MIDLANDS,12,220022.0,4574283.899999999,1669372.11
202606,Y60,MIDLANDS,13,471082.0,86693019.5,5287019.4
202606,Y60,MIDLANDS,14,24139.0,24361.0,365547.23
202606,Y60,MIDLANDS,15,32640.0,432758.5,340347.95
202606,Y60,MIDLANDS,19,10786.0,4259692.0,319091.47
202606,Y60,MIDLANDS,20,116605.0,3057222.0200000005,3902937.61
202606,Y60,MIDLANDS,21,794800.0,135777126.5,15333683.92
202606,Y60,MIDLANDS,22,26363.0,465991.0,673324.97
202606,Y60,MIDLANDS,23,162793.0,16185121.0,9601244.77
202606,Y61,EAST OF ENGLAND,1,1121286.0,75470084.0,6792164.5600000005
202606,Y61,EAST OF ENGLAND,2,3905372.0,133630632.2,14591863.97
202606,Y61,EAST OF ENGLAND,3,715686.0,17642783.0,11542833.79
202606,Y61,EAST OF ENGLAND,4,2273014.0,140584303.0,16046575.63
202606,Y61,EAST OF ENGLAND,5,397294.0,14284598.5,2370448.12
202606,Y61,EAST OF ENGLAND,6,1494519.0,67621231.0,23741337.35
202606,Y61,EAST OF ENGLAND,7,384947.0,14932134.0,3134744.06
202606,Y61,EAST OF ENGLAND,8,56148.0,2130729.0,2223019.93
202606,Y61,EAST OF ENGLAND,9,589722.0,205956978.5,5907549.25
202606,Y61,EAST OF ENGLAND,10,309236.0,18140278.0,1606160.86
202606,Y61,EAST OF ENGLAND,11,157091.0,2860824.0,1585737.83
202606,Y61,EAST OF ENGLAND,12,118239.0,1729090.5,873447.02
202606,Y61,EAST OF ENGLAND,13,231151.0,31803138.0,2593378.22
202606,Y61,EAST OF ENGLAND,14,13550.0,13707.0,213434.32
202606,Y61,EAST OF ENGLAND,15,15933.0,232807.0,200881.1
202606,Y61,EAST OF ENGLAND,19,4404.0,1911284.0,124589.37
202606,Y61,EAST OF ENGLAND,20,38348.0,1105949.0,2634113.04
202606,Y61,EAST OF ENGLAND,21,431900.0,66138097.5,16436036.66
202606,Y61,EAST OF ENGLAND,22,51881.0,959367.0,1506754.02
202606,Y61,EAST OF ENGLAND,23,191805.0,15872503.1,13633556.93
202606,Y62,NORTH WEST,1,1484660.0,122172723.0,8837993.44
202606,Y62,NORTH WEST,2,4477221.0,158527779.0,16319907.9
202606,Y62,NORTH WEST,3,972320.0,23121994.0,15595388.17
202606,Y62,NORTH WEST,4,3120853.0,207194333.6,21804859.17
202606,Y62,NORTH WEST,5,445805.0,16004164.5,2909006.55
202606,Y62,NORTH WEST,6,1615421.0,74348151.5,25887757.42
202606,Y62,NORTH WEST,7,438623.0,17055193.0,3899589.1
202606,Y62,NORTH WEST,8,47152.0,1717808.0,1609936.0499999998
202606,Y62,NORTH WEST,9,870879.0,506320402.5,13337377.49
202606,Y62,NORTH WEST,10,401914.0,27748836.0,1876065.2
202606,Y62,NORTH WEST,11,176575.0,3055020.5,1621283.83
202606,Y62,NORTH WEST,12,156479.0,3248971.1,1211100.84
202606,Y62,NORTH WEST,13,355353.0,69430409.5,4296430.96
202606,Y62,NORTH WEST,14,15563.0,15777.0,245986.07
202606,Y62,NORTH WEST,15,24233.0,339251.0,277306.51
202606,Y62,NORTH WEST,19,7895.0,3041836.0,158072.95
202606,Y62,NORTH WEST,20,154007.0,3273821.2,4791073.29
202606,Y62,NORTH WEST,21,566395.0,99591463.5,12391334.83
202606,Y62,NORTH WEST,22,41502.0,766145.0,990292.48
202606,Y62,NORTH WEST,23,115789.0,11062450.4,5592692.720000001
202606,Y63,NORTH EAST AND YORKSHIRE,1,2294281.0,165623031.0,12864400.38
202606,Y63,NORTH EAST AND YORKSHIRE,2,7403652.0,240477078.6,24042001.99
202606,Y63,NORTH EAST AND YORKSHIRE,3,1402383.0,31567886.0,23287488.69
202606,Y63,NORTH EAST AND YORKSHIRE,4,4559281.0,286701634.0,28234075.64
202606,Y63,NORTH EAST AND YORKSHIRE,5,575777.0,20387719.0,4249908.71
202606,Y63,NORTH EAST AND YORKSHIRE,6,2612893.0,113396570.5,41362190.73
202606,Y63,NORTH EAST AND YORKSHIRE,7,678038.0,25799471.0,5391572.93
202606,Y63,NORTH EAST AND YORKSHIRE,8,84795.0,3217283.0,2953136.96
202606,Y63,NORTH EAST AND YORKSHIRE,9,1280437.0,415926497.0,11592243.54
202606,Y63,NORTH EAST AND YORKSHIRE,10,629072.0,39461723.0,2471526.8200000003
202606,Y63,NORTH EAST AND YORKSHIRE,11,253645.0,4368000.0,2385954.24
202606,Y63,NORTH EAST AND YORKSHIRE,12,202836.0,3547902.4000000004,1469664.82
202606,Y63,NORTH EAST AND YORKSHIRE,13,426034.0,72463145.0,5075328.32
202606,Y63,NORTH EAST AND YORKSHIRE,14,19394.0,19515.0,304927.23
202606,Y63,NORTH EAST AND YORKSHIRE,15,24117.0,6669307.0,318742.6
202606,Y63,NORTH EAST AND YORKSHIRE,19,9399.0,3625852.0,276955.58
202606,Y63,NORTH EAST AND YORKSHIRE,20,51860.0,1497330.0,1880174.01
202606,Y63,NORTH EAST AND YORKSHIRE,21,616482.0,102801961.0,12731616.8
202606,Y63,NORTH EAST AND YORKSHIRE,22,12470.0,222658.0,337952.56
202606,Y63,NORTH EAST AND YORKSHIRE,23,62804.0,6527517.8,2642043.85
