bua_nombre,poblacion,n_farmacias,demanda_total,demanda_x_farmacia,hab_x_farmacia,items_x_1000hab
Abbots Langley and Kings Langley,18205.0,4,22026.1875,5506.546875,4551.25,1209.8976929414996
Abingdon-on-Thames,33175.0,6,51970.8125,8661.802083333334,5529.166666666667,1566.5655614167295
Accrington,34895.0,12,81074.85729166666,6756.238107638888,2907.9166666666665,2323.394678081864
Ackworth Moor Top,6280.0,1,17352.765625,17352.765625,6280.0,2763.1792396496817
Acle,2265.0,1,6189.875,6189.875,2265.0,2732.8366445916113
Addingham,3250.0,1,7355.765625,7355.765625,3250.0,2263.3125
Addlestone,13745.0,2,18744.171875,9372.0859375,6872.5,1363.7083939614406
Adlington (Chorley),8780.0,2,13439.988839285714,6719.994419642857,4390.0,1530.7504372762774
Adwick le Street,18325.0,7,47527.78125,6789.683035714285,2617.8571428571427,2593.6033424283764
Aintree,6215.0,3,24078.125,8026.041666666667,2071.6666666666665,3874.1954947707163
Albrighton,6985.0,1,9440.140625,9440.140625,6985.0,1351.4875626342161
Alcester,6425.0,3,24255.71710526316,8085.23903508772,2141.6666666666665,3775.208887978702
Alconbury,1465.0,1,5641.1875,5641.1875,1465.0,3850.639931740614
Aldeburgh,2425.0,1,7842.765625,7842.765625,2425.0,3234.130154639175
Alderley Edge,4495.0,2,9991.078125,4995.5390625,2247.5,2222.7092602892103
Aldershot,39825.0,8,71502.203125,8937.775390625,4978.125,1795.409996861268
Aldridge,15835.0,4,29265.61139112903,7316.402847782258,3958.75,1848.1598605070433
Alford (East Lindsey),3830.0,1,11190.666666666666,11190.666666666666,3830.0,2921.8450826805915
Alfreton,8795.0,4,30481.473345588234,7620.368336397059,2198.75,3465.7729784636995
Allendale Town,730.0,1,6514.333333333333,6514.333333333333,730.0,8923.744292237443
Alnwick,8435.0,2,17874.600446428572,8937.300223214286,4217.5,2119.099045219748
Alrewas,2830.0,1,7400.21875,7400.21875,2830.0,2614.918286219081
Alsager,15505.0,3,34953.375,11651.125,5168.333333333333,2254.329248629474
Alston,1075.0,1,2968.828125,2968.828125,1075.0,2761.700581395349
Alton (East Hampshire),17880.0,4,41439.17373251748,10359.79343312937,4470.0,2317.6271662481813
Altrincham,49680.0,14,99763.72585978836,7125.980418556312,3548.5714285714284,2008.1265269683647
Alvechurch,3410.0,1,6501.527777777777,6501.527777777777,3410.0,1906.606386445096
Alveston,2065.0,1,8265.828125,8265.828125,2065.0,4002.822336561743
Amble,5860.0,2,22072.125,11036.0625,2930.0,3766.5742320819113
Ambleside,2625.0,2,7532.796875,3766.3984375,1312.5,2869.6369047619046
Amersham,17380.0,4,21121.40625,5280.3515625,4345.0,1215.2707853855004
Amesbury,12680.0,2,19700.796875,9850.3984375,6340.0,1553.6906052839117
Ampthill,8825.0,1,21130.6875,21130.6875,8825.0,2394.412181303116
Andover,48480.0,8,65975.00757575757,8246.875946969696,6060.0,1360.870618311831
Annesley Woodhouse,6160.0,1,7492.0,7492.0,6160.0,1216.2337662337663
Annfield Plain,7785.0,1,13913.8,13913.8,7785.0,1787.257546563905
Anstey,7045.0,2,10676.781875,5338.3909375,3522.5,1515.5119765791342
Appleby-in-Westmorland,3235.0,1,9680.347826086956,9680.347826086956,3235.0,2992.379544385458
Appley Bridge,5130.0,1,6291.734375,6291.734375,5130.0,1226.4589424951266
Arlesey,6025.0,1,8571.09375,8571.09375,6025.0,1422.5881742738588
Armthorpe,14160.0,2,23949.515625,11974.7578125,7080.0,1691.3499735169491
Arnold,40010.0,8,69234.203125,8654.275390625,5001.25,1730.4224725068734
Arnside,2230.0,1,6457.473684210527,6457.473684210527,2230.0,2895.728109511447
Arundel,3040.0,2,4156.651515151515,2078.3257575757575,1520.0,1367.319577352472
Asfordby,2760.0,1,3897.0,3897.0,2760.0,1411.9565217391303
Ash (Dover),2530.0,1,5042.109375,5042.109375,2530.0,1992.9286067193677
Ash and Ash Vale,24285.0,2,18346.7132034632,9173.3566017316,12142.5,755.4751164695574
Ashbourne,8855.0,2,18950.296875,9475.1484375,4427.5,2140.067405420666
Ashburton,3365.0,1,6779.0,6779.0,3365.0,2014.5616641901931
Ashby-de-la-Zouch,15120.0,4,35038.453125,8759.61328125,3780.0,2317.3580109126983
Ashford (Ashford),82140.0,15,113352.34959677419,7556.823306451613,5476.0,1379.9896469049695
Ashford (Spelthorne),22825.0,6,31202.514344485615,5200.419057414269,3804.1666666666665,1367.032391872316
Ashford Common,8335.0,1,7358.53125,7358.53125,8335.0,882.8471805638873
Ashingdon,6485.0,2,17505.171875,8752.5859375,3242.5,2699.332594448728
Ashington (Horsham),2690.0,1,4002.46875,4002.46875,2690.0,1487.9065985130112
Ashington (Northumberland),28280.0,7,76910.44583333333,10987.206547619047,4040.0,2719.6055810938237
Ashley (New Forest),7725.0,2,15517.5625,7758.78125,3862.5,2008.7459546925568
Ashley Heath,7150.0,1,10239.40625,10239.40625,7150.0,1432.08479020979
Ashtead,14830.0,3,18399.388392857145,6133.129464285715,4943.333333333333,1240.6870123302187
Ashton-in-Makerfield,26375.0,3,30489.015625,10163.005208333334,8791.666666666666,1155.98163507109
Ashton-under-Lyne,48600.0,12,127947.11405092593,10662.259504243828,4050.0,2632.656667714525
Ashwell,1980.0,1,4518.234375,4518.234375,1980.0,2281.936553030303
Askern,5435.0,2,21022.921875,10511.4609375,2717.5,3868.0629024839004
Aspatria,2170.0,1,14008.46875,14008.46875,2170.0,6455.515552995392
Aspull,4935.0,1,6765.5625,6765.5625,4935.0,1370.9346504559269
Astley,4735.0,2,14180.116379310344,7090.058189655172,2367.5,2994.7447474784253
Aston Clinton,5510.0,1,6014.918918918919,6014.918918918919,5510.0,1091.6368273900034
Astwood Bank,3250.0,1,5301.671875,5301.671875,3250.0,1631.2836538461538
Atherstone,8665.0,3,42393.7595766129,14131.2531922043,2888.3333333333335,4892.528514323474
Atherton,27575.0,4,38019.74519230769,9504.936298076922,6893.75,1378.7758909268425
Attleborough,11235.0,1,14253.027777777777,14253.027777777777,11235.0,1268.6273055431934
Auckley,1335.0,1,7558.046875,7558.046875,1335.0,5661.458333333333
Audenshaw,13395.0,1,10702.03125,10702.03125,13395.0,798.9571668533034
Audlem,1835.0,1,6332.765625,6332.765625,1835.0,3451.098433242507
Audley,1985.0,1,16497.609375,16497.609375,1985.0,8311.138224181359
Aveley,9360.0,2,13050.140625,6525.0703125,4680.0,1394.2457932692307
Avonmouth,2645.0,1,10625.8125,10625.8125,2645.0,4017.320415879017
Awsworth,2445.0,1,3855.8,3855.8,2445.0,1577.0143149284254
Axbridge,1995.0,1,7864.953125,7864.953125,1995.0,3942.332393483709
Axminster,6095.0,1,16318.53125,16318.53125,6095.0,2677.363617719442
Aylesbury,87950.0,15,121140.06863738739,8076.004575825826,5863.333333333333,1377.3742880885434
Aylesham,5785.0,1,11360.203125,11360.203125,5785.0,1963.734334485739
Aylsham,7185.0,2,18508.60136054422,9254.30068027211,3592.5,2576.005756512766
Backwell,4345.0,1,6598.046875,6598.046875,4345.0,1518.5378308400461
Backworth,4490.0,2,17646.921875,8823.4609375,2245.0,3930.272132516704
Bacup,13560.0,3,29769.42098214286,9923.140327380954,4520.0,2195.3850281816267
Bagshot,5930.0,1,6744.076923076923,6744.076923076923,5930.0,1137.2811000129718
Baildon,17050.0,2,20300.416666666664,10150.208333333332,8525.0,1190.6402737047897
Bailrigg,4790.0,1,877.25,877.25,4790.0,183.1419624217119
Bakewell,3275.0,2,10478.302083333332,5239.151041666666,1637.5,3199.4815521628498
Balderton,12875.0,2,13116.53125,6558.265625,6437.5,1018.7597087378641
Baldock,10615.0,2,15404.671875,7702.3359375,5307.5,1451.2173221855865
Balsall Common,7095.0,2,16174.229166666668,8087.114583333334,3547.5,2279.665844491426
Bamber Bridge,40360.0,8,66833.5625,8354.1953125,5045.0,1655.9356417244796
Bampton (Mid Devon),1295.0,1,9292.5,9292.5,1295.0,7175.675675675676
Bampton (West Oxfordshire),2995.0,1,12408.203125,12408.203125,2995.0,4142.972662771285
Banbury,52045.0,7,81692.4375,11670.348214285714,7435.0,1569.6500624459602
Banks,4435.0,1,11022.3125,11022.3125,4435.0,2485.3015783540022
Banstead,8925.0,3,20964.65625,6988.21875,2975.0,2348.981092436975
Banwell,2180.0,1,7075.453125,7075.453125,2180.0,3245.620699541284
Bar Hill,3900.0,1,7499.71875,7499.71875,3900.0,1923.0048076923076
Bardney,2070.0,1,3994.984375,3994.984375,2070.0,1929.9441425120774
Barlaston,1415.0,1,4799.390625,4799.390625,1415.0,3391.7954946996465
Barlborough,2855.0,1,5236.65625,5236.65625,2855.0,1834.2053415061296
Barlby,3495.0,1,7357.5625,7357.5625,3495.0,2105.1680972818313
Barnard Castle,5785.0,2,17420.0,8710.0,2892.5,3011.2359550561796
Barnburgh and Harlington,1850.0,1,3951.5,3951.5,1850.0,2135.945945945946
Barnham (Arun),10145.0,2,22714.828125,11357.4140625,5072.5,2239.0170650566783
Barnoldswick,10915.0,2,13115.485714285714,6557.742857142857,5457.5,1201.6019893985997
Barnsley,71405.0,17,175730.8978924125,10337.111640730147,4200.294117647059,2461.0447152498073
Barnstaple,31275.0,6,74931.33533653847,12488.555889423078,5212.5,2395.8860219516696
Barnt Green,3820.0,1,6489.285714285715,6489.285714285715,3820.0,1698.765893792072
Barnton,6255.0,2,16762.8125,8381.40625,3127.5,2679.906075139888
Barrow (West Suffolk),1960.0,1,8069.09375,8069.09375,1960.0,4116.88456632653
Barrow upon Humber,2845.0,1,8410.538461538461,8410.538461538461,2845.0,2956.25253481141
Barrow upon Soar,6820.0,1,7485.375,7485.375,6820.0,1097.5623167155427
Barrow-in-Furness,55255.0,11,112690.53125,10244.59375,5023.181818181818,2039.4630576418424
Barrowford,5885.0,1,7909.6875,7909.6875,5885.0,1344.0420560747664
Barton-le-Clay,4935.0,1,10501.578125,10501.578125,4935.0,2127.9793566362714
Barton-under-Needwood,4715.0,1,5637.4,5637.4,4715.0,1195.6309650053022
Barton-upon-Humber,11920.0,2,24617.154829545456,12308.577414772728,5960.0,2065.197552814216
Barugh Green and Redbrook,7550.0,2,12688.5625,6344.28125,3775.0,1680.6043046357615
Barwell,9150.0,1,6818.859375,6818.859375,9150.0,745.2305327868852
Basildon,115955.0,22,169147.49158653847,7688.522344842658,5270.681818181818,1458.7339190766977
Basingstoke,117210.0,15,122751.7699666112,8183.451331107413,7814.0,1047.2806924887911
Bassingbourn,2355.0,1,9076.859375,9076.859375,2355.0,3854.292728237792
Bath,94080.0,19,103200.48702651515,5431.604580342903,4951.578947368421,1096.9439522376185
Bathampton,1700.0,1,3906.359375,3906.359375,1700.0,2297.858455882353
Batheaston,3880.0,1,4529.46875,4529.46875,3880.0,1167.3888530927834
Batley,44500.0,12,95422.48224288074,7951.873520240061,3708.3333333333335,2144.325443660241
Battle,5330.0,2,13354.515625,6677.2578125,2665.0,2505.5376407129456
Bawtry,3405.0,1,7182.90625,7182.90625,3405.0,2109.517254038179
Bayston Hill,5220.0,1,8699.65625,8699.65625,5220.0,1666.6008141762452
Beaconsfield,14145.0,3,17624.90625,5874.96875,4715.0,1246.0167020148463
Beaminster,2995.0,1,9347.0,9347.0,2995.0,3120.8681135225374
Beare Green,1940.0,1,222.69230769230768,222.69230769230768,1940.0,114.7898493259318
Bearsted,8350.0,1,15044.90625,15044.90625,8350.0,1801.7851796407185
Bearwood,4135.0,1,11177.078125,11177.078125,4135.0,2703.0418681983074
Bebington,57600.0,13,114325.63647875817,8794.279729135244,4430.7692307692305,1984.820077756218
Beccles,9810.0,3,26919.671875,8973.223958333334,3270.0,2744.105186034659
Bedale,3290.0,2,18828.1875,9414.09375,1645.0,5722.853343465045
Bedford,97235.0,18,148675.54465882244,8259.75248104569,5401.944444444444,1529.0332149824903
Bedlington,16185.0,3,37275.66900664251,12425.223002214168,5395.0,2303.0997223751933
Bedworth,31090.0,5,50001.34895833333,10000.269791666666,6218.0,1608.2775477109465
Beeston (Broxtowe),52355.0,10,61661.92999376336,6166.192999376336,5235.5,1177.7658293145519
Belford,1315.0,1,4566.688888888889,4566.688888888889,1315.0,3472.7672158850864
Bellingham,1030.0,1,10730.71875,10730.71875,1030.0,10418.173543689321
Belper,19075.0,5,31107.364583333336,6221.4729166666675,3815.0,1630.792376583661
Belton (Great Yarmouth),3600.0,1,7573.765625,7573.765625,3600.0,2103.823784722222
Bembridge,3560.0,1,6439.890625,6439.890625,3560.0,1808.9580407303372
Benson,5240.0,1,6933.368421052632,6933.368421052632,5240.0,1323.1619124146243
Bentley (Doncaster),12045.0,2,19270.140625,9635.0703125,6022.5,1599.8456309672063
Bere Alston,2260.0,1,6679.21875,6679.21875,2260.0,2955.4065265486724
Berechurch,7705.0,1,7960.6875,7960.6875,7705.0,1033.1846203763791
Berinsfield,2775.0,1,11504.75,11504.75,2775.0,4145.855855855855
Berkeley,2255.0,1,9059.214285714286,9059.214285714286,2255.0,4017.3899271460245
Berkhamsted,21240.0,3,26075.041440217392,8691.680480072464,7080.0,1227.6384858859412
Berry Hill,2205.0,1,7842.21875,7842.21875,2205.0,3556.56179138322
Berwick-upon-Tweed,13175.0,5,37266.184907834104,7453.236981566821,2635.0,2828.552934180957
Beverley,30930.0,7,77024.21275252526,11003.458964646465,4418.571428571428,2490.2752263991356
Bewdley,8280.0,2,21922.265625,10961.1328125,4140.0,2647.6166213768115
Bexhill-on-Sea,43755.0,8,75985.80902777778,9498.226128472223,5469.375,1736.620021203926
Bicester,37755.0,6,47439.980064655174,7906.663344109195,6292.5,1256.521786906507
Biddulph,17495.0,3,35268.818181818184,11756.272727272728,5831.666666666667,2015.9370209670296
Biddulph Moor,1285.0,1,3643.5555555555557,3643.5555555555557,1285.0,2835.451794206658
Bideford,19490.0,4,25781.482291666667,6445.370572916667,4872.5,1322.805658884898
Bidford-on-Avon,5825.0,1,11264.25,11264.25,5825.0,1933.7768240343346
Biggleswade,21950.0,3,33876.50446428571,11292.168154761903,7316.666666666667,1543.3487227465016
Billericay,34075.0,5,44091.453125,8818.290625,6815.0,1293.9531364636832
Billinge,4970.0,2,12480.026041666668,6240.013020833334,2485.0,2511.0716381623074
Billingham,33920.0,6,61865.046875,10310.841145833334,5653.333333333333,1823.8516177771228
Billingshurst,9120.0,2,15408.100806451614,7704.050403225807,4560.0,1689.484737549519
Bilsthorpe,3490.0,1,8701.809523809523,8701.809523809523,3490.0,2493.3551644153363
Bilston (Wolverhampton),34640.0,9,86264.40423387097,9584.93380376344,3848.8888888888887,2490.3119005159056
Bilton,3660.0,1,8558.796875,8558.796875,3660.0,2338.4690915300544
Binfield,4850.0,1,8091.515151515152,8091.515151515152,4850.0,1668.35363948766
Bingham,10110.0,2,19979.25,9989.625,5055.0,1976.186943620178
Bingley,21330.0,6,39035.2,6505.866666666666,3555.0,1830.0609470229722
Binley Woods,2570.0,1,2522.421875,2522.421875,2570.0,981.4871108949417
Birdwell,3360.0,1,6155.375,6155.375,3360.0,1831.9568452380952
Birkenhead,109835.0,27,216550.57087438242,8020.391513866016,4067.962962962963,1971.5989518312233
Birmingham,1121375.0,251,1695542.9701024867,6755.151275308712,4467.629482071713,1512.0213756348116
Birstall,14315.0,5,32528.84375,6505.76875,2863.0,2272.3607230178136
Birtley,13835.0,2,28874.332589285714,14437.166294642857,6917.5,2087.049699261707
Bishop Auckland,23355.0,8,83687.78556034483,10460.973195043103,2919.375,3583.2920385504103
Bishop's Castle,1845.0,1,5927.555555555556,5927.555555555556,1845.0,3212.767238783499
Bishop's Cleeve,16325.0,1,8337.328125,8337.328125,16325.0,510.70922664624806
Bishop's Stortford,40915.0,5,46284.5625,9256.9125,8183.0,1131.2370157643895
Bishop's Waltham,6955.0,2,19411.234375,9705.6171875,3477.5,2790.9754672897197
Bishopsteignton,2265.0,1,4038.346153846154,4038.346153846154,2265.0,1782.9342842587876
Bishopthorpe,3335.0,1,6489.265625,6489.265625,3335.0,1945.806784107946
Blaby and Whetstone,14080.0,2,19323.399697580644,9661.699848790322,7040.0,1372.400546703171
Blackburn (Blackburn with Darwen),124955.0,33,219161.24887820514,6641.249966006217,3786.5151515151515,1753.921402730624
Blackfield and Langley,5845.0,1,6168.1578947368425,6168.1578947368425,5845.0,1055.287920399802
Blackhall Colliery,4580.0,2,14775.9375,7387.96875,2290.0,3226.1872270742356
Blackheath,6950.0,2,16774.171875,8387.0859375,3475.0,2413.5499100719426
Blackpool,149070.0,38,350184.7153011391,9215.387244766818,3922.8947368421054,2349.129370773054
Blackrod,5340.0,2,14713.609375,7356.8046875,2670.0,2755.3575608614233
Blackwater (Hart),7170.0,2,12338.448702830188,6169.224351415094,3585.0,1720.8436126680876
Blandford Forum,11800.0,2,22167.778409090908,11083.889204545454,5900.0,1878.625288906009
Blaydon,14240.0,5,42219.71875,8443.94375,2848.0,2964.867889747191
Bletchley,45010.0,9,79133.16666666667,8792.574074074075,5001.111111111111,1758.1241205658002
Blidworth,4295.0,2,10794.0625,5397.03125,2147.5,2513.1693830034924
Bloxham,3685.0,1,8017.296875,8017.296875,3685.0,2175.6572252374494
Bloxwich,51875.0,12,105614.21290391157,8801.184408659297,4322.916666666667,2035.936634292271
Blyth (Northumberland),39730.0,5,59032.46600771456,11806.493201542911,7946.0,1485.8410774657577
Bodmin,16910.0,3,24319.046875,8106.348958333333,5636.666666666667,1438.145882613838
Bognor Regis,68435.0,14,115287.66973487659,8234.833552491185,4888.214285714285,1684.6302291937839
Boldon Colliery,6070.0,3,25010.765625,8336.921875,2023.3333333333333,4120.3897240527185
Bollington,7235.0,1,8439.890625,8439.890625,7235.0,1166.5363683483067
Bolsover,11225.0,3,49552.08333333333,16517.36111111111,3741.6666666666665,4414.439495174462
Bolton (Bolton),184090.0,46,348385.83262928826,7573.60505715844,4001.9565217391305,1892.4755968780935
Bolton upon Dearne,7445.0,1,12198.234375,12198.234375,7445.0,1638.4465245130962
Bolton-le-Sands,6725.0,3,17575.25,5858.416666666667,2241.6666666666665,2613.420074349442
Bootle (Sefton),53720.0,16,120781.43891993447,7548.839932495905,3357.5,2248.3514318677303
Bordon,9350.0,2,22272.776041666664,11136.388020833332,4675.0,2382.1150846702317
Boreham,3565.0,1,9890.0,9890.0,3565.0,2774.193548387097
Borehamwood,39765.0,7,53635.375,7662.196428571428,5680.714285714285,1348.8086256758456
Borough Green,4710.0,1,7488.171428571429,7488.171428571429,4710.0,1589.845313921747
Boroughbridge,3070.0,1,11082.625,11082.625,3070.0,3609.975570032573
Borrowash,7165.0,1,8779.578125,8779.578125,7165.0,1225.3423761339845
Boston,45340.0,7,91581.70413306452,13083.100590437787,6477.142857142857,2019.8876076988204
Boston Spa,6360.0,1,12158.96875,12158.96875,6360.0,1911.787539308176
Botley,5900.0,1,3086.0434782608695,3086.0434782608695,5900.0,523.0582166543846
Bottesford,3040.0,1,7703.9375,7703.9375,3040.0,2534.189967105263
Bourne,17495.0,4,34881.79086538462,8720.447716346154,4373.75,1993.8148536944623
Bourne End,7170.0,1,5135.4,5135.4,7170.0,716.2343096234309
Bournemouth,196455.0,32,227441.5606571669,7107.548770536466,6139.21875,1157.728541687241
Bourton-on-the-Water,4180.0,1,5870.609375,5870.609375,4180.0,1404.4520035885168
Bovey Tracey,6240.0,1,9763.64705882353,9763.64705882353,6240.0,1564.6870286576168
Bovingdon,5310.0,1,7261.015625,7261.015625,5310.0,1367.4229048964219
Bowburn,4845.0,1,13011.25,13011.25,4845.0,2685.500515995872
Bowdon,6105.0,1,5428.28125,5428.28125,6105.0,889.1533579033579
Box (Wiltshire),1285.0,1,5516.328125,5516.328125,1285.0,4292.862354085603
Bracebridge Heath,5790.0,1,9311.21875,9311.21875,5790.0,1608.1552245250432
Brackley,16190.0,3,27655.630681818184,9218.543560606062,5396.666666666667,1708.1921359986525
Bracknell,78675.0,9,79381.31195175438,8820.145772417154,8741.666666666666,1008.9775907436209
Bradford,333950.0,80,654445.6153782025,8180.570192227531,4174.375,1959.711380081457
Bradford-on-Avon,9865.0,2,24031.265625,12015.6328125,4932.5,2436.012734414597
Bradley Stoke,25200.0,4,37238.71875,9309.6796875,6300.0,1477.7269345238096
Bradwell (Great Yarmouth),11630.0,2,20114.359375,10057.1796875,5815.0,1729.5235920034393
Braintree,43190.0,7,81185.83771929824,11597.976817042607,6170.0,1879.7369233456411
Bramford,2335.0,1,4513.8125,4513.8125,2335.0,1933.110278372591
Bramhall,17195.0,4,31275.984375,7818.99609375,4298.75,1818.899934574004
Bramhope,3590.0,1,5841.75,5841.75,3590.0,1627.2284122562676
Bramley and Wonersh,4195.0,1,9810.8,9810.8,4195.0,2338.688915375447
Brampton (Huntingdonshire),6585.0,1,14607.984375,14607.984375,6585.0,2218.372722095672
Brampton (Rotherham),4620.0,3,16565.692708333332,5521.897569444444,1540.0,3585.647772366522
Brandon (County Durham),9505.0,2,21072.625,10536.3125,4752.5,2217.004208311415
Brandon (West Suffolk),9225.0,2,24449.75,12224.875,4612.5,2650.379403794038
Bransgore,3685.0,1,7609.734375,7609.734375,3685.0,2065.056818181818
Branston,4285.0,1,11278.546875,11278.546875,4285.0,2632.0996207701282
Braunton,6610.0,1,4564.333333333333,4564.333333333333,6610.0,690.5194150277357
Bream,3120.0,1,6960.25,6960.25,3120.0,2230.849358974359
Breaston and Draycott,7395.0,2,11831.0,5915.5,3697.5,1599.864773495605
Bredbury and Woodley,17040.0,2,14089.520833333332,7044.760416666666,8520.0,826.8498141627542
Brentwood,55340.0,10,64122.10393808778,6412.210393808778,5534.0,1158.693602061579
Brewood,2550.0,1,6298.571428571428,6298.571428571428,2550.0,2470.028011204482
Bricket Wood,4625.0,1,6190.71875,6190.71875,4625.0,1338.5337837837837
Bridge,1540.0,1,6545.046875,6545.046875,1540.0,4250.030438311688
Bridgnorth,12175.0,3,21552.234375,7184.078125,4058.3333333333335,1770.2040554414784
Bridgwater,47860.0,9,71905.44669117648,7989.494076797386,5317.777777777777,1502.412174909663
Bridlington,34845.0,9,97538.17881944444,10837.575424382716,3871.6666666666665,2799.2015732370332
Bridport,12295.0,3,24624.625,8208.208333333334,4098.333333333333,2002.8161854412363
Brierfield,10720.0,1,13286.609375,13286.609375,10720.0,1239.422516324627
Brierley Hill,32305.0,8,58987.78839285714,7373.473549107142,4038.125,1825.9646615959493
Brigg,5635.0,3,22807.875,7602.625,1878.3333333333333,4047.537710736468
Brighouse,33160.0,9,92554.37222222221,10283.819135802469,3684.4444444444443,2791.145121297413
Brightlingsea,8680.0,1,14354.640625,14354.640625,8680.0,1653.7604406682028
Brighton and Hove,277105.0,50,392588.29457490775,7851.765891498155,5542.1,1416.7492270976984
Brimington,11075.0,2,22385.6875,11192.84375,5537.5,2021.2810383747178
Brinklow,1120.0,1,6006.125,6006.125,1120.0,5362.611607142857
Brinsley and Underwood,4515.0,1,8974.640625,8974.640625,4515.0,1987.7387873754153
Brinsworth,8760.0,1,10667.71875,10667.71875,8760.0,1217.7761130136987
Bristol,425215.0,66,457622.74394826574,6933.677938610087,6442.651515151515,1076.2149593694148
Brixham,17840.0,3,30789.59375,10263.197916666666,5946.666666666667,1725.8740891255607
Brixworth,5770.0,1,8013.3125,8013.3125,5770.0,1388.7889948006932
Broadbridge Heath,6355.0,1,7387.359375,7387.359375,6355.0,1162.4483674272226
Broadstairs,25775.0,6,44241.84375,7373.640625,4295.833333333333,1716.4633850630455
Broadway,2720.0,1,6697.5,6697.5,2720.0,2462.3161764705883
Brockenhurst,3485.0,1,5737.078125,5737.078125,3485.0,1646.2204088952653
Brockham,2205.0,1,5203.566666666667,5203.566666666667,2205.0,2359.8941798941796
Brockworth,12005.0,2,11480.892857142857,5740.446428571428,6002.5,956.3425953471768
Bromham (Bedford),4650.0,1,6338.140625,6338.140625,4650.0,1363.040994623656
Bromsgrove,34755.0,5,48001.99652777778,9600.399305555557,6951.0,1381.1536909157755
Bromyard,3815.0,1,10399.065573770491,10399.065573770491,3815.0,2725.8363233998666
Broseley,5595.0,1,5753.390625,5753.390625,5595.0,1028.3093163538874
Brotton,5400.0,1,6753.5,6753.5,5400.0,1250.6481481481483
Broughton (North Lincolnshire),4495.0,1,15609.203125,15609.203125,4495.0,3472.570216907675
Broughton Astley,9650.0,1,12838.578125,12838.578125,9650.0,1330.422603626943
Brownhills,21240.0,5,40830.31201124145,8166.06240224829,4248.0,1922.3310739755862
Brundall,4380.0,1,8417.578125,8417.578125,4380.0,1921.8214897260273
Bruton,2815.0,1,6741.078125,6741.078125,2815.0,2394.699156305506
Buckden,2755.0,1,21263.578125,21263.578125,2755.0,7718.177177858439
Buckfastleigh,2720.0,1,5450.555555555556,5450.555555555556,2720.0,2003.8807189542483
Buckhurst Hill,11750.0,2,15149.759375,7574.8796875,5875.0,1289.3412234042553
Buckingham,14295.0,4,26871.578125,6717.89453125,3573.75,1879.7886061559984
Bude,7350.0,2,18133.890625,9066.9453125,3675.0,2467.1960034013605
Budleigh Salterton,5235.0,1,11090.722222222223,11090.722222222223,5235.0,2118.571580176165
Bugbrooke,3040.0,1,12681.6875,12681.6875,3040.0,4171.607730263158
Bugle,2430.0,1,7604.1612903225805,7604.1612903225805,2430.0,3129.2844816142306
Bulkington,5670.0,2,15900.15625,7950.078125,2835.0,2804.260361552028
Bungay,5010.0,1,7267.96875,7267.96875,5010.0,1450.6923652694609
Buntingford,7875.0,2,17194.91381048387,8597.456905241936,3937.5,2183.481118791603
Burford,1520.0,1,4638.4375,4638.4375,1520.0,3051.6036184210525
Burgess Hill,33355.0,6,41995.578125,6999.263020833333,5559.166666666667,1259.048961924749
Burghfield Common,6215.0,1,4317.140625,4317.140625,6215.0,694.6324416733709
Burley in Wharfedale,6805.0,1,8283.828125,8283.828125,6805.0,1217.3149338721528
Burnham-on-Sea,16320.0,6,51182.869791666664,8530.478298611111,2720.0,3136.20525684232
Burnley,78255.0,18,142938.76504070032,7941.042502261129,4347.5,1826.5767687777181
Burnopfield,2995.0,1,9908.8,9908.8,2995.0,3308.447412353923
Burntwood,27900.0,4,54706.53982843137,13676.634957107843,6975.0,1960.8078791552464
Burscough,8770.0,2,20325.53125,10162.765625,4385.0,2317.620438996579
Bursledon,8070.0,1,6927.984375,6927.984375,8070.0,858.4862918215613
Burton Latimer,10445.0,1,12901.6875,12901.6875,10445.0,1235.2022498803256
Burton upon Trent,76255.0,18,129856.18666438475,7214.232592465819,4236.388888888889,1702.9202893500067
Burtonwood,3505.0,1,7570.0,7570.0,3505.0,2159.771754636234
Burwell,5915.0,1,6337.69696969697,6337.69696969697,5915.0,1071.4618714618716
Bury (Bury),81095.0,22,174845.1883445946,7947.508561117936,3686.1363636363635,2156.053867002831
Bury St Edmunds,41280.0,10,99355.015625,9935.5015625,4128.0,2406.8559986676355
Bushey,28425.0,5,33531.75,6706.35,5685.0,1179.6569920844327
Buxted,1615.0,1,6110.9375,6110.9375,1615.0,3783.862229102167
Buxton (High Peak),20050.0,6,41019.08125,6836.513541666667,3341.6666666666665,2045.839463840399
Byfleet,14190.0,2,7572.451923076923,3786.2259615384614,7095.0,533.6470699842793
Caddington,3290.0,1,9474.90625,9474.90625,3290.0,2879.910714285714
Cadnam and Bartley,2025.0,1,7019.515625,7019.515625,2025.0,3466.4274691358028
Caister-on-Sea,9095.0,2,18680.089460784315,9340.044730392157,4547.5,2053.885592169798
Caistor,2285.0,1,8766.734375,8766.734375,2285.0,3836.645240700219
Callington,4665.0,1,10967.055555555555,10967.055555555555,4665.0,2350.9229486721447
Calne,19725.0,3,30102.39806547619,10034.132688492064,6575.0,1526.1038309493633
Calverley,3985.0,1,5862.84375,5862.84375,3985.0,1471.2280426599748
Calverton,7320.0,1,8864.636363636364,8864.636363636364,7320.0,1211.0158966716344
Cam,7730.0,1,9912.84375,9912.84375,7730.0,1282.3859961190167
Camberley,36785.0,8,62289.234375,7786.154296875,4598.125,1693.3324554845726
Camborne,20450.0,2,24542.981874999998,12271.490937499999,10225.0,1200.145812958435
Cambourne,11075.0,1,3452.121212121212,3452.121212121212,11075.0,311.70394691839385
Cambridge (Cambridge),152740.0,23,137270.98092653955,5968.303518545197,6640.869565217391,898.7231958003113
Camelford,2980.0,1,9252.859375,9252.859375,2980.0,3104.986367449664
Cannock,63065.0,10,89616.5694403786,8961.65694403786,6306.5,1421.0190983965526
Canterbury,55090.0,8,53937.35608552632,6742.16951069079,6886.25,979.0770754315905
Canvey Island,38010.0,6,66520.0625,11086.677083333334,6335.0,1750.06741646935
Capel St Mary,2990.0,1,8914.203125,8914.203125,2990.0,2981.338837792642
Carbis Bay,3965.0,1,6532.796875,6532.796875,3965.0,1647.6158575031525
Carleton,4790.0,1,12802.140625,12802.140625,4790.0,2672.6807150313152
Carleton-in-Craven,1060.0,1,13831.92857142857,13831.92857142857,1060.0,13048.98921832884
Carlisle,77730.0,15,118474.51013513513,7898.300675675676,5182.0,1524.1799837274557
Carlton (Gedling),53555.0,11,85609.10296717171,7782.645724288337,4868.636363636364,1598.526803606978
Carlton in Lindrick,5460.0,1,11867.984375,11867.984375,5460.0,2173.623511904762
Carnforth,5855.0,3,28948.171875,9649.390625,1951.6666666666667,4944.17965414176
Carterton,17950.0,3,26379.36139112903,8793.120463709676,5983.333333333333,1469.6023059124807
Castle Cary,3450.0,1,6847.984375,6847.984375,3450.0,1984.9230072463768
Castle Donington,7345.0,1,15181.546875,15181.546875,7345.0,2066.9226514635807
Castleford,45355.0,9,86189.00304336441,9576.555893707156,5039.444444444444,1900.319767244282
Castor and Ailsworth,1465.0,1,5232.453125,5232.453125,1465.0,3571.640358361775
Caterham,22755.0,4,27888.046875,6972.01171875,5688.75,1225.5788562953198
Caton,2550.0,1,4974.96,4974.96,2550.0,1950.964705882353
Catshill,10170.0,1,9018.59375,9018.59375,10170.0,886.784046214356
Catterick,2715.0,1,8662.9375,8662.9375,2715.0,3190.768876611418
Catterick Garrison,14210.0,2,15273.63169642857,7636.815848214285,7105.0,1074.8509286719614
Caversham,33040.0,4,32932.89375,8233.2234375,8260.0,996.7582854116224
Chadderton,37610.0,8,64118.353693181816,8014.794211647727,4701.25,1704.8219540861955
Chadwell St Mary,10685.0,2,15060.888888888889,7530.444444444444,5342.5,1409.5356938595123
Chagford,1105.0,1,4099.78125,4099.78125,1105.0,3710.2092760180994
Chalfont St Giles,4710.0,1,6372.941176470588,6372.941176470588,4710.0,1353.0660671912078
Chalfont St Peter,13650.0,2,15452.95949074074,7726.47974537037,6825.0,1132.084944376611
Chalford,6660.0,1,9354.828125,9354.828125,6660.0,1404.6288475975975
Chalgrove,2810.0,1,6174.421875,6174.421875,2810.0,2197.303158362989
Chandler's Ford,31975.0,6,40390.4375,6731.739583333333,5329.166666666667,1263.18803752932
Chapel-en-le-Frith,7240.0,1,13579.84375,13579.84375,7240.0,1875.6690262430939
Chapeltown and High Green,22180.0,5,46544.37417763158,9308.874835526316,4436.0,2098.4839575126953
Chard,14290.0,2,18557.25275735294,9278.62637867647,7145.0,1298.618107582431
Charing,2170.0,1,9272.234375,9272.234375,2170.0,4272.919066820276
Charlbury,2810.0,1,6477.1875,6477.1875,2810.0,2305.0489323843417
Charmouth,1335.0,1,6806.828125,6806.828125,1335.0,5098.74765917603
Chatham,76955.0,13,103100.06029605263,7930.7738689271255,5919.615384615385,1339.7447897609334
Chatteris,11015.0,2,19619.171122994652,9809.585561497326,5507.5,1781.132194552397
Cheadle (Staffordshire Moorlands),11400.0,3,27352.171875,9117.390625,3800.0,2399.3133223684213
Cheadle (Stockport),14435.0,2,31313.880952380954,15656.940476190477,7217.5,2169.302456001452
Cheadle Hulme,24785.0,4,32669.423295454544,8167.355823863636,6196.25,1318.1127010471876
Cheddar,5840.0,1,11183.84375,11183.84375,5840.0,1915.0417380136987
Chelmsford,110625.0,14,138983.8025551684,9927.414468226314,7901.785714285715,1256.3507575608444
Cheltenham,115940.0,23,188058.46307984402,8176.454916514957,5040.869565217391,1622.0326296346732
Cherry Willingham,3445.0,1,11205.765625,11205.765625,3445.0,3252.762155297533
Chertsey,14560.0,2,16296.864583333332,8148.432291666666,7280.0,1119.2901499542122
Chesham,23695.0,5,36823.7303856383,7364.74607712766,4739.0,1554.0717613689933
Cheshunt,43680.0,8,62706.74540441176,7838.34317555147,5460.0,1435.5939881962402
Chester,92760.0,17,133515.078125,7853.828125,5456.470588235294,1439.360480002156
Chester-le-Street,23560.0,6,80543.234375,13423.872395833334,3926.6666666666665,3418.6432247453313
Chesterfield,76420.0,16,155869.44800685425,9741.84050042839,4776.25,2039.6420833139787
Cheswick Green,2740.0,1,3850.875,3850.875,2740.0,1405.4288321167883
Chew Magna,1250.0,1,4339.859375,4339.859375,1250.0,3471.8875
Chichester,31710.0,3,32870.55902777778,10956.853009259261,10570.0,1036.59914940958
Chickerell,3970.0,1,8297.59375,8297.59375,3970.0,2090.073992443325
Chiddingfold,2160.0,1,4252.583333333333,4252.583333333333,2160.0,1968.7885802469134
Chieveley,515.0,1,2637.359375,2637.359375,515.0,5121.086165048544
Chigwell,12250.0,1,2981.4210526315787,2981.4210526315787,12250.0,243.38131041890438
Chilton (County Durham),4695.0,1,12084.046875,12084.046875,4695.0,2573.8119009584666
Chinley,1915.0,1,4387.40625,4387.40625,1915.0,2291.073759791123
Chinnor,7265.0,1,7054.617647058823,7054.617647058823,7265.0,971.0416582324602
Chippenham (Wiltshire),36090.0,6,57598.518349195736,9599.753058199289,6015.0,1595.9689207313866
Chipping Campden,2120.0,1,7304.533333333334,7304.533333333334,2120.0,3445.534591194969
Chipping Norton,6985.0,2,15153.444791666667,7576.722395833333,3492.5,2169.4265986638034
Chipping Ongar,3925.0,2,13545.453125,6772.7265625,1962.5,3451.0708598726114
Chipping Sodbury,8025.0,1,5901.8125,5901.8125,8025.0,735.4283489096574
Chiswell Green,6680.0,2,12315.34375,6157.671875,3340.0,1843.6143338323354
Cholsey,3775.0,1,8880.333333333334,8880.333333333334,3775.0,2352.4061810154526
Chopwell,2530.0,1,10698.09375,10698.09375,2530.0,4228.495553359684
Chorley,39535.0,9,74494.62492223503,8277.180546915004,4392.777777777777,1884.270264885166
Chorleywood,12630.0,2,9585.4375,4792.71875,6315.0,758.9420031670625
"Christchurch (Bournemouth, Christchurch and Poole)",48985.0,9,106496.90625,11832.989583333334,5442.777777777777,2174.0717821782177
Christleton and Waverton,2670.0,1,18285.466666666667,18285.466666666667,2670.0,6848.489388264669
Chudleigh,4375.0,1,9554.65625,9554.65625,4375.0,2183.921428571429
Church Stretton,3575.0,1,8460.666666666666,8460.666666666666,3575.0,2366.6200466200467
Churchdown,13480.0,1,12700.078125,12700.078125,13480.0,942.1422941394659
Cinderford,8775.0,2,19874.84217506631,9937.421087533156,4387.5,2264.939279209836
Cirencester,17715.0,5,52855.93576388889,10571.187152777778,3543.0,2983.6825156019695
Clacton-on-Sea,53200.0,8,93553.00227272727,11694.12528409091,6650.0,1758.5150803144224
Clapham (Bedford),4505.0,1,8224.828125,8224.828125,4505.0,1825.7110155382907
Clare,2280.0,1,9004.59375,9004.59375,2280.0,3949.3832236842104
Clay Cross,8920.0,3,32089.203125,10696.401041666666,2973.3333333333335,3597.444296524664
Claydon,3140.0,1,8846.96875,8846.96875,3140.0,2817.5059713375795
Clayton-le-Moors,7970.0,2,16978.953125,8489.4765625,3985.0,2130.357983061481
Cleadon,4600.0,1,7173.734375,7173.734375,4600.0,1559.507472826087
Cleator Moor,6670.0,1,15745.34375,15745.34375,6670.0,2360.621251874063
Cleckheaton,11605.0,4,42693.06109296405,10673.265273241013,2901.25,3678.8505896565316
Cleethorpes,29670.0,5,41746.02277046784,8349.204554093569,5934.0,1407.0112157218687
Cleobury Mortimer,2960.0,1,10410.333333333334,10410.333333333334,2960.0,3517.004504504505
Clevedon,21085.0,4,32971.421875,8242.85546875,5271.25,1563.738291439412
Cleveleys,11120.0,1,10300.46875,10300.46875,11120.0,926.3011465827337
Cliffe Woods,2690.0,1,8127.171875,8127.171875,2690.0,3021.2534851301116
Clifton (Nottingham),22935.0,4,39757.84375,9939.4609375,5733.75,1733.500926531502
Clitheroe,16630.0,3,37655.75,12551.916666666666,5543.333333333333,2264.326518340349
Clowne,7760.0,3,26603.715625,8867.905208333334,2586.6666666666665,3428.3138692010307
Coalville,21980.0,5,47164.967741935485,9432.993548387098,4396.0,2145.812909096246
Cobham (Elmbridge),17505.0,4,16219.751048116615,4054.937762029154,4376.25,926.5781804122603
Cockermouth,8860.0,3,35000.875,11666.958333333334,2953.3333333333335,3950.437358916479
Cockfield,1350.0,1,6739.652173913043,6739.652173913043,1350.0,4992.334943639291
Codicote,2675.0,1,10349.578125,10349.578125,2675.0,3869.001168224299
Codsall,11865.0,4,20008.080175339368,5002.020043834842,2966.25,1686.3110135136426
Coggeshall,3765.0,1,9494.953125,9494.953125,3765.0,2521.8999003984063
Colchester,130245.0,21,227720.86812397372,10843.850863046368,6202.142857142857,1748.4039166491898
Colden Common,3825.0,1,9524.666666666666,9524.666666666666,3825.0,2490.1089324618733
Coleford (Forest of Dean),5020.0,2,25250.327702702703,12625.163851351352,2510.0,5029.945757510499
Coleshill (North Warwickshire),6745.0,1,13160.60606060606,13160.60606060606,6745.0,1951.1647235887413
Collingham (Leeds),2360.0,1,8817.40625,8817.40625,2360.0,3736.1890889830506
Collingham (Newark and Sherwood),2870.0,1,7781.75,7781.75,2870.0,2711.411149825784
Colnbrook,1900.0,1,4288.71875,4288.71875,1900.0,2257.220394736842
Colne,18910.0,5,42111.74848790323,8422.349697580645,3782.0,2226.956556737347
Colwall Stone,1855.0,1,6187.359375,6187.359375,1855.0,3335.503706199461
Colyton,1940.0,1,12191.8125,12191.8125,1940.0,6284.439432989691
Combe Martin,2705.0,1,3302.5,3302.5,2705.0,1220.887245841035
Congleton,30005.0,8,66305.65625,8288.20703125,3750.625,2209.820238293618
Congresbury,2795.0,1,7270.09375,7270.09375,2795.0,2601.106887298748
Coningsby and Tattershall,5515.0,1,12136.046875,12136.046875,5515.0,2200.552470534905
Conisbrough,11465.0,2,18353.375,9176.6875,5732.5,1600.8177060619275
Consett,29885.0,7,97130.88701923077,13875.841002747253,4269.285714285715,3250.1551620957257
Cookham,5215.0,1,7537.015625,7537.015625,5215.0,1445.257070949185
Copford,1795.0,1,11588.15625,11588.15625,1795.0,6455.797353760446
Copmanthorpe,3670.0,1,6756.71875,6756.71875,3670.0,1841.067779291553
Coppull,8300.0,1,15955.174603174602,15955.174603174602,8300.0,1922.3101931535666
Copthorne,4910.0,1,6705.857142857143,6705.857142857143,4910.0,1365.7550189118417
Corbridge,2890.0,1,8282.109375,8282.109375,2890.0,2865.7817906574396
Corby,68160.0,15,133869.55699685536,8924.637133123691,4544.0,1964.0486648599672
Corfe Mullen,10035.0,1,8110.0,8110.0,10035.0,808.1714000996512
Cornforth,2425.0,1,9874.203125,9874.203125,2425.0,4071.836340206185
Corsham,10890.0,1,21380.828125,21380.828125,10890.0,1963.345098714417
Cosby,3515.0,1,6445.421875,6445.421875,3515.0,1833.6904338549075
Coseley,25205.0,3,39731.0,13243.666666666666,8401.666666666666,1576.3142233683793
Cotgrave,7795.0,1,10712.09375,10712.09375,7795.0,1374.2262668377166
Cottenham,6155.0,1,7765.125,7765.125,6155.0,1261.59626320065
Cottingham,14425.0,3,16977.239583333336,5659.079861111112,4808.333333333333,1176.9316868861931
Coundon and Leeholme,2525.0,1,10234.578125,10234.578125,2525.0,4053.298267326733
Countesthorpe,7670.0,1,10454.796875,10454.796875,7670.0,1363.0765156453715
Coven,2395.0,1,10652.640625,10652.640625,2395.0,4447.866649269311
Coventry,344285.0,77,573616.3595142834,7449.563110575109,4471.233766233766,1666.1090652055227
Cowes,14365.0,2,13849.020833333334,6924.510416666667,7182.5,964.0808098387284
Coxheath,8455.0,1,7534.588235294118,7534.588235294118,8455.0,891.139945037743
Coxhoe,4545.0,1,9598.765625,9598.765625,4545.0,2111.9396314631463
Cradley Heath,18820.0,7,49611.504981884056,7087.357854554865,2688.5714285714284,2636.105471938579
Cramlington,28845.0,4,60083.345170454544,15020.836292613636,7211.25,2082.97261814715
Cranbrook (East Devon),4935.0,1,7122.333333333333,7122.333333333333,4935.0,1443.2286389733197
Cranbrook (Tunbridge Wells),3960.0,1,11167.575757575758,11167.575757575758,3960.0,2820.0948882767066
Cranfield,7050.0,1,8148.109375,8148.109375,7050.0,1155.760195035461
Cranleigh,10425.0,2,18532.390625,9266.1953125,5212.5,1777.687350119904
Craven Arms,2560.0,1,6626.328125,6626.328125,2560.0,2588.409423828125
Crawcrook and Greenside,7545.0,2,23537.40625,11768.703125,3772.5,3119.6032140490393
Crawley (Crawley),120550.0,20,180779.50669642858,9038.975334821429,6027.5,1499.622618800735
Crawley Down,5775.0,1,6230.375,6230.375,5775.0,1078.852813852814
Crediton,7975.0,4,27332.453125,6833.11328125,1993.75,3427.2668495297808
Creech St Michael,2330.0,1,8773.546875,8773.546875,2330.0,3765.470761802575
Creswell,5795.0,1,10575.890625,10575.890625,5795.0,1825.002696289905
Crewe,74120.0,13,114396.54183201058,8799.733987077738,5701.538461538462,1543.3964089585886
Crewkerne,7065.0,2,16494.59375,8247.296875,3532.5,2334.6912597310684
Crich,2070.0,1,7597.142857142857,7597.142857142857,2070.0,3670.1173222912353
Cricklade,4030.0,1,9720.90625,9720.90625,4030.0,2412.135545905707
Cringleford,4685.0,2,14783.104166666668,7391.552083333334,2342.5,3155.411775168979
Crofton,6125.0,1,8140.9473684210525,8140.9473684210525,6125.0,1329.1342642320085
Cromer,7525.0,3,29123.003125,9707.667708333332,2508.3333333333335,3870.1665282392023
Crook,9715.0,4,37310.5625,9327.640625,2428.75,3840.5108080288214
Crosby (Sefton),50215.0,9,91122.78333333333,10124.753703703704,5579.444444444444,1814.6526602276876
Croston,2790.0,1,6847.40625,6847.40625,2790.0,2454.267473118279
Crowborough,21990.0,4,36714.90625,9178.7265625,5497.5,1669.6182924056388
Crowland,4620.0,1,9522.6875,9522.6875,4620.0,2061.1877705627703
Crowle (North Lincolnshire),3970.0,1,8631.21875,8631.21875,3970.0,2174.1105163727957
Crowthorne,15190.0,3,20466.045362903227,6822.015120967742,5063.333333333333,1347.3367585848075
Cuckfield,3770.0,1,2952.0,2952.0,3770.0,783.0238726790451
Cuddington (Cheshire West and Chester),5860.0,1,8319.609375,8319.609375,5860.0,1419.7285622866893
Cudworth and Shafton,12470.0,3,37497.609375,12499.203125,4156.666666666667,3007.025611467522
Cuffley,4350.0,1,7288.4375,7288.4375,4350.0,1675.5028735632184
Culcheth,6720.0,2,21144.4375,10572.21875,3360.0,3146.493675595238
Cullingworth,3095.0,1,5172.172413793103,5172.172413793103,3095.0,1671.1380981560915
Cullompton,8895.0,3,24390.758928571428,8130.252976190476,2965.0,2742.075202762386
Dalston,1540.0,1,9651.875,9651.875,1540.0,6267.451298701299
Dalton-in-Furness,7555.0,1,6573.228571428572,6573.228571428572,7555.0,870.050108726482
Danbury,6195.0,1,12395.96875,12395.96875,6195.0,2000.9634786117836
Darfield,7210.0,3,32614.74375,10871.581250000001,2403.3333333333335,4523.542822468793
Darlaston,21540.0,4,35729.15625,8932.2890625,5385.0,1658.7352019498608
Darley Dale,3990.0,1,11696.21875,11696.21875,3990.0,2931.383145363409
Darlington,93015.0,16,176103.34997957517,11006.459373723448,5813.4375,1893.2790407953037
Dartford,69130.0,10,75967.97344006567,7596.797344006567,6913.0,1098.9147033135496
Dartmouth,5260.0,1,6927.28125,6927.28125,5260.0,1316.9736216730037
Darton,15025.0,3,38591.875,12863.958333333334,5008.333333333333,2568.5108153078204
Darwen,27900.0,6,68864.89182692308,11477.481971153846,4650.0,2468.2756927212577
Datchet,4810.0,1,6958.125,6958.125,4810.0,1446.595634095634
Davenham,13835.0,3,21497.078125,7165.692708333333,4611.666666666667,1553.8184405493314
Daventry,27790.0,7,63783.0,9111.857142857143,3970.0,2295.1781216264844
Dawlish,11800.0,2,15251.02481617647,7625.512408088235,5900.0,1292.4597301844467
Dawlish Warren,1190.0,1,8700.5,8700.5,1190.0,7311.3445378151255
Deal,28985.0,8,62763.21875,7845.40234375,3623.125,2165.368940831465
Deanshanger,4130.0,1,3634.96875,3634.96875,4130.0,880.1377118644068
Debenham,2295.0,1,4724.734375,4724.734375,2295.0,2058.707788671024
Deddington,1770.0,1,4880.416666666667,4880.416666666667,1770.0,2757.2975517890773
Dedham,810.0,1,8214.453125,8214.453125,810.0,10141.300154320987
Deepcar,5645.0,1,12210.0,12210.0,5645.0,2162.976085031001
Deeping St James,7255.0,1,8247.0,8247.0,7255.0,1136.7332873880082
Delph,2280.0,1,3155.1428571428573,3155.1428571428573,2280.0,1383.8345864661653
Denaby Main,4310.0,1,7294.53125,7294.53125,4310.0,1692.4666473317866
Denby Dale,2735.0,1,5732.953125,5732.953125,2735.0,2096.14373857404
Denholme,2960.0,1,6710.859375,6710.859375,2960.0,2267.1822212837837
Denmead,6505.0,1,9199.71875,9199.71875,6505.0,1414.2534588777864
Denton (Tameside),35995.0,8,79003.609375,9875.451171875,4499.375,2194.849545075705
Derby,275575.0,51,351618.4359245963,6894.479135776399,5403.431372549019,1275.944610086533
Dereham,20785.0,6,49572.198756720434,8262.033126120072,3464.1666666666665,2384.9987373933336
Dersingham,4755.0,1,10701.625,10701.625,4755.0,2250.6046267087277
Desborough,11900.0,2,22353.796875,11176.8984375,5950.0,1878.470325630252
Desford,3815.0,1,7224.03125,7224.03125,3815.0,1893.5861730013105
Devizes,19490.0,3,30761.70138888889,10253.900462962964,6496.666666666667,1578.3325494555613
Dewsbury,63720.0,16,119697.16750970067,7481.072969356292,3982.5,1878.4866213072924
Dickens Heath,4800.0,1,4049.625,4049.625,4800.0,843.671875
Didcot,34600.0,5,30440.356267507002,6088.071253501401,6920.0,879.7790828759249
Dinnington (Newcastle upon Tyne),2360.0,1,4968.441176470588,4968.441176470588,2360.0,2105.271684945165
Dinnington (Rotherham),10960.0,4,30636.74724264706,7659.186810661765,2740.0,2795.3236535261917
Dipton,2655.0,1,9062.166666666666,9062.166666666666,2655.0,3413.245448838669
Disley,3890.0,1,6280.609375,6280.609375,3890.0,1614.5525385604114
Diss,9600.0,3,25807.025135869564,8602.341711956522,3200.0,2688.231784986413
Ditchling,1125.0,1,2560.5,2560.5,1125.0,2276.0
Doddinghurst,4065.0,1,6166.0,6166.0,4065.0,1516.8511685116853
Dodworth,5975.0,1,14744.890625,14744.890625,5975.0,2467.764121338912
Doncaster,87455.0,22,177211.59451004863,8055.072477729483,3975.2272727272725,2026.3174719575625
Donington,3195.0,1,8361.546875,8361.546875,3195.0,2617.072574334898
Dorchester (Dorset),21360.0,6,57773.26973684211,9628.878289473685,3560.0,2704.7410925487875
Dorking,17465.0,5,34658.703125,6931.740625,3493.0,1984.4662539364444
Dover,36360.0,7,53499.10788690476,7642.729698129252,5194.285714285715,1471.372604150296
Downham Market,11350.0,2,31999.46875,15999.734375,5675.0,2819.336453744493
Downley,2655.0,1,7023.609375,7023.609375,2655.0,2645.427259887005
Downton,2950.0,1,5407.34375,5407.34375,2950.0,1832.9978813559321
Driffield,13215.0,3,31415.299715909092,10471.766571969698,4405.0,2377.245532796753
Drighlington,5280.0,2,13448.328125,6724.1640625,2640.0,2547.0318418560605
Droitwich Spa,26420.0,4,41247.890625,10311.97265625,6605.0,1561.2373438682816
Dronfield,21160.0,5,49292.960159632035,9858.592031926408,4232.0,2329.5349791886597
Droylsden,23915.0,4,35706.13576388889,8926.533940972222,5978.75,1493.043519292866
Drybrook,2570.0,1,15918.609375,15918.609375,2570.0,6194.01142996109
Dudley (Dudley),64270.0,12,105856.39725290697,8821.366437742248,5355.833333333333,1647.0576824787145
Dudley (North Tyneside),4800.0,1,8322.60606060606,8322.60606060606,4800.0,1733.8762626262626
Dukinfield,21155.0,2,17888.921875,8944.4609375,10577.5,845.6120007090522
Dulverton,845.0,1,4242.859375,4242.859375,845.0,5021.135355029585
Dunchurch,2605.0,1,10124.6,10124.6,2605.0,3886.6026871401154
Dunnington,3255.0,1,6827.6875,6827.6875,3255.0,2097.5998463901688
Dunscroft and Hatfield,14000.0,3,30131.44951923077,10043.816506410256,4666.666666666667,2152.246394230769
Dunstable,34500.0,6,36324.703125,6054.1171875,5750.0,1052.8899456521738
Durham,50510.0,10,75604.83298611111,7560.483298611111,5051.0,1496.8290038826194
Dursley,7935.0,3,20812.25,6937.416666666667,2645.0,2622.8418399495904
Dymchurch,3095.0,1,9511.40625,9511.40625,3095.0,3073.1522617124397
Earby,4415.0,1,8950.772727272728,8950.772727272728,4415.0,2027.3550911150005
Earl Shilton,10885.0,2,32350.109375,16175.0546875,5442.5,2971.989836931557
Earls Barton,6065.0,1,12964.046875,12964.046875,6065.0,2137.5180338004943
Earls Colne,3360.0,1,7409.28125,7409.28125,3360.0,2205.1432291666665
Easebourne,1395.0,1,10655.333333333334,10655.333333333334,1395.0,7638.231780167264
Easington (County Durham),6965.0,1,11609.234375,11609.234375,6965.0,1666.7960337401294
Easington Lane,4170.0,1,8896.515625,8896.515625,4170.0,2133.45698441247
Easingwold,5035.0,1,10860.453125,10860.453125,5035.0,2156.9916832174777
East Ardsley,15245.0,1,10616.734375,10616.734375,15245.0,696.4076336503772
East Ayton and West Ayton,2810.0,1,6460.309090909091,6460.309090909091,2810.0,2299.042381106438
East Bergholt,2210.0,1,8474.21875,8474.21875,2210.0,3834.4881221719456
East Boldon and West Boldon,6795.0,1,6147.515625,6147.515625,6795.0,904.7116445916115
East Cowes,8430.0,3,21810.318287037036,7270.1060956790125,2810.0,2587.2263685690436
East Goscote,2890.0,1,7520.307692307692,7520.307692307692,2890.0,2602.1825924940113
East Grinstead,26350.0,4,35922.47731854839,8980.619329637097,6587.5,1363.2818716716654
East Harling,2490.0,1,5873.609375,5873.609375,2490.0,2358.8792670682733
East Horsley,5840.0,1,6043.264705882353,6043.264705882353,5840.0,1034.8056003223207
East Leake,8555.0,1,17231.421875,17231.421875,8555.0,2014.1930888369375
East Peckham,2145.0,1,8860.5625,8860.5625,2145.0,4130.798368298369
East Tilbury,5750.0,1,8490.578125,8490.578125,5750.0,1476.6222826086957
East Wittering,6060.0,3,19948.859375,6649.619791666667,2020.0,3291.8909859735973
Eastbourne,99180.0,17,163564.63020833334,9621.448835784315,5834.117647058823,1649.1694919170532
Eastleigh,48360.0,5,49996.390625,9999.278125,9672.0,1033.8376886889994
Eastry,2390.0,1,12894.84375,12894.84375,2390.0,5395.332112970712
Eastwood,18890.0,3,35443.765625,11814.588541666666,6296.666666666667,1876.324278718899
Eaton Bray and Edlesborough,4200.0,1,11049.0625,11049.0625,4200.0,2630.729166666667
Ebbsfleet Valley,2990.0,1,1421.5263157894738,1421.5263157894738,2990.0,475.4268614680514
Eccles (Salford),41125.0,8,82128.85216346153,10266.106520432691,5140.625,1997.0541559504325
Ecclesfield and Grenoside,8190.0,4,34271.64638157895,8567.911595394737,2047.5,4184.572207762997
Eccleshall,3230.0,1,8038.796875,8038.796875,3230.0,2488.7916021671826
Eccleston,4545.0,1,8805.436363636363,8805.436363636363,4545.0,1937.3897389738972
Eckington (North East Derbyshire),7435.0,2,17336.25,8668.125,3717.5,2331.7081371889712
Edenbridge,7900.0,2,14727.546875,7363.7734375,3950.0,1864.2464398734178
Edenfield,2050.0,1,2831.063829787234,2831.063829787234,2050.0,1381.006746237675
Edgworth,1650.0,1,3466.578125,3466.578125,1650.0,2100.9564393939395
Edwalton,4760.0,1,6202.84375,6202.84375,4760.0,1303.1184348739496
Edwinstowe,5325.0,2,13111.125,6555.5625,2662.5,2462.183098591549
Eggborough,2440.0,1,6199.125,6199.125,2440.0,2540.625
Egglescliffe,10250.0,2,19789.921875,9894.9609375,5125.0,1930.7240853658536
Egham,28000.0,4,36673.68402777778,9168.421006944445,7000.0,1309.774429563492
Egremont,5795.0,2,24236.234375,12118.1171875,2897.5,4182.266501294219
Elland,15785.0,4,35923.0,8980.75,3946.25,2275.7681343047198
Ellesmere,4270.0,1,13048.07142857143,13048.07142857143,4270.0,3055.7544329207094
Ellesmere Port,65430.0,10,87974.49404761905,8797.449404761905,6543.0,1344.5589797893788
Elmswell,4445.0,1,6369.109375,6369.109375,4445.0,1432.8705005624297
Elstead,2265.0,1,4960.74,4960.74,2265.0,2190.1721854304633
Elstree,1735.0,1,4039.3125,4039.3125,1735.0,2328.1340057636885
Elton (Cheshire West and Chester),3295.0,1,6565.609375,6565.609375,3295.0,1992.5976858877086
Elvetham Heath,4915.0,1,4805.578125,4805.578125,4915.0,977.7371566632756
Elworth,7645.0,1,4178.671875,4178.671875,7645.0,546.5888652714193
Ely,19185.0,4,38015.39880952381,9503.849702380952,4796.25,1981.516747955372
Emsworth,11505.0,1,10228.542857142857,10228.542857142857,11505.0,889.0519649841683
Enderby and Narborough,13180.0,3,25317.046875,8439.015625,4393.333333333333,1920.868503414264
Endon,2655.0,1,8946.857142857143,8946.857142857143,2655.0,3369.814366424536
Epping,10695.0,3,21105.65625,7035.21875,3565.0,1973.413394109397
Epsom,35850.0,3,25788.34463443396,8596.114878144654,11950.0,719.3401571669166
Epworth,4360.0,1,8059.15625,8059.15625,4360.0,1848.4303325688074
Esh Winning,3880.0,1,11565.08888888889,11565.08888888889,3880.0,2980.6930126002294
Esher,9485.0,2,8019.796875,4009.8984375,4742.5,845.5241829204007
Essington,3470.0,1,10778.265625,10778.265625,3470.0,3106.128422190202
Eston,29635.0,8,79267.43907828283,9908.429884785353,3704.375,2674.791262975631
Eton,2460.0,1,3321.765625,3321.765625,2460.0,1350.3112296747968
Eton Wick,2120.0,1,7533.015625,7533.015625,2120.0,3553.3092570754716
Etwall,3075.0,1,5383.171875,5383.171875,3075.0,1750.625
Euxton,17520.0,3,18834.229166666668,6278.07638888889,5840.0,1075.0130802891933
Evercreech,2165.0,1,5918.298245614035,5918.298245614035,2165.0,2733.625055710871
Evesham,28250.0,7,76715.390625,10959.341517857143,4035.714285714286,2715.5890486725666
Ewell,27515.0,5,29493.151041666664,5898.630208333333,5503.0,1071.8935504876129
Exeter,126175.0,16,200750.08923847316,12546.880577404572,7885.9375,1591.0448919237024
Exminster,4385.0,1,7467.984375,7467.984375,4385.0,1703.0751140250854
Exmouth,35500.0,9,89444.92491519457,9938.324990577174,3944.4444444444443,2519.5753497237906
Eye (Mid Suffolk),2210.0,1,4997.640625,4997.640625,2210.0,2261.37584841629
Eye (Peterborough),5415.0,1,7801.181818181818,7801.181818181818,5415.0,1440.6614622681104
Eynsham,5325.0,1,5984.90625,5984.90625,5325.0,1123.9260563380283
Failsworth,19960.0,2,16818.609375,8409.3046875,9980.0,842.6157001503007
Fairford,4240.0,1,9152.921875,9152.921875,4240.0,2158.7079893867926
Fairlands,1120.0,1,9194.625,9194.625,1120.0,8209.486607142857
Fakenham,8390.0,2,27477.36418269231,13738.682091346154,4195.0,3275.0136093792976
Falmouth,24070.0,4,42124.5,10531.125,6017.5,1750.0830909846281
Fareham,42625.0,6,65972.7183277027,10995.453054617117,7104.166666666667,1547.7470575414125
Faringdon,8625.0,2,13307.703125,6653.8515625,4312.5,1542.9221014492753
Farnborough,60655.0,12,78464.83148521505,6538.735957101254,5054.583333333333,1293.62511722389
Farncombe,13250.0,2,14860.09375,7430.046875,6625.0,1121.5165094339623
Farndon (Cheshire West and Chester),2230.0,1,6375.254237288135,6375.254237288135,2230.0,2858.858402371361
Farnham,20500.0,5,41400.90625,8280.18125,4100.0,2019.5564024390244
Farnham Common and Farnham Royal,6715.0,1,5857.2,5857.2,6715.0,872.2561429635145
Farnsfield,3215.0,2,7002.484375,3501.2421875,1607.5,2178.0666796267496
Farnworth,28760.0,8,55293.17574404762,6911.646968005953,3595.0,1922.5721746887211
Faversham,20940.0,4,38869.5,9717.375,5235.0,1856.2320916905444
Fazeley,7570.0,1,14051.53125,14051.53125,7570.0,1856.2128467635403
Featherstone (South Staffordshire),7095.0,1,5769.671875,5769.671875,7095.0,813.2025193798451
Featherstone (Wakefield),11655.0,2,25465.40625,12732.703125,5827.5,2184.9340411840412
Felixstowe,24220.0,4,31130.015625,7782.50390625,6055.0,1285.302048926507
Fence Houses,6945.0,2,13296.8125,6648.40625,3472.5,1914.587832973362
Fenstanton,3015.0,1,5272.828125,5272.828125,3015.0,1748.8650497512438
Ferndown,13265.0,4,31550.351377504554,7887.5878443761385,3316.25,2378.4659915193783
Fernhurst,1825.0,1,4776.171875,4776.171875,1825.0,2617.0804794520545
Ferryhill,8860.0,2,29160.21875,14580.109375,4430.0,3291.2210778781036
Filey,6665.0,2,12603.5,6301.75,3332.5,1890.9977494373593
Filton,10960.0,3,11428.578125,3809.5260416666665,3653.3333333333335,1042.7534785583941
Finedon,4555.0,1,12187.828125,12187.828125,4555.0,2675.703210757409
Fishbourne (Chichester),3370.0,1,9367.84375,9367.84375,3370.0,2779.77559347181
Fishburn,2385.0,1,7545.833333333333,7545.833333333333,2385.0,3163.8714185883996
Fitzwilliam and Kinsley,4990.0,1,8370.52380952381,8370.52380952381,4990.0,1677.4596812672964
Flackwell Heath and Wooburn Green,12435.0,3,16869.421875,5623.140625,4145.0,1356.6081121833536
Flamborough,1870.0,1,5182.8125,5182.8125,1870.0,2771.5574866310158
Fleckney,4925.0,1,8798.921875,8798.921875,4925.0,1786.583121827411
Fleet,37790.0,8,48121.97393433179,6015.246741791474,4723.75,1273.4049731233606
Fleetwood,26225.0,6,65224.8125,10870.802083333334,4370.833333333333,2487.1234509056244
Flitwick,13660.0,2,29530.4375,14765.21875,6830.0,2161.818265007321
Flookburgh,895.0,1,9116.796875,9116.796875,895.0,10186.365223463687
Folkestone,51995.0,9,70198.046875,7799.782986111111,5777.222222222223,1350.092256466968
Fordingbridge,4950.0,1,16344.288461538461,16344.288461538461,4950.0,3301.876456876457
Forest Row,3880.0,1,10865.272727272728,10865.272727272728,3880.0,2800.328022492971
Forest Town,19010.0,2,21724.28125,10862.140625,9505.0,1142.7817596002103
Formby,22890.0,6,45976.640625,7662.7734375,3815.0,2008.5906782437744
Four Marks,5615.0,1,6362.140625,6362.140625,5615.0,1133.0615538735528
Fowey,2030.0,1,3662.421875,3662.421875,2030.0,1804.1487068965519
Framlingham,3830.0,1,8596.140625,8596.140625,3830.0,2244.4231396866844
Frampton Cotterell and Winterbourne,14970.0,3,20712.609375,6904.203125,4990.0,1383.6078406813629
Freckleton,4475.0,1,10360.453125,10360.453125,4475.0,2315.1850558659216
Fremington,5230.0,1,10198.390625,10198.390625,5230.0,1949.979086998088
Freshwater and Totland,7520.0,2,14324.140625,7162.0703125,3760.0,1904.805934175532
Frimley,15100.0,3,26013.616290983606,8671.20543032787,5033.333333333333,1722.7560457605039
Frinton-on-Sea,4865.0,4,39541.42680921053,9885.356702302632,1216.25,8127.734184832585
Frizington,1755.0,1,4719.111111111111,4719.111111111111,1755.0,2688.9522000633115
Frodsham,9100.0,2,17597.84375,8798.921875,4550.0,1933.8289835164835
Frome,27905.0,5,45842.53830645161,9168.507661290323,5581.0,1642.8073214997892
Fulbourn,3740.0,1,6308.625,6308.625,3740.0,1686.798128342246
Fulwood,34690.0,2,20106.28125,10053.140625,17345.0,579.5987676563851
Gainsborough,21910.0,5,61450.18939393939,12290.037878787878,4382.0,2804.6640526672472
Galgate,2085.0,1,6170.078125,6170.078125,2085.0,2959.2700839328536
Galleywood,6410.0,1,9617.46875,9617.46875,6410.0,1500.3851404056163
Gamesley,3125.0,1,6593.368421052632,6593.368421052632,3125.0,2109.877894736842
Gamlingay,2920.0,1,8536.90625,8536.90625,2920.0,2923.5980308219177
Garforth,15155.0,4,32661.265625,8165.31640625,3788.75,2155.1478472451336
Gargrave,1505.0,1,3235.6,3235.6,1505.0,2149.9003322259136
Garstang,5805.0,2,25633.609375,12816.8046875,2902.5,4415.781115417743
Gateshead,115280.0,26,265512.5010632483,10212.019271663397,4433.846153846154,2303.1965741086774
Gatley,9150.0,3,14247.0,4749.0,3050.0,1557.0491803278687
Gerrards Cross,8115.0,2,10424.628125,5212.3140625,4057.5,1284.6122150338877
Gilberdyke,3030.0,1,8854.0625,8854.0625,3030.0,2922.1328382838287
Gildersome,6275.0,1,8982.578125,8982.578125,6275.0,1431.4865537848605
Gillingham (Dorset),11010.0,2,17909.178571428572,8954.589285714286,5505.0,1626.6283897755288
Gillingham (Medway),108480.0,20,153347.60904411765,7667.380452205883,5424.0,1413.6025907459223
Glastonbury,8300.0,2,19802.080965909092,9901.040482954546,4150.0,2385.7928874589265
Glemsford,3690.0,1,10195.640625,10195.640625,3690.0,2763.0462398373984
Glinton,1745.0,1,6203.328125,6203.328125,1745.0,3554.915830945559
Glossop,17820.0,5,35787.078125,7157.415625,3564.0,2008.2535423681259
Gloucester,118555.0,20,174365.12091077026,8718.256045538514,5927.75,1470.7529915294188
Gnosall,4040.0,1,10023.625,10023.625,4040.0,2481.095297029703
Gobowen,3050.0,1,5244.578125,5244.578125,3050.0,1719.5338114754097
Godalming,10450.0,3,17431.484375,5810.494791666667,3483.3333333333335,1668.084629186603
Godmanchester,7715.0,1,12492.625,12492.625,7715.0,1619.2644199611148
Godstone,2650.0,1,4686.228571428572,4686.228571428572,2650.0,1768.3881401617252
Goff's Oak,3500.0,1,10004.375,10004.375,3500.0,2858.392857142857
Golborne,25555.0,6,53155.00401785714,8859.167336309523,4259.166666666667,2080.0236359951928
Goldthorpe,7490.0,2,18569.0,9284.5,3745.0,2479.1722296395196
Gomersal and Birkenshaw,13955.0,2,12102.0625,6051.03125,6977.5,867.2205302758867
Goole,20175.0,6,49231.33082305503,8205.221803842505,3362.5,2440.21466285279
Goosnargh,1890.0,1,4733.0327868852455,4733.0327868852455,1890.0,2504.250151791135
Goostrey,1950.0,1,6966.346153846154,6966.346153846154,1950.0,3572.485207100592
Goring,3435.0,1,5284.25,5284.25,3435.0,1538.3551673944687
Gorleston-on-Sea,24470.0,7,48367.633238636365,6909.661891233766,3495.714285714286,1976.6094498829736
Gosport,70110.0,13,129385.26583333334,9952.712756410257,5393.076923076923,1845.4609304426378
Goudhurst,1105.0,1,4614.546875,4614.546875,1105.0,4176.060520361992
Goxhill,2325.0,1,8257.953125,8257.953125,2325.0,3551.8077956989246
Grange-over-Sands,4045.0,2,10514.947826086958,5257.473913043479,2022.5,2599.492664051164
Grantham,44905.0,8,83172.89751344087,10396.612189180109,5613.125,1852.196804664088
Grasmere,520.0,1,1209.03125,1209.03125,520.0,2325.060096153846
Grassington,1110.0,1,5062.363636363636,5062.363636363636,1110.0,4560.68796068796
Grassmoor,3535.0,1,7226.78125,7226.78125,3535.0,2044.3511315417259
Gravesend,58105.0,13,98107.09190705128,7546.699377465483,4469.615384615385,1688.4449170820285
Grays,44345.0,9,51828.91278054221,5758.768086726912,4927.222222222223,1168.7656507056536
Greasbrough,3860.0,1,14820.026315789473,14820.026315789473,3860.0,3839.3850559040084
Greasby,9180.0,1,11690.546875,11690.546875,9180.0,1273.4800517429194
Great Ayton,4345.0,1,12599.53125,12599.53125,4345.0,2899.7770425776753
Great Bentley,1745.0,1,20742.515625,20742.515625,1745.0,11886.828438395416
Great Bookham and Fetcham,21655.0,4,23040.69301470588,5760.17325367647,5413.75,1063.9895181115621
Great Denham,4360.0,1,7330.234375,7330.234375,4360.0,1681.2464162844037
Great Doddington,1150.0,1,6861.09375,6861.09375,1150.0,5966.16847826087
Great Dunmow,10395.0,2,23127.9375,11563.96875,5197.5,2224.9098124098127
Great Eccleston,2070.0,1,20392.453125,20392.453125,2070.0,9851.426630434782
Great Glen,4060.0,1,6733.046875,6733.046875,4060.0,1658.3859298029558
Great Harwood,11015.0,4,26039.703125,6509.92578125,2753.75,2364.0220721743076
Great Haywood,2030.0,1,8949.0625,8949.0625,2030.0,4408.405172413793
Great Houghton (Barnsley),2485.0,1,14705.515625,14705.515625,2485.0,5917.712525150906
Great Lumley,3630.0,1,14923.09375,14923.09375,3630.0,4111.0451101928375
Great Malvern,33185.0,8,74178.25,9272.28125,4148.125,2235.2945607955403
Great Notley,7660.0,1,6829.9375,6829.9375,7660.0,891.6367493472585
Great Shelford and Stapleford,6160.0,1,10948.234375,10948.234375,6160.0,1777.3107751623377
Great Torrington,5955.0,1,11188.361111111111,11188.361111111111,5955.0,1878.8179867524957
Great Wakering,6775.0,1,4915.384615384615,4915.384615384615,6775.0,725.5180244110134
Great Wyrley and Cheslyn Hay,17640.0,2,25637.15625,12818.578125,8820.0,1453.3535289115646
Great Yarmouth,28985.0,9,74740.5967522791,8304.510750253234,3220.5555555555557,2578.5957133786133
Gregson Lane,2075.0,1,4953.671875,4953.671875,2075.0,2387.311746987952
Grendon (North Warwickshire),2430.0,1,9855.890625,9855.890625,2430.0,4055.9220679012346
Grimethorpe,5065.0,1,15971.125,15971.125,5065.0,3153.232971372162
Grimsargh,2595.0,1,7060.828125,7060.828125,2595.0,2720.935693641619
Grimsby,85925.0,17,167575.41512396847,9857.37736023344,5054.411764705882,1950.2521399356237
Groby,6560.0,1,5205.640625,5205.640625,6560.0,793.5427782012196
Grove (Vale of White Horse),7945.0,1,14505.953125,14505.953125,7945.0,1825.7964915040905
Guildford,77880.0,12,72288.95923913043,6024.079936594203,6490.0,928.2095433889373
Guisborough,18095.0,2,19969.125,9984.5625,9047.5,1103.5714285714287
Guiseley,12460.0,2,21239.921875,10619.9609375,6230.0,1704.6486256019261
Gunnislake and St Ann's Chapel,3505.0,1,7035.15625,7035.15625,3505.0,2007.1772467902997
Haddenham (Buckinghamshire),5605.0,1,15100.478260869566,15100.478260869566,5605.0,2694.1085211185664
Haddenham (East Cambridgeshire),3050.0,1,11540.65625,11540.65625,3050.0,3783.8217213114754
Hadfield,16275.0,4,24321.984375,6080.49609375,4068.75,1494.4383640552996
Hadleigh,8640.0,2,20808.59375,10404.296875,4320.0,2408.4020543981483
Hadlow,3165.0,1,8163.171875,8163.171875,3165.0,2579.201224328594
Hadston,2710.0,1,6950.34375,6950.34375,2710.0,2564.702490774908
Hagley,7010.0,1,6590.203125,6590.203125,7010.0,940.1145684736091
Hailsham,22550.0,4,42953.140625,10738.28515625,5637.5,1904.7955931263857
Hale (Halton),1500.0,1,4592.53125,4592.53125,1500.0,3061.6875
Hale (Trafford),16715.0,3,22473.341435185186,7491.113811728395,5571.666666666667,1344.5014319584316
Hale Bank,1620.0,1,4764.015625,4764.015625,1620.0,2940.7503858024693
Halesowen,60110.0,12,77058.09267599779,6421.507722999816,5009.166666666667,1281.9513005489566
Halesworth,4925.0,2,17013.890625,8506.9453125,2462.5,3454.597081218274
Halifax,88115.0,19,196540.4455809033,10344.233977942278,4637.631578947368,2230.4992972922123
Halstead (Braintree),13900.0,3,24874.640625,8291.546875,4633.333333333333,1789.5424910071943
Halton (Lancaster),2655.0,1,7259.140625,7259.140625,2655.0,2734.1395951035784
Haltwhistle,3650.0,1,12788.1875,12788.1875,3650.0,3503.6130136986303
Hamble-le-Rice,4615.0,1,2789.8333333333335,2789.8333333333335,4615.0,604.5142650776454
Hambleton (Wyre),2430.0,1,17466.359375,17466.359375,2430.0,7187.802211934156
Hampton in Arden,1865.0,1,3385.578125,3385.578125,1865.0,1815.3233914209115
Handsacre and Armitage,4835.0,1,9833.53125,9833.53125,4835.0,2033.8223888314376
Harbury,2750.0,1,6748.28125,6748.28125,2750.0,2453.9204545454545
Harden,1600.0,1,6864.40625,6864.40625,1600.0,4290.25390625
Harleston,5075.0,1,13179.421875,13179.421875,5075.0,2596.9304187192115
Harlow,93580.0,12,124423.34778225806,10368.612315188171,7798.333333333333,1329.5933723259036
Harpenden,30965.0,5,34401.078125,6880.215625,6193.0,1110.966514613273
Harrogate,75515.0,13,118717.36126893939,9132.104712995339,5808.846153846154,1572.103042692702
Hartford,6695.0,1,7041.258064516129,7041.258064516129,6695.0,1051.718904334
Hartlepool,87995.0,21,222969.84047392313,10617.611451139197,4190.238095238095,2533.892158349033
Hartley Wintney,3470.0,1,5176.205882352941,5176.205882352941,3470.0,1491.701983387015
Harwich,20215.0,3,23144.25,7714.75,6738.333333333333,1144.9047736829089
Harworth and Bircotes,8885.0,3,25458.03298611111,8486.01099537037,2961.6666666666665,2865.28227193147
Haslemere,11900.0,3,24521.45125,8173.817083333332,3966.6666666666665,2060.6261554621847
Haslingden,16005.0,4,29927.224702380954,7481.8061755952385,4001.25,1869.867210395561
Haslington,5040.0,1,8555.34375,8555.34375,5040.0,1697.4888392857144
Hassocks and Hurstpierpoint,14215.0,3,19633.421875,6544.473958333333,4738.333333333333,1381.1763542033063
Hastings,91490.0,19,178949.83419700302,9418.412326158053,4815.263157894737,1955.9496578533501
Haswell,1185.0,1,5203.875,5203.875,1185.0,4391.455696202532
Hatfield,41560.0,5,45294.40856481482,9058.881712962964,8312.0,1089.8558364969879
Hatfield Peverel,3620.0,1,7466.609375,7466.609375,3620.0,2062.5992748618787
Hathersage,1860.0,1,4210.046875,4210.046875,1860.0,2263.466061827957
Hattersley,6960.0,1,10372.203125,10372.203125,6960.0,1490.259069683908
Hatton (South Derbyshire),2560.0,1,6866.59375,6866.59375,2560.0,2682.26318359375
Havant,46960.0,10,74838.26481331169,7483.826481331169,4696.0,1593.6598128899423
Havercroft and Ryhill,5205.0,1,14566.390625,14566.390625,5205.0,2798.538064361191
Haverhill,26705.0,6,71886.921875,11981.153645833334,4450.833333333333,2691.889978468452
Hawes and Gayle,805.0,1,3314.578125,3314.578125,805.0,4117.488354037267
Hawkhurst,3685.0,1,10344.84375,10344.84375,3685.0,2807.2845997286295
Hawkinge,8500.0,2,19154.03125,9577.015625,4250.0,2253.4154411764703
Hawkshead,260.0,1,2391.515625,2391.515625,260.0,9198.13701923077
Haworth,5680.0,1,9324.5,9324.5,5680.0,1641.6373239436618
Haxby,10180.0,2,24940.890625,12470.4453125,5090.0,2449.9892558939096
Haxey,2045.0,1,8854.328125,8854.328125,2045.0,4329.744804400978
Haydock,16140.0,1,10392.578125,10392.578125,16140.0,643.9019903965304
Haydon Bridge,1230.0,1,8554.57142857143,8554.57142857143,1230.0,6954.93612078978
Hayfield,1875.0,1,4297.96875,4297.96875,1875.0,2292.25
Hayle,9040.0,3,28540.974537037036,9513.658179012345,3013.3333333333335,3157.187448787283
Haywards Heath,40185.0,7,52041.86619410309,7434.552313443298,5740.714285714285,1295.0570161528703
Hazel Grove,20170.0,5,38205.24052254098,7641.048104508196,4034.0,1894.1616520843322
Hazlemere,20005.0,4,22298.59375,5574.6484375,5001.25,1114.6510247438139
Heacham,3980.0,1,12868.234375,12868.234375,3980.0,3233.224717336683
Headcorn,3295.0,1,10890.454545454546,10890.454545454546,3295.0,3305.145537315492
Headley Down and Headley,4935.0,1,14325.6875,14325.6875,4935.0,2902.8748733535967
Healing,3200.0,1,5145.102564102564,5145.102564102564,3200.0,1607.8445512820515
Heanor,24260.0,4,35089.5625,8772.390625,6065.0,1446.3958161582852
Heathfield (Teignbridge),1495.0,1,20171.444444444445,20171.444444444445,1495.0,13492.604979561502
Heathfield (Wealden),7670.0,2,15284.921875,7642.4609375,3835.0,1992.8190189048241
Hebburn,21345.0,4,35196.09375,8799.0234375,5336.25,1648.9151440618411
Hebden Bridge,5225.0,2,9348.141983695652,4674.070991847826,2612.5,1789.1180830039525
Heckington,3315.0,1,9052.671875,9052.671875,3315.0,2730.821078431373
Heckmondwike,13370.0,3,24301.609375,8100.536458333333,4456.666666666667,1817.622241959611
Hedge End,23190.0,3,23844.859375,7948.286458333333,7730.0,1028.2388691246226
Hedon,8120.0,2,22833.286931818184,11416.643465909092,4060.0,2811.981149238693
Helmsley,1345.0,1,8605.28125,8605.28125,1345.0,6397.978624535316
Helsby,5275.0,1,11170.0625,11170.0625,5275.0,2117.5473933649287
Helston,11360.0,3,24964.75,8321.583333333334,3786.6666666666665,2197.601232394366
Hemel Hempstead,95985.0,16,129783.59330136169,8111.4745813351055,5999.0625,1352.1236995505724
Hemsby,5720.0,1,8763.5,8763.5,5720.0,1532.0804195804196
Hemsworth,9180.0,2,26783.88068181818,13391.94034090909,4590.0,2917.6340612002373
Henfield,5635.0,1,10153.969696969696,10153.969696969696,5635.0,1801.9467075367695
Henley-in-Arden,3000.0,1,7145.5625,7145.5625,3000.0,2381.854166666667
Henley-on-Thames,11780.0,3,21519.03125,7173.010416666667,3926.6666666666665,1826.74289049236
Hereford,60480.0,14,104766.16676136364,7483.297625811689,4320.0,1732.2448207897428
Herne,14875.0,1,12135.359375,12135.359375,14875.0,815.8224789915967
Herne Bay,24870.0,7,61621.576704545456,8803.082386363636,3552.8571428571427,2477.7473544248273
Hersham,12625.0,2,13179.453125,6589.7265625,6312.5,1043.9170792079208
Herstmonceux,1220.0,1,8495.984375,8495.984375,1220.0,6963.921618852459
Hertford,28800.0,7,43296.305555555555,6185.186507936508,4114.285714285715,1503.3439429012344
Hessle,15485.0,3,36202.921875,12067.640625,5161.666666666667,2337.934896674201
Heswall,29075.0,8,61302.36736111111,7662.7959201388885,3634.375,2108.4219212763924
Hethersett,7020.0,1,10502.0,10502.0,7020.0,1496.011396011396
Hetton-le-Hole,8970.0,2,29949.078125,14974.5390625,4485.0,3338.8046962095873
Hexham,10945.0,3,35406.17893145161,11802.059643817205,3648.3333333333335,3234.918129872235
Hextable,4100.0,1,9524.515625,9524.515625,4100.0,2323.052591463415
Heysham,16585.0,3,32859.015625,10953.005208333334,5528.333333333333,1981.2490578836298
Heywood,29725.0,6,48453.04044117647,8075.506740196078,4954.166666666667,1630.0434126552218
High Bentham,1700.0,1,5293.3125,5293.3125,1700.0,3113.7132352941176
High Kelling,490.0,1,7410.71875,7410.71875,490.0,15123.915816326531
High Lane,4620.0,1,10539.828125,10539.828125,4620.0,2281.3480790043286
High Wycombe,83535.0,11,57691.60598912,5244.691453556364,7594.090909090909,690.6279522250553
Higham (Gravesham),2640.0,1,6411.78125,6411.78125,2640.0,2428.705018939394
Higham Ferrers,8825.0,1,9556.0,9556.0,8825.0,1082.8328611898016
Highbridge,5365.0,1,6106.394736842105,6106.394736842105,5365.0,1138.1910040712219
Higher Folds,2445.0,1,4489.09375,4489.09375,2445.0,1836.030163599182
Highley,3305.0,1,7617.515625,7617.515625,3305.0,2304.8458774583964
Hightown (Sefton),2020.0,1,5347.75,5347.75,2020.0,2647.40099009901
Highworth,7930.0,2,16664.34375,8332.171875,3965.0,2101.4304854981087
Hildenborough,4945.0,1,8062.078125,8062.078125,4945.0,1630.3494691607684
Hilton (South Derbyshire),8275.0,1,9591.828125,9591.828125,8275.0,1159.1333081571
Hinckley,50725.0,9,109831.54403409091,12203.504892676769,5636.111111111111,2165.234973565124
Hindhead,6445.0,2,13004.5,6502.25,3222.5,2017.7657098525988
Hindley,24490.0,4,44448.859375,11112.21484375,6122.5,1814.9799663127808
Hingham,2305.0,1,7329.96875,7329.96875,2305.0,3180.0298264642083
Histon and Impington,7780.0,2,8930.0,4465.0,3890.0,1147.814910025707
Hitchin,35220.0,6,55062.59099264706,9177.09849877451,5870.0,1563.3898635050275
Hockley and Hawkwell,15425.0,4,20895.78125,5223.9453125,3856.25,1354.6697730956241
Hoddesdon,40615.0,9,84055.82007575757,9339.535563973062,4512.777777777777,2069.5757743631066
Holbeach,8755.0,3,29359.267857142855,9786.422619047618,2918.3333333333335,3353.4286530146037
Holbury,7335.0,1,9010.453125,9010.453125,7335.0,1228.4189672801635
Hollywood,6945.0,1,12051.390625,12051.390625,6945.0,1735.2614290856732
Holme upon Spalding Moor,2545.0,1,10013.359375,10013.359375,2545.0,3934.522347740668
Holmes Chapel,6670.0,1,10186.39393939394,10186.39393939394,6670.0,1527.1954931625098
Holmfield,4150.0,1,9453.90625,9453.90625,4150.0,2278.0496987951806
Holmfirth,4985.0,1,8894.234375,8894.234375,4985.0,1784.1994734202608
Holsworthy,3470.0,2,15783.421875,7891.7109375,1735.0,4548.536563400577
Holt (North Norfolk),4015.0,1,5719.140625,5719.140625,4015.0,1424.4434931506848
Holton le Clay,3825.0,1,11709.3125,11709.3125,3825.0,3061.2581699346406
Holywell Green and Stainland,2800.0,1,6525.109375,6525.109375,2800.0,2330.3962053571427
Honiton,12155.0,3,29547.272529069767,9849.090843023256,4051.6666666666665,2430.873922589039
Honley,14395.0,4,35874.671875,8968.66796875,3598.75,2492.1619920111148
Hoo St Werburgh,8760.0,2,24768.234375,12384.1171875,4380.0,2827.424015410959
Hook (Hart),9065.0,2,21927.84375,10963.921875,4532.5,2418.9568394925536
Hookwood,665.0,2,5965.84375,2982.921875,332.5,8971.193609022557
Hopton on Sea,2575.0,1,10575.421875,10575.421875,2575.0,4106.959951456311
Horam,1795.0,1,8995.538461538461,8995.538461538461,1795.0,5011.442039854295
Horbury,9865.0,2,15019.234375,7509.6171875,4932.5,1522.4768753167766
Horden,6805.0,1,9742.734375,9742.734375,6805.0,1431.7023328434975
Horley (Reigate and Banstead),27070.0,3,25020.953125,8340.317708333334,9023.333333333334,924.3056196896933
Horncastle,7295.0,2,20376.984375,10188.4921875,3647.5,2793.2809287183004
Horndean,34050.0,6,53640.049278846156,8940.008213141025,5675.0,1575.331843725291
Hornsea,8790.0,3,25082.015625,8360.671875,2930.0,2853.4716296928327
Horsford,4395.0,1,11976.96875,11976.96875,4395.0,2725.1350967007966
Horsham,50215.0,7,60058.622767857145,8579.80325255102,7173.571428571428,1196.0295283850871
Horsmonden,1580.0,1,6899.6875,6899.6875,1580.0,4366.89082278481
Horwich,20700.0,8,53120.396990740745,6640.049623842593,2587.5,2566.2027531758813
Houghton Regis,18820.0,3,20096.995535714286,6698.998511904762,6273.333333333333,1067.8531102930012
Houghton on the Hill,1735.0,1,4047.28125,4047.28125,1735.0,2332.726945244957
Houghton-le-Spring,12555.0,4,44670.140625,11167.53515625,3138.75,3557.9562425328554
Hoveton and Wroxham,3620.0,2,16918.15625,8459.078125,1810.0,4673.52382596685
Howden,4575.0,1,9278.703125,9278.703125,4575.0,2028.1318306010928
Hoylake,5315.0,1,5049.625,5049.625,5315.0,950.0705550329257
Hoyland,15535.0,5,59354.390625,11870.878125,3107.0,3820.688163823624
Hucknall,35840.0,7,65877.40077702703,9411.057253861003,5120.0,1838.0971198947273
Huddersfield,141675.0,34,235843.89562649716,6936.58516548521,4166.911764705882,1664.6825172154379
Hugglescote,4630.0,1,11275.5625,11275.5625,4630.0,2435.326673866091
Hugh Town,950.0,1,3663.140625,3663.140625,950.0,3855.9375
Hughenden Valley,1815.0,1,6521.046875,6521.046875,1815.0,3592.8632920110194
Hullbridge,5710.0,1,15341.8125,15341.8125,5710.0,2686.8323117338005
Humberston and New Waltham,14860.0,3,22245.821139705884,7415.273713235295,4953.333333333333,1497.0269945966274
Huncoat,1255.0,1,3624.730769230769,3624.730769230769,1255.0,2888.231688630095
Hungerford,5185.0,1,7333.546875,7333.546875,5185.0,1414.3774108003856
Hunmanby,2900.0,1,10026.84375,10026.84375,2900.0,3457.532327586207
Hunstanton,4230.0,2,14932.347426470587,7466.173713235294,2115.0,3530.105774579335
Huntingdon,25600.0,5,51568.242647058825,10313.648529411765,5120.0,2014.3844784007351
Huntington (South Staffordshire),4715.0,1,15775.484375,15775.484375,4715.0,3345.807926829268
Huntington (York),12420.0,4,28091.35472972973,7022.8386824324325,3105.0,2261.7837946642294
Hurley (North Warwickshire),1420.0,1,11571.28125,11571.28125,1420.0,8148.789612676056
Hurworth-on-Tees,2665.0,1,9392.65625,9392.65625,2665.0,3524.4488742964354
Huthwaite,5065.0,1,14989.453125,14989.453125,5065.0,2959.4181885488647
Huyton with Roby,59845.0,12,115311.21354166667,9609.267795138889,4987.083333333333,1926.8312063107473
Hyde (Tameside),35895.0,9,75641.54342672414,8404.615936302682,3988.3333333333335,2107.300276548938
Hythe,14620.0,3,29166.578125,9722.192708333334,4873.333333333333,1994.9779839261287
Hythe and Dibden Purlieu,19855.0,3,37045.90625,12348.635416666666,6618.333333333333,1865.8225258121379
Ibstock,6810.0,2,21783.479166666668,10891.739583333334,3405.0,3198.7487763093495
Ilchester,2060.0,1,3975.765625,3975.765625,2060.0,1929.983313106796
Ilfracombe,9200.0,3,21555.065625,7185.021874999999,3066.6666666666665,2342.9419157608695
Ilkeston,38725.0,8,57936.234375,7242.029296875,4840.625,1496.09385087153
Ilkley,14845.0,2,19615.076231060608,9807.538115530304,7422.5,1321.3254450023985
Illogan,1095.0,1,13461.3125,13461.3125,1095.0,12293.436073059362
Ilminster,5965.0,2,14215.765625,7107.8828125,2982.5,2383.1962489522216
Immingham,9770.0,2,20375.58823529412,10187.79411764706,4885.0,2085.5259196821003
Ince-in-Makerfield,12185.0,2,21000.453125,10500.2265625,6092.5,1723.467634386541
Ingatestone,5410.0,1,8434.5,8434.5,5410.0,1559.0573012939
Ingleby Barwick,23380.0,2,31670.1875,15835.09375,11690.0,1354.5845808383235
Ingleton,1755.0,1,6407.28125,6407.28125,1755.0,3650.872507122507
Ipswich,151565.0,29,231027.7405441372,7966.4738118668,5226.379310344828,1524.2815989452524
Irchester,4545.0,1,4684.04347826087,4684.04347826087,4545.0,1030.5926244798393
Irlam,19715.0,7,47709.70123106061,6815.67160443723,2816.4285714285716,2419.9696287629017
Irthlingborough,9310.0,1,17010.265625,17010.265625,9310.0,1827.0962003222342
Istead Rise,3395.0,1,8053.09375,8053.09375,3395.0,2372.04528718704
Iver,3265.0,1,6014.424242424242,6014.424242424242,3265.0,1842.0901201911922
Iver Heath,5150.0,1,8325.53125,8325.53125,5150.0,1616.6080097087379
Ivybridge,12490.0,2,18327.640625,9163.8203125,6245.0,1467.3851581265012
Iwade,4530.0,1,7044.126984126984,7044.126984126984,4530.0,1554.99491923333
Ixworth,2295.0,1,6063.78125,6063.78125,2295.0,2642.170479302832
Jacksdale and Westwood,2755.0,1,9963.471698113208,9963.471698113208,2755.0,3616.5051535801117
Jarrow,29470.0,7,88170.34375,12595.763392857143,4210.0,2991.867789277231
Jaywick,5085.0,2,25035.004310344826,12517.502155172413,2542.5,4923.3046824670255
Joyden's Wood,4910.0,1,7351.5,7351.5,4910.0,1497.2505091649696
Kearsley,11115.0,1,13784.671875,13784.671875,11115.0,1240.186403508772
Keele,2605.0,1,2884.109375,2884.109375,2605.0,1107.1437140115163
Kegworth,4290.0,1,6710.78125,6710.78125,4290.0,1564.2846736596737
Keighley,48750.0,12,92977.78363415258,7748.148636179382,4062.5,1907.2365873672325
Kelloe,1435.0,1,8421.546875,8421.546875,1435.0,5868.673780487806
Kelsall,2995.0,1,8231.109375,8231.109375,2995.0,2748.283597662771
Kelvedon and Feering,4770.0,1,9527.015625,9527.015625,4770.0,1997.2779088050315
Kempston,22785.0,3,26508.30350378788,8836.101167929293,7595.0,1163.4102920249234
Kendal,28940.0,5,58613.640625,11722.728125,5788.0,2025.3504016931583
Kenilworth,22235.0,4,34560.90625,8640.2265625,5558.75,1554.3470317067686
Kennington,4595.0,1,7203.111111111111,7203.111111111111,4595.0,1567.597630274453
Keresley Newlands,3630.0,1,5453.46875,5453.46875,3630.0,1502.3329889807162
Kesgrave,14950.0,2,11164.741586538461,5582.3707932692305,7475.0,746.8054572935425
Kessingland,4240.0,1,13303.258064516129,13303.258064516129,4240.0,3137.560864272672
Keswick,4465.0,2,9786.890625,4893.4453125,2232.5,2191.9127939529676
Kettering,63150.0,14,123172.17496843434,8798.01249774531,4510.714285714285,1950.4699124059277
Keynsham,19255.0,3,36250.46070739831,12083.486902466104,6418.333333333333,1882.651815497186
Keyworth,6820.0,2,12607.140625,6303.5703125,3410.0,1848.5543438416423
Kibworth Beauchamp and Kibworth Harcourt,7330.0,1,10490.277777777777,10490.277777777777,7330.0,1431.1429437623162
Kidderminster,57560.0,10,90282.03125,9028.203125,5756.0,1568.485601980542
Kidlington,14640.0,2,27615.390625,13807.6953125,7320.0,1886.297173838798
Kidsgrove,15595.0,4,41249.02083333333,10312.255208333332,3898.75,2645.015763599444
Kilburn and Horsley Woodhouse,4450.0,1,16776.3125,16776.3125,4450.0,3769.9578651685392
Killamarsh,9080.0,2,23267.4375,11633.71875,4540.0,2562.493116740088
Killingworth,12180.0,3,32413.71875,10804.572916666666,4060.0,2661.224856321839
Kimberley,4470.0,1,14833.765625,14833.765625,4470.0,3318.5157997762863
Kimbolton,1055.0,1,3497.296875,3497.296875,1055.0,3314.9733412322275
Kineton,2235.0,1,5522.203125,5522.203125,2235.0,2470.7843959731545
King's Lynn,47615.0,11,109650.09375,9968.19034090909,4328.636363636364,2302.8477108054185
Kings Hill,9970.0,1,10403.890625,10403.890625,9970.0,1043.5196213640922
Kings Worthy,4630.0,1,5867.25,5867.25,4630.0,1267.2246220302377
Kingsbridge,5680.0,3,21280.845982142855,7093.615327380951,1893.3333333333333,3746.627813757545
Kingsbury,3550.0,1,5038.129032258064,5038.129032258064,3550.0,1419.1912766924124
Kingsclere,2890.0,1,5536.307692307692,5536.307692307692,2890.0,1915.6774021825925
Kingskerswell,3765.0,1,9776.75,9776.75,3765.0,2596.746347941567
Kingsley (Cheshire West and Chester),1550.0,1,3863.265625,3863.265625,1550.0,2492.4294354838707
Kingsteignton,11940.0,1,15213.640625,15213.640625,11940.0,1274.1742567001675
Kingston upon Hull,270810.0,53,460433.304753261,8687.420844401151,5109.622641509434,1700.2079123860308
Kingswinford,51910.0,7,64105.921875,9157.988839285714,7415.714285714285,1234.9435922750915
Kingswood and Fishponds,160270.0,22,203773.50159423897,9262.431890647225,7285.0,1271.438831935103
Kington,2425.0,1,7888.03125,7888.03125,2425.0,3252.7963917525776
Kinver,4650.0,1,10344.359375,10344.359375,4650.0,2224.5934139784945
Kippax,10300.0,2,16621.243125,8310.6215625,5150.0,1613.7129247572816
Kirby Cross,6035.0,1,5406.625,5406.625,6035.0,895.8782104391053
Kirk Sandall and Edenthorpe,13085.0,3,20358.25,6786.083333333333,4361.666666666667,1555.8463889950324
Kirkburton,4035.0,1,8761.640625,8761.640625,4035.0,2171.4103159851297
Kirkby,45560.0,10,96450.265625,9645.0265625,4556.0,2116.9944167032486
Kirkby Lonsdale,1965.0,1,5510.09375,5510.09375,1965.0,2804.1189567430024
Kirkby Stephen,1895.0,1,5461.28125,5461.28125,1895.0,2881.942612137203
Kirkby-in-Ashfield,21270.0,4,49015.88392857143,12253.970982142857,5317.5,2304.4609275303915
Kirkbymoorside,2765.0,1,10579.5625,10579.5625,2765.0,3826.24321880651
Kirkham,8935.0,4,30913.971875,7728.49296875,2233.75,3459.873740906547
Kirkheaton,3490.0,1,5455.484375,5455.484375,3490.0,1563.1760386819485
Kirton (Boston),5570.0,1,15436.203125,15436.203125,5570.0,2771.3111535008975
Kirton in Lindsey,3065.0,1,8988.9375,8988.9375,3065.0,2932.769168026101
Kiveton Park,7100.0,2,18734.04107142857,9367.020535714286,3550.0,2638.597334004024
Knaresborough,15785.0,6,43524.545928030304,7254.09098800505,2630.8333333333335,2757.3358205910863
Knebworth,4195.0,1,7678.176470588235,7678.176470588235,4195.0,1830.3162027623923
Knottingley,9510.0,3,30934.84375,10311.614583333334,3170.0,3252.8752628811776
Knowle and Dorridge,19320.0,2,19651.141666666666,9825.570833333333,9660.0,1017.1398378191856
Knowsley,2345.0,1,5048.046875,5048.046875,2345.0,2152.6852345415778
Knutsford,13255.0,3,30836.9375,10278.979166666666,4418.333333333333,2326.4381365522445
Laceby,3285.0,1,4559.938775510204,4559.938775510204,3285.0,1388.1092162892555
Lakenheath,4570.0,1,7302.84375,7302.84375,4570.0,1597.996444201313
Lambourn,3140.0,1,6484.546875,6484.546875,3140.0,2065.142316878981
Lancaster,52655.0,8,69197.0936913696,8649.6367114212,6581.875,1314.1599789453917
Lanchester,3510.0,1,10988.96875,10988.96875,3510.0,3130.760327635328
Lancing and Sompting,27930.0,5,37640.0,7528.0,5586.0,1347.6548514142498
Lane End,3445.0,1,4927.90625,4927.90625,3445.0,1430.4517416545718
Langford (Central Bedfordshire),3710.0,1,5818.796875,5818.796875,3710.0,1568.4088611859838
Langho,1725.0,1,6155.515625,6155.515625,1725.0,3568.4148550724635
Langley Park,4030.0,1,15314.421875,15314.421875,4030.0,3800.104683622829
Langold,2605.0,1,8257.078125,8257.078125,2605.0,3169.7036948176583
Langport,3575.0,1,7916.6875,7916.6875,3575.0,2214.458041958042
Langwith,3010.0,1,6812.809523809524,6812.809523809524,3010.0,2263.3918683752568
Larkfield,26150.0,3,43214.98114224138,14404.99371408046,8716.666666666666,1652.5805408122899
Launceston,8425.0,3,26330.296875,8776.765625,2808.3333333333335,3125.257789317507
Lavenham,1225.0,1,7707.217391304348,7707.217391304348,1225.0,6291.606033717835
Lawford,4490.0,1,11930.3125,11930.3125,4490.0,2657.085189309577
Leadgate,3340.0,1,11039.444444444445,11039.444444444445,3340.0,3305.2228875582173
Leatherhead,11485.0,2,12856.095074152541,6428.047537076271,5742.5,1119.3813734569037
Lechlade-on-Thames,2205.0,1,7577.71875,7577.71875,2205.0,3436.607142857143
Ledbury,8345.0,2,19849.25,9924.625,4172.5,2378.5799880167765
Lee-on-the-Solent,24315.0,3,40225.359375,13408.453125,8105.0,1654.3433837137568
Leek,19385.0,7,51489.01388888889,7355.5734126984125,2769.285714285714,2656.1265869945264
Lees,12630.0,2,19480.921875,9740.4609375,6315.0,1542.4324524940619
Leicester,406580.0,89,665476.6171521817,7477.265361260468,4568.314606741573,1636.7667301691713
Leicester Forest East and Kirby Muxloe,13850.0,3,17364.489583333332,5788.163194444444,4616.666666666667,1253.7537605294824
Leigh (Wigan),45495.0,10,84978.60096153847,8497.860096153847,4549.5,1867.8668196843273
Leighton Buzzard,42735.0,7,67809.79166666667,9687.113095238095,6105.0,1586.7507117507118
Leiston,5920.0,1,11887.953125,11887.953125,5920.0,2008.1001900337835
Leominster,11205.0,4,30349.203125,7587.30078125,2801.25,2708.5411088799647
Lepton,4950.0,1,6225.046875,6225.046875,4950.0,1257.5852272727273
Letchworth,33990.0,8,64492.3125,8061.5390625,4248.75,1897.3907766990292
Leven (East Riding of Yorkshire),2350.0,1,6780.8125,6780.8125,2350.0,2885.452127659574
Lewes,16060.0,4,25472.84375,6368.2109375,4015.0,1586.1048412204234
Leyburn,2410.0,1,6901.265625,6901.265625,2410.0,2863.595695020747
Leyland,39295.0,6,66148.79206730769,11024.798677884615,6549.166666666667,1683.389542366909
Leysdown-on-Sea,930.0,1,8128.671875,8128.671875,930.0,8740.507392473119
Lichfield,32580.0,7,49508.71169354839,7072.673099078341,4654.285714285715,1519.604410483376
Lightwater,6535.0,1,10580.359375,10580.359375,6535.0,1619.0297436878348
Lincoln,104555.0,19,212366.88565867004,11177.204508351055,5502.894736842105,2031.1499752156283
Lingdale,1325.0,1,8034.984375,8034.984375,1325.0,6064.139150943396
Lingfield,3620.0,1,8473.578125,8473.578125,3620.0,2340.767437845304
Linthwaite and Slaithwaite,9245.0,1,11953.22033898305,11953.22033898305,9245.0,1292.9389225508978
Linton (South Cambridgeshire),4455.0,1,9280.375,9280.375,4455.0,2083.1369248035917
Liphook,7130.0,1,15670.838709677419,15670.838709677419,7130.0,2197.8735918201146
Liskeard,10900.0,3,34805.8125,11601.9375,3633.3333333333335,3193.1938073394494
Liss,4745.0,1,10230.796875,10230.796875,4745.0,2156.121575342466
Litherland,18750.0,3,46698.984375,15566.328125,6250.0,2490.6125
Little Chalfont,6505.0,1,5987.203125,5987.203125,6505.0,920.4001729438893
Little Clacton,2455.0,1,3896.09375,3896.09375,2455.0,1587.003564154786
Little Eaton,1875.0,1,3321.3333333333335,3321.3333333333335,1875.0,1771.377777777778
Little Hulton,25825.0,2,23108.203125,11554.1015625,12912.5,894.7997337850919
Little Lever,12525.0,2,18771.567708333336,9385.783854166668,6262.5,1498.7279607451765
Little Paxton,4030.0,1,7196.5,7196.5,4030.0,1785.7320099255583
Little Waltham,1035.0,1,9013.0,9013.0,1035.0,8708.212560386473
Littleborough,12160.0,5,26521.246693857374,5304.249338771475,2432.0,2181.0235767974814
Littlehampton,19065.0,2,31501.9375,15750.96875,9532.5,1652.3439548911617
Littleport,9165.0,2,19133.590544871797,9566.795272435898,4582.5,2087.6803649614617
Littlestone-on-Sea,5270.0,1,8746.46875,8746.46875,5270.0,1659.6714895635673
Liverpool,506565.0,107,950334.1448951844,8881.6275223849,4734.252336448598,1876.0359379254082
Liversedge,17525.0,1,10426.21875,10426.21875,17525.0,594.9340228245363
Locking,3820.0,1,12291.015625,12291.015625,3820.0,3217.5433573298433
Locks Heath,35755.0,4,38590.734375,9647.68359375,8938.75,1079.3101489302194
Loddon,2245.0,1,9140.71875,9140.71875,2245.0,4071.589643652561
Lofthouse and Robin Hood,4185.0,1,10168.109375,10168.109375,4185.0,2429.655764635603
Loftus,4270.0,2,20954.775675675675,10477.387837837838,2135.0,4907.441610228496
Loggerheads,2520.0,1,6262.272727272727,6262.272727272727,2520.0,2485.02886002886
London Colney,7930.0,1,7400.609375,7400.609375,7930.0,933.2420397225725
Long Ashton,5180.0,1,7711.421875,7711.421875,5180.0,1488.6914816602316
Long Buckby,3820.0,1,8569.046875,8569.046875,3820.0,2243.2059882198955
Long Clawson,660.0,1,4706.296875,4706.296875,660.0,7130.752840909091
Long Eaton,37820.0,8,56144.173295454544,7018.021661931818,4727.5,1484.5101347290995
Long Hanborough,3035.0,1,10416.578125,10416.578125,3035.0,3432.1509472817133
Long Melford,3895.0,1,12272.96875,12272.96875,3895.0,3150.9547496790756
Long Stratton,5220.0,1,6901.546875,6901.546875,5220.0,1322.1354166666665
Long Sutton (South Holland),5375.0,1,13643.609375,13643.609375,5375.0,2538.345930232558
Longbenton,26880.0,5,37415.14537226776,7483.029074453552,5376.0,1391.9324915278187
"Longfield, New Ash Green and Hartley",16075.0,2,20240.625,10120.3125,8037.5,1259.136858475894
Longford,2535.0,1,9632.515625,9632.515625,2535.0,3799.80892504931
Longridge (Ribble Valley),8740.0,2,18232.46875,9116.234375,4370.0,2086.0948226544624
Longton,10910.0,2,25211.109375,12605.5546875,5455.0,2310.82579055912
Longtown,2175.0,1,8039.71875,8039.71875,2175.0,3696.4224137931033
Looe,5310.0,2,15784.274671052632,7892.137335526316,2655.0,2972.556435226484
Lostock Gralam,2720.0,1,9416.125,9416.125,2720.0,3461.810661764706
Lostwithiel,3070.0,1,5925.390625,5925.390625,3070.0,1930.0946661237786
Loughborough,64860.0,16,100004.04438049853,6250.252773781158,4053.75,1541.8446558818769
Loughton,33345.0,6,44949.671875,7491.611979166667,5557.5,1348.0183498275603
Louth,17420.0,3,35337.984375,11779.328125,5806.666666666667,2028.5869331228473
Lowdham,1845.0,1,9849.1875,9849.1875,1845.0,5338.313008130081
Lower Nazeing,3630.0,1,6127.28125,6127.28125,3630.0,1687.956267217631
Lower Stondon,3965.0,1,6215.953125,6215.953125,3965.0,1567.705706179067
Lower Willingdon,6130.0,2,20773.171875,10386.5859375,3065.0,3388.7719208809135
Lowestoft,71315.0,13,130713.709375,10054.900721153846,5485.7692307692305,1832.9062521909839
Ludgershall (Wiltshire),5395.0,1,11824.65625,11824.65625,5395.0,2191.7805838739573
Ludlow,10040.0,2,20192.605357142857,10096.302678571428,5020.0,2011.215673022197
Luton,233525.0,44,326380.10072721663,7417.729561982196,5307.386363636364,1397.6238121281087
Lutterworth,10520.0,2,23968.3125,11984.15625,5260.0,2278.3567015209123
Lydd,3910.0,1,6673.03125,6673.03125,3910.0,1706.6576086956522
Lydiate,6515.0,1,11852.90625,11852.90625,6515.0,1819.325594781274
Lydney,9660.0,2,27590.89230769231,13795.446153846155,4830.0,2856.200031852206
Lyme Regis,3740.0,1,2405.0,2405.0,3740.0,643.0481283422461
Lyminge,1920.0,1,6998.894736842105,6998.894736842105,1920.0,3645.257675438596
Lymington,14865.0,4,31829.90625,7957.4765625,3716.25,2141.2651362260344
Lymm,11545.0,2,14198.030303030304,7099.015151515152,5772.5,1229.7990734543355
Lyndhurst,2460.0,1,4963.333333333333,4963.333333333333,2460.0,2017.6151761517613
Lyneham,4645.0,1,5783.078125,5783.078125,4645.0,1245.0114370290635
Lynemouth,1685.0,1,13545.296875,13545.296875,1685.0,8038.751854599406
Lytchett Matravers,3455.0,1,7553.234375,7553.234375,3455.0,2186.1749276410997
Lytham St Anne's,42695.0,11,109521.29464285714,9956.481331168832,3881.3636363636365,2565.2018888126745
Mablethorpe,7630.0,1,8909.625,8909.625,7630.0,1167.7096985583223
Macclesfield,54345.0,9,97478.44818181818,10830.938686868687,6038.333333333333,1793.6967187748307
Madeley,3290.0,1,8042.328125,8042.328125,3290.0,2444.476633738602
Maghull,20370.0,4,44849.29332107843,11212.323330269608,5092.5,2201.732612718627
Maidenhead,67375.0,13,87574.53125,6736.502403846154,5182.692307692308,1299.8075139146567
Maidstone,109490.0,15,130540.5823431273,8702.70548954182,7299.333333333333,1192.2603191444634
Maldon,23380.0,5,47550.372242647056,9510.07444852941,4676.0,2033.805485143159
Malmesbury,7180.0,2,17593.286458333336,8796.643229166668,3590.0,2450.3184482358406
Malpas,1360.0,1,5697.359375,5697.359375,1360.0,4189.234834558823
Maltby,16310.0,4,35188.98863636363,8797.247159090908,4077.5,2157.510032885569
Malton,6320.0,1,6836.617647058823,6836.617647058823,6320.0,1081.7432985852568
Manchester,470405.0,98,819071.2211418984,8357.86960348876,4800.051020408163,1741.204326361111
Mansfield Woodhouse,19520.0,2,33373.99519230769,16686.997596153844,9760.0,1709.7333602616643
Marazion,1350.0,1,5649.703125,5649.703125,1350.0,4184.965277777777
March,21345.0,4,43753.115056818184,10938.278764204546,5336.25,2049.8062804787155
Marchwood,5775.0,1,5394.765625,5394.765625,5775.0,934.1585497835497
Marden (Maidstone),3490.0,1,10172.4375,10172.4375,3490.0,2914.7385386819483
Margate,63320.0,11,107488.03371710527,9771.639428827752,5756.363636363636,1697.5368559239619
Market Bosworth,2105.0,1,5509.859375,5509.859375,2105.0,2617.5103919239905
Market Deeping,6535.0,2,22718.1875,11359.09375,3267.5,3476.386763580719
Market Drayton,12060.0,2,24404.515625,12202.2578125,6030.0,2023.591677031509
Market Harborough,24165.0,6,63046.27935606061,10507.7132260101,4027.5,2608.9914900087156
Market Lavington,1810.0,1,9823.984375,9823.984375,1810.0,5427.61567679558
Market Rasen,4960.0,2,14804.964488636364,7402.482244318182,2480.0,2984.8718727089445
Market Warsop,6975.0,2,19999.953125,9999.9765625,3487.5,2867.3767921146955
Market Weighton,7460.0,1,16639.7,16639.7,7460.0,2230.5227882037534
Markfield,4760.0,1,12781.78125,12781.78125,4760.0,2685.248161764706
Markyate,3175.0,1,5733.890625,5733.890625,3175.0,1805.9498031496064
Marlborough,8830.0,2,14741.46875,7370.734375,4415.0,1669.475509626274
Marlow,14645.0,3,14131.984375,4710.661458333333,4881.666666666667,964.9699129395698
Marlow Bottom,3340.0,1,4521.890625,4521.890625,3340.0,1353.859468562874
Marnhull,1465.0,1,13158.140625,13158.140625,1465.0,8981.665955631399
Marple,12970.0,3,18690.640625,6230.213541666667,4323.333333333333,1441.067126060139
Marple Bridge,4705.0,1,10910.875,10910.875,4705.0,2318.9957492029753
Marsden,3690.0,1,5965.078125,5965.078125,3690.0,1616.552337398374
Marston Moretaine,6350.0,1,10308.88,10308.88,6350.0,1623.4456692913384
Martham,3635.0,1,11213.666666666666,11213.666666666666,3635.0,3084.9151765245297
Martlesham Heath,2730.0,2,12940.28125,6470.140625,1365.0,4740.029761904762
Martock,4080.0,1,6278.953125,6278.953125,4080.0,1538.959099264706
Maryport,8525.0,3,26209.257056451614,8736.419018817205,2841.6666666666665,3074.399654715732
Masham,1110.0,1,4036.234375,4036.234375,1110.0,3636.2471846846847
Matlock,11990.0,2,24249.609375,12124.8046875,5995.0,2022.4861864053375
Mattishall,2200.0,1,7895.9375,7895.9375,2200.0,3589.0625
Mayfield (Wealden),2255.0,1,6219.863636363636,6219.863636363636,2255.0,2758.2543841967345
Mayland,3740.0,1,5909.777777777777,5909.777777777777,3740.0,1580.1544860368388
Measham,5370.0,1,11553.40625,11553.40625,5370.0,2151.47229981378
Meden Vale,2095.0,1,6425.35294117647,6425.35294117647,2095.0,3066.994243998315
Melbourn,4900.0,1,7228.546875,7228.546875,4900.0,1475.2136479591838
Melbourne (South Derbyshire),4865.0,1,6676.4375,6676.4375,4865.0,1372.3406988694758
Melksham,18280.0,5,54724.31960227273,10944.863920454545,3656.0,2993.671750671375
Meltham,8325.0,3,26322.157451923078,8774.05248397436,2775.0,3161.8207149457153
Melton Mowbray,27450.0,6,40868.50833333333,6811.418055555555,4575.0,1488.8345476624165
Menston,5905.0,1,6132.296875,6132.296875,5905.0,1038.4922734970364
Meols,5020.0,1,12920.57142857143,12920.57142857143,5020.0,2573.819009675584
Meopham,4350.0,1,6500.640625,6500.640625,4350.0,1494.400143678161
Mere (Wiltshire),2805.0,1,7366.2,7366.2,2805.0,2626.096256684492
Meriden,2205.0,1,7130.774193548387,7130.774193548387,2205.0,3233.9111988881573
Merley,5490.0,1,6861.484375,6861.484375,5490.0,1249.8150045537338
Merriott,2070.0,1,4348.8125,4348.8125,2070.0,2100.8756038647343
Messingham,3380.0,1,5265.0,5265.0,3380.0,1557.6923076923076
Metheringham,3525.0,1,9615.984375,9615.984375,3525.0,2727.938829787234
Mevagissey,1875.0,1,7787.078125,7787.078125,1875.0,4153.108333333333
Mexborough,15555.0,4,39181.33774038462,9795.334435096154,3888.75,2518.890243676285
Mickletown,3355.0,1,10836.1875,10836.1875,3355.0,3229.8621460506706
Middlesbrough,148215.0,31,341366.5056385548,11011.822762534026,4781.129032258064,2303.18460100904
Middlestown and Overton,2410.0,1,4187.1875,4187.1875,2410.0,1737.4221991701245
Middleton (Rochdale),46630.0,10,87482.53717273523,8748.253717273523,4663.0,1876.0998750318513
Middleton Cheney,4125.0,1,14651.625,14651.625,4125.0,3551.909090909091
Middleton St George,4755.0,1,11132.1875,11132.1875,4755.0,2341.154048370137
Middleton-in-Teesdale,880.0,1,3970.71875,3970.71875,880.0,4512.180397727272
Middlewich,14425.0,2,25051.9375,12525.96875,7212.5,1736.702772963605
Midhurst,5370.0,2,9848.15625,4924.078125,2685.0,1833.921089385475
Midsomer Norton,13745.0,3,23574.264583333334,7858.0881944444445,4581.666666666667,1715.1156481144658
Milborne Port,3205.0,1,5377.546875,5377.546875,3205.0,1677.8617394695787
Mildenhall (West Suffolk),9685.0,2,11003.7,5501.85,4842.5,1136.1590087764587
Milford and Witley,6485.0,1,8096.71875,8096.71875,6485.0,1248.5302621434078
Milford on Sea,4365.0,2,11407.915625,5703.9578125,2182.5,2613.4972794959904
Millbrook,2295.0,1,6644.125,6644.125,2295.0,2895.043572984749
Millom,5690.0,2,15626.84375,7813.421875,2845.0,2746.369727592267
Milnthorpe,1875.0,1,8826.052631578947,8826.052631578947,1875.0,4707.228070175439
Milton (South Cambridgeshire),4150.0,1,8819.796875,8819.796875,4150.0,2125.2522590361446
Milton Keynes,197340.0,26,200510.62025988754,7711.946933072598,7590.0,1016.0667896011329
Milton-under-Wychwood and Shipton-under-Wychwood,2965.0,1,7276.9375,7276.9375,2965.0,2454.279089376054
Minchinhampton,3410.0,1,6084.4375,6084.4375,3410.0,1784.2925219941349
Minehead,11750.0,4,24987.703125,6246.92578125,2937.5,2126.613031914894
Minster (Swale),16740.0,2,27572.153846153844,13786.076923076922,8370.0,1647.0820696627147
Minster (Thanet),4740.0,1,8461.46875,8461.46875,4740.0,1785.1199894514768
Mirfield,19610.0,3,28685.46875,9561.822916666666,6536.666666666667,1462.7979984701683
Mitcheldean,2165.0,1,10109.515625,10109.515625,2165.0,4669.522228637414
Mobberley,1350.0,1,3753.4,3753.4,1350.0,2780.296296296296
Modbury,1690.0,1,4454.453125,4454.453125,1690.0,2635.771079881657
Moor Park,5850.0,1,3071.640625,3071.640625,5850.0,525.0667735042736
Moorends,5195.0,1,11126.328125,11126.328125,5195.0,2141.7378488931663
Morecambe,32750.0,6,64462.734375,10743.7890625,5458.333333333333,1968.3277671755725
Moreton-in-Marsh,5010.0,1,13927.84375,13927.84375,5010.0,2780.00873253493
Moretonhampstead,1335.0,1,4758.703125,4758.703125,1335.0,3564.571629213483
Morley (Leeds),32550.0,8,62800.82966188525,7850.103707735656,4068.75,1929.3649665709754
Morpeth,14420.0,5,45461.79978197675,9092.35995639535,2884.0,3152.6906922313974
Mortimer,2930.0,2,21477.896537162163,10738.948268581082,1465.0,7330.340115072411
Mossley,11410.0,2,19909.661458333332,9954.830729166666,5705.0,1744.9308903009055
Moulton (West Northamptonshire),4955.0,1,11833.046875,11833.046875,4955.0,2388.1022956609486
Mountsorrel,12885.0,2,20837.328125,10418.6640625,6442.5,1617.1771924718664
Much Wenlock,1765.0,1,10464.03125,10464.03125,1765.0,5928.629603399433
Mulbarton,3805.0,1,8362.921875,8362.921875,3805.0,2197.87697109067
Mullion,2150.0,1,6784.333333333333,6784.333333333333,2150.0,3155.503875968992
Mundesley,2780.0,1,7706.078125,7706.078125,2780.0,2771.970548561151
Murton (County Durham),7240.0,2,27890.365625,13945.1828125,3620.0,3852.260445441989
Mytholmroyd,3855.0,1,10458.34375,10458.34375,3855.0,2712.929636835279
Nailsea,15925.0,3,24551.398561507936,8183.7995205026455,5308.333333333333,1541.6890776457103
Nailsworth,5660.0,1,6953.342857142857,6953.342857142857,5660.0,1228.5058051489145
Nantwich,18740.0,4,34377.421875,8594.35546875,4685.0,1834.4408684631803
Needham Market,5050.0,1,12901.890625,12901.890625,5050.0,2554.829826732673
Nelson (Pendle),33805.0,8,68141.04017857143,8517.63002232143,4225.625,2015.7089240813914
Neston (Cheshire West and Chester),14960.0,3,35255.078125,11751.692708333334,4986.666666666667,2356.6228693181815
Netherton (Kirklees),3150.0,1,5252.96875,5252.96875,3150.0,1667.609126984127
Netherton (Wakefield),2335.0,1,5362.5,5362.5,2335.0,2296.5738758029975
Netley,6305.0,1,6633.233333333334,6633.233333333334,6305.0,1052.0592122653977
Nettleham,3420.0,1,8600.5,8600.5,3420.0,2514.7660818713452
New Alresford,5340.0,1,13830.1875,13830.1875,5340.0,2589.922752808989
New Marske,2990.0,1,12737.96875,12737.96875,2990.0,4260.190217391305
New Mills,9200.0,2,14457.09375,7228.546875,4600.0,1571.4232336956522
New Milton,11870.0,6,53840.288194444445,8973.38136574074,1978.3333333333333,4535.828828512591
New Ollerton and Ollerton,10870.0,3,29044.953125,9681.651041666666,3623.3333333333335,2672.028806347746
New Romney,3870.0,1,13072.514285714286,13072.514285714286,3870.0,3377.910668143226
New Rossington and Rossington,13910.0,3,30806.34375,10268.78125,4636.666666666667,2214.6904205607475
Newark-on-Trent,29755.0,9,80293.0625,8921.451388888889,3306.1111111111113,2698.472945723408
Newbiggin-by-the-Sea,5950.0,2,18098.09375,9049.046875,2975.0,3041.6964285714284
Newbold Verdon,3095.0,1,10457.734375,10457.734375,3095.0,3378.912560581583
Newborough (Peterborough),1465.0,1,13050.171875,13050.171875,1465.0,8907.967150170649
Newburn,1475.0,1,11884.34375,11884.34375,1475.0,8057.182203389831
Newbury,42260.0,7,65956.57291666667,9422.367559523811,6037.142857142857,1560.732913314403
Newcastle upon Tyne,286445.0,51,543641.716653245,10659.641503004805,5616.568627450981,1897.892149114996
Newcastle-under-Lyme,76505.0,15,157714.69044650468,10514.312696433646,5100.333333333333,2061.495202228674
Newent,5360.0,1,12777.875,12777.875,5360.0,2383.931902985075
Newhaven,12850.0,2,14789.4375,7394.71875,6425.0,1150.9289883268484
Newhey,2710.0,1,7254.734375,7254.734375,2710.0,2677.023754612546
Newick,2685.0,1,6342.918918918919,6342.918918918919,2685.0,2362.3534148673816
Newington,2690.0,1,2681.828125,2681.828125,2690.0,996.962128252788
Newlyn,3360.0,1,10318.484375,10318.484375,3360.0,3070.977492559524
Newmarket,18855.0,4,19056.453125,4764.11328125,4713.75,1010.6843343940599
Newnham (Forest of Dean),1055.0,1,5405.78125,5405.78125,1055.0,5123.963270142181
Newport (Isle of Wight),25405.0,3,39173.453125,13057.817708333334,8468.333333333334,1541.958398937217
Newport (Telford and Wrekin),14190.0,3,30189.0625,10063.020833333334,4730.0,2127.488548273432
Newport (Uttlesford),2945.0,1,12467.28125,12467.28125,2945.0,4233.372241086588
Newport Pagnell,15250.0,3,17218.536317567567,5739.512105855855,5083.333333333333,1129.0843486929552
Newquay,24545.0,4,45922.484375,11480.62109375,6136.25,1870.9506773273579
Newton Abbot,29650.0,5,41549.171875,8309.834375,5930.0,1401.321142495784
Newton Aycliffe,25765.0,6,75872.0625,12645.34375,4294.166666666667,2944.7724626431204
Newton Ferrers,950.0,1,4524.871794871795,4524.871794871795,950.0,4763.02294197031
Newton and Blackwell,3055.0,1,10336.171875,10336.171875,3055.0,3383.3623158756136
Newton-le-Willows,24650.0,5,46072.015625,9214.403125,4930.0,1869.0472870182555
Niton,1200.0,1,4965.09375,4965.09375,1200.0,4137.578125
Normanton (Wakefield),21980.0,5,51523.59375,10304.71875,4396.0,2344.112545495905
North Anston,6605.0,1,9752.078125,9752.078125,6605.0,1476.4690575321727
North Ascot,435.0,1,7133.109375,7133.109375,435.0,16397.9525862069
North Baddesley,7000.0,1,9130.90625,9130.90625,7000.0,1304.4151785714287
North Ferriby,3965.0,1,6751.671875,6751.671875,3965.0,1702.8176229508197
North Hykeham,16845.0,4,39619.03125,9904.7578125,4211.25,2351.975734639359
North Petherton,3180.0,1,3567.235294117647,3567.235294117647,3180.0,1121.7721050684424
North Tawton,1785.0,1,6491.894736842105,6491.894736842105,1785.0,3636.9158189591626
North Walsham,12825.0,2,32337.5,16168.75,6412.5,2521.442495126706
North Weald Bassett,4325.0,1,8193.796875,8193.796875,4325.0,1894.5195086705203
North Wingfield and Holmewood,9540.0,2,19063.75,9531.875,4770.0,1998.2966457023063
Northallerton,13310.0,3,32115.296875,10705.098958333334,4436.666666666667,2412.8697877535687
Northam,5190.0,1,15454.109375,15454.109375,5190.0,2977.6703998073217
Northampton,243520.0,41,429481.90611027903,10475.168441714122,5939.512195121952,1763.6412044607384
Northfleet,29900.0,4,25522.52644230769,6380.631610576923,7475.0,853.5962020838693
Northleach,1995.0,1,5625.8,5625.8,1995.0,2819.949874686717
Northway,4860.0,1,9685.78125,9685.78125,4860.0,1992.9591049382716
Northwich,18640.0,7,65567.46383928572,9366.780548469387,2662.8571428571427,3517.5678025367874
Norton Canes,8150.0,2,15187.328125,7593.6640625,4075.0,1863.4758435582821
Norton Fitzwarren,3770.0,1,6288.0,6288.0,3770.0,1667.9045092838196
Norton-on-Derwent,7905.0,1,9476.6875,9476.6875,7905.0,1198.8219481340923
Norwich,200770.0,39,310997.7631663884,7974.301619650984,5147.948717948718,1549.0250693150788
Nottingham,299790.0,55,418391.41295052576,7607.116599100468,5450.727272727273,1395.6149736499742
Nuneaton,88815.0,18,179259.33396584442,9958.851886991357,4934.166666666667,2018.345256610307
Nuthall and Watnall,9585.0,1,3614.375,3614.375,9585.0,377.0865936358894
Oadby,24030.0,6,42404.672321428574,7067.445386904762,4005.0,1764.6555273170443
Oakenshaw,1570.0,1,3010.0,3010.0,1570.0,1917.1974522292994
Oakham,12160.0,3,31139.0625,10379.6875,4053.3333333333335,2560.7781661184213
Oakley (Basingstoke and Deane),5265.0,1,9085.96875,9085.96875,5265.0,1725.7300569800568
Oakworth,3685.0,1,5438.375,5438.375,3685.0,1475.8141112618725
Odiham,5090.0,1,6481.117647058823,6481.117647058823,5090.0,1273.3040563966254
Okehampton,9110.0,2,20792.10357142857,10396.051785714286,4555.0,2282.3384820448487
Old Arley,550.0,1,6917.15625,6917.15625,550.0,12576.647727272726
Old Basing,3835.0,1,6543.078125,6543.078125,3835.0,1706.1481421121252
Old Sarum,4015.0,1,6866.421875,6866.421875,4015.0,1710.1922478206725
Old Trafford,21445.0,12,68127.44435307018,5677.287029422515,1787.0833333333333,3176.845155190962
Old Tupton,4190.0,1,8284.890625,8284.890625,4190.0,1977.3008651551313
Old Windsor and Wraysbury,7690.0,2,12100.470000000001,6050.235000000001,3845.0,1573.5331599479846
Oldbury (Sandwell),45180.0,12,117594.36350953489,9799.53029246124,3765.0,2602.7968904279523
Oldham,110720.0,32,248702.07510672198,7771.939847085062,3460.0,2246.225389330943
Olney,6600.0,1,10418.9375,10418.9375,6600.0,1578.626893939394
Ormesby St Margaret,2740.0,1,6457.8125,6457.8125,2740.0,2356.8658759124087
Ormskirk,27715.0,6,55619.375,9269.895833333334,4619.166666666667,2006.832942449937
Orrell,23410.0,4,44592.890625,11148.22265625,5852.5,1904.8650416488679
Ossett,21855.0,4,35224.152644230766,8806.038161057691,5463.75,1611.7205510972667
Oswaldtwistle,10810.0,3,28229.265625,9409.755208333334,3603.3333333333335,2611.402925531915
Oswestry,17510.0,4,60367.609375,15091.90234375,4377.5,3447.6076170759566
Otford and Kemsing,7335.0,2,15058.5,7529.25,3667.5,2052.9652351738246
Otley (Leeds),14540.0,3,24085.00082236842,8028.33360745614,4846.666666666667,1656.4649809056684
Ottery St Mary,6045.0,2,16654.890625,8327.4453125,3022.5,2755.1514681555004
Oughtibridge,3130.0,1,5947.703125,5947.703125,3130.0,1900.2246405750798
Oundle,6255.0,2,11385.5625,5692.78125,3127.5,1820.2338129496402
Over,2895.0,1,4563.390625,4563.390625,2895.0,1576.3007340241797
Overseal and Castle Gresley,5055.0,1,6475.8125,6475.8125,5055.0,1281.070722057369
Overton (Basingstoke and Deane),4350.0,1,8778.140625,8778.140625,4350.0,2017.9633620689654
Oxenhope,1900.0,1,7213.015625,7213.015625,1900.0,3796.3240131578946
Oxford,170805.0,27,203917.86560893137,7552.513541071532,6326.111111111111,1193.863561423444
Oxted,11490.0,3,23360.84375,7786.947916666667,3830.0,2033.1456701479547
Paddock Wood,7610.0,1,17551.25,17551.25,7610.0,2306.340341655716
Padiham,10125.0,3,28123.71599264706,9374.57199754902,3375.0,2777.6509622367466
Padstow,2350.0,1,5059.625,5059.625,2350.0,2153.0319148936173
Pagham,1290.0,1,11290.34375,11290.34375,1290.0,8752.204457364342
Paignton,67520.0,11,106158.296875,9650.754261363636,6138.181818181818,1572.2496575088862
Painswick,1835.0,1,6051.015625,6051.015625,1835.0,3297.556198910082
Palgrave,975.0,1,633.4,633.4,975.0,649.6410256410256
Pangbourne,3275.0,1,6421.9473684210525,6421.9473684210525,3275.0,1960.8999598232222
Papworth Everard,3820.0,1,9373.46875,9373.46875,3820.0,2453.7876308900522
Parbold,2410.0,1,8546.328125,8546.328125,2410.0,3546.194242738589
Partington,7710.0,2,19444.96875,9722.484375,3855.0,2522.045233463035
Patchway,16520.0,5,19536.819602272728,3907.3639204545457,3304.0,1182.6161986847899
Pateley Bridge,1345.0,1,4744.84375,4744.84375,1345.0,3527.764869888476
Patrington,1460.0,1,4228.921875,4228.921875,1460.0,2896.5218321917805
Pattingham,1775.0,1,6119.359375,6119.359375,1775.0,3447.5264084507044
Paulton,6505.0,1,9899.166666666666,9899.166666666666,6505.0,1521.7781193953367
Peacehaven,15700.0,3,30007.0,10002.333333333334,5233.333333333333,1911.2738853503183
Peasedown St John,6670.0,1,11415.421875,11415.421875,6670.0,1711.4575524737631
Peasmarsh (Rother),900.0,1,3939.53125,3939.53125,900.0,4377.256944444444
Pegswood,3300.0,1,7998.546875,7998.546875,3300.0,2423.8020833333335
Pelsall,10455.0,2,15394.016129032258,7697.008064516129,5227.5,1472.407090294812
Pembury,5785.0,1,11217.484375,11217.484375,5785.0,1939.0638504753672
Penistone,8540.0,1,7712.913793103448,7712.913793103448,8540.0,903.1514980214811
Penkridge,8370.0,2,18289.984375,9144.9921875,4185.0,2185.1833183990443
Penrith,16700.0,4,34701.171875,8675.29296875,4175.0,2077.914483532934
Penryn,11195.0,2,15679.3125,7839.65625,5597.5,1400.5638677981242
Penwortham,20485.0,5,39801.45104166667,7960.290208333334,4097.0,1942.955872182898
Penzance,14960.0,4,46972.78422619047,11743.196056547618,3740.0,3139.89199372931
Perranporth,2750.0,1,9197.666666666666,9197.666666666666,2750.0,3344.6060606060605
Pershore,8210.0,2,21870.318181818184,10935.159090909092,4105.0,2663.8633595393644
Perton,9300.0,1,7657.8378378378375,7657.8378378378375,9300.0,823.4234234234233
Peterborough,190605.0,29,279746.0001257658,9646.4137974402,6572.586206896552,1467.673986127152
Peterlee,19750.0,6,78479.28053489703,13079.880089149505,3291.6666666666665,3973.6344574631407
Petersfield,14995.0,3,30431.520359848484,10143.840119949495,4998.333333333333,2029.4445054917296
Petworth,2590.0,1,6057.210526315789,6057.210526315789,2590.0,2338.691322901849
Pevensey Bay,2890.0,1,5414.078125,5414.078125,2890.0,1873.3834342560554
Pewsey,3795.0,1,7983.703125,7983.703125,3795.0,2103.7425889328065
Pheasey,9495.0,1,9367.6875,9367.6875,9495.0,986.5916271721958
Pickering,7255.0,1,19147.296875,19147.296875,7255.0,2639.1863370089595
Piddlehinton,450.0,1,8879.939393939394,8879.939393939394,450.0,19733.19865319865
Pilning,1400.0,1,6754.75,6754.75,1400.0,4824.821428571428
Pinchbeck,4275.0,1,10490.296875,10490.296875,4275.0,2453.870614035088
Pitstone,4110.0,1,6859.03125,6859.03125,4110.0,1668.8640510948906
Platt Bridge and Abram,10590.0,3,35951.440625,11983.813541666668,3530.0,3394.848028800756
Plymouth,266955.0,47,414723.6092482044,8823.90657974903,5679.893617021276,1553.5337762851582
Pocklington,10120.0,2,19847.3125,9923.65625,5060.0,1961.1968873517787
Polegate,10065.0,2,17678.15625,8839.078125,5032.5,1756.3990312965723
Polesworth,1955.0,1,5712.75,5712.75,1955.0,2922.1227621483376
Polesworth and Dordon,7555.0,1,10606.6875,10606.6875,7555.0,1403.929516876241
Polperro,575.0,1,3378.140625,3378.140625,575.0,5875.027173913043
Pontefract,32975.0,5,62578.07862903226,12515.615725806452,6595.0,1897.7430971654967
Ponteland,10150.0,3,31727.28125,10575.760416666666,3383.3333333333335,3125.840517241379
Pontesbury,1965.0,1,6236.828125,6236.828125,1965.0,3173.958333333333
Pool-in-Wharfedale,1990.0,1,2680.8852459016393,2680.8852459016393,1990.0,1347.178515528462
Poole,141005.0,25,196334.7372071902,7853.3894882876075,5640.2,1392.3955690024482
Poringland,7105.0,1,10490.328125,10490.328125,7105.0,1476.4712350457426
Porlock,1180.0,1,4929.3125,4929.3125,1180.0,4177.3834745762715
Porthleven,3115.0,1,5882.65625,5882.65625,3115.0,1888.4931781701443
Portishead,26355.0,2,13493.78125,6746.890625,13177.5,512.0008062986151
Portsmouth,223305.0,33,260386.990959407,7890.514877557788,6766.818181818182,1166.0598327821008
Potters Bar,23400.0,4,34435.96875,8608.9921875,5850.0,1471.622596153846
Potton,5230.0,1,5993.305555555556,5993.305555555556,5230.0,1145.9475249628213
Poulton-le-Fylde,12795.0,2,19208.249053030304,9604.124526515152,6397.5,1501.2308755787656
Poynton,13010.0,2,23374.734375,11687.3671875,6505.0,1796.6744331283628
Preesall and Knott End-on-Sea,4680.0,1,1393.6666666666667,1393.6666666666667,4680.0,297.7920227920228
Prescot,39225.0,9,95572.640625,10619.182291666666,4358.333333333333,2436.5236615678778
Prestbury (Cheshire East),2630.0,1,6914.4375,6914.4375,2630.0,2629.063688212928
Preston (Preston),94490.0,24,196238.26593579416,8176.594413991424,3937.0833333333335,2076.815175529624
Prestwich,31495.0,7,59446.234375,8492.31919642857,4499.285714285715,1887.4816439117321
Prestwood and Great Missenden,7595.0,2,16915.078125,8457.5390625,3797.5,2227.133393680053
Primrose Valley,415.0,1,13780.296875,13780.296875,415.0,33205.53463855422
Princes Risborough,7530.0,2,14602.883928571428,7301.441964285714,3765.0,1939.2940144185163
Probus,2565.0,1,1486.3846153846155,1486.3846153846155,2565.0,579.4871794871796
Prudhoe,10280.0,2,14570.740625,7285.3703125,5140.0,1417.3872203307394
Puckeridge and Standon,3860.0,1,6326.62962962963,6326.62962962963,3860.0,1639.023220111303
Pudsey,34850.0,8,60897.57638888889,7612.197048611111,4356.25,1747.4196955204845
Purton,3190.0,1,7596.51282051282,7596.51282051282,3190.0,2381.3519813519815
Quedgeley and Hardwicke,21125.0,3,18964.984375,6321.661458333333,7041.666666666667,897.7507396449704
Queenborough,3915.0,2,6851.796875,3425.8984375,1957.5,1750.139687100894
Queensbury,9705.0,2,17831.03125,8915.515625,4852.5,1837.303580628542
Queniborough,3090.0,1,3243.8372093023254,3243.8372093023254,3090.0,1049.7855046285842
Quorndon,5575.0,1,7773.078125,7773.078125,5575.0,1394.2741031390133
Rackheath,1760.0,1,4911.390625,4911.390625,1760.0,2790.5628551136365
Radcliffe,31115.0,6,51708.5,8618.083333333334,5185.833333333333,1661.8511971717821
Radcliffe on Trent,7205.0,2,14280.953125,7140.4765625,3602.5,1982.0892609299099
Radlett,8185.0,2,7937.739583333333,3968.8697916666665,4092.5,969.7910303400529
Radstock,9980.0,2,21565.71875,10782.859375,4990.0,2160.893662324649
Rainford,5575.0,2,13925.546875,6962.7734375,2787.5,2497.855941704036
Rainworth,7985.0,2,16613.15625,8306.578125,3992.5,2080.5455541640576
Ramsbottom,17075.0,3,30726.828125,10242.276041666666,5691.666666666667,1799.5214128843338
Ramsey,5730.0,1,11635.3125,11635.3125,5730.0,2030.5955497382197
Ramsgate,42030.0,8,83222.38566468254,10402.798208085318,5253.75,1980.0710365139792
Ratby,4265.0,1,7004.75,7004.75,4265.0,1642.3798358733882
Raunds,10230.0,2,19132.90625,9566.453125,5115.0,1870.2743157380255
Ravenshead,5370.0,1,11322.765625,11322.765625,5370.0,2108.522462756052
Rawdon,6740.0,1,6687.375,6687.375,6740.0,992.1921364985163
Rawmarsh,18895.0,7,54531.39732142857,7790.199617346939,2699.285714285714,2886.0226155823534
Rawnsley,2470.0,1,8232.921875,8232.921875,2470.0,3333.1667510121456
Rawtenstall,23680.0,8,41971.987132352944,5246.498391544118,2960.0,1772.4656728189586
Rayleigh,32380.0,5,39731.365327380954,7946.273065476191,6476.0,1227.0341361142976
Read,2050.0,1,4564.615384615385,4564.615384615385,2050.0,2226.641651031895
Reading,203795.0,30,231335.99364095583,7711.199788031861,6793.166666666667,1135.1406739172003
Red Lodge,5775.0,1,6573.125,6573.125,5775.0,1138.2034632034631
Redbourn,5185.0,1,8308.578125,8308.578125,5185.0,1602.425867888139
Redcar,37660.0,6,61235.35044642857,10205.89174107143,6276.666666666667,1626.005056994917
Reddish,22200.0,5,49897.640625,9979.528125,4440.0,2247.6414695945946
Redditch,81635.0,12,92409.7482827645,7700.812356897041,6802.916666666667,1131.9868718412997
Redhill (Reigate and Banstead),32525.0,3,21060.09375,7020.03125,10841.666666666666,647.5048039969255
Redruth,15455.0,3,26320.46875,8773.489583333334,5151.666666666667,1703.0390650274992
Reepham (Broadland),2315.0,1,7214.78125,7214.78125,2315.0,3116.536177105832
Reigate,23780.0,4,33161.59375,8290.3984375,5945.0,1394.516137510513
Rendlesham,3190.0,1,6035.703125,6035.703125,3190.0,1892.0699451410658
Renishaw,2425.0,1,4452.0625,4452.0625,2425.0,1835.9020618556701
Retford,23740.0,4,33579.17261904762,8394.793154761905,5935.0,1414.4554599430337
Reydon,2370.0,1,4620.75,4620.75,2370.0,1949.6835443037974
Richings Park,1790.0,1,2914.90625,2914.90625,1790.0,1628.4392458100558
Richmond,8075.0,2,17210.3125,8605.15625,4037.5,2131.308049535604
Rickmansworth,26290.0,8,42125.890625,5265.736328125,3286.25,1602.3541508178014
Ringmer,3220.0,1,8062.90625,8062.90625,3220.0,2504.0081521739135
Ringwood,12785.0,5,47359.95588235294,9471.991176470587,2557.0,3704.3375739032413
Ripley (Amber Valley),20180.0,4,32656.921875,8164.23046875,5045.0,1618.2815597125868
Ripon,16590.0,3,32657.75,10885.916666666666,5530.0,1968.5201928872816
Ripponden,4775.0,1,11959.4375,11959.4375,4775.0,2504.5942408376964
Rishton,6655.0,2,14024.28125,7012.140625,3327.5,2107.3300150262958
Roade,3575.0,1,6371.706896551724,6371.706896551724,3575.0,1782.2956353990835
Robertsbridge,1440.0,1,4525.428571428572,4525.428571428572,1440.0,3142.65873015873
Rochdale,111255.0,25,204307.52184774505,8172.300873909802,4450.2,1836.3895721337922
Roche,2310.0,1,8350.46875,8350.46875,2310.0,3614.9215367965367
Rochester,67285.0,15,102458.765625,6830.584375,4485.666666666667,1522.7579048079067
Rochford,12615.0,2,19644.125,9822.0625,6307.5,1557.2037257233453
Romanby,3825.0,1,8832.328125,8832.328125,3825.0,2309.1053921568628
Romiley,10900.0,2,20392.34375,10196.171875,5450.0,1870.857224770642
Romsey,19920.0,4,36795.65625,9198.9140625,4980.0,1847.171498493976
Ross-on-Wye,10990.0,3,30610.89172149123,10203.630573830409,3663.3333333333335,2785.3404660137608
Rothbury,2025.0,1,8413.28125,8413.28125,2025.0,4154.706790123457
Rotherfield,1220.0,1,4524.068181818182,4524.068181818182,1220.0,3708.2526080476905
Rotherham,71535.0,17,151355.958255313,8903.291662077234,4207.941176470588,2115.8308276411963
Rothwell (Leeds),20965.0,4,38322.697916666664,9580.674479166666,5241.25,1827.9369385483742
Rothwell (North Northamptonshire),8620.0,2,18810.801075268817,9405.400537634408,4310.0,2182.227502931417
Rowlands Castle,2970.0,1,9488.0,9488.0,2970.0,3194.6127946127945
Rowlands Gill,5255.0,1,12553.328125,12553.328125,5255.0,2388.8350380589914
Rowley Regis,39050.0,5,36300.63169642857,7260.1263392857145,7810.0,929.5936413938175
Royal Leamington Spa,51310.0,12,73610.07654936975,6134.173045780813,4275.833333333333,1434.6146277405915
Royal Sutton Coldfield,93375.0,16,118517.12661240787,7407.320413275492,5835.9375,1269.2597227567107
Royal Tunbridge Wells,51220.0,7,74579.37367584746,10654.19623940678,7317.142857142857,1456.059618817795
Royal Wootton Bassett,13005.0,3,35933.75,11977.916666666666,4335.0,2763.0718954248364
Roydon (Epping Forest),1585.0,1,4148.328125,4148.328125,1585.0,2617.241719242902
Royston (Barnsley),10755.0,2,18641.5,9320.75,5377.5,1733.2868433286844
Royston (North Hertfordshire),17445.0,4,31047.734375,7761.93359375,4361.25,1779.7497492118086
Royton,22990.0,4,39160.37746710527,9790.094366776317,5747.5,1703.365701048511
Ruddington,7490.0,1,11184.03125,11184.03125,7490.0,1493.1950934579438
Rudgwick,2145.0,1,6013.984375,6013.984375,2145.0,2803.722319347319
Rufford (West Lancashire),1560.0,1,5612.59375,5612.59375,1560.0,3597.8165064102564
Rugby,78120.0,11,97594.5872790404,8872.235207185491,7101.818181818182,1249.2906717747105
Rugeley,26145.0,5,48696.82203389831,9739.364406779661,5229.0,1862.5672990590288
Runcorn,61645.0,13,120678.0654233871,9282.928109491315,4741.923076923077,1957.6294172015103
Runcton,470.0,1,12852.953125,12852.953125,470.0,27346.708776595744
Rushall and Shelfield,12845.0,2,19153.84085648148,9576.92042824074,6422.5,1491.1514874644984
Rushden,31685.0,4,35282.53125,8820.6328125,7921.25,1113.5405160170428
Ruskington,5650.0,1,11737.390625,11737.390625,5650.0,2077.4142699115046
Rusthall and Langton Green,7780.0,1,8132.515625,8132.515625,7780.0,1045.3104916452442
Rustington,33885.0,3,30454.110219594593,10151.370073198197,11295.0,898.7490104646479
Ryde,24105.0,5,46615.21875,9323.04375,4821.0,1933.8402302426882
Rye,4885.0,2,11377.375,5688.6875,2442.5,2329.042988741044
Ryton,8805.0,1,10780.296875,10780.296875,8805.0,1224.3380891538898
Sacriston,5190.0,2,23676.640625,11838.3203125,2595.0,4561.973145472062
Saffron Walden,16610.0,2,28074.421875,14037.2109375,8305.0,1690.2120334136062
Salcombe,1585.0,1,654.5,654.5,1585.0,412.9337539432177
Sale,62550.0,10,96186.25641801076,9618.625641801076,6255.0,1537.7499027659594
Salford,108410.0,23,197397.67916853185,8582.507789936168,4713.478260869565,1820.843825925024
Salfords,1870.0,1,3958.3125,3958.3125,1870.0,2116.744652406417
Salisbury,47690.0,9,90040.83724303714,10004.537471448572,5298.888888888889,1888.0443959538086
Saltash,15435.0,3,30801.3564484127,10267.118816137567,5145.0,1995.5527339431617
Saltburn-by-the-Sea,5875.0,2,17490.015625,8745.0078125,2937.5,2977.023936170213
Saltford,4135.0,1,6898.203125,6898.203125,4135.0,1668.247430471584
Sandbach,11290.0,3,25042.75,8347.583333333334,3763.3333333333335,2218.135518157662
Sandford (Dorset),2000.0,1,4196.0,4196.0,2000.0,2098.0
Sandhurst (Bracknell Forest),20215.0,2,12902.203125,6451.1015625,10107.5,638.2489797180311
Sandown,11655.0,4,22021.276218220337,5505.319054555084,2913.75,1889.4273889506937
Sandwich,4260.0,1,6356.046875,6356.046875,4260.0,1492.0297828638497
Sandy,11375.0,2,25264.859375,12632.4296875,5687.5,2221.0865384615386
Saughall,2660.0,1,5919.46875,5919.46875,2660.0,2225.3641917293235
Sawbridgeworth,10475.0,2,25464.484375,12732.2421875,5237.5,2430.9770286396183
Sawston,7270.0,2,19042.359375,9521.1796875,3635.0,2619.306654057772
Sawtry,5875.0,1,11058.859375,11058.859375,5875.0,1882.3590425531916
Saxilby,4430.0,1,10707.984375,10707.984375,4430.0,2417.152229119639
Saxmundham,4780.0,1,9244.125,9244.125,4780.0,1933.9173640167364
Scarborough,59505.0,12,136523.71846821473,11376.976539017895,4958.75,2294.3234764845765
Scawthorpe and Cusworth,13015.0,3,28868.756737012987,9622.918912337662,4338.333333333333,2218.114232578793
Scotter,2950.0,1,7520.328125,7520.328125,2950.0,2549.263771186441
Scunthorpe,81265.0,18,168914.07641992404,9384.115356662447,4514.722222222223,2078.5587450922785
Seaford,23865.0,4,36277.0625,9069.265625,5966.25,1520.0948041064319
Seaham,21665.0,7,80345.07002160576,11477.86714594368,3095.0,3708.5192717103973
Seahouses and North Sunderland,1680.0,1,4674.304347826087,4674.304347826087,1680.0,2782.324016563147
Seascale,1710.0,1,4626.8125,4626.8125,1710.0,2705.7383040935674
Seaton (East Devon),7435.0,3,24407.22886029412,8135.742953431373,2478.3333333333335,3282.7476611021007
Seaton Burn,1355.0,1,17009.640625,17009.640625,1355.0,12553.240313653136
Seaton Delaval,8010.0,2,20298.53125,10149.265625,4005.0,2534.148720349563
Seaton Sluice,2955.0,1,6894.0,6894.0,2955.0,2332.9949238578683
Seaview and Nettlestone,2050.0,1,8237.28125,8237.28125,2050.0,4018.1859756097565
Sedbergh,1450.0,1,2584.0,2584.0,1450.0,1782.0689655172414
Sedgefield,4980.0,1,13841.40625,13841.40625,4980.0,2779.3988453815264
Sedgley,31990.0,7,54100.40044642857,7728.628635204082,4570.0,1691.1660033269325
Seghill,2795.0,1,7183.3125,7183.3125,2795.0,2570.0581395348836
Selby,19475.0,5,56406.91892291837,11281.383784583673,3895.0,2896.3758111896464
Selsey,10735.0,2,20020.910282258064,10010.455141129032,5367.5,1865.0126019802576
Selston,6275.0,1,8939.46875,8939.46875,6275.0,1424.6165338645417
Send,4095.0,1,8574.34375,8574.34375,4095.0,2093.856837606838
Settle,2710.0,1,9491.921875,9491.921875,2710.0,3502.554197416974
Sevenoaks,26475.0,6,39476.10610465116,6579.35101744186,4412.5,1491.0710521114697
Shaftesbury,9160.0,2,12225.1875,6112.59375,4580.0,1334.6274563318777
Shaldon,1715.0,1,3292.453125,3292.453125,1715.0,1919.7977405247811
Shalford (Guildford),2510.0,1,3786.703125,3786.703125,2510.0,1508.6466633466136
Shanklin,9120.0,3,33882.875,11294.291666666666,3040.0,3715.227521929825
Sharlston,2165.0,2,11974.617063492064,5987.308531746032,1082.5,5531.000953114117
Sharnbrook,1740.0,1,6328.28125,6328.28125,1740.0,3636.9432471264367
Shavington,4975.0,1,12898.59375,12898.59375,4975.0,2592.6821608040204
Shaw (Oldham),18240.0,5,33028.026041666664,6605.6052083333325,3648.0,1810.747041758041
Sheerness,13250.0,6,43287.63315217391,7214.605525362319,2208.3333333333335,3266.991181296144
Sheffield,500535.0,106,992391.4034426264,9362.183051345532,4722.028301886792,1982.6613592308756
Shefford,7310.0,2,27291.303819444445,13645.651909722223,3655.0,3733.420495136039
Shelf and Northowram,9195.0,2,19707.078125,9853.5390625,4597.5,2143.2385127786843
Shenley,3555.0,1,6968.84375,6968.84375,3555.0,1960.293600562588
Shenstone,2195.0,1,5071.015625,5071.015625,2195.0,2310.257687927107
Shepperton,5915.0,1,12440.59375,12440.59375,5915.0,2103.2280219780223
Shepshed,14870.0,3,30515.098214285714,10171.699404761905,4956.666666666667,2052.1249639734847
Shepton Mallet,9645.0,2,21417.230113636364,10708.615056818182,4822.5,2220.5526297186484
Sherborne,10360.0,4,27584.65625,6896.1640625,2590.0,2662.611607142857
Sherburn (County Durham),2795.0,1,8615.21875,8615.21875,2795.0,3082.3680679785334
Sherburn in Elmet,8570.0,1,11384.546875,11384.546875,8570.0,1328.4185385064177
Sheringham,7090.0,2,12300.15625,6150.078125,3545.0,1734.859837799718
Shevington,5320.0,1,4988.40625,4988.40625,5320.0,937.6703477443608
Shifnal,8980.0,1,9323.109375,9323.109375,8980.0,1038.208170935412
Shilbottle,1785.0,1,16750.4375,16750.4375,1785.0,9383.998599439776
Shildon,9645.0,4,32306.475446428572,8076.618861607143,2411.25,3349.5568114493076
Shiney Row and Penshaw,16900.0,2,21719.34171195652,10859.67085597826,8450.0,1285.1681486364805
Shinfield,5420.0,1,8526.5,8526.5,5420.0,1573.1549815498156
Shipston-on-Stour,5850.0,1,5630.40625,5630.40625,5850.0,962.4626068376069
Shirebrook,11575.0,3,31318.43125,10439.477083333333,3858.3333333333335,2705.6960043196545
Shiremoor,6955.0,1,19718.0625,19718.0625,6955.0,2835.091660675773
Shirland and Stonebroom,3990.0,1,8419.671875,8419.671875,3990.0,2110.1934523809523
Shoreham-by-Sea,23660.0,5,35542.890625,7108.578125,4732.0,1502.2354448436179
Shortstown,4840.0,1,5015.95652173913,5015.95652173913,4840.0,1036.3546532518862
Shrewsbury,76015.0,13,113978.95798611111,8767.612152777778,5847.307692307692,1499.4271918188663
Shrivenham and Watchfield,5350.0,1,6457.28125,6457.28125,5350.0,1206.9684579439252
Sible Hedingham,4260.0,1,7510.75,7510.75,4260.0,1763.086854460094
Sidmouth,13265.0,3,23690.37130376344,7896.790434587813,4421.666666666667,1785.9307428393095
Sileby,8955.0,2,13760.878125,6880.4390625,4477.5,1536.6698073701841
Silkstone,1680.0,1,7995.171875,7995.171875,1680.0,4759.030877976191
Silloth,2540.0,1,9868.046875,9868.046875,2540.0,3885.0578248031497
Silsden,8395.0,2,16307.328125,8153.6640625,4197.5,1942.5048391899938
Silver End,3915.0,1,7219.625,7219.625,3915.0,1844.0932311621966
Silverdale,1055.0,1,3588.25,3588.25,1055.0,3401.1848341232226
Sittingbourne,54390.0,11,91598.03757316053,8327.094324832775,4944.545454545455,1684.0970320492836
Skegness,20700.0,5,69180.46306818182,13836.092613636365,4140.0,3342.051355950813
Skellingthorpe,3115.0,1,6820.28125,6820.28125,3115.0,2189.496388443018
Skelmersdale,34915.0,5,53075.53125,10615.10625,6983.0,1520.1355076614636
Skelton (Redcar and Cleveland),6895.0,2,22408.78125,11204.390625,3447.5,3250.0045322697606
Skipton,15050.0,4,28520.56236869748,7130.14059217437,3762.5,1895.0539779865435
Sleaford,18030.0,4,51737.03125,12934.2578125,4507.5,2869.49701885746
Slough,166855.0,30,217710.36375987937,7257.012125329313,5561.833333333333,1304.787772376491
Smallfield,2610.0,1,11489.828125,11489.828125,2610.0,4402.2329980842915
Smethwick,56340.0,13,80771.79537776412,6213.215029058779,4333.846153846154,1433.649190233655
Snaith,3555.0,1,8422.953125,8422.953125,3555.0,2369.3257735583684
Snettisham,2710.0,1,13176.390625,13176.390625,2710.0,4862.1367619926195
Snodland,11830.0,2,17012.84375,8506.421875,5915.0,1438.1102071005919
Soham,10615.0,2,24708.975183823528,12354.487591911764,5307.5,2327.7414209913827
Solihull,107735.0,22,162044.69999807703,7365.668181730774,4897.045454545455,1504.1045156919945
Somercotes and Swanwick,15100.0,4,31876.5,7969.125,3775.0,2111.026490066225
Somersham (Huntingdonshire),3350.0,1,8373.8125,8373.8125,3350.0,2499.64552238806
Somerton,5100.0,1,9761.984375,9761.984375,5100.0,1914.1145833333333
Sonning Common,5265.0,1,9625.375,9625.375,5265.0,1828.1813865147199
South Anston,2525.0,1,5876.875,5876.875,2525.0,2327.4752475247524
South Brent,2645.0,1,6908.28125,6908.28125,2645.0,2611.826559546314
South Cave,4820.0,1,6987.28125,6987.28125,4820.0,1449.6434128630706
South Cerney,4000.0,1,6165.25,6165.25,4000.0,1541.3125
South Darenth and Sutton at Hone,4090.0,1,4627.390625,4627.390625,4090.0,1131.3913508557457
South Elmsall,11185.0,3,37465.72625,12488.575416666667,3728.3333333333335,3349.6402548055435
South Hayling,15305.0,3,25533.91452991453,8511.304843304844,5101.666666666667,1668.3380940813154
South Hetton,2880.0,1,8544.078125,8544.078125,2880.0,2966.693793402778
South Kirkby,8885.0,2,18560.440789473683,9280.220394736842,4442.5,2088.9635103515684
South Merstham,9955.0,3,29202.70614919355,9734.235383064517,3318.3333333333335,2933.4712354790104
South Milford,2410.0,1,10866.285714285714,10866.285714285714,2410.0,4508.832246591583
South Molton,6225.0,2,22513.03125,11256.515625,3112.5,3616.551204819277
South Ockendon,22440.0,2,22283.46875,11141.734375,11220.0,993.0244540998218
South Petherton,3100.0,2,10585.953125,5292.9765625,1550.0,3414.8235887096776
South Shields,73345.0,13,131275.14460784313,10098.088046757164,5641.923076923077,1789.8308624697409
South Woodham Ferrers,16025.0,3,23579.60216346154,7859.867387820513,5341.666666666667,1471.4260320412818
Southampton,249620.0,37,290846.7755436867,7860.723663342884,6746.486486486487,1165.158142551425
Southborough,9630.0,1,14606.265625,14606.265625,9630.0,1516.7461708203532
Southbourne,4155.0,1,7279.777777777777,7279.777777777777,4155.0,1752.0524134242546
Southend-on-Sea,182305.0,36,278993.40417422453,7749.8167826173485,5064.027777777777,1530.366167544634
Southminster,4545.0,1,8508.890625,8508.890625,4545.0,1872.1431518151815
Southport,94440.0,22,221789.94318181818,10081.361053719009,4292.727272727273,2348.4746207308153
Southwater,11205.0,1,8734.203125,8734.203125,11205.0,779.4915774207943
Southwell (Newark and Sherwood),7410.0,2,13834.855263157895,6917.4276315789475,3705.0,1867.0519923290008
Southwick (Adur),12240.0,2,18501.921875,9250.9609375,6120.0,1511.5949244281046
Southwold,950.0,1,4230.5625,4230.5625,950.0,4453.223684210526
Sowerby,4725.0,1,6880.96875,6880.96875,4725.0,1456.2896825396824
Sowerby Bridge,4485.0,2,18270.203125,9135.1015625,2242.5,4073.6238851727985
Spalding,30550.0,2,19536.921875,9768.4609375,15275.0,639.5064443535188
Spennymoor,20410.0,3,30068.515625,10022.838541666666,6803.333333333333,1473.2246754042135
Spilsby,3670.0,1,9015.875,9015.875,3670.0,2456.641689373297
Spixworth,3420.0,1,8700.84375,8700.84375,3420.0,2544.1063596491226
Sprotbrough,7550.0,2,12626.00360576923,6313.001802884615,3775.0,1672.3183583800305
St Agnes,3250.0,1,6641.765625,6641.765625,3250.0,2043.6201923076922
St Albans,75540.0,13,95830.00864361702,7371.539126432079,5810.7692307692305,1268.5995319515096
St Austell,24360.0,5,54414.734375,10882.946875,4872.0,2233.7739891215106
St Blazey,6575.0,1,17328.272727272728,17328.272727272728,6575.0,2635.478741790529
St Columb Major,3665.0,1,6127.454545454545,6127.454545454545,3665.0,1671.883914175865
St Day,1430.0,1,9661.2,9661.2,1430.0,6756.083916083917
St Dennis,2365.0,1,9139.203125,9139.203125,2365.0,3864.3565010570824
St Helens (St. Helens),107680.0,27,246385.21155677259,9125.378205806392,3988.1481481481483,2288.1241786475907
St Ives (Cornwall),5410.0,1,4586.125,4586.125,5410.0,847.7125693160813
St Ives (Huntingdonshire),16820.0,4,36473.88143382353,9118.470358455883,4205.0,2168.482843865846
St Just,1830.0,1,8371.609375,8371.609375,1830.0,4574.64993169399
St Martins,2690.0,1,7143.6875,7143.6875,2690.0,2655.6459107806695
St Mawes,640.0,1,1528.015625,1528.015625,640.0,2387.5244140625
St Neots,33265.0,5,47009.353191844915,9401.870638368982,6653.0,1413.1776098555513
St Osyth,2250.0,1,9972.5,9972.5,2250.0,4432.222222222223
St Stephen,2340.0,1,5984.403508771929,5984.403508771929,2340.0,2557.437396911081
Stafford,71690.0,17,124323.67350036738,7313.157264727493,4217.058823529412,1734.1843144143868
Staines-upon-Thames,21325.0,5,33996.109375,6799.221875,4265.0,1594.1903575615474
Stainforth,6000.0,1,11904.265625,11904.265625,6000.0,1984.0442708333333
Stakeford,8190.0,2,19591.28125,9795.640625,4095.0,2392.0978327228327
Stalbridge,2370.0,1,6457.636363636364,6457.636363636364,2370.0,2724.7410817031073
Stalham,3380.0,1,10730.4375,10730.4375,3380.0,3174.685650887574
Stalybridge,26830.0,6,57115.640625,9519.2734375,4471.666666666667,2128.79763790533
Stamford,20750.0,4,49685.65625,12421.4140625,5187.5,2394.4894578313256
Stamford Bridge,4490.0,1,7453.390625,7453.390625,4490.0,1659.997912026726
Standish,12940.0,2,18765.78125,9382.890625,6470.0,1450.21493431221
Stanford-le-Hope,29525.0,5,47108.515625,9421.703125,5905.0,1595.5466765453007
Stanhope,1575.0,1,10692.765625,10692.765625,1575.0,6789.05753968254
Stanley (County Durham),19415.0,5,56977.59923986487,11395.519847972973,3883.0,2934.7205377216
Stanstead Abbotts,3750.0,1,8120.015625,8120.015625,3750.0,2165.3375
Stansted Mountfitchet,8625.0,1,12973.0,12973.0,8625.0,1504.1159420289855
Stanton Hill and Skegby,4570.0,1,21848.222222222223,21848.222222222223,4570.0,4780.792608801361
Stanwell,11720.0,2,14975.872282608696,7487.936141304348,5860.0,1277.8048022703665
Stapleford,15045.0,4,25284.53125,6321.1328125,3761.25,1680.5936357593885
Staplehurst,6180.0,1,8402.0625,8402.0625,6180.0,1359.5570388349513
Starcross,1690.0,1,5221.8125,5221.8125,1690.0,3089.829881656805
Staveley (Chesterfield),15145.0,3,27249.091517857145,9083.030505952382,5048.333333333333,1799.213702070462
Stevenage,94470.0,21,162274.51879862428,7727.358038029728,4498.571428571428,1717.735988129822
Steyning,5510.0,1,10420.46875,10420.46875,5510.0,1891.1921506352087
Stilton,2365.0,1,4702.71875,4702.71875,2365.0,1988.4645877378434
Stockbridge,760.0,1,4998.359375,4998.359375,760.0,6576.788651315789
Stockport,117935.0,27,229944.44522464013,8516.460934245932,4367.962962962963,1949.7557571937095
Stocksbridge,7265.0,3,25231.34920634921,8410.449735449736,2421.6666666666665,3473.000578988191
Stocksfield,1945.0,1,6639.234375,6639.234375,1945.0,3413.488110539846
Stockton-on-Tees,84815.0,16,167948.52284113062,10496.782677570664,5300.9375,1980.174766740914
Stoke Gifford,13470.0,1,6303.796875,6303.796875,13470.0,467.98788975501117
Stoke Poges,3920.0,1,6558.265625,6558.265625,3920.0,1673.0269451530612
Stoke sub Hamdon,1360.0,1,6630.359375,6630.359375,1360.0,4875.264246323529
Stoke-on-Trent,260560.0,64,535114.6886479801,8361.16701012469,4071.25,2053.710042400906
Stokenchurch,4345.0,1,8180.203125,8180.203125,4345.0,1882.6704545454545
Stokesley,4905.0,2,11002.100694444445,5501.050347222223,2452.5,2243.037858194586
Stone (Dartford),6440.0,2,19771.703125,9885.8515625,3220.0,3070.140236801242
Stone (Stafford),17280.0,4,42594.484375,10648.62109375,4320.0,2464.958586516204
Stone Cross,5035.0,1,17496.78125,17496.78125,5035.0,3475.0310327706056
Stonehouse (Stroud),8300.0,2,30847.09201388889,15423.546006944445,4150.0,3716.517110107095
Stoney Stanton,4090.0,1,11317.151515151516,11317.151515151516,4090.0,2767.029710305994
Storrington,8710.0,2,14472.52620967742,7236.26310483871,4355.0,1661.5988759675568
Stotfold,12310.0,1,11653.625,11653.625,12310.0,946.6795288383428
Stourbridge,56950.0,11,89945.81692677071,8176.892447888246,5177.272727272727,1579.3822111812242
Stourport-on-Severn,20305.0,4,36892.390625,9223.09765625,5076.25,1816.9116289091355
Stow-on-the-Wold,1905.0,1,8700.953125,8700.953125,1905.0,4567.429461942257
Stowmarket,21535.0,5,41638.390625,8327.678125,4307.0,1933.5217378685861
Stratford-upon-Avon,28120.0,7,64407.34172311166,9201.04881758738,4017.1428571428573,2290.446007223032
Stratton (Cornwall),1930.0,1,7280.6875,7280.6875,1930.0,3772.3769430051816
Stratton St Margaret,20690.0,2,21946.125,10973.0625,10345.0,1060.7116964717254
Street,12710.0,2,18569.859375,9284.9296875,6355.0,1461.0432238394965
Streetly,16785.0,2,13678.729039634145,6839.3645198170725,8392.5,814.9376848158562
Strensall,6055.0,1,7659.171875,7659.171875,6055.0,1264.9334227910817
Stretford,28015.0,5,45667.04284274194,9133.408568548388,5603.0,1630.0925519450986
Stretton (East Staffordshire),4650.0,1,13050.5,13050.5,4650.0,2806.559139784946
Stroud,26080.0,5,45931.024305555555,9186.204861111111,5216.0,1761.1589074216088
Studley,6040.0,1,11174.953125,11174.953125,6040.0,1850.157802152318
Sturminster Marshall,1505.0,1,7450.390625,7450.390625,1505.0,4950.425664451827
Sturminster Newton,3565.0,1,7248.609375,7248.609375,3565.0,2033.2705119214584
Sturry,4860.0,1,8707.03125,8707.03125,4860.0,1791.5702160493827
Sudbury,23920.0,4,35837.15625,8959.2890625,5980.0,1498.2088733277592
Sunbury-on-Thames,21475.0,4,22736.54671449666,5684.136678624165,5368.75,1058.7448993944895
Sunderland,168315.0,39,431546.9199048758,11065.305638586558,4315.7692307692305,2563.924308022908
Sunniside,3425.0,1,9609.03125,9609.03125,3425.0,2805.556569343066
Sutton (East Cambridgeshire),3880.0,1,7455.234375,7455.234375,3880.0,1921.4521585051548
Sutton Bridge,3915.0,1,17353.13953488372,17353.13953488372,3915.0,4432.474976981794
Sutton in Ashfield,36425.0,7,64461.3125,9208.75892857143,5203.571428571428,1769.6997254632806
Sutton on Sea and Trusthorpe,5040.0,2,24470.260416666664,12235.130208333332,2520.0,4855.210400132274
Sutton-in-Craven,2720.0,1,8605.84375,8605.84375,2720.0,3163.913143382353
Swadlincote,34565.0,6,65880.5625,10980.09375,5760.833333333333,1905.9905250976421
Swaffham,8430.0,3,20120.85,6706.95,2810.0,2386.814946619217
Swallownest and Aston,14910.0,2,29587.43125,14793.715625,7455.0,1984.4018276324616
Swanage,9110.0,3,18725.359375,6241.786458333333,3036.6666666666665,2055.473037870472
Swanland,3960.0,1,9762.125,9762.125,3960.0,2465.183080808081
Swanley,17210.0,3,26122.323529411762,8707.441176470587,5736.666666666667,1517.8572649280513
Swanscombe,15460.0,3,24328.0625,8109.354166666667,5153.333333333333,1573.6133570504526
Sway,2435.0,1,4636.359375,4636.359375,2435.0,1904.049024640657
Swillington,3075.0,1,12597.830508474577,12597.830508474577,3075.0,4096.855449910431
Swindon (Swindon),183680.0,33,295650.41989038023,8959.103633041825,5566.060606060606,1609.5950560234116
Swineshead,2650.0,1,8641.59375,8641.59375,2650.0,3260.9787735849054
Swinton (Rotherham),15910.0,2,20573.921875,10286.9609375,7955.0,1293.1440524827153
Swinton (Salford),22885.0,5,63522.5625,12704.5125,4577.0,2775.729189425388
Syston,13620.0,3,22602.596875,7534.198958333333,4540.0,1659.5151890602056
Tadcaster,6340.0,1,12885.828125,12885.828125,6340.0,2032.4650039432174
Tadley,14760.0,2,32391.703125,16195.8515625,7380.0,2194.559832317073
Tadworth and Epsom Downs,27095.0,6,37355.911458333336,6225.985243055556,4515.833333333333,1378.7012902134466
Takeley and Little Canfield,5550.0,1,8323.140625,8323.140625,5550.0,1499.6649774774776
Talke and Talke Pits,3435.0,1,4511.984375,4511.984375,3435.0,1313.5325691411936
Tamworth,76090.0,14,127121.93660714285,9080.138329081632,5435.0,1670.6786254060041
Tarleton and Hesketh Bank,8755.0,2,15856.796875,7928.3984375,4377.5,1811.1704026270702
Tarporley,3210.0,1,6517.65625,6517.65625,3210.0,2030.422507788162
Tarvin,2745.0,1,7575.171875,7575.171875,2745.0,2759.625455373406
Tattenhall,2295.0,1,5735.421875,5735.421875,2295.0,2499.094498910675
Taunton,61665.0,12,107527.30396533613,8960.608663778012,5138.75,1743.7331381713475
Taverham and Drayton,14985.0,2,28135.105013550135,14067.552506775068,7492.5,1877.551218788798
Tavistock,12670.0,4,44052.90625,11013.2265625,3167.5,3476.9460339384373
Teignmouth,15315.0,4,29795.330965909092,7448.832741477273,3828.75,1945.4998998308256
Telford,156910.0,32,224279.5151103984,7008.73484719995,4903.4375,1429.3513167446206
Telscombe Cliffs,4235.0,1,12025.546875,12025.546875,4235.0,2839.5624262101533
Tenbury Wells,3935.0,1,10737.90625,10737.90625,3935.0,2728.8198856416775
Tenterden,7775.0,2,18984.5625,9492.28125,3887.5,2441.7443729903534
Terrington St Clement,2790.0,1,9583.40625,9583.40625,2790.0,3434.912634408602
Tetbury,6455.0,1,13271.380952380952,13271.380952380952,6455.0,2055.9846556748184
Tewkesbury,14390.0,4,31444.932291666664,7861.233072916666,3597.5,2185.1933489691914
Teynham,3125.0,1,7790.0,7790.0,3125.0,2492.7999999999997
Thame,12945.0,2,10802.328125,5401.1640625,6472.5,834.4788045577443
Thatcham,25550.0,2,27253.29133064516,13626.64566532258,12775.0,1066.6650227258378
Thaxted,3115.0,1,8319.526315789473,8319.526315789473,3115.0,2670.794964940441
Theale (West Berkshire),3055.0,1,8725.953125,8725.953125,3055.0,2856.2858019639934
Thetford,25510.0,4,41048.493055555555,10262.123263888889,6377.5,1609.1138006881833
Theydon Bois,3540.0,1,9385.470588235294,9385.470588235294,3540.0,2651.262878032569
Thirsk,5890.0,1,13500.734375,13500.734375,5890.0,2292.145055178268
Thornaby-on-Tees,23350.0,5,58762.703125,11752.540625,4670.0,2516.6039882226983
Thornbury,14485.0,3,22353.805443548386,7451.268481182796,4828.333333333333,1543.2382080461432
Thorne,12305.0,3,27233.421875,9077.807291666666,4101.666666666667,2213.1996647704186
Thorney,1655.0,1,5176.984375,5176.984375,1655.0,3128.087235649547
Thorngumbald,2815.0,1,2215.294117647059,2215.294117647059,2815.0,786.9606101765752
Thornley,2545.0,1,5815.5625,5815.5625,2545.0,2285.0933202357564
Thornton (Bradford),5410.0,1,6782.8125,6782.8125,5410.0,1253.7546210720886
Thornton (Wyre),19270.0,2,27536.990909090913,13768.495454545457,9635.0,1429.0083502382415
Thornton-le-Dale,1855.0,1,3724.8,3724.8,1855.0,2007.978436657682
Thorpe Hesley,4155.0,1,7830.953125,7830.953125,4155.0,1884.7059265944645
Thorpe Willoughby,3485.0,1,8333.578125,8333.578125,3485.0,2391.2706241032997
Thorpe on the Hill (Leeds),1230.0,1,11465.5625,11465.5625,1230.0,9321.595528455286
Thorpe-le-Soken,1590.0,1,5296.195652173913,5296.195652173913,1590.0,3330.9406617445998
Thrapston,7245.0,1,7973.5,7973.5,7245.0,1100.552104899931
Threemilestone,2855.0,1,8540.9375,8540.9375,2855.0,2991.5718038528894
Throckley,6210.0,1,20806.4375,20806.4375,6210.0,3350.473027375201
Thrybergh and Dalton,5860.0,3,25782.498579545456,8594.166193181818,1953.3333333333333,4399.743784905369
Thundersley and South Benfleet,49885.0,10,66647.82518183292,6664.782518183291,4988.5,1336.0293711903962
Thurcroft,6100.0,1,15956.5,15956.5,6100.0,2615.819672131148
Thurmaston,9505.0,5,41713.09375,8342.61875,1901.0,4388.5422146238825
Thurnscoe,9135.0,2,19213.743990384617,9606.871995192309,4567.5,2103.3107816512993
Thurston,3010.0,1,5644.890625,5644.890625,3010.0,1875.3789451827242
Tibshelf,4350.0,1,9277.203125,9277.203125,4350.0,2132.690373563218
Ticehurst,1465.0,1,6476.859375,6476.859375,1465.0,4421.064419795222
Tickhill,4915.0,1,9434.885714285714,9434.885714285714,4915.0,1919.610521726493
Tideswell,1555.0,1,3849.453125,3849.453125,1555.0,2475.5325562700964
Tidworth,10690.0,1,11605.59375,11605.59375,10690.0,1085.649555659495
Tilbury,14185.0,1,4731.84375,4731.84375,14185.0,333.5808071906944
Tilney St Lawrence,1505.0,1,15017.714285714286,15017.714285714286,1505.0,9978.547698149026
Timsbury (Bath and North East Somerset),2505.0,1,8055.9375,8055.9375,2505.0,3215.943113772455
Tintagel,760.0,1,3192.75,3192.75,760.0,4200.986842105263
Tipton,47200.0,6,44650.08693910256,7441.681156517094,7866.666666666667,945.9764182013255
Tiptree,9300.0,2,24152.421875,12076.2109375,4650.0,2597.034610215054
Tisbury,2270.0,1,6593.453125,6593.453125,2270.0,2904.6049008810573
Todmorden,12970.0,3,32584.3125,10861.4375,4323.333333333333,2512.283153430995
Tollesbury,2810.0,1,7036.90625,7036.90625,2810.0,2504.237099644128
Tolleshunt Major,445.0,1,699.578125,699.578125,445.0,1572.0856741573032
Tonbridge,36125.0,7,76112.41269841269,10873.201814058955,5160.714285714285,2106.9179985719775
Topsham,4190.0,1,10812.359375,10812.359375,4190.0,2580.515363961814
Torpoint,7160.0,2,14021.0,7010.5,3580.0,1958.240223463687
Torquay,52035.0,13,98183.66837002097,7552.589874616998,4002.6923076923076,1886.8774549826264
Totnes,9215.0,2,13373.0625,6686.53125,4607.5,1451.2276180141075
Totton,28090.0,3,24060.764093137255,8020.254697712418,9363.333333333334,856.5597754765844
Tow Law,1795.0,1,6661.78125,6661.78125,1795.0,3711.298746518106
Towcester,11330.0,2,13345.567567567567,6672.783783783783,5665.0,1177.8965196440925
Treeton,3270.0,1,7032.984375,7032.984375,3270.0,2150.759747706422
Trimdon,2840.0,1,6457.833333333333,6457.833333333333,2840.0,2273.8849765258215
Trimdon Colliery,1790.0,1,8114.055555555556,8114.055555555556,1790.0,4532.991930477964
Tring,11960.0,3,24312.463541666668,8104.15451388889,3986.6666666666665,2032.8146773968788
Troon (Cornwall),1400.0,1,6502.285714285715,6502.285714285715,1400.0,4644.489795918368
Trowbridge,43750.0,7,84688.92069575471,12098.417242250673,6250.0,1935.746758760108
Truro,23060.0,5,41945.8125,8389.1625,4612.0,1818.9857979184735
Tutbury,3675.0,1,10998.359375,10998.359375,3675.0,2992.750850340136
Tutshill and Sedbury,3620.0,1,5081.6875,5081.6875,3620.0,1403.7810773480664
Tuxford,2810.0,1,5972.734375,5972.734375,2810.0,2125.5282473309608
Twyford (Winchester),1480.0,1,10509.328125,10509.328125,1480.0,7100.897381756757
Twyford (Wokingham),8070.0,3,21578.136160714286,7192.712053571428,2690.0,2673.8706518852896
Tyldesley,16205.0,3,35728.071572580644,11909.357190860215,5401.666666666667,2204.756036567766
Tynemouth,60605.0,10,113891.19866071429,11389.119866071429,6060.5,1879.2376645609156
Tywardreath,2585.0,1,10345.173913043478,10345.173913043478,2585.0,4002.001513749895
Uckfield,15035.0,4,26558.234375,6639.55859375,3758.75,1766.4272946458264
Ulverston,11220.0,2,18402.90625,9201.453125,5610.0,1640.1877228163992
Upper Beeding,3100.0,1,4466.09375,4466.09375,3100.0,1440.6754032258063
Upper Heyford,2480.0,1,4595.325,4595.325,2480.0,1852.9536290322578
Upper Poppleton,3520.0,1,5252.015625,5252.015625,3520.0,1492.049893465909
Upper Rissington,2000.0,1,8252.1875,8252.1875,2000.0,4126.09375
Upper Tean,3245.0,1,7561.03125,7561.03125,3245.0,2330.0558551617873
Uppermill,11200.0,3,20952.828125,6984.276041666667,3733.3333333333335,1870.7882254464284
Uppingham,4275.0,2,12873.0625,6436.53125,2137.5,3011.2426900584796
Upton (Dorset),8400.0,1,9299.828125,9299.828125,8400.0,1107.1223958333335
Upton (Wakefield),6330.0,1,8443.131578947368,8443.131578947368,6330.0,1333.8280535461877
Upton upon Severn,2405.0,1,8962.859375,8962.859375,2405.0,3726.7606548856547
Upwell and Outwell,3665.0,1,10933.5625,10933.5625,3665.0,2983.2366984993178
Urmston,41740.0,9,70618.82244318182,7846.535827020202,4637.777777777777,1691.8740403253912
Ushaw Moor and Bearpark,6480.0,1,14482.78125,14482.78125,6480.0,2234.9971064814813
Uttoxeter,14020.0,4,34936.140625,8734.03515625,3505.0,2491.8787892296723
Ventnor,5565.0,1,6775.96875,6775.96875,5565.0,1217.604447439353
Verwood,13710.0,2,27468.274305555555,13734.137152777777,6855.0,2003.521101791069
Vigo Village,2005.0,1,4643.421875,4643.421875,2005.0,2315.9211346633415
Virginia Water,5185.0,1,6405.393939393939,6405.393939393939,5185.0,1235.3700943864878
Waddington (North Kesteven),6830.0,1,8894.0,8894.0,6830.0,1302.1961932650072
Wadebridge,5625.0,2,22487.859375,11243.9296875,2812.5,3997.8416666666667
Wadhurst,3410.0,1,7300.828125,7300.828125,3410.0,2141.005315249267
Wainfleet All Saints,1800.0,1,9591.625,9591.625,1800.0,5328.680555555556
Wakefield,97870.0,20,178255.67023026317,8912.783511513158,4893.5,1821.3514890187307
Walkden,18690.0,4,34316.609375,8579.15234375,4672.5,1836.0946696094168
Wallasey,85610.0,20,192197.85763888888,9609.892881944445,4280.5,2245.039804215499
Wallingford,8455.0,1,13346.34375,13346.34375,8455.0,1578.5149319929037
Wallsend,45355.0,12,119565.86810897436,9963.82234241453,3779.5833333333335,2636.222425509301
Walsall,70775.0,22,146834.71652214715,6674.305296461234,3217.0454545454545,2074.6692549932486
Waltham,6200.0,1,10425.555555555555,10425.555555555555,6200.0,1681.5412186379929
Waltham Abbey,18645.0,3,29603.660472972973,9867.886824324325,6215.0,1587.7533104303016
Waltham Cross,11940.0,3,22999.765625,7666.588541666667,3980.0,1926.2785280569515
Walton (Wakefield),3265.0,1,1015.8461538461538,1015.8461538461538,3265.0,311.13205324537637
Walton-on-Thames,27020.0,5,34009.58974358974,6801.917948717948,5404.0,1258.6820778530623
Walton-on-the-Naze,6990.0,1,11849.875,11849.875,6990.0,1695.261087267525
Wansford,505.0,1,12806.75,12806.75,505.0,25359.90099009901
Wantage,13105.0,3,23480.142045454544,7826.714015151515,4368.333333333333,1791.6934029343415
Warboys,4320.0,1,11625.28125,11625.28125,4320.0,2691.037326388889
Ware,19625.0,4,32020.703125,8005.17578125,4906.25,1631.6281847133757
Wareham,5880.0,2,17016.715909090908,8508.357954545454,2940.0,2893.9993042671613
Wargrave,2895.0,1,5025.315789473684,5025.315789473684,2895.0,1735.8603763294245
Warlingham,8920.0,1,14596.3125,14596.3125,8920.0,1636.357903587444
Warminster,18020.0,3,20076.546875,6692.182291666667,6006.666666666667,1114.1257977247503
Warmsworth,11315.0,2,19539.829769736843,9769.914884868422,5657.5,1726.8961351954788
Warrington,174970.0,35,310540.12818094954,8872.575090884273,4999.142857142857,1774.8192729093532
Warwick,36680.0,8,56801.57634512138,7100.197043140172,4585.0,1548.5707836728839
Washingborough and Heighington,6385.0,1,11153.390625,11153.390625,6385.0,1746.8113743148003
Washington,51320.0,6,75696.57570187165,12616.095950311943,8553.333333333334,1474.9917323045918
Watchet,3640.0,1,9264.984375,9264.984375,3640.0,2545.325377747253
Water Orton,3480.0,1,5676.235294117647,5676.235294117647,3480.0,1631.102096010818
Waterbeach,5375.0,1,9195.328125,9195.328125,5375.0,1710.7587209302326
Waterlooville,34775.0,7,45042.39806547619,6434.628295068027,4967.857142857143,1295.2522808188696
Watford (Watford),131325.0,30,216127.7012813283,7204.256709377611,4377.5,1645.7468211028236
Wath upon Dearne,16960.0,3,21065.99616745283,7021.998722484277,5653.333333333333,1242.0988306281151
Watlington (King's Lynn and West Norfolk),2595.0,1,6022.203125,6022.203125,2595.0,2320.694845857418
Watlington (South Oxfordshire),2435.0,1,6214.625,6214.625,2435.0,2552.207392197125
Watton,11545.0,1,20245.166666666668,20245.166666666668,11545.0,1753.5874115778838
Waverley and Catcliffe,5340.0,1,4610.703125,4610.703125,5340.0,863.4275514981273
Weaverham,6265.0,1,8469.970588235294,8469.970588235294,6265.0,1351.9506126472936
Wedmore,1425.0,1,6336.416666666667,6336.416666666667,1425.0,4446.608187134503
Wednesbury,20315.0,6,45645.03125,7607.505208333333,3385.8333333333335,2246.8634629584053
Weedon Bec,2855.0,1,7498.15625,7498.15625,2855.0,2626.3244308231174
Welham Green,2965.0,1,8677.95,8677.95,2965.0,2926.7959527824623
Wellesbourne,7020.0,1,14022.538461538461,14022.538461538461,7020.0,1997.512601358755
Wellingborough,54425.0,10,100860.7109083851,10086.07109083851,5442.5,1853.2055288632998
Wells,12105.0,3,24442.421875,8147.473958333333,4035.0,2019.2004853366377
Wells-next-the-Sea,2150.0,1,5902.671875,5902.671875,2150.0,2745.428779069767
Welton (West Lindsey),4585.0,1,11851.265625,11851.265625,4585.0,2584.7907579062157
Welwyn,3905.0,1,15676.416666666666,15676.416666666666,3905.0,4014.447289799402
Welwyn Garden City,51505.0,7,69059.25453629032,9865.607790898617,7357.857142857143,1340.8262214598644
Wem,6280.0,1,9610.15625,9610.15625,6280.0,1530.2796576433122
Wendover,8730.0,1,7192.34375,7192.34375,8730.0,823.8652634593357
Werrington,6010.0,1,14193.953125,14193.953125,6010.0,2361.722649750416
Wesham,4475.0,1,8163.203125,8163.203125,4475.0,1824.179469273743
West Bergholt,3175.0,1,12386.65625,12386.65625,3175.0,3901.3090551181103
West Bridgford,36490.0,10,57383.48254985755,5738.348254985755,3649.0,1572.5810509689654
West Bromwich,103110.0,24,194022.2198333646,8084.259159723525,4296.25,1881.7012882684958
West End (Eastleigh),10870.0,2,14462.31912878788,7231.15956439394,5435.0,1330.4801406428592
West End and Chobham,8875.0,2,10621.713315217392,5310.856657608696,4437.5,1196.8127679118188
West Hallam,5910.0,1,8812.234375,8812.234375,5910.0,1491.0718062605752
West Kingsdown,4310.0,1,9752.28125,9752.28125,4310.0,2262.7102668213456
West Kirby,13380.0,4,20896.015625,5224.00390625,3345.0,1561.7350990284008
West Malling,4255.0,1,6197.875,6197.875,4255.0,1456.6098707403055
West Mersea,7065.0,3,17384.75,5794.916666666667,2355.0,2460.686482661005
West Molesey,47150.0,5,43175.325892857145,8635.065178571429,9430.0,915.7015035600667
West Moors,10425.0,2,20218.3125,10109.15625,5212.5,1939.4064748201438
West Parley,3660.0,1,8438.6875,8438.6875,3660.0,2305.6523224043713
West Rainton,2325.0,1,11031.015625,11031.015625,2325.0,4744.522849462365
West Wellow,1585.0,1,3442.65625,3442.65625,1585.0,2172.0228706624603
Westbourne,1940.0,1,6086.296875,6086.296875,1940.0,3137.266430412371
Westbury (Wiltshire),16395.0,3,32095.09375,10698.364583333334,5465.0,1957.614745349192
Westerham,3390.0,1,7293.15625,7293.15625,3390.0,2151.3735250737464
Westham,1860.0,1,2989.0,2989.0,1860.0,1606.989247311828
Westhoughton,21960.0,4,31540.859375,7885.21484375,5490.0,1436.2868567850637
Weston (Dorset),5210.0,1,15846.6875,15846.6875,5210.0,3041.590690978887
Weston-super-Mare,84605.0,17,140538.96649511886,8266.99802912464,4976.764705882353,1661.1189231737942
Westward Ho!,3470.0,1,19482.46875,19482.46875,3470.0,5614.544308357349
Wetherby,11710.0,2,25162.265625,12581.1328125,5855.0,2148.784425704526
Weybourne (Waverley),11240.0,1,5275.109375,5275.109375,11240.0,469.3157806939502
Weybridge,15915.0,4,28339.375,7084.84375,3978.75,1780.6707508639647
Weymouth,55535.0,14,109397.28720908408,7814.091943506006,3966.785714285714,1969.8800253729014
Whaley Bridge,4615.0,1,11171.25,11171.25,4615.0,2420.639219934995
Whalley,3410.0,1,7865.057142857143,7865.057142857143,3410.0,2306.468370339338
Wheathampstead,4525.0,1,7678.5,7678.5,4525.0,1696.9060773480662
Wheatley,4305.0,1,18019.109375,18019.109375,4305.0,4185.623548199768
Wheatley Hill,3150.0,1,7816.28125,7816.28125,3150.0,2481.359126984127
Wheaton Aston,2000.0,1,313.825,313.825,2000.0,156.9125
Whickham,15685.0,3,37074.25,12358.083333333334,5228.333333333333,2363.6754861332483
Whiston,3935.0,1,8813.515625,8813.515625,3935.0,2239.7752541296063
Whitburn (South Tyneside),5090.0,1,14597.953125,14597.953125,5090.0,2867.9672151277014
Whitby,12595.0,4,35369.546875,8842.38671875,3148.75,2808.2212683604607
Whitchurch (Basingstoke and Deane),5290.0,1,6588.641025641025,6588.641025641025,5290.0,1245.4897969075662
Whitchurch (Shropshire),9855.0,3,26490.15625,8830.052083333334,3285.0,2687.9915017757485
Whitefield,22185.0,3,23863.11875,7954.372916666667,7395.0,1075.6420441739915
Whitehaven,22945.0,7,72805.54447115384,10400.792067307691,3277.8571428571427,3173.0461743802066
Whitehill (County Durham),1680.0,1,9565.65625,9565.65625,1680.0,5693.843005952381
Whiteley,9350.0,2,10346.28125,5173.140625,4675.0,1106.5541443850266
Whitfield (Dover),6510.0,1,12142.71875,12142.71875,6510.0,1865.240975422427
Whitley Bay,36880.0,9,73478.91119123931,8164.323465693257,4097.777777777777,1992.3782860965107
Whitnash,8915.0,1,6915.515625,6915.515625,8915.0,775.7168395961862
Whitstable,32195.0,7,54390.79607240437,7770.113724629196,4599.285714285715,1689.4174894363837
Whittington (Lichfield),2475.0,1,6334.791666666667,6334.791666666667,2475.0,2559.5117845117843
Whittle-le-Woods,4390.0,1,10353.09375,10353.09375,4390.0,2358.3357061503416
Whittlesey,13830.0,2,34755.907258064515,17377.953629032258,6915.0,2513.080785109509
Whitwell (Bolsover),3720.0,1,10696.296875,10696.296875,3720.0,2875.348622311828
Whitwick,10455.0,1,15038.28125,15038.28125,10455.0,1438.381755141081
Whitworth,6715.0,2,8471.600852272728,4235.800426136364,3357.5,1261.5935744263186
Whyteleafe,3175.0,1,4469.15625,4469.15625,3175.0,1407.6082677165355
Wick (Arun),13225.0,2,14183.203125,7091.6015625,6612.5,1072.4539224952741
Wickersley and Bramley,24655.0,5,56993.828125,11398.765625,4931.0,2311.6539495031434
Wickford,27535.0,7,46782.93080357143,6683.275829081633,3933.5714285714284,1699.0350754883393
Wickham,2170.0,1,6181.0625,6181.0625,2170.0,2848.4158986175116
Wickham Market,2230.0,1,6724.59375,6724.59375,2230.0,3015.5128923766815
Widdrington Station,2495.0,1,6212.6,6212.6,2495.0,2490.0200400801605
Wideopen,9145.0,1,11744.109375,11744.109375,9145.0,1284.2109759431385
Widnes,59935.0,14,124460.609375,8890.043526785714,4281.071428571428,2076.593132143155
Wigan,81580.0,17,163100.64783653847,9594.155755090498,4798.823529411765,1999.2724667386426
Wigston,34730.0,7,53456.62939661706,7636.661342373866,4961.428571428572,1539.2061444462156
Wigton,5395.0,2,15857.5,7928.75,2697.5,2939.2956441149213
Wilford,4850.0,1,3826.609375,3826.609375,4850.0,788.9916237113403
Willand,3475.0,1,9045.9375,9045.9375,3475.0,2603.147482014388
Willaston (Cheshire West and Chester),2470.0,1,6986.125,6986.125,2470.0,2828.3906882591095
Willenhall,49580.0,10,87998.10590277778,8799.810590277779,4958.0,1774.8710347474341
Willingham,3915.0,1,11959.546875,11959.546875,3915.0,3054.801245210728
Willington (County Durham),5685.0,1,19690.40625,19690.40625,5685.0,3463.5718997361478
Willington (South Derbyshire),2715.0,1,10588.018867924528,10588.018867924528,2715.0,3899.8227874491813
Williton,2435.0,1,2176.75,2176.75,2435.0,893.9425051334701
Wilmslow,25725.0,5,30464.87232142857,6092.974464285714,5145.0,1184.25159655699
Wilsden,3750.0,1,8194.379310344828,8194.379310344828,3750.0,2185.167816091954
Wilstead,2405.0,1,10712.0,10712.0,2405.0,4454.054054054054
Wilton,4305.0,1,6539.290322580645,6539.290322580645,4305.0,1518.998913491439
Wimborne Minster,16630.0,3,28232.849431818184,9410.949810606062,5543.333333333333,1697.7059189307386
Wincanton,6745.0,2,10660.859375,5330.4296875,3372.5,1580.5573573017048
Winchcombe,4340.0,1,7721.066666666667,7721.066666666667,4340.0,1779.047619047619
Winchester,48480.0,6,47582.23988970588,7930.37331495098,8080.0,981.4818459097747
Windermere,4820.0,3,13129.984375,4376.661458333333,1606.6666666666667,2724.063148340249
Windlesham,3705.0,1,3736.375,3736.375,3705.0,1008.468286099865
Windsor,31560.0,6,34150.614209976105,5691.769034996018,5260.0,1082.0853678699652
Wing (Buckinghamshire),2980.0,1,4087.765625,4087.765625,2980.0,1371.7334312080538
Wingate,5035.0,1,14711.46875,14711.46875,5035.0,2921.8408639523336
Wingerworth,6400.0,1,11619.5625,11619.5625,6400.0,1815.556640625
Winnersh,8905.0,1,5884.894736842105,5884.894736842105,8905.0,660.8528620822128
Winscombe and Sandford,4605.0,1,6212.734375,6212.734375,4605.0,1349.1279858849077
Winsford,32530.0,6,79484.5625,13247.427083333334,5421.666666666667,2443.42337841992
Winslow,5235.0,1,6616.444444444444,6616.444444444444,5235.0,1263.8862358060067
Winterton,4765.0,1,13172.677419354839,13172.677419354839,4765.0,2764.465355583387
Wirksworth,4900.0,1,9997.859375,9997.859375,4900.0,2040.3794642857144
Wisbech,26795.0,6,53423.25,8903.875,4465.833333333333,1993.7768240343348
Witham,27395.0,5,49190.94606854839,9838.189213709677,5479.0,1795.617669959788
Witham St Hughs,3480.0,1,4666.9375,4666.9375,3480.0,1341.0739942528735
Withernsea,5765.0,2,20032.546875,10016.2734375,2882.5,3474.856352992194
Withnell,855.0,1,7282.359375,7282.359375,855.0,8517.379385964912
Witney,30165.0,5,42569.59309316851,8513.918618633701,6033.0,1411.224700585729
Wiveliscombe,2315.0,1,6580.078125,6580.078125,2315.0,2842.3663606911446
Wivenhoe,7350.0,1,12822.046875,12822.046875,7350.0,1744.4961734693877
Woburn Sands,4310.0,1,8821.583333333334,8821.583333333334,4310.0,2046.7710750193348
Woking,75660.0,9,61521.20644666199,6835.689605184666,8406.666666666666,813.1272329720063
Wokingham,50325.0,7,72159.625,10308.517857142857,7189.285714285715,1433.8723298559364
Wollaston,3565.0,1,8505.03125,8505.03125,3565.0,2385.70301542777
Wolsingham,2425.0,1,6973.1,6973.1,2425.0,2875.505154639175
Wolston,2695.0,2,10797.296875,5398.6484375,1347.5,4006.418135435992
Wolverhampton,234025.0,44,383527.168057383,8716.526546758703,5318.75,1638.829903033364
Wombourne,12815.0,3,20993.640625,6997.880208333333,4271.666666666667,1638.2083983612954
Wombwell,16765.0,2,21055.046875,10527.5234375,8382.5,1255.8930435430957
Woodbridge,10145.0,3,32341.140625,10780.380208333334,3381.6666666666665,3187.8896623952687
Woodford Halse,4285.0,1,6802.359375,6802.359375,4285.0,1587.4817677946326
Woodhall Spa,4685.0,1,8906.5,8906.5,4685.0,1901.067235859125
Woodhouse Eaves,1620.0,1,7581.65625,7581.65625,1620.0,4680.034722222223
Woodley,28025.0,2,32687.671875,16343.8359375,14012.5,1166.37544603033
Woodstock,3520.0,1,9836.75,9836.75,3520.0,2794.53125
Wool,5040.0,1,6645.515625,6645.515625,5040.0,1318.5546875
Woolacombe,700.0,1,2201.890625,2201.890625,700.0,3145.558035714286
Woolavington,2325.0,1,7460.0625,7460.0625,2325.0,3208.6290322580644
Wooler,1930.0,1,7385.2692307692305,7385.2692307692305,1930.0,3826.564368274213
Woolpit,1840.0,1,14163.75,14163.75,1840.0,7697.690217391305
Wootton (Bedford),7565.0,1,9358.333333333334,9358.333333333334,7565.0,1237.0566204009695
Wootton (Isle of Wight),3105.0,1,9412.453125,9412.453125,3105.0,3031.3858695652175
Wootton (Vale of White Horse),2425.0,1,8504.28125,8504.28125,2425.0,3506.920103092784
Worcester,105465.0,19,165923.83843240092,8732.833601705312,5550.789473684211,1573.259739557208
Worcester Park and Stoneleigh,15850.0,2,13912.1875,6956.09375,7925.0,877.7405362776025
Workington,21275.0,8,69813.73586309524,8726.716982886905,2659.375,3281.4916974427842
Worksop,43440.0,9,114315.37326388889,12701.7081404321,4826.666666666667,2631.5693661116225
Worlingham,3620.0,1,8928.375,8928.375,3620.0,2466.4019337016575
Worsbrough,8835.0,3,27155.0,9051.666666666666,2945.0,3073.5710243350313
Worsley,11950.0,1,6338.890625,6338.890625,11950.0,530.4510983263598
Worthing,111620.0,21,208146.2500856271,9911.726194553672,5315.238095238095,1864.7755786205616
Wotton-under-Edge,4965.0,1,8102.545454545455,8102.545454545455,4965.0,1631.9326192437975
Wrington,1995.0,1,4946.203125,4946.203125,1995.0,2479.2998120300754
Writtle,4705.0,1,8837.888888888889,8837.888888888889,4705.0,1878.4035895619318
Wroughton,7280.0,2,24969.65625,12484.828125,3640.0,3429.8978365384614
Wye,2060.0,1,5485.359375,5485.359375,2060.0,2662.7958131067962
Wylam,1660.0,1,10986.3125,10986.3125,1660.0,6618.260542168675
Wymeswold,1365.0,1,4075.796875,4075.796875,1365.0,2985.9317765567766
Wymondham (South Norfolk),16330.0,2,28814.92013888889,14407.460069444445,8165.0,1764.5388939919712
Wynyard,4040.0,1,6210.609375,6210.609375,4040.0,1537.2795482673266
Wythall,2080.0,1,5343.046875,5343.046875,2080.0,2568.7725360576924
Wythenshawe,97660.0,22,219905.95908598162,9995.725412999165,4439.090909090909,2251.750553819185
Yapton,6340.0,1,8354.75,8354.75,6340.0,1317.7839116719242
Yarm,9600.0,3,21388.96875,7129.65625,3200.0,2228.017578125
Yarmouth,470.0,1,9508.328125,9508.328125,470.0,20230.485372340427
Yarnton,3225.0,1,5928.15625,5928.15625,3225.0,1838.187984496124
Yate,28350.0,6,54800.83855724493,9133.473092874156,4725.0,1933.0101783860648
Yateley,14685.0,3,16744.122844827587,5581.374281609195,4895.0,1140.2194650887018
Yatton,7705.0,2,16940.810661764706,8470.405330882353,3852.5,2198.6775680421424
Yaxley (Huntingdonshire),9405.0,3,24618.71875,8206.239583333334,3135.0,2617.6202817650183
Yeadon,14270.0,3,17202.972222222223,5734.324074074074,4756.666666666667,1205.5341431129798
Yelverton,1855.0,1,5729.171875,5729.171875,1855.0,3088.502358490566
Yeovil,50170.0,12,77588.11607142858,6465.676339285715,4180.833333333333,1546.5042071243488
York,141685.0,25,193448.4796844752,7737.939187379008,5667.4,1365.3419888095084
