YEAR_MONTH,ORG_CODE,ORG_NAME,ITEMS,TOTAL_QUANTITY,NIC
202101,QE1,HEALTHIER LANCASHIRE & SOUTH CUMBRIA STP,3125510.0,225363892.3,25053199.9
202101,QF7,SOUTH YORKSHIRE & BASSETLAW STP,2977455.0,194695198.9,22402851.66
202101,QGH,HEREFORDSHIRE & WORCESTERSHIRE STP,1251177.0,452107477.9,17097869.8
202101,QH8,MID AND SOUTH ESSEX STP,1752843.0,115675602.5,15852489.64
202101,QHG,"BEDFORDSHIRE, LUTON & MILTON KEYNES STP",1209051.0,96189572.2,10586284.67
202101,QHL,BIRMINGHAM & SOLIHULL STP,1620443.0,164657765.2,15849296.56
202101,QHM,CUMBRIA & NORTH EAST STP,6562697.0,423159458.3,46130047.67
202101,QJ2,JOINED UP CARE DERBYSHIRE STP,1553982.0,124433316.0,12915855.45
202101,QJG,SUFFOLK & NORTH EAST ESSEX STP,1858204.0,117743561.2,14585423.95
202101,QJK,DEVON STP,2057011.0,149938693.0,17018661.11
202101,QJM,LINCOLNSHIRE STP,1732548.0,109281815.8,12252351.68
202101,QK1,"LEICESTER, LEICESTERSHIRE & RUTLAND STP",1740115.0,132899849.1,14043208.04
202101,QKK,OUR HEALTHIER SOUTH EAST LONDON STP,1928739.0,160869068.2,17012060.4
202101,QKS,KENT & MEDWAY STP,2716362.0,435019379.2,28143122.21
202101,QM7,HERTFORDSHIRE & WEST ESSEX STP,2206300.0,150138145.0,17533034.29
202101,QMF,EAST LONDON HEALTH & CARE P/SHIP STP,2607999.0,217207116.4,20625061.17
202101,QMJ,NORTH LONDON PARTNERS IN H&C STP,1668228.0,144668868.1,14443080.59
202101,QMM,NORFOLK & WAVENEY H&C PARTNERSHIP STP,1983348.0,132906475.8,14938158.15
202101,QNC,STAFFORDSHIRE & STOKE ON TRENT STP,2146154.0,176801973.5,19613453.69
202101,QNQ,FRIMLEY HEALTH & CARE ICS STP,867598.0,68656479.3,8114209.43
202101,QNX,SUSSEX & EAST SURREY STP,2598860.0,185054007.3,25931470.87
202101,QOC,SHROPSHIRE & TELFORD & WREKIN STP,746163.0,56522307.8,7064552.62
202101,QOP,GREATER MANCHESTER HSC PARTNERSHIP STP,5184603.0,429713750.5,48065284.24
202101,QOQ,"HUMBER, COAST & VALE STP",3165964.0,225485026.8,24693966.74
202101,QOX,"BATH & NE SOMERSET, SWINDON & WILTS STP",1369299.0,96911992.3,10778735.63
202101,QPM,NORTHAMPTONSHIRE STP,1269770.0,76457449.3,9235270.29
202101,QR1,GLOUCESTERSHIRE STP,1031884.0,56526170.7,9399098.81
202101,QRL,HAMPSHIRE & THE ISLE OF WIGHT STP,2505685.0,205050502.3,24413649.34
202101,QRV,NW LONDON HEALTH & CARE PARTNERSHIP STP,3317999.0,244841298.0,26837555.39
202101,QSL,SOMERSET STP,891402.0,62861363.6,7718856.55
202101,QT1,NOTTINGHAM & NOTTINGHAMSHIRE H&C STP,1684578.0,125541434.2,16791264.35
202101,QT6,CORNWALL & SCILLY ISLES HSC P/SHIP STP,1054770.0,67701639.0,8098133.82
202101,QU9,"BUCKS, OXFORDSHIRE & BERKSHIRE WEST STP",2192733.0,159199996.1,20917186.37
202101,QUA,THE BLACK COUNTRY & WEST BIRMINGHAM STP,2233621.0,207617150.7,20434453.54
202101,QUE,CAMBRIDGESHIRE & PETERBOROUGH STP,1641217.0,104120365.1,25766159.16
202101,QUY,"BRISTOL, N SOMERSET & S GLOUCS STP",1339551.0,101708006.4,11523697.86
202101,QVV,DORSET STP,1263404.0,100427176.5,11437387.0
202101,QWE,SW LONDON HEALTH & CARE PARTNERSHIP STP,1824073.0,122957470.8,14489711.36
202101,QWO,W YORKSHIRE & HARROGATE H&C P/SHIP STP,5095773.0,416592144.4,43866893.68
202101,QWU,COVENTRY & WARWICKSHIRE STP,1524591.0,117810706.4,12285412.24
202101,QXU,SURREY HEARTLANDS H&C PARTNERSHIP STP,1111704.0,94551303.0,11383858.37
202101,QYG,CHESHIRE & MERSEYSIDE STP,4710890.0,441491809.7,40705325.58
202102,QE1,HEALTHIER LANCASHIRE & SOUTH CUMBRIA STP,2973986.0,220158170.1,24143957.06
202102,QF7,SOUTH YORKSHIRE & BASSETLAW STP,2843301.0,185262601.21,21209422.65
202102,QGH,HEREFORDSHIRE & WORCESTERSHIRE STP,1158338.0,427259614.01,16129979.73
202102,QH8,MID AND SOUTH ESSEX STP,1605524.0,106179251.3,14635959.84
202102,QHG,"BEDFORDSHIRE, LUTON & MILTON KEYNES STP",1142164.0,90244138.7,9891719.81
202102,QHL,BIRMINGHAM & SOLIHULL STP,1532858.0,157695557.7,15008354.43
202102,QHM,CUMBRIA & NORTH EAST STP,6150654.0,397120724.7,43256834.16
202102,QJ2,JOINED UP CARE DERBYSHIRE STP,1454285.0,116710884.7,12075495.85
202102,QJG,SUFFOLK & NORTH EAST ESSEX STP,1714081.0,106949127.9,13427698.97
202102,QJK,DEVON STP,1904633.0,140553422.41,15682990.6
202102,QJM,LINCOLNSHIRE STP,1595821.0,99154139.6,11228929.8
202102,QK1,"LEICESTER, LEICESTERSHIRE & RUTLAND STP",1634829.0,125092337.1,13120702.1
202102,QKK,OUR HEALTHIER SOUTH EAST LONDON STP,1811821.0,150834258.2,16141415.64
202102,QKS,KENT & MEDWAY STP,2554419.0,412711946.5,26492088.29
202102,QM7,HERTFORDSHIRE & WEST ESSEX STP,2052729.0,139336393.29999998,16494869.65
202102,QMF,EAST LONDON HEALTH & CARE P/SHIP STP,2402688.0,199879813.7,18937613.31
202102,QMJ,NORTH LONDON PARTNERS IN H&C STP,1539215.0,135321686.8,13484490.27
202102,QMM,NORFOLK & WAVENEY H&C PARTNERSHIP STP,1812570.0,120887608.6,13591253.3
202102,QNC,STAFFORDSHIRE & STOKE ON TRENT STP,2011362.0,166265940.4,18373265.33
202102,QNQ,FRIMLEY HEALTH & CARE ICS STP,817267.0,64978847.6,7629654.77
202102,QNX,SUSSEX & EAST SURREY STP,2424348.0,172830288.0,24283575.2
202102,QOC,SHROPSHIRE & TELFORD & WREKIN STP,707521.0,53144581.4,6676111.13
202102,QOP,GREATER MANCHESTER HSC PARTNERSHIP STP,4856995.0,404219596.2,44418847.82
202102,QOQ,"HUMBER, COAST & VALE STP",2924509.0,207360125.5,22824740.06
202102,QOX,"BATH & NE SOMERSET, SWINDON & WILTS STP",1303115.0,91508963.8,10097537.37
202102,QPM,NORTHAMPTONSHIRE STP,1183425.0,70905431.7,8619134.3
202102,QR1,GLOUCESTERSHIRE STP,956395.0,52759164.0,8645305.3
202102,QRL,HAMPSHIRE & THE ISLE OF WIGHT STP,2328162.0,189472482.9,22678644.8
202102,QRV,NW LONDON HEALTH & CARE PARTNERSHIP STP,3183493.0,236922886.31,25835800.47
202102,QSL,SOMERSET STP,810390.0,57498928.7,7048605.95
202102,QT1,NOTTINGHAM & NOTTINGHAMSHIRE H&C STP,1565762.0,116723989.6,15307872.5
202102,QT6,CORNWALL & SCILLY ISLES HSC P/SHIP STP,993632.0,64460475.2,7601906.92
202102,QU9,"BUCKS, OXFORDSHIRE & BERKSHIRE WEST STP",2051682.0,149229725.7,19632154.04
202102,QUA,THE BLACK COUNTRY & WEST BIRMINGHAM STP,2137814.0,198097553.9,19604116.6
202102,QUE,CAMBRIDGESHIRE & PETERBOROUGH STP,1508162.0,97167059.1,23528597.88
202102,QUY,"BRISTOL, N SOMERSET & S GLOUCS STP",1225258.0,93354061.8,10545395.08
202102,QVV,DORSET STP,1188135.0,95237263.8,10726650.4
202102,QWE,SW LONDON HEALTH & CARE PARTNERSHIP STP,1717569.0,117195862.3,13611633.77
202102,QWO,W YORKSHIRE & HARROGATE H&C P/SHIP STP,4836751.0,390189239.0,41180280.71
202102,QWU,COVENTRY & WARWICKSHIRE STP,1423628.0,105661087.3,11424009.42
202102,QXU,SURREY HEARTLANDS H&C PARTNERSHIP STP,1025377.0,89758074.0,10636894.3
202102,QYG,CHESHIRE & MERSEYSIDE STP,4464406.0,412956200.4,38402871.24
202103,QE1,HEALTHIER LANCASHIRE & SOUTH CUMBRIA STP,3358518.0,242839378.3,27184309.7
202103,QF7,SOUTH YORKSHIRE & BASSETLAW STP,3228951.0,207859777.6,24012302.75
202103,QGH,HEREFORDSHIRE & WORCESTERSHIRE STP,1306681.0,519728118.9,18728908.0
202103,QH8,MID AND SOUTH ESSEX STP,1787849.0,116442808.5,16320656.41
202103,QHG,"BEDFORDSHIRE, LUTON & MILTON KEYNES STP",1280298.0,101761442.1,11173778.27
202103,QHL,BIRMINGHAM & SOLIHULL STP,1700006.0,173615433.0,16665820.16
202103,QHM,CUMBRIA & NORTH EAST STP,6920416.0,444035277.6,48455872.24
202103,QJ2,JOINED UP CARE DERBYSHIRE STP,1642845.0,130946892.0,13619319.25
202103,QJG,SUFFOLK & NORTH EAST ESSEX STP,1926052.0,121148163.4,15133742.19
202103,QJK,DEVON STP,2119072.0,153731239.9,17423474.17
202103,QJM,LINCOLNSHIRE STP,1807667.0,112322499.3,12775418.96
202103,QK1,"LEICESTER, LEICESTERSHIRE & RUTLAND STP",1843062.0,140655600.5,14885607.76
202103,QKK,OUR HEALTHIER SOUTH EAST LONDON STP,2023225.0,168881721.7,18158497.82
202103,QKS,KENT & MEDWAY STP,2843405.0,475916363.6,29928178.28
202103,QM7,HERTFORDSHIRE & WEST ESSEX STP,2264287.0,153440219.5,18649723.62
202103,QMF,EAST LONDON HEALTH & CARE P/SHIP STP,2702868.0,228037424.6,21446440.55
202103,QMJ,NORTH LONDON PARTNERS IN H&C STP,1724028.0,151979195.3,15144850.51
202103,QMM,NORFOLK & WAVENEY H&C PARTNERSHIP STP,2037018.0,135729771.9,15265044.37
202103,QNC,STAFFORDSHIRE & STOKE ON TRENT STP,2261076.0,187381824.0,20679588.59
202103,QNQ,FRIMLEY HEALTH & CARE ICS STP,905119.0,72086909.0,8477028.76
202103,QNX,SUSSEX & EAST SURREY STP,2734266.0,194049009.4,27367922.17
202103,QOC,SHROPSHIRE & TELFORD & WREKIN STP,779865.0,58852332.0,7422693.56
202103,QOP,GREATER MANCHESTER HSC PARTNERSHIP STP,5535116.0,465426727.0,50715027.75
202103,QOQ,"HUMBER, COAST & VALE STP",3295751.0,232354956.1,25698562.15
202103,QOX,"BATH & NE SOMERSET, SWINDON & WILTS STP",1449256.0,102087226.4,11383859.48
202103,QPM,NORTHAMPTONSHIRE STP,1324946.0,79266960.0,9636331.41
202103,QR1,GLOUCESTERSHIRE STP,1077756.0,60582465.0,9936432.93
202103,QRL,HAMPSHIRE & THE ISLE OF WIGHT STP,2600574.0,210371841.4,25391239.55
202103,QRV,NW LONDON HEALTH & CARE PARTNERSHIP STP,3621484.0,270381934.6,29540442.75
202103,QSL,SOMERSET STP,914121.0,64340032.7,7947351.35
202103,QT1,NOTTINGHAM & NOTTINGHAMSHIRE H&C STP,1738481.0,129801231.81,17262840.96
202103,QT6,CORNWALL & SCILLY ISLES HSC P/SHIP STP,1113808.0,70965636.4,8533169.27
202103,QU9,"BUCKS, OXFORDSHIRE & BERKSHIRE WEST STP",2266197.0,164089418.1,21484918.72
202103,QUA,THE BLACK COUNTRY & WEST BIRMINGHAM STP,2357257.0,218944060.1,21642426.37
202103,QUE,CAMBRIDGESHIRE & PETERBOROUGH STP,1635107.0,104697019.5,22638531.29
202103,QUY,"BRISTOL, N SOMERSET & S GLOUCS STP",1389052.0,105524205.4,11903938.66
202103,QVV,DORSET STP,1314088.0,104900116.3,11988022.14
202103,QWE,SW LONDON HEALTH & CARE PARTNERSHIP STP,1925662.0,130427641.3,15396266.34
202103,QWO,W YORKSHIRE & HARROGATE H&C P/SHIP STP,5561395.0,443469694.3,47075197.11
202103,QWU,COVENTRY & WARWICKSHIRE STP,1608454.0,117423877.4,12892110.99
202103,QXU,SURREY HEARTLANDS H&C PARTNERSHIP STP,1146009.0,98345375.3,11841682.38
202103,QYG,CHESHIRE & MERSEYSIDE STP,4977557.0,460970409.2,42975134.04
202104,QE1,HEALTHIER LANCASHIRE & SOUTH CUMBRIA STP,3228843.0,240009095.1,26002730.46
202104,QF7,SOUTH YORKSHIRE & BASSETLAW STP,3081234.0,200549876.3,22838246.38
202104,QGH,HEREFORDSHIRE & WORCESTERSHIRE STP,1282079.0,488988475.5,18017778.46
202104,QH8,MID AND SOUTH ESSEX STP,1760577.0,115846590.24,15962035.01
202104,QHG,"BEDFORDSHIRE, LUTON & MILTON KEYNES STP",1230666.0,98067873.4,10645983.71
202104,QHL,BIRMINGHAM & SOLIHULL STP,1671390.0,171211337.3,16259742.97
202104,QHM,CUMBRIA & NORTH EAST STP,6650086.0,430698021.9,46620248.5
202104,QJ2,JOINED UP CARE DERBYSHIRE STP,1588804.0,126669610.7,13109591.53
202104,QJG,SUFFOLK & NORTH EAST ESSEX STP,1866599.0,117002142.7,14550751.3
202104,QJK,DEVON STP,2066341.0,151256020.9,16897330.84
202104,QJM,LINCOLNSHIRE STP,1764940.0,111432159.1,12505344.03
202104,QK1,"LEICESTER, LEICESTERSHIRE & RUTLAND STP",1795091.0,137098674.4,14338691.17
202104,QKK,OUR HEALTHIER SOUTH EAST LONDON STP,1935886.0,163602201.8,17236313.36
202104,QKS,KENT & MEDWAY STP,2748323.0,434570308.8,28306862.38
202104,QM7,HERTFORDSHIRE & WEST ESSEX STP,2185983.0,149144740.8,17591253.14
202104,QMF,EAST LONDON HEALTH & CARE P/SHIP STP,2619148.0,223052126.2,20590325.01
202104,QMJ,NORTH LONDON PARTNERS IN H&C STP,1708409.0,148570541.2,14828038.76
202104,QMM,NORFOLK & WAVENEY H&C PARTNERSHIP STP,1985945.0,133403051.5,14819963.2
202104,QNC,STAFFORDSHIRE & STOKE ON TRENT STP,2162167.0,178069759.6,19438713.57
202104,QNQ,FRIMLEY HEALTH & CARE ICS STP,892531.0,71919226.7,8337339.88
202104,QNX,SUSSEX & EAST SURREY STP,2612185.0,186500902.9,25850083.69
202104,QOC,SHROPSHIRE & TELFORD & WREKIN STP,774409.0,58390813.8,7364071.13
202104,QOP,GREATER MANCHESTER HSC PARTNERSHIP STP,5343129.0,451788435.7,48472610.47
202104,QOQ,"HUMBER, COAST & VALE STP",3222504.0,227785417.6,25038248.46
202104,QOX,"BATH & NE SOMERSET, SWINDON & WILTS STP",1397301.0,98223792.3,10865864.99
202104,QPM,NORTHAMPTONSHIRE STP,1301435.0,78250780.5,9376296.57
202104,QR1,GLOUCESTERSHIRE STP,1043606.0,57383534.0,9356996.29
202104,QRL,HAMPSHIRE & THE ISLE OF WIGHT STP,2506317.0,203748639.4,24364993.4
202104,QRV,NW LONDON HEALTH & CARE PARTNERSHIP STP,3461537.0,259086945.81,27988846.99
202104,QSL,SOMERSET STP,899037.0,62969664.9,7780122.68
202104,QT1,NOTTINGHAM & NOTTINGHAMSHIRE H&C STP,1718583.0,128526563.5,16768679.86
202104,QT6,CORNWALL & SCILLY ISLES HSC P/SHIP STP,1095870.0,69851173.81,8359909.69
202104,QU9,"BUCKS, OXFORDSHIRE & BERKSHIRE WEST STP",2191149.0,160830875.9,21272221.68
202104,QUA,THE BLACK COUNTRY & WEST BIRMINGHAM STP,2296601.0,215677773.3,21057201.04
202104,QUE,CAMBRIDGESHIRE & PETERBOROUGH STP,1682609.0,109155303.0,27295257.61
202104,QUY,"BRISTOL, N SOMERSET & S GLOUCS STP",1342685.0,102410173.7,11476236.65
202104,QVV,DORSET STP,1284523.0,102155144.0,11584510.63
202104,QWE,SW LONDON HEALTH & CARE PARTNERSHIP STP,1846918.0,127177769.3,14733276.93
202104,QWO,W YORKSHIRE & HARROGATE H&C P/SHIP STP,5261636.0,425680227.5,44257960.68
202104,QWU,COVENTRY & WARWICKSHIRE STP,1565766.0,143632713.1,12501937.28
202104,QXU,SURREY HEARTLANDS H&C PARTNERSHIP STP,1100331.0,95229900.0,11317004.09
202104,QYG,CHESHIRE & MERSEYSIDE STP,4843802.0,444763651.45,41586136.52
202105,QE1,HEALTHIER LANCASHIRE & SOUTH CUMBRIA STP,3094579.0,226357074.3,24924357.46
202105,QF7,SOUTH YORKSHIRE & BASSETLAW STP,2941619.0,190547043.8,21914605.34
202105,QGH,HEREFORDSHIRE & WORCESTERSHIRE STP,1208806.0,457091777.6,16939417.880000003
202105,QH8,MID AND SOUTH ESSEX STP,1665979.0,109315391.5,15236991.77
202105,QHG,"BEDFORDSHIRE, LUTON & MILTON KEYNES STP",1190904.0,94879975.5,10379379.5
202105,QHL,BIRMINGHAM & SOLIHULL STP,1580346.0,160413889.9,15382973.739999998
202105,QHM,CUMBRIA & NORTH EAST STP,6398576.0,404292431.6,44698107.23
202105,QJ2,JOINED UP CARE DERBYSHIRE STP,1512240.0,121359239.5,12626381.63
202105,QJG,SUFFOLK & NORTH EAST ESSEX STP,1814437.0,112915955.8,14174975.35
202105,QJK,DEVON STP,1987445.0,145759463.61,16329234.9
202105,QJM,LINCOLNSHIRE STP,1692282.0,106507211.8,11960389.67
202105,QK1,"LEICESTER, LEICESTERSHIRE & RUTLAND STP",1694375.0,129565711.1,13653119.12
202105,QKK,OUR HEALTHIER SOUTH EAST LONDON STP,1871655.0,157111593.7,16708853.31
202105,QKS,KENT & MEDWAY STP,2619017.0,417503967.2,27278796.54
202105,QM7,HERTFORDSHIRE & WEST ESSEX STP,2141460.0,146225525.9,17349944.41
202105,QMF,EAST LONDON HEALTH & CARE P/SHIP STP,2493868.0,210231340.4,19693771.93
202105,QMJ,NORTH LONDON PARTNERS IN H&C STP,1617578.0,140694726.4,14075805.3
202105,QMM,NORFOLK & WAVENEY H&C PARTNERSHIP STP,1905074.0,128667096.1,14296149.83
202105,QNC,STAFFORDSHIRE & STOKE ON TRENT STP,2076294.0,170998033.2,18872511.27
202105,QNQ,FRIMLEY HEALTH & CARE ICS STP,852249.0,67311160.9,7918550.59
202105,QNX,SUSSEX & EAST SURREY STP,2535961.0,179632856.8,25317402.13
202105,QOC,SHROPSHIRE & TELFORD & WREKIN STP,735274.0,55479155.1,6977512.82
202105,QOP,GREATER MANCHESTER HSC PARTNERSHIP STP,5037713.0,424962359.6,46264821.01
202105,QOQ,"HUMBER, COAST & VALE STP",3072713.0,216612987.9,23913903.85
202105,QOX,"BATH & NE SOMERSET, SWINDON & WILTS STP",1340242.0,94349063.6,10493621.95
202105,QPM,NORTHAMPTONSHIRE STP,1232211.0,73391499.9,8922835.34
202105,QR1,GLOUCESTERSHIRE STP,1019669.0,55851498.2,9160969.3
202105,QRL,HAMPSHIRE & THE ISLE OF WIGHT STP,2439158.0,199043149.6,23834279.02
202105,QRV,NW LONDON HEALTH & CARE PARTNERSHIP STP,3369450.0,251788102.2,27302873.55
202105,QSL,SOMERSET STP,852770.0,59871874.7,7472662.83
202105,QT1,NOTTINGHAM & NOTTINGHAMSHIRE H&C STP,1624112.0,120811229.5,16062820.170000002
202105,QT6,CORNWALL & SCILLY ISLES HSC P/SHIP STP,1046002.0,66835289.2,7996946.76
202105,QU9,"BUCKS, OXFORDSHIRE & BERKSHIRE WEST STP",2131200.0,154772477.0,20332399.03
202105,QUA,THE BLACK COUNTRY & WEST BIRMINGHAM STP,2165063.0,201514254.6,19824115.46
202105,QUE,CAMBRIDGESHIRE & PETERBOROUGH STP,1582726.0,102552924.9,25188468.42
202105,QUY,"BRISTOL, N SOMERSET & S GLOUCS STP",1298550.0,99905850.2,11263737.46
202105,QVV,DORSET STP,1229780.0,97781458.91,11130159.83
202105,QWE,SW LONDON HEALTH & CARE PARTNERSHIP STP,1780023.0,122189061.1,14167181.48
202105,QWO,W YORKSHIRE & HARROGATE H&C P/SHIP STP,4999197.0,399358651.9,42256102.28
202105,QWU,COVENTRY & WARWICKSHIRE STP,1495482.0,109200181.4,11960675.51
202105,QXU,SURREY HEARTLANDS H&C PARTNERSHIP STP,1090550.0,95409634.4,11232054.98
202105,QYG,CHESHIRE & MERSEYSIDE STP,4632692.0,423102889.5,39860797.93
202106,QE1,HEALTHIER LANCASHIRE & SOUTH CUMBRIA STP,3347566.0,244151311.4,27200553.34
202106,QF7,SOUTH YORKSHIRE & BASSETLAW STP,3182660.0,205498234.7,23726790.33
202106,QGH,HEREFORDSHIRE & WORCESTERSHIRE STP,1307430.0,520796689.4,18910518.74
202106,QH8,MID AND SOUTH ESSEX STP,1827207.0,118773543.38,16743337.06
202106,QHG,"BEDFORDSHIRE, LUTON & MILTON KEYNES STP",1259839.0,100171234.7,10964006.36
202106,QHL,BIRMINGHAM & SOLIHULL STP,1734739.0,179360603.9,16886920.02
202106,QHM,CUMBRIA & NORTH EAST STP,6835446.0,434554836.3,47190146.86
202106,QJ2,JOINED UP CARE DERBYSHIRE STP,1620769.0,129246277.9,13463860.29
202106,QJG,SUFFOLK & NORTH EAST ESSEX STP,1899433.0,119049403.0,14895394.64
202106,QJK,DEVON STP,2121410.0,155196573.7,17535753.23
202106,QJM,LINCOLNSHIRE STP,1812083.0,113670974.5,12704456.91
202106,QK1,"LEICESTER, LEICESTERSHIRE & RUTLAND STP",1854668.0,141207949.1,14965278.56
202106,QKK,OUR HEALTHIER SOUTH EAST LONDON STP,2028477.0,170599778.4,18270351.87
202106,QKS,KENT & MEDWAY STP,2813361.0,465373238.1,29113089.01
202106,QM7,HERTFORDSHIRE & WEST ESSEX STP,2260949.0,153230002.1,18324129.31
202106,QMF,EAST LONDON HEALTH & CARE P/SHIP STP,2708098.0,229106338.0,21520821.56
202106,QMJ,NORTH LONDON PARTNERS IN H&C STP,1732702.0,151433005.6,15170972.07
202106,QMM,NORFOLK & WAVENEY H&C PARTNERSHIP STP,2034859.0,136902094.4,15355015.27
202106,QNC,STAFFORDSHIRE & STOKE ON TRENT STP,2245820.0,187572574.7,20269592.66
202106,QNQ,FRIMLEY HEALTH & CARE ICS STP,907052.0,71631598.30000001,8471611.49
202106,QNX,SUSSEX & EAST SURREY STP,2693835.0,192219722.0,27038676.17
202106,QOC,SHROPSHIRE & TELFORD & WREKIN STP,783337.0,58701437.6,7458073.859999999
202106,QOP,GREATER MANCHESTER HSC PARTNERSHIP STP,5526434.0,466868616.3,51409013.29
202106,QOQ,"HUMBER, COAST & VALE STP",3313885.0,233781210.1,25949659.16
202106,QOX,"BATH & NE SOMERSET, SWINDON & WILTS STP",1423290.0,99125372.5,11152815.56
202106,QPM,NORTHAMPTONSHIRE STP,1317524.0,78742597.9,9665774.72
202106,QR1,GLOUCESTERSHIRE STP,1070867.0,58785649.3,9759342.73
202106,QRL,HAMPSHIRE & THE ISLE OF WIGHT STP,2582156.0,210312115.9,24696952.61
202106,QRV,NW LONDON HEALTH & CARE PARTNERSHIP STP,3653217.0,271152816.71000004,29782165.37
202106,QSL,SOMERSET STP,910660.0,63621508.4,8007512.32
202106,QT1,NOTTINGHAM & NOTTINGHAMSHIRE H&C STP,1735658.0,129469956.7,17256281.61
202106,QT6,CORNWALL & SCILLY ISLES HSC P/SHIP STP,1109550.0,69799327.5,8510765.2
202106,QU9,"BUCKS, OXFORDSHIRE & BERKSHIRE WEST STP",2268639.0,165091296.6,21804051.36
202106,QUA,THE BLACK COUNTRY & WEST BIRMINGHAM STP,2356109.0,219485416.1,21536824.43
202106,QUE,CAMBRIDGESHIRE & PETERBOROUGH STP,1711569.0,109423127.0,26453627.24
202106,QUY,"BRISTOL, N SOMERSET & S GLOUCS STP",1374663.0,106046277.9,11883876.58
202106,QVV,DORSET STP,1311658.0,104099821.71,11963082.58
202106,QWE,SW LONDON HEALTH & CARE PARTNERSHIP STP,1910279.0,129355921.3,15220960.34
202106,QWO,W YORKSHIRE & HARROGATE H&C P/SHIP STP,5466171.0,433805349.7,46162632.74
202106,QWU,COVENTRY & WARWICKSHIRE STP,1619372.0,118221258.1,12945127.44
202106,QXU,SURREY HEARTLANDS H&C PARTNERSHIP STP,1142312.0,98019129.8,11745355.12
202106,QYG,CHESHIRE & MERSEYSIDE STP,4926348.0,451984282.4,42688512.65
202107,QE1,HEALTHIER LANCASHIRE & SOUTH CUMBRIA STP,3305671.0,238970322.1,25911136.48
202107,QF7,SOUTH YORKSHIRE & BASSETLAW STP,3171919.0,203267629.4,22905383.22
202107,QGH,HEREFORDSHIRE & WORCESTERSHIRE STP,1301528.0,502359609.1,18218920.89
202107,QH8,MID AND SOUTH ESSEX STP,1796368.0,118207960.94,16243393.11
202107,QHG,"BEDFORDSHIRE, LUTON & MILTON KEYNES STP",1283739.0,101477547.2,10853378.83
202107,QHL,BIRMINGHAM & SOLIHULL STP,1684812.0,170717322.6,15909484.39
202107,QHM,CUMBRIA & NORTH EAST STP,6817687.0,428484090.71,46175874.76
202107,QJ2,JOINED UP CARE DERBYSHIRE STP,1638236.0,129439931.3,13208166.95
202107,QJG,SUFFOLK & NORTH EAST ESSEX STP,1927522.0,119182798.3,14691010.05
202107,QJK,DEVON STP,2115773.0,155341850.31,17023598.17
202107,QJM,LINCOLNSHIRE STP,1807767.0,112545023.81,12460826.75
202107,QK1,"LEICESTER, LEICESTERSHIRE & RUTLAND STP",1839002.0,138596096.5,14341643.0
202107,QKK,OUR HEALTHIER SOUTH EAST LONDON STP,1981709.0,166557660.9,17387698.490000002
202107,QKS,KENT & MEDWAY STP,2855689.0,464379174.1,29121983.33
202107,QM7,HERTFORDSHIRE & WEST ESSEX STP,2274302.0,154838913.5,17939198.22
202107,QMF,EAST LONDON HEALTH & CARE P/SHIP STP,2700619.0,225108448.6,20831681.0
202107,QMJ,NORTH LONDON PARTNERS IN H&C STP,1736988.0,150337595.39999998,14804795.56
202107,QMM,NORFOLK & WAVENEY H&C PARTNERSHIP STP,2068383.0,136985792.3,15096729.79
202107,QNC,STAFFORDSHIRE & STOKE ON TRENT STP,2245936.0,186463576.0,19955534.28
202107,QNQ,FRIMLEY HEALTH & CARE ICS STP,925267.0,72834470.3,8423372.14
202107,QNX,SUSSEX & EAST SURREY STP,2692700.0,189730954.4,26048156.89
202107,QOC,SHROPSHIRE & TELFORD & WREKIN STP,793276.0,59132265.0,7314031.75
202107,QOP,GREATER MANCHESTER HSC PARTNERSHIP STP,5440292.0,460236424.7000001,48935141.54000001
202107,QOQ,"HUMBER, COAST & VALE STP",3269590.0,227598044.2,24789409.15
202107,QOX,"BATH & NE SOMERSET, SWINDON & WILTS STP",1449295.0,101319343.4,11017787.76
202107,QPM,NORTHAMPTONSHIRE STP,1319797.0,78922591.1,9341501.54
202107,QR1,GLOUCESTERSHIRE STP,1077740.0,59266503.5,9628354.19
202107,QRL,HAMPSHIRE & THE ISLE OF WIGHT STP,2585981.0,209042107.5,24469745.75
202107,QRV,NW LONDON HEALTH & CARE PARTNERSHIP STP,3603225.0,267072346.3,28595096.79
202107,QSL,SOMERSET STP,920056.0,64342396.6,7844123.72
202107,QT1,NOTTINGHAM & NOTTINGHAMSHIRE H&C STP,1748304.0,129452115.8,17250511.69
202107,QT6,CORNWALL & SCILLY ISLES HSC P/SHIP STP,1110474.0,69469753.3,8239205.77
202107,QU9,"BUCKS, OXFORDSHIRE & BERKSHIRE WEST STP",2277626.0,164410886.3,21484554.13
202107,QUA,THE BLACK COUNTRY & WEST BIRMINGHAM STP,2343968.0,219442450.4,20932163.82
202107,QUE,CAMBRIDGESHIRE & PETERBOROUGH STP,1708739.0,109655645.9,26718064.700000003
202107,QUY,"BRISTOL, N SOMERSET & S GLOUCS STP",1368544.0,105113380.1,11453763.86
202107,QVV,DORSET STP,1320699.0,104772013.3,11753650.16
202107,QWE,SW LONDON HEALTH & CARE PARTNERSHIP STP,1921406.0,130201718.4,14971475.29
202107,QWO,W YORKSHIRE & HARROGATE H&C P/SHIP STP,5350863.0,431508646.2,43836005.74
202107,QWU,COVENTRY & WARWICKSHIRE STP,1603175.0,116805886.6,12552032.68
202107,QXU,SURREY HEARTLANDS H&C PARTNERSHIP STP,1158516.0,99219068.8,11650095.43
202107,QYG,CHESHIRE & MERSEYSIDE STP,4954919.0,460222264.6,41784845.01
202108,QE1,HEALTHIER LANCASHIRE & SOUTH CUMBRIA STP,3150593.0,230380299.5,24840036.37
202108,QF7,SOUTH YORKSHIRE & BASSETLAW STP,3005981.0,192881431.0,21639019.93
202108,QGH,HEREFORDSHIRE & WORCESTERSHIRE STP,1242289.0,461114020.0,17042339.119999997
202108,QH8,MID AND SOUTH ESSEX STP,1720345.0,111937251.24,15516247.89
202108,QHG,"BEDFORDSHIRE, LUTON & MILTON KEYNES STP",1209560.0,96255442.9,10203833.73
202108,QHL,BIRMINGHAM & SOLIHULL STP,1638977.0,168001259.0,15713706.11
202108,QHM,CUMBRIA & NORTH EAST STP,6545238.0,414140233.8,44776625.38
202108,QJ2,JOINED UP CARE DERBYSHIRE STP,1548497.0,122107200.8,12421226.38
202108,QJG,SUFFOLK & NORTH EAST ESSEX STP,1822235.0,113222787.0,13922676.56
202108,QJK,DEVON STP,2013834.0,146143531.9,16053392.830000002
202108,QJM,LINCOLNSHIRE STP,1735636.0,108857583.2,12021671.29
202108,QK1,"LEICESTER, LEICESTERSHIRE & RUTLAND STP",1759278.0,131701745.3,13733398.47
202108,QKK,OUR HEALTHIER SOUTH EAST LONDON STP,1877828.0,155864613.1,16279450.739999998
202108,QKS,KENT & MEDWAY STP,2678202.0,440316492.6,27732565.42
202108,QM7,HERTFORDSHIRE & WEST ESSEX STP,2148377.0,145195801.1,16678713.97
202108,QMF,EAST LONDON HEALTH & CARE P/SHIP STP,2543070.0,211194050.7,19384130.14
202108,QMJ,NORTH LONDON PARTNERS IN H&C STP,1613110.0,142054277.3,13684443.85
202108,QMM,NORFOLK & WAVENEY H&C PARTNERSHIP STP,1963902.0,130128822.9,14224795.03
202108,QNC,STAFFORDSHIRE & STOKE ON TRENT STP,2111212.0,173510500.9,18516321.34
202108,QNQ,FRIMLEY HEALTH & CARE ICS STP,857481.0,67007160.5,7735403.17
202108,QNX,SUSSEX & EAST SURREY STP,2566028.0,179523647.8,24781434.71
202108,QOC,SHROPSHIRE & TELFORD & WREKIN STP,751500.0,56668448.5,6887172.89
202108,QOP,GREATER MANCHESTER HSC PARTNERSHIP STP,5202713.0,439179242.4,46532655.62
202108,QOQ,"HUMBER, COAST & VALE STP",3140771.0,217932940.3,23753356.73
202108,QOX,"BATH & NE SOMERSET, SWINDON & WILTS STP",1375581.0,94935020.4,10410932.5
202108,QPM,NORTHAMPTONSHIRE STP,1250179.0,74569881.5,8841659.280000001
202108,QR1,GLOUCESTERSHIRE STP,1026519.0,55870672.4,9136932.05
202108,QRL,HAMPSHIRE & THE ISLE OF WIGHT STP,2453560.0,198103127.5,23526314.74
202108,QRV,NW LONDON HEALTH & CARE PARTNERSHIP STP,3441690.0,251894822.7,26856655.82
202108,QSL,SOMERSET STP,855151.0,59353185.3,7315837.01
202108,QT1,NOTTINGHAM & NOTTINGHAMSHIRE H&C STP,1656104.0,122212381.0,16002139.45
202108,QT6,CORNWALL & SCILLY ISLES HSC P/SHIP STP,1057327.0,66222715.7,7821668.99
202108,QU9,"BUCKS, OXFORDSHIRE & BERKSHIRE WEST STP",2147784.0,155014747.2,20149537.47
202108,QUA,THE BLACK COUNTRY & WEST BIRMINGHAM STP,2229648.0,210444803.9,19964422.34
202108,QUE,CAMBRIDGESHIRE & PETERBOROUGH STP,1604926.0,102406765.7,24563495.06
202108,QUY,"BRISTOL, N SOMERSET & S GLOUCS STP",1302330.0,99071174.9,10900623.8
202108,QVV,DORSET STP,1246543.0,98613811.1,11105253.72
202108,QWE,SW LONDON HEALTH & CARE PARTNERSHIP STP,1810723.0,122466853.1,13966425.830000002
202108,QWO,W YORKSHIRE & HARROGATE H&C P/SHIP STP,5214061.0,409225116.0,42410878.29
202108,QWU,COVENTRY & WARWICKSHIRE STP,1525255.0,110032068.3,11797349.52
202108,QXU,SURREY HEARTLANDS H&C PARTNERSHIP STP,1081063.0,91999351.6,10777623.92
202108,QYG,CHESHIRE & MERSEYSIDE STP,4704093.0,429952711.8,39491578.53
202109,QE1,HEALTHIER LANCASHIRE & SOUTH CUMBRIA STP,3428193.0,243230068.7,27127020.99
202109,QF7,SOUTH YORKSHIRE & BASSETLAW STP,3172480.0,200702534.1,23195965.5
202109,QGH,HEREFORDSHIRE & WORCESTERSHIRE STP,1358390.0,515903420.8,19006429.66
202109,QH8,MID AND SOUTH ESSEX STP,1858731.0,116659117.54,16799122.42
202109,QHG,"BEDFORDSHIRE, LUTON & MILTON KEYNES STP",1272862.0,99063621.6,10800418.67
202109,QHL,BIRMINGHAM & SOLIHULL STP,1735619.0,174295632.5,16567686.82
202109,QHM,CUMBRIA & NORTH EAST STP,6959496.0,425074430.3,47932783.1
202109,QJ2,JOINED UP CARE DERBYSHIRE STP,1656537.0,128605044.0,13503796.7
202109,QJG,SUFFOLK & NORTH EAST ESSEX STP,1999079.0,118326830.0,15460109.65
202109,QJK,DEVON STP,2146258.0,152145646.0,17609098.29
202109,QJM,LINCOLNSHIRE STP,1843772.0,112433333.0,12703199.61
202109,QK1,"LEICESTER, LEICESTERSHIRE & RUTLAND STP",1901139.0,139257943.4,15008303.35
202109,QKK,OUR HEALTHIER SOUTH EAST LONDON STP,2013654.0,165956677.3,17801236.189999998
202109,QKS,KENT & MEDWAY STP,2886905.0,463635285.3,29558652.37
202109,QM7,HERTFORDSHIRE & WEST ESSEX STP,2311041.0,152253195.3,18817378.85
202109,QMF,EAST LONDON HEALTH & CARE P/SHIP STP,2712023.0,222618247.5,21215650.05
202109,QMJ,NORTH LONDON PARTNERS IN H&C STP,1733962.0,149927867.39999998,14928275.69
202109,QMM,NORFOLK & WAVENEY H&C PARTNERSHIP STP,2056799.0,132854690.1,15080858.79
202109,QNC,STAFFORDSHIRE & STOKE ON TRENT STP,2282923.0,185816482.2,20042514.85
202109,QNQ,FRIMLEY HEALTH & CARE ICS STP,913267.0,68963299.0,8373656.199999999
202109,QNX,SUSSEX & EAST SURREY STP,2780820.0,187675634.1,27619575.32
202109,QOC,SHROPSHIRE & TELFORD & WREKIN STP,797932.0,58811718.2,7407902.890000001
202109,QOP,GREATER MANCHESTER HSC PARTNERSHIP STP,5552123.0,462566584.6,49481471.15
202109,QOQ,"HUMBER, COAST & VALE STP",3355014.0,230444255.3,25771118.98
202109,QOX,"BATH & NE SOMERSET, SWINDON & WILTS STP",1453889.0,99382304.2,11278578.25
202109,QPM,NORTHAMPTONSHIRE STP,1333758.0,79152533.9,9501132.32
202109,QR1,GLOUCESTERSHIRE STP,1086400.0,58139268.8,9768009.53
202109,QRL,HAMPSHIRE & THE ISLE OF WIGHT STP,2662083.0,208070633.1,25288282.6
202109,QRV,NW LONDON HEALTH & CARE PARTNERSHIP STP,3751345.0,273347179.70000005,29914434.06
202109,QSL,SOMERSET STP,925223.0,63146324.1,7997385.9
202109,QT1,NOTTINGHAM & NOTTINGHAMSHIRE H&C STP,1788585.0,128829440.2,18100915.55
202109,QT6,CORNWALL & SCILLY ISLES HSC P/SHIP STP,1137264.0,69810417.3,8539061.11
202109,QU9,"BUCKS, OXFORDSHIRE & BERKSHIRE WEST STP",2295934.0,162013273.6,21856283.3
202109,QUA,THE BLACK COUNTRY & WEST BIRMINGHAM STP,2406688.0,223657811.0,21590364.0
202109,QUE,CAMBRIDGESHIRE & PETERBOROUGH STP,1716012.0,107342171.2,27255981.94
202109,QUY,"BRISTOL, N SOMERSET & S GLOUCS STP",1385825.0,102726065.7,11660048.37
202109,QVV,DORSET STP,1332783.0,103406672.1,11948571.13
202109,QWE,SW LONDON HEALTH & CARE PARTNERSHIP STP,1924992.0,126731056.5,15121509.19
202109,QWO,W YORKSHIRE & HARROGATE H&C P/SHIP STP,5531886.0,437961896.2,45376532.73
202109,QWU,COVENTRY & WARWICKSHIRE STP,1622593.0,144156175.4,12770107.98
202109,QXU,SURREY HEARTLANDS H&C PARTNERSHIP STP,1127737.0,93218868.8,11403167.39
202109,QYG,CHESHIRE & MERSEYSIDE STP,5051630.0,462396251.3,43091358.3
202110,QE1,HEALTHIER LANCASHIRE & SOUTH CUMBRIA STP,3372931.0,235476482.9,26462001.82
202110,QF7,SOUTH YORKSHIRE & BASSETLAW STP,3163158.0,192734645.9,22937984.0
202110,QGH,HEREFORDSHIRE & WORCESTERSHIRE STP,1347492.0,465040674.7,17988387.28
202110,QH8,MID AND SOUTH ESSEX STP,1813673.0,113189804.6,16308622.84
202110,QHG,"BEDFORDSHIRE, LUTON & MILTON KEYNES STP",1312852.0,97166784.2,10983408.6
202110,QHL,BIRMINGHAM & SOLIHULL STP,1728634.0,167703135.6,16113946.78
202110,QHM,CUMBRIA & NORTH EAST STP,6827470.0,409748354.0,46437873.68
202110,QJ2,JOINED UP CARE DERBYSHIRE STP,1638734.0,120249397.9,13235645.97
202110,QJG,SUFFOLK & NORTH EAST ESSEX STP,1934101.0,113046196.0,14846526.26
202110,QJK,DEVON STP,2134378.0,145200557.7,17380418.34
202110,QJM,LINCOLNSHIRE STP,1829281.0,106735373.8,12782462.32
202110,QK1,"LEICESTER, LEICESTERSHIRE & RUTLAND STP",1855012.0,132133191.2,14533442.72
202110,QKK,OUR HEALTHIER SOUTH EAST LONDON STP,2001098.0,157792023.2,17205541.009999998
202110,QKS,KENT & MEDWAY STP,2910656.0,436185564.3,29193212.99
202110,QM7,HERTFORDSHIRE & WEST ESSEX STP,2267892.0,143797070.2,18051144.8
202110,QMF,EAST LONDON HEALTH & CARE P/SHIP STP,2704888.0,219519973.4,20611125.22
202110,QMJ,NORTH LONDON PARTNERS IN H&C STP,1715393.0,144595319.6,14498233.759999998
202110,QMM,NORFOLK & WAVENEY H&C PARTNERSHIP STP,2107756.0,129525500.4,15552228.3
202110,QNC,STAFFORDSHIRE & STOKE ON TRENT STP,2245541.0,175071025.3,19536924.9
202110,QNQ,FRIMLEY HEALTH & CARE ICS STP,919915.0,67497882.6,8310067.609999999
202110,QNX,SUSSEX & EAST SURREY STP,2743352.0,180882410.7,26141102.22
202110,QOC,SHROPSHIRE & TELFORD & WREKIN STP,795362.0,56058877.9,7121136.75
202110,QOP,GREATER MANCHESTER HSC PARTNERSHIP STP,5444434.0,440969514.7,48139848.22
202110,QOQ,"HUMBER, COAST & VALE STP",3307668.0,216918579.7,25221781.6
202110,QOX,"BATH & NE SOMERSET, SWINDON & WILTS STP",1465858.0,94083158.3,11401223.13
202110,QPM,NORTHAMPTONSHIRE STP,1311878.0,74547481.8,9448171.37
202110,QR1,GLOUCESTERSHIRE STP,1080805.0,54574333.2,9650846.78
202110,QRL,HAMPSHIRE & THE ISLE OF WIGHT STP,2624124.0,196124784.8,24691356.69
202110,QRV,NW LONDON HEALTH & CARE PARTNERSHIP STP,3633854.0,257955030.11,28473139.7
202110,QSL,SOMERSET STP,915239.0,58822058.6,7836071.49
202110,QT1,NOTTINGHAM & NOTTINGHAMSHIRE H&C STP,1803534.0,125206307.0,17899860.75
202110,QT6,CORNWALL & SCILLY ISLES HSC P/SHIP STP,1101838.0,64938439.4,8261749.16
202110,QU9,"BUCKS, OXFORDSHIRE & BERKSHIRE WEST STP",2282886.0,152835431.5,21121697.57
202110,QUA,THE BLACK COUNTRY & WEST BIRMINGHAM STP,2349804.0,211536705.7,20715623.35
202110,QUE,CAMBRIDGESHIRE & PETERBOROUGH STP,1728671.0,104733613.2,27379822.94
202110,QUY,"BRISTOL, N SOMERSET & S GLOUCS STP",1381831.0,99656048.5,11533650.03
202110,QVV,DORSET STP,1330757.0,96750498.2,11937432.54
202110,QWE,SW LONDON HEALTH & CARE PARTNERSHIP STP,1906589.0,122345987.7,14746690.25
202110,QWO,W YORKSHIRE & HARROGATE H&C P/SHIP STP,5424179.0,417734500.0,43671349.38
202110,QWU,COVENTRY & WARWICKSHIRE STP,1612651.0,110312697.0,12642857.4
202110,QXU,SURREY HEARTLANDS H&C PARTNERSHIP STP,1163468.0,91158560.9,11526589.77
202110,QYG,CHESHIRE & MERSEYSIDE STP,4977225.0,446996824.9,42012232.4
202111,QE1,HEALTHIER LANCASHIRE & SOUTH CUMBRIA STP,3407490.0,239768565.9,26707117.68
202111,QF7,SOUTH YORKSHIRE & BASSETLAW STP,3225345.0,200822025.2,23265213.66
202111,QGH,HEREFORDSHIRE & WORCESTERSHIRE STP,1372229.0,502948882.6,18838774.53
202111,QH8,MID AND SOUTH ESSEX STP,1825428.0,115277419.4,16367023.47
202111,QHG,"BEDFORDSHIRE, LUTON & MILTON KEYNES STP",1310882.0,100122796.1,10961076.49
202111,QHL,BIRMINGHAM & SOLIHULL STP,1760316.0,172987179.7,16394384.2
202111,QHM,CUMBRIA & NORTH EAST STP,6858282.0,415808061.5,46430368.67
202111,QJ2,JOINED UP CARE DERBYSHIRE STP,1696087.0,127600480.5,13634807.78
202111,QJG,SUFFOLK & NORTH EAST ESSEX STP,1931444.0,116744433.4,14744455.12
202111,QJK,DEVON STP,2188375.0,152411268.5,17668608.17
202111,QJM,LINCOLNSHIRE STP,1844781.0,111892619.6,12715975.98
202111,QK1,"LEICESTER, LEICESTERSHIRE & RUTLAND STP",1898927.0,139336141.60000002,14898618.05
202111,QKK,OUR HEALTHIER SOUTH EAST LONDON STP,2058760.0,166306040.7,17898493.22
202111,QKS,KENT & MEDWAY STP,2924776.0,452253438.4,29299351.13
202111,QM7,HERTFORDSHIRE & WEST ESSEX STP,2310135.0,152934390.3,18153204.75
202111,QMF,EAST LONDON HEALTH & CARE P/SHIP STP,2801885.0,231538225.9,21610706.8
202111,QMJ,NORTH LONDON PARTNERS IN H&C STP,1780026.0,152226463.3,15178821.93
202111,QMM,NORFOLK & WAVENEY H&C PARTNERSHIP STP,2101914.0,133497040.1,15358778.94
202111,QNC,STAFFORDSHIRE & STOKE ON TRENT STP,2247685.0,179826862.4,19647384.09
202111,QNQ,FRIMLEY HEALTH & CARE ICS STP,936653.0,72324144.9,8517309.030000001
202111,QNX,SUSSEX & EAST SURREY STP,2813630.0,189055511.4,27177732.86
202111,QOC,SHROPSHIRE & TELFORD & WREKIN STP,802253.0,57114105.2,7224186.75
202111,QOP,GREATER MANCHESTER HSC PARTNERSHIP STP,5561505.0,453721623.1,50029527.28
202111,QOQ,"HUMBER, COAST & VALE STP",3367624.0,226481849.6,25486478.69
202111,QOX,"BATH & NE SOMERSET, SWINDON & WILTS STP",1495769.0,97739049.0,11555956.14
202111,QPM,NORTHAMPTONSHIRE STP,1369528.0,78425870.7,9768879.25
202111,QR1,GLOUCESTERSHIRE STP,1143358.0,59242970.1,10109885.97
202111,QRL,HAMPSHIRE & THE ISLE OF WIGHT STP,2606668.0,202541107.2,24574627.98
202111,QRV,NW LONDON HEALTH & CARE PARTNERSHIP STP,3774528.0,272199070.29999995,29413001.02
202111,QSL,SOMERSET STP,946717.0,61463898.2,8201334.390000001
202111,QT1,NOTTINGHAM & NOTTINGHAMSHIRE H&C STP,1792518.0,129453529.9,17971214.12
202111,QT6,CORNWALL & SCILLY ISLES HSC P/SHIP STP,1148479.0,68485730.50999999,8586410.43
202111,QU9,"BUCKS, OXFORDSHIRE & BERKSHIRE WEST STP",2309418.0,160385543.4,21785698.23
202111,QUA,THE BLACK COUNTRY & WEST BIRMINGHAM STP,2408065.0,218461280.7,21423105.36
202111,QUE,CAMBRIDGESHIRE & PETERBOROUGH STP,1730326.0,107412580.1,25366064.38
202111,QUY,"BRISTOL, N SOMERSET & S GLOUCS STP",1435857.0,104547137.7,11874390.38
202111,QVV,DORSET STP,1361327.0,102540651.5,12089456.98
202111,QWE,SW LONDON HEALTH & CARE PARTNERSHIP STP,1954942.0,127566275.3,15007108.52
202111,QWO,W YORKSHIRE & HARROGATE H&C P/SHIP STP,5577533.0,430374195.4,44829425.22
202111,QWU,COVENTRY & WARWICKSHIRE STP,1654818.0,116108933.1,12838256.51
202111,QXU,SURREY HEARTLANDS H&C PARTNERSHIP STP,1205128.0,95254712.4,11950090.94
202111,QYG,CHESHIRE & MERSEYSIDE STP,5069345.0,460212610.8,42952089.99
202112,QE1,HEALTHIER LANCASHIRE & SOUTH CUMBRIA STP,3511549.0,251478635.3,27479304.97
202112,QF7,SOUTH YORKSHIRE & BASSETLAW STP,3354899.0,212056297.2,24218476.08
202112,QGH,HEREFORDSHIRE & WORCESTERSHIRE STP,1391623.0,526410166.2,19262133.06
202112,QH8,MID AND SOUTH ESSEX STP,1903732.0,121479324.7,17213589.630000003
202112,QHG,"BEDFORDSHIRE, LUTON & MILTON KEYNES STP",1367030.0,105078300.9,11593636.26
202112,QHL,BIRMINGHAM & SOLIHULL STP,1789466.0,179010885.8,17071934.73
202112,QHM,CUMBRIA & NORTH EAST STP,7192104.0,448831689.9,48581621.2
202112,QJ2,JOINED UP CARE DERBYSHIRE STP,1731283.0,133764138.2,13982348.13
202112,QJG,SUFFOLK & NORTH EAST ESSEX STP,2025176.0,122532042.8,15314320.94
202112,QJK,DEVON STP,2236514.0,161336746.8,18068111.17
202112,QJM,LINCOLNSHIRE STP,1892697.0,115581866.7,12942707.09
202112,QK1,"LEICESTER, LEICESTERSHIRE & RUTLAND STP",1949977.0,144388292.0,15283489.79
202112,QKK,OUR HEALTHIER SOUTH EAST LONDON STP,2062068.0,164424207.1,17974635.799999997
202112,QKS,KENT & MEDWAY STP,2992595.0,489554992.1,30257186.340000004
202112,QM7,HERTFORDSHIRE & WEST ESSEX STP,2392553.0,158172090.0,19028007.24
202112,QMF,EAST LONDON HEALTH & CARE P/SHIP STP,2758465.0,229831428.51,21209048.01
202112,QMJ,NORTH LONDON PARTNERS IN H&C STP,1786536.0,153877896.8,15263859.1
202112,QMM,NORFOLK & WAVENEY H&C PARTNERSHIP STP,2148132.0,138268359.3,15558780.51
202112,QNC,STAFFORDSHIRE & STOKE ON TRENT STP,2341479.0,190206382.1,20066187.91
202112,QNQ,FRIMLEY HEALTH & CARE ICS STP,998636.0,75965896.9,9050244.05
202112,QNX,SUSSEX & EAST SURREY STP,2874300.0,196318178.4,28119759.880000003
202112,QOC,SHROPSHIRE & TELFORD & WREKIN STP,843195.0,62760446.1,7598320.96
202112,QOP,GREATER MANCHESTER HSC PARTNERSHIP STP,5720109.0,475371266.5,50926569.38
202112,QOQ,"HUMBER, COAST & VALE STP",3460858.0,235719518.2,26169348.63
202112,QOX,"BATH & NE SOMERSET, SWINDON & WILTS STP",1511892.0,103337552.8,11663055.66
202112,QPM,NORTHAMPTONSHIRE STP,1411130.0,82570842.4,10027052.0
202112,QR1,GLOUCESTERSHIRE STP,1136059.0,60961443.3,10145571.22
202112,QRL,HAMPSHIRE & THE ISLE OF WIGHT STP,2775882.0,217769506.4,26083362.88
202112,QRV,NW LONDON HEALTH & CARE PARTNERSHIP STP,3782695.0,276317586.81,29984415.92
202112,QSL,SOMERSET STP,979888.0,67129352.0,8349035.390000001
202112,QT1,NOTTINGHAM & NOTTINGHAMSHIRE H&C STP,1845764.0,134635884.10000002,18324255.03
202112,QT6,CORNWALL & SCILLY ISLES HSC P/SHIP STP,1182471.0,73441989.6,8761728.87
202112,QU9,"BUCKS, OXFORDSHIRE & BERKSHIRE WEST STP",2413112.0,168754452.39999998,23141194.73
202112,QUA,THE BLACK COUNTRY & WEST BIRMINGHAM STP,2478310.0,225798828.3,22073679.95
202112,QUE,CAMBRIDGESHIRE & PETERBOROUGH STP,1788868.0,113630205.5,29454399.08
202112,QUY,"BRISTOL, N SOMERSET & S GLOUCS STP",1465733.0,109059879.5,12287165.31
202112,QVV,DORSET STP,1401874.0,108650086.1,12484968.47
202112,QWE,SW LONDON HEALTH & CARE PARTNERSHIP STP,2006726.0,133640660.1,15639532.56
202112,QWO,W YORKSHIRE & HARROGATE H&C P/SHIP STP,5758251.0,438850788.3,46202064.07
202112,QWU,COVENTRY & WARWICKSHIRE STP,1706658.0,120602358.4,13342230.3
202112,QXU,SURREY HEARTLANDS H&C PARTNERSHIP STP,1250949.0,98496260.5,12453610.12
202112,QYG,CHESHIRE & MERSEYSIDE STP,5231464.0,478528044.0,44426113.09
202201,QE1,HEALTHIER LANCASHIRE & SOUTH CUMBRIA STP,3265539.0,237081192.9,25033195.14
202201,QF7,SOUTH YORKSHIRE & BASSETLAW STP,3057763.0,196525446.6,21414222.05
202201,QGH,HEREFORDSHIRE & WORCESTERSHIRE STP,1292784.0,473927361.8,17269728.17
202201,QH8,MID AND SOUTH ESSEX STP,1792805.0,118049979.9,15797011.5
202201,QHG,"BEDFORDSHIRE, LUTON & MILTON KEYNES STP",1278628.0,100277931.2,10457281.15
202201,QHL,BIRMINGHAM & SOLIHULL STP,1706170.0,172785723.7,15705206.21
202201,QHM,CUMBRIA & NORTH EAST STP,6670365.0,417198788.2000001,43787727.52
202201,QJ2,JOINED UP CARE DERBYSHIRE STP,1593868.0,125701236.1,12486609.98
202201,QJG,SUFFOLK & NORTH EAST ESSEX STP,1906371.0,118272072.7,14214055.36
202201,QJK,DEVON STP,2056206.0,150166102.5,16309631.239999998
202201,QJM,LINCOLNSHIRE STP,1760690.0,110370206.3,11738350.8
202201,QK1,"LEICESTER, LEICESTERSHIRE & RUTLAND STP",1818968.0,138999766.0,13932191.56
202201,QKK,OUR HEALTHIER SOUTH EAST LONDON STP,2003567.0,164172436.7,16975426.0
202201,QKS,KENT & MEDWAY STP,2787192.0,443998338.0,27663882.17
202201,QM7,HERTFORDSHIRE & WEST ESSEX STP,2240510.0,151308879.8,17394191.66
202201,QMF,EAST LONDON HEALTH & CARE P/SHIP STP,2707173.0,227075078.8,20458303.15
202201,QMJ,NORTH LONDON PARTNERS IN H&C STP,1709378.0,148603034.8,14156685.03
202201,QMM,NORFOLK & WAVENEY H&C PARTNERSHIP STP,2014118.0,133620199.6,14270007.7
202201,QNC,STAFFORDSHIRE & STOKE ON TRENT STP,2165325.0,180926839.0,18476480.36
202201,QNQ,FRIMLEY HEALTH & CARE ICS STP,890154.0,70741723.4,7973309.54
202201,QNX,SUSSEX & EAST SURREY STP,2659557.0,186080126.4,25202477.06
202201,QOC,SHROPSHIRE & TELFORD & WREKIN STP,776522.0,58378627.0,6866562.96
202201,QOP,GREATER MANCHESTER HSC PARTNERSHIP STP,5368989.0,455746810.5,47123021.260000005
202201,QOQ,"HUMBER, COAST & VALE STP",3219879.0,225095657.4,23806657.77
202201,QOX,"BATH & NE SOMERSET, SWINDON & WILTS STP",1407522.0,96838197.9,10615483.9
202201,QPM,NORTHAMPTONSHIRE STP,1289368.0,76422810.5,9026955.02
202201,QR1,GLOUCESTERSHIRE STP,1052851.0,57600516.4,9212460.37
202201,QRL,HAMPSHIRE & THE ISLE OF WIGHT STP,2525233.0,201679803.0,23334477.82
202201,QRV,NW LONDON HEALTH & CARE PARTNERSHIP STP,3789645.0,280915362.9,29033216.18
202201,QSL,SOMERSET STP,884075.0,60793806.6,7410925.8
202201,QT1,NOTTINGHAM & NOTTINGHAMSHIRE H&C STP,1721373.0,127822423.1,17076833.08
202201,QT6,CORNWALL & SCILLY ISLES HSC P/SHIP STP,1065433.0,66625791.7,7686151.48
202201,QU9,"BUCKS, OXFORDSHIRE & BERKSHIRE WEST STP",2245965.0,161878760.3,20681601.73
202201,QUA,THE BLACK COUNTRY & WEST BIRMINGHAM STP,2335087.0,218015016.8,20291359.06
202201,QUE,CAMBRIDGESHIRE & PETERBOROUGH STP,1703939.0,109036351.2,26294897.83
202201,QUY,"BRISTOL, N SOMERSET & S GLOUCS STP",1355215.0,104044853.2,11067717.07
202201,QVV,DORSET STP,1282166.0,101489288.8,11149780.92
202201,QWE,SW LONDON HEALTH & CARE PARTNERSHIP STP,1932312.0,128829538.2,14586709.58
202201,QWO,W YORKSHIRE & HARROGATE H&C P/SHIP STP,5431947.0,433948311.2,42720908.95
202201,QWU,COVENTRY & WARWICKSHIRE STP,1564107.0,113090038.4,12021063.69
202201,QXU,SURREY HEARTLANDS H&C PARTNERSHIP STP,1141269.0,94169857.0,11072103.52
202201,QYG,CHESHIRE & MERSEYSIDE STP,4866679.0,459844230.9,40583734.620000005
202202,QE1,HEALTHIER LANCASHIRE & SOUTH CUMBRIA STP,3062439.0,225166770.8,23455330.88
202202,QF7,SOUTH YORKSHIRE & BASSETLAW STP,2884360.0,185276354.8,20067568.96
202202,QGH,HEREFORDSHIRE & WORCESTERSHIRE STP,1210816.0,483331709.0,17104845.65
202202,QH8,MID AND SOUTH ESSEX STP,1653215.0,109040873.2,14745825.29
202202,QHG,"BEDFORDSHIRE, LUTON & MILTON KEYNES STP",1182093.0,92131390.9,9719520.79
202202,QHL,BIRMINGHAM & SOLIHULL STP,1592069.0,163478364.3,14844898.71
202202,QHM,CUMBRIA & NORTH EAST STP,6265168.0,398302998.0,41464620.55
202202,QJ2,JOINED UP CARE DERBYSHIRE STP,1504089.0,119411207.9,11766101.989999998
202202,QJG,SUFFOLK & NORTH EAST ESSEX STP,1777129.0,109638392.4,13196780.9
202202,QJK,DEVON STP,1918260.0,139281855.5,15121771.79
202202,QJM,LINCOLNSHIRE STP,1647365.0,104515551.0,10964792.68
202202,QK1,"LEICESTER, LEICESTERSHIRE & RUTLAND STP",1706727.0,130997283.1,13059580.9
202202,QKK,OUR HEALTHIER SOUTH EAST LONDON STP,1845390.0,152594672.39999998,15649237.68
202202,QKS,KENT & MEDWAY STP,2592548.0,408788114.9,25638556.76
202202,QM7,HERTFORDSHIRE & WEST ESSEX STP,2085415.0,141291738.6,16283271.03
202202,QMF,EAST LONDON HEALTH & CARE P/SHIP STP,2516298.0,211542340.5,19128402.6
202202,QMJ,NORTH LONDON PARTNERS IN H&C STP,1630914.0,143200303.6,13669302.22
202202,QMM,NORFOLK & WAVENEY H&C PARTNERSHIP STP,1866060.0,123938107.1,13181700.739999998
202202,QNC,STAFFORDSHIRE & STOKE ON TRENT STP,2039885.0,170906676.10000002,17483108.799999997
202202,QNQ,FRIMLEY HEALTH & CARE ICS STP,854803.0,67863400.7,7593091.1
202202,QNX,SUSSEX & EAST SURREY STP,2484292.0,173912807.8,23688325.72
202202,QOC,SHROPSHIRE & TELFORD & WREKIN STP,722231.0,54351083.6,6321746.180000001
202202,QOP,GREATER MANCHESTER HSC PARTNERSHIP STP,4961375.0,422641130.2,42912549.96
202202,QOQ,"HUMBER, COAST & VALE STP",3056576.0,212707483.4,22643987.64
202202,QOX,"BATH & NE SOMERSET, SWINDON & WILTS STP",1295572.0,89311421.8,9662975.34
202202,QPM,NORTHAMPTONSHIRE STP,1196799.0,71618476.1,8324894.62
202202,QR1,GLOUCESTERSHIRE STP,994742.0,53782242.4,8556594.39
202202,QRL,HAMPSHIRE & THE ISLE OF WIGHT STP,2408951.0,196585140.2,22316712.700000003
202202,QRV,NW LONDON HEALTH & CARE PARTNERSHIP STP,3496333.0,255486340.3,26684570.39
202202,QSL,SOMERSET STP,819217.0,56551140.5,6902833.66
202202,QT1,NOTTINGHAM & NOTTINGHAMSHIRE H&C STP,1627759.0,121371075.9,16250592.21
202202,QT6,CORNWALL & SCILLY ISLES HSC P/SHIP STP,1024656.0,64467730.2,7412646.59
202202,QU9,"BUCKS, OXFORDSHIRE & BERKSHIRE WEST STP",2125039.0,154646649.0,19653560.49
202202,QUA,THE BLACK COUNTRY & WEST BIRMINGHAM STP,2180993.0,204688501.5,19074238.33
202202,QUE,CAMBRIDGESHIRE & PETERBOROUGH STP,1587896.0,102095361.9,25090528.61
202202,QUY,"BRISTOL, N SOMERSET & S GLOUCS STP",1274177.0,98307604.3,10488830.27
202202,QVV,DORSET STP,1198926.0,94551372.5,10434088.4
202202,QWE,SW LONDON HEALTH & CARE PARTNERSHIP STP,1806980.0,122725228.2,13699177.63
202202,QWO,W YORKSHIRE & HARROGATE H&C P/SHIP STP,5084879.0,404047110.8,39962111.56
202202,QWU,COVENTRY & WARWICKSHIRE STP,1489912.0,108965160.1,11383395.73
202202,QXU,SURREY HEARTLANDS H&C PARTNERSHIP STP,1057272.0,91211411.6,10315731.28
202202,QYG,CHESHIRE & MERSEYSIDE STP,4542711.0,430854129.5,38141666.32
202203,QE1,HEALTHIER LANCASHIRE & SOUTH CUMBRIA STP,3512829.0,256105128.0,27082669.340000004
202203,QF7,SOUTH YORKSHIRE & BASSETLAW STP,3259864.0,208297659.0,23321939.35
202203,QGH,HEREFORDSHIRE & WORCESTERSHIRE STP,1374511.0,541039588.1,19404119.89
202203,QH8,MID AND SOUTH ESSEX STP,1885080.0,122576638.4,16902607.08
202203,QHG,"BEDFORDSHIRE, LUTON & MILTON KEYNES STP",1341266.0,106281093.1,11113758.64
202203,QHL,BIRMINGHAM & SOLIHULL STP,1822860.0,187483978.1,17084392.9
202203,QHM,CUMBRIA & NORTH EAST STP,7108771.0,450698428.4,47204803.41
202203,QJ2,JOINED UP CARE DERBYSHIRE STP,1699566.0,134991944.5,13367936.93
202203,QJG,SUFFOLK & NORTH EAST ESSEX STP,1986712.0,123542523.1,14963234.58
202203,QJK,DEVON STP,2171110.0,158287770.2,17248560.14
202203,QJM,LINCOLNSHIRE STP,1873406.0,116936294.8,12590280.56
202203,QK1,"LEICESTER, LEICESTERSHIRE & RUTLAND STP",1941729.0,146116237.1,15068020.49
202203,QKK,OUR HEALTHIER SOUTH EAST LONDON STP,2108520.0,175001423.5,18219874.88
202203,QKS,KENT & MEDWAY STP,2949235.0,482405114.5,29686548.69
202203,QM7,HERTFORDSHIRE & WEST ESSEX STP,2356041.0,160507181.8,18469605.29
202203,QMF,EAST LONDON HEALTH & CARE P/SHIP STP,2859862.0,238276530.8,21724336.48
202203,QMJ,NORTH LONDON PARTNERS IN H&C STP,1846400.0,160233602.6,15586895.44
202203,QMM,NORFOLK & WAVENEY H&C PARTNERSHIP STP,2100635.0,138947057.3,14991795.08
202203,QNC,STAFFORDSHIRE & STOKE ON TRENT STP,2315857.0,195469323.4,20170743.53
202203,QNQ,FRIMLEY HEALTH & CARE ICS STP,976590.0,76428101.7,8837566.33
202203,QNX,SUSSEX & EAST SURREY STP,2805583.0,196334893.7,27144721.94
202203,QOC,SHROPSHIRE & TELFORD & WREKIN STP,827492.0,62881718.8,7339509.92
202203,QOP,GREATER MANCHESTER HSC PARTNERSHIP STP,5742996.0,490276355.1,50249311.26
202203,QOQ,"HUMBER, COAST & VALE STP",3406348.0,238026889.1,25354716.34
202203,QOX,"BATH & NE SOMERSET, SWINDON & WILTS STP",1496755.0,103656435.4,11257452.62
202203,QPM,NORTHAMPTONSHIRE STP,1387177.0,83347843.1,9724594.97
202203,QR1,GLOUCESTERSHIRE STP,1107608.0,60509289.6,9426460.77
202203,QRL,HAMPSHIRE & THE ISLE OF WIGHT STP,2710678.0,221860307.3,25268970.43
202203,QRV,NW LONDON HEALTH & CARE PARTNERSHIP STP,3999656.0,297391920.6,30872881.880000003
202203,QSL,SOMERSET STP,942923.0,65360613.900000006,7983088.09
202203,QT1,NOTTINGHAM & NOTTINGHAMSHIRE H&C STP,1835386.0,135873438.10000002,18639431.63
202203,QT6,CORNWALL & SCILLY ISLES HSC P/SHIP STP,1160711.0,71949910.5,8526115.469999999
202203,QU9,"BUCKS, OXFORDSHIRE & BERKSHIRE WEST STP",2317762.0,169388033.4,22000615.8
202203,QUA,THE BLACK COUNTRY & WEST BIRMINGHAM STP,2484781.0,232567027.1,21853989.72
202203,QUE,CAMBRIDGESHIRE & PETERBOROUGH STP,1778834.0,114583274.0,27652529.51
202203,QUY,"BRISTOL, N SOMERSET & S GLOUCS STP",1440186.0,111463210.2,11983756.32
202203,QVV,DORSET STP,1345629.0,105463486.6,11811542.57
202203,QWE,SW LONDON HEALTH & CARE PARTNERSHIP STP,2022611.0,136353319.60000002,15461911.0
202203,QWO,W YORKSHIRE & HARROGATE H&C P/SHIP STP,5773056.0,458594974.4,45423557.19
202203,QWU,COVENTRY & WARWICKSHIRE STP,1672326.0,120207853.4,12844414.63
202203,QXU,SURREY HEARTLANDS H&C PARTNERSHIP STP,1195921.0,100089912.8,11711416.19
202203,QYG,CHESHIRE & MERSEYSIDE STP,5222611.0,498238066.2000001,44141030.97
202204,QE1,HEALTHIER LANCASHIRE & SOUTH CUMBRIA STP,3277231.0,238458343.9,25137440.36
202204,QF7,SOUTH YORKSHIRE & BASSETLAW STP,3068263.0,195007304.8,21744310.630000003
202204,QGH,HEREFORDSHIRE & WORCESTERSHIRE STP,1264536.0,496442801.5,17728193.35
202204,QH8,MID AND SOUTH ESSEX STP,1750207.0,113859607.0,15607255.81
202204,QHG,"BEDFORDSHIRE, LUTON & MILTON KEYNES STP",1257194.0,98669110.1,10344793.3
202204,QHL,BIRMINGHAM & SOLIHULL STP,1659367.0,169337161.9,15375209.37
202204,QHM,CUMBRIA & NORTH EAST STP,6656854.0,415070895.6,43459261.04
202204,QJ2,JOINED UP CARE DERBYSHIRE STP,1585667.0,125210602.1,12444304.21
202204,QJG,SUFFOLK & NORTH EAST ESSEX STP,1887593.0,115515943.9,14123796.75
202204,QJK,DEVON STP,2056649.0,149856389.3,16199627.03
202204,QJM,LINCOLNSHIRE STP,1761933.0,110752135.4,11802135.96
202204,QK1,"LEICESTER, LEICESTERSHIRE & RUTLAND STP",1817186.0,138908277.3,14121871.6
202204,QKK,OUR HEALTHIER SOUTH EAST LONDON STP,1968431.0,160087014.3,16766356.2
202204,QKS,KENT & MEDWAY STP,2749720.0,437291904.0,27324285.18
202204,QM7,HERTFORDSHIRE & WEST ESSEX STP,2196652.0,149895381.20000002,17075497.0
202204,QMF,EAST LONDON HEALTH & CARE P/SHIP STP,2653509.0,221155374.7,20118430.99
202204,QMJ,NORTH LONDON PARTNERS IN H&C STP,1722279.0,150022774.0,14347626.7
202204,QMM,NORFOLK & WAVENEY H&C PARTNERSHIP STP,1977093.0,131133483.1,14094561.47
202204,QNC,STAFFORDSHIRE & STOKE ON TRENT STP,2152136.0,179977531.4,18393829.130000003
202204,QNQ,FRIMLEY HEALTH & CARE ICS STP,899398.0,72763182.3,8092915.18
202204,QNX,SUSSEX & EAST SURREY STP,2638388.0,186462557.4,25383536.65
202204,QOC,SHROPSHIRE & TELFORD & WREKIN STP,758061.0,57513537.8,6667403.34
202204,QOP,GREATER MANCHESTER HSC PARTNERSHIP STP,5305174.0,451429918.4,46144469.95
202204,QOQ,"HUMBER, COAST & VALE STP",3234205.0,223062318.6,23847559.31
202204,QOX,"BATH & NE SOMERSET, SWINDON & WILTS STP",1392920.0,96332795.5,10436978.42
202204,QPM,NORTHAMPTONSHIRE STP,1281354.0,76275516.3,8890920.219999999
202204,QR1,GLOUCESTERSHIRE STP,1080832.0,59261455.6,8748974.06
202204,QRL,HAMPSHIRE & THE ISLE OF WIGHT STP,2544632.0,207158129.3,23599401.02
202204,QRV,NW LONDON HEALTH & CARE PARTNERSHIP STP,3711022.0,274377711.51,28527420.33
202204,QSL,SOMERSET STP,881077.0,61436487.8,7453795.37
202204,QT1,NOTTINGHAM & NOTTINGHAMSHIRE H&C STP,1710978.0,126449012.2,16890841.869999997
202204,QT6,CORNWALL & SCILLY ISLES HSC P/SHIP STP,1090220.0,68319671.5,7912917.59
202204,QU9,"BUCKS, OXFORDSHIRE & BERKSHIRE WEST STP",2213646.0,162388362.4,20744186.03
202204,QUA,THE BLACK COUNTRY & WEST BIRMINGHAM STP,2238751.0,207506476.7,19382171.5
202204,QUE,CAMBRIDGESHIRE & PETERBOROUGH STP,1665593.0,107988758.6,26056344.200000003
202204,QUY,"BRISTOL, N SOMERSET & S GLOUCS STP",1263851.0,97762349.5,10481155.87
202204,QVV,DORSET STP,1264348.0,100458819.4,11087520.74
202204,QWE,SW LONDON HEALTH & CARE PARTNERSHIP STP,1912847.0,129947409.1,14411011.73
202204,QWO,W YORKSHIRE & HARROGATE H&C P/SHIP STP,5357121.0,422264852.8,42001258.71
202204,QWU,COVENTRY & WARWICKSHIRE STP,1573145.0,112910947.7,12035637.44
202204,QXU,SURREY HEARTLANDS H&C PARTNERSHIP STP,1130746.0,92533410.0,11089603.74
202204,QYG,CHESHIRE & MERSEYSIDE STP,4884312.0,473831725.0,41229351.55
202205,QE1,NHS LANCASHIRE AND SOUTH CUMBRIA INTEGRATED CARE BOARD,3424789.0,249672048.3,26609649.34
202205,QF7,NHS SOUTH YORKSHIRE INTEGRATED CARE BOARD,2937371.0,186408439.4,21019398.71
202205,QGH,NHS HEREFORDSHIRE AND WORCESTERSHIRE INTEGRATED CARE BOARD,1328407.0,485249270.2000001,18235875.83
202205,QH8,NHS MID AND SOUTH ESSEX INTEGRATED CARE BOARD,1869370.0,121535022.4,16866130.73
202205,QHG,"NHS BEDFORDSHIRE, LUTON AND MILTON KEYNES INTEGRATED CARE BOARD",1335873.0,104270338.1,11112982.16
202205,QHL,NHS BIRMINGHAM AND SOLIHULL INTEGRATED CARE BOARD,2051974.0,210599634.2,18975792.19
202205,QHM,NHS NORTH EAST AND NORTH CUMBRIA INTEGRATED CARE BOARD,6959125.0,438374484.1,46309491.8
202205,QJ2,NHS DERBY AND DERBYSHIRE INTEGRATED CARE BOARD,1731252.0,136492156.5,13747745.84
202205,QJG,NHS SUFFOLK AND NORTH EAST ESSEX INTEGRATED CARE BOARD,1937636.0,120649066.1,14662235.85
202205,QJK,NHS DEVON INTEGRATED CARE BOARD,2124436.0,156340101.7,16998061.5
202205,QJM,NHS LINCOLNSHIRE INTEGRATED CARE BOARD,1830577.0,113704988.2,12350031.91
202205,QK1,"NHS LEICESTER, LEICESTERSHIRE AND RUTLAND INTEGRATED CARE BOARD",1906755.0,143405100.2,14825036.76
202205,QKK,NHS SOUTH EAST LONDON INTEGRATED CARE BOARD,2052402.0,168796690.2,17570036.65
202205,QKS,NHS KENT AND MEDWAY INTEGRATED CARE BOARD,2883581.0,480568093.2,29420458.36
202205,QM7,NHS HERTFORDSHIRE AND WEST ESSEX INTEGRATED CARE BOARD,2319777.0,156453001.0,18222492.93
202205,QMF,NHS NORTH EAST LONDON INTEGRATED CARE BOARD,2813731.0,235185543.2,21374554.81
202205,QMJ,NHS NORTH CENTRAL LONDON INTEGRATED CARE BOARD,1797845.0,156069501.2,15208923.27
202205,QMM,NHS NORFOLK AND WAVENEY INTEGRATED CARE BOARD,2070725.0,136729935.5,14869484.16
202205,QNC,NHS STAFFORDSHIRE AND STOKE-ON-TRENT INTEGRATED CARE BOARD,2214519.0,183947000.6,18901634.73
202205,QNQ,NHS FRIMLEY INTEGRATED CARE BOARD,929996.0,74145086.4,8470815.5
202205,QNX,NHS SUSSEX INTEGRATED CARE BOARD,2777269.0,193909808.0,26956195.87
202205,QOC,"NHS SHROPSHIRE, TELFORD AND WREKIN INTEGRATED CARE BOARD",805613.0,61348249.5,7201439.85
202205,QOP,NHS GREATER MANCHESTER INTEGRATED CARE BOARD,5495137.0,467353773.1,48312553.07
202205,QOQ,NHS HUMBER AND NORTH YORKSHIRE INTEGRATED CARE BOARD,3334210.0,232959526.5,24964789.73
202205,QOX,"NHS BATH AND NORTH EAST SOMERSET, SWINDON AND WILTSHIRE INTEGRATED CARE BOARD",1454018.0,98874342.2,10941458.45
202205,QPM,NHS NORTHAMPTONSHIRE INTEGRATED CARE BOARD,1373876.0,81976902.6,9653261.93
202205,QR1,NHS GLOUCESTERSHIRE INTEGRATED CARE BOARD,1092886.0,59809966.1,9454118.13
202205,QRL,NHS HAMPSHIRE AND ISLE OF WIGHT INTEGRATED CARE BOARD,2641195.0,216434601.2,24707251.05
202205,QRV,NHS NORTH WEST LONDON INTEGRATED CARE BOARD,3910613.0,287878571.9,30515751.85
202205,QSL,NHS SOMERSET INTEGRATED CARE BOARD,902842.0,62787428.0,7652496.56
202205,QT1,NHS NOTTINGHAM AND NOTTINGHAMSHIRE INTEGRATED CARE BOARD,2051350.0,149230731.6,20162857.450000003
202205,QT6,NHS CORNWALL AND THE ISLES OF SCILLY INTEGRATED CARE BOARD,1117301.0,70362330.7,8211275.26
202205,QU9,"NHS BUCKINGHAMSHIRE, OXFORDSHIRE AND BERKSHIRE WEST INTEGRATED CARE BOARD",2278529.0,167258007.5,21825183.87
202205,QUA,NHS BLACK COUNTRY INTEGRATED CARE BOARD,2170961.0,204136196.3,19320603.83
202205,QUE,NHS CAMBRIDGESHIRE AND PETERBOROUGH INTEGRATED CARE BOARD,1729878.0,111482433.0,28623297.09
202205,QUY,"NHS BRISTOL, NORTH SOMERSET AND SOUTH GLOUCESTERSHIRE INTEGRATED CARE BOARD",1396487.0,106522112.2,11581795.61
202205,QVV,NHS DORSET INTEGRATED CARE BOARD,1301203.0,101097718.7,11446684.01
202205,QWE,NHS SOUTH WEST LONDON INTEGRATED CARE BOARD,1955614.0,132515624.5,14940874.03
202205,QWO,NHS WEST YORKSHIRE INTEGRATED CARE BOARD,5734269.0,442446966.6,45065451.13
202205,QWU,NHS COVENTRY AND WARWICKSHIRE INTEGRATED CARE BOARD,1632354.0,118072406.1,12637179.05
202205,QXU,NHS SURREY HEARTLANDS INTEGRATED CARE BOARD,1176667.0,96087591.0,11571875.29
202205,QYG,NHS CHESHIRE AND MERSEYSIDE INTEGRATED CARE BOARD,5043543.0,486547637.0,43100291.76
202206,QE1,NHS LANCASHIRE AND SOUTH CUMBRIA INTEGRATED CARE BOARD,3312184.0,242317675.9,26050327.8
202206,QF7,NHS SOUTH YORKSHIRE INTEGRATED CARE BOARD,2862427.0,180405947.4,20502598.84
202206,QGH,NHS HEREFORDSHIRE AND WORCESTERSHIRE INTEGRATED CARE BOARD,1291141.0,504222977.0,18354603.73
202206,QH8,NHS MID AND SOUTH ESSEX INTEGRATED CARE BOARD,1800399.0,117531623.5,16548365.13
202206,QHG,"NHS BEDFORDSHIRE, LUTON AND MILTON KEYNES INTEGRATED CARE BOARD",1289671.0,102956264.0,10860348.67
202206,QHL,NHS BIRMINGHAM AND SOLIHULL INTEGRATED CARE BOARD,1982768.0,203820716.9,18337681.95
202206,QHM,NHS NORTH EAST AND NORTH CUMBRIA INTEGRATED CARE BOARD,6709029.0,424659841.8,45138458.69
202206,QJ2,NHS DERBY AND DERBYSHIRE INTEGRATED CARE BOARD,1648506.0,131699983.5,13281824.03
202206,QJG,NHS SUFFOLK AND NORTH EAST ESSEX INTEGRATED CARE BOARD,1952566.0,120228897.5,14849527.15
202206,QJK,NHS DEVON INTEGRATED CARE BOARD,2068602.0,151223282.5,16644504.32
202206,QJM,NHS LINCOLNSHIRE INTEGRATED CARE BOARD,1793927.0,112710665.1,12219691.41
202206,QK1,"NHS LEICESTER, LEICESTERSHIRE AND RUTLAND INTEGRATED CARE BOARD",1857415.0,141838008.5,14555952.9
202206,QKK,NHS SOUTH EAST LONDON INTEGRATED CARE BOARD,2030308.0,167084509.9,17753108.6
202206,QKS,NHS KENT AND MEDWAY INTEGRATED CARE BOARD,2810017.0,453919646.6,28699830.72
202206,QM7,NHS HERTFORDSHIRE AND WEST ESSEX INTEGRATED CARE BOARD,2256441.0,152779265.2,17876042.99
202206,QMF,NHS NORTH EAST LONDON INTEGRATED CARE BOARD,2738889.0,232740300.8,21212142.18
202206,QMJ,NHS NORTH CENTRAL LONDON INTEGRATED CARE BOARD,1750314.0,152905153.4,14986601.52
202206,QMM,NHS NORFOLK AND WAVENEY INTEGRATED CARE BOARD,2037717.0,133504556.5,14752263.22
202206,QNC,NHS STAFFORDSHIRE AND STOKE-ON-TRENT INTEGRATED CARE BOARD,2198676.0,183697116.9,19239451.14
202206,QNQ,NHS FRIMLEY INTEGRATED CARE BOARD,918788.0,72192459.7,8359985.279999999
202206,QNX,NHS SUSSEX INTEGRATED CARE BOARD,2670260.0,189141102.7,26224039.0
202206,QOC,"NHS SHROPSHIRE, TELFORD AND WREKIN INTEGRATED CARE BOARD",777917.0,58713331.2,6929090.819999999
202206,QOP,NHS GREATER MANCHESTER INTEGRATED CARE BOARD,5462918.0,466759828.91,48956749.21
202206,QOQ,NHS HUMBER AND NORTH YORKSHIRE INTEGRATED CARE BOARD,3265634.0,228391671.6,24542501.13
202206,QOX,"NHS BATH AND NORTH EAST SOMERSET, SWINDON AND WILTSHIRE INTEGRATED CARE BOARD",1412366.0,97826509.7,10763066.28
202206,QPM,NHS NORTHAMPTONSHIRE INTEGRATED CARE BOARD,1335713.0,79798765.7,9516076.06
202206,QR1,NHS GLOUCESTERSHIRE INTEGRATED CARE BOARD,1073728.0,59423194.4,10072791.56
202206,QRL,NHS HAMPSHIRE AND ISLE OF WIGHT INTEGRATED CARE BOARD,2578465.0,211829813.8,24336541.26
202206,QRV,NHS NORTH WEST LONDON INTEGRATED CARE BOARD,3843839.0,283263449.6,30215700.51
202206,QSL,NHS SOMERSET INTEGRATED CARE BOARD,892055.0,61961468.3,7864243.229999999
202206,QT1,NHS NOTTINGHAM AND NOTTINGHAMSHIRE INTEGRATED CARE BOARD,2033233.0,148712553.2,20139479.03
202206,QT6,NHS CORNWALL AND THE ISLES OF SCILLY INTEGRATED CARE BOARD,1093731.0,68783390.2,8071737.06
202206,QU9,"NHS BUCKINGHAMSHIRE, OXFORDSHIRE AND BERKSHIRE WEST INTEGRATED CARE BOARD",2261534.0,162370605.1,21428159.96
202206,QUA,NHS BLACK COUNTRY INTEGRATED CARE BOARD,2072675.0,195486577.9,18658614.91
202206,QUE,NHS CAMBRIDGESHIRE AND PETERBOROUGH INTEGRATED CARE BOARD,1660761.0,105975081.2,26225219.69
202206,QUY,"NHS BRISTOL, NORTH SOMERSET AND SOUTH GLOUCESTERSHIRE INTEGRATED CARE BOARD",1318382.0,101717596.0,11195079.71
202206,QVV,NHS DORSET INTEGRATED CARE BOARD,1278665.0,99192553.5,11315933.83
202206,QWE,NHS SOUTH WEST LONDON INTEGRATED CARE BOARD,1953068.0,131850511.7,15161554.66
202206,QWO,NHS WEST YORKSHIRE INTEGRATED CARE BOARD,5546741.0,431450879.5,44052541.31999999
202206,QWU,NHS COVENTRY AND WARWICKSHIRE INTEGRATED CARE BOARD,1585468.0,113575192.6,12387535.17
202206,QXU,NHS SURREY HEARTLANDS INTEGRATED CARE BOARD,1137978.0,93758817.6,11416516.69
202206,QYG,NHS CHESHIRE AND MERSEYSIDE INTEGRATED CARE BOARD,4971184.0,477237248.7000001,42673036.4
202207,QE1,NHS LANCASHIRE AND SOUTH CUMBRIA INTEGRATED CARE BOARD,3360598.0,249969177.4,27078833.72
202207,QF7,NHS SOUTH YORKSHIRE INTEGRATED CARE BOARD,2837837.0,180011415.5,20723700.7
202207,QGH,NHS HEREFORDSHIRE AND WORCESTERSHIRE INTEGRATED CARE BOARD,1295877.0,501361860.8,18742456.47
202207,QH8,NHS MID AND SOUTH ESSEX INTEGRATED CARE BOARD,1791598.0,116764447.2,16793402.76
202207,QHG,"NHS BEDFORDSHIRE, LUTON AND MILTON KEYNES INTEGRATED CARE BOARD",1292999.0,99547998.0,11096882.49
202207,QHL,NHS BIRMINGHAM AND SOLIHULL INTEGRATED CARE BOARD,1978265.0,205533864.7,18781350.85
202207,QHM,NHS NORTH EAST AND NORTH CUMBRIA INTEGRATED CARE BOARD,6741781.0,425669891.2,46396588.58
202207,QJ2,NHS DERBY AND DERBYSHIRE INTEGRATED CARE BOARD,1675471.0,133842068.0,13742225.38
202207,QJG,NHS SUFFOLK AND NORTH EAST ESSEX INTEGRATED CARE BOARD,1911562.0,117986102.4,14879136.05
202207,QJK,NHS DEVON INTEGRATED CARE BOARD,2088541.0,153977079.4,17222505.96
202207,QJM,NHS LINCOLNSHIRE INTEGRATED CARE BOARD,1792423.0,112892513.9,12532101.93
202207,QK1,"NHS LEICESTER, LEICESTERSHIRE AND RUTLAND INTEGRATED CARE BOARD",1855842.0,141245628.3,14927247.73
202207,QKK,NHS SOUTH EAST LONDON INTEGRATED CARE BOARD,2017159.0,163880023.4,17955695.57
202207,QKS,NHS KENT AND MEDWAY INTEGRATED CARE BOARD,2765690.0,447980721.4,28937990.58
202207,QM7,NHS HERTFORDSHIRE AND WEST ESSEX INTEGRATED CARE BOARD,2259226.0,152426962.6,18227850.34
202207,QMF,NHS NORTH EAST LONDON INTEGRATED CARE BOARD,2741125.0,231563947.3,21686898.08
202207,QMJ,NHS NORTH CENTRAL LONDON INTEGRATED CARE BOARD,1745665.0,153018656.0,15403107.16
202207,QMM,NHS NORFOLK AND WAVENEY INTEGRATED CARE BOARD,2003237.0,133470111.1,14838242.44
202207,QNC,NHS STAFFORDSHIRE AND STOKE-ON-TRENT INTEGRATED CARE BOARD,2230521.0,189126957.5,19907544.9
202207,QNQ,NHS FRIMLEY INTEGRATED CARE BOARD,900263.0,70537800.6,8417394.19
202207,QNX,NHS SUSSEX INTEGRATED CARE BOARD,2668285.0,187931560.9,26782515.35
202207,QOC,"NHS SHROPSHIRE, TELFORD AND WREKIN INTEGRATED CARE BOARD",800749.0,61127215.4,7336010.97
202207,QOP,NHS GREATER MANCHESTER INTEGRATED CARE BOARD,5348711.0,458487192.5,48086709.84
202207,QOQ,NHS HUMBER AND NORTH YORKSHIRE INTEGRATED CARE BOARD,3277669.0,228915505.8,25183374.99
202207,QOX,"NHS BATH AND NORTH EAST SOMERSET, SWINDON AND WILTSHIRE INTEGRATED CARE BOARD",1413882.0,97492304.6,11101053.32
202207,QPM,NHS NORTHAMPTONSHIRE INTEGRATED CARE BOARD,1328832.0,80020543.9,9792553.09
202207,QR1,NHS GLOUCESTERSHIRE INTEGRATED CARE BOARD,1043138.0,56830871.9,9311909.64
202207,QRL,NHS HAMPSHIRE AND ISLE OF WIGHT INTEGRATED CARE BOARD,2577141.0,212063625.0,24910717.23
202207,QRV,NHS NORTH WEST LONDON INTEGRATED CARE BOARD,3809817.0,279555146.31,30475316.84
202207,QSL,NHS SOMERSET INTEGRATED CARE BOARD,892554.0,62889954.8,7881371.98
202207,QT1,NHS NOTTINGHAM AND NOTTINGHAMSHIRE INTEGRATED CARE BOARD,2003742.0,146650193.9,20136760.28
202207,QT6,NHS CORNWALL AND THE ISLES OF SCILLY INTEGRATED CARE BOARD,1106514.0,70277556.0,8415477.82
202207,QU9,"NHS BUCKINGHAMSHIRE, OXFORDSHIRE AND BERKSHIRE WEST INTEGRATED CARE BOARD",2254882.0,164009554.8,22046491.84
202207,QUA,NHS BLACK COUNTRY INTEGRATED CARE BOARD,2096235.0,196398761.1,19116626.43
202207,QUE,NHS CAMBRIDGESHIRE AND PETERBOROUGH INTEGRATED CARE BOARD,1689752.0,110008691.1,28925616.52
202207,QUY,"NHS BRISTOL, NORTH SOMERSET AND SOUTH GLOUCESTERSHIRE INTEGRATED CARE BOARD",1320907.0,101686344.4,11363264.73
202207,QVV,NHS DORSET INTEGRATED CARE BOARD,1287249.0,100324535.7,11681681.17
202207,QWE,NHS SOUTH WEST LONDON INTEGRATED CARE BOARD,1928896.0,131011876.4,15385611.49
202207,QWO,NHS WEST YORKSHIRE INTEGRATED CARE BOARD,5539995.0,437829752.8,44710779.7
202207,QWU,NHS COVENTRY AND WARWICKSHIRE INTEGRATED CARE BOARD,1572014.0,114576005.8,12558018.51
202207,QXU,NHS SURREY HEARTLANDS INTEGRATED CARE BOARD,1140333.0,92282607.9,11621958.85
202207,QYG,NHS CHESHIRE AND MERSEYSIDE INTEGRATED CARE BOARD,4927064.0,476447921.4,43195217.13
202208,QE1,NHS LANCASHIRE AND SOUTH CUMBRIA INTEGRATED CARE BOARD,3427202.0,250099549.0,27684450.3
202208,QF7,NHS SOUTH YORKSHIRE INTEGRATED CARE BOARD,2946302.0,187049285.7,21711556.37
202208,QGH,NHS HEREFORDSHIRE AND WORCESTERSHIRE INTEGRATED CARE BOARD,1334556.0,539574157.5,19710914.22
202208,QH8,NHS MID AND SOUTH ESSEX INTEGRATED CARE BOARD,1822294.0,118720951.7,17339169.21
202208,QHG,"NHS BEDFORDSHIRE, LUTON AND MILTON KEYNES INTEGRATED CARE BOARD",1302862.0,102162398.8,11322911.69
202208,QHL,NHS BIRMINGHAM AND SOLIHULL INTEGRATED CARE BOARD,2015690.0,208682413.7,19370068.91
202208,QHM,NHS NORTH EAST AND NORTH CUMBRIA INTEGRATED CARE BOARD,6888202.0,436784160.9,47929368.31
202208,QJ2,NHS DERBY AND DERBYSHIRE INTEGRATED CARE BOARD,1711222.0,137525355.5,14212100.49
202208,QJG,NHS SUFFOLK AND NORTH EAST ESSEX INTEGRATED CARE BOARD,1953531.0,120935381.2,15256277.66
202208,QJK,NHS DEVON INTEGRATED CARE BOARD,2109338.0,153583253.7,17504934.89
202208,QJM,NHS LINCOLNSHIRE INTEGRATED CARE BOARD,1822474.0,113667618.5,12808954.5
202208,QK1,"NHS LEICESTER, LEICESTERSHIRE AND RUTLAND INTEGRATED CARE BOARD",1918700.0,146014850.6,15537319.5
202208,QKK,NHS SOUTH EAST LONDON INTEGRATED CARE BOARD,2024317.0,164695766.4,18084515.11
202208,QKS,NHS KENT AND MEDWAY INTEGRATED CARE BOARD,2851107.0,464270794.9,30033271.46
202208,QM7,NHS HERTFORDSHIRE AND WEST ESSEX INTEGRATED CARE BOARD,2281814.0,155424506.9,18714187.7
202208,QMF,NHS NORTH EAST LONDON INTEGRATED CARE BOARD,2738523.0,232229533.4,21654694.72
202208,QMJ,NHS NORTH CENTRAL LONDON INTEGRATED CARE BOARD,1740601.0,150904182.4,15400896.27
202208,QMM,NHS NORFOLK AND WAVENEY INTEGRATED CARE BOARD,2088139.0,135672634.1,15538938.97
202208,QNC,NHS STAFFORDSHIRE AND STOKE-ON-TRENT INTEGRATED CARE BOARD,2231715.0,186337436.3,19957210.7
202208,QNQ,NHS FRIMLEY INTEGRATED CARE BOARD,925521.0,72298698.1,8669599.94
202208,QNX,NHS SUSSEX INTEGRATED CARE BOARD,2721431.0,189982723.2,27448548.44
202208,QOC,"NHS SHROPSHIRE, TELFORD AND WREKIN INTEGRATED CARE BOARD",805677.0,61464245.3,7441977.0
202208,QOP,NHS GREATER MANCHESTER INTEGRATED CARE BOARD,5489566.0,467271437.8,50134665.96
202208,QOQ,NHS HUMBER AND NORTH YORKSHIRE INTEGRATED CARE BOARD,3394376.0,237205167.9,26378500.81
202208,QOX,"NHS BATH AND NORTH EAST SOMERSET, SWINDON AND WILTSHIRE INTEGRATED CARE BOARD",1456884.0,100656231.5,11560454.51
202208,QPM,NHS NORTHAMPTONSHIRE INTEGRATED CARE BOARD,1367861.0,81304906.7,10092236.85
202208,QR1,NHS GLOUCESTERSHIRE INTEGRATED CARE BOARD,1089017.0,59259659.9,9890643.38
202208,QRL,NHS HAMPSHIRE AND ISLE OF WIGHT INTEGRATED CARE BOARD,2615105.0,215245835.4,25321937.73
202208,QRV,NHS NORTH WEST LONDON INTEGRATED CARE BOARD,3902869.0,284617399.79999995,31130101.22
202208,QSL,NHS SOMERSET INTEGRATED CARE BOARD,919908.0,64244869.5,8220782.42
202208,QT1,NHS NOTTINGHAM AND NOTTINGHAMSHIRE INTEGRATED CARE BOARD,2066805.0,149571160.3,21222833.24
202208,QT6,NHS CORNWALL AND THE ISLES OF SCILLY INTEGRATED CARE BOARD,1132492.0,71795730.0,8644004.48
202208,QU9,"NHS BUCKINGHAMSHIRE, OXFORDSHIRE AND BERKSHIRE WEST INTEGRATED CARE BOARD",2281850.0,167252037.60000002,22578076.31
202208,QUA,NHS BLACK COUNTRY INTEGRATED CARE BOARD,2118934.0,200624846.5,19738170.93
202208,QUE,NHS CAMBRIDGESHIRE AND PETERBOROUGH INTEGRATED CARE BOARD,1689527.0,109048423.0,25923452.53
202208,QUY,"NHS BRISTOL, NORTH SOMERSET AND SOUTH GLOUCESTERSHIRE INTEGRATED CARE BOARD",1343280.0,104031740.2,11758809.73
202208,QVV,NHS DORSET INTEGRATED CARE BOARD,1315621.0,102961487.3,11956454.04
202208,QWE,NHS SOUTH WEST LONDON INTEGRATED CARE BOARD,1953400.0,132827009.9,15618109.64
202208,QWO,NHS WEST YORKSHIRE INTEGRATED CARE BOARD,5643372.0,442844758.7,45947088.38
202208,QWU,NHS COVENTRY AND WARWICKSHIRE INTEGRATED CARE BOARD,1639156.0,117380785.2,13163285.52
202208,QXU,NHS SURREY HEARTLANDS INTEGRATED CARE BOARD,1149197.0,93064078.6,11778165.55
202208,QYG,NHS CHESHIRE AND MERSEYSIDE INTEGRATED CARE BOARD,5029699.0,485325317.6,44449415.42
202209,QE1,NHS LANCASHIRE AND SOUTH CUMBRIA INTEGRATED CARE BOARD,3415610.0,246540507.9,28247224.32
202209,QF7,NHS SOUTH YORKSHIRE INTEGRATED CARE BOARD,2899963.0,180377088.1,21780343.1
202209,QGH,NHS HEREFORDSHIRE AND WORCESTERSHIRE INTEGRATED CARE BOARD,1320859.0,479491991.5,18807778.69
202209,QH8,NHS MID AND SOUTH ESSEX INTEGRATED CARE BOARD,1858400.0,120302478.7,17845620.9
202209,QHG,"NHS BEDFORDSHIRE, LUTON AND MILTON KEYNES INTEGRATED CARE BOARD",1304820.0,100388034.4,11578493.16
202209,QHL,NHS BIRMINGHAM AND SOLIHULL INTEGRATED CARE BOARD,2045133.0,209116692.1,19986677.08
202209,QHM,NHS NORTH EAST AND NORTH CUMBRIA INTEGRATED CARE BOARD,6901904.0,432633342.3,49349075.85
202209,QJ2,NHS DERBY AND DERBYSHIRE INTEGRATED CARE BOARD,1723601.0,137070441.2,14614001.17
202209,QJG,NHS SUFFOLK AND NORTH EAST ESSEX INTEGRATED CARE BOARD,1966921.0,119813388.3,15726815.23
202209,QJK,NHS DEVON INTEGRATED CARE BOARD,2113248.0,150921495.7,17880055.8
202209,QJM,NHS LINCOLNSHIRE INTEGRATED CARE BOARD,1829089.0,114053871.8,13105562.17
202209,QK1,"NHS LEICESTER, LEICESTERSHIRE AND RUTLAND INTEGRATED CARE BOARD",1915754.0,143943553.6,15856312.34
202209,QKK,NHS SOUTH EAST LONDON INTEGRATED CARE BOARD,2032162.0,165967316.1,18611852.56
202209,QKS,NHS KENT AND MEDWAY INTEGRATED CARE BOARD,2799768.0,464129385.5,30052401.49
202209,QM7,NHS HERTFORDSHIRE AND WEST ESSEX INTEGRATED CARE BOARD,2293715.0,153890971.7,19112655.22
202209,QMF,NHS NORTH EAST LONDON INTEGRATED CARE BOARD,2841337.0,236655100.9,23426466.69
202209,QMJ,NHS NORTH CENTRAL LONDON INTEGRATED CARE BOARD,1763558.0,152219776.7,16041558.89
202209,QMM,NHS NORFOLK AND WAVENEY INTEGRATED CARE BOARD,2053322.0,134332194.5,15585902.45
202209,QNC,NHS STAFFORDSHIRE AND STOKE-ON-TRENT INTEGRATED CARE BOARD,2222843.0,186124147.2,19673338.0
202209,QNQ,NHS FRIMLEY INTEGRATED CARE BOARD,943371.0,72961424.9,9103909.43
202209,QNX,NHS SUSSEX INTEGRATED CARE BOARD,2744533.0,188834073.7,27892426.340000004
202209,QOC,"NHS SHROPSHIRE, TELFORD AND WREKIN INTEGRATED CARE BOARD",793078.0,59722039.0,7376767.49
202209,QOP,NHS GREATER MANCHESTER INTEGRATED CARE BOARD,5534418.0,470547576.9,51413430.24
202209,QOQ,NHS HUMBER AND NORTH YORKSHIRE INTEGRATED CARE BOARD,3323805.0,229318708.6,26243137.910000004
202209,QOX,"NHS BATH AND NORTH EAST SOMERSET, SWINDON AND WILTSHIRE INTEGRATED CARE BOARD",1446953.0,97614306.1,11610566.37
202209,QPM,NHS NORTHAMPTONSHIRE INTEGRATED CARE BOARD,1366775.0,80558068.2,10322982.25
202209,QR1,NHS GLOUCESTERSHIRE INTEGRATED CARE BOARD,1098480.0,59292239.2,10273321.9
202209,QRL,NHS HAMPSHIRE AND ISLE OF WIGHT INTEGRATED CARE BOARD,2657926.0,212002005.2,26191903.040000003
202209,QRV,NHS NORTH WEST LONDON INTEGRATED CARE BOARD,3903073.0,282865559.70000005,32335357.630000003
202209,QSL,NHS SOMERSET INTEGRATED CARE BOARD,895428.0,60969622.3,8141099.58
202209,QT1,NHS NOTTINGHAM AND NOTTINGHAMSHIRE INTEGRATED CARE BOARD,2060081.0,147089259.61,21449186.51
202209,QT6,NHS CORNWALL AND THE ISLES OF SCILLY INTEGRATED CARE BOARD,1136914.0,70678765.9,8826884.8
202209,QU9,"NHS BUCKINGHAMSHIRE, OXFORDSHIRE AND BERKSHIRE WEST INTEGRATED CARE BOARD",2262399.0,162399522.8,22472238.49
202209,QUA,NHS BLACK COUNTRY INTEGRATED CARE BOARD,2127225.0,196749475.7,20074286.86
202209,QUE,NHS CAMBRIDGESHIRE AND PETERBOROUGH INTEGRATED CARE BOARD,1740062.0,112303371.4,29709690.2
202209,QUY,"NHS BRISTOL, NORTH SOMERSET AND SOUTH GLOUCESTERSHIRE INTEGRATED CARE BOARD",1333229.0,100839540.5,12024544.01
202209,QVV,NHS DORSET INTEGRATED CARE BOARD,1315451.0,101224839.3,12303123.6
202209,QWE,NHS SOUTH WEST LONDON INTEGRATED CARE BOARD,1978104.0,132226186.5,16193337.36
202209,QWO,NHS WEST YORKSHIRE INTEGRATED CARE BOARD,5854107.0,444906138.3,48347555.27
202209,QWU,NHS COVENTRY AND WARWICKSHIRE INTEGRATED CARE BOARD,1624139.0,118759267.3,13397106.16
202209,QXU,NHS SURREY HEARTLANDS INTEGRATED CARE BOARD,1144222.0,91191704.0,11873217.32
202209,QYG,NHS CHESHIRE AND MERSEYSIDE INTEGRATED CARE BOARD,5075941.0,495587923.1,45819639.22
202210,QE1,NHS LANCASHIRE AND SOUTH CUMBRIA INTEGRATED CARE BOARD,3446228.0,245670278.0,29043648.31
202210,QF7,NHS SOUTH YORKSHIRE INTEGRATED CARE BOARD,3002314.0,181877372.3,23032323.28
202210,QGH,NHS HEREFORDSHIRE AND WORCESTERSHIRE INTEGRATED CARE BOARD,1413118.0,576415917.8,21532798.52
202210,QH8,NHS MID AND SOUTH ESSEX INTEGRATED CARE BOARD,1894656.0,118159958.54,18582984.83
202210,QHG,"NHS BEDFORDSHIRE, LUTON AND MILTON KEYNES INTEGRATED CARE BOARD",1374544.0,101788703.5,12529097.24
202210,QHL,NHS BIRMINGHAM AND SOLIHULL INTEGRATED CARE BOARD,2034684.0,202062127.6,20082835.23
202210,QHM,NHS NORTH EAST AND NORTH CUMBRIA INTEGRATED CARE BOARD,7076728.0,429851372.2,51682116.870000005
202210,QJ2,NHS DERBY AND DERBYSHIRE INTEGRATED CARE BOARD,1772123.0,132915975.3,15445678.5
202210,QJG,NHS SUFFOLK AND NORTH EAST ESSEX INTEGRATED CARE BOARD,2039508.0,119528303.9,16704765.65
202210,QJK,NHS DEVON INTEGRATED CARE BOARD,2239162.0,151766956.0,19790914.84
202210,QJM,NHS LINCOLNSHIRE INTEGRATED CARE BOARD,1896222.0,112869940.8,14237984.3
202210,QK1,"NHS LEICESTER, LEICESTERSHIRE AND RUTLAND INTEGRATED CARE BOARD",1965472.0,142574453.9,16573492.510000002
202210,QKK,NHS SOUTH EAST LONDON INTEGRATED CARE BOARD,2115221.0,166339344.3,19505936.69
202210,QKS,NHS KENT AND MEDWAY INTEGRATED CARE BOARD,2964039.0,427437499.0,31437650.7
202210,QM7,NHS HERTFORDSHIRE AND WEST ESSEX INTEGRATED CARE BOARD,2392803.0,154131244.8,20380978.34
202210,QMF,NHS NORTH EAST LONDON INTEGRATED CARE BOARD,2850195.0,235776425.9,23397581.130000003
202210,QMJ,NHS NORTH CENTRAL LONDON INTEGRATED CARE BOARD,1829859.0,153190226.8,16566944.64
202210,QMM,NHS NORFOLK AND WAVENEY INTEGRATED CARE BOARD,2149863.0,130909464.1,16988540.490000002
202210,QNC,NHS STAFFORDSHIRE AND STOKE-ON-TRENT INTEGRATED CARE BOARD,2261679.0,179162718.6,20696292.42
202210,QNQ,NHS FRIMLEY INTEGRATED CARE BOARD,961451.0,71598812.2,9278833.52
202210,QNX,NHS SUSSEX INTEGRATED CARE BOARD,2915165.0,192126256.3,30680018.58
202210,QOC,"NHS SHROPSHIRE, TELFORD AND WREKIN INTEGRATED CARE BOARD",845811.0,60633425.7,8079788.9
202210,QOP,NHS GREATER MANCHESTER INTEGRATED CARE BOARD,5542549.0,461714343.9,51019746.25
202210,QOQ,NHS HUMBER AND NORTH YORKSHIRE INTEGRATED CARE BOARD,3525230.0,232225749.8,28772125.09
202210,QOX,"NHS BATH AND NORTH EAST SOMERSET, SWINDON AND WILTSHIRE INTEGRATED CARE BOARD",1549794.0,99433414.1,13030619.2
202210,QPM,NHS NORTHAMPTONSHIRE INTEGRATED CARE BOARD,1397489.0,78878146.3,10835745.31
202210,QR1,NHS GLOUCESTERSHIRE INTEGRATED CARE BOARD,1153744.0,58987310.900000006,10878767.68
202210,QRL,NHS HAMPSHIRE AND ISLE OF WIGHT INTEGRATED CARE BOARD,2762947.0,214173526.0,27762657.51
202210,QRV,NHS NORTH WEST LONDON INTEGRATED CARE BOARD,3947327.0,279125262.2,32333022.25
202210,QSL,NHS SOMERSET INTEGRATED CARE BOARD,976769.0,62727830.400000006,9140365.05
202210,QT1,NHS NOTTINGHAM AND NOTTINGHAMSHIRE INTEGRATED CARE BOARD,2146202.0,146495350.7,22633629.07
202210,QT6,NHS CORNWALL AND THE ISLES OF SCILLY INTEGRATED CARE BOARD,1164540.0,68618907.4,9439836.35
202210,QU9,"NHS BUCKINGHAMSHIRE, OXFORDSHIRE AND BERKSHIRE WEST INTEGRATED CARE BOARD",2426865.0,164562639.1,24404681.41
202210,QUA,NHS BLACK COUNTRY INTEGRATED CARE BOARD,2141462.0,194915163.4,20539030.08
202210,QUE,NHS CAMBRIDGESHIRE AND PETERBOROUGH INTEGRATED CARE BOARD,1787166.0,111014564.5,29433507.46
202210,QUY,"NHS BRISTOL, NORTH SOMERSET AND SOUTH GLOUCESTERSHIRE INTEGRATED CARE BOARD",1407612.0,103382226.3,12741017.26
202210,QVV,NHS DORSET INTEGRATED CARE BOARD,1404852.0,101229553.1,13468254.04
202210,QWE,NHS SOUTH WEST LONDON INTEGRATED CARE BOARD,2011853.0,131801613.1,16501891.83
202210,QWO,NHS WEST YORKSHIRE INTEGRATED CARE BOARD,5805815.0,439837089.9,49262465.04
202210,QWU,NHS COVENTRY AND WARWICKSHIRE INTEGRATED CARE BOARD,1704091.0,118647206.5,14360367.72
202210,QXU,NHS SURREY HEARTLANDS INTEGRATED CARE BOARD,1265647.0,94879605.9,13420931.1
202210,QYG,NHS CHESHIRE AND MERSEYSIDE INTEGRATED CARE BOARD,5121558.0,481132923.9,46660359.73
202211,QE1,NHS LANCASHIRE AND SOUTH CUMBRIA INTEGRATED CARE BOARD,3548849.0,256460095.0,29693895.26
202211,QF7,NHS SOUTH YORKSHIRE INTEGRATED CARE BOARD,2997420.0,185783704.9,22801083.65
202211,QGH,NHS HEREFORDSHIRE AND WORCESTERSHIRE INTEGRATED CARE BOARD,1408470.0,550823017.9,21050730.4
202211,QH8,NHS MID AND SOUTH ESSEX INTEGRATED CARE BOARD,1881389.0,120160668.7,18415464.11
202211,QHG,"NHS BEDFORDSHIRE, LUTON AND MILTON KEYNES INTEGRATED CARE BOARD",1365216.0,101790990.5,12172253.89
202211,QHL,NHS BIRMINGHAM AND SOLIHULL INTEGRATED CARE BOARD,2094949.0,212857326.2,20505975.09
202211,QHM,NHS NORTH EAST AND NORTH CUMBRIA INTEGRATED CARE BOARD,7088855.0,441012828.2000001,51262613.45
202211,QJ2,NHS DERBY AND DERBYSHIRE INTEGRATED CARE BOARD,1800565.0,140353779.1,15472456.43
202211,QJG,NHS SUFFOLK AND NORTH EAST ESSEX INTEGRATED CARE BOARD,2046454.0,123361493.2,16622261.43
202211,QJK,NHS DEVON INTEGRATED CARE BOARD,2220929.0,155263052.4,19239770.85
202211,QJM,NHS LINCOLNSHIRE INTEGRATED CARE BOARD,1882383.0,116169872.9,13869027.61
202211,QK1,"NHS LEICESTER, LEICESTERSHIRE AND RUTLAND INTEGRATED CARE BOARD",1958126.0,145921679.5,16228427.04
202211,QKK,NHS SOUTH EAST LONDON INTEGRATED CARE BOARD,2114582.0,166560937.7,19363270.3
202211,QKS,NHS KENT AND MEDWAY INTEGRATED CARE BOARD,2928805.0,464401787.1,31720113.61
202211,QM7,NHS HERTFORDSHIRE AND WEST ESSEX INTEGRATED CARE BOARD,2380489.0,156584780.8,20067784.82
202211,QMF,NHS NORTH EAST LONDON INTEGRATED CARE BOARD,2834152.0,234902553.0,23079139.9
202211,QMJ,NHS NORTH CENTRAL LONDON INTEGRATED CARE BOARD,1825589.0,158380207.1,16524908.55
202211,QMM,NHS NORFOLK AND WAVENEY INTEGRATED CARE BOARD,2153006.0,135157165.3,16736752.47
202211,QNC,NHS STAFFORDSHIRE AND STOKE-ON-TRENT INTEGRATED CARE BOARD,2346248.0,195336937.2,20968959.28
202211,QNQ,NHS FRIMLEY INTEGRATED CARE BOARD,976713.0,73666264.5,9504972.4
202211,QNX,NHS SUSSEX INTEGRATED CARE BOARD,2841411.0,192044015.1,29675159.05
202211,QOC,"NHS SHROPSHIRE, TELFORD AND WREKIN INTEGRATED CARE BOARD",812383.0,60434679.4,7749677.68
202211,QOP,NHS GREATER MANCHESTER INTEGRATED CARE BOARD,5603466.0,473261319.8,52244710.63
202211,QOQ,NHS HUMBER AND NORTH YORKSHIRE INTEGRATED CARE BOARD,3467876.0,238244918.6,27860245.87
202211,QOX,"NHS BATH AND NORTH EAST SOMERSET, SWINDON AND WILTSHIRE INTEGRATED CARE BOARD",1522354.0,102586903.5,12535228.78
202211,QPM,NHS NORTHAMPTONSHIRE INTEGRATED CARE BOARD,1410992.0,82020588.9,10890096.18
202211,QR1,NHS GLOUCESTERSHIRE INTEGRATED CARE BOARD,1155164.0,60784693.900000006,10756575.36
202211,QRL,NHS HAMPSHIRE AND ISLE OF WIGHT INTEGRATED CARE BOARD,2772097.0,220111387.3,27795130.14
202211,QRV,NHS NORTH WEST LONDON INTEGRATED CARE BOARD,4047831.0,292043872.0,33281619.16
202211,QSL,NHS SOMERSET INTEGRATED CARE BOARD,951698.0,63568527.3,8972055.67
202211,QT1,NHS NOTTINGHAM AND NOTTINGHAMSHIRE INTEGRATED CARE BOARD,2108327.0,149537923.89999998,22226327.88
202211,QT6,NHS CORNWALL AND THE ISLES OF SCILLY INTEGRATED CARE BOARD,1180117.0,72430485.4,9508953.25
202211,QU9,"NHS BUCKINGHAMSHIRE, OXFORDSHIRE AND BERKSHIRE WEST INTEGRATED CARE BOARD",2379829.0,165115281.4,24185904.31
202211,QUA,NHS BLACK COUNTRY INTEGRATED CARE BOARD,2209287.0,204027897.7,20970092.89
202211,QUE,NHS CAMBRIDGESHIRE AND PETERBOROUGH INTEGRATED CARE BOARD,1751464.0,111589494.5,28049363.08
202211,QUY,"NHS BRISTOL, NORTH SOMERSET AND SOUTH GLOUCESTERSHIRE INTEGRATED CARE BOARD",1410106.0,105953385.1,12887321.420000002
202211,QVV,NHS DORSET INTEGRATED CARE BOARD,1352929.0,101313765.8,12782519.66
202211,QWE,NHS SOUTH WEST LONDON INTEGRATED CARE BOARD,2035011.0,132988301.2,16693371.2
202211,QWO,NHS WEST YORKSHIRE INTEGRATED CARE BOARD,5964314.0,457339376.5,50297082.7
202211,QWU,NHS COVENTRY AND WARWICKSHIRE INTEGRATED CARE BOARD,1687288.0,120900186.1,14089014.21
202211,QXU,NHS SURREY HEARTLANDS INTEGRATED CARE BOARD,1222658.0,96485648.3,12863461.35
202211,QYG,NHS CHESHIRE AND MERSEYSIDE INTEGRATED CARE BOARD,5174694.0,493590388.2,47023388.0
202212,QE1,NHS LANCASHIRE AND SOUTH CUMBRIA INTEGRATED CARE BOARD,3594386.0,256871155.2,30721269.42
202212,QF7,NHS SOUTH YORKSHIRE INTEGRATED CARE BOARD,3062828.0,187129424.0,23615785.3
202212,QGH,NHS HEREFORDSHIRE AND WORCESTERSHIRE INTEGRATED CARE BOARD,1418301.0,473977681.9,20014461.200000003
202212,QH8,NHS MID AND SOUTH ESSEX INTEGRATED CARE BOARD,1907630.0,122337385.5,18735891.55
202212,QHG,"NHS BEDFORDSHIRE, LUTON AND MILTON KEYNES INTEGRATED CARE BOARD",1379693.0,102903459.6,12547895.05
202212,QHL,NHS BIRMINGHAM AND SOLIHULL INTEGRATED CARE BOARD,2117468.0,212943591.1,21138490.21
202212,QHM,NHS NORTH EAST AND NORTH CUMBRIA INTEGRATED CARE BOARD,7125565.0,443487984.6,52231250.19
202212,QJ2,NHS DERBY AND DERBYSHIRE INTEGRATED CARE BOARD,1819327.0,142834244.3,15800693.03
202212,QJG,NHS SUFFOLK AND NORTH EAST ESSEX INTEGRATED CARE BOARD,2043145.0,123764700.6,16609088.88
202212,QJK,NHS DEVON INTEGRATED CARE BOARD,2201321.0,152305973.3,19097201.88
202212,QJM,NHS LINCOLNSHIRE INTEGRATED CARE BOARD,1899617.0,115870038.9,14164238.48
202212,QK1,"NHS LEICESTER, LEICESTERSHIRE AND RUTLAND INTEGRATED CARE BOARD",2007472.0,149762200.8,16886286.98
202212,QKK,NHS SOUTH EAST LONDON INTEGRATED CARE BOARD,2123531.0,167345431.9,19941360.56
202212,QKS,NHS KENT AND MEDWAY INTEGRATED CARE BOARD,2969951.0,465669545.4,32271735.23
202212,QM7,NHS HERTFORDSHIRE AND WEST ESSEX INTEGRATED CARE BOARD,2387931.0,158936527.3,20390732.21
202212,QMF,NHS NORTH EAST LONDON INTEGRATED CARE BOARD,2908510.0,237931110.9,24512723.16
202212,QMJ,NHS NORTH CENTRAL LONDON INTEGRATED CARE BOARD,1837171.0,156459516.4,16858769.71
202212,QMM,NHS NORFOLK AND WAVENEY INTEGRATED CARE BOARD,2154369.0,136946456.8,16816349.509999998
202212,QNC,NHS STAFFORDSHIRE AND STOKE-ON-TRENT INTEGRATED CARE BOARD,2349128.0,190941266.9,21551304.18
202212,QNQ,NHS FRIMLEY INTEGRATED CARE BOARD,1006732.0,75172159.8,9915533.48
202212,QNX,NHS SUSSEX INTEGRATED CARE BOARD,2838044.0,192437952.8,29887717.19
202212,QOC,"NHS SHROPSHIRE, TELFORD AND WREKIN INTEGRATED CARE BOARD",869145.0,63864393.6,8253103.140000001
202212,QOP,NHS GREATER MANCHESTER INTEGRATED CARE BOARD,5739185.0,477704250.7000001,54295746.49
202212,QOQ,NHS HUMBER AND NORTH YORKSHIRE INTEGRATED CARE BOARD,3528262.0,240137051.0,28568358.2
202212,QOX,"NHS BATH AND NORTH EAST SOMERSET, SWINDON AND WILTSHIRE INTEGRATED CARE BOARD",1516060.0,100149842.6,12571629.56
202212,QPM,NHS NORTHAMPTONSHIRE INTEGRATED CARE BOARD,1409356.0,83008879.8,10900990.32
202212,QR1,NHS GLOUCESTERSHIRE INTEGRATED CARE BOARD,1142886.0,60575995.2,10793229.5
202212,QRL,NHS HAMPSHIRE AND ISLE OF WIGHT INTEGRATED CARE BOARD,2779957.0,221423444.7,28015721.42
202212,QRV,NHS NORTH WEST LONDON INTEGRATED CARE BOARD,4012914.0,286418511.1,33767461.6
202212,QSL,NHS SOMERSET INTEGRATED CARE BOARD,943015.0,63000257.0,8876735.55
202212,QT1,NHS NOTTINGHAM AND NOTTINGHAMSHIRE INTEGRATED CARE BOARD,2174363.0,154002035.1,22688414.73
202212,QT6,NHS CORNWALL AND THE ISLES OF SCILLY INTEGRATED CARE BOARD,1191381.0,73056079.1,9601860.21
202212,QU9,"NHS BUCKINGHAMSHIRE, OXFORDSHIRE AND BERKSHIRE WEST INTEGRATED CARE BOARD",2420871.0,170569780.5,24901559.04
202212,QUA,NHS BLACK COUNTRY INTEGRATED CARE BOARD,2232072.0,203910962.3,21431123.76
202212,QUE,NHS CAMBRIDGESHIRE AND PETERBOROUGH INTEGRATED CARE BOARD,1793665.0,113884884.8,31452287.540000003
202212,QUY,"NHS BRISTOL, NORTH SOMERSET AND SOUTH GLOUCESTERSHIRE INTEGRATED CARE BOARD",1394403.0,104258796.3,12970415.670000002
202212,QVV,NHS DORSET INTEGRATED CARE BOARD,1359503.0,101885723.8,12999773.1
202212,QWE,NHS SOUTH WEST LONDON INTEGRATED CARE BOARD,2059317.0,135542315.1,17348160.33
202212,QWO,NHS WEST YORKSHIRE INTEGRATED CARE BOARD,5929609.0,451550522.4,50214498.77
202212,QWU,NHS COVENTRY AND WARWICKSHIRE INTEGRATED CARE BOARD,1726045.0,121670281.1,14616009.71
202212,QXU,NHS SURREY HEARTLANDS INTEGRATED CARE BOARD,1226760.0,95296414.1,12919269.07
202212,QYG,NHS CHESHIRE AND MERSEYSIDE INTEGRATED CARE BOARD,5333502.0,502661091.7000001,49237465.82
202301,QE1,NHS LANCASHIRE AND SOUTH CUMBRIA INTEGRATED CARE BOARD,3480726.0,258540556.2,29697210.5
202301,QF7,NHS SOUTH YORKSHIRE INTEGRATED CARE BOARD,2990675.0,186641847.0,22803448.630000003
202301,QGH,NHS HEREFORDSHIRE AND WORCESTERSHIRE INTEGRATED CARE BOARD,1372516.0,559926449.9,21204238.81
202301,QH8,NHS MID AND SOUTH ESSEX INTEGRATED CARE BOARD,1893885.0,123222232.1,18769516.74
202301,QHG,"NHS BEDFORDSHIRE, LUTON AND MILTON KEYNES INTEGRATED CARE BOARD",1356918.0,104436951.1,12348209.89
202301,QHL,NHS BIRMINGHAM AND SOLIHULL INTEGRATED CARE BOARD,2126514.0,219801905.5,21204137.46
202301,QHM,NHS NORTH EAST AND NORTH CUMBRIA INTEGRATED CARE BOARD,7051409.0,445747965.0,51491174.09
202301,QJ2,NHS DERBY AND DERBYSHIRE INTEGRATED CARE BOARD,1765248.0,141734266.4,15324014.760000002
202301,QJG,NHS SUFFOLK AND NORTH EAST ESSEX INTEGRATED CARE BOARD,2019443.0,124268644.5,16480366.05
202301,QJK,NHS DEVON INTEGRATED CARE BOARD,2149806.0,155168204.9,18911978.56
202301,QJM,NHS LINCOLNSHIRE INTEGRATED CARE BOARD,1849259.0,117250829.8,13782533.35
202301,QK1,"NHS LEICESTER, LEICESTERSHIRE AND RUTLAND INTEGRATED CARE BOARD",1935958.0,146932852.8,16262424.59
202301,QKK,NHS SOUTH EAST LONDON INTEGRATED CARE BOARD,2128960.0,170461564.7,19848156.95
202301,QKS,NHS KENT AND MEDWAY INTEGRATED CARE BOARD,2892416.0,473486821.7000001,31452005.75
202301,QM7,NHS HERTFORDSHIRE AND WEST ESSEX INTEGRATED CARE BOARD,2347217.0,157739426.9,20105783.76
202301,QMF,NHS NORTH EAST LONDON INTEGRATED CARE BOARD,2926373.0,241515576.4,24449580.79
202301,QMJ,NHS NORTH CENTRAL LONDON INTEGRATED CARE BOARD,1841610.0,158958227.5,16989150.55
202301,QMM,NHS NORFOLK AND WAVENEY INTEGRATED CARE BOARD,2085586.0,135111900.1,16308874.9
202301,QNC,NHS STAFFORDSHIRE AND STOKE-ON-TRENT INTEGRATED CARE BOARD,2287829.0,190880136.3,21018651.65
202301,QNQ,NHS FRIMLEY INTEGRATED CARE BOARD,952030.0,74147699.9,9258856.29
202301,QNX,NHS SUSSEX INTEGRATED CARE BOARD,2830536.0,197143775.0,30192340.25
202301,QOC,"NHS SHROPSHIRE, TELFORD AND WREKIN INTEGRATED CARE BOARD",821757.0,61894608.2,8028033.43
202301,QOP,NHS GREATER MANCHESTER INTEGRATED CARE BOARD,5661891.0,485986465.4,53392984.22
202301,QOQ,NHS HUMBER AND NORTH YORKSHIRE INTEGRATED CARE BOARD,3419288.0,240801912.3,27619062.65
202301,QOX,"NHS BATH AND NORTH EAST SOMERSET, SWINDON AND WILTSHIRE INTEGRATED CARE BOARD",1493920.0,105274686.6,12409381.54
202301,QPM,NHS NORTHAMPTONSHIRE INTEGRATED CARE BOARD,1387718.0,81635967.7,10682999.64
202301,QR1,NHS GLOUCESTERSHIRE INTEGRATED CARE BOARD,1125222.0,60049923.3,10599185.75
202301,QRL,NHS HAMPSHIRE AND ISLE OF WIGHT INTEGRATED CARE BOARD,2736025.0,222658489.2,27576253.630000003
202301,QRV,NHS NORTH WEST LONDON INTEGRATED CARE BOARD,4025038.0,289582569.1,33522645.74
202301,QSL,NHS SOMERSET INTEGRATED CARE BOARD,944330.0,64747472.5,8974798.95
202301,QT1,NHS NOTTINGHAM AND NOTTINGHAMSHIRE INTEGRATED CARE BOARD,2120249.0,153164098.3,22625993.97
202301,QT6,NHS CORNWALL AND THE ISLES OF SCILLY INTEGRATED CARE BOARD,1162876.0,72208034.3,9370619.03
202301,QU9,"NHS BUCKINGHAMSHIRE, OXFORDSHIRE AND BERKSHIRE WEST INTEGRATED CARE BOARD",2350982.0,168529110.2,23901675.24
202301,QUA,NHS BLACK COUNTRY INTEGRATED CARE BOARD,2207038.0,204136656.5,21223549.51
202301,QUE,NHS CAMBRIDGESHIRE AND PETERBOROUGH INTEGRATED CARE BOARD,1797543.0,116605255.9,30781395.94
202301,QUY,"NHS BRISTOL, NORTH SOMERSET AND SOUTH GLOUCESTERSHIRE INTEGRATED CARE BOARD",1397211.0,105964682.6,12979739.2
202301,QVV,NHS DORSET INTEGRATED CARE BOARD,1327752.0,101515370.3,12550367.56
202301,QWE,NHS SOUTH WEST LONDON INTEGRATED CARE BOARD,2006933.0,134817859.0,17075502.56
202301,QWO,NHS WEST YORKSHIRE INTEGRATED CARE BOARD,5942627.0,472067500.1,50572337.63
202301,QWU,NHS COVENTRY AND WARWICKSHIRE INTEGRATED CARE BOARD,1692818.0,121416815.9,14370919.3
202301,QXU,NHS SURREY HEARTLANDS INTEGRATED CARE BOARD,1214448.0,96471147.6,12831000.62
202301,QYG,NHS CHESHIRE AND MERSEYSIDE INTEGRATED CARE BOARD,5141281.0,496314611.3,47479913.94
202302,QE1,NHS LANCASHIRE AND SOUTH CUMBRIA INTEGRATED CARE BOARD,3185452.0,236164702.6,27241891.14
202302,QF7,NHS SOUTH YORKSHIRE INTEGRATED CARE BOARD,2762379.0,174285868.2,21120790.13
202302,QGH,NHS HEREFORDSHIRE AND WORCESTERSHIRE INTEGRATED CARE BOARD,1247215.0,514907741.9,19874472.19
202302,QH8,NHS MID AND SOUTH ESSEX INTEGRATED CARE BOARD,1736343.0,115211986.3,17386735.73
202302,QHG,"NHS BEDFORDSHIRE, LUTON AND MILTON KEYNES INTEGRATED CARE BOARD",1242679.0,95531865.7,11304567.4
202302,QHL,NHS BIRMINGHAM AND SOLIHULL INTEGRATED CARE BOARD,1935380.0,199325092.5,19406065.18
202302,QHM,NHS NORTH EAST AND NORTH CUMBRIA INTEGRATED CARE BOARD,6421166.0,410196843.5,46767275.84
202302,QJ2,NHS DERBY AND DERBYSHIRE INTEGRATED CARE BOARD,1628000.0,131181610.9,14125305.59
202302,QJG,NHS SUFFOLK AND NORTH EAST ESSEX INTEGRATED CARE BOARD,1840246.0,114065788.3,14946519.81
202302,QJK,NHS DEVON INTEGRATED CARE BOARD,1995899.0,144523943.6,17467402.87
202302,QJM,NHS LINCOLNSHIRE INTEGRATED CARE BOARD,1691818.0,106138005.2,12492708.9
202302,QK1,"NHS LEICESTER, LEICESTERSHIRE AND RUTLAND INTEGRATED CARE BOARD",1799170.0,136360703.0,15103125.920000002
202302,QKK,NHS SOUTH EAST LONDON INTEGRATED CARE BOARD,1935573.0,155736544.4,18100575.42
202302,QKS,NHS KENT AND MEDWAY INTEGRATED CARE BOARD,2675869.0,436604093.8,29188719.32
202302,QM7,NHS HERTFORDSHIRE AND WEST ESSEX INTEGRATED CARE BOARD,2197313.0,149332557.7,18761345.39
202302,QMF,NHS NORTH EAST LONDON INTEGRATED CARE BOARD,2696747.0,225755588.6,22446214.9
202302,QMJ,NHS NORTH CENTRAL LONDON INTEGRATED CARE BOARD,1719630.0,147668540.6,15685243.04
202302,QMM,NHS NORFOLK AND WAVENEY INTEGRATED CARE BOARD,1923716.0,124096931.6,15014232.39
202302,QNC,NHS STAFFORDSHIRE AND STOKE-ON-TRENT INTEGRATED CARE BOARD,2106808.0,175279830.4,19979142.01
202302,QNQ,NHS FRIMLEY INTEGRATED CARE BOARD,882144.0,68340148.4,8724289.39
202302,QNX,NHS SUSSEX INTEGRATED CARE BOARD,2587217.0,180085167.7,27455331.16
202302,QOC,"NHS SHROPSHIRE, TELFORD AND WREKIN INTEGRATED CARE BOARD",749630.0,57083623.6,7187333.609999999
202302,QOP,NHS GREATER MANCHESTER INTEGRATED CARE BOARD,5162981.0,441009473.7,48688681.75
202302,QOQ,NHS HUMBER AND NORTH YORKSHIRE INTEGRATED CARE BOARD,3149193.0,219895001.0,25374202.01
202302,QOX,"NHS BATH AND NORTH EAST SOMERSET, SWINDON AND WILTSHIRE INTEGRATED CARE BOARD",1384144.0,94774940.8,11468963.56
202302,QPM,NHS NORTHAMPTONSHIRE INTEGRATED CARE BOARD,1276107.0,76305650.0,9805258.3
202302,QR1,NHS GLOUCESTERSHIRE INTEGRATED CARE BOARD,1052070.0,56208488.7,9818538.26
202302,QRL,NHS HAMPSHIRE AND ISLE OF WIGHT INTEGRATED CARE BOARD,2474636.0,202638340.0,24901010.0
202302,QRV,NHS NORTH WEST LONDON INTEGRATED CARE BOARD,3707691.0,266155408.8,30810315.99
202302,QSL,NHS SOMERSET INTEGRATED CARE BOARD,851671.0,58884610.8,8052650.26
202302,QT1,NHS NOTTINGHAM AND NOTTINGHAMSHIRE INTEGRATED CARE BOARD,1950172.0,142788735.2,20906782.62
202302,QT6,NHS CORNWALL AND THE ISLES OF SCILLY INTEGRATED CARE BOARD,1059758.0,66485877.0,8514150.89
202302,QU9,"NHS BUCKINGHAMSHIRE, OXFORDSHIRE AND BERKSHIRE WEST INTEGRATED CARE BOARD",2143749.0,155143086.6,21774475.35
202302,QUA,NHS BLACK COUNTRY INTEGRATED CARE BOARD,2010634.0,189326548.2,19266940.25
202302,QUE,NHS CAMBRIDGESHIRE AND PETERBOROUGH INTEGRATED CARE BOARD,1605932.0,104929226.3,26191029.92
202302,QUY,"NHS BRISTOL, NORTH SOMERSET AND SOUTH GLOUCESTERSHIRE INTEGRATED CARE BOARD",1278178.0,99613016.9,11919278.02
202302,QVV,NHS DORSET INTEGRATED CARE BOARD,1214510.0,94727251.4,11563974.8
202302,QWE,NHS SOUTH WEST LONDON INTEGRATED CARE BOARD,1852991.0,123224465.0,15465042.69
202302,QWO,NHS WEST YORKSHIRE INTEGRATED CARE BOARD,5351902.0,423183736.4,45593179.8
202302,QWU,NHS COVENTRY AND WARWICKSHIRE INTEGRATED CARE BOARD,1553623.0,112691375.5,13204387.93
202302,QXU,NHS SURREY HEARTLANDS INTEGRATED CARE BOARD,1099381.0,88209664.9,11570074.72
202302,QYG,NHS CHESHIRE AND MERSEYSIDE INTEGRATED CARE BOARD,4793190.0,465894265.4,44370323.36
202303,QE1,NHS LANCASHIRE AND SOUTH CUMBRIA INTEGRATED CARE BOARD,3689522.0,273520425.1,31363112.44
202303,QF7,NHS SOUTH YORKSHIRE INTEGRATED CARE BOARD,3116434.0,194118036.2,23788279.56
202303,QGH,NHS HEREFORDSHIRE AND WORCESTERSHIRE INTEGRATED CARE BOARD,1412460.0,581270828.3,22637010.01
202303,QH8,NHS MID AND SOUTH ESSEX INTEGRATED CARE BOARD,2003391.0,131910482.2,20021924.58
202303,QHG,"NHS BEDFORDSHIRE, LUTON AND MILTON KEYNES INTEGRATED CARE BOARD",1416578.0,109446318.3,12902888.66
202303,QHL,NHS BIRMINGHAM AND SOLIHULL INTEGRATED CARE BOARD,2174115.0,227930350.1,21767686.32
202303,QHM,NHS NORTH EAST AND NORTH CUMBRIA INTEGRATED CARE BOARD,7341603.0,465227352.4,53445223.24
202303,QJ2,NHS DERBY AND DERBYSHIRE INTEGRATED CARE BOARD,1826575.0,146699090.1,15807517.36
202303,QJG,NHS SUFFOLK AND NORTH EAST ESSEX INTEGRATED CARE BOARD,2090809.0,128656238.7,17010557.41
202303,QJK,NHS DEVON INTEGRATED CARE BOARD,2278538.0,164804261.9,20028292.36
202303,QJM,NHS LINCOLNSHIRE INTEGRATED CARE BOARD,1928223.0,121626997.6,14354034.46
202303,QK1,"NHS LEICESTER, LEICESTERSHIRE AND RUTLAND INTEGRATED CARE BOARD",2026430.0,154087704.2,17050834.37
202303,QKK,NHS SOUTH EAST LONDON INTEGRATED CARE BOARD,2177466.0,177230964.3,20487505.01
202303,QKS,NHS KENT AND MEDWAY INTEGRATED CARE BOARD,3054169.0,504865904.1,33634049.87
202303,QM7,NHS HERTFORDSHIRE AND WEST ESSEX INTEGRATED CARE BOARD,2447526.0,165130327.3,21050560.630000003
202303,QMF,NHS NORTH EAST LONDON INTEGRATED CARE BOARD,3022979.0,254510700.2,25378443.89
202303,QMJ,NHS NORTH CENTRAL LONDON INTEGRATED CARE BOARD,1927523.0,164965595.0,17641712.35
202303,QMM,NHS NORFOLK AND WAVENEY INTEGRATED CARE BOARD,2184904.0,143012293.1,17157389.3
202303,QNC,NHS STAFFORDSHIRE AND STOKE-ON-TRENT INTEGRATED CARE BOARD,2381304.0,198762547.8,21912874.89
202303,QNQ,NHS FRIMLEY INTEGRATED CARE BOARD,992486.0,77304505.8,9791706.65
202303,QNX,NHS SUSSEX INTEGRATED CARE BOARD,2899237.0,201009116.3,31050568.65
202303,QOC,"NHS SHROPSHIRE, TELFORD AND WREKIN INTEGRATED CARE BOARD",845749.0,64508297.1,8181749.32
202303,QOP,NHS GREATER MANCHESTER INTEGRATED CARE BOARD,5888975.0,505472863.9,55367603.35
202303,QOQ,NHS HUMBER AND NORTH YORKSHIRE INTEGRATED CARE BOARD,3560976.0,248138058.7,28812657.87
202303,QOX,"NHS BATH AND NORTH EAST SOMERSET, SWINDON AND WILTSHIRE INTEGRATED CARE BOARD",1539622.0,105984288.7,12727705.43
202303,QPM,NHS NORTHAMPTONSHIRE INTEGRATED CARE BOARD,1455407.0,86259854.8,11180581.38
202303,QR1,NHS GLOUCESTERSHIRE INTEGRATED CARE BOARD,1167577.0,62611198.6,10977253.33
202303,QRL,NHS HAMPSHIRE AND ISLE OF WIGHT INTEGRATED CARE BOARD,2815900.0,231491098.4,28389636.93
202303,QRV,NHS NORTH WEST LONDON INTEGRATED CARE BOARD,4253359.0,311156199.0,35884001.95
202303,QSL,NHS SOMERSET INTEGRATED CARE BOARD,982667.0,67902117.1,9380001.8
202303,QT1,NHS NOTTINGHAM AND NOTTINGHAMSHIRE INTEGRATED CARE BOARD,2196662.0,160625534.9,23609730.98
202303,QT6,NHS CORNWALL AND THE ISLES OF SCILLY INTEGRATED CARE BOARD,1204980.0,76300294.9,9747256.64
202303,QU9,"NHS BUCKINGHAMSHIRE, OXFORDSHIRE AND BERKSHIRE WEST INTEGRATED CARE BOARD",2391910.0,174140675.7,24755442.69
202303,QUA,NHS BLACK COUNTRY INTEGRATED CARE BOARD,2280129.0,218461719.1,22115179.32
202303,QUE,NHS CAMBRIDGESHIRE AND PETERBOROUGH INTEGRATED CARE BOARD,1862012.0,121725353.9,31284356.99
202303,QUY,"NHS BRISTOL, NORTH SOMERSET AND SOUTH GLOUCESTERSHIRE INTEGRATED CARE BOARD",1469312.0,112793515.4,13552910.44
202303,QVV,NHS DORSET INTEGRATED CARE BOARD,1367709.0,104370728.9,12956925.88
202303,QWE,NHS SOUTH WEST LONDON INTEGRATED CARE BOARD,2101771.0,143057668.3,17830341.64
202303,QWO,NHS WEST YORKSHIRE INTEGRATED CARE BOARD,6213298.0,491521570.5,52633959.8
202303,QWU,NHS COVENTRY AND WARWICKSHIRE INTEGRATED CARE BOARD,1762132.0,130564744.9,14866223.66
202303,QXU,NHS SURREY HEARTLANDS INTEGRATED CARE BOARD,1231123.0,98318011.2,13139618.2
202303,QYG,NHS CHESHIRE AND MERSEYSIDE INTEGRATED CARE BOARD,5472308.0,532353107.7,50857569.120000005
202304,QE1,NHS LANCASHIRE AND SOUTH CUMBRIA INTEGRATED CARE BOARD,3264203.0,244675752.1,27628488.55
202304,QF7,NHS SOUTH YORKSHIRE INTEGRATED CARE BOARD,2798470.0,175787289.60000002,21298216.27
202304,QGH,NHS HEREFORDSHIRE AND WORCESTERSHIRE INTEGRATED CARE BOARD,1241560.0,471461126.4,19141475.86
202304,QH8,NHS MID AND SOUTH ESSEX INTEGRATED CARE BOARD,1749091.0,115084869.5,17205887.93
202304,QHG,"NHS BEDFORDSHIRE, LUTON AND MILTON KEYNES INTEGRATED CARE BOARD",1250640.0,96500077.9,11423362.27
202304,QHL,NHS BIRMINGHAM AND SOLIHULL INTEGRATED CARE BOARD,1946564.0,201412240.9,19377851.68
202304,QHM,NHS NORTH EAST AND NORTH CUMBRIA INTEGRATED CARE BOARD,6603973.0,416590837.2,47915085.29
202304,QJ2,NHS DERBY AND DERBYSHIRE INTEGRATED CARE BOARD,1611434.0,128967023.8,13860097.73
202304,QJG,NHS SUFFOLK AND NORTH EAST ESSEX INTEGRATED CARE BOARD,1868323.0,114786398.2,15080410.1
202304,QJK,NHS DEVON INTEGRATED CARE BOARD,2026519.0,146409472.0,17697642.44
202304,QJM,NHS LINCOLNSHIRE INTEGRATED CARE BOARD,1726640.0,108102154.2,12719992.42
202304,QK1,"NHS LEICESTER, LEICESTERSHIRE AND RUTLAND INTEGRATED CARE BOARD",1835193.0,138885887.6,15374222.59
202304,QKK,NHS SOUTH EAST LONDON INTEGRATED CARE BOARD,1969943.0,159068716.4,18310496.01
202304,QKS,NHS KENT AND MEDWAY INTEGRATED CARE BOARD,2731563.0,430069392.8,29453845.470000003
202304,QM7,NHS HERTFORDSHIRE AND WEST ESSEX INTEGRATED CARE BOARD,2193802.0,148013089.4,18650866.45
202304,QMF,NHS NORTH EAST LONDON INTEGRATED CARE BOARD,2706916.0,225083847.3,22332623.39
202304,QMJ,NHS NORTH CENTRAL LONDON INTEGRATED CARE BOARD,1742750.0,150666623.5,15797368.29
202304,QMM,NHS NORFOLK AND WAVENEY INTEGRATED CARE BOARD,1984048.0,129100541.0,15502917.98
202304,QNC,NHS STAFFORDSHIRE AND STOKE-ON-TRENT INTEGRATED CARE BOARD,2109790.0,179119775.3,19423696.74
202304,QNQ,NHS FRIMLEY INTEGRATED CARE BOARD,888570.0,69320934.9,8757626.709999999
202304,QNX,NHS SUSSEX INTEGRATED CARE BOARD,2630071.0,183042041.8,27655748.540000003
202304,QOC,"NHS SHROPSHIRE, TELFORD AND WREKIN INTEGRATED CARE BOARD",773753.0,58531720.2,7430238.12
202304,QOP,NHS GREATER MANCHESTER INTEGRATED CARE BOARD,5202939.0,446397485.1,48649242.23
202304,QOQ,NHS HUMBER AND NORTH YORKSHIRE INTEGRATED CARE BOARD,3200287.0,220206233.7,25588104.47
202304,QOX,"NHS BATH AND NORTH EAST SOMERSET, SWINDON AND WILTSHIRE INTEGRATED CARE BOARD",1392539.0,95525491.0,11474524.33
202304,QPM,NHS NORTHAMPTONSHIRE INTEGRATED CARE BOARD,1276867.0,75208393.7,9722460.85
202304,QR1,NHS GLOUCESTERSHIRE INTEGRATED CARE BOARD,1036296.0,55543137.6,9626824.41
202304,QRL,NHS HAMPSHIRE AND ISLE OF WIGHT INTEGRATED CARE BOARD,2507622.0,205772798.6,25211926.43
202304,QRV,NHS NORTH WEST LONDON INTEGRATED CARE BOARD,3755113.0,273646558.5,31320694.17
202304,QSL,NHS SOMERSET INTEGRATED CARE BOARD,874333.0,60747347.8,8252394.04
202304,QT1,NHS NOTTINGHAM AND NOTTINGHAMSHIRE INTEGRATED CARE BOARD,1962254.0,143650244.2,20866275.09
202304,QT6,NHS CORNWALL AND THE ISLES OF SCILLY INTEGRATED CARE BOARD,1084834.0,67783660.9,8633462.42
202304,QU9,"NHS BUCKINGHAMSHIRE, OXFORDSHIRE AND BERKSHIRE WEST INTEGRATED CARE BOARD",2198278.0,158337947.9,22076674.87
202304,QUA,NHS BLACK COUNTRY INTEGRATED CARE BOARD,2000894.0,190503248.6,19195395.85
202304,QUE,NHS CAMBRIDGESHIRE AND PETERBOROUGH INTEGRATED CARE BOARD,1659887.0,107908238.4,29036837.83
202304,QUY,"NHS BRISTOL, NORTH SOMERSET AND SOUTH GLOUCESTERSHIRE INTEGRATED CARE BOARD",1276530.0,100123427.0,11872935.36
202304,QVV,NHS DORSET INTEGRATED CARE BOARD,1252581.0,97890652.1,11900438.06
202304,QWE,NHS SOUTH WEST LONDON INTEGRATED CARE BOARD,1908211.0,128065902.6,15988843.37
202304,QWO,NHS WEST YORKSHIRE INTEGRATED CARE BOARD,5466284.0,423792690.9,46003979.06
202304,QWU,NHS COVENTRY AND WARWICKSHIRE INTEGRATED CARE BOARD,1544846.0,114647200.9,12981278.28
202304,QXU,NHS SURREY HEARTLANDS INTEGRATED CARE BOARD,1102561.0,89102583.2,11591449.91
202304,QYG,NHS CHESHIRE AND MERSEYSIDE INTEGRATED CARE BOARD,4838892.0,475911720.1,44672506.41
202305,QE1,NHS LANCASHIRE AND SOUTH CUMBRIA INTEGRATED CARE BOARD,3486011.0,260100752.1,29559948.53
202305,QF7,NHS SOUTH YORKSHIRE INTEGRATED CARE BOARD,2986006.0,186510483.3,22873639.3
202305,QGH,NHS HEREFORDSHIRE AND WORCESTERSHIRE INTEGRATED CARE BOARD,1316779.0,491258573.5,20209328.48
202305,QH8,NHS MID AND SOUTH ESSEX INTEGRATED CARE BOARD,1882871.0,124844197.5,18924545.76
202305,QHG,"NHS BEDFORDSHIRE, LUTON AND MILTON KEYNES INTEGRATED CARE BOARD",1372391.0,107356542.6,12579048.91
202305,QHL,NHS BIRMINGHAM AND SOLIHULL INTEGRATED CARE BOARD,2134680.0,223847907.0,21525794.15
202305,QHM,NHS NORTH EAST AND NORTH CUMBRIA INTEGRATED CARE BOARD,7001421.0,449319436.2000001,51227067.65
202305,QJ2,NHS DERBY AND DERBYSHIRE INTEGRATED CARE BOARD,1766159.0,141359798.6,15298790.13
202305,QJG,NHS SUFFOLK AND NORTH EAST ESSEX INTEGRATED CARE BOARD,1987493.0,121765684.9,16102385.7
202305,QJK,NHS DEVON INTEGRATED CARE BOARD,2119935.0,152376517.0,18571684.52
202305,QJM,NHS LINCOLNSHIRE INTEGRATED CARE BOARD,1859421.0,117516602.0,13927520.52
202305,QK1,"NHS LEICESTER, LEICESTERSHIRE AND RUTLAND INTEGRATED CARE BOARD",1965398.0,149335942.9,16558620.46
202305,QKK,NHS SOUTH EAST LONDON INTEGRATED CARE BOARD,2111039.0,173386325.6,19938273.65
202305,QKS,NHS KENT AND MEDWAY INTEGRATED CARE BOARD,2921766.0,463686257.3,32274276.25
202305,QM7,NHS HERTFORDSHIRE AND WEST ESSEX INTEGRATED CARE BOARD,2339871.0,158066368.7,20138215.45
202305,QMF,NHS NORTH EAST LONDON INTEGRATED CARE BOARD,2947216.0,247356705.7,24739436.52
202305,QMJ,NHS NORTH CENTRAL LONDON INTEGRATED CARE BOARD,1853303.0,160935839.0,17054325.48
202305,QMM,NHS NORFOLK AND WAVENEY INTEGRATED CARE BOARD,2090422.0,135954801.4,16385436.13
202305,QNC,NHS STAFFORDSHIRE AND STOKE-ON-TRENT INTEGRATED CARE BOARD,2280454.0,191231492.9,20877757.1
202305,QNQ,NHS FRIMLEY INTEGRATED CARE BOARD,949285.0,74000155.19999999,9391723.81
202305,QNX,NHS SUSSEX INTEGRATED CARE BOARD,2792490.0,196739373.9,30143046.56
202305,QOC,"NHS SHROPSHIRE, TELFORD AND WREKIN INTEGRATED CARE BOARD",836873.0,63097939.8,8166973.31
202305,QOP,NHS GREATER MANCHESTER INTEGRATED CARE BOARD,5607595.0,486487787.1,53068364.17
202305,QOQ,NHS HUMBER AND NORTH YORKSHIRE INTEGRATED CARE BOARD,3417604.0,238678317.4,27582765.95
202305,QOX,"NHS BATH AND NORTH EAST SOMERSET, SWINDON AND WILTSHIRE INTEGRATED CARE BOARD",1497650.0,102881566.7,12428974.64
202305,QPM,NHS NORTHAMPTONSHIRE INTEGRATED CARE BOARD,1390570.0,82734936.3,10720395.47
202305,QR1,NHS GLOUCESTERSHIRE INTEGRATED CARE BOARD,1129361.0,61709465.5,10712033.29
202305,QRL,NHS HAMPSHIRE AND ISLE OF WIGHT INTEGRATED CARE BOARD,2686100.0,220454080.5,27220200.73
202305,QRV,NHS NORTH WEST LONDON INTEGRATED CARE BOARD,4067128.0,295463970.7,34151031.18
202305,QSL,NHS SOMERSET INTEGRATED CARE BOARD,926158.0,64588332.6,8855651.99
202305,QT1,NHS NOTTINGHAM AND NOTTINGHAMSHIRE INTEGRATED CARE BOARD,2128267.0,154383981.9,22868148.36
202305,QT6,NHS CORNWALL AND THE ISLES OF SCILLY INTEGRATED CARE BOARD,1125831.0,70675121.9,9090443.58
202305,QU9,"NHS BUCKINGHAMSHIRE, OXFORDSHIRE AND BERKSHIRE WEST INTEGRATED CARE BOARD",2326443.0,171345245.10000002,24369479.88
202305,QUA,NHS BLACK COUNTRY INTEGRATED CARE BOARD,2201730.0,209884073.4,21302275.880000003
202305,QUE,NHS CAMBRIDGESHIRE AND PETERBOROUGH INTEGRATED CARE BOARD,1790209.0,116000682.5,30464809.31
202305,QUY,"NHS BRISTOL, NORTH SOMERSET AND SOUTH GLOUCESTERSHIRE INTEGRATED CARE BOARD",1353642.0,105884084.6,12575600.78
202305,QVV,NHS DORSET INTEGRATED CARE BOARD,1310751.0,100586001.4,12464894.54
202305,QWE,NHS SOUTH WEST LONDON INTEGRATED CARE BOARD,2032001.0,137093378.2,17190778.65
202305,QWO,NHS WEST YORKSHIRE INTEGRATED CARE BOARD,5971946.0,484927978.4,51153346.1
202305,QWU,NHS COVENTRY AND WARWICKSHIRE INTEGRATED CARE BOARD,1701202.0,127211705.0,14379658.36
202305,QXU,NHS SURREY HEARTLANDS INTEGRATED CARE BOARD,1210638.0,97487943.4,12847575.28
202305,QYG,NHS CHESHIRE AND MERSEYSIDE INTEGRATED CARE BOARD,5160182.0,505985912.0,47984779.55
202306,QE1,NHS LANCASHIRE AND SOUTH CUMBRIA INTEGRATED CARE BOARD,3568312.0,265986051.2,30714550.81
202306,QF7,NHS SOUTH YORKSHIRE INTEGRATED CARE BOARD,3059292.0,193118971.7,23595335.36
202306,QGH,NHS HEREFORDSHIRE AND WORCESTERSHIRE INTEGRATED CARE BOARD,1384937.0,571320342.9,22389637.04
202306,QH8,NHS MID AND SOUTH ESSEX INTEGRATED CARE BOARD,1912564.0,126529746.3,19468011.47
202306,QHG,"NHS BEDFORDSHIRE, LUTON AND MILTON KEYNES INTEGRATED CARE BOARD",1376804.0,106368183.5,12703815.46
202306,QHL,NHS BIRMINGHAM AND SOLIHULL INTEGRATED CARE BOARD,2146342.0,224537563.8,21550339.43
202306,QHM,NHS NORTH EAST AND NORTH CUMBRIA INTEGRATED CARE BOARD,7221018.0,464171988.8,52936762.370000005
202306,QJ2,NHS DERBY AND DERBYSHIRE INTEGRATED CARE BOARD,1787813.0,144847373.5,15461657.12
202306,QJG,NHS SUFFOLK AND NORTH EAST ESSEX INTEGRATED CARE BOARD,2033697.0,125000578.8,16583150.87
202306,QJK,NHS DEVON INTEGRATED CARE BOARD,2184549.0,159942082.7,19301130.86
202306,QJM,NHS LINCOLNSHIRE INTEGRATED CARE BOARD,1892140.0,118852649.1,14173717.38
202306,QK1,"NHS LEICESTER, LEICESTERSHIRE AND RUTLAND INTEGRATED CARE BOARD",2020612.0,155364104.2,17173421.97
202306,QKK,NHS SOUTH EAST LONDON INTEGRATED CARE BOARD,2146136.0,175460198.8,20214639.92
202306,QKS,NHS KENT AND MEDWAY INTEGRATED CARE BOARD,2924261.0,469853609.7,32346939.21
202306,QM7,NHS HERTFORDSHIRE AND WEST ESSEX INTEGRATED CARE BOARD,2389581.0,160944057.7,20616689.07
202306,QMF,NHS NORTH EAST LONDON INTEGRATED CARE BOARD,3001900.0,250565332.9,25180671.17
202306,QMJ,NHS NORTH CENTRAL LONDON INTEGRATED CARE BOARD,1913521.0,164925709.3,17613484.27
202306,QMM,NHS NORFOLK AND WAVENEY INTEGRATED CARE BOARD,2131189.0,140910356.4,16787757.299999997
202306,QNC,NHS STAFFORDSHIRE AND STOKE-ON-TRENT INTEGRATED CARE BOARD,2325990.0,197518279.1,21535941.41
202306,QNQ,NHS FRIMLEY INTEGRATED CARE BOARD,968107.0,74810403.4,9593362.51
202306,QNX,NHS SUSSEX INTEGRATED CARE BOARD,2837629.0,199768016.9,30659127.96
202306,QOC,"NHS SHROPSHIRE, TELFORD AND WREKIN INTEGRATED CARE BOARD",840206.0,64532777.0,8195698.63
202306,QOP,NHS GREATER MANCHESTER INTEGRATED CARE BOARD,5720915.0,499477158.1,54583252.58
202306,QOQ,NHS HUMBER AND NORTH YORKSHIRE INTEGRATED CARE BOARD,3489601.0,244711888.4,28187596.04
202306,QOX,"NHS BATH AND NORTH EAST SOMERSET, SWINDON AND WILTSHIRE INTEGRATED CARE BOARD",1529756.0,104648566.5,12590468.75
202306,QPM,NHS NORTHAMPTONSHIRE INTEGRATED CARE BOARD,1428689.0,84394278.5,11081039.46
202306,QR1,NHS GLOUCESTERSHIRE INTEGRATED CARE BOARD,1141918.0,61815175.0,10769567.89
202306,QRL,NHS HAMPSHIRE AND ISLE OF WIGHT INTEGRATED CARE BOARD,2760285.0,228342528.8,27791685.21
202306,QRV,NHS NORTH WEST LONDON INTEGRATED CARE BOARD,4191627.0,304299957.2,35114803.22
202306,QSL,NHS SOMERSET INTEGRATED CARE BOARD,939912.0,65989110.2,9013593.92
202306,QT1,NHS NOTTINGHAM AND NOTTINGHAMSHIRE INTEGRATED CARE BOARD,2178888.0,159511845.7,23766435.37
202306,QT6,NHS CORNWALL AND THE ISLES OF SCILLY INTEGRATED CARE BOARD,1158442.0,72772710.9,9369585.48
202306,QU9,"NHS BUCKINGHAMSHIRE, OXFORDSHIRE AND BERKSHIRE WEST INTEGRATED CARE BOARD",2392637.0,175416731.7,24924655.220000003
202306,QUA,NHS BLACK COUNTRY INTEGRATED CARE BOARD,2234373.0,220971855.3,21766775.42
202306,QUE,NHS CAMBRIDGESHIRE AND PETERBOROUGH INTEGRATED CARE BOARD,1829636.0,120368838.8,30808541.73
202306,QUY,"NHS BRISTOL, NORTH SOMERSET AND SOUTH GLOUCESTERSHIRE INTEGRATED CARE BOARD",1402401.0,110674958.2,13014343.48
202306,QVV,NHS DORSET INTEGRATED CARE BOARD,1363718.0,107355458.6,13072661.16
202306,QWE,NHS SOUTH WEST LONDON INTEGRATED CARE BOARD,2073505.0,141126232.3,17656968.83
202306,QWO,NHS WEST YORKSHIRE INTEGRATED CARE BOARD,6104760.0,479817718.8,52274420.14
202306,QWU,NHS COVENTRY AND WARWICKSHIRE INTEGRATED CARE BOARD,1725948.0,128083452.0,14651608.93
202306,QXU,NHS SURREY HEARTLANDS INTEGRATED CARE BOARD,1191649.0,97344959.6,12735095.38
202306,QYG,NHS CHESHIRE AND MERSEYSIDE INTEGRATED CARE BOARD,5314316.0,525411204.8,49521723.63
202307,QE1,NHS LANCASHIRE AND SOUTH CUMBRIA INTEGRATED CARE BOARD,3440879.0,265847355.1,29665201.08
202307,QF7,NHS SOUTH YORKSHIRE INTEGRATED CARE BOARD,2979883.0,188245957.9,22840680.23
202307,QGH,NHS HEREFORDSHIRE AND WORCESTERSHIRE INTEGRATED CARE BOARD,1309568.0,510450231.2,20589924.48
202307,QH8,NHS MID AND SOUTH ESSEX INTEGRATED CARE BOARD,1840971.0,122147243.5,18890673.11
202307,QHG,"NHS BEDFORDSHIRE, LUTON AND MILTON KEYNES INTEGRATED CARE BOARD",1348032.0,105046095.7,12467064.82
202307,QHL,NHS BIRMINGHAM AND SOLIHULL INTEGRATED CARE BOARD,2105990.0,224553264.6,21165609.72
202307,QHM,NHS NORTH EAST AND NORTH CUMBRIA INTEGRATED CARE BOARD,6949765.0,442980506.7,50806756.78
202307,QJ2,NHS DERBY AND DERBYSHIRE INTEGRATED CARE BOARD,1719245.0,135765556.3,14899943.21
202307,QJG,NHS SUFFOLK AND NORTH EAST ESSEX INTEGRATED CARE BOARD,1965960.0,122022989.2,15977553.63
202307,QJK,NHS DEVON INTEGRATED CARE BOARD,2126597.0,157014417.0,18817239.44
202307,QJM,NHS LINCOLNSHIRE INTEGRATED CARE BOARD,1829484.0,116387935.5,13753347.8
202307,QK1,"NHS LEICESTER, LEICESTERSHIRE AND RUTLAND INTEGRATED CARE BOARD",1937443.0,147942919.5,16471412.23
202307,QKK,NHS SOUTH EAST LONDON INTEGRATED CARE BOARD,2108431.0,172847671.8,19828260.17
202307,QKS,NHS KENT AND MEDWAY INTEGRATED CARE BOARD,2841106.0,453563838.1,31449336.13
202307,QM7,NHS HERTFORDSHIRE AND WEST ESSEX INTEGRATED CARE BOARD,2318775.0,156417055.8,19902225.56
202307,QMF,NHS NORTH EAST LONDON INTEGRATED CARE BOARD,2943776.0,245674837.8,24604887.74
202307,QMJ,NHS NORTH CENTRAL LONDON INTEGRATED CARE BOARD,1868687.0,162203412.7,17119151.57
202307,QMM,NHS NORFOLK AND WAVENEY INTEGRATED CARE BOARD,2074669.0,135810387.8,16348461.62
202307,QNC,NHS STAFFORDSHIRE AND STOKE-ON-TRENT INTEGRATED CARE BOARD,2243678.0,192748398.3,20680793.46
202307,QNQ,NHS FRIMLEY INTEGRATED CARE BOARD,943454.0,72744265.4,9405572.89
202307,QNX,NHS SUSSEX INTEGRATED CARE BOARD,2722958.0,191255232.6,29304106.65
202307,QOC,"NHS SHROPSHIRE, TELFORD AND WREKIN INTEGRATED CARE BOARD",804304.0,61842326.0,7855643.04
202307,QOP,NHS GREATER MANCHESTER INTEGRATED CARE BOARD,5543239.0,483092691.1,52786503.26
202307,QOQ,NHS HUMBER AND NORTH YORKSHIRE INTEGRATED CARE BOARD,3382415.0,237220168.5,27265228.94
202307,QOX,"NHS BATH AND NORTH EAST SOMERSET, SWINDON AND WILTSHIRE INTEGRATED CARE BOARD",1463745.0,100913615.2,12127972.43
202307,QPM,NHS NORTHAMPTONSHIRE INTEGRATED CARE BOARD,1397952.0,82417502.3,10804278.01
202307,QR1,NHS GLOUCESTERSHIRE INTEGRATED CARE BOARD,1111780.0,60455535.3,10429127.88
202307,QRL,NHS HAMPSHIRE AND ISLE OF WIGHT INTEGRATED CARE BOARD,2668901.0,220723153.3,26938413.450000003
202307,QRV,NHS NORTH WEST LONDON INTEGRATED CARE BOARD,4092064.0,297860082.0,34410206.85
202307,QSL,NHS SOMERSET INTEGRATED CARE BOARD,906588.0,63483546.7,8677600.379999999
202307,QT1,NHS NOTTINGHAM AND NOTTINGHAMSHIRE INTEGRATED CARE BOARD,2055830.0,151569166.3,22869485.76
202307,QT6,NHS CORNWALL AND THE ISLES OF SCILLY INTEGRATED CARE BOARD,1153325.0,72982122.9,9395356.28
202307,QU9,"NHS BUCKINGHAMSHIRE, OXFORDSHIRE AND BERKSHIRE WEST INTEGRATED CARE BOARD",2305445.0,170341350.10000002,23862794.68
202307,QUA,NHS BLACK COUNTRY INTEGRATED CARE BOARD,2158631.0,211432241.1,20932401.5
202307,QUE,NHS CAMBRIDGESHIRE AND PETERBOROUGH INTEGRATED CARE BOARD,1763011.0,115240269.8,30382120.43
202307,QUY,"NHS BRISTOL, NORTH SOMERSET AND SOUTH GLOUCESTERSHIRE INTEGRATED CARE BOARD",1367572.0,109048668.7,12825109.83
202307,QVV,NHS DORSET INTEGRATED CARE BOARD,1296967.0,101841068.0,12369523.69
202307,QWE,NHS SOUTH WEST LONDON INTEGRATED CARE BOARD,2011910.0,134757980.6,16976578.11
202307,QWO,NHS WEST YORKSHIRE INTEGRATED CARE BOARD,5907936.0,458459246.5,50364882.88
202307,QWU,NHS COVENTRY AND WARWICKSHIRE INTEGRATED CARE BOARD,1669990.0,125096744.1,14128651.14
202307,QXU,NHS SURREY HEARTLANDS INTEGRATED CARE BOARD,1177268.0,94688420.3,12519656.74
202307,QYG,NHS CHESHIRE AND MERSEYSIDE INTEGRATED CARE BOARD,5138961.0,501091532.5,47818041.26
202308,QE1,NHS LANCASHIRE AND SOUTH CUMBRIA INTEGRATED CARE BOARD,3533014.0,264954191.9,30267085.1
202308,QF7,NHS SOUTH YORKSHIRE INTEGRATED CARE BOARD,3013318.0,187974334.6,22871044.86
202308,QGH,NHS HEREFORDSHIRE AND WORCESTERSHIRE INTEGRATED CARE BOARD,1366004.0,558798086.9,21884848.43
202308,QH8,NHS MID AND SOUTH ESSEX INTEGRATED CARE BOARD,1886617.0,125058721.7,19221315.28
202308,QHG,"NHS BEDFORDSHIRE, LUTON AND MILTON KEYNES INTEGRATED CARE BOARD",1367415.0,106725816.3,12521130.169999998
202308,QHL,NHS BIRMINGHAM AND SOLIHULL INTEGRATED CARE BOARD,2102985.0,221003867.4,20997094.61
202308,QHM,NHS NORTH EAST AND NORTH CUMBRIA INTEGRATED CARE BOARD,7093431.0,450045213.3,51247464.14
202308,QJ2,NHS DERBY AND DERBYSHIRE INTEGRATED CARE BOARD,1758473.0,137958854.7,15050091.29
202308,QJG,NHS SUFFOLK AND NORTH EAST ESSEX INTEGRATED CARE BOARD,2015132.0,124215253.0,16310748.27
202308,QJK,NHS DEVON INTEGRATED CARE BOARD,2159390.0,158276009.7,18898311.1
202308,QJM,NHS LINCOLNSHIRE INTEGRATED CARE BOARD,1884525.0,117824414.9,13990501.69
202308,QK1,"NHS LEICESTER, LEICESTERSHIRE AND RUTLAND INTEGRATED CARE BOARD",2003771.0,153199538.39999998,16879406.63
202308,QKK,NHS SOUTH EAST LONDON INTEGRATED CARE BOARD,2102069.0,173134218.5,19762099.12
202308,QKS,NHS KENT AND MEDWAY INTEGRATED CARE BOARD,2886098.0,468755931.5,32030134.4
202308,QM7,NHS HERTFORDSHIRE AND WEST ESSEX INTEGRATED CARE BOARD,2359451.0,157943419.5,20168060.51
202308,QMF,NHS NORTH EAST LONDON INTEGRATED CARE BOARD,2927590.0,244641211.3,24293814.78
202308,QMJ,NHS NORTH CENTRAL LONDON INTEGRATED CARE BOARD,1866741.0,161805283.5,16926106.310000002
202308,QMM,NHS NORFOLK AND WAVENEY INTEGRATED CARE BOARD,2108198.0,139095326.5,16544105.36
202308,QNC,NHS STAFFORDSHIRE AND STOKE-ON-TRENT INTEGRATED CARE BOARD,2294069.0,194901740.0,20918988.54
202308,QNQ,NHS FRIMLEY INTEGRATED CARE BOARD,955469.0,73543428.8,9405184.53
202308,QNX,NHS SUSSEX INTEGRATED CARE BOARD,2805825.0,193857120.5,29901168.46
202308,QOC,"NHS SHROPSHIRE, TELFORD AND WREKIN INTEGRATED CARE BOARD",824085.0,63305307.2,7983670.22
202308,QOP,NHS GREATER MANCHESTER INTEGRATED CARE BOARD,5688852.0,488581192.6,53974409.78
202308,QOQ,NHS HUMBER AND NORTH YORKSHIRE INTEGRATED CARE BOARD,3485185.0,241126993.0,27908611.44
202308,QOX,"NHS BATH AND NORTH EAST SOMERSET, SWINDON AND WILTSHIRE INTEGRATED CARE BOARD",1507247.0,103402039.0,12233905.08
202308,QPM,NHS NORTHAMPTONSHIRE INTEGRATED CARE BOARD,1408482.0,81989524.1,10775461.44
202308,QR1,NHS GLOUCESTERSHIRE INTEGRATED CARE BOARD,1137792.0,61668281.3,10571151.84
202308,QRL,NHS HAMPSHIRE AND ISLE OF WIGHT INTEGRATED CARE BOARD,2690673.0,218744916.3,26868737.9
202308,QRV,NHS NORTH WEST LONDON INTEGRATED CARE BOARD,4128059.0,299119494.5,34405693.230000004
202308,QSL,NHS SOMERSET INTEGRATED CARE BOARD,925183.0,64028548.8,8791786.95
202308,QT1,NHS NOTTINGHAM AND NOTTINGHAMSHIRE INTEGRATED CARE BOARD,2180112.0,159365676.1,23821581.58
202308,QT6,NHS CORNWALL AND THE ISLES OF SCILLY INTEGRATED CARE BOARD,1155706.0,71786395.4,9294584.09
202308,QU9,"NHS BUCKINGHAMSHIRE, OXFORDSHIRE AND BERKSHIRE WEST INTEGRATED CARE BOARD",2303254.0,169224005.4,23775398.62
202308,QUA,NHS BLACK COUNTRY INTEGRATED CARE BOARD,2188886.0,213968399.9,21322317.14
202308,QUE,NHS CAMBRIDGESHIRE AND PETERBOROUGH INTEGRATED CARE BOARD,1782712.0,115787161.3,30727255.89
202308,QUY,"NHS BRISTOL, NORTH SOMERSET AND SOUTH GLOUCESTERSHIRE INTEGRATED CARE BOARD",1398211.0,110260746.0,12986116.01
202308,QVV,NHS DORSET INTEGRATED CARE BOARD,1321943.0,103419242.1,12522859.21
202308,QWE,NHS SOUTH WEST LONDON INTEGRATED CARE BOARD,2019438.0,132806921.9,16858837.06
202308,QWO,NHS WEST YORKSHIRE INTEGRATED CARE BOARD,6154151.0,473368976.6,52412465.56
202308,QWU,NHS COVENTRY AND WARWICKSHIRE INTEGRATED CARE BOARD,1700297.0,126072922.1,14254439.16
202308,QXU,NHS SURREY HEARTLANDS INTEGRATED CARE BOARD,1178806.0,94573885.2,12527759.36
202308,QYG,NHS CHESHIRE AND MERSEYSIDE INTEGRATED CARE BOARD,5248692.0,512523143.8,48423784.0
202309,QE1,NHS LANCASHIRE AND SOUTH CUMBRIA INTEGRATED CARE BOARD,3530758.0,259281226.6,30568999.96
202309,QF7,NHS SOUTH YORKSHIRE INTEGRATED CARE BOARD,3009423.0,183302999.0,23367386.55
202309,QGH,NHS HEREFORDSHIRE AND WORCESTERSHIRE INTEGRATED CARE BOARD,1376609.0,562903739.7,22389500.4
202309,QH8,NHS MID AND SOUTH ESSEX INTEGRATED CARE BOARD,1904233.0,122408456.6,19711659.14
202309,QHG,"NHS BEDFORDSHIRE, LUTON AND MILTON KEYNES INTEGRATED CARE BOARD",1377125.0,104255199.1,12724026.17
202309,QHL,NHS BIRMINGHAM AND SOLIHULL INTEGRATED CARE BOARD,2126256.0,224416954.3,21510818.22
202309,QHM,NHS NORTH EAST AND NORTH CUMBRIA INTEGRATED CARE BOARD,7189607.0,452164330.3,53134543.03
202309,QJ2,NHS DERBY AND DERBYSHIRE INTEGRATED CARE BOARD,1821976.0,145406361.9,16122258.72
202309,QJG,NHS SUFFOLK AND NORTH EAST ESSEX INTEGRATED CARE BOARD,2063296.0,123281491.0,17147775.67
202309,QJK,NHS DEVON INTEGRATED CARE BOARD,2161742.0,153094132.4,19384153.14
202309,QJM,NHS LINCOLNSHIRE INTEGRATED CARE BOARD,1896206.0,116367750.9,14472558.24
202309,QK1,"NHS LEICESTER, LEICESTERSHIRE AND RUTLAND INTEGRATED CARE BOARD",1998506.0,149926845.0,17264121.11
202309,QKK,NHS SOUTH EAST LONDON INTEGRATED CARE BOARD,2097337.0,167541531.7,19801970.8
202309,QKS,NHS KENT AND MEDWAY INTEGRATED CARE BOARD,2924500.0,461797698.8,32754663.74
202309,QM7,NHS HERTFORDSHIRE AND WEST ESSEX INTEGRATED CARE BOARD,2390085.0,157323504.0,21015874.35
202309,QMF,NHS NORTH EAST LONDON INTEGRATED CARE BOARD,2965568.0,248493072.9,25147241.01
202309,QMJ,NHS NORTH CENTRAL LONDON INTEGRATED CARE BOARD,1869869.0,160528529.3,17176607.419999998
202309,QMM,NHS NORFOLK AND WAVENEY INTEGRATED CARE BOARD,2099733.0,135627017.8,16784225.76
202309,QNC,NHS STAFFORDSHIRE AND STOKE-ON-TRENT INTEGRATED CARE BOARD,2311256.0,193825961.2,21380571.16
202309,QNQ,NHS FRIMLEY INTEGRATED CARE BOARD,976815.0,73774604.3,9854057.34
202309,QNX,NHS SUSSEX INTEGRATED CARE BOARD,2858955.0,193510798.1,30719025.18
202309,QOC,"NHS SHROPSHIRE, TELFORD AND WREKIN INTEGRATED CARE BOARD",821522.0,61223768.3,8058908.130000001
202309,QOP,NHS GREATER MANCHESTER INTEGRATED CARE BOARD,5634439.0,481567377.3,53953318.97
202309,QOQ,NHS HUMBER AND NORTH YORKSHIRE INTEGRATED CARE BOARD,3473463.0,233139457.7,28315584.93
202309,QOX,"NHS BATH AND NORTH EAST SOMERSET, SWINDON AND WILTSHIRE INTEGRATED CARE BOARD",1504340.0,100819485.7,12663191.54
202309,QPM,NHS NORTHAMPTONSHIRE INTEGRATED CARE BOARD,1403241.0,81520987.3,10998322.33
202309,QR1,NHS GLOUCESTERSHIRE INTEGRATED CARE BOARD,1132376.0,60172214.9,10799830.45
202309,QRL,NHS HAMPSHIRE AND ISLE OF WIGHT INTEGRATED CARE BOARD,2775219.0,220364674.9,28134577.71
202309,QRV,NHS NORTH WEST LONDON INTEGRATED CARE BOARD,4167796.0,299453829.1,35277296.43
202309,QSL,NHS SOMERSET INTEGRATED CARE BOARD,955636.0,64690254.5,9186737.52
202309,QT1,NHS NOTTINGHAM AND NOTTINGHAMSHIRE INTEGRATED CARE BOARD,2169117.0,154347445.0,24221215.57
202309,QT6,NHS CORNWALL AND THE ISLES OF SCILLY INTEGRATED CARE BOARD,1181253.0,71395673.4,9763437.75
202309,QU9,"NHS BUCKINGHAMSHIRE, OXFORDSHIRE AND BERKSHIRE WEST INTEGRATED CARE BOARD",2319583.0,168279259.39999998,24407871.23
202309,QUA,NHS BLACK COUNTRY INTEGRATED CARE BOARD,2185297.0,212612496.2,21345841.21
202309,QUE,NHS CAMBRIDGESHIRE AND PETERBOROUGH INTEGRATED CARE BOARD,1818998.0,115136440.8,31047952.19
202309,QUY,"NHS BRISTOL, NORTH SOMERSET AND SOUTH GLOUCESTERSHIRE INTEGRATED CARE BOARD",1371194.0,106936527.4,12947494.3
202309,QVV,NHS DORSET INTEGRATED CARE BOARD,1337335.0,100740789.5,12952697.95
202309,QWE,NHS SOUTH WEST LONDON INTEGRATED CARE BOARD,2053441.0,133475318.2,17369133.28
202309,QWO,NHS WEST YORKSHIRE INTEGRATED CARE BOARD,6026018.0,457439431.6,51946304.26
202309,QWU,NHS COVENTRY AND WARWICKSHIRE INTEGRATED CARE BOARD,1716597.0,125680156.6,14779982.05
202309,QXU,NHS SURREY HEARTLANDS INTEGRATED CARE BOARD,1180306.0,91382199.0,12715054.48
202309,QYG,NHS CHESHIRE AND MERSEYSIDE INTEGRATED CARE BOARD,5214435.0,504048737.7000001,49126443.95999999
202310,QE1,NHS LANCASHIRE AND SOUTH CUMBRIA INTEGRATED CARE BOARD,3648855.0,264560427.5,30822456.56
202310,QF7,NHS SOUTH YORKSHIRE INTEGRATED CARE BOARD,3159244.0,190585750.1,23627133.04
202310,QGH,NHS HEREFORDSHIRE AND WORCESTERSHIRE INTEGRATED CARE BOARD,1448899.0,510255358.4,21674888.85
202310,QH8,NHS MID AND SOUTH ESSEX INTEGRATED CARE BOARD,1985634.0,126202645.0,19961868.58
202310,QHG,"NHS BEDFORDSHIRE, LUTON AND MILTON KEYNES INTEGRATED CARE BOARD",1423013.0,105590904.1,12877670.63
202310,QHL,NHS BIRMINGHAM AND SOLIHULL INTEGRATED CARE BOARD,2218000.0,226570244.3,21648337.49
202310,QHM,NHS NORTH EAST AND NORTH CUMBRIA INTEGRATED CARE BOARD,7348093.0,450391540.3,52653984.440000005
202310,QJ2,NHS DERBY AND DERBYSHIRE INTEGRATED CARE BOARD,1858199.0,141726611.10000002,15843944.22
202310,QJG,NHS SUFFOLK AND NORTH EAST ESSEX INTEGRATED CARE BOARD,2105441.0,123702154.0,16686211.96
202310,QJK,NHS DEVON INTEGRATED CARE BOARD,2292833.0,157670554.4,20128019.11
202310,QJM,NHS LINCOLNSHIRE INTEGRATED CARE BOARD,1934040.0,116121917.1,14329680.86
202310,QK1,"NHS LEICESTER, LEICESTERSHIRE AND RUTLAND INTEGRATED CARE BOARD",2060268.0,151659209.5,17246066.5
202310,QKK,NHS SOUTH EAST LONDON INTEGRATED CARE BOARD,2169342.0,170514873.6,19852285.88
202310,QKS,NHS KENT AND MEDWAY INTEGRATED CARE BOARD,3005580.0,463460327.0,32449531.28
202310,QM7,NHS HERTFORDSHIRE AND WEST ESSEX INTEGRATED CARE BOARD,2458141.0,157874616.0,20607913.14
202310,QMF,NHS NORTH EAST LONDON INTEGRATED CARE BOARD,3055113.0,251206194.4,24875668.25
202310,QMJ,NHS NORTH CENTRAL LONDON INTEGRATED CARE BOARD,1936298.0,163320820.0,17057348.259999998
202310,QMM,NHS NORFOLK AND WAVENEY INTEGRATED CARE BOARD,2221805.0,136982396.8,17743854.1
202310,QNC,NHS STAFFORDSHIRE AND STOKE-ON-TRENT INTEGRATED CARE BOARD,2399390.0,196785878.3,21612679.71
202310,QNQ,NHS FRIMLEY INTEGRATED CARE BOARD,1004303.0,74436590.3,9772190.92
202310,QNX,NHS SUSSEX INTEGRATED CARE BOARD,2945338.0,192713690.7,30657610.54
202310,QOC,"NHS SHROPSHIRE, TELFORD AND WREKIN INTEGRATED CARE BOARD",856939.0,63017715.8,8020983.3
202310,QOP,NHS GREATER MANCHESTER INTEGRATED CARE BOARD,5824579.0,490983579.4,53772058.13
202310,QOQ,NHS HUMBER AND NORTH YORKSHIRE INTEGRATED CARE BOARD,3613222.0,238329230.9,28867958.42
202310,QOX,"NHS BATH AND NORTH EAST SOMERSET, SWINDON AND WILTSHIRE INTEGRATED CARE BOARD",1587215.0,101426809.8,12905721.02
202310,QPM,NHS NORTHAMPTONSHIRE INTEGRATED CARE BOARD,1447184.0,81443452.2,10964042.33
202310,QR1,NHS GLOUCESTERSHIRE INTEGRATED CARE BOARD,1220812.0,61480836.0,11462851.6
202310,QRL,NHS HAMPSHIRE AND ISLE OF WIGHT INTEGRATED CARE BOARD,2878907.0,220649975.9,28409892.65
202310,QRV,NHS NORTH WEST LONDON INTEGRATED CARE BOARD,4271134.0,300889003.2,34420822.19
202310,QSL,NHS SOMERSET INTEGRATED CARE BOARD,971296.0,64865384.4,9109529.68
202310,QT1,NHS NOTTINGHAM AND NOTTINGHAMSHIRE INTEGRATED CARE BOARD,2218957.0,154493238.6,24141681.07
202310,QT6,NHS CORNWALL AND THE ISLES OF SCILLY INTEGRATED CARE BOARD,1211913.0,72222958.19999999,9834017.26
202310,QU9,"NHS BUCKINGHAMSHIRE, OXFORDSHIRE AND BERKSHIRE WEST INTEGRATED CARE BOARD",2488088.0,172241804.8,25050875.71
202310,QUA,NHS BLACK COUNTRY INTEGRATED CARE BOARD,2286376.0,215817874.3,21631548.22
202310,QUE,NHS CAMBRIDGESHIRE AND PETERBOROUGH INTEGRATED CARE BOARD,1808470.0,111794914.7,25956295.880000003
202310,QUY,"NHS BRISTOL, NORTH SOMERSET AND SOUTH GLOUCESTERSHIRE INTEGRATED CARE BOARD",1456470.0,109948409.3,13073974.0
202310,QVV,NHS DORSET INTEGRATED CARE BOARD,1407452.0,102794775.2,13273055.09
202310,QWE,NHS SOUTH WEST LONDON INTEGRATED CARE BOARD,2112227.0,136551261.6,17323497.9
202310,QWO,NHS WEST YORKSHIRE INTEGRATED CARE BOARD,6319304.0,479776791.5,52612943.5
202310,QWU,NHS COVENTRY AND WARWICKSHIRE INTEGRATED CARE BOARD,1757759.0,127372356.4,14594663.95
202310,QXU,NHS SURREY HEARTLANDS INTEGRATED CARE BOARD,1259897.0,92811273.5,13219886.93
202310,QYG,NHS CHESHIRE AND MERSEYSIDE INTEGRATED CARE BOARD,5416043.0,518825513.2,49258135.37
202311,QE1,NHS LANCASHIRE AND SOUTH CUMBRIA INTEGRATED CARE BOARD,3627663.0,270650967.6,30079826.98
202311,QF7,NHS SOUTH YORKSHIRE INTEGRATED CARE BOARD,3071915.0,189976450.8,22559131.05
202311,QGH,NHS HEREFORDSHIRE AND WORCESTERSHIRE INTEGRATED CARE BOARD,1375593.0,542824490.0,21435288.87
202311,QH8,NHS MID AND SOUTH ESSEX INTEGRATED CARE BOARD,1918276.0,126624210.3,19231316.880000003
202311,QHG,"NHS BEDFORDSHIRE, LUTON AND MILTON KEYNES INTEGRATED CARE BOARD",1394318.0,106567224.6,12499014.72
202311,QHL,NHS BIRMINGHAM AND SOLIHULL INTEGRATED CARE BOARD,2170246.0,227759617.2,20986608.54
202311,QHM,NHS NORTH EAST AND NORTH CUMBRIA INTEGRATED CARE BOARD,7231119.0,453845505.7,50442263.36
202311,QJ2,NHS DERBY AND DERBYSHIRE INTEGRATED CARE BOARD,1818968.0,142758507.4,15115265.52
202311,QJG,NHS SUFFOLK AND NORTH EAST ESSEX INTEGRATED CARE BOARD,2042386.0,123614300.3,15810865.99
202311,QJK,NHS DEVON INTEGRATED CARE BOARD,2229201.0,160553032.6,18967962.35
202311,QJM,NHS LINCOLNSHIRE INTEGRATED CARE BOARD,1918418.0,118712873.6,14015123.42
202311,QK1,"NHS LEICESTER, LEICESTERSHIRE AND RUTLAND INTEGRATED CARE BOARD",2060404.0,157386515.1,16997253.86
202311,QKK,NHS SOUTH EAST LONDON INTEGRATED CARE BOARD,2180383.0,173364224.7,19736349.25
202311,QKS,NHS KENT AND MEDWAY INTEGRATED CARE BOARD,2934083.0,472871929.1,31612992.31
202311,QM7,NHS HERTFORDSHIRE AND WEST ESSEX INTEGRATED CARE BOARD,2429344.0,161071496.7,20069595.29
202311,QMF,NHS NORTH EAST LONDON INTEGRATED CARE BOARD,3056764.0,256060889.1,24852685.520000003
202311,QMJ,NHS NORTH CENTRAL LONDON INTEGRATED CARE BOARD,1953451.0,165736129.6,17076504.439999998
202311,QMM,NHS NORFOLK AND WAVENEY INTEGRATED CARE BOARD,2146978.0,138558858.8,16674710.3
202311,QNC,NHS STAFFORDSHIRE AND STOKE-ON-TRENT INTEGRATED CARE BOARD,2348665.0,198113151.5,20696518.34
202311,QNQ,NHS FRIMLEY INTEGRATED CARE BOARD,997396.0,76079302.7,9622138.6
202311,QNX,NHS SUSSEX INTEGRATED CARE BOARD,2903759.0,197507013.0,30011415.37
202311,QOC,"NHS SHROPSHIRE, TELFORD AND WREKIN INTEGRATED CARE BOARD",856599.0,64667227.8,7913436.04
202311,QOP,NHS GREATER MANCHESTER INTEGRATED CARE BOARD,5775201.0,493056663.6,52826894.25
202311,QOQ,NHS HUMBER AND NORTH YORKSHIRE INTEGRATED CARE BOARD,3539703.0,244333902.3,27593861.18
202311,QOX,"NHS BATH AND NORTH EAST SOMERSET, SWINDON AND WILTSHIRE INTEGRATED CARE BOARD",1533628.0,104669529.5,12040629.66
202311,QPM,NHS NORTHAMPTONSHIRE INTEGRATED CARE BOARD,1422336.0,82753657.9,10616535.43
202311,QR1,NHS GLOUCESTERSHIRE INTEGRATED CARE BOARD,1190724.0,62740769.3,11036243.49
202311,QRL,NHS HAMPSHIRE AND ISLE OF WIGHT INTEGRATED CARE BOARD,2794597.0,222440346.6,27018588.29
202311,QRV,NHS NORTH WEST LONDON INTEGRATED CARE BOARD,4259764.0,303894828.8,34273463.45
202311,QSL,NHS SOMERSET INTEGRATED CARE BOARD,965043.0,67264582.6,8965609.709999999
202311,QT1,NHS NOTTINGHAM AND NOTTINGHAMSHIRE INTEGRATED CARE BOARD,2206093.0,160074346.2,23994124.0
202311,QT6,NHS CORNWALL AND THE ISLES OF SCILLY INTEGRATED CARE BOARD,1182145.0,72477850.4,9332470.18
202311,QU9,"NHS BUCKINGHAMSHIRE, OXFORDSHIRE AND BERKSHIRE WEST INTEGRATED CARE BOARD",2416766.0,172959294.2,23993140.55
202311,QUA,NHS BLACK COUNTRY INTEGRATED CARE BOARD,2272425.0,219885970.0,21242894.19
202311,QUE,NHS CAMBRIDGESHIRE AND PETERBOROUGH INTEGRATED CARE BOARD,1838522.0,117642518.2,30507721.49
202311,QUY,"NHS BRISTOL, NORTH SOMERSET AND SOUTH GLOUCESTERSHIRE INTEGRATED CARE BOARD",1449157.0,111281403.9,13035279.42
202311,QVV,NHS DORSET INTEGRATED CARE BOARD,1362755.0,106102991.3,12563754.5
202311,QWE,NHS SOUTH WEST LONDON INTEGRATED CARE BOARD,2100968.0,136876941.0,16892335.1
202311,QWO,NHS WEST YORKSHIRE INTEGRATED CARE BOARD,6221496.0,474958041.6,51267334.94
202311,QWU,NHS COVENTRY AND WARWICKSHIRE INTEGRATED CARE BOARD,1765951.0,130354521.4,14482112.72
202311,QXU,NHS SURREY HEARTLANDS INTEGRATED CARE BOARD,1223983.0,96052128.0,12517153.42
202311,QYG,NHS CHESHIRE AND MERSEYSIDE INTEGRATED CARE BOARD,5337753.0,521908277.5,48310377.14
202312,QE1,NHS LANCASHIRE AND SOUTH CUMBRIA INTEGRATED CARE BOARD,3562242.0,264761466.7,29561170.0
202312,QF7,NHS SOUTH YORKSHIRE INTEGRATED CARE BOARD,3010460.0,187857095.8,21958544.24
202312,QGH,NHS HEREFORDSHIRE AND WORCESTERSHIRE INTEGRATED CARE BOARD,1371967.0,520822501.0,21069061.66
202312,QH8,NHS MID AND SOUTH ESSEX INTEGRATED CARE BOARD,1907339.0,123915554.9,18179470.44
202312,QHG,"NHS BEDFORDSHIRE, LUTON AND MILTON KEYNES INTEGRATED CARE BOARD",1377068.0,105215311.5,12261842.37
202312,QHL,NHS BIRMINGHAM AND SOLIHULL INTEGRATED CARE BOARD,2150653.0,224887836.5,21066489.06
202312,QHM,NHS NORTH EAST AND NORTH CUMBRIA INTEGRATED CARE BOARD,7192566.0,455606111.0,50522141.34
202312,QJ2,NHS DERBY AND DERBYSHIRE INTEGRATED CARE BOARD,1785057.0,141772440.6,14842048.17
202312,QJG,NHS SUFFOLK AND NORTH EAST ESSEX INTEGRATED CARE BOARD,2056424.0,125442342.0,15937876.35
202312,QJK,NHS DEVON INTEGRATED CARE BOARD,2190192.0,158015661.9,18682381.58
202312,QJM,NHS LINCOLNSHIRE INTEGRATED CARE BOARD,1896456.0,117518813.3,13742606.17
202312,QK1,"NHS LEICESTER, LEICESTERSHIRE AND RUTLAND INTEGRATED CARE BOARD",2042044.0,153158971.8,16968984.61
202312,QKK,NHS SOUTH EAST LONDON INTEGRATED CARE BOARD,2145863.0,169897135.0,19616697.58
202312,QKS,NHS KENT AND MEDWAY INTEGRATED CARE BOARD,2958073.0,458525172.5,31621949.55
202312,QM7,NHS HERTFORDSHIRE AND WEST ESSEX INTEGRATED CARE BOARD,2405833.0,158546611.8,20670128.1
202312,QMF,NHS NORTH EAST LONDON INTEGRATED CARE BOARD,3010845.0,251783070.3,24623150.04
202312,QMJ,NHS NORTH CENTRAL LONDON INTEGRATED CARE BOARD,1886558.0,161290319.3,16630703.7
202312,QMM,NHS NORFOLK AND WAVENEY INTEGRATED CARE BOARD,2153399.0,138829979.20000002,16668004.52
202312,QNC,NHS STAFFORDSHIRE AND STOKE-ON-TRENT INTEGRATED CARE BOARD,2321132.0,192478622.1,20417675.93
202312,QNQ,NHS FRIMLEY INTEGRATED CARE BOARD,994816.0,75614715.1,9521868.34
202312,QNX,NHS SUSSEX INTEGRATED CARE BOARD,2849276.0,193981823.5,29106283.23
202312,QOC,"NHS SHROPSHIRE, TELFORD AND WREKIN INTEGRATED CARE BOARD",837587.0,63169612.5,7771440.880000001
202312,QOP,NHS GREATER MANCHESTER INTEGRATED CARE BOARD,5674012.0,479409040.6,51545411.96
202312,QOQ,NHS HUMBER AND NORTH YORKSHIRE INTEGRATED CARE BOARD,3516810.0,242680512.8,27381668.28
202312,QOX,"NHS BATH AND NORTH EAST SOMERSET, SWINDON AND WILTSHIRE INTEGRATED CARE BOARD",1526279.0,104261301.9,12079086.18
202312,QPM,NHS NORTHAMPTONSHIRE INTEGRATED CARE BOARD,1421291.0,82426961.1,10380001.33
202312,QR1,NHS GLOUCESTERSHIRE INTEGRATED CARE BOARD,1129519.0,61380423.0,10403910.92
202312,QRL,NHS HAMPSHIRE AND ISLE OF WIGHT INTEGRATED CARE BOARD,2783874.0,220402905.1,26736480.970000003
202312,QRV,NHS NORTH WEST LONDON INTEGRATED CARE BOARD,4192216.0,299269648.7,34089657.29
202312,QSL,NHS SOMERSET INTEGRATED CARE BOARD,938231.0,65204740.7,8565353.77
202312,QT1,NHS NOTTINGHAM AND NOTTINGHAMSHIRE INTEGRATED CARE BOARD,2171639.0,158550584.2,23052059.31
202312,QT6,NHS CORNWALL AND THE ISLES OF SCILLY INTEGRATED CARE BOARD,1172995.0,71533203.0,9228702.58
202312,QU9,"NHS BUCKINGHAMSHIRE, OXFORDSHIRE AND BERKSHIRE WEST INTEGRATED CARE BOARD",2413537.0,176015104.10000002,23907640.99
202312,QUA,NHS BLACK COUNTRY INTEGRATED CARE BOARD,2194175.0,210049934.2,20666443.02
202312,QUE,NHS CAMBRIDGESHIRE AND PETERBOROUGH INTEGRATED CARE BOARD,1891256.0,121593620.9,37098351.7
202312,QUY,"NHS BRISTOL, NORTH SOMERSET AND SOUTH GLOUCESTERSHIRE INTEGRATED CARE BOARD",1409667.0,110000105.9,12714722.28
202312,QVV,NHS DORSET INTEGRATED CARE BOARD,1332528.0,101552451.0,12233676.49
202312,QWE,NHS SOUTH WEST LONDON INTEGRATED CARE BOARD,2060269.0,133719827.5,16610606.93
202312,QWO,NHS WEST YORKSHIRE INTEGRATED CARE BOARD,6025224.0,457991864.6,49820802.48
202312,QWU,NHS COVENTRY AND WARWICKSHIRE INTEGRATED CARE BOARD,1747694.0,129703847.3,14542946.27
202312,QXU,NHS SURREY HEARTLANDS INTEGRATED CARE BOARD,1205868.0,94956801.6,12385262.5
202312,QYG,NHS CHESHIRE AND MERSEYSIDE INTEGRATED CARE BOARD,5350386.0,522535208.5,47806389.12
202401,QE1,NHS LANCASHIRE AND SOUTH CUMBRIA INTEGRATED CARE BOARD,3656643.0,275201793.5,30013275.61
202401,QF7,NHS SOUTH YORKSHIRE INTEGRATED CARE BOARD,3169642.0,199223605.1,22634942.87
202401,QGH,NHS HEREFORDSHIRE AND WORCESTERSHIRE INTEGRATED CARE BOARD,1406894.0,557620635.4,21654395.54
202401,QH8,NHS MID AND SOUTH ESSEX INTEGRATED CARE BOARD,1977230.0,130737876.8,18901860.380000003
202401,QHG,"NHS BEDFORDSHIRE, LUTON AND MILTON KEYNES INTEGRATED CARE BOARD",1429135.0,109976424.8,12573686.07
202401,QHL,NHS BIRMINGHAM AND SOLIHULL INTEGRATED CARE BOARD,2219211.0,235063118.0,21351795.18
202401,QHM,NHS NORTH EAST AND NORTH CUMBRIA INTEGRATED CARE BOARD,7402710.0,470356266.6,50895966.25
202401,QJ2,NHS DERBY AND DERBYSHIRE INTEGRATED CARE BOARD,1849300.0,148637247.5,15130681.1
202401,QJG,NHS SUFFOLK AND NORTH EAST ESSEX INTEGRATED CARE BOARD,2089977.0,127980539.0,15853808.28
202401,QJK,NHS DEVON INTEGRATED CARE BOARD,2234475.0,163025822.6,18751177.92
202401,QJM,NHS LINCOLNSHIRE INTEGRATED CARE BOARD,1934933.0,121920095.4,13934772.94
202401,QK1,"NHS LEICESTER, LEICESTERSHIRE AND RUTLAND INTEGRATED CARE BOARD",2071219.0,158657665.3,16984351.16
202401,QKK,NHS SOUTH EAST LONDON INTEGRATED CARE BOARD,2228410.0,179367138.79999998,20147573.43
202401,QKS,NHS KENT AND MEDWAY INTEGRATED CARE BOARD,3000290.0,488127275.5,31899846.28
202401,QM7,NHS HERTFORDSHIRE AND WEST ESSEX INTEGRATED CARE BOARD,2479872.0,163233805.3,21132694.99
202401,QMF,NHS NORTH EAST LONDON INTEGRATED CARE BOARD,3161256.0,265128167.8,25382566.03
202401,QMJ,NHS NORTH CENTRAL LONDON INTEGRATED CARE BOARD,1998542.0,170731867.9,17205203.73
202401,QMM,NHS NORFOLK AND WAVENEY INTEGRATED CARE BOARD,2164690.0,140495565.9,16426545.670000002
202401,QNC,NHS STAFFORDSHIRE AND STOKE-ON-TRENT INTEGRATED CARE BOARD,2406298.0,201458588.8,20852964.06
202401,QNQ,NHS FRIMLEY INTEGRATED CARE BOARD,997781.0,76756052.8,9344654.01
202401,QNX,NHS SUSSEX INTEGRATED CARE BOARD,2919688.0,201611546.1,29589273.46
202401,QOC,"NHS SHROPSHIRE, TELFORD AND WREKIN INTEGRATED CARE BOARD",845286.0,65827533.8,7664051.51
202401,QOP,NHS GREATER MANCHESTER INTEGRATED CARE BOARD,5941282.0,513447606.1,54189458.54
202401,QOQ,NHS HUMBER AND NORTH YORKSHIRE INTEGRATED CARE BOARD,3565465.0,247654756.1,27503459.64
202401,QOX,"NHS BATH AND NORTH EAST SOMERSET, SWINDON AND WILTSHIRE INTEGRATED CARE BOARD",1549035.0,106308053.3,11964028.67
202401,QPM,NHS NORTHAMPTONSHIRE INTEGRATED CARE BOARD,1453027.0,84601407.0,10653660.02
202401,QR1,NHS GLOUCESTERSHIRE INTEGRATED CARE BOARD,1191302.0,64739160.6,10863705.27
202401,QRL,NHS HAMPSHIRE AND ISLE OF WIGHT INTEGRATED CARE BOARD,2849504.0,231130349.4,27034592.67
202401,QRV,NHS NORTH WEST LONDON INTEGRATED CARE BOARD,4423279.0,315538780.92,35161748.22
202401,QSL,NHS SOMERSET INTEGRATED CARE BOARD,950702.0,65662354.9,8548173.34
202401,QT1,NHS NOTTINGHAM AND NOTTINGHAMSHIRE INTEGRATED CARE BOARD,2250520.0,165356524.5,24171300.03
202401,QT6,NHS CORNWALL AND THE ISLES OF SCILLY INTEGRATED CARE BOARD,1189687.0,74387591.3,9289078.49
202401,QU9,"NHS BUCKINGHAMSHIRE, OXFORDSHIRE AND BERKSHIRE WEST INTEGRATED CARE BOARD",2424868.0,177751140.3,23702409.590000004
202401,QUA,NHS BLACK COUNTRY INTEGRATED CARE BOARD,2300743.0,223251752.5,21281709.3
202401,QUE,NHS CAMBRIDGESHIRE AND PETERBOROUGH INTEGRATED CARE BOARD,1861465.0,119421507.8,29976262.85
202401,QUY,"NHS BRISTOL, NORTH SOMERSET AND SOUTH GLOUCESTERSHIRE INTEGRATED CARE BOARD",1416427.0,112894933.6,12386609.73
202401,QVV,NHS DORSET INTEGRATED CARE BOARD,1390433.0,107290708.3,12542808.1
202401,QWE,NHS SOUTH WEST LONDON INTEGRATED CARE BOARD,2114607.0,140279352.0,16854622.490000002
202401,QWO,NHS WEST YORKSHIRE INTEGRATED CARE BOARD,6521152.0,498001346.2,52878151.53
202401,QWU,NHS COVENTRY AND WARWICKSHIRE INTEGRATED CARE BOARD,1752917.0,132821926.6,14166955.69
202401,QXU,NHS SURREY HEARTLANDS INTEGRATED CARE BOARD,1224190.0,96961820.6,12311052.63
202401,QYG,NHS CHESHIRE AND MERSEYSIDE INTEGRATED CARE BOARD,5412818.0,536456920.8,48103410.05
202402,QE1,NHS LANCASHIRE AND SOUTH CUMBRIA INTEGRATED CARE BOARD,3464792.0,260062016.7,28326075.15
202402,QF7,NHS SOUTH YORKSHIRE INTEGRATED CARE BOARD,2950459.0,185308932.9,21123921.04
202402,QGH,NHS HEREFORDSHIRE AND WORCESTERSHIRE INTEGRATED CARE BOARD,1318675.0,539927652.0,21571036.1
202402,QH8,NHS MID AND SOUTH ESSEX INTEGRATED CARE BOARD,1836581.0,122985094.02,17669836.77
202402,QHG,"NHS BEDFORDSHIRE, LUTON AND MILTON KEYNES INTEGRATED CARE BOARD",1345857.0,103432446.3,11826673.59
202402,QHL,NHS BIRMINGHAM AND SOLIHULL INTEGRATED CARE BOARD,2086210.0,224241199.9,20251227.28
202402,QHM,NHS NORTH EAST AND NORTH CUMBRIA INTEGRATED CARE BOARD,7039861.0,444790496.9,48488544.98
202402,QJ2,NHS DERBY AND DERBYSHIRE INTEGRATED CARE BOARD,1728875.0,137862542.3,14217332.91
202402,QJG,NHS SUFFOLK AND NORTH EAST ESSEX INTEGRATED CARE BOARD,1930221.0,118618226.9,14671458.48
202402,QJK,NHS DEVON INTEGRATED CARE BOARD,2106962.0,154115764.2,17641763.97
202402,QJM,NHS LINCOLNSHIRE INTEGRATED CARE BOARD,1811714.0,114992875.7,13019412.73
202402,QK1,"NHS LEICESTER, LEICESTERSHIRE AND RUTLAND INTEGRATED CARE BOARD",1950401.0,149499415.2,16114279.01
202402,QKK,NHS SOUTH EAST LONDON INTEGRATED CARE BOARD,2081091.0,166575105.6,18751375.15
202402,QKS,NHS KENT AND MEDWAY INTEGRATED CARE BOARD,2800762.0,457167942.5,29901117.41
202402,QM7,NHS HERTFORDSHIRE AND WEST ESSEX INTEGRATED CARE BOARD,2324397.0,154447967.3,19950545.64
202402,QMF,NHS NORTH EAST LONDON INTEGRATED CARE BOARD,2959084.0,247272290.6,23571570.62
202402,QMJ,NHS NORTH CENTRAL LONDON INTEGRATED CARE BOARD,1887173.0,159080841.39999998,16243349.03
202402,QMM,NHS NORFOLK AND WAVENEY INTEGRATED CARE BOARD,2044145.0,132232825.7,15687471.93
202402,QNC,NHS STAFFORDSHIRE AND STOKE-ON-TRENT INTEGRATED CARE BOARD,2229385.0,187390048.9,19487328.16
202402,QNQ,NHS FRIMLEY INTEGRATED CARE BOARD,927646.0,72147771.9,8643027.83
202402,QNX,NHS SUSSEX INTEGRATED CARE BOARD,2749195.0,188691617.6,27882944.98
202402,QOC,"NHS SHROPSHIRE, TELFORD AND WREKIN INTEGRATED CARE BOARD",820824.0,62962862.1,7570112.65
202402,QOP,NHS GREATER MANCHESTER INTEGRATED CARE BOARD,5539349.0,478192620.5,50134164.43
202402,QOQ,NHS HUMBER AND NORTH YORKSHIRE INTEGRATED CARE BOARD,3352392.0,232433318.0,25894681.270000003
202402,QOX,"NHS BATH AND NORTH EAST SOMERSET, SWINDON AND WILTSHIRE INTEGRATED CARE BOARD",1465891.0,100708746.6,11342050.79
202402,QPM,NHS NORTHAMPTONSHIRE INTEGRATED CARE BOARD,1376588.0,80857171.3,10049727.45
202402,QR1,NHS GLOUCESTERSHIRE INTEGRATED CARE BOARD,1123491.0,61068025.2,10237064.1
202402,QRL,NHS HAMPSHIRE AND ISLE OF WIGHT INTEGRATED CARE BOARD,2672196.0,210201712.8,25377894.43
202402,QRV,NHS NORTH WEST LONDON INTEGRATED CARE BOARD,4121025.0,292085619.3,32517635.84
202402,QSL,NHS SOMERSET INTEGRATED CARE BOARD,896787.0,61540801.3,8127680.47
202402,QT1,NHS NOTTINGHAM AND NOTTINGHAMSHIRE INTEGRATED CARE BOARD,2105065.0,154476185.4,22490621.07
202402,QT6,NHS CORNWALL AND THE ISLES OF SCILLY INTEGRATED CARE BOARD,1082963.0,67357460.10000001,8388841.04
202402,QU9,"NHS BUCKINGHAMSHIRE, OXFORDSHIRE AND BERKSHIRE WEST INTEGRATED CARE BOARD",2274724.0,166647973.1,22283111.17
202402,QUA,NHS BLACK COUNTRY INTEGRATED CARE BOARD,2194043.0,213153627.6,20398674.31
202402,QUE,NHS CAMBRIDGESHIRE AND PETERBOROUGH INTEGRATED CARE BOARD,1761762.0,112527855.0,29076844.55
202402,QUY,"NHS BRISTOL, NORTH SOMERSET AND SOUTH GLOUCESTERSHIRE INTEGRATED CARE BOARD",1338698.0,107817808.7,11900192.66
202402,QVV,NHS DORSET INTEGRATED CARE BOARD,1272744.0,98532453.3,11554548.9
202402,QWE,NHS SOUTH WEST LONDON INTEGRATED CARE BOARD,2006705.0,134361085.0,16012317.25
202402,QWO,NHS WEST YORKSHIRE INTEGRATED CARE BOARD,6042205.0,469728883.6,48945814.73
202402,QWU,NHS COVENTRY AND WARWICKSHIRE INTEGRATED CARE BOARD,1673373.0,126099267.2,13575239.5
202402,QXU,NHS SURREY HEARTLANDS INTEGRATED CARE BOARD,1156219.0,90829777.2,11691140.08
202402,QYG,NHS CHESHIRE AND MERSEYSIDE INTEGRATED CARE BOARD,5148769.0,509190319.3,45918058.21
202403,QE1,NHS LANCASHIRE AND SOUTH CUMBRIA INTEGRATED CARE BOARD,3518403.0,265595019.8,28690647.13
202403,QF7,NHS SOUTH YORKSHIRE INTEGRATED CARE BOARD,3008377.0,188158266.9,21524570.49
202403,QGH,NHS HEREFORDSHIRE AND WORCESTERSHIRE INTEGRATED CARE BOARD,1321272.0,495973781.0,20565564.97
202403,QH8,NHS MID AND SOUTH ESSEX INTEGRATED CARE BOARD,1864553.0,123500137.6,17741812.33
202403,QHG,"NHS BEDFORDSHIRE, LUTON AND MILTON KEYNES INTEGRATED CARE BOARD",1349364.0,103357848.7,11871315.69
202403,QHL,NHS BIRMINGHAM AND SOLIHULL INTEGRATED CARE BOARD,2130491.0,228452750.1,20525504.34
202403,QHM,NHS NORTH EAST AND NORTH CUMBRIA INTEGRATED CARE BOARD,7122230.0,448794265.3,49160611.16
202403,QJ2,NHS DERBY AND DERBYSHIRE INTEGRATED CARE BOARD,1741247.0,139124588.5,14323499.44
202403,QJG,NHS SUFFOLK AND NORTH EAST ESSEX INTEGRATED CARE BOARD,2026254.0,123742870.7,15407128.81
202403,QJK,NHS DEVON INTEGRATED CARE BOARD,2165291.0,158078985.84,18108905.36
202403,QJM,NHS LINCOLNSHIRE INTEGRATED CARE BOARD,1847413.0,115969135.4,13206393.14
202403,QK1,"NHS LEICESTER, LEICESTERSHIRE AND RUTLAND INTEGRATED CARE BOARD",1986035.0,151335430.1,16419540.66
202403,QKK,NHS SOUTH EAST LONDON INTEGRATED CARE BOARD,2100545.0,167071429.2,18896373.81
202403,QKS,NHS KENT AND MEDWAY INTEGRATED CARE BOARD,2861030.0,460355072.8,30490825.2
202403,QM7,NHS HERTFORDSHIRE AND WEST ESSEX INTEGRATED CARE BOARD,2387404.0,156819691.8,20556619.9
202403,QMF,NHS NORTH EAST LONDON INTEGRATED CARE BOARD,3005720.0,251276458.8,24102783.32
202403,QMJ,NHS NORTH CENTRAL LONDON INTEGRATED CARE BOARD,1916389.0,161489573.3,16620487.52
202403,QMM,NHS NORFOLK AND WAVENEY INTEGRATED CARE BOARD,2095965.0,136542787.7,15963379.78
202403,QNC,NHS STAFFORDSHIRE AND STOKE-ON-TRENT INTEGRATED CARE BOARD,2280081.0,191225040.5,19679044.13
202403,QNQ,NHS FRIMLEY INTEGRATED CARE BOARD,962297.0,73584219.0,9055014.55
202403,QNX,NHS SUSSEX INTEGRATED CARE BOARD,2778209.0,189404095.7,28251380.62
202403,QOC,"NHS SHROPSHIRE, TELFORD AND WREKIN INTEGRATED CARE BOARD",813556.0,63043342.1,7384694.83
202403,QOP,NHS GREATER MANCHESTER INTEGRATED CARE BOARD,5621438.0,480711940.8,50310697.49
202403,QOQ,NHS HUMBER AND NORTH YORKSHIRE INTEGRATED CARE BOARD,3448431.0,237730304.4,26519470.57
202403,QOX,"NHS BATH AND NORTH EAST SOMERSET, SWINDON AND WILTSHIRE INTEGRATED CARE BOARD",1485996.0,101657596.3,11436191.38
202403,QPM,NHS NORTHAMPTONSHIRE INTEGRATED CARE BOARD,1386440.0,81160563.4,10169827.31
202403,QR1,NHS GLOUCESTERSHIRE INTEGRATED CARE BOARD,1118963.0,61274451.1,10211896.92
202403,QRL,NHS HAMPSHIRE AND ISLE OF WIGHT INTEGRATED CARE BOARD,2746975.0,216867328.9,26129814.45
202403,QRV,NHS NORTH WEST LONDON INTEGRATED CARE BOARD,4164484.0,300524101.3,33276921.03
202403,QSL,NHS SOMERSET INTEGRATED CARE BOARD,904415.0,62780750.2,8208724.48
202403,QT1,NHS NOTTINGHAM AND NOTTINGHAMSHIRE INTEGRATED CARE BOARD,2151998.0,157123382.8,22894542.14
202403,QT6,NHS CORNWALL AND THE ISLES OF SCILLY INTEGRATED CARE BOARD,1150488.0,71370048.3,8856118.25
202403,QU9,"NHS BUCKINGHAMSHIRE, OXFORDSHIRE AND BERKSHIRE WEST INTEGRATED CARE BOARD",2329799.0,171174073.2,22610792.5
202403,QUA,NHS BLACK COUNTRY INTEGRATED CARE BOARD,2179170.0,211846039.9,20264208.52
202403,QUE,NHS CAMBRIDGESHIRE AND PETERBOROUGH INTEGRATED CARE BOARD,1810895.0,116067765.0,30619038.67
202403,QUY,"NHS BRISTOL, NORTH SOMERSET AND SOUTH GLOUCESTERSHIRE INTEGRATED CARE BOARD",1366579.0,108065531.5,12132858.38
202403,QVV,NHS DORSET INTEGRATED CARE BOARD,1303477.0,101505074.7,11781989.95
202403,QWE,NHS SOUTH WEST LONDON INTEGRATED CARE BOARD,2037754.0,133545662.5,16075555.25
202403,QWO,NHS WEST YORKSHIRE INTEGRATED CARE BOARD,6118214.0,485610088.2000001,49515702.65
202403,QWU,NHS COVENTRY AND WARWICKSHIRE INTEGRATED CARE BOARD,1712523.0,131134307.6,14013295.49
202403,QXU,NHS SURREY HEARTLANDS INTEGRATED CARE BOARD,1189343.0,93759656.1,12117388.78
202403,QYG,NHS CHESHIRE AND MERSEYSIDE INTEGRATED CARE BOARD,5205133.0,513443577.1,46550824.62
202404,QE1,NHS LANCASHIRE AND SOUTH CUMBRIA INTEGRATED CARE BOARD,3635806.0,276218111.7,29769563.89
202404,QF7,NHS SOUTH YORKSHIRE INTEGRATED CARE BOARD,3114923.0,195241832.7,22158725.48
202404,QGH,NHS HEREFORDSHIRE AND WORCESTERSHIRE INTEGRATED CARE BOARD,1383275.0,497383497.2,21105121.86
202404,QH8,NHS MID AND SOUTH ESSEX INTEGRATED CARE BOARD,1929709.0,128633806.4,18387119.49
202404,QHG,"NHS BEDFORDSHIRE, LUTON AND MILTON KEYNES INTEGRATED CARE BOARD",1409574.0,108508776.3,12321187.94
202404,QHL,NHS BIRMINGHAM AND SOLIHULL INTEGRATED CARE BOARD,2203501.0,236041951.2,21222364.76
202404,QHM,NHS NORTH EAST AND NORTH CUMBRIA INTEGRATED CARE BOARD,7385165.0,467397080.3,50482633.81999999
202404,QJ2,NHS DERBY AND DERBYSHIRE INTEGRATED CARE BOARD,1820025.0,146307240.5,14941890.43
202404,QJG,NHS SUFFOLK AND NORTH EAST ESSEX INTEGRATED CARE BOARD,2077016.0,128418688.5,15779304.02
202404,QJK,NHS DEVON INTEGRATED CARE BOARD,2209385.0,161998469.10000002,18461689.86
202404,QJM,NHS LINCOLNSHIRE INTEGRATED CARE BOARD,1963214.0,121802515.0,13962444.72
202404,QK1,"NHS LEICESTER, LEICESTERSHIRE AND RUTLAND INTEGRATED CARE BOARD",2060657.0,158927033.7,17046216.69
202404,QKK,NHS SOUTH EAST LONDON INTEGRATED CARE BOARD,2203203.0,178284732.5,19798499.56
202404,QKS,NHS KENT AND MEDWAY INTEGRATED CARE BOARD,2946031.0,474003899.0,31142312.52
202404,QM7,NHS HERTFORDSHIRE AND WEST ESSEX INTEGRATED CARE BOARD,2433252.0,160850350.4,20625595.99
202404,QMF,NHS NORTH EAST LONDON INTEGRATED CARE BOARD,3126201.0,262864393.4,24738064.0
202404,QMJ,NHS NORTH CENTRAL LONDON INTEGRATED CARE BOARD,1991818.0,165513003.8,16814257.45
202404,QMM,NHS NORFOLK AND WAVENEY INTEGRATED CARE BOARD,2166106.0,141227828.10000002,16531941.63
202404,QNC,NHS STAFFORDSHIRE AND STOKE-ON-TRENT INTEGRATED CARE BOARD,2389503.0,201564086.2,20654485.16
202404,QNQ,NHS FRIMLEY INTEGRATED CARE BOARD,1009364.0,77989947.0,9468141.81
202404,QNX,NHS SUSSEX INTEGRATED CARE BOARD,2901655.0,199302398.6,29437920.79
202404,QOC,"NHS SHROPSHIRE, TELFORD AND WREKIN INTEGRATED CARE BOARD",854160.0,66136503.2,7725427.76
202404,QOP,NHS GREATER MANCHESTER INTEGRATED CARE BOARD,5776907.0,502188970.9,51907196.31
202404,QOQ,NHS HUMBER AND NORTH YORKSHIRE INTEGRATED CARE BOARD,3614230.0,249450093.2,27799575.340000004
202404,QOX,"NHS BATH AND NORTH EAST SOMERSET, SWINDON AND WILTSHIRE INTEGRATED CARE BOARD",1538700.0,106049423.8,11897057.93
202404,QPM,NHS NORTHAMPTONSHIRE INTEGRATED CARE BOARD,1448645.0,85024313.6,10530155.77
202404,QR1,NHS GLOUCESTERSHIRE INTEGRATED CARE BOARD,1185335.0,64093855.8,10737467.04
202404,QRL,NHS HAMPSHIRE AND ISLE OF WIGHT INTEGRATED CARE BOARD,2801131.0,222707292.2,26630319.67
202404,QRV,NHS NORTH WEST LONDON INTEGRATED CARE BOARD,3873318.0,277942739.9,30431794.77
202404,QSL,NHS SOMERSET INTEGRATED CARE BOARD,938000.0,65342421.5,8409856.05
202404,QT1,NHS NOTTINGHAM AND NOTTINGHAMSHIRE INTEGRATED CARE BOARD,2227261.0,164186384.9,24657903.38
202404,QT6,NHS CORNWALL AND THE ISLES OF SCILLY INTEGRATED CARE BOARD,1161830.0,73155513.2,9061164.48
202404,QU9,"NHS BUCKINGHAMSHIRE, OXFORDSHIRE AND BERKSHIRE WEST INTEGRATED CARE BOARD",2404722.0,177577453.4,23468030.36
202404,QUA,NHS BLACK COUNTRY INTEGRATED CARE BOARD,2266054.0,221450405.6,20974759.36
202404,QUE,NHS CAMBRIDGESHIRE AND PETERBOROUGH INTEGRATED CARE BOARD,1877690.0,118655056.0,31566152.380000003
202404,QUY,"NHS BRISTOL, NORTH SOMERSET AND SOUTH GLOUCESTERSHIRE INTEGRATED CARE BOARD",1410676.0,112259341.5,12461395.73
202404,QVV,NHS DORSET INTEGRATED CARE BOARD,1313300.0,102531293.7,11862430.25
202404,QWE,NHS SOUTH WEST LONDON INTEGRATED CARE BOARD,2102471.0,139450412.4,16592500.01
202404,QWO,NHS WEST YORKSHIRE INTEGRATED CARE BOARD,6557929.0,503828200.4,52603281.870000005
202404,QWU,NHS COVENTRY AND WARWICKSHIRE INTEGRATED CARE BOARD,1787071.0,137738514.4,14461500.33
202404,QXU,NHS SURREY HEARTLANDS INTEGRATED CARE BOARD,1224858.0,97484900.2,12364997.99
202404,QYG,NHS CHESHIRE AND MERSEYSIDE INTEGRATED CARE BOARD,5418788.0,531524753.5,48057256.91
202405,QE1,NHS LANCASHIRE AND SOUTH CUMBRIA INTEGRATED CARE BOARD,3717340.0,280109550.3,30292342.36
202405,QF7,NHS SOUTH YORKSHIRE INTEGRATED CARE BOARD,3192729.0,200685877.7,22650938.45
202405,QGH,NHS HEREFORDSHIRE AND WORCESTERSHIRE INTEGRATED CARE BOARD,1415911.0,577494517.9,23224612.71
202405,QH8,NHS MID AND SOUTH ESSEX INTEGRATED CARE BOARD,1983249.0,131549401.1,18997899.68
202405,QHG,"NHS BEDFORDSHIRE, LUTON AND MILTON KEYNES INTEGRATED CARE BOARD",1433625.0,109894907.5,12523348.05
202405,QHL,NHS BIRMINGHAM AND SOLIHULL INTEGRATED CARE BOARD,2219262.0,239486355.3,21420977.51
202405,QHM,NHS NORTH EAST AND NORTH CUMBRIA INTEGRATED CARE BOARD,7426058.0,468906470.8,51088395.19
202405,QJ2,NHS DERBY AND DERBYSHIRE INTEGRATED CARE BOARD,1849434.0,149851687.6,15303117.87
202405,QJG,NHS SUFFOLK AND NORTH EAST ESSEX INTEGRATED CARE BOARD,2078855.0,126369514.6,15622873.6
202405,QJK,NHS DEVON INTEGRATED CARE BOARD,2223386.0,164111578.9,18537455.18
202405,QJM,NHS LINCOLNSHIRE INTEGRATED CARE BOARD,1943529.0,121665498.1,13958057.01
202405,QK1,"NHS LEICESTER, LEICESTERSHIRE AND RUTLAND INTEGRATED CARE BOARD",2129700.0,163773256.89999998,17611341.14
202405,QKK,NHS SOUTH EAST LONDON INTEGRATED CARE BOARD,2215429.0,177675721.2,20102194.29
202405,QKS,NHS KENT AND MEDWAY INTEGRATED CARE BOARD,2977662.0,488740316.6,32112944.69
202405,QM7,NHS HERTFORDSHIRE AND WEST ESSEX INTEGRATED CARE BOARD,2460888.0,162411156.3,20870449.26
202405,QMF,NHS NORTH EAST LONDON INTEGRATED CARE BOARD,3174510.0,266588607.1,25206109.44
202405,QMJ,NHS NORTH CENTRAL LONDON INTEGRATED CARE BOARD,2044985.0,170751861.7,17384781.97
202405,QMM,NHS NORFOLK AND WAVENEY INTEGRATED CARE BOARD,2191073.0,141335053.0,16667437.93
202405,QNC,NHS STAFFORDSHIRE AND STOKE-ON-TRENT INTEGRATED CARE BOARD,2416759.0,203643792.8,20909819.8
202405,QNQ,NHS FRIMLEY INTEGRATED CARE BOARD,1006964.0,77480800.6,9428896.11
202405,QNX,NHS SUSSEX INTEGRATED CARE BOARD,2908117.0,200073838.8,29702832.95
202405,QOC,"NHS SHROPSHIRE, TELFORD AND WREKIN INTEGRATED CARE BOARD",851203.0,65714464.5,7783163.86
202405,QOP,NHS GREATER MANCHESTER INTEGRATED CARE BOARD,5945171.0,515910730.3,53745225.78
202405,QOQ,NHS HUMBER AND NORTH YORKSHIRE INTEGRATED CARE BOARD,3604718.0,249175057.8,27738018.99
202405,QOX,"NHS BATH AND NORTH EAST SOMERSET, SWINDON AND WILTSHIRE INTEGRATED CARE BOARD",1549282.0,105747813.5,11999648.8
202405,QPM,NHS NORTHAMPTONSHIRE INTEGRATED CARE BOARD,1459971.0,86206347.2,10600933.92
202405,QR1,NHS GLOUCESTERSHIRE INTEGRATED CARE BOARD,1184542.0,64266928.2,10746490.41
202405,QRL,NHS HAMPSHIRE AND ISLE OF WIGHT INTEGRATED CARE BOARD,2852575.0,227335350.0,27199404.51
202405,QRV,NHS NORTH WEST LONDON INTEGRATED CARE BOARD,4587258.0,331303870.3,37095458.37
202405,QSL,NHS SOMERSET INTEGRATED CARE BOARD,941156.0,65243793.8,8625567.6
202405,QT1,NHS NOTTINGHAM AND NOTTINGHAMSHIRE INTEGRATED CARE BOARD,2246376.0,165283325.39999998,23311069.46
202405,QT6,NHS CORNWALL AND THE ISLES OF SCILLY INTEGRATED CARE BOARD,1177660.0,73553368.9,9156033.22
202405,QU9,"NHS BUCKINGHAMSHIRE, OXFORDSHIRE AND BERKSHIRE WEST INTEGRATED CARE BOARD",2423839.0,179756060.5,23714144.49
202405,QUA,NHS BLACK COUNTRY INTEGRATED CARE BOARD,2311438.0,228887730.0,21626588.54
202405,QUE,NHS CAMBRIDGESHIRE AND PETERBOROUGH INTEGRATED CARE BOARD,1885171.0,120716602.3,31752626.35
202405,QUY,"NHS BRISTOL, NORTH SOMERSET AND SOUTH GLOUCESTERSHIRE INTEGRATED CARE BOARD",1423633.0,114091817.2,12767090.68
202405,QVV,NHS DORSET INTEGRATED CARE BOARD,1376256.0,105767459.3,12371869.53
202405,QWE,NHS SOUTH WEST LONDON INTEGRATED CARE BOARD,2148479.0,142598305.3,16981375.99
202405,QWO,NHS WEST YORKSHIRE INTEGRATED CARE BOARD,6873729.0,525173257.6,55035034.20999999
202405,QWU,NHS COVENTRY AND WARWICKSHIRE INTEGRATED CARE BOARD,1825091.0,138886795.8,14729429.85
202405,QXU,NHS SURREY HEARTLANDS INTEGRATED CARE BOARD,1212084.0,95979519.3,12231407.66
202405,QYG,NHS CHESHIRE AND MERSEYSIDE INTEGRATED CARE BOARD,5500757.0,542641009.0,49063395.22
202406,QE1,NHS LANCASHIRE AND SOUTH CUMBRIA INTEGRATED CARE BOARD,3438010.0,260625176.9,28534925.05
202406,QF7,NHS SOUTH YORKSHIRE INTEGRATED CARE BOARD,2975123.0,185520462.9,21373504.92
202406,QGH,NHS HEREFORDSHIRE AND WORCESTERSHIRE INTEGRATED CARE BOARD,1310514.0,486569102.4,20516184.06
202406,QH8,NHS MID AND SOUTH ESSEX INTEGRATED CARE BOARD,1850706.0,124853036.6,18134245.71
202406,QHG,"NHS BEDFORDSHIRE, LUTON AND MILTON KEYNES INTEGRATED CARE BOARD",1353818.0,105480575.7,12157868.25
202406,QHL,NHS BIRMINGHAM AND SOLIHULL INTEGRATED CARE BOARD,2090874.0,226614013.1,20366191.47
202406,QHM,NHS NORTH EAST AND NORTH CUMBRIA INTEGRATED CARE BOARD,6989484.0,445533577.4,48523510.73
202406,QJ2,NHS DERBY AND DERBYSHIRE INTEGRATED CARE BOARD,1727683.0,140724641.4,14410029.88
202406,QJG,NHS SUFFOLK AND NORTH EAST ESSEX INTEGRATED CARE BOARD,1992980.0,123521299.6,15272323.33
202406,QJK,NHS DEVON INTEGRATED CARE BOARD,2117587.0,157945205.6,17811118.05
202406,QJM,NHS LINCOLNSHIRE INTEGRATED CARE BOARD,1863114.0,117681860.4,13605547.0
202406,QK1,"NHS LEICESTER, LEICESTERSHIRE AND RUTLAND INTEGRATED CARE BOARD",1979648.0,154949845.5,16692797.06
202406,QKK,NHS SOUTH EAST LONDON INTEGRATED CARE BOARD,2118338.0,170745306.8,19259814.85
202406,QKS,NHS KENT AND MEDWAY INTEGRATED CARE BOARD,2819706.0,447747558.4,30497915.41
202406,QM7,NHS HERTFORDSHIRE AND WEST ESSEX INTEGRATED CARE BOARD,2362534.0,156228935.7,20325733.04
202406,QMF,NHS NORTH EAST LONDON INTEGRATED CARE BOARD,3009242.0,254132878.1,24110334.89
202406,QMJ,NHS NORTH CENTRAL LONDON INTEGRATED CARE BOARD,1950735.0,164278328.6,16863663.78
202406,QMM,NHS NORFOLK AND WAVENEY INTEGRATED CARE BOARD,2055285.0,133908109.5,15816361.46
202406,QNC,NHS STAFFORDSHIRE AND STOKE-ON-TRENT INTEGRATED CARE BOARD,2258012.0,192660026.0,19841629.72
202406,QNQ,NHS FRIMLEY INTEGRATED CARE BOARD,957064.0,74446513.5,9200147.63
202406,QNX,NHS SUSSEX INTEGRATED CARE BOARD,2748467.0,190764918.4,28214860.53
202406,QOC,"NHS SHROPSHIRE, TELFORD AND WREKIN INTEGRATED CARE BOARD",799357.0,62256581.8,7427978.82
202406,QOP,NHS GREATER MANCHESTER INTEGRATED CARE BOARD,5520559.0,482506120.4,50239935.73
202406,QOQ,NHS HUMBER AND NORTH YORKSHIRE INTEGRATED CARE BOARD,3397610.0,236536071.4,26595458.07
202406,QOX,"NHS BATH AND NORTH EAST SOMERSET, SWINDON AND WILTSHIRE INTEGRATED CARE BOARD",1479459.0,102073263.5,11612238.27
202406,QPM,NHS NORTHAMPTONSHIRE INTEGRATED CARE BOARD,1352959.0,79921481.9,9991980.67
202406,QR1,NHS GLOUCESTERSHIRE INTEGRATED CARE BOARD,1129891.0,60870529.8,10333302.86
202406,QRL,NHS HAMPSHIRE AND ISLE OF WIGHT INTEGRATED CARE BOARD,2706851.0,217514846.8,26214592.6
202406,QRV,NHS NORTH WEST LONDON INTEGRATED CARE BOARD,3748495.0,274801073.1,30590734.9
202406,QSL,NHS SOMERSET INTEGRATED CARE BOARD,896986.0,62642418.4,8372048.189999999
202406,QT1,NHS NOTTINGHAM AND NOTTINGHAMSHIRE INTEGRATED CARE BOARD,2121051.0,156422343.4,23882252.66
202406,QT6,NHS CORNWALL AND THE ISLES OF SCILLY INTEGRATED CARE BOARD,1136017.0,71606544.2,8928911.84
202406,QU9,"NHS BUCKINGHAMSHIRE, OXFORDSHIRE AND BERKSHIRE WEST INTEGRATED CARE BOARD",2301700.0,170627190.3,22824336.44
202406,QUA,NHS BLACK COUNTRY INTEGRATED CARE BOARD,2150196.0,212988781.9,20301381.79
202406,QUE,NHS CAMBRIDGESHIRE AND PETERBOROUGH INTEGRATED CARE BOARD,1799931.0,114729264.3,31249020.81
202406,QUY,"NHS BRISTOL, NORTH SOMERSET AND SOUTH GLOUCESTERSHIRE INTEGRATED CARE BOARD",1358927.0,109068201.0,12267934.09
202406,QVV,NHS DORSET INTEGRATED CARE BOARD,1279564.0,99695936.6,11690206.44
202406,QWE,NHS SOUTH WEST LONDON INTEGRATED CARE BOARD,2040514.0,136123021.4,16310923.22
202406,QWO,NHS WEST YORKSHIRE INTEGRATED CARE BOARD,6479315.0,491740644.2,52297437.23
202406,QWU,NHS COVENTRY AND WARWICKSHIRE INTEGRATED CARE BOARD,1687951.0,132028910.6,13874335.78
202406,QXU,NHS SURREY HEARTLANDS INTEGRATED CARE BOARD,1169184.0,92013725.5,11961423.01
202406,QYG,NHS CHESHIRE AND MERSEYSIDE INTEGRATED CARE BOARD,5144610.0,508182060.7,46485020.59
202407,QE1,NHS LANCASHIRE AND SOUTH CUMBRIA INTEGRATED CARE BOARD,3724743.0,281835384.9,31609049.14
202407,QF7,NHS SOUTH YORKSHIRE INTEGRATED CARE BOARD,3246588.0,203169388.7,23841139.35
202407,QGH,NHS HEREFORDSHIRE AND WORCESTERSHIRE INTEGRATED CARE BOARD,1417523.0,604934680.5,24299842.38
202407,QH8,NHS MID AND SOUTH ESSEX INTEGRATED CARE BOARD,1997225.0,134619948.9,19883599.6
202407,QHG,"NHS BEDFORDSHIRE, LUTON AND MILTON KEYNES INTEGRATED CARE BOARD",1468144.0,114252506.8,13419293.78
202407,QHL,NHS BIRMINGHAM AND SOLIHULL INTEGRATED CARE BOARD,2294294.0,249168238.9,22842800.84
202407,QHM,NHS NORTH EAST AND NORTH CUMBRIA INTEGRATED CARE BOARD,7616752.0,484582963.6,54003278.28
202407,QJ2,NHS DERBY AND DERBYSHIRE INTEGRATED CARE BOARD,1879323.0,153532248.0,16060299.32
202407,QJG,NHS SUFFOLK AND NORTH EAST ESSEX INTEGRATED CARE BOARD,2125286.0,131375973.4,16736769.59
202407,QJK,NHS DEVON INTEGRATED CARE BOARD,2249719.0,167748759.8,19429347.31
202407,QJM,NHS LINCOLNSHIRE INTEGRATED CARE BOARD,1991233.0,125337818.7,14717625.2
202407,QK1,"NHS LEICESTER, LEICESTERSHIRE AND RUTLAND INTEGRATED CARE BOARD",2144981.0,165195804.8,18302289.78
202407,QKK,NHS SOUTH EAST LONDON INTEGRATED CARE BOARD,2263578.0,183265789.1,21151224.44
202407,QKS,NHS KENT AND MEDWAY INTEGRATED CARE BOARD,3044950.0,502092923.5,33800348.21
202407,QM7,NHS HERTFORDSHIRE AND WEST ESSEX INTEGRATED CARE BOARD,2523698.0,167869270.0,22202177.72
202407,QMF,NHS NORTH EAST LONDON INTEGRATED CARE BOARD,3245633.0,273930791.9,26524912.62
202407,QMJ,NHS NORTH CENTRAL LONDON INTEGRATED CARE BOARD,2125816.0,178668717.5,18754265.02
202407,QMM,NHS NORFOLK AND WAVENEY INTEGRATED CARE BOARD,2228517.0,145121853.5,17537688.52
202407,QNC,NHS STAFFORDSHIRE AND STOKE-ON-TRENT INTEGRATED CARE BOARD,2466196.0,210278579.2,21982305.55
202407,QNQ,NHS FRIMLEY INTEGRATED CARE BOARD,1027687.0,80596958.2,10098930.91
202407,QNX,NHS SUSSEX INTEGRATED CARE BOARD,2965464.0,203912251.2,31452355.57
202407,QOC,"NHS SHROPSHIRE, TELFORD AND WREKIN INTEGRATED CARE BOARD",867183.0,66726531.5,8155383.970000001
202407,QOP,NHS GREATER MANCHESTER INTEGRATED CARE BOARD,6035419.0,524243884.0,55965704.02
202407,QOQ,NHS HUMBER AND NORTH YORKSHIRE INTEGRATED CARE BOARD,3721694.0,258762521.5,29647604.39
202407,QOX,"NHS BATH AND NORTH EAST SOMERSET, SWINDON AND WILTSHIRE INTEGRATED CARE BOARD",1595377.0,109633263.7,12738122.010000002
202407,QPM,NHS NORTHAMPTONSHIRE INTEGRATED CARE BOARD,1504405.0,88320814.5,11333050.94
202407,QR1,NHS GLOUCESTERSHIRE INTEGRATED CARE BOARD,1203414.0,66147430.900000006,11544782.489999998
202407,QRL,NHS HAMPSHIRE AND ISLE OF WIGHT INTEGRATED CARE BOARD,2877458.0,228644843.6,28179140.32
202407,QRV,NHS NORTH WEST LONDON INTEGRATED CARE BOARD,4084638.0,301852607.8,33914117.69
202407,QSL,NHS SOMERSET INTEGRATED CARE BOARD,953080.0,66348685.9,9067806.16
202407,QT1,NHS NOTTINGHAM AND NOTTINGHAMSHIRE INTEGRATED CARE BOARD,2295566.0,170520692.10000002,25602728.68
202407,QT6,NHS CORNWALL AND THE ISLES OF SCILLY INTEGRATED CARE BOARD,1177441.0,74755172.8,9542991.28
202407,QU9,"NHS BUCKINGHAMSHIRE, OXFORDSHIRE AND BERKSHIRE WEST INTEGRATED CARE BOARD",2468755.0,181776511.8,25308939.69
202407,QUA,NHS BLACK COUNTRY INTEGRATED CARE BOARD,2379052.0,236252783.9,22918439.6
202407,QUE,NHS CAMBRIDGESHIRE AND PETERBOROUGH INTEGRATED CARE BOARD,1944842.0,125123676.4,33048854.82
202407,QUY,"NHS BRISTOL, NORTH SOMERSET AND SOUTH GLOUCESTERSHIRE INTEGRATED CARE BOARD",1453644.0,116517554.0,13371579.5
202407,QVV,NHS DORSET INTEGRATED CARE BOARD,1368320.0,106619690.5,12818874.69
202407,QWE,NHS SOUTH WEST LONDON INTEGRATED CARE BOARD,2192735.0,145177677.3,18052499.0
202407,QWO,NHS WEST YORKSHIRE INTEGRATED CARE BOARD,7316704.0,538849454.3,60439115.03
202407,QWU,NHS COVENTRY AND WARWICKSHIRE INTEGRATED CARE BOARD,1877007.0,145113782.5,15654862.27
202407,QXU,NHS SURREY HEARTLANDS INTEGRATED CARE BOARD,1266213.0,99873992.8,13078095.91
202407,QYG,NHS CHESHIRE AND MERSEYSIDE INTEGRATED CARE BOARD,5576485.0,545497080.4,51579996.510000005
202408,QE1,NHS LANCASHIRE AND SOUTH CUMBRIA INTEGRATED CARE BOARD,3616673.0,273953938.7,30615519.24
202408,QF7,NHS SOUTH YORKSHIRE INTEGRATED CARE BOARD,3085120.0,192469859.0,22623112.08
202408,QGH,NHS HEREFORDSHIRE AND WORCESTERSHIRE INTEGRATED CARE BOARD,1380106.0,593289758.5,23839834.34
202408,QH8,NHS MID AND SOUTH ESSEX INTEGRATED CARE BOARD,1904698.0,128906907.9,19020999.15
202408,QHG,"NHS BEDFORDSHIRE, LUTON AND MILTON KEYNES INTEGRATED CARE BOARD",1398232.0,107876688.5,12782500.78
202408,QHL,NHS BIRMINGHAM AND SOLIHULL INTEGRATED CARE BOARD,2157370.0,236565639.1,21695488.46
202408,QHM,NHS NORTH EAST AND NORTH CUMBRIA INTEGRATED CARE BOARD,7327769.0,462917391.7000001,52176354.23
202408,QJ2,NHS DERBY AND DERBYSHIRE INTEGRATED CARE BOARD,1799395.0,146584876.9,15342422.79
202408,QJG,NHS SUFFOLK AND NORTH EAST ESSEX INTEGRATED CARE BOARD,2074248.0,128440567.6,16414850.01
202408,QJK,NHS DEVON INTEGRATED CARE BOARD,2183206.0,159483356.1,18858353.8
202408,QJM,NHS LINCOLNSHIRE INTEGRATED CARE BOARD,1928319.0,120104825.8,14236012.97
202408,QK1,"NHS LEICESTER, LEICESTERSHIRE AND RUTLAND INTEGRATED CARE BOARD",2073847.0,160892730.0,17851844.71
202408,QKK,NHS SOUTH EAST LONDON INTEGRATED CARE BOARD,2145007.0,171398046.3,19802174.25
202408,QKS,NHS KENT AND MEDWAY INTEGRATED CARE BOARD,2917572.0,480144864.7,32501102.52
202408,QM7,NHS HERTFORDSHIRE AND WEST ESSEX INTEGRATED CARE BOARD,2430708.0,159980930.0,21431551.26
202408,QMF,NHS NORTH EAST LONDON INTEGRATED CARE BOARD,3103516.0,260691272.8,25079234.25
202408,QMJ,NHS NORTH CENTRAL LONDON INTEGRATED CARE BOARD,1999063.0,166295155.3,17495685.049999997
202408,QMM,NHS NORFOLK AND WAVENEY INTEGRATED CARE BOARD,2166058.0,141154773.2,17095083.87
202408,QNC,NHS STAFFORDSHIRE AND STOKE-ON-TRENT INTEGRATED CARE BOARD,2344711.0,200288991.9,21452042.89
202408,QNQ,NHS FRIMLEY INTEGRATED CARE BOARD,981657.0,75931039.5,9623556.33
202408,QNX,NHS SUSSEX INTEGRATED CARE BOARD,2847625.0,195401761.8,30227764.28
202408,QOC,"NHS SHROPSHIRE, TELFORD AND WREKIN INTEGRATED CARE BOARD",841103.0,65019201.9,8032104.23
202408,QOP,NHS GREATER MANCHESTER INTEGRATED CARE BOARD,5767819.0,501475327.4,53533221.400000006
202408,QOQ,NHS HUMBER AND NORTH YORKSHIRE INTEGRATED CARE BOARD,3552222.0,245487173.9,28347184.47
202408,QOX,"NHS BATH AND NORTH EAST SOMERSET, SWINDON AND WILTSHIRE INTEGRATED CARE BOARD",1514771.0,104168093.4,12278900.4
202408,QPM,NHS NORTHAMPTONSHIRE INTEGRATED CARE BOARD,1445015.0,84313973.1,10873054.92
202408,QR1,NHS GLOUCESTERSHIRE INTEGRATED CARE BOARD,1168660.0,62900073.7,11019555.46
202408,QRL,NHS HAMPSHIRE AND ISLE OF WIGHT INTEGRATED CARE BOARD,2782028.0,221499612.3,27494156.94
202408,QRV,NHS NORTH WEST LONDON INTEGRATED CARE BOARD,3733675.0,274886744.4,30893385.86
202408,QSL,NHS SOMERSET INTEGRATED CARE BOARD,939674.0,65086427.3,9111513.76
202408,QT1,NHS NOTTINGHAM AND NOTTINGHAMSHIRE INTEGRATED CARE BOARD,2222018.0,164692091.5,24815399.95
202408,QT6,NHS CORNWALL AND THE ISLES OF SCILLY INTEGRATED CARE BOARD,1159499.0,72120859.7,9345711.81
202408,QU9,"NHS BUCKINGHAMSHIRE, OXFORDSHIRE AND BERKSHIRE WEST INTEGRATED CARE BOARD",2370447.0,174106363.8,24415857.66
202408,QUA,NHS BLACK COUNTRY INTEGRATED CARE BOARD,2248977.0,224752593.7,21756778.99
202408,QUE,NHS CAMBRIDGESHIRE AND PETERBOROUGH INTEGRATED CARE BOARD,1869703.0,118675813.2,32273709.49
202408,QUY,"NHS BRISTOL, NORTH SOMERSET AND SOUTH GLOUCESTERSHIRE INTEGRATED CARE BOARD",1385730.0,111308757.1,12830576.08
202408,QVV,NHS DORSET INTEGRATED CARE BOARD,1324520.0,102879515.0,12413040.27
202408,QWE,NHS SOUTH WEST LONDON INTEGRATED CARE BOARD,2084748.0,136931175.5,17050729.78
202408,QWO,NHS WEST YORKSHIRE INTEGRATED CARE BOARD,6959616.0,513431109.3,57317963.98
202408,QWU,NHS COVENTRY AND WARWICKSHIRE INTEGRATED CARE BOARD,1768390.0,139434793.5,14953449.19
202408,QXU,NHS SURREY HEARTLANDS INTEGRATED CARE BOARD,1185205.0,92622229.9,12327661.4
202408,QYG,NHS CHESHIRE AND MERSEYSIDE INTEGRATED CARE BOARD,5332689.0,524136107.6,49325313.2
202409,QE1,NHS LANCASHIRE AND SOUTH CUMBRIA INTEGRATED CARE BOARD,3531432.0,267297703.3,29489210.15
202409,QF7,NHS SOUTH YORKSHIRE INTEGRATED CARE BOARD,3029275.0,187188384.0,21566539.35
202409,QGH,NHS HEREFORDSHIRE AND WORCESTERSHIRE INTEGRATED CARE BOARD,1322794.0,511438735.9,21307009.63
202409,QH8,NHS MID AND SOUTH ESSEX INTEGRATED CARE BOARD,1886042.0,123775483.4,18295672.27
202409,QHG,"NHS BEDFORDSHIRE, LUTON AND MILTON KEYNES INTEGRATED CARE BOARD",1369769.0,103537420.3,12431659.42
202409,QHL,NHS BIRMINGHAM AND SOLIHULL INTEGRATED CARE BOARD,2118356.0,228889001.2,21104088.43
202409,QHM,NHS NORTH EAST AND NORTH CUMBRIA INTEGRATED CARE BOARD,7181612.0,451877964.4,50006116.16
202409,QJ2,NHS DERBY AND DERBYSHIRE INTEGRATED CARE BOARD,1762348.0,141674697.4,14753741.29
202409,QJG,NHS SUFFOLK AND NORTH EAST ESSEX INTEGRATED CARE BOARD,2013506.0,124049903.3,15674279.49
202409,QJK,NHS DEVON INTEGRATED CARE BOARD,2135928.0,157786625.7,18034901.78
202409,QJM,NHS LINCOLNSHIRE INTEGRATED CARE BOARD,1909127.0,118995248.5,13867144.78
202409,QK1,"NHS LEICESTER, LEICESTERSHIRE AND RUTLAND INTEGRATED CARE BOARD",2032039.0,156871375.3,17261384.89
202409,QKK,NHS SOUTH EAST LONDON INTEGRATED CARE BOARD,2118397.0,168722765.0,19287248.72
202409,QKS,NHS KENT AND MEDWAY INTEGRATED CARE BOARD,2838655.0,459648989.3,30969162.35
202409,QM7,NHS HERTFORDSHIRE AND WEST ESSEX INTEGRATED CARE BOARD,2380035.0,157374308.7,20661410.04
202409,QMF,NHS NORTH EAST LONDON INTEGRATED CARE BOARD,3041712.0,257624758.7,24469185.340000004
202409,QMJ,NHS NORTH CENTRAL LONDON INTEGRATED CARE BOARD,1983990.0,164902986.3,17195360.64
202409,QMM,NHS NORFOLK AND WAVENEY INTEGRATED CARE BOARD,2078711.0,133862354.2,16002567.71
202409,QNC,NHS STAFFORDSHIRE AND STOKE-ON-TRENT INTEGRATED CARE BOARD,2325585.0,197105159.6,20839399.81
202409,QNQ,NHS FRIMLEY INTEGRATED CARE BOARD,969820.0,74969971.7,9441985.88
202409,QNX,NHS SUSSEX INTEGRATED CARE BOARD,2808462.0,191733637.5,29169876.07
202409,QOC,"NHS SHROPSHIRE, TELFORD AND WREKIN INTEGRATED CARE BOARD",808521.0,62214459.6,7536666.95
202409,QOP,NHS GREATER MANCHESTER INTEGRATED CARE BOARD,5648732.0,492495522.4,52008505.16
202409,QOQ,NHS HUMBER AND NORTH YORKSHIRE INTEGRATED CARE BOARD,3465612.0,239345737.4,27125831.31
202409,QOX,"NHS BATH AND NORTH EAST SOMERSET, SWINDON AND WILTSHIRE INTEGRATED CARE BOARD",1493439.0,102634042.9,11847016.67
202409,QPM,NHS NORTHAMPTONSHIRE INTEGRATED CARE BOARD,1390666.0,81521760.0,10430634.01
202409,QR1,NHS GLOUCESTERSHIRE INTEGRATED CARE BOARD,1127590.0,60610311.6,10225661.5
202409,QRL,NHS HAMPSHIRE AND ISLE OF WIGHT INTEGRATED CARE BOARD,2728505.0,214478432.5,26474796.88
202409,QRV,NHS NORTH WEST LONDON INTEGRATED CARE BOARD,3713138.0,272208334.6,30384169.17
202409,QSL,NHS SOMERSET INTEGRATED CARE BOARD,907560.0,62771226.5,8566300.85
202409,QT1,NHS NOTTINGHAM AND NOTTINGHAMSHIRE INTEGRATED CARE BOARD,2149268.0,158674411.8,24016184.91
202409,QT6,NHS CORNWALL AND THE ISLES OF SCILLY INTEGRATED CARE BOARD,1118793.0,70219386.0,8843115.77
202409,QU9,"NHS BUCKINGHAMSHIRE, OXFORDSHIRE AND BERKSHIRE WEST INTEGRATED CARE BOARD",2300643.0,166357491.2,23359618.56
202409,QUA,NHS BLACK COUNTRY INTEGRATED CARE BOARD,2214646.0,221216873.9,20892669.44
202409,QUE,NHS CAMBRIDGESHIRE AND PETERBOROUGH INTEGRATED CARE BOARD,1824170.0,116470479.8,31450048.270000003
202409,QUY,"NHS BRISTOL, NORTH SOMERSET AND SOUTH GLOUCESTERSHIRE INTEGRATED CARE BOARD",1356129.0,107835576.3,12453930.64
202409,QVV,NHS DORSET INTEGRATED CARE BOARD,1282353.0,98937439.6,11796984.72
202409,QWE,NHS SOUTH WEST LONDON INTEGRATED CARE BOARD,2048538.0,133327621.3,16543980.67
202409,QWO,NHS WEST YORKSHIRE INTEGRATED CARE BOARD,6878641.0,502805993.4,55707525.45999999
202409,QWU,NHS COVENTRY AND WARWICKSHIRE INTEGRATED CARE BOARD,1742115.0,137650181.2,14502882.29
202409,QXU,NHS SURREY HEARTLANDS INTEGRATED CARE BOARD,1180522.0,90529464.7,11974055.84
202409,QYG,NHS CHESHIRE AND MERSEYSIDE INTEGRATED CARE BOARD,5217921.0,510066370.0,47973492.94
202410,QE1,NHS LANCASHIRE AND SOUTH CUMBRIA INTEGRATED CARE BOARD,3983906.0,289458879.5,33592918.14
202410,QF7,NHS SOUTH YORKSHIRE INTEGRATED CARE BOARD,3351757.0,200120183.5,24698542.39
202410,QGH,NHS HEREFORDSHIRE AND WORCESTERSHIRE INTEGRATED CARE BOARD,1532843.0,568008261.3,24579478.44
202410,QH8,NHS MID AND SOUTH ESSEX INTEGRATED CARE BOARD,2112289.0,134511381.6,20568014.63
202410,QHG,"NHS BEDFORDSHIRE, LUTON AND MILTON KEYNES INTEGRATED CARE BOARD",1522913.0,109793893.0,13947396.52
202410,QHL,NHS BIRMINGHAM AND SOLIHULL INTEGRATED CARE BOARD,2394129.0,253040378.4,23543800.29
202410,QHM,NHS NORTH EAST AND NORTH CUMBRIA INTEGRATED CARE BOARD,7956182.0,482460931.6,56469303.16
202410,QJ2,NHS DERBY AND DERBYSHIRE INTEGRATED CARE BOARD,2005931.0,151075394.7,17017845.59
202410,QJG,NHS SUFFOLK AND NORTH EAST ESSEX INTEGRATED CARE BOARD,2250143.0,129859302.8,17853824.830000002
202410,QJK,NHS DEVON INTEGRATED CARE BOARD,2436985.0,167385072.0,21034360.01
202410,QJM,NHS LINCOLNSHIRE INTEGRATED CARE BOARD,2094232.0,124065247.8,15677469.63
202410,QK1,"NHS LEICESTER, LEICESTERSHIRE AND RUTLAND INTEGRATED CARE BOARD",2258905.0,167340736.7,19334992.62
202410,QKK,NHS SOUTH EAST LONDON INTEGRATED CARE BOARD,2320825.0,178709801.8,20855712.61
202410,QKS,NHS KENT AND MEDWAY INTEGRATED CARE BOARD,3153659.0,484698723.4,34187434.61
202410,QM7,NHS HERTFORDSHIRE AND WEST ESSEX INTEGRATED CARE BOARD,2664628.0,164957340.10000002,23250061.12
202410,QMF,NHS NORTH EAST LONDON INTEGRATED CARE BOARD,3303259.0,269556951.1,26025620.77
202410,QMJ,NHS NORTH CENTRAL LONDON INTEGRATED CARE BOARD,2176656.0,175311527.7,18541151.35
202410,QMM,NHS NORFOLK AND WAVENEY INTEGRATED CARE BOARD,2362928.0,143169898.9,18819610.08
202410,QNC,NHS STAFFORDSHIRE AND STOKE-ON-TRENT INTEGRATED CARE BOARD,2530795.0,206996482.9,22410735.26
202410,QNQ,NHS FRIMLEY INTEGRATED CARE BOARD,1076727.0,78222790.7,10503285.09
202410,QNX,NHS SUSSEX INTEGRATED CARE BOARD,3134106.0,199727136.6,32480714.08
202410,QOC,"NHS SHROPSHIRE, TELFORD AND WREKIN INTEGRATED CARE BOARD",915238.0,66181754.4,8509107.11
202410,QOP,NHS GREATER MANCHESTER INTEGRATED CARE BOARD,6267602.0,524033964.2,57209802.09
202410,QOQ,NHS HUMBER AND NORTH YORKSHIRE INTEGRATED CARE BOARD,3870493.0,251994614.1,30902593.26
202410,QOX,"NHS BATH AND NORTH EAST SOMERSET, SWINDON AND WILTSHIRE INTEGRATED CARE BOARD",1715554.0,107767821.3,14080512.1
202410,QPM,NHS NORTHAMPTONSHIRE INTEGRATED CARE BOARD,1556053.0,85858206.7,11853095.41
202410,QR1,NHS GLOUCESTERSHIRE INTEGRATED CARE BOARD,1291771.0,64719026.5,12135340.510000002
202410,QRL,NHS HAMPSHIRE AND ISLE OF WIGHT INTEGRATED CARE BOARD,3077769.0,225687503.1,30026411.22
202410,QRV,NHS NORTH WEST LONDON INTEGRATED CARE BOARD,3961459.0,286272968.7,32163355.64
202410,QSL,NHS SOMERSET INTEGRATED CARE BOARD,1031790.0,66628277.3,9938150.26
202410,QT1,NHS NOTTINGHAM AND NOTTINGHAMSHIRE INTEGRATED CARE BOARD,2427525.0,167608570.8,27564293.14
202410,QT6,NHS CORNWALL AND THE ISLES OF SCILLY INTEGRATED CARE BOARD,1278449.0,74578192.8,10328063.15
202410,QU9,"NHS BUCKINGHAMSHIRE, OXFORDSHIRE AND BERKSHIRE WEST INTEGRATED CARE BOARD",2599423.0,176996796.2,26517651.94
202410,QUA,NHS BLACK COUNTRY INTEGRATED CARE BOARD,2424550.0,235837596.1,22625528.12
202410,QUE,NHS CAMBRIDGESHIRE AND PETERBOROUGH INTEGRATED CARE BOARD,2035700.0,122721971.3,34778090.12
202410,QUY,"NHS BRISTOL, NORTH SOMERSET AND SOUTH GLOUCESTERSHIRE INTEGRATED CARE BOARD",1544037.0,116286629.0,14199043.580000002
202410,QVV,NHS DORSET INTEGRATED CARE BOARD,1475952.0,103677263.3,13744051.67
202410,QWE,NHS SOUTH WEST LONDON INTEGRATED CARE BOARD,2250060.0,142820124.3,18163181.19
202410,QWO,NHS WEST YORKSHIRE INTEGRATED CARE BOARD,7717238.0,549432140.9,62510889.58
202410,QWU,NHS COVENTRY AND WARWICKSHIRE INTEGRATED CARE BOARD,1959645.0,147542105.7,16481251.96
202410,QXU,NHS SURREY HEARTLANDS INTEGRATED CARE BOARD,1326510.0,95238143.6,13353627.5
202410,QYG,NHS CHESHIRE AND MERSEYSIDE INTEGRATED CARE BOARD,5784256.0,543490051.8,53226851.46
202411,QE1,NHS LANCASHIRE AND SOUTH CUMBRIA INTEGRATED CARE BOARD,3614318.0,270812352.4,29916847.52
202411,QF7,NHS SOUTH YORKSHIRE INTEGRATED CARE BOARD,3121376.0,189900011.6,22309103.130000003
202411,QGH,NHS HEREFORDSHIRE AND WORCESTERSHIRE INTEGRATED CARE BOARD,1387985.0,515004884.5,21956502.74
202411,QH8,NHS MID AND SOUTH ESSEX INTEGRATED CARE BOARD,1924560.0,126742800.3,18785403.76
202411,QHG,"NHS BEDFORDSHIRE, LUTON AND MILTON KEYNES INTEGRATED CARE BOARD",1406583.0,104868165.7,12579206.59
202411,QHL,NHS BIRMINGHAM AND SOLIHULL INTEGRATED CARE BOARD,2200412.0,238031535.5,21361648.0
202411,QHM,NHS NORTH EAST AND NORTH CUMBRIA INTEGRATED CARE BOARD,7395769.0,458152642.2,51196522.02
202411,QJ2,NHS DERBY AND DERBYSHIRE INTEGRATED CARE BOARD,1824173.0,142479160.2,15055666.34
202411,QJG,NHS SUFFOLK AND NORTH EAST ESSEX INTEGRATED CARE BOARD,2102366.0,126551470.7,16164226.240000002
202411,QJK,NHS DEVON INTEGRATED CARE BOARD,2218034.0,159268797.8,18634442.98
202411,QJM,NHS LINCOLNSHIRE INTEGRATED CARE BOARD,1958280.0,119049900.3,14187331.62
202411,QK1,"NHS LEICESTER, LEICESTERSHIRE AND RUTLAND INTEGRATED CARE BOARD",2116093.0,159883905.0,17844783.9
202411,QKK,NHS SOUTH EAST LONDON INTEGRATED CARE BOARD,2215418.0,173637414.7,19781076.880000003
202411,QKS,NHS KENT AND MEDWAY INTEGRATED CARE BOARD,2963338.0,472510993.3,31946907.85
202411,QM7,NHS HERTFORDSHIRE AND WEST ESSEX INTEGRATED CARE BOARD,2466425.0,159758854.3,21011096.51
202411,QMF,NHS NORTH EAST LONDON INTEGRATED CARE BOARD,3212571.0,267522637.4,25062248.52
202411,QMJ,NHS NORTH CENTRAL LONDON INTEGRATED CARE BOARD,2088592.0,168079389.6,17631979.25
202411,QMM,NHS NORFOLK AND WAVENEY INTEGRATED CARE BOARD,2177447.0,137958097.6,16776311.11
202411,QNC,NHS STAFFORDSHIRE AND STOKE-ON-TRENT INTEGRATED CARE BOARD,2360166.0,196945121.9,20730688.87
202411,QNQ,NHS FRIMLEY INTEGRATED CARE BOARD,1023942.0,76522107.69999999,9817217.22
202411,QNX,NHS SUSSEX INTEGRATED CARE BOARD,2913608.0,192402041.4,29838600.11
202411,QOC,"NHS SHROPSHIRE, TELFORD AND WREKIN INTEGRATED CARE BOARD",837400.0,64286470.0,7661543.98
202411,QOP,NHS GREATER MANCHESTER INTEGRATED CARE BOARD,5818873.0,496995142.4,52609645.4
202411,QOQ,NHS HUMBER AND NORTH YORKSHIRE INTEGRATED CARE BOARD,3616881.0,243582946.6,28181655.01
202411,QOX,"NHS BATH AND NORTH EAST SOMERSET, SWINDON AND WILTSHIRE INTEGRATED CARE BOARD",1555267.0,102390990.0,12185168.02
202411,QPM,NHS NORTHAMPTONSHIRE INTEGRATED CARE BOARD,1454021.0,83879873.8,10826540.14
202411,QR1,NHS GLOUCESTERSHIRE INTEGRATED CARE BOARD,1203554.0,63126181.7,10751020.34
202411,QRL,NHS HAMPSHIRE AND ISLE OF WIGHT INTEGRATED CARE BOARD,2860424.0,217502856.4,27480962.06
202411,QRV,NHS NORTH WEST LONDON INTEGRATED CARE BOARD,3757448.0,270987907.8,29974264.07
202411,QSL,NHS SOMERSET INTEGRATED CARE BOARD,945769.0,63863486.5,8807143.93
202411,QT1,NHS NOTTINGHAM AND NOTTINGHAMSHIRE INTEGRATED CARE BOARD,2231761.0,161635558.8,24989623.87
202411,QT6,NHS CORNWALL AND THE ISLES OF SCILLY INTEGRATED CARE BOARD,1163687.0,70441905.5,9134410.55
202411,QU9,"NHS BUCKINGHAMSHIRE, OXFORDSHIRE AND BERKSHIRE WEST INTEGRATED CARE BOARD",2405126.0,167233163.5,24080101.96
202411,QUA,NHS BLACK COUNTRY INTEGRATED CARE BOARD,2260649.0,222777960.5,20933599.85
202411,QUE,NHS CAMBRIDGESHIRE AND PETERBOROUGH INTEGRATED CARE BOARD,1897768.0,119560671.5,32418286.36
202411,QUY,"NHS BRISTOL, NORTH SOMERSET AND SOUTH GLOUCESTERSHIRE INTEGRATED CARE BOARD",1443598.0,111247359.4,13036427.78
202411,QVV,NHS DORSET INTEGRATED CARE BOARD,1320539.0,99780772.6,11914593.36
202411,QWE,NHS SOUTH WEST LONDON INTEGRATED CARE BOARD,2149422.0,139221595.2,17112099.73
202411,QWO,NHS WEST YORKSHIRE INTEGRATED CARE BOARD,7186362.0,520425304.7,57460265.42
202411,QWU,NHS COVENTRY AND WARWICKSHIRE INTEGRATED CARE BOARD,1814393.0,143095870.2,14966104.62
202411,QXU,NHS SURREY HEARTLANDS INTEGRATED CARE BOARD,1225773.0,92567459.2,12091151.0
202411,QYG,NHS CHESHIRE AND MERSEYSIDE INTEGRATED CARE BOARD,5332527.0,507480229.2,48394214.870000005
202412,QE1,NHS LANCASHIRE AND SOUTH CUMBRIA INTEGRATED CARE BOARD,3794294.0,281782154.9,31144482.55
202412,QF7,NHS SOUTH YORKSHIRE INTEGRATED CARE BOARD,3258881.0,196903339.9,23049442.04
202412,QGH,NHS HEREFORDSHIRE AND WORCESTERSHIRE INTEGRATED CARE BOARD,1420041.0,541856498.5,22783915.26
202412,QH8,NHS MID AND SOUTH ESSEX INTEGRATED CARE BOARD,2013690.0,132143674.0,19329123.78
202412,QHG,"NHS BEDFORDSHIRE, LUTON AND MILTON KEYNES INTEGRATED CARE BOARD",1420841.0,104426685.2,12512565.62
202412,QHL,NHS BIRMINGHAM AND SOLIHULL INTEGRATED CARE BOARD,2264156.0,243446255.4,22183763.13
202412,QHM,NHS NORTH EAST AND NORTH CUMBRIA INTEGRATED CARE BOARD,7575157.0,466622886.6,52148645.52
202412,QJ2,NHS DERBY AND DERBYSHIRE INTEGRATED CARE BOARD,1894529.0,148776730.9,15516928.4
202412,QJG,NHS SUFFOLK AND NORTH EAST ESSEX INTEGRATED CARE BOARD,2141397.0,128128233.4,16312220.79
202412,QJK,NHS DEVON INTEGRATED CARE BOARD,2268470.0,164084056.3,18875168.44
202412,QJM,NHS LINCOLNSHIRE INTEGRATED CARE BOARD,1965816.0,119830064.2,14027748.66
202412,QK1,"NHS LEICESTER, LEICESTERSHIRE AND RUTLAND INTEGRATED CARE BOARD",2160579.0,163677450.4,18127034.62
202412,QKK,NHS SOUTH EAST LONDON INTEGRATED CARE BOARD,2255243.0,174600919.0,20145465.880000003
202412,QKS,NHS KENT AND MEDWAY INTEGRATED CARE BOARD,3020704.0,480821959.6,32249224.17
202412,QM7,NHS HERTFORDSHIRE AND WEST ESSEX INTEGRATED CARE BOARD,2528275.0,163106580.4,21184309.77
202412,QMF,NHS NORTH EAST LONDON INTEGRATED CARE BOARD,3224144.0,263604507.6,25108475.87
202412,QMJ,NHS NORTH CENTRAL LONDON INTEGRATED CARE BOARD,2023244.0,156576626.0,17159388.03
202412,QMM,NHS NORFOLK AND WAVENEY INTEGRATED CARE BOARD,2203929.0,140530003.2,16714100.91
202412,QNC,NHS STAFFORDSHIRE AND STOKE-ON-TRENT INTEGRATED CARE BOARD,2470798.0,202305702.3,21601051.69
202412,QNQ,NHS FRIMLEY INTEGRATED CARE BOARD,1021546.0,75176334.4,9803657.21
202412,QNX,NHS SUSSEX INTEGRATED CARE BOARD,2962078.0,197879696.8,30488016.16
202412,QOC,"NHS SHROPSHIRE, TELFORD AND WREKIN INTEGRATED CARE BOARD",871858.0,65195641.1,7941162.95
202412,QOP,NHS GREATER MANCHESTER INTEGRATED CARE BOARD,5960792.0,505495273.4,53638215.67
202412,QOQ,NHS HUMBER AND NORTH YORKSHIRE INTEGRATED CARE BOARD,3659992.0,250324080.9,28216377.410000004
202412,QOX,"NHS BATH AND NORTH EAST SOMERSET, SWINDON AND WILTSHIRE INTEGRATED CARE BOARD",1594146.0,106592024.4,12379183.33
202412,QPM,NHS NORTHAMPTONSHIRE INTEGRATED CARE BOARD,1461302.0,83975000.4,10672069.81
202412,QR1,NHS GLOUCESTERSHIRE INTEGRATED CARE BOARD,1208592.0,63844527.7,11040146.93
202412,QRL,NHS HAMPSHIRE AND ISLE OF WIGHT INTEGRATED CARE BOARD,2893408.0,221868104.4,27597373.7
202412,QRV,NHS NORTH WEST LONDON INTEGRATED CARE BOARD,3799162.0,279298435.4,30475289.160000004
202412,QSL,NHS SOMERSET INTEGRATED CARE BOARD,976233.0,66032644.2,9332843.24
202412,QT1,NHS NOTTINGHAM AND NOTTINGHAMSHIRE INTEGRATED CARE BOARD,2276140.0,164544842.89999998,25119644.05
202412,QT6,NHS CORNWALL AND THE ISLES OF SCILLY INTEGRATED CARE BOARD,1184979.0,72254853.7,9240061.0
202412,QU9,"NHS BUCKINGHAMSHIRE, OXFORDSHIRE AND BERKSHIRE WEST INTEGRATED CARE BOARD",2486509.0,173066650.5,25057569.96
202412,QUA,NHS BLACK COUNTRY INTEGRATED CARE BOARD,2348620.0,230830729.3,21712307.69
202412,QUE,NHS CAMBRIDGESHIRE AND PETERBOROUGH INTEGRATED CARE BOARD,1918429.0,119895172.4,33104926.03
202412,QUY,"NHS BRISTOL, NORTH SOMERSET AND SOUTH GLOUCESTERSHIRE INTEGRATED CARE BOARD",1464298.0,113704104.7,13304267.09
202412,QVV,NHS DORSET INTEGRATED CARE BOARD,1349949.0,103070708.5,12052610.35
202412,QWE,NHS SOUTH WEST LONDON INTEGRATED CARE BOARD,2180673.0,140693144.6,17313817.080000002
202412,QWO,NHS WEST YORKSHIRE INTEGRATED CARE BOARD,7379304.0,535422299.7,58762901.53
202412,QWU,NHS COVENTRY AND WARWICKSHIRE INTEGRATED CARE BOARD,1876662.0,146545752.0,15431508.0
202412,QXU,NHS SURREY HEARTLANDS INTEGRATED CARE BOARD,1259375.0,96421706.8,12273779.21
202412,QYG,NHS CHESHIRE AND MERSEYSIDE INTEGRATED CARE BOARD,5558668.0,530446043.2,50053224.97
202501,QE1,NHS LANCASHIRE AND SOUTH CUMBRIA INTEGRATED CARE BOARD,3811424.0,287211245.4,30912870.88
202501,QF7,NHS SOUTH YORKSHIRE INTEGRATED CARE BOARD,3238656.0,201802674.9,22681840.58
202501,QGH,NHS HEREFORDSHIRE AND WORCESTERSHIRE INTEGRATED CARE BOARD,1442609.0,521892412.8,22226940.5
202501,QH8,NHS MID AND SOUTH ESSEX INTEGRATED CARE BOARD,2031758.0,134649511.0,19306676.27
202501,QHG,"NHS BEDFORDSHIRE, LUTON AND MILTON KEYNES INTEGRATED CARE BOARD",1483395.0,110203036.2,12971242.69
202501,QHL,NHS BIRMINGHAM AND SOLIHULL INTEGRATED CARE BOARD,2337378.0,255358942.6,22498572.31
202501,QHM,NHS NORTH EAST AND NORTH CUMBRIA INTEGRATED CARE BOARD,7750778.0,488961978.3,52652332.58
202501,QJ2,NHS DERBY AND DERBYSHIRE INTEGRATED CARE BOARD,1921893.0,153055502.1,15584028.27
202501,QJG,NHS SUFFOLK AND NORTH EAST ESSEX INTEGRATED CARE BOARD,2154920.0,131020528.3,16076734.01
202501,QJK,NHS DEVON INTEGRATED CARE BOARD,2271428.0,164821817.5,18653596.02
202501,QJM,NHS LINCOLNSHIRE INTEGRATED CARE BOARD,2020978.0,125664516.2,14353176.169999998
202501,QK1,"NHS LEICESTER, LEICESTERSHIRE AND RUTLAND INTEGRATED CARE BOARD",2202133.0,171258385.0,18323357.23
202501,QKK,NHS SOUTH EAST LONDON INTEGRATED CARE BOARD,2317474.0,180810291.6,20394571.9
202501,QKS,NHS KENT AND MEDWAY INTEGRATED CARE BOARD,3063919.0,491211986.2,32446629.89
202501,QM7,NHS HERTFORDSHIRE AND WEST ESSEX INTEGRATED CARE BOARD,2558610.0,167165058.0,21506244.630000003
202501,QMF,NHS NORTH EAST LONDON INTEGRATED CARE BOARD,3316173.0,274080695.4,25487633.68
202501,QMJ,NHS NORTH CENTRAL LONDON INTEGRATED CARE BOARD,2147648.0,168066928.8,17827693.009999998
202501,QMM,NHS NORFOLK AND WAVENEY INTEGRATED CARE BOARD,2248402.0,144432852.2,16889754.91
202501,QNC,NHS STAFFORDSHIRE AND STOKE-ON-TRENT INTEGRATED CARE BOARD,2469625.0,208195047.2,21438628.49
202501,QNQ,NHS FRIMLEY INTEGRATED CARE BOARD,1069074.0,81450043.0,10043558.85
202501,QNX,NHS SUSSEX INTEGRATED CARE BOARD,2995100.0,203086412.0,30283705.04
202501,QOC,"NHS SHROPSHIRE, TELFORD AND WREKIN INTEGRATED CARE BOARD",878842.0,67812125.1,8023786.78
202501,QOP,NHS GREATER MANCHESTER INTEGRATED CARE BOARD,6126654.0,529077548.9,54993926.92
202501,QOQ,NHS HUMBER AND NORTH YORKSHIRE INTEGRATED CARE BOARD,3687876.0,254099668.3,28083133.68
202501,QOX,"NHS BATH AND NORTH EAST SOMERSET, SWINDON AND WILTSHIRE INTEGRATED CARE BOARD",1609549.0,108747106.9,12442208.26
202501,QPM,NHS NORTHAMPTONSHIRE INTEGRATED CARE BOARD,1522510.0,88220248.0,11048187.0
202501,QR1,NHS GLOUCESTERSHIRE INTEGRATED CARE BOARD,1224439.0,65548893.3,10945391.9
202501,QRL,NHS HAMPSHIRE AND ISLE OF WIGHT INTEGRATED CARE BOARD,2930638.0,224853153.7,27526720.74
202501,QRV,NHS NORTH WEST LONDON INTEGRATED CARE BOARD,3941857.0,291952902.4,31211670.31
202501,QSL,NHS SOMERSET INTEGRATED CARE BOARD,978012.0,67242974.2,9182397.62
202501,QT1,NHS NOTTINGHAM AND NOTTINGHAMSHIRE INTEGRATED CARE BOARD,2373696.0,172994696.0,26184502.66
202501,QT6,NHS CORNWALL AND THE ISLES OF SCILLY INTEGRATED CARE BOARD,1183343.0,72943517.69999999,9010886.93
202501,QU9,"NHS BUCKINGHAMSHIRE, OXFORDSHIRE AND BERKSHIRE WEST INTEGRATED CARE BOARD",2494519.0,175286239.5,24567340.15
202501,QUA,NHS BLACK COUNTRY INTEGRATED CARE BOARD,2441141.0,242839369.7,22407640.56
202501,QUE,NHS CAMBRIDGESHIRE AND PETERBOROUGH INTEGRATED CARE BOARD,1979026.0,125167434.2,32863421.57
202501,QUY,"NHS BRISTOL, NORTH SOMERSET AND SOUTH GLOUCESTERSHIRE INTEGRATED CARE BOARD",1478696.0,115906257.6,13177906.13
202501,QVV,NHS DORSET INTEGRATED CARE BOARD,1381299.0,105730048.5,12161555.38
202501,QWE,NHS SOUTH WEST LONDON INTEGRATED CARE BOARD,2193978.0,142351692.4,17155323.19
202501,QWO,NHS WEST YORKSHIRE INTEGRATED CARE BOARD,7728708.0,572999680.6,60999379.59
202501,QWU,NHS COVENTRY AND WARWICKSHIRE INTEGRATED CARE BOARD,1897069.0,150981465.2,15366917.85
202501,QXU,NHS SURREY HEARTLANDS INTEGRATED CARE BOARD,1264741.0,96251790.3,12235333.03
202501,QYG,NHS CHESHIRE AND MERSEYSIDE INTEGRATED CARE BOARD,5530350.0,535648042.2,50080282.620000005
202502,QE1,NHS LANCASHIRE AND SOUTH CUMBRIA INTEGRATED CARE BOARD,3402215.0,259500711.8,27797040.31
202502,QF7,NHS SOUTH YORKSHIRE INTEGRATED CARE BOARD,2935490.0,182160016.1,20487738.85
202502,QGH,NHS HEREFORDSHIRE AND WORCESTERSHIRE INTEGRATED CARE BOARD,1269751.0,367778014.4,17714349.78
202502,QH8,NHS MID AND SOUTH ESSEX INTEGRATED CARE BOARD,1813875.0,120819834.0,17361881.4
202502,QHG,"NHS BEDFORDSHIRE, LUTON AND MILTON KEYNES INTEGRATED CARE BOARD",1325061.0,98599922.8,11677686.23
202502,QHL,NHS BIRMINGHAM AND SOLIHULL INTEGRATED CARE BOARD,2064398.0,226201006.6,20035596.71
202502,QHM,NHS NORTH EAST AND NORTH CUMBRIA INTEGRATED CARE BOARD,6892313.0,429308595.3,46730979.07
202502,QJ2,NHS DERBY AND DERBYSHIRE INTEGRATED CARE BOARD,1702929.0,136424793.8,13838259.01
202502,QJG,NHS SUFFOLK AND NORTH EAST ESSEX INTEGRATED CARE BOARD,1933147.0,117426426.6,14425484.89
202502,QJK,NHS DEVON INTEGRATED CARE BOARD,2032286.0,149449164.2,16727740.56
202502,QJM,NHS LINCOLNSHIRE INTEGRATED CARE BOARD,1798010.0,110792734.6,12689926.78
202502,QK1,"NHS LEICESTER, LEICESTERSHIRE AND RUTLAND INTEGRATED CARE BOARD",1956282.0,150090368.1,16311814.23
202502,QKK,NHS SOUTH EAST LONDON INTEGRATED CARE BOARD,2095985.0,163123311.0,18375091.71
202502,QKS,NHS KENT AND MEDWAY INTEGRATED CARE BOARD,2728917.0,442748091.0,29154216.42
202502,QM7,NHS HERTFORDSHIRE AND WEST ESSEX INTEGRATED CARE BOARD,2319510.0,150938482.8,19748445.54
202502,QMF,NHS NORTH EAST LONDON INTEGRATED CARE BOARD,3027234.0,249404258.9,23370479.74
202502,QMJ,NHS NORTH CENTRAL LONDON INTEGRATED CARE BOARD,1891302.0,148090816.4,15804071.21
202502,QMM,NHS NORFOLK AND WAVENEY INTEGRATED CARE BOARD,1996395.0,128118654.2,15012442.96
202502,QNC,NHS STAFFORDSHIRE AND STOKE-ON-TRENT INTEGRATED CARE BOARD,2208440.0,181303000.8,18950150.35
202502,QNQ,NHS FRIMLEY INTEGRATED CARE BOARD,946967.0,72499386.6,8916390.98
202502,QNX,NHS SUSSEX INTEGRATED CARE BOARD,2684577.0,182996242.5,27364242.07
202502,QOC,"NHS SHROPSHIRE, TELFORD AND WREKIN INTEGRATED CARE BOARD",794544.0,60901372.1,7160715.75
202502,QOP,NHS GREATER MANCHESTER INTEGRATED CARE BOARD,5447686.0,470494343.3,48929532.52
202502,QOQ,NHS HUMBER AND NORTH YORKSHIRE INTEGRATED CARE BOARD,3324402.0,228870292.9,25405888.47
202502,QOX,"NHS BATH AND NORTH EAST SOMERSET, SWINDON AND WILTSHIRE INTEGRATED CARE BOARD",1435326.0,97784390.4,11086318.34
202502,QPM,NHS NORTHAMPTONSHIRE INTEGRATED CARE BOARD,1332935.0,77401436.4,9780894.33
202502,QR1,NHS GLOUCESTERSHIRE INTEGRATED CARE BOARD,1095685.0,58632942.2,9766816.57
202502,QRL,NHS HAMPSHIRE AND ISLE OF WIGHT INTEGRATED CARE BOARD,2639200.0,202253341.0,24884463.16
202502,QRV,NHS NORTH WEST LONDON INTEGRATED CARE BOARD,3513494.0,259065252.7,27662632.68
202502,QSL,NHS SOMERSET INTEGRATED CARE BOARD,877953.0,59853393.6,8339834.72
202502,QT1,NHS NOTTINGHAM AND NOTTINGHAMSHIRE INTEGRATED CARE BOARD,2067238.0,151405004.1,22748754.83
202502,QT6,NHS CORNWALL AND THE ISLES OF SCILLY INTEGRATED CARE BOARD,1052247.0,64984162.4,8055421.55
202502,QU9,"NHS BUCKINGHAMSHIRE, OXFORDSHIRE AND BERKSHIRE WEST INTEGRATED CARE BOARD",2249627.0,160855257.8,22294369.61
202502,QUA,NHS BLACK COUNTRY INTEGRATED CARE BOARD,2147104.0,211276401.4,19619316.07
202502,QUE,NHS CAMBRIDGESHIRE AND PETERBOROUGH INTEGRATED CARE BOARD,1769671.0,111722021.2,30391913.89
202502,QUY,"NHS BRISTOL, NORTH SOMERSET AND SOUTH GLOUCESTERSHIRE INTEGRATED CARE BOARD",1289288.0,101708624.8,11507564.4
202502,QVV,NHS DORSET INTEGRATED CARE BOARD,1223963.0,94029978.2,10703016.88
202502,QWE,NHS SOUTH WEST LONDON INTEGRATED CARE BOARD,2001204.0,130258418.2,15466671.08
202502,QWO,NHS WEST YORKSHIRE INTEGRATED CARE BOARD,6758434.0,498714671.1,53395976.26
202502,QWU,NHS COVENTRY AND WARWICKSHIRE INTEGRATED CARE BOARD,1702943.0,136759173.5,13780048.55
202502,QXU,NHS SURREY HEARTLANDS INTEGRATED CARE BOARD,1147942.0,88133307.6,11096206.78
202502,QYG,NHS CHESHIRE AND MERSEYSIDE INTEGRATED CARE BOARD,5003506.0,479758750.6,45415586.94
202503,QE1,NHS LANCASHIRE AND SOUTH CUMBRIA INTEGRATED CARE BOARD,3596497.0,273327383.7,29383422.06
202503,QF7,NHS SOUTH YORKSHIRE INTEGRATED CARE BOARD,3099791.0,192587740.8,21774422.14
202503,QGH,NHS HEREFORDSHIRE AND WORCESTERSHIRE INTEGRATED CARE BOARD,1345535.0,435084983.5,20118272.51
202503,QH8,NHS MID AND SOUTH ESSEX INTEGRATED CARE BOARD,1935812.0,128803289.9,18434064.91
202503,QHG,"NHS BEDFORDSHIRE, LUTON AND MILTON KEYNES INTEGRATED CARE BOARD",1366453.0,101155665.2,12078088.22
202503,QHL,NHS BIRMINGHAM AND SOLIHULL INTEGRATED CARE BOARD,2213462.0,243968270.2,21551343.57
202503,QHM,NHS NORTH EAST AND NORTH CUMBRIA INTEGRATED CARE BOARD,7266411.0,454557835.6,49650753.69
202503,QJ2,NHS DERBY AND DERBYSHIRE INTEGRATED CARE BOARD,1804308.0,143329519.9,14638221.849999998
202503,QJG,NHS SUFFOLK AND NORTH EAST ESSEX INTEGRATED CARE BOARD,2074769.0,126255931.4,15640128.72
202503,QJK,NHS DEVON INTEGRATED CARE BOARD,2189305.0,161132283.0,18118479.35
202503,QJM,NHS LINCOLNSHIRE INTEGRATED CARE BOARD,1927900.0,118351220.2,13649357.14
202503,QK1,"NHS LEICESTER, LEICESTERSHIRE AND RUTLAND INTEGRATED CARE BOARD",2100678.0,160011196.3,17536251.87
202503,QKK,NHS SOUTH EAST LONDON INTEGRATED CARE BOARD,2218588.0,175443680.60000002,19777819.3
202503,QKS,NHS KENT AND MEDWAY INTEGRATED CARE BOARD,2904744.0,438261948.3,30414629.71
202503,QM7,NHS HERTFORDSHIRE AND WEST ESSEX INTEGRATED CARE BOARD,2433675.0,157664282.39999998,20748638.73
202503,QMF,NHS NORTH EAST LONDON INTEGRATED CARE BOARD,3187519.0,265600693.7,24766190.33
202503,QMJ,NHS NORTH CENTRAL LONDON INTEGRATED CARE BOARD,2015052.0,157669183.39999998,17058294.59
202503,QMM,NHS NORFOLK AND WAVENEY INTEGRATED CARE BOARD,2155456.0,138917341.4,16239028.67
202503,QNC,NHS STAFFORDSHIRE AND STOKE-ON-TRENT INTEGRATED CARE BOARD,2349873.0,194816581.8,20436942.880000003
202503,QNQ,NHS FRIMLEY INTEGRATED CARE BOARD,1008178.0,77662543.6,9654933.72
202503,QNX,NHS SUSSEX INTEGRATED CARE BOARD,2826943.0,192739474.6,28907319.7
202503,QOC,"NHS SHROPSHIRE, TELFORD AND WREKIN INTEGRATED CARE BOARD",836909.0,64531035.3,7601404.42
202503,QOP,NHS GREATER MANCHESTER INTEGRATED CARE BOARD,5788176.0,500654712.9,52055511.03
202503,QOQ,NHS HUMBER AND NORTH YORKSHIRE INTEGRATED CARE BOARD,3555112.0,246757827.0,27231944.24
202503,QOX,"NHS BATH AND NORTH EAST SOMERSET, SWINDON AND WILTSHIRE INTEGRATED CARE BOARD",1532388.0,102863912.4,11807017.68
202503,QPM,NHS NORTHAMPTONSHIRE INTEGRATED CARE BOARD,1422173.0,83143985.6,10445812.04
202503,QR1,NHS GLOUCESTERSHIRE INTEGRATED CARE BOARD,1151032.0,62248906.4,10400473.67
202503,QRL,NHS HAMPSHIRE AND ISLE OF WIGHT INTEGRATED CARE BOARD,2811867.0,216214547.7,26823969.43
202503,QRV,NHS NORTH WEST LONDON INTEGRATED CARE BOARD,3615395.0,269250536.4,28879840.24
202503,QSL,NHS SOMERSET INTEGRATED CARE BOARD,936279.0,64553957.4,8850631.6
202503,QT1,NHS NOTTINGHAM AND NOTTINGHAMSHIRE INTEGRATED CARE BOARD,2224400.0,162572442.6,24732700.55
202503,QT6,NHS CORNWALL AND THE ISLES OF SCILLY INTEGRATED CARE BOARD,1132229.0,69753417.9,8700909.75
202503,QU9,"NHS BUCKINGHAMSHIRE, OXFORDSHIRE AND BERKSHIRE WEST INTEGRATED CARE BOARD",2381225.0,168574489.7,23664047.05
202503,QUA,NHS BLACK COUNTRY INTEGRATED CARE BOARD,2245118.0,221774810.0,20676119.62
202503,QUE,NHS CAMBRIDGESHIRE AND PETERBOROUGH INTEGRATED CARE BOARD,1872236.0,118125454.5,31742434.21
202503,QUY,"NHS BRISTOL, NORTH SOMERSET AND SOUTH GLOUCESTERSHIRE INTEGRATED CARE BOARD",1383590.0,111300822.3,12468686.7
202503,QVV,NHS DORSET INTEGRATED CARE BOARD,1308276.0,100467112.1,11664743.18
202503,QWE,NHS SOUTH WEST LONDON INTEGRATED CARE BOARD,2112050.0,137645349.29999998,16653937.37
202503,QWO,NHS WEST YORKSHIRE INTEGRATED CARE BOARD,7386945.0,543300511.9000001,58525073.06999999
202503,QWU,NHS COVENTRY AND WARWICKSHIRE INTEGRATED CARE BOARD,1754587.0,141322053.2,14208046.31
202503,QXU,NHS SURREY HEARTLANDS INTEGRATED CARE BOARD,1214175.0,93070829.7,11773511.82
202503,QYG,NHS CHESHIRE AND MERSEYSIDE INTEGRATED CARE BOARD,5304813.0,513820682.7,48131605.83
202504,QE1,NHS LANCASHIRE AND SOUTH CUMBRIA INTEGRATED CARE BOARD,3656243.0,276599851.9,29818035.78
202504,QF7,NHS SOUTH YORKSHIRE INTEGRATED CARE BOARD,3119260.0,193415810.3,21803106.86
202504,QGH,NHS HEREFORDSHIRE AND WORCESTERSHIRE INTEGRATED CARE BOARD,1352412.0,426638733.4,19931583.69
202504,QH8,NHS MID AND SOUTH ESSEX INTEGRATED CARE BOARD,1919644.0,127941794.7,18067966.38
202504,QHG,"NHS BEDFORDSHIRE, LUTON AND MILTON KEYNES INTEGRATED CARE BOARD",1424454.0,106228947.1,12609341.23
202504,QHL,NHS BIRMINGHAM AND SOLIHULL INTEGRATED CARE BOARD,2180396.0,241021703.1,21147248.65
202504,QHM,NHS NORTH EAST AND NORTH CUMBRIA INTEGRATED CARE BOARD,7419633.0,461559436.8,50518901.46
202504,QJ2,NHS DERBY AND DERBYSHIRE INTEGRATED CARE BOARD,1799233.0,143273119.7,14562897.52
202504,QJG,NHS SUFFOLK AND NORTH EAST ESSEX INTEGRATED CARE BOARD,2030160.0,123081941.3,15077588.4
202504,QJK,NHS DEVON INTEGRATED CARE BOARD,2160053.0,156485208.7,17648266.35
202504,QJM,NHS LINCOLNSHIRE INTEGRATED CARE BOARD,1912173.0,116041971.9,13401435.44
202504,QK1,"NHS LEICESTER, LEICESTERSHIRE AND RUTLAND INTEGRATED CARE BOARD",2088600.0,161145464.60000002,17387469.11
202504,QKK,NHS SOUTH EAST LONDON INTEGRATED CARE BOARD,2201688.0,172068133.7,19561875.08
202504,QKS,NHS KENT AND MEDWAY INTEGRATED CARE BOARD,2872615.0,457220082.3,30507887.94
202504,QM7,NHS HERTFORDSHIRE AND WEST ESSEX INTEGRATED CARE BOARD,2439209.0,157420997.2,20705798.82
202504,QMF,NHS NORTH EAST LONDON INTEGRATED CARE BOARD,3193487.0,262796107.5,24545031.06
202504,QMJ,NHS NORTH CENTRAL LONDON INTEGRATED CARE BOARD,2065091.0,160323794.6,17221892.75
202504,QMM,NHS NORFOLK AND WAVENEY INTEGRATED CARE BOARD,2138533.0,136989570.7,15979591.49
202504,QNC,NHS STAFFORDSHIRE AND STOKE-ON-TRENT INTEGRATED CARE BOARD,2330822.0,191359523.3,20053183.02
202504,QNQ,NHS FRIMLEY INTEGRATED CARE BOARD,975777.0,75893547.5,9357128.59
202504,QNX,NHS SUSSEX INTEGRATED CARE BOARD,2851286.0,193503066.3,28916697.33
202504,QOC,"NHS SHROPSHIRE, TELFORD AND WREKIN INTEGRATED CARE BOARD",836598.0,64285803.8,7550161.66
202504,QOP,NHS GREATER MANCHESTER INTEGRATED CARE BOARD,5790428.0,501332211.0,51957499.95
202504,QOQ,NHS HUMBER AND NORTH YORKSHIRE INTEGRATED CARE BOARD,3546740.0,244008894.1,27116318.39
202504,QOX,"NHS BATH AND NORTH EAST SOMERSET, SWINDON AND WILTSHIRE INTEGRATED CARE BOARD",1525032.0,103786419.0,11808870.44
202504,QPM,NHS NORTHAMPTONSHIRE INTEGRATED CARE BOARD,1424084.0,82657312.5,10417971.67
202504,QR1,NHS GLOUCESTERSHIRE INTEGRATED CARE BOARD,1154801.0,62241475.0,10412221.5
202504,QRL,NHS HAMPSHIRE AND ISLE OF WIGHT INTEGRATED CARE BOARD,2757678.0,212549894.3,26000484.86
202504,QRV,NHS NORTH WEST LONDON INTEGRATED CARE BOARD,3564130.0,265142616.1,28260748.74
202504,QSL,NHS SOMERSET INTEGRATED CARE BOARD,912760.0,62451904.9,8515045.540000001
202504,QT1,NHS NOTTINGHAM AND NOTTINGHAMSHIRE INTEGRATED CARE BOARD,2229441.0,163193741.8,24481925.13
202504,QT6,NHS CORNWALL AND THE ISLES OF SCILLY INTEGRATED CARE BOARD,1105057.0,67918780.1,8463711.89
202504,QU9,"NHS BUCKINGHAMSHIRE, OXFORDSHIRE AND BERKSHIRE WEST INTEGRATED CARE BOARD",2338500.0,166134652.4,23224711.91
202504,QUA,NHS BLACK COUNTRY INTEGRATED CARE BOARD,2322720.0,232184691.5,21562907.03
202504,QUE,NHS CAMBRIDGESHIRE AND PETERBOROUGH INTEGRATED CARE BOARD,1867467.0,116791014.9,30671543.74
202504,QUY,"NHS BRISTOL, NORTH SOMERSET AND SOUTH GLOUCESTERSHIRE INTEGRATED CARE BOARD",1367460.0,109375133.5,12253898.99
202504,QVV,NHS DORSET INTEGRATED CARE BOARD,1290224.0,98490487.2,11320199.6
202504,QWE,NHS SOUTH WEST LONDON INTEGRATED CARE BOARD,2125225.0,138903495.9,16650796.169999998
202504,QWO,NHS WEST YORKSHIRE INTEGRATED CARE BOARD,7591003.0,585834501.1,60312360.85
202504,QWU,NHS COVENTRY AND WARWICKSHIRE INTEGRATED CARE BOARD,1878501.0,149446469.6,15170127.98
202504,QXU,NHS SURREY HEARTLANDS INTEGRATED CARE BOARD,1202322.0,92130044.6,11623778.5
202504,QYG,NHS CHESHIRE AND MERSEYSIDE INTEGRATED CARE BOARD,5306914.0,513096116.5,47728789.03
202505,QE1,NHS LANCASHIRE AND SOUTH CUMBRIA INTEGRATED CARE BOARD,3762213.0,287879270.8,31127183.21
202505,QF7,NHS SOUTH YORKSHIRE INTEGRATED CARE BOARD,3232389.0,199988960.3,22967076.96
202505,QGH,NHS HEREFORDSHIRE AND WORCESTERSHIRE INTEGRATED CARE BOARD,1389576.0,543286908.4,22927971.98
202505,QH8,NHS MID AND SOUTH ESSEX INTEGRATED CARE BOARD,1984772.0,133205575.0,18972308.84
202505,QHG,"NHS BEDFORDSHIRE, LUTON AND MILTON KEYNES INTEGRATED CARE BOARD",1453525.0,108054709.1,13038320.12
202505,QHL,NHS BIRMINGHAM AND SOLIHULL INTEGRATED CARE BOARD,2278869.0,251036580.7,22355541.42
202505,QHM,NHS NORTH EAST AND NORTH CUMBRIA INTEGRATED CARE BOARD,7557447.0,471440167.7,52368173.870000005
202505,QJ2,NHS DERBY AND DERBYSHIRE INTEGRATED CARE BOARD,1894222.0,153151701.3,15566900.28
202505,QJG,NHS SUFFOLK AND NORTH EAST ESSEX INTEGRATED CARE BOARD,2141740.0,129945132.1,16115543.85
202505,QJK,NHS DEVON INTEGRATED CARE BOARD,2253328.0,165239564.5,18617628.41
202505,QJM,NHS LINCOLNSHIRE INTEGRATED CARE BOARD,2000385.0,123098650.9,14214291.830000002
202505,QK1,"NHS LEICESTER, LEICESTERSHIRE AND RUTLAND INTEGRATED CARE BOARD",2196205.0,170193146.60000002,18499769.21
202505,QKK,NHS SOUTH EAST LONDON INTEGRATED CARE BOARD,2302275.0,181381730.2,20744245.52
202505,QKS,NHS KENT AND MEDWAY INTEGRATED CARE BOARD,2984461.0,484189183.0,32250684.92
202505,QM7,NHS HERTFORDSHIRE AND WEST ESSEX INTEGRATED CARE BOARD,2514955.0,163922200.2,21664680.29
202505,QMF,NHS NORTH EAST LONDON INTEGRATED CARE BOARD,3247251.0,271586476.2,25680267.48
202505,QMJ,NHS NORTH CENTRAL LONDON INTEGRATED CARE BOARD,2091649.0,165076406.9,17871717.32
202505,QMM,NHS NORFOLK AND WAVENEY INTEGRATED CARE BOARD,2224720.0,142640102.89999998,16799561.34
202505,QNC,NHS STAFFORDSHIRE AND STOKE-ON-TRENT INTEGRATED CARE BOARD,2456436.0,199397070.5,21352764.07
202505,QNQ,NHS FRIMLEY INTEGRATED CARE BOARD,1030858.0,80210778.1,9931033.32
202505,QNX,NHS SUSSEX INTEGRATED CARE BOARD,2965454.0,204112427.8,30528245.56
202505,QOC,"NHS SHROPSHIRE, TELFORD AND WREKIN INTEGRATED CARE BOARD",869021.0,67402070.5,8017167.15
202505,QOP,NHS GREATER MANCHESTER INTEGRATED CARE BOARD,5955064.0,517562863.2000001,54029967.25
202505,QOQ,NHS HUMBER AND NORTH YORKSHIRE INTEGRATED CARE BOARD,3671964.0,255125857.2,28350999.83
202505,QOX,"NHS BATH AND NORTH EAST SOMERSET, SWINDON AND WILTSHIRE INTEGRATED CARE BOARD",1585147.0,107817249.5,12490680.04
202505,QPM,NHS NORTHAMPTONSHIRE INTEGRATED CARE BOARD,1488012.0,87610072.5,10996096.27
202505,QR1,NHS GLOUCESTERSHIRE INTEGRATED CARE BOARD,1189391.0,64289752.1,10731864.59
202505,QRL,NHS HAMPSHIRE AND ISLE OF WIGHT INTEGRATED CARE BOARD,2883157.0,223406851.7,27514480.14
202505,QRV,NHS NORTH WEST LONDON INTEGRATED CARE BOARD,3601515.0,265689396.1,28970722.83
202505,QSL,NHS SOMERSET INTEGRATED CARE BOARD,968042.0,66746658.6,9261763.13
202505,QT1,NHS NOTTINGHAM AND NOTTINGHAMSHIRE INTEGRATED CARE BOARD,2299669.0,169412528.9,25311108.71
202505,QT6,NHS CORNWALL AND THE ISLES OF SCILLY INTEGRATED CARE BOARD,1169962.0,71827932.3,9074170.04
202505,QU9,"NHS BUCKINGHAMSHIRE, OXFORDSHIRE AND BERKSHIRE WEST INTEGRATED CARE BOARD",2476719.0,176444514.89999998,25016661.02
202505,QUA,NHS BLACK COUNTRY INTEGRATED CARE BOARD,2355161.0,233257084.2,21832503.64
202505,QUE,NHS CAMBRIDGESHIRE AND PETERBOROUGH INTEGRATED CARE BOARD,1969285.0,123270331.5,34177381.63
202505,QUY,"NHS BRISTOL, NORTH SOMERSET AND SOUTH GLOUCESTERSHIRE INTEGRATED CARE BOARD",1419166.0,115103658.9,13094214.19
202505,QVV,NHS DORSET INTEGRATED CARE BOARD,1362415.0,104354925.6,12062145.71
202505,QWE,NHS SOUTH WEST LONDON INTEGRATED CARE BOARD,2190363.0,144600990.9,17489928.27
202505,QWO,NHS WEST YORKSHIRE INTEGRATED CARE BOARD,7852647.0,590447452.7,63483812.46
202505,QWU,NHS COVENTRY AND WARWICKSHIRE INTEGRATED CARE BOARD,1890077.0,151976653.0,15451189.62
202505,QXU,NHS SURREY HEARTLANDS INTEGRATED CARE BOARD,1251949.0,99802578.0,12286569.96
202505,QYG,NHS CHESHIRE AND MERSEYSIDE INTEGRATED CARE BOARD,5477437.0,533258003.7,50378440.28
202506,QE1,NHS LANCASHIRE AND SOUTH CUMBRIA INTEGRATED CARE BOARD,3618681.0,276241085.5,30498697.630000003
202506,QF7,NHS SOUTH YORKSHIRE INTEGRATED CARE BOARD,3143338.0,196016189.1,22546998.61
202506,QGH,NHS HEREFORDSHIRE AND WORCESTERSHIRE INTEGRATED CARE BOARD,1380787.0,488074064.5,21726010.78
202506,QH8,NHS MID AND SOUTH ESSEX INTEGRATED CARE BOARD,1932204.0,130984833.2,18783461.71
202506,QHG,"NHS BEDFORDSHIRE, LUTON AND MILTON KEYNES INTEGRATED CARE BOARD",1410808.0,106309833.1,12888282.19
202506,QHL,NHS BIRMINGHAM AND SOLIHULL INTEGRATED CARE BOARD,2218672.0,243730799.8,22135410.81
202506,QHM,NHS NORTH EAST AND NORTH CUMBRIA INTEGRATED CARE BOARD,7403125.0,461651892.4,51498564.010000005
202506,QJ2,NHS DERBY AND DERBYSHIRE INTEGRATED CARE BOARD,1813718.0,146333874.7,14973376.87
202506,QJG,NHS SUFFOLK AND NORTH EAST ESSEX INTEGRATED CARE BOARD,2069128.0,126020627.4,15756684.45
202506,QJK,NHS DEVON INTEGRATED CARE BOARD,2176921.0,159995531.7,18137342.55
202506,QJM,NHS LINCOLNSHIRE INTEGRATED CARE BOARD,1983065.0,122892265.4,14212312.74
202506,QK1,"NHS LEICESTER, LEICESTERSHIRE AND RUTLAND INTEGRATED CARE BOARD",2100076.0,162945729.39999998,17873765.919999998
202506,QKK,NHS SOUTH EAST LONDON INTEGRATED CARE BOARD,2238003.0,175711873.0,20386759.28
202506,QKS,NHS KENT AND MEDWAY INTEGRATED CARE BOARD,2907113.0,454282535.7000001,31246997.49
202506,QM7,NHS HERTFORDSHIRE AND WEST ESSEX INTEGRATED CARE BOARD,2452677.0,158403117.89999998,21250718.42
202506,QMF,NHS NORTH EAST LONDON INTEGRATED CARE BOARD,3216605.0,266902635.1,25429716.31
202506,QMJ,NHS NORTH CENTRAL LONDON INTEGRATED CARE BOARD,2071263.0,161041362.7,17919505.03
202506,QMM,NHS NORFOLK AND WAVENEY INTEGRATED CARE BOARD,2139176.0,138297456.8,16294195.14
202506,QNC,NHS STAFFORDSHIRE AND STOKE-ON-TRENT INTEGRATED CARE BOARD,2357382.0,193221429.3,20949997.91
202506,QNQ,NHS FRIMLEY INTEGRATED CARE BOARD,1014891.0,78745450.0,9978699.51
202506,QNX,NHS SUSSEX INTEGRATED CARE BOARD,2872976.0,196699577.1,30171455.93
202506,QOC,"NHS SHROPSHIRE, TELFORD AND WREKIN INTEGRATED CARE BOARD",849988.0,66362131.2,7930057.82
202506,QOP,NHS GREATER MANCHESTER INTEGRATED CARE BOARD,5792837.0,504426191.7,53802099.52
202506,QOQ,NHS HUMBER AND NORTH YORKSHIRE INTEGRATED CARE BOARD,3592201.0,251313790.5,27946664.6
202506,QOX,"NHS BATH AND NORTH EAST SOMERSET, SWINDON AND WILTSHIRE INTEGRATED CARE BOARD",1534230.0,104235441.8,12210198.45
202506,QPM,NHS NORTHAMPTONSHIRE INTEGRATED CARE BOARD,1457522.0,85818654.1,10931386.87
202506,QR1,NHS GLOUCESTERSHIRE INTEGRATED CARE BOARD,1179324.0,63883288.8,10720091.19
202506,QRL,NHS HAMPSHIRE AND ISLE OF WIGHT INTEGRATED CARE BOARD,2792343.0,216729774.0,26880442.36
202506,QRV,NHS NORTH WEST LONDON INTEGRATED CARE BOARD,3419474.0,253955650.3,27656285.630000003
202506,QSL,NHS SOMERSET INTEGRATED CARE BOARD,936963.0,64815964.6,9208600.04
202506,QT1,NHS NOTTINGHAM AND NOTTINGHAMSHIRE INTEGRATED CARE BOARD,2220585.0,163130902.2,24995494.0
202506,QT6,NHS CORNWALL AND THE ISLES OF SCILLY INTEGRATED CARE BOARD,1144980.0,71286195.9,9032655.83
202506,QU9,"NHS BUCKINGHAMSHIRE, OXFORDSHIRE AND BERKSHIRE WEST INTEGRATED CARE BOARD",2390061.0,170258726.4,24410633.01
202506,QUA,NHS BLACK COUNTRY INTEGRATED CARE BOARD,2243761.0,224262203.0,21189153.14
202506,QUE,NHS CAMBRIDGESHIRE AND PETERBOROUGH INTEGRATED CARE BOARD,1888998.0,117888842.9,32769112.69
202506,QUY,"NHS BRISTOL, NORTH SOMERSET AND SOUTH GLOUCESTERSHIRE INTEGRATED CARE BOARD",1368037.0,112046670.5,12744994.44
202506,QVV,NHS DORSET INTEGRATED CARE BOARD,1301649.0,101072517.4,11626338.06
202506,QWE,NHS SOUTH WEST LONDON INTEGRATED CARE BOARD,2144951.0,140436344.1,17143289.97
202506,QWO,NHS WEST YORKSHIRE INTEGRATED CARE BOARD,7571299.0,566223323.5,61820325.57
202506,QWU,NHS COVENTRY AND WARWICKSHIRE INTEGRATED CARE BOARD,1839917.0,147291362.0,15197207.31
202506,QXU,NHS SURREY HEARTLANDS INTEGRATED CARE BOARD,1222638.0,95362828.8,12067479.32
202506,QYG,NHS CHESHIRE AND MERSEYSIDE INTEGRATED CARE BOARD,5343328.0,518815587.6,49478807.18
202507,QE1,NHS LANCASHIRE AND SOUTH CUMBRIA INTEGRATED CARE BOARD,3880472.0,294929503.9,32121400.79
202507,QF7,NHS SOUTH YORKSHIRE INTEGRATED CARE BOARD,3317235.0,205935135.6,23426272.9
202507,QGH,NHS HEREFORDSHIRE AND WORCESTERSHIRE INTEGRATED CARE BOARD,1465882.0,840610050.0,29909602.75
202507,QH8,NHS MID AND SOUTH ESSEX INTEGRATED CARE BOARD,2058336.0,138928895.6,20129121.130000003
202507,QHG,"NHS BEDFORDSHIRE, LUTON AND MILTON KEYNES INTEGRATED CARE BOARD",1516696.0,113119734.0,13694296.239999998
202507,QHL,NHS BIRMINGHAM AND SOLIHULL INTEGRATED CARE BOARD,2355163.0,260372111.7,23118978.16
202507,QHM,NHS NORTH EAST AND NORTH CUMBRIA INTEGRATED CARE BOARD,7850580.0,495690625.8,54131837.73
202507,QJ2,NHS DERBY AND DERBYSHIRE INTEGRATED CARE BOARD,1942188.0,156588055.4,15860481.04
202507,QJG,NHS SUFFOLK AND NORTH EAST ESSEX INTEGRATED CARE BOARD,2178745.0,133277674.4,16380694.95
202507,QJK,NHS DEVON INTEGRATED CARE BOARD,2297986.0,169600577.1,18889905.17
202507,QJM,NHS LINCOLNSHIRE INTEGRATED CARE BOARD,2058427.0,127796991.5,14601626.78
202507,QK1,"NHS LEICESTER, LEICESTERSHIRE AND RUTLAND INTEGRATED CARE BOARD",2263661.0,175190180.96,19074403.35
202507,QKK,NHS SOUTH EAST LONDON INTEGRATED CARE BOARD,2362298.0,187146552.2,21535394.41
202507,QKS,NHS KENT AND MEDWAY INTEGRATED CARE BOARD,3058127.0,498908614.1,33072381.57
202507,QM7,NHS HERTFORDSHIRE AND WEST ESSEX INTEGRATED CARE BOARD,2589204.0,166353673.2,22439052.29
202507,QMF,NHS NORTH EAST LONDON INTEGRATED CARE BOARD,3387108.0,284200341.6,26784395.9
202507,QMJ,NHS NORTH CENTRAL LONDON INTEGRATED CARE BOARD,2169908.0,169589076.5,18546705.97
202507,QMM,NHS NORFOLK AND WAVENEY INTEGRATED CARE BOARD,2256488.0,145701539.4,17109996.29
202507,QNC,NHS STAFFORDSHIRE AND STOKE-ON-TRENT INTEGRATED CARE BOARD,2508980.0,203118837.7,21832679.21
202507,QNQ,NHS FRIMLEY INTEGRATED CARE BOARD,1061337.0,82714449.6,10249988.79
202507,QNX,NHS SUSSEX INTEGRATED CARE BOARD,3026585.0,207215256.0,31377997.82
202507,QOC,"NHS SHROPSHIRE, TELFORD AND WREKIN INTEGRATED CARE BOARD",897336.0,69794686.4,8233860.58
202507,QOP,NHS GREATER MANCHESTER INTEGRATED CARE BOARD,6201225.0,542199688.9,56787132.12
202507,QOQ,NHS HUMBER AND NORTH YORKSHIRE INTEGRATED CARE BOARD,3787918.0,264742711.4,29248511.69
202507,QOX,"NHS BATH AND NORTH EAST SOMERSET, SWINDON AND WILTSHIRE INTEGRATED CARE BOARD",1621486.0,110510464.5,12662728.669999998
202507,QPM,NHS NORTHAMPTONSHIRE INTEGRATED CARE BOARD,1516716.0,89629495.8,11176279.53
202507,QR1,NHS GLOUCESTERSHIRE INTEGRATED CARE BOARD,1211836.0,66310307.1,11117416.22
202507,QRL,NHS HAMPSHIRE AND ISLE OF WIGHT INTEGRATED CARE BOARD,2968167.0,231058706.6,28109266.8
202507,QRV,NHS NORTH WEST LONDON INTEGRATED CARE BOARD,3592694.0,267134036.7,28709475.26
202507,QSL,NHS SOMERSET INTEGRATED CARE BOARD,999520.0,69103264.0,9728553.89
202507,QT1,NHS NOTTINGHAM AND NOTTINGHAMSHIRE INTEGRATED CARE BOARD,2389486.0,176036121.3,27121856.050000004
202507,QT6,NHS CORNWALL AND THE ISLES OF SCILLY INTEGRATED CARE BOARD,1204108.0,74846313.5,9368158.21
202507,QU9,"NHS BUCKINGHAMSHIRE, OXFORDSHIRE AND BERKSHIRE WEST INTEGRATED CARE BOARD",2515015.0,180165258.2,25368287.96
202507,QUA,NHS BLACK COUNTRY INTEGRATED CARE BOARD,2468533.0,250893159.0,23085331.09
202507,QUE,NHS CAMBRIDGESHIRE AND PETERBOROUGH INTEGRATED CARE BOARD,2012325.0,126236241.9,34181114.81
202507,QUY,"NHS BRISTOL, NORTH SOMERSET AND SOUTH GLOUCESTERSHIRE INTEGRATED CARE BOARD",1438079.0,118597838.4,13064763.16
202507,QVV,NHS DORSET INTEGRATED CARE BOARD,1380894.0,106605936.7,12103382.11
202507,QWE,NHS SOUTH WEST LONDON INTEGRATED CARE BOARD,2237473.0,148228386.8,17916738.57
202507,QWO,NHS WEST YORKSHIRE INTEGRATED CARE BOARD,8410917.0,617517622.8,68012950.5
202507,QWU,NHS COVENTRY AND WARWICKSHIRE INTEGRATED CARE BOARD,1953614.0,159843659.7,16012375.87
202507,QXU,NHS SURREY HEARTLANDS INTEGRATED CARE BOARD,1283926.0,100937136.2,12534153.3
202507,QYG,NHS CHESHIRE AND MERSEYSIDE INTEGRATED CARE BOARD,5660235.0,548742824.7,52305562.34
202508,QE1,NHS LANCASHIRE AND SOUTH CUMBRIA INTEGRATED CARE BOARD,3529901.0,265773890.0,29142659.64
202508,QF7,NHS SOUTH YORKSHIRE INTEGRATED CARE BOARD,3038929.0,188583476.0,21332365.18
202508,QGH,NHS HEREFORDSHIRE AND WORCESTERSHIRE INTEGRATED CARE BOARD,1329197.0,549853973.9,22518579.58
202508,QH8,NHS MID AND SOUTH ESSEX INTEGRATED CARE BOARD,1886607.0,127575825.5,18266666.25
202508,QHG,"NHS BEDFORDSHIRE, LUTON AND MILTON KEYNES INTEGRATED CARE BOARD",1356870.0,99475693.1,12068269.45
202508,QHL,NHS BIRMINGHAM AND SOLIHULL INTEGRATED CARE BOARD,2116137.0,235907771.9,20751370.92
202508,QHM,NHS NORTH EAST AND NORTH CUMBRIA INTEGRATED CARE BOARD,7185103.0,447681851.5,49574865.78
202508,QJ2,NHS DERBY AND DERBYSHIRE INTEGRATED CARE BOARD,1784786.0,142778291.4,14627037.83
202508,QJG,NHS SUFFOLK AND NORTH EAST ESSEX INTEGRATED CARE BOARD,2027953.0,123543261.3,15216664.83
202508,QJK,NHS DEVON INTEGRATED CARE BOARD,2135477.0,154837436.1,17469603.939999998
202508,QJM,NHS LINCOLNSHIRE INTEGRATED CARE BOARD,1896553.0,115812225.4,13472333.25
202508,QK1,"NHS LEICESTER, LEICESTERSHIRE AND RUTLAND INTEGRATED CARE BOARD",2068953.0,158462531.7,17437490.72
202508,QKK,NHS SOUTH EAST LONDON INTEGRATED CARE BOARD,2180305.0,168371477.5,19543270.87
202508,QKS,NHS KENT AND MEDWAY INTEGRATED CARE BOARD,2804477.0,440779133.3,29978474.35
202508,QM7,NHS HERTFORDSHIRE AND WEST ESSEX INTEGRATED CARE BOARD,2392517.0,154180207.2,20711290.69
202508,QMF,NHS NORTH EAST LONDON INTEGRATED CARE BOARD,3133308.0,260724454.9,24491784.53
202508,QMJ,NHS NORTH CENTRAL LONDON INTEGRATED CARE BOARD,1973779.0,154600490.2,16808303.21
202508,QMM,NHS NORFOLK AND WAVENEY INTEGRATED CARE BOARD,2139729.0,136725973.7,16159111.2
202508,QNC,NHS STAFFORDSHIRE AND STOKE-ON-TRENT INTEGRATED CARE BOARD,2288972.0,184361401.0,19771813.75
202508,QNQ,NHS FRIMLEY INTEGRATED CARE BOARD,966901.0,73299945.8,9208546.73
202508,QNX,NHS SUSSEX INTEGRATED CARE BOARD,2777572.0,189123409.9,28621021.52
202508,QOC,"NHS SHROPSHIRE, TELFORD AND WREKIN INTEGRATED CARE BOARD",825629.0,64781756.0,7622456.09
202508,QOP,NHS GREATER MANCHESTER INTEGRATED CARE BOARD,5630908.0,484660600.4,51198039.79
202508,QOQ,NHS HUMBER AND NORTH YORKSHIRE INTEGRATED CARE BOARD,3485842.0,241676120.7,26865714.94
202508,QOX,"NHS BATH AND NORTH EAST SOMERSET, SWINDON AND WILTSHIRE INTEGRATED CARE BOARD",1494251.0,101660910.7,11817543.07
202508,QPM,NHS NORTHAMPTONSHIRE INTEGRATED CARE BOARD,1404884.0,82575456.1,10299541.99
202508,QR1,NHS GLOUCESTERSHIRE INTEGRATED CARE BOARD,1152556.0,61924291.1,10373438.18
202508,QRL,NHS HAMPSHIRE AND ISLE OF WIGHT INTEGRATED CARE BOARD,2724158.0,211280076.7,25930871.64
202508,QRV,NHS NORTH WEST LONDON INTEGRATED CARE BOARD,3253849.0,238602369.8,25742436.380000003
202508,QSL,NHS SOMERSET INTEGRATED CARE BOARD,914681.0,63468671.8,8980090.52
202508,QT1,NHS NOTTINGHAM AND NOTTINGHAMSHIRE INTEGRATED CARE BOARD,2159263.0,159744666.7,24670845.91
202508,QT6,NHS CORNWALL AND THE ISLES OF SCILLY INTEGRATED CARE BOARD,1102081.0,68252465.5,8544791.01
202508,QU9,"NHS BUCKINGHAMSHIRE, OXFORDSHIRE AND BERKSHIRE WEST INTEGRATED CARE BOARD",2296239.0,161622370.60000002,23070364.110000003
202508,QUA,NHS BLACK COUNTRY INTEGRATED CARE BOARD,2224867.0,224605645.8,20646565.37
202508,QUE,NHS CAMBRIDGESHIRE AND PETERBOROUGH INTEGRATED CARE BOARD,1862940.0,116110223.1,32908305.19
202508,QUY,"NHS BRISTOL, NORTH SOMERSET AND SOUTH GLOUCESTERSHIRE INTEGRATED CARE BOARD",1300886.0,107959098.2,11857162.15
202508,QVV,NHS DORSET INTEGRATED CARE BOARD,1275215.0,97338760.2,11202519.27
202508,QWE,NHS SOUTH WEST LONDON INTEGRATED CARE BOARD,2081243.0,136668282.3,16479184.28
202508,QWO,NHS WEST YORKSHIRE INTEGRATED CARE BOARD,7610178.0,571839831.9,61868000.1
202508,QWU,NHS COVENTRY AND WARWICKSHIRE INTEGRATED CARE BOARD,1804639.0,145339183.5,14717199.239999998
202508,QXU,NHS SURREY HEARTLANDS INTEGRATED CARE BOARD,1168830.0,89507782.1,11385391.82
202508,QYG,NHS CHESHIRE AND MERSEYSIDE INTEGRATED CARE BOARD,5174381.0,500698579.8,47673842.75
202509,QE1,NHS LANCASHIRE AND SOUTH CUMBRIA INTEGRATED CARE BOARD,3764648.0,287966001.6,32486278.16
202509,QF7,NHS SOUTH YORKSHIRE INTEGRATED CARE BOARD,3208004.0,200247178.9,23463538.26
202509,QGH,NHS HEREFORDSHIRE AND WORCESTERSHIRE INTEGRATED CARE BOARD,1407620.0,576910623.3,24322191.49
202509,QH8,NHS MID AND SOUTH ESSEX INTEGRATED CARE BOARD,1980623.0,135718186.4,20308188.16
202509,QHG,"NHS BEDFORDSHIRE, LUTON AND MILTON KEYNES INTEGRATED CARE BOARD",1446375.0,106261270.9,13864168.52
202509,QHL,NHS BIRMINGHAM AND SOLIHULL INTEGRATED CARE BOARD,2301565.0,255877863.6,23814563.85
202509,QHM,NHS NORTH EAST AND NORTH CUMBRIA INTEGRATED CARE BOARD,7612160.0,473616425.6,54534909.75
202509,QJ2,NHS DERBY AND DERBYSHIRE INTEGRATED CARE BOARD,1877180.0,150423720.6,15711636.670000002
202509,QJG,NHS SUFFOLK AND NORTH EAST ESSEX INTEGRATED CARE BOARD,2120985.0,129543598.0,16684327.84
202509,QJK,NHS DEVON INTEGRATED CARE BOARD,2220279.0,162834550.5,18913780.72
202509,QJM,NHS LINCOLNSHIRE INTEGRATED CARE BOARD,2004117.0,120995725.6,14920300.76
202509,QK1,"NHS LEICESTER, LEICESTERSHIRE AND RUTLAND INTEGRATED CARE BOARD",2178492.0,166007488.2,19531010.65
202509,QKK,NHS SOUTH EAST LONDON INTEGRATED CARE BOARD,2303148.0,178045615.70000002,21581005.42
202509,QKS,NHS KENT AND MEDWAY INTEGRATED CARE BOARD,2947932.0,468116936.9,33006953.24
202509,QM7,NHS HERTFORDSHIRE AND WEST ESSEX INTEGRATED CARE BOARD,2506769.0,162304252.5,22558049.05
202509,QMF,NHS NORTH EAST LONDON INTEGRATED CARE BOARD,3285878.0,268322775.8,26728171.51
202509,QMJ,NHS NORTH CENTRAL LONDON INTEGRATED CARE BOARD,2124323.0,165336713.0,18816992.52
202509,QMM,NHS NORFOLK AND WAVENEY INTEGRATED CARE BOARD,2194512.0,140872867.0,17259385.9
202509,QNC,NHS STAFFORDSHIRE AND STOKE-ON-TRENT INTEGRATED CARE BOARD,2405792.0,192126457.8,21710925.61
202509,QNQ,NHS FRIMLEY INTEGRATED CARE BOARD,1041268.0,80296499.2,10587334.2
202509,QNX,NHS SUSSEX INTEGRATED CARE BOARD,2962787.0,201751848.4,32218022.03
202509,QOC,"NHS SHROPSHIRE, TELFORD AND WREKIN INTEGRATED CARE BOARD",864903.0,67717936.4,8303248.32
202509,QOP,NHS GREATER MANCHESTER INTEGRATED CARE BOARD,6014169.0,519428120.2,56990797.54
202509,QOQ,NHS HUMBER AND NORTH YORKSHIRE INTEGRATED CARE BOARD,3661408.0,254077441.7,29445885.8
202509,QOX,"NHS BATH AND NORTH EAST SOMERSET, SWINDON AND WILTSHIRE INTEGRATED CARE BOARD",1558187.0,105800055.7,13004034.39
202509,QPM,NHS NORTHAMPTONSHIRE INTEGRATED CARE BOARD,1471475.0,85355006.1,11643994.48
202509,QR1,NHS GLOUCESTERSHIRE INTEGRATED CARE BOARD,1209400.0,64497399.7,11323531.57
202509,QRL,NHS HAMPSHIRE AND ISLE OF WIGHT INTEGRATED CARE BOARD,2865902.0,222706175.6,28346850.36
202509,QRV,NHS NORTH WEST LONDON INTEGRATED CARE BOARD,3442236.0,252653733.5,28622280.78
202509,QSL,NHS SOMERSET INTEGRATED CARE BOARD,975517.0,67790882.1,10075691.17
202509,QT1,NHS NOTTINGHAM AND NOTTINGHAMSHIRE INTEGRATED CARE BOARD,2274243.0,167855283.0,26468624.78
202509,QT6,NHS CORNWALL AND THE ISLES OF SCILLY INTEGRATED CARE BOARD,1165269.0,72590832.9,9566860.01
202509,QU9,"NHS BUCKINGHAMSHIRE, OXFORDSHIRE AND BERKSHIRE WEST INTEGRATED CARE BOARD",2431686.0,171489004.6,25705320.91
202509,QUA,NHS BLACK COUNTRY INTEGRATED CARE BOARD,2369871.0,236344326.5,23452641.25
202509,QUE,NHS CAMBRIDGESHIRE AND PETERBOROUGH INTEGRATED CARE BOARD,1932546.0,119920252.8,32841194.17
202509,QUY,"NHS BRISTOL, NORTH SOMERSET AND SOUTH GLOUCESTERSHIRE INTEGRATED CARE BOARD",1391660.0,113909540.6,13139899.4
202509,QVV,NHS DORSET INTEGRATED CARE BOARD,1330224.0,101248899.4,11672237.59
202509,QWE,NHS SOUTH WEST LONDON INTEGRATED CARE BOARD,2198336.0,143576651.3,18236934.1
202509,QWO,NHS WEST YORKSHIRE INTEGRATED CARE BOARD,8035171.0,598243402.1,68342341.85
202509,QWU,NHS COVENTRY AND WARWICKSHIRE INTEGRATED CARE BOARD,1895046.0,155430721.8,16244236.85
202509,QXU,NHS SURREY HEARTLANDS INTEGRATED CARE BOARD,1250238.0,95165707.4,13009786.91
202509,QYG,NHS CHESHIRE AND MERSEYSIDE INTEGRATED CARE BOARD,5479725.0,534643173.6,52137995.17
202510,QE1,NHS LANCASHIRE AND SOUTH CUMBRIA INTEGRATED CARE BOARD,4140419.0,292309983.5,37021865.67
202510,QF7,NHS SOUTH YORKSHIRE INTEGRATED CARE BOARD,3549613.0,208121989.2,27424171.05
202510,QGH,NHS HEREFORDSHIRE AND WORCESTERSHIRE INTEGRATED CARE BOARD,1625076.0,691238318.7,29278588.86
202510,QH8,NHS MID AND SOUTH ESSEX INTEGRATED CARE BOARD,2210490.0,136543957.29999998,23047750.06
202510,QHG,"NHS BEDFORDSHIRE, LUTON AND MILTON KEYNES INTEGRATED CARE BOARD",1621060.0,107771879.9,15734953.9
202510,QHL,NHS BIRMINGHAM AND SOLIHULL INTEGRATED CARE BOARD,2477375.0,257978630.3,25665455.57
202510,QHM,NHS NORTH EAST AND NORTH CUMBRIA INTEGRATED CARE BOARD,8376389.0,487902742.3,63635880.91
202510,QJ2,NHS DERBY AND DERBYSHIRE INTEGRATED CARE BOARD,2132035.0,155255015.6,19005680.92
202510,QJG,NHS SUFFOLK AND NORTH EAST ESSEX INTEGRATED CARE BOARD,2376856.0,132546539.3,19957111.68
202510,QJK,NHS DEVON INTEGRATED CARE BOARD,2536480.0,169398563.6,22934937.82
202510,QJM,NHS LINCOLNSHIRE INTEGRATED CARE BOARD,2233812.0,125313993.5,17718383.23
202510,QK1,"NHS LEICESTER, LEICESTERSHIRE AND RUTLAND INTEGRATED CARE BOARD",2426923.0,173859147.1,22434445.17
202510,QKK,NHS SOUTH EAST LONDON INTEGRATED CARE BOARD,2515884.0,181988447.1,23855493.97
202510,QKS,NHS KENT AND MEDWAY INTEGRATED CARE BOARD,3330408.0,481470647.7000001,37789610.15
202510,QM7,NHS HERTFORDSHIRE AND WEST ESSEX INTEGRATED CARE BOARD,2816832.0,166012671.5,26295775.11
202510,QMF,NHS NORTH EAST LONDON INTEGRATED CARE BOARD,3531365.0,276320508.4,28752906.67
202510,QMJ,NHS NORTH CENTRAL LONDON INTEGRATED CARE BOARD,2304493.0,170052631.8,20480774.95
202510,QMM,NHS NORFOLK AND WAVENEY INTEGRATED CARE BOARD,2498441.0,147334900.8,20876585.4
202510,QNC,NHS STAFFORDSHIRE AND STOKE-ON-TRENT INTEGRATED CARE BOARD,2673061.0,198221042.8,24771363.8
202510,QNQ,NHS FRIMLEY INTEGRATED CARE BOARD,1161368.0,81579089.3,12108251.83
202510,QNX,NHS SUSSEX INTEGRATED CARE BOARD,3331268.0,205691068.1,37000975.54
202510,QOC,"NHS SHROPSHIRE, TELFORD AND WREKIN INTEGRATED CARE BOARD",983812.0,69827505.1,9741391.36
202510,QOP,NHS GREATER MANCHESTER INTEGRATED CARE BOARD,6518466.0,533287275.0,62040045.23
202510,QOQ,NHS HUMBER AND NORTH YORKSHIRE INTEGRATED CARE BOARD,4136849.0,264990579.7,35561925.58
202510,QOX,"NHS BATH AND NORTH EAST SOMERSET, SWINDON AND WILTSHIRE INTEGRATED CARE BOARD",1804251.0,110998673.7,16222925.05
202510,QPM,NHS NORTHAMPTONSHIRE INTEGRATED CARE BOARD,1645186.0,90065756.7,13716855.15
202510,QR1,NHS GLOUCESTERSHIRE INTEGRATED CARE BOARD,1370024.0,66245531.2,13383262.72
202510,QRL,NHS HAMPSHIRE AND ISLE OF WIGHT INTEGRATED CARE BOARD,3302588.0,228537894.3,34066947.7
202510,QRV,NHS NORTH WEST LONDON INTEGRATED CARE BOARD,3740072.0,260137103.4,31240026.11
202510,QSL,NHS SOMERSET INTEGRATED CARE BOARD,1098033.0,69328052.1,11624343.02
202510,QT1,NHS NOTTINGHAM AND NOTTINGHAMSHIRE INTEGRATED CARE BOARD,2546053.0,173345793.6,29877736.52
202510,QT6,NHS CORNWALL AND THE ISLES OF SCILLY INTEGRATED CARE BOARD,1293361.0,74113072.9,11264925.73
202510,QU9,"NHS BUCKINGHAMSHIRE, OXFORDSHIRE AND BERKSHIRE WEST INTEGRATED CARE BOARD",2784789.0,176746404.7,30043393.12
202510,QUA,NHS BLACK COUNTRY INTEGRATED CARE BOARD,2543854.0,239292451.1,25163676.08
202510,QUE,NHS CAMBRIDGESHIRE AND PETERBOROUGH INTEGRATED CARE BOARD,2189270.0,126512073.3,37874728.2
202510,QUY,"NHS BRISTOL, NORTH SOMERSET AND SOUTH GLOUCESTERSHIRE INTEGRATED CARE BOARD",1553043.0,116178339.7,15070894.8
202510,QVV,NHS DORSET INTEGRATED CARE BOARD,1537381.0,104928497.8,14528120.57
202510,QWE,NHS SOUTH WEST LONDON INTEGRATED CARE BOARD,2425899.0,148432446.3,20566645.35
202510,QWO,NHS WEST YORKSHIRE INTEGRATED CARE BOARD,8660781.0,642638814.2,74195091.95
202510,QWU,NHS COVENTRY AND WARWICKSHIRE INTEGRATED CARE BOARD,2096786.0,157597843.0,18366654.81
202510,QXU,NHS SURREY HEARTLANDS INTEGRATED CARE BOARD,1450747.0,99860469.5,15549998.88
202510,QYG,NHS CHESHIRE AND MERSEYSIDE INTEGRATED CARE BOARD,5974575.0,540471805.5999999,57766359.23
202511,QE1,NHS LANCASHIRE AND SOUTH CUMBRIA INTEGRATED CARE BOARD,3632471.0,269488184.0,31061810.01
202511,QF7,NHS SOUTH YORKSHIRE INTEGRATED CARE BOARD,3085152.0,187568717.7,22444156.48
202511,QGH,NHS HEREFORDSHIRE AND WORCESTERSHIRE INTEGRATED CARE BOARD,1395209.0,541811904.3,23305111.35
202511,QH8,NHS MID AND SOUTH ESSEX INTEGRATED CARE BOARD,1914269.0,127221928.7,19185238.94
202511,QHG,"NHS BEDFORDSHIRE, LUTON AND MILTON KEYNES INTEGRATED CARE BOARD",1433581.0,101201828.1,13290359.42
202511,QHL,NHS BIRMINGHAM AND SOLIHULL INTEGRATED CARE BOARD,2196710.0,239650540.0,22172299.37
202511,QHM,NHS NORTH EAST AND NORTH CUMBRIA INTEGRATED CARE BOARD,7394690.0,445827594.9,52975101.64
202511,QJ2,NHS DERBY AND DERBYSHIRE INTEGRATED CARE BOARD,1837831.0,142392292.7,15470119.75
202511,QJG,NHS SUFFOLK AND NORTH EAST ESSEX INTEGRATED CARE BOARD,2061141.0,122871009.8,16135584.31
202511,QJK,NHS DEVON INTEGRATED CARE BOARD,2201041.0,155930145.1,18820205.26
202511,QJM,NHS LINCOLNSHIRE INTEGRATED CARE BOARD,1945299.0,116667797.1,14397993.510000002
202511,QK1,"NHS LEICESTER, LEICESTERSHIRE AND RUTLAND INTEGRATED CARE BOARD",2129657.0,160711473.4,19087684.06
202511,QKK,NHS SOUTH EAST LONDON INTEGRATED CARE BOARD,2263779.0,169615364.6,20558355.85
202511,QKS,NHS KENT AND MEDWAY INTEGRATED CARE BOARD,2900489.0,437433585.3,32139167.68
202511,QM7,NHS HERTFORDSHIRE AND WEST ESSEX INTEGRATED CARE BOARD,2474544.0,155881805.0,21757457.75
202511,QMF,NHS NORTH EAST LONDON INTEGRATED CARE BOARD,3238408.0,263494307.5,25685045.43
202511,QMJ,NHS NORTH CENTRAL LONDON INTEGRATED CARE BOARD,2091957.0,159932187.8,18269628.64
202511,QMM,NHS NORFOLK AND WAVENEY INTEGRATED CARE BOARD,2162327.0,134341307.5,16925338.91
202511,QNC,NHS STAFFORDSHIRE AND STOKE-ON-TRENT INTEGRATED CARE BOARD,2358142.0,181585158.0,20904977.450000003
202511,QNQ,NHS FRIMLEY INTEGRATED CARE BOARD,1027426.0,75640581.69999999,10296504.42
202511,QNX,NHS SUSSEX INTEGRATED CARE BOARD,2889038.0,191286975.8,31160739.51
202511,QOC,"NHS SHROPSHIRE, TELFORD AND WREKIN INTEGRATED CARE BOARD",851146.0,64766293.1,8125763.12
202511,QOP,NHS GREATER MANCHESTER INTEGRATED CARE BOARD,5733171.0,484984643.8,53108224.120000005
202511,QOQ,NHS HUMBER AND NORTH YORKSHIRE INTEGRATED CARE BOARD,3528218.0,238801111.1,28249175.78
202511,QOX,"NHS BATH AND NORTH EAST SOMERSET, SWINDON AND WILTSHIRE INTEGRATED CARE BOARD",1540160.0,102154536.3,12898142.68
202511,QPM,NHS NORTHAMPTONSHIRE INTEGRATED CARE BOARD,1423262.0,81830716.2,11247117.43
202511,QR1,NHS GLOUCESTERSHIRE INTEGRATED CARE BOARD,1168190.0,61513922.5,10823982.89
202511,QRL,NHS HAMPSHIRE AND ISLE OF WIGHT INTEGRATED CARE BOARD,2837274.0,212158299.4,27921863.59
202511,QRV,NHS NORTH WEST LONDON INTEGRATED CARE BOARD,3378757.0,238623831.0,27051204.75
202511,QSL,NHS SOMERSET INTEGRATED CARE BOARD,967849.0,64065296.2,9977505.0
202511,QT1,NHS NOTTINGHAM AND NOTTINGHAMSHIRE INTEGRATED CARE BOARD,2224196.0,159117036.9,25498318.02
202511,QT6,NHS CORNWALL AND THE ISLES OF SCILLY INTEGRATED CARE BOARD,1137563.0,68716534.0,9402875.82
202511,QU9,"NHS BUCKINGHAMSHIRE, OXFORDSHIRE AND BERKSHIRE WEST INTEGRATED CARE BOARD",2418605.0,164372725.7,25061187.94
202511,QUA,NHS BLACK COUNTRY INTEGRATED CARE BOARD,2253175.0,219956881.9,21849386.42
202511,QUE,NHS CAMBRIDGESHIRE AND PETERBOROUGH INTEGRATED CARE BOARD,1911382.0,116513061.4,33828556.69
202511,QUY,"NHS BRISTOL, NORTH SOMERSET AND SOUTH GLOUCESTERSHIRE INTEGRATED CARE BOARD",1375641.0,106991044.1,13307003.7
202511,QVV,NHS DORSET INTEGRATED CARE BOARD,1313967.0,96683185.8,11538815.74
202511,QWE,NHS SOUTH WEST LONDON INTEGRATED CARE BOARD,2171876.0,140166426.1,17657446.560000002
202511,QWO,NHS WEST YORKSHIRE INTEGRATED CARE BOARD,7743254.0,575702193.9,64635227.72
202511,QWU,NHS COVENTRY AND WARWICKSHIRE INTEGRATED CARE BOARD,1855769.0,149382483.6,15656704.989999998
202511,QXU,NHS SURREY HEARTLANDS INTEGRATED CARE BOARD,1259164.0,92697442.3,12834665.33
202511,QYG,NHS CHESHIRE AND MERSEYSIDE INTEGRATED CARE BOARD,5280464.0,494064644.0,50197611.24
202512,QE1,NHS LANCASHIRE AND SOUTH CUMBRIA INTEGRATED CARE BOARD,3980856.0,298057036.9,33225530.76
202512,QF7,NHS SOUTH YORKSHIRE INTEGRATED CARE BOARD,3397180.0,209750392.4,24177906.23
202512,QGH,NHS HEREFORDSHIRE AND WORCESTERSHIRE INTEGRATED CARE BOARD,1493101.0,636711928.0999999,26171485.1
202512,QH8,NHS MID AND SOUTH ESSEX INTEGRATED CARE BOARD,2119353.0,141294665.8,20833099.91
202512,QHG,"NHS BEDFORDSHIRE, LUTON AND MILTON KEYNES INTEGRATED CARE BOARD",1547318.0,110415386.1,13745389.9
202512,QHL,NHS BIRMINGHAM AND SOLIHULL INTEGRATED CARE BOARD,2401654.0,257453059.0,24045996.630000003
202512,QHM,NHS NORTH EAST AND NORTH CUMBRIA INTEGRATED CARE BOARD,8001706.0,489476070.4,56393902.59
202512,QJ2,NHS DERBY AND DERBYSHIRE INTEGRATED CARE BOARD,2027780.0,160153350.1,16648289.0
202512,QJG,NHS SUFFOLK AND NORTH EAST ESSEX INTEGRATED CARE BOARD,2242083.0,134325513.9,17078510.69
202512,QJK,NHS DEVON INTEGRATED CARE BOARD,2377590.0,171467554.9,19920812.64
202512,QJM,NHS LINCOLNSHIRE INTEGRATED CARE BOARD,2104509.0,126684912.7,15125748.01
202512,QK1,"NHS LEICESTER, LEICESTERSHIRE AND RUTLAND INTEGRATED CARE BOARD",2319316.0,175198271.5,20121693.17
202512,QKK,NHS SOUTH EAST LONDON INTEGRATED CARE BOARD,2436411.0,182758700.4,21832817.9
202512,QKS,NHS KENT AND MEDWAY INTEGRATED CARE BOARD,3209241.0,495090059.2000001,35153425.33
202512,QM7,NHS HERTFORDSHIRE AND WEST ESSEX INTEGRATED CARE BOARD,2650397.0,167803892.7,22980788.68
202512,QMF,NHS NORTH EAST LONDON INTEGRATED CARE BOARD,3448758.0,277329832.9,27173163.53
202512,QMJ,NHS NORTH CENTRAL LONDON INTEGRATED CARE BOARD,2242724.0,168708469.8,19231130.42
202512,QMM,NHS NORFOLK AND WAVENEY INTEGRATED CARE BOARD,2342266.0,148427858.4,17793678.54
202512,QNC,NHS STAFFORDSHIRE AND STOKE-ON-TRENT INTEGRATED CARE BOARD,2563521.0,197379426.5,22122521.29
202512,QNQ,NHS FRIMLEY INTEGRATED CARE BOARD,1110365.0,83742890.69999999,10970473.23
202512,QNX,NHS SUSSEX INTEGRATED CARE BOARD,3183526.0,213745438.1,33583895.65
202512,QOC,"NHS SHROPSHIRE, TELFORD AND WREKIN INTEGRATED CARE BOARD",927805.0,70633651.3,8678766.38
202512,QOP,NHS GREATER MANCHESTER INTEGRATED CARE BOARD,6304523.0,530556068.5,57015740.06
202512,QOQ,NHS HUMBER AND NORTH YORKSHIRE INTEGRATED CARE BOARD,3898976.0,265504162.4,30464294.160000004
202512,QOX,"NHS BATH AND NORTH EAST SOMERSET, SWINDON AND WILTSHIRE INTEGRATED CARE BOARD",1682259.0,112909563.3,13563162.02
202512,QPM,NHS NORTHAMPTONSHIRE INTEGRATED CARE BOARD,1547936.0,89778005.60000001,11919024.8
202512,QR1,NHS GLOUCESTERSHIRE INTEGRATED CARE BOARD,1284629.0,68491811.3,11610216.98
202512,QRL,NHS HAMPSHIRE AND ISLE OF WIGHT INTEGRATED CARE BOARD,3083508.0,231348750.9,29528543.94
202512,QRV,NHS NORTH WEST LONDON INTEGRATED CARE BOARD,3658737.0,259586522.3,29106017.79
202512,QSL,NHS SOMERSET INTEGRATED CARE BOARD,1044277.0,71817489.0,10386351.26
202512,QT1,NHS NOTTINGHAM AND NOTTINGHAMSHIRE INTEGRATED CARE BOARD,2423689.0,175189845.0,27648881.41
202512,QT6,NHS CORNWALL AND THE ISLES OF SCILLY INTEGRATED CARE BOARD,1237049.0,74636607.1,9991876.77
202512,QU9,"NHS BUCKINGHAMSHIRE, OXFORDSHIRE AND BERKSHIRE WEST INTEGRATED CARE BOARD",2599011.0,179203597.2,26548792.75
202512,QUA,NHS BLACK COUNTRY INTEGRATED CARE BOARD,2481663.0,241259881.3,23635299.97
202512,QUE,NHS CAMBRIDGESHIRE AND PETERBOROUGH INTEGRATED CARE BOARD,2027633.0,123946361.7,33858338.98
202512,QUY,"NHS BRISTOL, NORTH SOMERSET AND SOUTH GLOUCESTERSHIRE INTEGRATED CARE BOARD",1460531.0,114920737.1,13562587.18
202512,QVV,NHS DORSET INTEGRATED CARE BOARD,1414260.0,104719023.1,12054099.680000002
202512,QWE,NHS SOUTH WEST LONDON INTEGRATED CARE BOARD,2334768.0,147460743.0,18699014.25
202512,QWO,NHS WEST YORKSHIRE INTEGRATED CARE BOARD,8498297.0,622848637.7,69715549.69
202512,QWU,NHS COVENTRY AND WARWICKSHIRE INTEGRATED CARE BOARD,2027106.0,159909015.1,16783722.11
202512,QXU,NHS SURREY HEARTLANDS INTEGRATED CARE BOARD,1326747.0,99101375.0,13226768.85
202512,QYG,NHS CHESHIRE AND MERSEYSIDE INTEGRATED CARE BOARD,5870317.0,550215225.3,54363852.03
202601,QE1,NHS LANCASHIRE AND SOUTH CUMBRIA INTEGRATED CARE BOARD,3745804.0,281991652.20000005,30930281.33
202601,QF7,NHS SOUTH YORKSHIRE INTEGRATED CARE BOARD,3247835.0,201131401.8,22915817.2
202601,QGH,NHS HEREFORDSHIRE AND WORCESTERSHIRE INTEGRATED CARE BOARD,1432523.0,545398036.4,23480259.55
202601,QH8,NHS MID AND SOUTH ESSEX INTEGRATED CARE BOARD,2012858.0,136444064.9,19545251.92
202601,QHG,"NHS BEDFORDSHIRE, LUTON AND MILTON KEYNES INTEGRATED CARE BOARD",1479538.0,106015287.9,13066688.12
202601,QHL,NHS BIRMINGHAM AND SOLIHULL INTEGRATED CARE BOARD,2286789.0,253272280.4,22776440.31
202601,QHM,NHS NORTH EAST AND NORTH CUMBRIA INTEGRATED CARE BOARD,7718766.0,479140712.7000001,53943034.69
202601,QJ2,NHS DERBY AND DERBYSHIRE INTEGRATED CARE BOARD,1913257.0,152666600.3,15538383.61
202601,QJG,NHS SUFFOLK AND NORTH EAST ESSEX INTEGRATED CARE BOARD,2145496.0,129642905.0,16052858.57
202601,QJK,NHS DEVON INTEGRATED CARE BOARD,2290599.0,166722835.9,18929847.65
202601,QJM,NHS LINCOLNSHIRE INTEGRATED CARE BOARD,2053854.0,125583797.7,14742643.8
202601,QK1,"NHS LEICESTER, LEICESTERSHIRE AND RUTLAND INTEGRATED CARE BOARD",2228867.0,169785740.1,19209180.65
202601,QKK,NHS SOUTH EAST LONDON INTEGRATED CARE BOARD,2390966.0,183087979.0,21238691.03
202601,QKS,NHS KENT AND MEDWAY INTEGRATED CARE BOARD,3003809.0,476227965.7,32798037.39
202601,QM7,NHS HERTFORDSHIRE AND WEST ESSEX INTEGRATED CARE BOARD,2550776.0,162012300.5,21868353.11
202601,QMF,NHS NORTH EAST LONDON INTEGRATED CARE BOARD,3378298.0,275448515.8,26150361.68
202601,QMJ,NHS NORTH CENTRAL LONDON INTEGRATED CARE BOARD,2170119.0,167576609.76,18416579.26
202601,QMM,NHS NORFOLK AND WAVENEY INTEGRATED CARE BOARD,2238288.0,141874946.3,16837647.96
202601,QNC,NHS STAFFORDSHIRE AND STOKE-ON-TRENT INTEGRATED CARE BOARD,2451430.0,191593334.9,21057677.37
202601,QNQ,NHS FRIMLEY INTEGRATED CARE BOARD,1058180.0,79482887.80000001,10299269.8
202601,QNX,NHS SUSSEX INTEGRATED CARE BOARD,2990445.0,200651243.3,31611369.89
202601,QOC,"NHS SHROPSHIRE, TELFORD AND WREKIN INTEGRATED CARE BOARD",880002.0,68113274.2,8175494.1
202601,QOP,NHS GREATER MANCHESTER INTEGRATED CARE BOARD,6035457.0,519701909.3,54985589.31
202601,QOQ,NHS HUMBER AND NORTH YORKSHIRE INTEGRATED CARE BOARD,3726983.0,256636713.0,28987368.54
202601,QOX,"NHS BATH AND NORTH EAST SOMERSET, SWINDON AND WILTSHIRE INTEGRATED CARE BOARD",1594526.0,108608154.3,12854922.37
202601,QPM,NHS NORTHAMPTONSHIRE INTEGRATED CARE BOARD,1505922.0,87705075.9,11534840.04
202601,QR1,NHS GLOUCESTERSHIRE INTEGRATED CARE BOARD,1233697.0,66861623.9,11130109.62
202601,QRL,NHS HAMPSHIRE AND ISLE OF WIGHT INTEGRATED CARE BOARD,2936355.0,225085256.3,28172928.89
202601,QRV,NHS NORTH WEST LONDON INTEGRATED CARE BOARD,3552812.0,256040248.2,27793754.04
202601,QSL,NHS SOMERSET INTEGRATED CARE BOARD,990488.0,68199681.80000001,10053323.65
202601,QT1,NHS NOTTINGHAM AND NOTTINGHAMSHIRE INTEGRATED CARE BOARD,2345522.0,172053120.7,26098409.87
202601,QT6,NHS CORNWALL AND THE ISLES OF SCILLY INTEGRATED CARE BOARD,1161167.0,71083865.7,9310394.55
202601,QU9,"NHS BUCKINGHAMSHIRE, OXFORDSHIRE AND BERKSHIRE WEST INTEGRATED CARE BOARD",2492436.0,172082328.4,25012391.47
202601,QUA,NHS BLACK COUNTRY INTEGRATED CARE BOARD,2370168.0,231770294.0,22613171.21
202601,QUE,NHS CAMBRIDGESHIRE AND PETERBOROUGH INTEGRATED CARE BOARD,1994481.0,123754153.0,34570708.91
202601,QUY,"NHS BRISTOL, NORTH SOMERSET AND SOUTH GLOUCESTERSHIRE INTEGRATED CARE BOARD",1406522.0,113946767.8,13128748.05
202601,QVV,NHS DORSET INTEGRATED CARE BOARD,1348004.0,100492756.6,11384664.85
202601,QWE,NHS SOUTH WEST LONDON INTEGRATED CARE BOARD,2249146.0,146050654.9,17756718.799999997
202601,QWO,NHS WEST YORKSHIRE INTEGRATED CARE BOARD,8248652.0,614109937.5,67912675.91
202601,QWU,NHS COVENTRY AND WARWICKSHIRE INTEGRATED CARE BOARD,1928190.0,157912987.4,15698072.03
202601,QXU,NHS SURREY HEARTLANDS INTEGRATED CARE BOARD,1308197.0,99154178.3,12936024.42
202601,QYG,NHS CHESHIRE AND MERSEYSIDE INTEGRATED CARE BOARD,5532111.0,523027135.0,51023488.57
202602,QE1,NHS LANCASHIRE AND SOUTH CUMBRIA INTEGRATED CARE BOARD,3438285.0,261380426.9,28481886.12
202602,QF7,NHS SOUTH YORKSHIRE INTEGRATED CARE BOARD,2961227.0,183332520.7,21010882.98
202602,QGH,NHS HEREFORDSHIRE AND WORCESTERSHIRE INTEGRATED CARE BOARD,1321251.0,538878274.5,22739129.630000003
202602,QH8,NHS MID AND SOUTH ESSEX INTEGRATED CARE BOARD (C 02-Apr-26),1857241.0,124264815.2,18403330.06
202602,QHG,"NHS BEDFORDSHIRE, LUTON AND MILTON KEYNES INTEGRATED CARE BOARD (C 02-Apr-26)",1362876.0,98073098.8,12139643.66
202602,QHL,NHS BIRMINGHAM AND SOLIHULL INTEGRATED CARE BOARD,2130716.0,233658370.4,21277338.45
202602,QHM,NHS NORTH EAST AND NORTH CUMBRIA INTEGRATED CARE BOARD,7061448.0,437248133.4,49596095.59
202602,QJ2,NHS DERBY AND DERBYSHIRE INTEGRATED CARE BOARD,1750919.0,140782642.0,14251210.91
202602,QJG,NHS SUFFOLK AND NORTH EAST ESSEX INTEGRATED CARE BOARD (C 02-Apr-26),1953580.0,118575840.2,14758709.79
202602,QJK,NHS DEVON INTEGRATED CARE BOARD,2085998.0,153465344.6,17353869.700000003
202602,QJM,NHS LINCOLNSHIRE INTEGRATED CARE BOARD,1876460.0,114562147.3,13385400.34
202602,QK1,"NHS LEICESTER, LEICESTERSHIRE AND RUTLAND INTEGRATED CARE BOARD",2032055.0,154823929.10000002,17485659.28
202602,QKK,NHS SOUTH EAST LONDON INTEGRATED CARE BOARD,2215598.0,168745642.0,19663672.37
202602,QKS,NHS KENT AND MEDWAY INTEGRATED CARE BOARD,2772741.0,429690607.8,30320296.89
202602,QM7,NHS HERTFORDSHIRE AND WEST ESSEX INTEGRATED CARE BOARD (C 02-Apr-26),2369555.0,151939352.4,20410991.31
202602,QMF,NHS NORTH EAST LONDON INTEGRATED CARE BOARD,3166150.0,256091769.5,24503754.06
202602,QMJ,NHS NORTH CENTRAL LONDON INTEGRATED CARE BOARD (C 02-Apr-26),2017255.0,153757109.88,17140389.37
202602,QMM,NHS NORFOLK AND WAVENEY INTEGRATED CARE BOARD (C 02-Apr-26),2066447.0,131445485.5,15648820.37
202602,QNC,NHS STAFFORDSHIRE AND STOKE-ON-TRENT INTEGRATED CARE BOARD,2234694.0,175655862.6,19224755.09
202602,QNQ,NHS FRIMLEY INTEGRATED CARE BOARD (C 02-Apr-26),970948.0,73448540.9,9458218.14
202602,QNX,NHS SUSSEX INTEGRATED CARE BOARD (C 02-Apr-26),2765488.0,186421721.2,29195380.76
202602,QOC,"NHS SHROPSHIRE, TELFORD AND WREKIN INTEGRATED CARE BOARD",825977.0,64677830.5,7794813.72
202602,QOP,NHS GREATER MANCHESTER INTEGRATED CARE BOARD,5564141.0,477208198.4,50763578.85
202602,QOQ,NHS HUMBER AND NORTH YORKSHIRE INTEGRATED CARE BOARD,3398296.0,234112779.6,26615772.37
202602,QOX,"NHS BATH AND NORTH EAST SOMERSET, SWINDON AND WILTSHIRE INTEGRATED CARE BOARD",1470936.0,99769241.3,11914511.76
202602,QPM,NHS NORTHAMPTONSHIRE INTEGRATED CARE BOARD,1382330.0,80809089.7,10565331.24
202602,QR1,NHS GLOUCESTERSHIRE INTEGRATED CARE BOARD,1129268.0,60734968.2,10224029.7
202602,QRL,NHS HAMPSHIRE AND ISLE OF WIGHT INTEGRATED CARE BOARD,2694880.0,203419773.7,25799410.47
202602,QRV,NHS NORTH WEST LONDON INTEGRATED CARE BOARD (C 02-Apr-26),3281605.0,233816703.6,25730360.27
202602,QSL,NHS SOMERSET INTEGRATED CARE BOARD,900907.0,62460639.400000006,9025314.4
202602,QT1,NHS NOTTINGHAM AND NOTTINGHAMSHIRE INTEGRATED CARE BOARD,2130115.0,154361364.39999998,24233297.020000003
202602,QT6,NHS CORNWALL AND THE ISLES OF SCILLY INTEGRATED CARE BOARD,1078725.0,66766866.9,8660025.780000001
202602,QU9,"NHS BUCKINGHAMSHIRE, OXFORDSHIRE AND BERKSHIRE WEST INTEGRATED CARE BOARD (C 02-Apr-26)",2297908.0,159292798.3,23066950.92
202602,QUA,NHS BLACK COUNTRY INTEGRATED CARE BOARD,2193434.0,214821678.0,20922092.15
202602,QUE,NHS CAMBRIDGESHIRE AND PETERBOROUGH INTEGRATED CARE BOARD (C 02-Apr-26),1812103.0,111658383.0,30702099.23
202602,QUY,"NHS BRISTOL, NORTH SOMERSET AND SOUTH GLOUCESTERSHIRE INTEGRATED CARE BOARD",1294636.0,105533100.3,12044050.51
202602,QVV,NHS DORSET INTEGRATED CARE BOARD,1248498.0,93350549.4,10705306.31
202602,QWE,NHS SOUTH WEST LONDON INTEGRATED CARE BOARD,2074952.0,134364997.0,16389438.54
202602,QWO,NHS WEST YORKSHIRE INTEGRATED CARE BOARD,7516930.0,557012971.5,61886300.69
202602,QWU,NHS COVENTRY AND WARWICKSHIRE INTEGRATED CARE BOARD,1806361.0,148856908.9,14769117.33
202602,QXU,NHS SURREY HEARTLANDS INTEGRATED CARE BOARD (C 02-Apr-26),1188089.0,94599072.4,11704257.6
202602,QYG,NHS CHESHIRE AND MERSEYSIDE INTEGRATED CARE BOARD,5089811.0,481900825.6,47311854.36
202603,QE1,NHS LANCASHIRE AND SOUTH CUMBRIA INTEGRATED CARE BOARD,3811729.0,286208531.0,31633579.0
202603,QF7,NHS SOUTH YORKSHIRE INTEGRATED CARE BOARD,3282895.0,203949362.8,23342013.74
202603,QGH,NHS HEREFORDSHIRE AND WORCESTERSHIRE INTEGRATED CARE BOARD,1434765.0,598026975.3,24988117.88
202603,QH8,NHS MID AND SOUTH ESSEX INTEGRATED CARE BOARD (C 01-Apr-26),2021590.0,136928375.4,20022890.85
202603,QHG,"NHS BEDFORDSHIRE, LUTON AND MILTON KEYNES INTEGRATED CARE BOARD (C 01-Apr-26)",1481322.0,107151108.9,13022560.31
202603,QHL,NHS BIRMINGHAM AND SOLIHULL INTEGRATED CARE BOARD,2311619.0,255325766.3,23189251.89
202603,QHM,NHS NORTH EAST AND NORTH CUMBRIA INTEGRATED CARE BOARD,7753475.0,472687024.7000001,54304471.75
202603,QJ2,NHS DERBY AND DERBYSHIRE INTEGRATED CARE BOARD,1928735.0,154522304.60000002,15746851.65
202603,QJG,NHS SUFFOLK AND NORTH EAST ESSEX INTEGRATED CARE BOARD (C 01-Apr-26),2153905.0,131905243.7,16357695.12
202603,QJK,NHS DEVON INTEGRATED CARE BOARD,2272932.0,166057050.2,18998309.1
202603,QJM,NHS LINCOLNSHIRE INTEGRATED CARE BOARD,2030344.0,123673612.1,14596897.759999998
202603,QK1,"NHS LEICESTER, LEICESTERSHIRE AND RUTLAND INTEGRATED CARE BOARD",2254701.0,171284495.4,19298341.2
202603,QKK,NHS SOUTH EAST LONDON INTEGRATED CARE BOARD,2365494.0,181719366.2,21378733.08
202603,QKS,NHS KENT AND MEDWAY INTEGRATED CARE BOARD,3042507.0,474985418.1,33330820.65
202603,QM7,NHS HERTFORDSHIRE AND WEST ESSEX INTEGRATED CARE BOARD (C 01-Apr-26),2564278.0,164393336.0,22408824.92
202603,QMF,NHS NORTH EAST LONDON INTEGRATED CARE BOARD,3370727.0,274486545.8,26210349.83
202603,QMJ,NHS NORTH CENTRAL LONDON INTEGRATED CARE BOARD (C 01-Apr-26),2205944.0,168485181.10000002,18926977.2
202603,QMM,NHS NORFOLK AND WAVENEY INTEGRATED CARE BOARD (C 01-Apr-26),2260587.0,142554776.46,17128343.57
202603,QNC,NHS STAFFORDSHIRE AND STOKE-ON-TRENT INTEGRATED CARE BOARD,2466784.0,191201167.1,21286777.72
202603,QNQ,NHS FRIMLEY INTEGRATED CARE BOARD (C 01-Apr-26),1067483.0,80387471.4,10512667.23
202603,QNX,NHS SUSSEX INTEGRATED CARE BOARD (C 01-Apr-26),3012275.0,203604738.8,32138441.99
202603,QOC,"NHS SHROPSHIRE, TELFORD AND WREKIN INTEGRATED CARE BOARD",877395.0,68105628.8,8170214.22
202603,QOP,NHS GREATER MANCHESTER INTEGRATED CARE BOARD,6104634.0,525204225.3,55435632.13
202603,QOQ,NHS HUMBER AND NORTH YORKSHIRE INTEGRATED CARE BOARD,3741263.0,259917298.3,29413561.91
202603,QOX,"NHS BATH AND NORTH EAST SOMERSET, SWINDON AND WILTSHIRE INTEGRATED CARE BOARD",1606344.0,108484264.8,12975163.98
202603,QPM,NHS NORTHAMPTONSHIRE INTEGRATED CARE BOARD,1517339.0,89954137.9,11781455.35
202603,QR1,NHS GLOUCESTERSHIRE INTEGRATED CARE BOARD,1223042.0,66436903.5,11165060.71
202603,QRL,NHS HAMPSHIRE AND ISLE OF WIGHT INTEGRATED CARE BOARD,2943529.0,224455115.7,28371793.76
202603,QRV,NHS NORTH WEST LONDON INTEGRATED CARE BOARD (C 01-Apr-26),3558604.0,254312293.8,28151242.66
202603,QSL,NHS SOMERSET INTEGRATED CARE BOARD,1007198.0,69213583.2,10470251.27
202603,QT1,NHS NOTTINGHAM AND NOTTINGHAMSHIRE INTEGRATED CARE BOARD,2334823.0,168945158.7,26669347.65
202603,QT6,NHS CORNWALL AND THE ISLES OF SCILLY INTEGRATED CARE BOARD,1156703.0,70434815.5,9358235.24
202603,QU9,"NHS BUCKINGHAMSHIRE, OXFORDSHIRE AND BERKSHIRE WEST INTEGRATED CARE BOARD (C 01-Apr-26)",2482885.0,174051904.5,25328603.12
202603,QUA,NHS BLACK COUNTRY INTEGRATED CARE BOARD,2376207.0,233812276.0,22940419.04
202603,QUE,NHS CAMBRIDGESHIRE AND PETERBOROUGH INTEGRATED CARE BOARD (C 01-Apr-26),1975570.0,121680206.6,33041949.39
202603,QUY,"NHS BRISTOL, NORTH SOMERSET AND SOUTH GLOUCESTERSHIRE INTEGRATED CARE BOARD",1400536.0,113573215.9,12906717.329999998
202603,QVV,NHS DORSET INTEGRATED CARE BOARD,1362724.0,101569991.7,11653975.4
202603,QWE,NHS SOUTH WEST LONDON INTEGRATED CARE BOARD,2257198.0,146449111.6,17868324.98
202603,QWO,NHS WEST YORKSHIRE INTEGRATED CARE BOARD,8435628.0,614748526.0,69600374.78
202603,QWU,NHS COVENTRY AND WARWICKSHIRE INTEGRATED CARE BOARD,1961834.0,162009155.10000002,16089943.16
202603,QXU,NHS SURREY HEARTLANDS INTEGRATED CARE BOARD (C 01-Apr-26),1299988.0,97760556.4,12845440.5
202603,QYG,NHS CHESHIRE AND MERSEYSIDE INTEGRATED CARE BOARD,5571349.0,528818032.6,51611267.38
202604,D7T5G,NHS ESSEX INTEGRATED CARE BOARD,3354823.0,222142076.8,32089955.76
202604,QE1,NHS LANCASHIRE AND SOUTH CUMBRIA INTEGRATED CARE BOARD,3717217.0,281842174.5,30687937.37
202604,QF7,NHS SOUTH YORKSHIRE INTEGRATED CARE BOARD,3211395.0,199307929.0,23012879.8
202604,QGH,NHS HEREFORDSHIRE AND WORCESTERSHIRE INTEGRATED CARE BOARD,1408997.0,579177003.1,24859744.83
202604,QHL,NHS BIRMINGHAM AND SOLIHULL INTEGRATED CARE BOARD,2292266.0,254178828.7,23176725.26
202604,QHM,NHS NORTH EAST AND NORTH CUMBRIA INTEGRATED CARE BOARD,7631420.0,471259298.3,54273316.05
202604,QJ2,NHS DERBY AND DERBYSHIRE INTEGRATED CARE BOARD,1881816.0,153228654.6,15475621.85
202604,QJK,NHS DEVON INTEGRATED CARE BOARD,2203435.0,161903251.29999998,18524343.68
202604,QJM,NHS LINCOLNSHIRE INTEGRATED CARE BOARD,2030649.0,123868296.7,14710486.92
202604,QK1,"NHS LEICESTER, LEICESTERSHIRE AND RUTLAND INTEGRATED CARE BOARD",2216186.0,170002225.6,19243032.2
202604,QKK,NHS SOUTH EAST LONDON INTEGRATED CARE BOARD,2362644.0,180109577.3,21150822.64
202604,QKS,NHS KENT AND MEDWAY INTEGRATED CARE BOARD,2978000.0,445851047.0,32448680.01
202604,QMF,NHS NORTH EAST LONDON INTEGRATED CARE BOARD,3352736.0,274181723.6,26282373.61
202604,QNC,NHS STAFFORDSHIRE AND STOKE-ON-TRENT INTEGRATED CARE BOARD,2416931.0,189054435.4,21195317.15
202604,QOC,"NHS SHROPSHIRE, TELFORD AND WREKIN INTEGRATED CARE BOARD",870625.0,67912403.8,8291936.29
202604,QOP,NHS GREATER MANCHESTER INTEGRATED CARE BOARD,5946242.0,513852162.8,54549638.48
202604,QOQ,NHS HUMBER AND NORTH YORKSHIRE INTEGRATED CARE BOARD,3689439.0,255180193.4,29202073.6
202604,QOX,"NHS BATH AND NORTH EAST SOMERSET, SWINDON AND WILTSHIRE INTEGRATED CARE BOARD",1565911.0,106577555.9,12827262.56
202604,QPM,NHS NORTHAMPTONSHIRE INTEGRATED CARE BOARD,1490578.0,88575668.5,11586633.74
202604,QR1,NHS GLOUCESTERSHIRE INTEGRATED CARE BOARD,1188067.0,64495226.7,10885700.82
202604,QRL,NHS HAMPSHIRE AND ISLE OF WIGHT INTEGRATED CARE BOARD,3155746.0,243071006.5,30973921.01
202604,QSL,NHS SOMERSET INTEGRATED CARE BOARD,978157.0,67825974.1,10042056.47
202604,QT1,NHS NOTTINGHAM AND NOTTINGHAMSHIRE INTEGRATED CARE BOARD,2302976.0,168269218.6,25640584.0
202604,QT6,NHS CORNWALL AND THE ISLES OF SCILLY INTEGRATED CARE BOARD,1148923.0,70814987.9,9339875.45
202604,QUA,NHS BLACK COUNTRY INTEGRATED CARE BOARD,2336599.0,235507780.3,22839340.7
202604,QUY,"NHS BRISTOL, NORTH SOMERSET AND SOUTH GLOUCESTERSHIRE INTEGRATED CARE BOARD",1359516.0,111794879.0,13081017.830000002
202604,QVV,NHS DORSET INTEGRATED CARE BOARD,1335425.0,98627560.3,11450640.2
202604,QWE,NHS SOUTH WEST LONDON INTEGRATED CARE BOARD,2255463.0,147652189.3,18107734.14
202604,QWO,NHS WEST YORKSHIRE INTEGRATED CARE BOARD,7872799.0,591603981.5,65809863.75
202604,QWU,NHS COVENTRY AND WARWICKSHIRE INTEGRATED CARE BOARD,1919695.0,160505313.8,15903370.31
202604,QYG,NHS CHESHIRE AND MERSEYSIDE INTEGRATED CARE BOARD,5458905.0,517709224.1,50878453.38
202604,S0E4D,NHS THAMES VALLEY INTEGRATED CARE BOARD,3030522.0,216531606.6,30580466.58
202604,S1Y5D,NHS CENTRAL EAST INTEGRATED CARE BOARD,5370231.0,353134247.5,63010027.74
202604,S9B9J,NHS SURREY AND SUSSEX INTEGRATED CARE BOARD,4410139.0,311228389.9,45790778.23
202604,T6Y0W,NHS NORFOLK AND SUFFOLK INTEGRATED CARE BOARD,3558145.0,221340903.9,27179164.69
202604,Z9B2Z,NHS WEST AND NORTH LONDON INTEGRATED CARE BOARD,5653440.0,418908385.26,46469403.03
202605,D7T5G,NHS ESSEX INTEGRATED CARE BOARD,3241663.0,213852497.5,31260085.86
202605,QE1,NHS LANCASHIRE AND SOUTH CUMBRIA INTEGRATED CARE BOARD,3614075.0,273797777.0,30507967.17
202605,QF7,NHS SOUTH YORKSHIRE INTEGRATED CARE BOARD,3090733.0,192670939.8,22517663.93
202605,QGH,NHS HEREFORDSHIRE AND WORCESTERSHIRE INTEGRATED CARE BOARD,1363449.0,537955012.7,23664474.46
202605,QHL,NHS BIRMINGHAM AND SOLIHULL INTEGRATED CARE BOARD,2191259.0,242044182.9,22354963.65
202605,QHM,NHS NORTH EAST AND NORTH CUMBRIA INTEGRATED CARE BOARD,7391496.0,449612974.7,53350592.65
202605,QJ2,NHS DERBY AND DERBYSHIRE INTEGRATED CARE BOARD,1821527.0,147067468.3,15146135.75
202605,QJK,NHS DEVON INTEGRATED CARE BOARD,2160635.0,159149637.7,18397775.58
202605,QJM,NHS LINCOLNSHIRE INTEGRATED CARE BOARD,1977266.0,120663255.6,14573654.36
202605,QK1,"NHS LEICESTER, LEICESTERSHIRE AND RUTLAND INTEGRATED CARE BOARD",2150976.0,164526304.6,18858542.53
202605,QKK,NHS SOUTH EAST LONDON INTEGRATED CARE BOARD,2292146.0,175002249.3,20919653.88
202605,QKS,NHS KENT AND MEDWAY INTEGRATED CARE BOARD,2888148.0,445115068.8,32278169.720000003
202605,QMF,NHS NORTH EAST LONDON INTEGRATED CARE BOARD,3222347.0,263716931.8,25441531.51
202605,QNC,NHS STAFFORDSHIRE AND STOKE-ON-TRENT INTEGRATED CARE BOARD,2356476.0,185258527.6,20888482.68
202605,QOC,"NHS SHROPSHIRE, TELFORD AND WREKIN INTEGRATED CARE BOARD",837385.0,64516576.3,7983159.48
202605,QOP,NHS GREATER MANCHESTER INTEGRATED CARE BOARD,5770688.0,498638515.4,53236524.02
202605,QOQ,NHS HUMBER AND NORTH YORKSHIRE INTEGRATED CARE BOARD,3600866.0,247904716.6,28925972.5
202605,QOX,"NHS BATH AND NORTH EAST SOMERSET, SWINDON AND WILTSHIRE INTEGRATED CARE BOARD",1538860.0,104541854.1,12742483.04
202605,QPM,NHS NORTHAMPTONSHIRE INTEGRATED CARE BOARD,1435451.0,85205525.69999999,11328538.61
202605,QR1,NHS GLOUCESTERSHIRE INTEGRATED CARE BOARD,1187878.0,64052772.7,10992612.93
202605,QRL,NHS HAMPSHIRE AND ISLE OF WIGHT INTEGRATED CARE BOARD,3052938.0,233163508.3,30428857.11
202605,QSL,NHS SOMERSET INTEGRATED CARE BOARD,975549.0,68129345.2,10339503.88
202605,QT1,NHS NOTTINGHAM AND NOTTINGHAMSHIRE INTEGRATED CARE BOARD,2222156.0,162639548.5,24950719.61
202605,QT6,NHS CORNWALL AND THE ISLES OF SCILLY INTEGRATED CARE BOARD,1121163.0,68442799.5,9237360.42
202605,QUA,NHS BLACK COUNTRY INTEGRATED CARE BOARD,2254895.0,222356397.7,22105804.33
202605,QUY,"NHS BRISTOL, NORTH SOMERSET AND SOUTH GLOUCESTERSHIRE INTEGRATED CARE BOARD",1328123.0,109427109.2,12765442.22
202605,QVV,NHS DORSET INTEGRATED CARE BOARD,1304154.0,96678930.1,11318867.28
202605,QWE,NHS SOUTH WEST LONDON INTEGRATED CARE BOARD,2158835.0,139875659.70000002,17526061.619999997
202605,QWO,NHS WEST YORKSHIRE INTEGRATED CARE BOARD,8157030.0,602471337.6,69428331.75
202605,QWU,NHS COVENTRY AND WARWICKSHIRE INTEGRATED CARE BOARD,1902667.0,158957107.2,15939578.93
202605,QYG,NHS CHESHIRE AND MERSEYSIDE INTEGRATED CARE BOARD,5297207.0,501117782.1,49686148.47
202605,S0E4D,NHS THAMES VALLEY INTEGRATED CARE BOARD,2959743.0,210551026.6,30013678.86
202605,S1Y5D,NHS CENTRAL EAST INTEGRATED CARE BOARD,5277058.0,347211537.8,65462905.91
202605,S9B9J,NHS SURREY AND SUSSEX INTEGRATED CARE BOARD,4316725.0,308841725.5,45444695.53
202605,T6Y0W,NHS NORFOLK AND SUFFOLK INTEGRATED CARE BOARD,3481329.0,215313945.26,26967315.58
202605,Z9B2Z,NHS WEST AND NORTH LONDON INTEGRATED CARE BOARD,5514530.0,405390703.4,45701187.89
202606,D7T5G,NHS ESSEX INTEGRATED CARE BOARD,3408438.0,226816461.9,33887948.12
202606,QE1,NHS LANCASHIRE AND SOUTH CUMBRIA INTEGRATED CARE BOARD,3818457.0,289141141.7,33160511.19
202606,QF7,NHS SOUTH YORKSHIRE INTEGRATED CARE BOARD,3276198.0,203294016.4,24202402.08
202606,QGH,NHS HEREFORDSHIRE AND WORCESTERSHIRE INTEGRATED CARE BOARD,1446079.0,571480811.2,25368768.5
202606,QHL,NHS BIRMINGHAM AND SOLIHULL INTEGRATED CARE BOARD,2324783.0,256141778.0,23941031.65
202606,QHM,NHS NORTH EAST AND NORTH CUMBRIA INTEGRATED CARE BOARD,7766753.0,471529559.7000001,56704539.91
202606,QJ2,NHS DERBY AND DERBYSHIRE INTEGRATED CARE BOARD,1937663.0,157529495.89999998,16300792.26
202606,QJK,NHS DEVON INTEGRATED CARE BOARD,2264655.0,167044741.7,19676628.76
202606,QJM,NHS LINCOLNSHIRE INTEGRATED CARE BOARD,2034723.0,125027373.6,15169655.13
202606,QK1,"NHS LEICESTER, LEICESTERSHIRE AND RUTLAND INTEGRATED CARE BOARD",2286078.0,174998453.22,20410341.880000003
202606,QKK,NHS SOUTH EAST LONDON INTEGRATED CARE BOARD,2414561.0,183771250.3,22218965.32
202606,QKS,NHS KENT AND MEDWAY INTEGRATED CARE BOARD,3050921.0,482098764.5,34853150.11
202606,QMF,NHS NORTH EAST LONDON INTEGRATED CARE BOARD,3469227.0,286509374.7,27799619.01
202606,QNC,NHS STAFFORDSHIRE AND STOKE-ON-TRENT INTEGRATED CARE BOARD,2444315.0,191261326.1,21942874.6
202606,QOC,"NHS SHROPSHIRE, TELFORD AND WREKIN INTEGRATED CARE BOARD",888475.0,69505624.2,8741570.35
202606,QOP,NHS GREATER MANCHESTER INTEGRATED CARE BOARD,6139609.0,531069422.4,58004570.33
202606,QOQ,NHS HUMBER AND NORTH YORKSHIRE INTEGRATED CARE BOARD,3759917.0,258710856.2,30870621.450000003
202606,QOX,"NHS BATH AND NORTH EAST SOMERSET, SWINDON AND WILTSHIRE INTEGRATED CARE BOARD",1603098.0,108632134.8,13546142.88
202606,QPM,NHS NORTHAMPTONSHIRE INTEGRATED CARE BOARD,1495449.0,88563511.9,12089265.28
202606,QR1,NHS GLOUCESTERSHIRE INTEGRATED CARE BOARD,1229316.0,66575382.0,11485972.25
202606,QRL,NHS HAMPSHIRE AND ISLE OF WIGHT INTEGRATED CARE BOARD,3201523.0,245444436.2,32091368.67
202606,QSL,NHS SOMERSET INTEGRATED CARE BOARD,1012424.0,70888048.1,10838668.68
202606,QT1,NHS NOTTINGHAM AND NOTTINGHAMSHIRE INTEGRATED CARE BOARD,2329158.0,170237292.8,27339480.06
202606,QT6,NHS CORNWALL AND THE ISLES OF SCILLY INTEGRATED CARE BOARD,1173000.0,72633720.6,9756039.52
202606,QUA,NHS BLACK COUNTRY INTEGRATED CARE BOARD,2393894.0,238707589.3,23974509.28
202606,QUY,"NHS BRISTOL, NORTH SOMERSET AND SOUTH GLOUCESTERSHIRE INTEGRATED CARE BOARD",1390297.0,114009613.5,13567930.61
202606,QVV,NHS DORSET INTEGRATED CARE BOARD,1357340.0,99048750.7,11875357.81
202606,QWE,NHS SOUTH WEST LONDON INTEGRATED CARE BOARD,2258049.0,144639016.89999998,18507548.54
202606,QWO,NHS WEST YORKSHIRE INTEGRATED CARE BOARD,8396782.0,610767649.0,72094342.96000001
202606,QWU,NHS COVENTRY AND WARWICKSHIRE INTEGRATED CARE BOARD,2006015.0,169042189.0,16975981.11
202606,QYG,NHS CHESHIRE AND MERSEYSIDE INTEGRATED CARE BOARD,5530573.0,527825966.2,52488373.45
202606,S0E4D,NHS THAMES VALLEY INTEGRATED CARE BOARD,3084352.0,219997415.2,32059987.76
202606,S1Y5D,NHS CENTRAL EAST INTEGRATED CARE BOARD,5477067.0,360726979.0,65304692.38
202606,S9B9J,NHS SURREY AND SUSSEX INTEGRATED CARE BOARD,4535291.0,319961594.7,48688492.45
202606,T6Y0W,NHS NORFOLK AND SUFFOLK INTEGRATED CARE BOARD,3616021.0,225477077.4,28565985.53
202606,Z9B2Z,NHS WEST AND NORTH LONDON INTEGRATED CARE BOARD,5795226.0,427176773.6,48731447.33
