YEAR_MONTH,BNF_SECTION_CODE,BNF_SECTION,ITEMS,TOTAL_QUANTITY,NIC
202101,1001,Drugs used in rheumatic diseases and gout,1735043.0,80368519.0,9427170.85
202101,1002,Drugs used in neuromuscular disorders,129279.0,21493740.0,982855.28
202101,1003,Drugs for soft-tissue disorders and topical pain relief,526951.0,56361267.0,2899084.21
202101,101,Dyspepsia and gastro-oesophageal reflux disease,374578.0,184312400.0,2216398.6
202101,102,Antispasmodics and other drugs altering gut motility,387339.0,33319240.0,4818521.11
202101,103,Antisecretory drugs and mucosal protectants,5813740.0,210476164.0,16278309.14
202101,104,Acute diarrhoea,132853.0,12122943.0,1052901.51
202101,105,Chronic bowel disorders,216558.0,26552509.0,9867933.19
202101,106,Laxatives,1552974.0,211880459.0,9761027.68
202101,107,Local preparations for anal and rectal disorders,111095.0,2946663.0,769308.1699999999
202101,108,Stoma care,7.0,722.0,39.8
202101,109,Drugs affecting intestinal secretions,79250.0,17254846.0,4307012.98
202101,1103,Anti-infective eye preparations,77426.0,686002.5,662021.21
202101,1104,Corticosteroids and other anti-inflammatory preparations,131334.0,2140229.5,1680905.2799999998
202101,1105,Mydriatics and cycloplegics,6931.0,130148.0,441839.92
202101,1106,Treatment of glaucoma,768568.0,10639456.5,8529250.620000001
202101,1107,Local anaesthetics,34.0,575.0,318.61
202101,1108,Miscellaneous ophthalmic preparations,307689.0,7519798.0,1767757.16
202101,1201,Drugs acting on the ear,128035.0,784686.0,672170.45
202101,1202,Drugs acting on the nose,593885.0,2943915.0,4473725.85
202101,1203,Drugs acting on the oropharynx,78255.0,17089317.6,554665.17
202101,1301,Management of skin conditions,4339.0,2397170.0,16351.36
202101,1302,Emollient and barrier preparations,556904.0,283405050.0,4080220.84
202101,1303,Topical local anaesthetics and antipruritics,22090.0,5806743.0,209184.6
202101,1304,Topical corticosteroids,906995.0,48994974.0,4970284.0600000005
202101,1305,Preparations for eczema and psoriasis,129524.0,11407931.0,5730339.5600000005
202101,1306,Acne and rosacea,148228.0,6900965.0,2497552.79
202101,1307,Preparations for warts and calluses,9359.0,130346.0,195024.48
202101,1308,Sunscreens and camouflagers,23411.0,1366192.0,766201.5700000001
202101,1309,Shampoos and other preparations for scalp and hair conditions,100956.0,20332116.0,719113.27
202101,1310,Anti-infective skin preparations,219590.0,6924585.5,1191534.0
202101,1311,"Skin cleansers,antiseptics and desloughing agents",18614.0,9071963.0,168476.39
202101,1312,Antiperspirants,2980.0,178453.0,21116.09
202101,1313,Wound management products,1444.0,15626.0,54222.22
202101,1314,Topical circulatory preparations,6615.0,426450.0,34030.71
202101,1315,Miscellaneous topical preparations,147.0,25350.0,13830.29
202101,1404,Vaccines and antisera,600068.0,600389.0,5788677.3
202101,1405,Immunoglobulins,2.0,6.0,264.75
202101,1501,General anaesthesia,41483.0,13450695.0,386032.41
202101,1502,Local anaesthesia,76724.0,1608539.0,1451669.4300000002
202101,1803,X-Ray contrast media,7.0,3500.0,612.5
202101,1902,Selective preparations,34587.0,11237152.0,759898.6599999999
202101,1904,Single substances,160.0,126090.0,3983.77
202101,1905,Other preparations,918.0,48488.0,11300.45
202101,1906,Acids,372.0,128268.0,7542.04
202101,1907,"Base,diluent, suspending agents and stabilisers",43620.0,31988503.0,1570596.85
202101,1908,"Colouring,flavouring and sweetening agents",2.0,200.0,43.58
202101,1909,"Disinfectants, preservatives and sterilising agents",3.0,1500.0,130.6
202101,1913,Cordials and soft drinks,97.0,421002.0,2880.54
202101,1914,Waters,931.0,9775716.0,9037.31
202101,2001,Absorbent Cottons,155.0,100475.0,1195.64
202101,2002,Arm Sling/Bandages,49132.0,696092.0,1205610.61
202101,2003,Wound Management & Other Dressings,303371.0,5567243.1,9787190.05
202101,2004,Gauzes & Gauze Tissue,7254.0,429213.0,204114.36
202101,2005,Tracheostomy & Laryngectomy Appliances,15804.0,814569.0,1365621.99
202101,2006,Foam,1.0,4.0,20.82
202101,2007,Lints,27.0,22125.0,578.84
202101,2009,Stockinette,44866.0,398267.5,567096.1799999999
202101,201,Positive inotropic drugs,220518.0,5757730.0,338030.59
202101,2010,Surgical Adhesive Tape,23039.0,319605.0,89545.14
202101,2011,Surgical Sutures,2882.0,3996.0,8491.54
202101,2012,Swabs,23658.0,4514747.0,87759.56
202101,2014,"Skin Closure Strips, Sterile",2775.0,16146.0,3915.46
202101,2015,"Skin Adhesive, Sterile",77.0,48.5,622.54
202101,2017,Cervical Collar,32.0,36.0,90.52
202101,2018,Cellulose Wadding BP 1988,1.0,5000.0,22.0
202101,202,Diuretics,2455517.0,82747899.0,6054740.89
202101,2020,Silk Garments,775.0,2544.0,46285.86
202101,203,Anti-arrhythmic drugs,76022.0,4014158.0,560160.96
202101,204,Beta-adrenoceptor blocking drugs,3296301.0,123845596.0,6234840.44
202101,205,Hypertension and heart failure,5966395.0,220193970.0,19150689.2
202101,206,"Nitrates, calcium-channel blockers & other antianginal drugs",4290560.0,152434037.0,15025278.17
202101,207,Sympathomimetics,11595.0,911762.0,601274.5800000001
202101,208,Anticoagulants and protamine,1584291.0,70663116.0,62141278.99
202101,209,Antiplatelet drugs,2662153.0,81380894.0,6328911.52
202101,2101,Other Appliances,810784.0,74725371.0,4584409.76
202101,2102,Catheters,114198.0,7581192.0,13990784.79
202101,2103,Chiropody Appliances,176.0,2416.0,2492.29
202101,2104,Contraceptive Devices,2774.0,2796.0,32244.590000000004
202101,2106,Trusses,149.0,155.0,4668.96
202101,2107,Elastic Hosiery,31408.0,85183.0,573686.46
202101,211,Antifibrinolytic drugs and haemostatics,38587.0,2444157.0,372662.84
202101,2112,Peak Flow Meters,37039.0,37139.0,203578.03
202101,2113,Catheter Maintenance Products,19072.0,10662130.0,649684.54
202101,2114,Lubricant Gels,25116.0,1795395.5,94154.21
202101,2116,Irrigation Solutions,34987.0,1195136.0,250383.83
202101,2118,Vacuum Pumps for Erectile Dysfunction,1134.0,2533.0,117589.77
202101,2119,Oral Film Forming Agents,1229.0,100346.0,57927.4
202101,212,Lipid-regulating drugs,6435316.0,211265921.0,13408583.1
202101,2120,Venous Ulcer Compression System,6913.0,24212.0,314279.63
202101,2121,Dry Mouth Products,39173.0,4170823.0,273327.87
202101,2122,Emollients,744751.0,387223989.0,4283846.2
202101,2123,Vaginal Moisturisers,21651.0,824016.0,195125.66
202101,2124,Nasal Products,24467.0,1677967.0,89009.97
202101,2125,Vaginal Dilators,197.0,203.0,5962.43
202101,2127,Lymphoedema Garments,29008.0,73211.0,1896546.03
202101,2128,Anal Irrigation System,13432.0,56354.0,2158768.05
202101,2129,Pressure Offloading Device,2473.0,4082.0,95696.99
202101,2130,Eye Products,509210.0,7730775.0,4082383.05
202101,2131,Cycloidal Vibration Accessories,5.0,264.0,1320.0
202101,2132,Inhalation Solutions,6183.0,401338.0,163741.16999999998
202101,2133,Indwelling Pleural Cath Drain System,908.0,8560.0,229765.15
202101,2134,Vaginal PH Correction Products,778.0,11446.0,7423.5
202101,2135,Acne Treatment,2.0,200.0,48.0
202101,2136,Adhesive Dressing Remover Ster Silicone,825.0,58381.0,23387.49
202101,2137,Pelvic Toning Devices,36.0,38.0,570.0
202101,2138,Low Friction Products,2632.0,5923.0,65267.26
202101,2139,Prosthetic Adhesives,3.0,55.0,37.16
202101,2140,Bacterial Decolonisation Products,143.0,12920.0,683.29
202101,2141,Physical Debridement Device,5993.0,71928.0,358440.28
202101,2142,Jaw Rehabilitation Device,75.0,409.0,3865.42
202101,2143,Micro-Enema - Sodium Citrate,182.0,4067.0,1765.77
202101,2145,Douches,1.0,1.0,5.17
202101,2146,Hernia Support Garments,79.0,108.0,3985.2
202101,2147,Dev For Fungal Nail Infections,59.0,108.0,1210.62
202101,2148,Detection Sensor Interstitial Fluid/Gluc,87153.0,198016.0,6930560.0
202101,2149,Pulsed Electromagnetic Stimulator,33.0,41.0,571.95
202101,2202,Anal Plugs,746.0,27286.0,64700.71000000001
202101,2205,Catheter Valves,10600.0,75506.0,191612.74
202101,2215,Faecal Collectors,265.0,5035.0,11979.75
202101,2220,Incontinence Belts,3.0,16.0,105.33
202101,2230,Incontinence Sheaths,14032.0,560466.0,999063.97
202101,2240,Incontinence Sheath Fixing Strips & Adh,1535.0,43998.0,28559.72
202101,2250,Leg Bags,58223.0,702301.0,1998059.62
202101,2260,Night Drainage Bags,84849.0,2202158.0,1250478.28
202101,2270,Suspensory Systems,1220.0,9192.0,60949.2
202101,2280,Tubing And Accessories,24884.0,165496.0,360560.86
202101,2285,Insert For Female Stress Incont,246.0,390.0,13250.59
202101,2290,Urinal Systems,1175.0,10003.0,60570.7
202101,2305,Adhesive Discs/Rings/Pads/Plasters,21475.0,1486507.0,910324.1
202101,2310,Adhesive (Pastes/Sprays/Solutions),196.0,32540.0,4983.9400000000005
202101,2315,Adhesive Removers (Sprays/Liquids/Wipes),85783.0,11173389.0,1812876.28
202101,2320,Bag Closures,416.0,21183.0,5087.38
202101,2325,Bag Covers,496.0,1787.0,16328.88
202101,2330,Belts,6984.0,10803.0,322929.51
202101,2335,Colostomy Bags,36750.0,2601289.0,8005577.99
202101,2345,Deodorants,8347.0,1608409.0,105104.52
202101,2346,Discharge Solidifying Agents,2611.0,522270.0,150717.16999999998
202101,2350,Filters/Bridges,272.0,18890.0,13403.86
202101,2355,Flanges,24.0,185.0,2948.69
202101,2360,Ileostomy Bags,56645.0,2230634.0,8810803.14
202101,2370,Irrigation Washout Appliances,3110.0,71164.0,116470.23
202101,2375,Pressure Plates/Shields,104.0,330.0,2895.24
202101,2380,Skin Fillers And Protectives,275179.0,29949741.6,3128803.31
202101,2385,Skin Protectors,19351.0,785691.0,1539012.89
202101,2390,Stoma Caps/Dressings,1400.0,66770.0,92136.53
202101,2392,Tubing & Accessories,371.0,7015.0,17730.53
202101,2394,Two Piece Ostomy Systems,21420.0,827905.0,2060069.91
202101,2396,Urostomy Bags,11830.0,349316.0,2078855.39
202101,301,Bronchodilators,2468779.0,16812860.0,27626142.67
202101,302,Corticosteroids (respiratory),1848899.0,2364214.0,52200545.24
202101,303,"Cromoglycate, leukotriene and phosphodesterase type-4 inhib",306155.0,9504545.0,932149.84
202101,304,"Antihistamines, hyposensitisation and allergic emergencies",1018220.0,47440102.0,4998008.46
202101,307,Mucolytics,243974.0,32841114.0,1795404.22
202101,308,Aromatic inhalations,28.0,4012.0,85.43
202101,309,Cough preparations,13528.0,3637006.0,40319.130000000005
202101,310,Systemic nasal decongestants,1649.0,171590.0,11157.9
202101,401,Hypnotics and anxiolytics,1190157.0,34749267.0,7751128.869999999
202101,402,Drugs used in psychoses and related disorders,1080901.0,38633629.0,10567441.98
202101,403,Antidepressant drugs,6711605.0,249943252.0,30211076.9
202101,404,CNS stimulants and drugs used for ADHD,156842.0,6424200.0,6588738.640000001
202101,405,Drugs used in the treatment of obesity,23829.0,2177920.0,643269.14
202101,406,Drugs used in nausea and vertigo,519084.0,31598918.0,3515333.87
202101,407,Analgesics,4968685.0,543742159.2,38236628.85
202101,408,Antiepileptic drugs,2469377.0,202750381.0,27963530.12
202101,409,Drugs used in parkinsonism and related disorders,426415.0,29657456.0,8254241.59
202101,410,Drugs used in substance dependence,325375.0,127179175.8,5726173.58
202101,411,Drugs for dementia,330426.0,8106360.0,2441283.19
202101,501,Antibacterial drugs,2414403.0,82424183.0,14584598.61
202101,502,Antifungal drugs,117020.0,3205087.0,591437.63
202101,503,Antiviral drugs,85279.0,4380757.0,1238771.2
202101,504,Antiprotozoal drugs,210040.0,5786105.0,919672.39
202101,505,Anthelmintics,6886.0,145493.0,40905.07
202101,601,Drugs used in diabetes,4782144.0,297574726.0,98687157.46
202101,602,Thyroid and antithyroid drugs,2788613.0,102108992.0,7583505.62
202101,603,Corticosteroids (endocrine),620514.0,32440313.0,3055177.13
202101,604,Sex Hormones,723803.0,36901366.0,7192952.27
202101,605,"Hypothalamic and pituitary hormones and anti, oestrogens",27488.0,1257437.5,3720627.29
202101,606,Drugs affecting bone metabolism,529678.0,2695170.0,2727182.2800000003
202101,607,Other endocrine drugs,7696.0,154661.0,538621.83
202101,702,Treatment of vaginal and vulval conditions,215464.0,3766000.0,2717548.52
202101,703,Contraceptives,681513.0,63148596.0,5646115.029999999
202101,704,Drugs for genito-urinary disorders,1698237.0,50518051.0,13085042.43
202101,801,Cytotoxic drugs,16313.0,721570.0,846581.32
202101,802,Drugs affecting the immune response,101538.0,7722663.0,3018751.93
202101,803,Sex hormones and hormone antagonists in malignant disease,262652.0,7471876.0,11346227.42
202101,901,Anaemias and some other blood disorders,1627572.0,69623612.0,5428034.15
202101,902,Fluids and electrolytes,92862.0,7068643.0,890814.15
202101,904,Oral nutrition,440599.0,2198204585.0,33622514.14
202101,905,Minerals,161435.0,25608594.0,3748399.68
202101,906,Vitamins,2624685.0,122297204.5,11207517.5
202101,908,Metabolic disorders,415.0,164087.0,280698.17000000004
202101,909,Foods,19496.0,88601529.0,2000555.84
202101,910,Compound vitamin and mineral formulations,10839.0,418535.0,77860.97
202101,911,Health supplements,4955.0,352263.0,310286.44
202101,912,Other health supplements,10160.0,392712.0,43297.28
202102,1001,Drugs used in rheumatic diseases and gout,1643254.0,75857265.0,8916423.54
202102,1002,Drugs used in neuromuscular disorders,122309.0,20330437.0,931819.22
202102,1003,Drugs for soft-tissue disorders and topical pain relief,494742.0,52658694.0,2755908.48
202102,101,Dyspepsia and gastro-oesophageal reflux disease,350221.0,171983541.0,2108186.84
202102,102,Antispasmodics and other drugs altering gut motility,363000.0,31256772.0,4481265.43
202102,103,Antisecretory drugs and mucosal protectants,5479805.0,197833519.0,15389520.48
202102,104,Acute diarrhoea,122361.0,11238608.0,711639.52
202102,105,Chronic bowel disorders,198940.0,24256012.0,9111674.83
202102,106,Laxatives,1470186.0,197999231.0,9215162.1
202102,107,Local preparations for anal and rectal disorders,109118.0,2890664.0,758747.6499999999
202102,108,Stoma care,7.0,828.0,45.09
202102,109,Drugs affecting intestinal secretions,74136.0,15998705.0,3988599.13
202102,1103,Anti-infective eye preparations,75862.0,666351.5,644959.98
202102,1104,Corticosteroids and other anti-inflammatory preparations,127424.0,2064141.5,1639912.9500000002
202102,1105,Mydriatics and cycloplegics,6407.0,122718.0,409870.86
202102,1106,Treatment of glaucoma,716001.0,9974733.0,7937118.0
202102,1107,Local anaesthetics,39.0,709.0,391.02
202102,1108,Miscellaneous ophthalmic preparations,285795.0,6951591.5,1635715.37
202102,1201,Drugs acting on the ear,123392.0,761856.5,661773.1799999999
202102,1202,Drugs acting on the nose,566438.0,2802695.0,4240264.89
202102,1203,Drugs acting on the oropharynx,76196.0,16754483.2,535114.3
202102,1301,Management of skin conditions,4085.0,2270909.0,15366.21
202102,1302,Emollient and barrier preparations,530705.0,269470295.0,3877956.35
202102,1303,Topical local anaesthetics and antipruritics,21361.0,5583538.0,200627.86
202102,1304,Topical corticosteroids,886878.0,47329805.0,4807826.62
202102,1305,Preparations for eczema and psoriasis,124871.0,10873317.0,5508296.09
202102,1306,Acne and rosacea,149035.0,6917159.0,2518303.95
202102,1307,Preparations for warts and calluses,9806.0,135365.0,191082.56
202102,1308,Sunscreens and camouflagers,24422.0,1411371.64,807412.7
202102,1309,Shampoos and other preparations for scalp and hair conditions,98271.0,19632970.0,698144.1000000001
202102,1310,Anti-infective skin preparations,219725.0,6807897.0,1206819.07
202102,1311,"Skin cleansers,antiseptics and desloughing agents",17999.0,8655326.0,154545.29
202102,1312,Antiperspirants,3004.0,177413.0,20803.02
202102,1313,Wound management products,1386.0,14264.0,49793.08
202102,1314,Topical circulatory preparations,6297.0,400600.0,31967.88
202102,1315,Miscellaneous topical preparations,136.0,23219.0,9800.41
202102,1404,Vaccines and antisera,294186.0,294571.0,2935815.22
202102,1405,Immunoglobulins,5.0,5.0,1250.0
202102,1501,General anaesthesia,33125.0,6387322.0,310044.02
202102,1502,Local anaesthesia,74082.0,1491563.5,1357137.2
202102,1803,X-Ray contrast media,9.0,7500.0,1312.5
202102,1902,Selective preparations,31120.0,10669638.0,688628.8200000001
202102,1904,Single substances,154.0,176627.0,1817.58
202102,1905,Other preparations,768.0,40748.0,9757.75
202102,1906,Acids,363.0,110183.0,5971.54
202102,1907,"Base,diluent, suspending agents and stabilisers",40349.0,29280419.0,1434327.73
202102,1908,"Colouring,flavouring and sweetening agents",2.0,200.0,31.3
202102,1909,"Disinfectants, preservatives and sterilising agents",1.0,500.0,117.14
202102,1913,Cordials and soft drinks,97.0,476862.0,3262.74
202102,1914,Waters,863.0,9014090.0,8424.51
202102,2001,Absorbent Cottons,140.0,83750.0,1026.85
202102,2002,Arm Sling/Bandages,43123.0,601769.0,1070621.78
202102,2003,Wound Management & Other Dressings,270539.0,4973427.5,8675529.65
202102,2004,Gauzes & Gauze Tissue,6404.0,402034.0,177650.90999999997
202102,2005,Tracheostomy & Laryngectomy Appliances,13362.0,688984.0,1135143.8199999998
202102,2007,Lints,20.0,23350.0,631.07
202102,2009,Stockinette,40444.0,350444.5,513633.44
202102,201,Positive inotropic drugs,206629.0,5408878.0,317522.97
202102,2010,Surgical Adhesive Tape,20506.0,279981.5,80478.16
202102,2011,Surgical Sutures,2346.0,3026.0,6240.24
202102,2012,Swabs,22046.0,4196240.0,80675.08
202102,2014,"Skin Closure Strips, Sterile",2651.0,16578.0,3959.07
202102,2015,"Skin Adhesive, Sterile",58.0,46.5,558.78
202102,2017,Cervical Collar,17.0,18.0,45.260000000000005
202102,202,Diuretics,2306497.0,77623792.0,5946697.75
202102,2020,Silk Garments,786.0,2801.0,51185.97
202102,203,Anti-arrhythmic drugs,71476.0,3782057.0,531799.09
202102,204,Beta-adrenoceptor blocking drugs,3110110.0,116909142.0,5873382.34
202102,205,Hypertension and heart failure,5626177.0,207559759.0,18392378.42
202102,206,"Nitrates, calcium-channel blockers & other antianginal drugs",4047795.0,143780707.0,14176291.21
202102,207,Sympathomimetics,10918.0,850793.0,562331.75
202102,208,Anticoagulants and protamine,1494472.0,66654525.0,59011704.89
202102,209,Antiplatelet drugs,2502700.0,76484500.0,5950057.27
202102,2101,Other Appliances,769527.0,70690901.0,4320758.28
202102,2102,Catheters,101761.0,6807063.0,12584902.51
202102,2103,Chiropody Appliances,185.0,2156.0,2253.09
202102,2104,Contraceptive Devices,2697.0,2740.0,31739.57
202102,2106,Trusses,144.0,154.0,4957.34
202102,2107,Elastic Hosiery,30398.0,82342.0,559533.74
202102,211,Antifibrinolytic drugs and haemostatics,36905.0,2352249.0,356934.85
202102,2112,Peak Flow Meters,36168.0,36289.0,199281.61
202102,2113,Catheter Maintenance Products,17019.0,9254280.0,566892.19
202102,2114,Lubricant Gels,22509.0,1657205.5,85890.42
202102,2116,Irrigation Solutions,31273.0,1037426.0,221225.82
202102,2118,Vacuum Pumps for Erectile Dysfunction,1186.0,2591.0,127412.38
202102,2119,Oral Film Forming Agents,1167.0,96980.0,54689.01
202102,212,Lipid-regulating drugs,6066589.0,198892494.0,12604826.59
202102,2120,Venous Ulcer Compression System,6624.0,23279.0,295610.26
202102,2121,Dry Mouth Products,37249.0,3900947.0,259421.18
202102,2122,Emollients,718443.0,372676162.0,4136307.68
202102,2123,Vaginal Moisturisers,20504.0,764948.0,182123.42
202102,2124,Nasal Products,22638.0,1570999.0,83272.03
202102,2125,Vaginal Dilators,244.0,249.0,7249.07
202102,2127,Lymphoedema Garments,29810.0,76062.0,1884993.2
202102,2128,Anal Irrigation System,12440.0,52118.0,2006288.28
202102,2129,Pressure Offloading Device,2508.0,4196.0,98018.24
202102,2130,Eye Products,479549.0,7260537.0,3833981.66
202102,2131,Cycloidal Vibration Accessories,7.0,297.0,1485.0
202102,2132,Inhalation Solutions,5557.0,366007.0,149556.99
202102,2133,Indwelling Pleural Cath Drain System,821.0,7722.0,209947.07
202102,2134,Vaginal PH Correction Products,770.0,11116.0,7143.75
202102,2135,Acne Treatment,4.0,225.0,89.0
202102,2136,Adhesive Dressing Remover Ster Silicone,735.0,55897.0,21244.52
202102,2137,Pelvic Toning Devices,27.0,27.0,405.0
202102,2138,Low Friction Products,2644.0,5909.0,61460.47
202102,2139,Prosthetic Adhesives,9.0,125.0,92.29
202102,2140,Bacterial Decolonisation Products,140.0,11520.0,670.28
202102,2141,Physical Debridement Device,5606.0,67137.0,332778.98
202102,2142,Jaw Rehabilitation Device,83.0,443.0,5565.32
202102,2143,Micro-Enema - Sodium Citrate,147.0,3230.0,1402.37
202102,2146,Hernia Support Garments,74.0,104.0,3837.6
202102,2147,Dev For Fungal Nail Infections,51.0,112.0,1014.48
202102,2148,Detection Sensor Interstitial Fluid/Gluc,86061.0,194159.0,6795565.0
202102,2149,Pulsed Electromagnetic Stimulator,17.0,23.0,320.85
202102,2202,Anal Plugs,668.0,24253.0,57336.21000000001
202102,2205,Catheter Valves,9518.0,67936.0,172110.0
202102,2215,Faecal Collectors,224.0,4577.0,10967.9
202102,2220,Incontinence Belts,1.0,4.0,54.28
202102,2230,Incontinence Sheaths,12695.0,502703.0,896306.72
202102,2240,Incontinence Sheath Fixing Strips & Adh,1453.0,42524.0,27472.57
202102,2250,Leg Bags,51249.0,617659.0,1755082.14
202102,2260,Night Drainage Bags,76417.0,1974081.0,1128486.61
202102,2270,Suspensory Systems,1039.0,8198.0,54670.08
202102,2280,Tubing And Accessories,22668.0,148877.0,327084.0
202102,2285,Insert For Female Stress Incont,222.0,334.0,12012.55
202102,2290,Urinal Systems,1024.0,9078.0,52812.56
202102,2305,Adhesive Discs/Rings/Pads/Plasters,19806.0,1367181.0,835230.8999999999
202102,2310,Adhesive (Pastes/Sprays/Solutions),164.0,32174.0,4919.6
202102,2315,Adhesive Removers (Sprays/Liquids/Wipes),79128.0,10314104.0,1671966.26
202102,2320,Bag Closures,331.0,15403.0,4364.72
202102,2325,Bag Covers,449.0,1590.0,14604.04
202102,2330,Belts,7624.0,11900.0,385630.09
202102,2335,Colostomy Bags,33398.0,2366298.0,7303724.55
202102,2345,Deodorants,7875.0,1513792.0,98976.11
202102,2346,Discharge Solidifying Agents,2368.0,459600.0,133584.14
202102,2350,Filters/Bridges,296.0,16955.0,13631.52
202102,2355,Flanges,18.0,95.0,1579.87
202102,2360,Ileostomy Bags,52424.0,2061735.0,8153803.9
202102,2370,Irrigation Washout Appliances,2752.0,66753.0,104087.7
202102,2375,Pressure Plates/Shields,90.0,369.0,3006.98
202102,2380,Skin Fillers And Protectives,254176.0,27535087.8,2889329.17
202102,2385,Skin Protectors,17881.0,726624.0,1424453.62
202102,2390,Stoma Caps/Dressings,1244.0,60975.0,84565.0
202102,2392,Tubing & Accessories,362.0,6585.0,16729.76
202102,2394,Two Piece Ostomy Systems,20071.0,778987.0,1937965.72
202102,2396,Urostomy Bags,10986.0,327211.0,1959082.26
202102,301,Bronchodilators,2229294.0,15425385.0,25540643.77
202102,302,Corticosteroids (respiratory),1686552.0,2151790.0,47856632.6
202102,303,"Cromoglycate, leukotriene and phosphodesterase type-4 inhib",287534.0,8884338.0,868752.8
202102,304,"Antihistamines, hyposensitisation and allergic emergencies",975475.0,45469537.0,4711068.26
202102,307,Mucolytics,229245.0,30737982.0,1670077.83
202102,308,Aromatic inhalations,24.0,3450.0,60.41
202102,309,Cough preparations,11129.0,3038441.0,27120.28
202102,310,Systemic nasal decongestants,1430.0,143544.0,11201.38
202102,401,Hypnotics and anxiolytics,1124974.0,32750604.0,7394975.91
202102,402,Drugs used in psychoses and related disorders,1021206.0,36258134.0,9886829.1
202102,403,Antidepressant drugs,6337714.0,234999666.0,28478445.17
202102,404,CNS stimulants and drugs used for ADHD,148307.0,6058836.0,6254496.67
202102,405,Drugs used in the treatment of obesity,24109.0,2201154.0,649938.0800000001
202102,406,Drugs used in nausea and vertigo,482921.0,29598323.0,3263813.5
202102,407,Analgesics,4645276.0,506696541.4,35667832.63
202102,408,Antiepileptic drugs,2336115.0,190499120.0,25726334.34
202102,409,Drugs used in parkinsonism and related disorders,398778.0,27535268.0,7699301.59
202102,410,Drugs used in substance dependence,315180.0,123192473.6,5593456.369999999
202102,411,Drugs for dementia,307824.0,7538545.0,2268695.01
202102,501,Antibacterial drugs,2168879.0,75076241.0,13861647.26
202102,502,Antifungal drugs,112889.0,3117734.0,566186.5700000001
202102,503,Antiviral drugs,80623.0,4120752.0,1122126.21
202102,504,Antiprotozoal drugs,194761.0,5353832.0,923050.76
202102,505,Anthelmintics,6914.0,149133.0,22716.68
202102,601,Drugs used in diabetes,4527273.0,281192953.0,93322358.88
202102,602,Thyroid and antithyroid drugs,2614925.0,95501325.0,7063626.359999999
202102,603,Corticosteroids (endocrine),545214.0,28883302.0,2786914.83
202102,604,Sex Hormones,676173.0,34208555.5,6678018.16
202102,605,"Hypothalamic and pituitary hormones and anti, oestrogens",25335.0,1147570.0,3507460.96
202102,606,Drugs affecting bone metabolism,496166.0,2528057.0,2558678.37
202102,607,Other endocrine drugs,7527.0,150281.0,533698.78
202102,702,Treatment of vaginal and vulval conditions,205558.0,3579735.0,2583486.75
202102,703,Contraceptives,610009.0,55694072.0,5225752.98
202102,704,Drugs for genito-urinary disorders,1597146.0,47431773.0,12371906.36
202102,801,Cytotoxic drugs,15177.0,684150.0,782939.39
202102,802,Drugs affecting the immune response,93726.0,7083905.0,2808540.17
202102,803,Sex hormones and hormone antagonists in malignant disease,247036.0,7019313.0,10756321.3
202102,901,Anaemias and some other blood disorders,1535885.0,65756176.0,5084096.7
202102,902,Fluids and electrolytes,83786.0,6512473.0,804039.63
202102,903,Intravenous nutrition,2.0,76.0,164.76
202102,904,Oral nutrition,416291.0,2052512343.0,31312238.17
202102,905,Minerals,167740.0,28056535.0,3770956.01
202102,906,Vitamins,2476332.0,114481181.5,10626478.04
202102,908,Metabolic disorders,376.0,112930.0,220349.52
202102,909,Foods,18594.0,84861763.5,1903807.67
202102,910,Compound vitamin and mineral formulations,10310.0,393751.0,73770.73999999999
202102,911,Health supplements,4749.0,312336.0,277800.53
202102,912,Other health supplements,9726.0,378226.0,41497.79
202103,1001,Drugs used in rheumatic diseases and gout,1876098.0,86297617.0,10483509.88
202103,1002,Drugs used in neuromuscular disorders,137196.0,22739960.0,1030923.92
202103,1003,Drugs for soft-tissue disorders and topical pain relief,582176.0,61775820.0,3221363.96
202103,101,Dyspepsia and gastro-oesophageal reflux disease,392043.0,192938259.0,2398368.93
202103,102,Antispasmodics and other drugs altering gut motility,405487.0,35047153.0,5134434.53
202103,103,Antisecretory drugs and mucosal protectants,6169285.0,222607499.0,17462878.86
202103,104,Acute diarrhoea,135580.0,12512768.0,720461.71
202103,105,Chronic bowel disorders,226243.0,27888584.0,10878808.33
202103,106,Laxatives,1639465.0,218004876.0,10179246.75
202103,107,Local preparations for anal and rectal disorders,119963.0,3179548.0,835136.77
202103,108,Stoma care,1.0,92.0,5.01
202103,109,Drugs affecting intestinal secretions,82810.0,17813637.0,4463154.2
202103,1103,Anti-infective eye preparations,85111.0,750058.0,724620.8300000001
202103,1104,Corticosteroids and other anti-inflammatory preparations,161397.0,2573703.0,2048822.0
202103,1105,Mydriatics and cycloplegics,7286.0,138807.0,458273.95
202103,1106,Treatment of glaucoma,803480.0,11233613.5,8905593.379999999
202103,1107,Local anaesthetics,45.0,921.0,519.68
202103,1108,Miscellaneous ophthalmic preparations,317294.0,7686456.0,1833169.45
202103,1201,Drugs acting on the ear,137557.0,854000.0,743346.3300000001
202103,1202,Drugs acting on the nose,672608.0,3238663.0,5007074.3
202103,1203,Drugs acting on the oropharynx,86700.0,18665169.7,608229.04
202103,1301,Management of skin conditions,4773.0,2625606.0,17846.99
202103,1302,Emollient and barrier preparations,598816.0,304692522.0,4375766.96
202103,1303,Topical local anaesthetics and antipruritics,23854.0,6354585.0,227636.58
202103,1304,Topical corticosteroids,1018263.0,54028500.0,5489943.22
202103,1305,Preparations for eczema and psoriasis,140887.0,12232336.0,6530874.51
202103,1306,Acne and rosacea,169297.0,7835010.0,2877067.83
202103,1307,Preparations for warts and calluses,11259.0,150307.5,215601.83
202103,1308,Sunscreens and camouflagers,30069.0,1743494.41,989616.44
202103,1309,Shampoos and other preparations for scalp and hair conditions,111943.0,22252710.0,796442.0800000001
202103,1310,Anti-infective skin preparations,252567.0,7825752.0,1391338.47
202103,1311,"Skin cleansers,antiseptics and desloughing agents",20177.0,9916132.0,178503.29
202103,1312,Antiperspirants,3775.0,219571.0,30980.74
202103,1313,Wound management products,1530.0,15767.0,55899.49
202103,1314,Topical circulatory preparations,7331.0,462636.0,36922.14
202103,1315,Miscellaneous topical preparations,129.0,21725.0,10632.55
202103,1404,Vaccines and antisera,235646.0,236115.0,2442777.59
202103,1501,General anaesthesia,31127.0,9880087.0,299424.19
202103,1502,Local anaesthesia,92556.0,1710802.0,1566120.7
202103,1803,X-Ray contrast media,7.0,3400.0,595.0
202103,1902,Selective preparations,38624.0,12218885.0,804092.11
202103,1904,Single substances,167.0,164135.0,1664.46
202103,1905,Other preparations,923.0,47856.0,11486.53
202103,1906,Acids,446.0,129708.0,7330.53
202103,1907,"Base,diluent, suspending agents and stabilisers",44353.0,32030546.0,1582204.22
202103,1908,"Colouring,flavouring and sweetening agents",7.0,800.0,114.55
202103,1909,"Disinfectants, preservatives and sterilising agents",2.0,1000.0,234.28
202103,1913,Cordials and soft drinks,94.0,545376.0,3731.52
202103,1914,Waters,967.0,10763335.0,10236.79
202103,2001,Absorbent Cottons,146.0,90950.0,1116.22
202103,2002,Arm Sling/Bandages,50356.0,695540.0,1238557.28
202103,2003,Wound Management & Other Dressings,314506.0,5668631.2,9966450.61
202103,2004,Gauzes & Gauze Tissue,7460.0,495471.0,207087.56
202103,2005,Tracheostomy & Laryngectomy Appliances,14821.0,759010.0,1241477.1
202103,2006,Foam,1.0,1.0,5.21
202103,2007,Lints,24.0,28375.0,749.5100000000001
202103,2009,Stockinette,46589.0,402111.5,590873.9199999999
202103,201,Positive inotropic drugs,230918.0,6038303.0,354362.31
202103,2010,Surgical Adhesive Tape,23124.0,318384.5,89554.26000000001
202103,2011,Surgical Sutures,2564.0,3532.0,7043.52
202103,2012,Swabs,24206.0,4608803.0,89355.73000000001
202103,2014,"Skin Closure Strips, Sterile",3471.0,19851.0,4830.93
202103,2015,"Skin Adhesive, Sterile",76.0,66.0,767.82
202103,2017,Cervical Collar,28.0,32.0,79.09
202103,202,Diuretics,2591126.0,87077661.0,6798113.970000001
202103,2020,Silk Garments,908.0,3338.0,61148.84
202103,203,Anti-arrhythmic drugs,79351.0,4198651.0,589304.5
202103,204,Beta-adrenoceptor blocking drugs,3488807.0,131260520.0,6599529.890000001
202103,205,Hypertension and heart failure,6305258.0,232384576.0,20547372.62
202103,206,"Nitrates, calcium-channel blockers & other antianginal drugs",4542015.0,161082001.0,15862865.88
202103,207,Sympathomimetics,12596.0,983475.0,646940.12
202103,208,Anticoagulants and protamine,1676248.0,74768101.0,66566116.03
202103,209,Antiplatelet drugs,2794152.0,85346153.0,6623019.39
202103,2101,Other Appliances,860428.0,77639197.0,4872997.25
202103,2102,Catheters,108528.0,7171188.0,13214634.18
202103,2103,Chiropody Appliances,190.0,2657.0,2019.27
202103,2104,Contraceptive Devices,3444.0,3490.0,40158.4
202103,2106,Trusses,155.0,165.0,5306.92
202103,2107,Elastic Hosiery,36817.0,99458.0,675948.57
202103,211,Antifibrinolytic drugs and haemostatics,41687.0,2639425.0,401356.67
202103,2112,Peak Flow Meters,40407.0,40554.0,222325.44
202103,2113,Catheter Maintenance Products,18633.0,10141870.0,618494.1
202103,2114,Lubricant Gels,23595.0,1740437.0,87256.6
202103,2116,Irrigation Solutions,35915.0,1198545.0,253062.25
202103,2118,Vacuum Pumps for Erectile Dysfunction,1229.0,2585.0,134284.9
202103,2119,Oral Film Forming Agents,1296.0,110179.0,58688.01
202103,212,Lipid-regulating drugs,6811464.0,223372902.0,14141586.4
202103,2120,Venous Ulcer Compression System,7654.0,27280.0,342502.76
202103,2121,Dry Mouth Products,42100.0,4431563.0,293669.36
202103,2122,Emollients,817095.0,423838113.0,4693586.48
202103,2123,Vaginal Moisturisers,23470.0,908662.0,209385.99
202103,2124,Nasal Products,27303.0,1839906.0,98426.48
202103,2125,Vaginal Dilators,235.0,245.0,7164.42
202103,2127,Lymphoedema Garments,33171.0,83924.0,2184120.61
202103,2128,Anal Irrigation System,12900.0,52148.0,2004119.35
202103,2129,Pressure Offloading Device,2966.0,4901.0,115616.06
202103,2130,Eye Products,544696.0,8242378.0,4363949.76
202103,2131,Cycloidal Vibration Accessories,9.0,499.0,2495.0
202103,2132,Inhalation Solutions,6300.0,411948.0,167933.16999999998
202103,2133,Indwelling Pleural Cath Drain System,970.0,9070.0,246704.92
202103,2134,Vaginal PH Correction Products,813.0,11806.0,7500.0
202103,2135,Acne Treatment,6.0,300.0,128.0
202103,2136,Adhesive Dressing Remover Ster Silicone,858.0,66441.0,25014.57
202103,2137,Pelvic Toning Devices,38.0,40.0,600.0
202103,2138,Low Friction Products,2985.0,6549.0,70378.51
202103,2139,Prosthetic Adhesives,11.0,165.0,116.55
202103,2140,Bacterial Decolonisation Products,148.0,12028.0,718.6199999999999
202103,2141,Physical Debridement Device,6540.0,77609.0,386019.92
202103,2142,Jaw Rehabilitation Device,88.0,444.0,7635.040000000001
202103,2143,Micro-Enema - Sodium Citrate,285.0,5486.0,2381.85
202103,2145,Douches,2.0,2.0,10.34
202103,2146,Hernia Support Garments,92.0,132.0,4870.799999999999
202103,2147,Dev For Fungal Nail Infections,76.0,140.0,1539.1999999999998
202103,2148,Detection Sensor Interstitial Fluid/Gluc,99508.0,223150.0,7810250.0
202103,2149,Pulsed Electromagnetic Stimulator,91.0,131.0,1827.45
202103,2202,Anal Plugs,759.0,29444.0,69690.73
202103,2205,Catheter Valves,10516.0,73041.0,183716.4
202103,2210,Drainable Dribbling Appliances,2.0,12.0,177.06
202103,2215,Faecal Collectors,257.0,5310.0,12939.29
202103,2230,Incontinence Sheaths,13992.0,553702.0,985906.08
202103,2240,Incontinence Sheath Fixing Strips & Adh,1626.0,45816.0,29369.85
202103,2250,Leg Bags,56154.0,672744.0,1905166.59
202103,2260,Night Drainage Bags,83025.0,2145046.0,1210737.36
202103,2270,Suspensory Systems,1127.0,8584.0,54794.73
202103,2280,Tubing And Accessories,24488.0,160340.0,348971.83
202103,2285,Insert For Female Stress Incont,265.0,453.0,17046.59
202103,2290,Urinal Systems,1222.0,9734.0,57991.37
202103,2305,Adhesive Discs/Rings/Pads/Plasters,20412.0,1415580.0,865176.24
202103,2310,Adhesive (Pastes/Sprays/Solutions),195.0,36966.0,5686.81
202103,2315,Adhesive Removers (Sprays/Liquids/Wipes),84399.0,10926958.0,1758774.15
202103,2320,Bag Closures,398.0,18040.0,4739.71
202103,2325,Bag Covers,472.0,1632.0,14926.43
202103,2330,Belts,8316.0,12929.0,427141.58
202103,2335,Colostomy Bags,35463.0,2500113.0,7696152.449999999
202103,2340,Colostomy Sets,1.0,6.0,525.24
202103,2345,Deodorants,8077.0,1517860.0,101240.03
202103,2346,Discharge Solidifying Agents,2623.0,496717.0,146504.72999999998
202103,2350,Filters/Bridges,297.0,16971.0,14179.03
202103,2355,Flanges,20.0,133.0,2174.4300000000003
202103,2360,Ileostomy Bags,55410.0,2172199.0,8577637.55
202103,2370,Irrigation Washout Appliances,2818.0,68308.0,108435.93
202103,2375,Pressure Plates/Shields,120.0,329.0,2991.9300000000003
202103,2380,Skin Fillers And Protectives,282246.0,30616066.9,3126925.92
202103,2385,Skin Protectors,18743.0,756449.0,1482927.9700000002
202103,2390,Stoma Caps/Dressings,1317.0,61990.0,86056.49
202103,2392,Tubing & Accessories,416.0,7285.0,17999.93
202103,2394,Two Piece Ostomy Systems,21061.0,813555.0,2022942.95
202103,2396,Urostomy Bags,11714.0,344172.0,2053727.5
202103,301,Bronchodilators,2481696.0,16990245.0,28577267.45
202103,302,Corticosteroids (respiratory),1862951.0,2377676.0,52846581.74
202103,303,"Cromoglycate, leukotriene and phosphodesterase type-4 inhib",323817.0,10001378.0,973303.63
202103,304,"Antihistamines, hyposensitisation and allergic emergencies",1182131.0,56808636.0,6113451.19
202103,307,Mucolytics,256625.0,34363082.0,1851390.3
202103,308,Aromatic inhalations,19.0,3062.0,62.28
202103,309,Cough preparations,11520.0,3218569.0,36658.99
202103,310,Systemic nasal decongestants,1583.0,149818.0,12116.79
202103,311,Antifibrotics,1.0,270.0,2151.1
202103,401,Hypnotics and anxiolytics,1249710.0,36632230.0,8394697.43
202103,402,Drugs used in psychoses and related disorders,1139043.0,40340828.0,11004165.14
202103,403,Antidepressant drugs,7129148.0,264128228.0,31933609.64
202103,404,CNS stimulants and drugs used for ADHD,172150.0,6981127.0,7232501.05
202103,405,Drugs used in the treatment of obesity,28934.0,2643239.0,780398.12
202103,406,Drugs used in nausea and vertigo,532993.0,32908993.0,3525389.05
202103,407,Analgesics,5223604.0,569225980.6,39966515.37
202103,408,Antiepileptic drugs,2616158.0,213314093.0,29030112.52
202103,409,Drugs used in parkinsonism and related disorders,446358.0,30943785.0,8625112.17
202103,410,Drugs used in substance dependence,358385.0,139118716.1,6344898.69
202103,411,Drugs for dementia,344143.0,8436540.0,2548044.65
202103,501,Antibacterial drugs,2449513.0,87969909.5,15425343.21
202103,502,Antifungal drugs,130241.0,3607821.0,681288.76
202103,503,Antiviral drugs,89922.0,4588219.0,1286494.33
202103,504,Antiprotozoal drugs,218122.0,6013475.0,1058739.1800000002
202103,505,Anthelmintics,7396.0,157069.0,44995.21
202103,601,Drugs used in diabetes,5073200.0,314606429.0,104888901.21
202103,602,Thyroid and antithyroid drugs,2926967.0,106793746.0,7881836.41
202103,603,Corticosteroids (endocrine),613695.0,32372183.0,3118053.2800000003
202103,604,Sex Hormones,762515.0,38483987.0,7503538.52
202103,605,"Hypothalamic and pituitary hormones and anti, oestrogens",27890.0,1270787.5,3828492.39
202103,606,Drugs affecting bone metabolism,553185.0,2817859.0,2757224.73
202103,607,Other endocrine drugs,8099.0,161040.0,613918.09
202103,702,Treatment of vaginal and vulval conditions,232039.0,4063975.0,2917710.72
202103,703,Contraceptives,659224.0,58693294.0,5871396.17
202103,704,Drugs for genito-urinary disorders,1789219.0,53249248.0,14100819.61
202103,801,Cytotoxic drugs,16861.0,754311.0,849181.33
202103,802,Drugs affecting the immune response,104062.0,7885912.0,3122594.17
202103,803,Sex hormones and hormone antagonists in malignant disease,274820.0,7825377.0,11735798.1
202103,901,Anaemias and some other blood disorders,1737321.0,75644952.0,5732790.85
202103,902,Fluids and electrolytes,90940.0,7233329.0,933730.08
202103,903,Intravenous nutrition,2.0,50.0,137.5
202103,904,Oral nutrition,464039.0,2328391731.5,35391834.06
202103,905,Minerals,182884.0,29745241.0,4102083.96
202103,906,Vitamins,2778868.0,127970269.5,11995714.82
202103,908,Metabolic disorders,401.0,132921.0,234472.8
202103,909,Foods,20948.0,95403800.5,2147678.35
202103,910,Compound vitamin and mineral formulations,11008.0,420829.0,79994.45000000001
202103,911,Health supplements,5274.0,358867.0,302405.24
202103,912,Other health supplements,10707.0,413465.0,47160.14
202104,1001,Drugs used in rheumatic diseases and gout,1819596.0,83582194.0,9910783.73
202104,1002,Drugs used in neuromuscular disorders,133319.0,22245680.0,1188396.29
202104,1003,Drugs for soft-tissue disorders and topical pain relief,564283.0,60024224.0,3147977.09
202104,101,Dyspepsia and gastro-oesophageal reflux disease,370018.0,182521575.0,2250810.45
202104,102,Antispasmodics and other drugs altering gut motility,388087.0,33647111.0,4807508.85
202104,103,Antisecretory drugs and mucosal protectants,5961277.0,215472970.0,17354556.78
202104,104,Acute diarrhoea,131906.0,12249130.0,745151.36
202104,105,Chronic bowel disorders,220516.0,27104903.0,10651485.2
202104,106,Laxatives,1576278.0,208938743.0,10221467.84
202104,107,Local preparations for anal and rectal disorders,108076.0,2870751.0,752100.09
202104,108,Stoma care,1.0,92.0,5.01
202104,109,Drugs affecting intestinal secretions,79937.0,17317144.0,4338386.720000001
202104,1103,Anti-infective eye preparations,76927.0,667957.0,712896.6799999999
202104,1104,Corticosteroids and other anti-inflammatory preparations,179890.0,2797358.5,2130136.96
202104,1105,Mydriatics and cycloplegics,6990.0,133424.0,439472.1
202104,1106,Treatment of glaucoma,782717.0,11064275.0,8557116.649999999
202104,1107,Local anaesthetics,44.0,878.0,491.81
202104,1108,Miscellaneous ophthalmic preparations,304998.0,7578954.5,1818853.47
202104,1201,Drugs acting on the ear,115070.0,716570.5,618033.24
202104,1202,Drugs acting on the nose,702138.0,3271436.0,5190453.6
202104,1203,Drugs acting on the oropharynx,80504.0,17560810.5,562551.87
202104,1301,Management of skin conditions,4450.0,2464310.0,16733.57
202104,1302,Emollient and barrier preparations,596979.0,303883360.0,4370572.77
202104,1303,Topical local anaesthetics and antipruritics,23889.0,6344120.0,226828.45
202104,1304,Topical corticosteroids,995351.0,52628756.0,5428040.84
202104,1305,Preparations for eczema and psoriasis,137223.0,11971516.0,6203679.91
202104,1306,Acne and rosacea,154381.0,7166256.0,2632952.84
202104,1307,Preparations for warts and calluses,10626.0,143106.5,190880.5
202104,1308,Sunscreens and camouflagers,30431.0,1903459.76,981046.67
202104,1309,Shampoos and other preparations for scalp and hair conditions,105897.0,21108845.0,753511.99
202104,1310,Anti-infective skin preparations,236932.0,7350584.0,1324867.1
202104,1311,"Skin cleansers,antiseptics and desloughing agents",19029.0,9226802.0,164967.76
202104,1312,Antiperspirants,3736.0,214310.0,24733.96
202104,1313,Wound management products,1431.0,14521.0,50684.87
202104,1314,Topical circulatory preparations,7177.0,455336.0,36339.600000000006
202104,1315,Miscellaneous topical preparations,142.0,21630.0,13903.27
202104,1404,Vaccines and antisera,131367.0,132061.0,1418147.71
202104,1405,Immunoglobulins,5.0,6.0,1326.5
202104,1501,General anaesthesia,29183.0,38565407.0,281724.16000000003
202104,1502,Local anaesthesia,88588.0,1628967.0,1502977.94
202104,1803,X-Ray contrast media,6.0,5500.0,962.5
202104,1902,Selective preparations,34925.0,11665490.0,675233.0900000001
202104,1904,Single substances,161.0,154315.0,10689.92
202104,1905,Other preparations,917.0,48362.0,11381.8
202104,1906,Acids,427.0,142845.0,8769.31
202104,1907,"Base,diluent, suspending agents and stabilisers",44386.0,32180498.0,1590818.15
202104,1908,"Colouring,flavouring and sweetening agents",4.0,400.0,62.6
202104,1913,Cordials and soft drinks,93.0,412452.0,2822.04
202104,1914,Waters,957.0,9776121.0,9211.56
202104,2001,Absorbent Cottons,139.0,93825.0,1132.55
202104,2002,Arm Sling/Bandages,47176.0,659118.0,1175303.11
202104,2003,Wound Management & Other Dressings,300929.0,5484636.1,9544729.21
202104,2004,Gauzes & Gauze Tissue,6768.0,389695.0,191759.3
202104,2005,Tracheostomy & Laryngectomy Appliances,13902.0,693385.0,1133112.32
202104,2006,Foam,1.0,4.0,20.82
202104,2007,Lints,27.0,23325.0,629.72
202104,2009,Stockinette,44005.0,387154.0,571803.9400000001
202104,201,Positive inotropic drugs,222889.0,5842275.0,356972.34
202104,2010,Surgical Adhesive Tape,21642.0,303246.0,86114.58
202104,2011,Surgical Sutures,2971.0,4296.0,8830.84
202104,2012,Swabs,23832.0,4605098.0,88460.56
202104,2014,"Skin Closure Strips, Sterile",3191.0,18957.0,4597.09
202104,2015,"Skin Adhesive, Sterile",72.0,52.0,684.32
202104,2017,Cervical Collar,33.0,38.0,95.4
202104,202,Diuretics,2511779.0,84547275.0,6555061.3100000005
202104,2020,Silk Garments,881.0,3230.0,58694.93
202104,203,Anti-arrhythmic drugs,77594.0,4115866.0,577652.49
202104,204,Beta-adrenoceptor blocking drugs,3385787.0,127641885.0,6410457.359999999
202104,205,Hypertension and heart failure,6123162.0,225925435.0,20309324.49
202104,206,"Nitrates, calcium-channel blockers & other antianginal drugs",4409474.0,156483361.0,15546480.82
202104,207,Sympathomimetics,12030.0,931549.0,645396.34
202104,208,Anticoagulants and protamine,1635288.0,73039389.0,65193795.34
202104,209,Antiplatelet drugs,2707607.0,82932997.0,7001202.02
202104,2101,Other Appliances,817061.0,72629758.0,4663416.11
202104,2102,Catheters,111135.0,7584290.0,13982334.54
202104,2103,Chiropody Appliances,181.0,2428.0,1329.4
202104,2104,Contraceptive Devices,3085.0,3118.0,36048.0
202104,2106,Trusses,135.0,140.0,4358.5
202104,2107,Elastic Hosiery,35072.0,94639.0,643059.14
202104,211,Antifibrinolytic drugs and haemostatics,39706.0,2512976.0,408117.64
202104,2112,Peak Flow Meters,36729.0,36916.0,201649.02
202104,2113,Catheter Maintenance Products,18771.0,10127570.0,619324.24
202104,2114,Lubricant Gels,23627.0,1742819.0,88131.31
202104,2116,Irrigation Solutions,34537.0,1136398.0,244659.49
202104,2118,Vacuum Pumps for Erectile Dysfunction,1107.0,2346.0,118916.53
202104,2119,Oral Film Forming Agents,1243.0,100094.0,58683.94
202104,212,Lipid-regulating drugs,6609262.0,216945338.0,14034922.240000002
202104,2120,Venous Ulcer Compression System,7253.0,25780.0,330426.12
202104,2121,Dry Mouth Products,41173.0,4329451.0,286987.76
202104,2122,Emollients,824458.0,427376028.0,4731977.5
202104,2123,Vaginal Moisturisers,22504.0,877416.0,201960.99
202104,2124,Nasal Products,27975.0,1846298.0,98649.45
202104,2125,Vaginal Dilators,228.0,228.0,6772.52
202104,2127,Lymphoedema Garments,31887.0,80172.0,2092794.79
202104,2128,Anal Irrigation System,13766.0,59010.0,2277964.17
202104,2129,Pressure Offloading Device,2771.0,4593.0,104566.77
202104,2130,Eye Products,528259.0,8015461.0,4257540.44
202104,2131,Cycloidal Vibration Accessories,3.0,168.0,840.0
202104,2132,Inhalation Solutions,5799.0,382218.0,152697.63
202104,2133,Indwelling Pleural Cath Drain System,980.0,9112.0,250691.2
202104,2134,Vaginal PH Correction Products,733.0,10812.0,7109.25
202104,2135,Acne Treatment,2.0,50.0,26.0
202104,2136,Adhesive Dressing Remover Ster Silicone,852.0,64735.0,24865.53
202104,2137,Pelvic Toning Devices,49.0,49.0,732.9
202104,2138,Low Friction Products,2736.0,6061.0,65155.19
202104,2139,Prosthetic Adhesives,9.0,115.0,83.69
202104,2140,Bacterial Decolonisation Products,156.0,15616.0,738.79
202104,2141,Physical Debridement Device,6059.0,73492.0,380945.75
202104,2142,Jaw Rehabilitation Device,72.0,415.0,4570.71
202104,2143,Micro-Enema - Sodium Citrate,361.0,7813.0,3392.25
202104,2146,Hernia Support Garments,73.0,108.0,3985.2
202104,2147,Dev For Fungal Nail Infections,51.0,85.0,1050.6999999999998
202104,2148,Detection Sensor Interstitial Fluid/Gluc,101396.0,226660.0,7933100.0
202104,2149,Pulsed Electromagnetic Stimulator,41.0,58.0,809.1
202104,2202,Anal Plugs,766.0,28397.0,67145.92
202104,2205,Catheter Valves,10507.0,75880.0,192225.6
202104,2215,Faecal Collectors,242.0,5320.0,12665.07
202104,2220,Incontinence Belts,1.0,7.0,45.92
202104,2230,Incontinence Sheaths,13865.0,552578.0,984118.59
202104,2240,Incontinence Sheath Fixing Strips & Adh,1623.0,46758.0,30002.1
202104,2250,Leg Bags,57023.0,682846.0,1946759.55
202104,2260,Night Drainage Bags,83987.0,2168248.0,1240936.62
202104,2270,Suspensory Systems,1054.0,8373.0,56045.67
202104,2280,Tubing And Accessories,25313.0,168418.0,365141.64
202104,2285,Insert For Female Stress Incont,256.0,424.0,15460.34
202104,2290,Urinal Systems,1126.0,9055.0,55878.25
202104,2305,Adhesive Discs/Rings/Pads/Plasters,22308.0,1545473.0,951067.98
202104,2310,Adhesive (Pastes/Sprays/Solutions),190.0,33826.0,5353.01
202104,2315,Adhesive Removers (Sprays/Liquids/Wipes),88641.0,11639144.0,1885141.26
202104,2320,Bag Closures,390.0,17664.0,4905.82
202104,2325,Bag Covers,481.0,1717.0,15488.16
202104,2330,Belts,7809.0,11821.0,372465.57
202104,2335,Colostomy Bags,37789.0,2673696.0,8268097.7
202104,2345,Deodorants,8552.0,1642502.0,108617.07
202104,2346,Discharge Solidifying Agents,2671.0,520915.0,151631.23
202104,2350,Filters/Bridges,306.0,18760.0,14841.53
202104,2355,Flanges,21.0,100.0,1806.77
202104,2360,Ileostomy Bags,58397.0,2297012.0,9121488.49
202104,2370,Irrigation Washout Appliances,2925.0,71525.0,110560.95
202104,2375,Pressure Plates/Shields,114.0,346.0,3120.69
202104,2380,Skin Fillers And Protectives,278571.0,30264403.9,3203840.6100000003
202104,2385,Skin Protectors,19721.0,802749.0,1573727.33
202104,2390,Stoma Caps/Dressings,1413.0,68964.0,95869.23
202104,2392,Tubing & Accessories,365.0,6699.0,16804.41
202104,2394,Two Piece Ostomy Systems,22136.0,861937.0,2153019.58
202104,2396,Urostomy Bags,12182.0,361049.0,2162877.01
202104,301,Bronchodilators,2416326.0,16227870.0,27696431.51
202104,302,Corticosteroids (respiratory),1798852.0,2292552.0,51132802.44
202104,303,"Cromoglycate, leukotriene and phosphodesterase type-4 inhib",316103.0,9778215.0,882119.9299999999
202104,304,"Antihistamines, hyposensitisation and allergic emergencies",1253438.0,62265044.0,5915852.619999999
202104,307,Mucolytics,248853.0,33410448.0,1715369.99
202104,308,Aromatic inhalations,13.0,3262.0,74.12
202104,309,Cough preparations,10929.0,3048336.0,35108.95
202104,310,Systemic nasal decongestants,1552.0,158510.0,11904.81
202104,401,Hypnotics and anxiolytics,1180974.0,34873127.0,8164817.299999999
202104,402,Drugs used in psychoses and related disorders,1102689.0,39098317.0,10782835.79
202104,403,Antidepressant drugs,6895434.0,256005948.0,24695554.55
202104,404,CNS stimulants and drugs used for ADHD,167553.0,6807735.0,7036367.9
202104,405,Drugs used in the treatment of obesity,27601.0,2521128.0,742097.41
202104,406,Drugs used in nausea and vertigo,501297.0,31277548.0,3317604.38
202104,407,Analgesics,5049614.0,552069343.15,39738989.05
202104,408,Antiepileptic drugs,2549162.0,208417413.0,28571418.23
202104,409,Drugs used in parkinsonism and related disorders,431502.0,30005283.0,8095902.82
202104,410,Drugs used in substance dependence,339679.0,131363941.2,5897630.12
202104,411,Drugs for dementia,333473.0,8244291.0,2411410.21
202104,501,Antibacterial drugs,2281126.0,83187859.0,14174031.09
202104,502,Antifungal drugs,120865.0,3413866.0,638898.45
202104,503,Antiviral drugs,88211.0,4477786.0,1338458.26
202104,504,Antiprotozoal drugs,209555.0,5779647.0,951800.4
202104,505,Anthelmintics,6109.0,127727.0,34687.69
202104,601,Drugs used in diabetes,4927213.0,304892015.0,100995405.1
202104,602,Thyroid and antithyroid drugs,2841245.0,103873076.0,7654662.49
202104,603,Corticosteroids (endocrine),592726.0,31266297.0,3080731.01
202104,604,Sex Hormones,746391.0,37615975.0,7347683.949999999
202104,605,"Hypothalamic and pituitary hormones and anti, oestrogens",26946.0,1228815.0,3665724.6
202104,606,Drugs affecting bone metabolism,533207.0,2718664.0,2466123.42
202104,607,Other endocrine drugs,7812.0,154937.0,596748.27
202104,702,Treatment of vaginal and vulval conditions,216799.0,3822506.0,2766821.67
202104,703,Contraceptives,629348.0,55665842.0,5557109.45
202104,704,Drugs for genito-urinary disorders,1734139.0,51662303.0,13307658.18
202104,801,Cytotoxic drugs,16612.0,734207.0,810826.77
202104,802,Drugs affecting the immune response,101004.0,7608167.0,2944672.16
202104,803,Sex hormones and hormone antagonists in malignant disease,265748.0,7577689.0,11344424.9
202104,901,Anaemias and some other blood disorders,1684005.0,73750623.0,5673554.01
202104,902,Fluids and electrolytes,87276.0,6991525.0,899177.07
202104,903,Intravenous nutrition,1.0,30.0,82.5
202104,904,Oral nutrition,448305.0,2223285615.0,33958679.17
202104,905,Minerals,173892.0,28070581.0,3882202.91
202104,906,Vitamins,2680990.0,123596414.5,11538100.01
202104,908,Metabolic disorders,396.0,135052.0,248781.31
202104,909,Foods,21158.0,93311248.5,2124369.5
202104,910,Compound vitamin and mineral formulations,10914.0,411217.0,74794.28
202104,911,Health supplements,5021.0,339314.0,293539.1
202104,912,Other health supplements,10431.0,395671.0,44358.6
202105,1001,Drugs used in rheumatic diseases and gout,1754597.0,80489110.0,9466838.12
202105,1002,Drugs used in neuromuscular disorders,127510.0,21338163.0,1129634.74
202105,1003,Drugs for soft-tissue disorders and topical pain relief,537287.0,57090845.0,3012205.5300000003
202105,101,Dyspepsia and gastro-oesophageal reflux disease,353401.0,175639301.0,2137609.79
202105,102,Antispasmodics and other drugs altering gut motility,374027.0,32224547.0,4675569.46
202105,103,Antisecretory drugs and mucosal protectants,5712652.0,206464522.0,16776978.13
202105,104,Acute diarrhoea,127063.0,11699525.0,703912.31
202105,105,Chronic bowel disorders,208037.0,25451775.0,10012690.79
202105,106,Laxatives,1503310.0,198966250.0,9763941.82
202105,107,Local preparations for anal and rectal disorders,103631.0,2759426.0,716815.76
202105,109,Drugs affecting intestinal secretions,77679.0,16881902.0,4243924.71
202105,1103,Anti-infective eye preparations,78003.0,673478.0,764686.7
202105,1104,Corticosteroids and other anti-inflammatory preparations,163877.0,2593234.0,1988229.64
202105,1105,Mydriatics and cycloplegics,6730.0,129244.0,419751.98
202105,1106,Treatment of glaucoma,750993.0,10714281.0,8254231.470000001
202105,1107,Local anaesthetics,42.0,866.0,479.92
202105,1108,Miscellaneous ophthalmic preparations,290723.0,7193387.5,1733756.86
202105,1201,Drugs acting on the ear,114976.0,716251.5,618913.0
202105,1202,Drugs acting on the nose,642785.0,3049440.0,4797877.44
202105,1203,Drugs acting on the oropharynx,81744.0,17070450.9,553247.3200000001
202105,1301,Management of skin conditions,4208.0,2312066.0,15751.55
202105,1302,Emollient and barrier preparations,545315.0,278774809.0,4007799.58
202105,1303,Topical local anaesthetics and antipruritics,21778.0,5756607.0,204162.09
202105,1304,Topical corticosteroids,867940.0,46267693.0,4777864.88
202105,1305,Preparations for eczema and psoriasis,128582.0,11263618.0,5735972.19
202105,1306,Acne and rosacea,141385.0,6582063.0,2411400.74
202105,1307,Preparations for warts and calluses,10525.0,140516.0,196733.54
202105,1308,Sunscreens and camouflagers,31522.0,1953660.82,1022852.53
202105,1309,Shampoos and other preparations for scalp and hair conditions,98379.0,19657855.0,709277.89
202105,1310,Anti-infective skin preparations,217594.0,6687672.0,1198131.35
202105,1311,"Skin cleansers,antiseptics and desloughing agents",18428.0,8851965.0,162952.85
202105,1312,Antiperspirants,3332.0,192963.0,22825.28
202105,1313,Wound management products,1435.0,14592.0,51228.24
202105,1314,Topical circulatory preparations,6853.0,431850.0,34461.63
202105,1315,Miscellaneous topical preparations,132.0,19855.0,15804.92
202105,1404,Vaccines and antisera,100492.0,100985.0,1192756.13
202105,1501,General anaesthesia,28557.0,957423.0,272951.42000000004
202105,1502,Local anaesthesia,94723.0,1575422.5,1459723.23
202105,1803,X-Ray contrast media,12.0,9000.0,1575.0
202105,1902,Selective preparations,34925.0,11197390.0,717328.55
202105,1904,Single substances,148.0,163406.0,9082.86
202105,1905,Other preparations,861.0,46504.0,11168.19
202105,1906,Acids,405.0,126414.0,7092.1
202105,1907,"Base,diluent, suspending agents and stabilisers",42487.0,30563522.0,1511570.85
202105,1908,"Colouring,flavouring and sweetening agents",2.0,300.0,38.68
202105,1909,"Disinfectants, preservatives and sterilising agents",1.0,500.0,117.14
202105,1913,Cordials and soft drinks,81.0,393528.0,2692.5600000000004
202105,1914,Waters,858.0,8954845.0,8144.450000000001
202105,2001,Absorbent Cottons,120.0,73350.0,911.13
202105,2002,Arm Sling/Bandages,46179.0,638600.0,1146891.03
202105,2003,Wound Management & Other Dressings,295693.0,5330020.0,9270335.49
202105,2004,Gauzes & Gauze Tissue,6750.0,468240.0,188184.1
202105,2005,Tracheostomy & Laryngectomy Appliances,14454.0,722541.0,1226157.75
202105,2006,Foam,1.0,1.0,5.21
202105,2007,Lints,17.0,16050.0,434.09
202105,2009,Stockinette,43059.0,375109.5,544292.62
202105,201,Positive inotropic drugs,212567.0,5586831.0,341381.05
202105,2010,Surgical Adhesive Tape,20986.0,292483.0,86016.13
202105,2011,Surgical Sutures,3623.0,5281.0,10397.96
202105,2012,Swabs,22945.0,4299450.0,83706.68
202105,2014,"Skin Closure Strips, Sterile",3161.0,18810.0,4511.17
202105,2015,"Skin Adhesive, Sterile",57.0,44.5,637.04
202105,2017,Cervical Collar,22.0,26.0,64.92
202105,202,Diuretics,2408151.0,81025776.0,6450098.05
202105,2020,Silk Garments,754.0,2692.0,45721.11
202105,203,Anti-arrhythmic drugs,73892.0,3930276.0,532051.1900000001
202105,204,Beta-adrenoceptor blocking drugs,3241289.0,122266276.0,6140440.85
202105,205,Hypertension and heart failure,5850966.0,215980424.0,19433802.78
202105,206,"Nitrates, calcium-channel blockers & other antianginal drugs",4214869.0,149655480.0,14970861.53
202105,207,Sympathomimetics,12053.0,944764.0,656501.39
202105,208,Anticoagulants and protamine,1563843.0,69827043.0,62723354.53
202105,209,Antiplatelet drugs,2583504.0,78999586.0,6673224.79
202105,2101,Other Appliances,829223.0,73918456.0,4760998.36
202105,2102,Catheters,108447.0,7278902.0,13473560.86
202105,2103,Chiropody Appliances,157.0,2584.0,1450.87
202105,2104,Contraceptive Devices,3382.0,3413.0,39564.34
202105,2106,Trusses,128.0,134.0,4307.17
202105,2107,Elastic Hosiery,36098.0,96625.0,659538.01
202105,211,Antifibrinolytic drugs and haemostatics,39982.0,2517428.0,405580.8
202105,2112,Peak Flow Meters,36021.0,36195.0,201205.32
202105,2113,Catheter Maintenance Products,18393.0,10010730.0,611602.3200000001
202105,2114,Lubricant Gels,23983.0,1728488.5,89536.26
202105,2116,Irrigation Solutions,34374.0,1152577.0,242439.52
202105,2118,Vacuum Pumps for Erectile Dysfunction,1114.0,2417.0,118867.34
202105,2119,Oral Film Forming Agents,1164.0,96283.0,55259.09
202105,212,Lipid-regulating drugs,6316158.0,207308885.0,13401063.72
202105,2120,Venous Ulcer Compression System,7472.0,26219.0,329826.89
202105,2121,Dry Mouth Products,38556.0,4097860.0,270659.22
202105,2122,Emollients,752096.0,390638961.0,4325222.35
202105,2123,Vaginal Moisturisers,22488.0,880827.0,200543.5
202105,2124,Nasal Products,28170.0,1783741.0,95848.1
202105,2125,Vaginal Dilators,217.0,218.0,6656.71
202105,2127,Lymphoedema Garments,33207.0,84563.0,2182894.37
202105,2128,Anal Irrigation System,12660.0,52787.0,2064001.58
202105,2129,Pressure Offloading Device,2755.0,4553.0,105650.56
202105,2130,Eye Products,508860.0,7692085.0,4104798.54
202105,2131,Cycloidal Vibration Accessories,4.0,186.0,930.0
202105,2132,Inhalation Solutions,5957.0,393266.0,157827.79
202105,2133,Indwelling Pleural Cath Drain System,1033.0,9491.0,261423.99
202105,2134,Vaginal PH Correction Products,709.0,10467.0,6495.75
202105,2135,Acne Treatment,8.0,325.0,141.0
202105,2136,Adhesive Dressing Remover Ster Silicone,784.0,65222.0,22433.95
202105,2137,Pelvic Toning Devices,41.0,44.0,660.0
202105,2138,Low Friction Products,2670.0,5912.0,63132.03999999999
202105,2139,Prosthetic Adhesives,6.0,75.0,54.36
202105,2140,Bacterial Decolonisation Products,152.0,18514.0,731.5699999999999
202105,2141,Physical Debridement Device,5964.0,71893.0,365687.33
202105,2142,Jaw Rehabilitation Device,70.0,395.0,5435.12
202105,2143,Micro-Enema - Sodium Citrate,409.0,8127.0,3528.51
202105,2145,Douches,2.0,2.0,10.34
202105,2146,Hernia Support Garments,78.0,110.0,4059.0
202105,2147,Dev For Fungal Nail Infections,62.0,170.0,1288.1
202105,2148,Detection Sensor Interstitial Fluid/Gluc,100615.0,225169.0,7880915.0
202105,2149,Pulsed Electromagnetic Stimulator,60.0,95.0,1325.25
202105,2202,Anal Plugs,749.0,28081.0,66419.23999999999
202105,2205,Catheter Valves,10300.0,72375.0,182546.62
202105,2215,Faecal Collectors,248.0,5025.0,12419.49
202105,2230,Incontinence Sheaths,13636.0,536701.0,954309.1
202105,2240,Incontinence Sheath Fixing Strips & Adh,1590.0,45949.0,29469.28
202105,2250,Leg Bags,56021.0,671265.0,1910841.11
202105,2260,Night Drainage Bags,81572.0,2110468.0,1200435.38
202105,2270,Suspensory Systems,965.0,8237.0,52049.47
202105,2280,Tubing And Accessories,24382.0,160051.0,352664.48
202105,2285,Insert For Female Stress Incont,267.0,292.0,10260.35
202105,2290,Urinal Systems,1201.0,9274.0,56399.41
202105,2305,Adhesive Discs/Rings/Pads/Plasters,20481.0,1406783.0,867429.8099999999
202105,2310,Adhesive (Pastes/Sprays/Solutions),172.0,29208.0,4564.05
202105,2315,Adhesive Removers (Sprays/Liquids/Wipes),83491.0,10908884.0,1762306.7
202105,2320,Bag Closures,352.0,15732.0,4214.65
202105,2325,Bag Covers,459.0,1676.0,15450.3
202105,2330,Belts,8266.0,12107.0,399987.79
202105,2335,Colostomy Bags,35371.0,2496303.0,7725516.71
202105,2340,Colostomy Sets,1.0,6.0,525.24
202105,2345,Deodorants,7931.0,1536576.0,100450.6
202105,2346,Discharge Solidifying Agents,2456.0,464895.0,137580.87
202105,2350,Filters/Bridges,290.0,17210.0,13590.34
202105,2355,Flanges,18.0,84.0,1311.16
202105,2360,Ileostomy Bags,54643.0,2144625.0,8510028.34
202105,2370,Irrigation Washout Appliances,2938.0,67398.0,107863.94
202105,2375,Pressure Plates/Shields,111.0,364.0,3168.87
202105,2380,Skin Fillers And Protectives,265986.0,28675639.5,3005611.67
202105,2385,Skin Protectors,18501.0,745344.0,1463815.77
202105,2390,Stoma Caps/Dressings,1306.0,62980.0,87674.09999999999
202105,2392,Tubing & Accessories,356.0,6246.0,15782.92
202105,2394,Two Piece Ostomy Systems,20611.0,803112.0,2010417.17
202105,2396,Urostomy Bags,11479.0,338259.0,2029304.67
202105,301,Bronchodilators,2307496.0,15437409.0,26437387.62
202105,302,Corticosteroids (respiratory),1712449.0,2188291.0,48681348.06
202105,303,"Cromoglycate, leukotriene and phosphodesterase type-4 inhib",304519.0,9407292.0,859398.1799999999
202105,304,"Antihistamines, hyposensitisation and allergic emergencies",1161326.0,57003036.0,5569984.2
202105,307,Mucolytics,237224.0,31715213.0,1648081.89
202105,308,Aromatic inhalations,7.0,1450.0,31.910000000000004
202105,309,Cough preparations,11451.0,3112101.0,26395.39
202105,310,Systemic nasal decongestants,1634.0,167603.0,11502.91
202105,311,Antifibrotics,1.0,252.0,2007.69
202105,401,Hypnotics and anxiolytics,1119375.0,33113110.0,7797817.84
202105,402,Drugs used in psychoses and related disorders,1052434.0,37186328.0,10392975.21
202105,403,Antidepressant drugs,6597509.0,244931866.0,23672108.18
202105,404,CNS stimulants and drugs used for ADHD,165647.0,6685927.0,6929442.72
202105,405,Drugs used in the treatment of obesity,27025.0,2470229.0,726800.15
202105,406,Drugs used in nausea and vertigo,487351.0,30206347.0,3272591.6
202105,407,Analgesics,4812054.0,526502438.2,37840043.2
202105,408,Antiepileptic drugs,2435983.0,199093011.0,27347530.98
202105,409,Drugs used in parkinsonism and related disorders,413528.0,28832356.0,7695301.54
202105,410,Drugs used in substance dependence,321633.0,124626931.6,5602064.58
202105,411,Drugs for dementia,323238.0,7997693.0,2325270.6500000004
202105,501,Antibacterial drugs,2318640.0,91321571.0,13932467.41
202105,502,Antifungal drugs,117678.0,3365039.0,630049.04
202105,503,Antiviral drugs,85205.0,4342479.0,1320435.01
202105,504,Antiprotozoal drugs,200735.0,5538226.0,905879.71
202105,505,Anthelmintics,5972.0,124606.0,33076.61
202105,601,Drugs used in diabetes,4734183.0,292931518.0,97469548.81
202105,602,Thyroid and antithyroid drugs,2719739.0,99563819.0,7391186.88
202105,603,Corticosteroids (endocrine),581196.0,30254332.0,3023121.89
202105,604,Sex Hormones,753832.0,38563089.5,7665159.16
202105,605,"Hypothalamic and pituitary hormones and anti, oestrogens",26385.0,1207489.0,3623596.72
202105,606,Drugs affecting bone metabolism,508813.0,2589620.0,2444783.28
202105,607,Other endocrine drugs,7544.0,148239.0,566430.65
202105,702,Treatment of vaginal and vulval conditions,217071.0,3868907.0,2803892.83
202105,703,Contraceptives,609042.0,53399596.0,5558088.68
202105,704,Drugs for genito-urinary disorders,1662827.0,49541171.0,12799781.03
202105,801,Cytotoxic drugs,15817.0,696931.0,651421.8200000001
202105,802,Drugs affecting the immune response,96094.0,7308739.0,2839768.16
202105,803,Sex hormones and hormone antagonists in malignant disease,253544.0,7214449.0,10787569.13
202105,901,Anaemias and some other blood disorders,1640183.0,72332172.0,5542100.04
202105,902,Fluids and electrolytes,85093.0,6640301.0,797708.14
202105,903,Intravenous nutrition,3.0,90.0,247.5
202105,904,Oral nutrition,429113.0,2116089283.5,32552154.89
202105,905,Minerals,170399.0,28020962.0,3802595.11
202105,906,Vitamins,2563423.0,117990182.0,11026505.48
202105,908,Metabolic disorders,385.0,128029.0,233874.96
202105,909,Foods,20071.0,88998130.0,2032547.89
202105,910,Compound vitamin and mineral formulations,10689.0,404826.0,74212.8
202105,911,Health supplements,4772.0,311982.0,277402.99
202105,912,Other health supplements,10128.0,382677.0,42663.76
202106,1001,Drugs used in rheumatic diseases and gout,1878715.0,86080324.0,9995010.02
202106,1002,Drugs used in neuromuscular disorders,135536.0,22623186.0,1181098.06
202106,1003,Drugs for soft-tissue disorders and topical pain relief,578672.0,61541622.0,3246761.3400000003
202106,101,Dyspepsia and gastro-oesophageal reflux disease,369198.0,183509483.0,2246070.67
202106,102,Antispasmodics and other drugs altering gut motility,395573.0,34252414.0,5030297.79
202106,103,Antisecretory drugs and mucosal protectants,6076767.0,219804860.0,18160040.23
202106,104,Acute diarrhoea,138877.0,12756568.0,756537.28
202106,105,Chronic bowel disorders,220380.0,26965989.0,10635297.09
202106,106,Laxatives,1589082.0,209484476.0,10334449.010000002
202106,107,Local preparations for anal and rectal disorders,105073.0,2810654.0,717893.03
202106,108,Stoma care,5.0,552.0,30.06
202106,109,Drugs affecting intestinal secretions,82715.0,17954632.0,4505815.6
202106,1103,Anti-infective eye preparations,97142.0,822385.5,977593.44
202106,1104,Corticosteroids and other anti-inflammatory preparations,261280.0,3895494.0,2933640.27
202106,1105,Mydriatics and cycloplegics,7098.0,137302.0,444018.39
202106,1106,Treatment of glaucoma,803161.0,11494422.0,8886427.48
202106,1107,Local anaesthetics,47.0,1187.0,665.9300000000001
202106,1108,Miscellaneous ophthalmic preparations,310315.0,7686178.0,1861664.93
202106,1201,Drugs acting on the ear,133972.0,830380.5,708731.53
202106,1202,Drugs acting on the nose,793729.0,3458921.0,5797373.02
202106,1203,Drugs acting on the oropharynx,88536.0,18283940.3,592875.63
202106,1301,Management of skin conditions,4357.0,2424168.0,16438.09
202106,1302,Emollient and barrier preparations,574317.0,294284609.0,4223476.04
202106,1303,Topical local anaesthetics and antipruritics,24058.0,6328238.0,222235.28000000003
202106,1304,Topical corticosteroids,939423.0,49870958.0,5157325.01
202106,1305,Preparations for eczema and psoriasis,134808.0,11791267.0,6096441.26
202106,1306,Acne and rosacea,149947.0,6988354.0,2549593.96
202106,1307,Preparations for warts and calluses,11879.0,148793.0,206196.63
202106,1308,Sunscreens and camouflagers,36616.0,2440933.7,1157942.13
202106,1309,Shampoos and other preparations for scalp and hair conditions,105976.0,21116020.0,805658.3600000001
202106,1310,Anti-infective skin preparations,239551.0,7359947.0,1283408.32
202106,1311,"Skin cleansers,antiseptics and desloughing agents",19944.0,9577806.0,172605.87
202106,1312,Antiperspirants,4400.0,254560.0,33610.34
202106,1313,Wound management products,1492.0,14918.0,51765.46000000001
202106,1314,Topical circulatory preparations,7280.0,455668.0,36364.2
202106,1315,Miscellaneous topical preparations,174.0,29627.0,14213.03
202106,1404,Vaccines and antisera,62791.0,63346.0,891021.3799999999
202106,1405,Immunoglobulins,4.0,4.0,776.0
202106,1501,General anaesthesia,29617.0,2069199.0,279509.73
202106,1502,Local anaesthesia,100692.0,1691162.5,1546762.38
202106,1803,X-Ray contrast media,13.0,8000.0,1400.0
202106,1902,Selective preparations,33651.0,11397327.0,560593.92
202106,1904,Single substances,154.0,165628.0,1669.49
202106,1905,Other preparations,890.0,48602.0,11528.52
202106,1906,Acids,416.0,131059.0,8342.5
202106,1907,"Base,diluent, suspending agents and stabilisers",44213.0,31741112.0,1581462.4300000002
202106,1908,"Colouring,flavouring and sweetening agents",2.0,200.0,36.68
202106,1909,"Disinfectants, preservatives and sterilising agents",1.0,500.0,117.14
202106,1913,Cordials and soft drinks,98.0,541956.0,3708.12
202106,1914,Waters,955.0,10338162.0,9741.57
202106,2001,Absorbent Cottons,135.0,92125.0,1083.45
202106,2002,Arm Sling/Bandages,52313.0,720703.0,1316263.34
202106,2003,Wound Management & Other Dressings,341688.0,6080653.300000001,10506901.27
202106,2004,Gauzes & Gauze Tissue,7891.0,440383.0,222321.13
202106,2005,Tracheostomy & Laryngectomy Appliances,16522.0,806409.0,1472763.4300000002
202106,2006,Foam,1.0,1.0,5.28
202106,2007,Lints,28.0,27950.0,754.1999999999999
202106,2009,Stockinette,47319.0,418350.0,602602.71
202106,201,Positive inotropic drugs,225908.0,5932999.0,362440.69
202106,2010,Surgical Adhesive Tape,23316.0,321556.5,92807.74
202106,2011,Surgical Sutures,4131.0,5804.0,11678.2
202106,2012,Swabs,24974.0,4684034.0,94908.28
202106,2014,"Skin Closure Strips, Sterile",3479.0,21000.0,5084.43
202106,2015,"Skin Adhesive, Sterile",89.0,65.5,778.68
202106,2017,Cervical Collar,38.0,45.0,112.3
202106,2018,Cellulose Wadding BP 1988,1.0,500.0,2.2
202106,202,Diuretics,2584925.0,87009757.0,6816291.0
202106,2020,Silk Garments,810.0,2950.0,52916.01
202106,203,Anti-arrhythmic drugs,78391.0,4172170.0,582534.15
202106,204,Beta-adrenoceptor blocking drugs,3456490.0,130523783.0,6550417.859999999
202106,205,Hypertension and heart failure,6235367.0,230362012.0,20774941.37
202106,206,"Nitrates, calcium-channel blockers & other antianginal drugs",4488733.0,159345190.0,16583041.4
202106,207,Sympathomimetics,12938.0,1003469.0,694636.86
202106,208,Anticoagulants and protamine,1676791.0,74906516.0,67297150.34
202106,209,Antiplatelet drugs,2754764.0,84399319.0,7150599.529999999
202106,2101,Other Appliances,908543.0,79519506.0,5235341.09
202106,2102,Catheters,114182.0,7701573.0,14259738.64
202106,2103,Chiropody Appliances,203.0,2545.0,3004.28
202106,2104,Contraceptive Devices,3324.0,3364.0,38793.64
202106,2106,Trusses,137.0,142.0,4333.48
202106,2107,Elastic Hosiery,40558.0,107570.0,738795.36
202106,211,Antifibrinolytic drugs and haemostatics,42105.0,2651667.0,427159.53
202106,2112,Peak Flow Meters,38719.0,39003.0,217083.06
202106,2113,Catheter Maintenance Products,19487.0,10632610.0,647534.9299999999
202106,2114,Lubricant Gels,25082.0,1826634.5,94684.01
202106,2116,Irrigation Solutions,39145.0,1288641.0,273412.44
202106,2118,Vacuum Pumps for Erectile Dysfunction,1291.0,2869.0,140623.96
202106,2119,Oral Film Forming Agents,1272.0,111383.0,58903.76
202106,212,Lipid-regulating drugs,6748381.0,221907796.0,14443594.93
202106,2120,Venous Ulcer Compression System,8246.0,28995.0,363404.56
202106,2121,Dry Mouth Products,41089.0,4358521.0,288863.34
202106,2122,Emollients,791041.0,412389244.0,4574998.67
202106,2123,Vaginal Moisturisers,24116.0,945310.0,215467.34
202106,2124,Nasal Products,31381.0,1964548.0,105992.62
202106,2125,Vaginal Dilators,253.0,256.0,7643.59
202106,2126,Leg Ulcer Wrap,1.0,2.0,27.6
202106,2127,Lymphoedema Garments,37851.0,96077.0,2497202.0700000003
202106,2128,Anal Irrigation System,13940.0,57676.0,2263895.24
202106,2129,Pressure Offloading Device,3072.0,5162.0,115656.23
202106,2130,Eye Products,552560.0,8366909.0,4470665.82
202106,2131,Cycloidal Vibration Accessories,6.0,440.0,2200.0
202106,2132,Inhalation Solutions,6220.0,415902.0,165827.44
202106,2133,Indwelling Pleural Cath Drain System,1011.0,10484.0,286749.8
202106,2134,Vaginal PH Correction Products,728.0,11056.0,6969.75
202106,2135,Acne Treatment,6.0,225.0,103.0
202106,2136,Adhesive Dressing Remover Ster Silicone,857.0,66759.0,25663.15
202106,2137,Pelvic Toning Devices,31.0,31.0,465.0
202106,2138,Low Friction Products,2870.0,6680.0,70219.25
202106,2139,Prosthetic Adhesives,13.0,180.0,129.45
202106,2140,Bacterial Decolonisation Products,164.0,17394.0,881.08
202106,2141,Physical Debridement Device,6585.0,78937.0,403481.01
202106,2142,Jaw Rehabilitation Device,90.0,499.0,5946.89
202106,2143,Micro-Enema - Sodium Citrate,375.0,7628.0,3311.79
202106,2145,Douches,1.0,1.0,5.17
202106,2146,Hernia Support Garments,69.0,97.0,3579.3
202106,2147,Dev For Fungal Nail Infections,72.0,151.0,1474.2399999999998
202106,2148,Detection Sensor Interstitial Fluid/Gluc,114214.0,255621.0,8946735.0
202106,2149,Pulsed Electromagnetic Stimulator,55.0,77.0,1074.15
202106,2202,Anal Plugs,856.0,32118.0,75928.73
202106,2205,Catheter Valves,11237.0,78975.0,199830.45
202106,2210,Drainable Dribbling Appliances,2.0,2.0,68.74
202106,2215,Faecal Collectors,259.0,5285.0,13082.4
202106,2220,Incontinence Belts,1.0,14.0,91.84
202106,2230,Incontinence Sheaths,14110.0,558984.0,992103.35
202106,2240,Incontinence Sheath Fixing Strips & Adh,1710.0,49391.0,31334.88
202106,2250,Leg Bags,60469.0,725810.0,2068503.33
202106,2260,Night Drainage Bags,86440.0,2233664.0,1269767.27
202106,2270,Suspensory Systems,1182.0,9084.0,61029.130000000005
202106,2280,Tubing And Accessories,26734.0,175835.0,384709.49
202106,2285,Insert For Female Stress Incont,316.0,350.0,12392.94
202106,2290,Urinal Systems,1252.0,9979.0,61535.52
202106,2305,Adhesive Discs/Rings/Pads/Plasters,21222.0,1448703.0,897754.71
202106,2310,Adhesive (Pastes/Sprays/Solutions),172.0,30634.0,4664.8
202106,2315,Adhesive Removers (Sprays/Liquids/Wipes),86605.0,11336393.0,1816178.63
202106,2320,Bag Closures,332.0,16032.0,4343.4
202106,2325,Bag Covers,393.0,1401.0,13087.02
202106,2330,Belts,8120.0,11977.0,380561.56000000006
202106,2335,Colostomy Bags,35967.0,2522743.0,7822026.31
202106,2345,Deodorants,8203.0,1608311.0,103370.21
202106,2346,Discharge Solidifying Agents,2371.0,481503.0,139182.33000000002
202106,2350,Filters/Bridges,300.0,17890.0,15051.39
202106,2355,Flanges,18.0,77.0,1277.92
202106,2360,Ileostomy Bags,56360.0,2198227.0,8746442.92
202106,2370,Irrigation Washout Appliances,2750.0,59373.0,103012.11
202106,2375,Pressure Plates/Shields,128.0,348.0,3025.35
202106,2380,Skin Fillers And Protectives,286986.0,31229558.7,3209065.57
202106,2385,Skin Protectors,19301.0,783049.0,1546541.02
202106,2390,Stoma Caps/Dressings,1334.0,64401.0,89514.11
202106,2392,Tubing & Accessories,380.0,6980.0,17559.760000000002
202106,2394,Two Piece Ostomy Systems,19789.0,756831.0,1901082.87
202106,2396,Urostomy Bags,11694.0,343334.0,2059624.29
202106,301,Bronchodilators,2532407.0,16327888.0,28550014.12
202106,302,Corticosteroids (respiratory),1843629.0,2351431.0,52282036.72
202106,303,"Cromoglycate, leukotriene and phosphodesterase type-4 inhib",330361.0,10219224.0,924636.55
202106,304,"Antihistamines, hyposensitisation and allergic emergencies",1505867.0,76364583.0,7580123.41
202106,307,Mucolytics,256632.0,34378163.0,1756446.63
202106,308,Aromatic inhalations,11.0,2450.0,69.37
202106,309,Cough preparations,12749.0,3364002.0,33015.32
202106,310,Systemic nasal decongestants,1676.0,175247.0,12868.16
202106,401,Hypnotics and anxiolytics,1185882.0,35081219.0,8483803.33
202106,402,Drugs used in psychoses and related disorders,1115724.0,39458850.0,10962353.35
202106,403,Antidepressant drugs,7015796.0,260354099.0,25222624.58
202106,404,CNS stimulants and drugs used for ADHD,175587.0,7072999.0,7326903.430000001
202106,405,Drugs used in the treatment of obesity,29435.0,2682399.0,789460.05
202106,406,Drugs used in nausea and vertigo,517165.0,32206243.0,3472854.08
202106,407,Analgesics,5143498.0,563942083.3,40420713.95
202106,408,Antiepileptic drugs,2587091.0,211464064.0,28824756.26
202106,409,Drugs used in parkinsonism and related disorders,442134.0,30905673.0,8303686.08
202106,410,Drugs used in substance dependence,335601.0,132481528.8,5754512.67
202106,411,Drugs for dementia,340599.0,8414758.0,2420845.7
202106,501,Antibacterial drugs,2552643.0,101948473.0,14927091.34
202106,502,Antifungal drugs,128291.0,3699016.0,673582.45
202106,503,Antiviral drugs,91643.0,4657242.0,1369065.4
202106,504,Antiprotozoal drugs,214955.0,5950212.0,962547.49
202106,505,Anthelmintics,5837.0,118732.0,46570.68
202106,601,Drugs used in diabetes,5081104.0,313775810.0,105425769.62
202106,602,Thyroid and antithyroid drugs,2900807.0,106175484.0,7857897.84
202106,603,Corticosteroids (endocrine),633524.0,32674915.0,3263770.14
202106,604,Sex Hormones,830108.0,42418536.0,8572801.719999999
202106,605,"Hypothalamic and pituitary hormones and anti, oestrogens",28102.0,1286050.0,3779430.77
202106,606,Drugs affecting bone metabolism,541914.0,2757180.0,2677978.92
202106,607,Other endocrine drugs,8013.0,160794.0,606785.03
202106,702,Treatment of vaginal and vulval conditions,233205.0,4158121.0,2997626.29
202106,703,Contraceptives,651611.0,57917844.0,5856127.84
202106,704,Drugs for genito-urinary disorders,1776494.0,53001035.0,13963265.59
202106,801,Cytotoxic drugs,16947.0,744757.0,642630.8300000001
202106,802,Drugs affecting the immune response,101763.0,7677890.0,2938330.27
202106,803,Sex hormones and hormone antagonists in malignant disease,270394.0,7726538.0,11457086.65
202106,901,Anaemias and some other blood disorders,1774134.0,78666538.0,6049752.03
202106,902,Fluids and electrolytes,96362.0,7317978.0,898438.05
202106,903,Intravenous nutrition,1.0,30.0,82.5
202106,904,Oral nutrition,464874.0,2342968219.5,35656772.3
202106,905,Minerals,181965.0,30393709.0,3984498.68
202106,906,Vitamins,2719639.0,125384368.0,11586433.14
202106,908,Metabolic disorders,394.0,130648.0,240334.65
202106,909,Foods,21332.0,96884310.5,2202532.88
202106,910,Compound vitamin and mineral formulations,11143.0,422570.0,77853.54
202106,911,Health supplements,5252.0,336060.0,307623.1
202106,912,Other health supplements,10833.0,406248.0,44628.66
202107,1001,Drugs used in rheumatic diseases and gout,1872087.0,85758873.0,8741003.91
202107,1002,Drugs used in neuromuscular disorders,135425.0,22701630.0,1106241.69
202107,1003,Drugs for soft-tissue disorders and topical pain relief,572289.0,60918582.0,3193036.51
202107,101,Dyspepsia and gastro-oesophageal reflux disease,365439.0,182217195.0,2224116.09
202107,102,Antispasmodics and other drugs altering gut motility,398304.0,33993215.0,4929839.79
202107,103,Antisecretory drugs and mucosal protectants,6078666.0,219687904.0,16825344.33
202107,104,Acute diarrhoea,140123.0,12718920.0,817044.6000000001
202107,105,Chronic bowel disorders,221033.0,26990550.0,10720576.66
202107,106,Laxatives,1583454.0,208000920.0,10517503.86
202107,107,Local preparations for anal and rectal disorders,101441.0,2720895.0,699634.08
202107,108,Stoma care,2.0,184.0,10.02
202107,109,Drugs affecting intestinal secretions,83003.0,18180895.0,4569444.89
202107,1103,Anti-infective eye preparations,93628.0,797771.0,858411.68
202107,1104,Corticosteroids and other anti-inflammatory preparations,201440.0,3364563.0,2448390.88
202107,1105,Mydriatics and cycloplegics,6949.0,139339.0,435114.36
202107,1106,Treatment of glaucoma,803428.0,11504597.5,8326873.970000001
202107,1107,Local anaesthetics,47.0,1455.0,819.17
202107,1108,Miscellaneous ophthalmic preparations,305698.0,7593099.0,1846701.7
202107,1201,Drugs acting on the ear,153836.0,947473.5,790444.02
202107,1202,Drugs acting on the nose,697067.0,3144151.0,5041673.08
202107,1203,Drugs acting on the oropharynx,89128.0,18197902.8,540583.6900000001
202107,1301,Management of skin conditions,4248.0,2369493.0,16076.76
202107,1302,Emollient and barrier preparations,543682.0,278763150.0,3998143.19
202107,1303,Topical local anaesthetics and antipruritics,23850.0,6248980.0,220011.17
202107,1304,Topical corticosteroids,900766.0,48145007.0,4901105.44
202107,1305,Preparations for eczema and psoriasis,131004.0,11475422.0,5775293.4
202107,1306,Acne and rosacea,148948.0,6943444.0,2528758.0
202107,1307,Preparations for warts and calluses,11700.0,150678.0,215968.91
202107,1308,Sunscreens and camouflagers,35869.0,2364587.17,1143279.8199999998
202107,1309,Shampoos and other preparations for scalp and hair conditions,105271.0,20965134.0,830822.8600000001
202107,1310,Anti-infective skin preparations,239904.0,7425371.0,1221839.59
202107,1311,"Skin cleansers,antiseptics and desloughing agents",20584.0,10068191.0,181531.77
202107,1312,Antiperspirants,4529.0,260593.0,30573.18
202107,1313,Wound management products,1595.0,14850.0,51529.5
202107,1314,Topical circulatory preparations,7704.0,485450.0,38738.91
202107,1315,Miscellaneous topical preparations,156.0,17684.0,15648.66
202107,1404,Vaccines and antisera,67580.0,68004.0,927177.79
202107,1405,Immunoglobulins,5.0,6.0,1276.0
202107,1501,General anaesthesia,31631.0,4486977.0,291790.49
202107,1502,Local anaesthesia,98058.0,1680929.5,1539284.76
202107,1803,X-Ray contrast media,10.0,5700.0,997.5
202107,1902,Selective preparations,39231.0,14090310.0,682305.39
202107,1904,Single substances,160.0,150420.0,6477.889999999999
202107,1905,Other preparations,910.0,48686.0,11612.65
202107,1906,Acids,446.0,133926.0,8597.39
202107,1907,"Base,diluent, suspending agents and stabilisers",44498.0,32137201.0,1603386.2
202107,1908,"Colouring,flavouring and sweetening agents",5.0,500.0,91.7
202107,1909,"Disinfectants, preservatives and sterilising agents",1.0,500.0,499.75
202107,1913,Cordials and soft drinks,117.0,680808.0,4658.16
202107,1914,Waters,915.0,9450603.0,8519.67
202107,2001,Absorbent Cottons,123.0,72525.0,897.71
202107,2002,Arm Sling/Bandages,50389.0,692229.0,1255158.62
202107,2003,Wound Management & Other Dressings,336471.0,5966088.6,10388584.52
202107,2004,Gauzes & Gauze Tissue,7628.0,430063.0,202284.81
202107,2005,Tracheostomy & Laryngectomy Appliances,18203.0,883441.0,1612669.1800000002
202107,2006,Foam,1.0,1.0,5.28
202107,2007,Lints,22.0,27625.0,722.72
202107,2009,Stockinette,46126.0,407129.0,576842.9099999999
202107,201,Positive inotropic drugs,225622.0,5925345.0,322169.92000000004
202107,2010,Surgical Adhesive Tape,22588.0,311402.5,89606.69
202107,2011,Surgical Sutures,4443.0,6275.0,12151.009999999998
202107,2012,Swabs,25386.0,4768881.0,96358.21
202107,2014,"Skin Closure Strips, Sterile",3470.0,23265.0,5595.87
202107,2015,"Skin Adhesive, Sterile",80.0,78.5,1010.84
202107,2017,Cervical Collar,32.0,34.0,86.03999999999999
202107,2018,Cellulose Wadding BP 1988,1.0,19500.0,85.8
202107,202,Diuretics,2586911.0,87008645.0,5777031.2
202107,2020,Silk Garments,748.0,3066.0,48872.35
202107,203,Anti-arrhythmic drugs,79152.0,4216660.0,575503.86
202107,204,Beta-adrenoceptor blocking drugs,3459666.0,130501904.0,6223899.45
202107,205,Hypertension and heart failure,6225387.0,229870712.0,19239598.19
202107,206,"Nitrates, calcium-channel blockers & other antianginal drugs",4477868.0,158847900.0,16347419.74
202107,207,Sympathomimetics,13126.0,1035029.0,613730.3400000001
202107,208,Anticoagulants and protamine,1681635.0,75105458.0,67625426.03999999
202107,209,Antiplatelet drugs,2750100.0,84118499.0,6668658.04
202107,2101,Other Appliances,896758.0,78941454.0,5123817.66
202107,2102,Catheters,112225.0,7681190.0,14232690.46
202107,2103,Chiropody Appliances,176.0,2169.0,1506.38
202107,2104,Contraceptive Devices,3229.0,3278.0,38201.5
202107,2106,Trusses,144.0,151.0,4568.25
202107,2107,Elastic Hosiery,40717.0,108100.0,751691.63
202107,211,Antifibrinolytic drugs and haemostatics,42037.0,2647887.0,374670.66
202107,2112,Peak Flow Meters,38465.0,38578.0,213042.68
202107,2113,Catheter Maintenance Products,18917.0,10371520.0,632438.38
202107,2114,Lubricant Gels,24438.0,1788030.5,92694.02
202107,2116,Irrigation Solutions,38511.0,1308896.0,268539.46
202107,2118,Vacuum Pumps for Erectile Dysfunction,1236.0,2710.0,133994.29
202107,2119,Oral Film Forming Agents,1284.0,106817.0,63317.83
202107,212,Lipid-regulating drugs,6746747.0,221475033.0,13106777.16
202107,2120,Venous Ulcer Compression System,8559.0,29870.0,389358.61
202107,2121,Dry Mouth Products,40609.0,4327316.0,286132.87
202107,2122,Emollients,745651.0,389922138.0,4329655.19
202107,2123,Vaginal Moisturisers,23839.0,939391.0,212257.56
202107,2124,Nasal Products,29125.0,1852432.0,99721.97
202107,2125,Vaginal Dilators,264.0,267.0,7973.049999999999
202107,2127,Lymphoedema Garments,36712.0,93215.0,2401323.04
202107,2128,Anal Irrigation System,14530.0,53683.0,2278756.85
202107,2129,Pressure Offloading Device,2958.0,4876.0,109879.3
202107,2130,Eye Products,556999.0,8424392.0,4508107.2700000005
202107,2131,Cycloidal Vibration Accessories,3.0,132.0,660.0
202107,2132,Inhalation Solutions,6241.0,414173.0,162218.14
202107,2133,Indwelling Pleural Cath Drain System,1048.0,10468.0,283821.64
202107,2134,Vaginal PH Correction Products,759.0,12070.0,7182.0
202107,2135,Acne Treatment,5.0,225.0,117.0
202107,2136,Adhesive Dressing Remover Ster Silicone,853.0,69124.0,25309.17
202107,2137,Pelvic Toning Devices,47.0,48.0,720.0
202107,2138,Low Friction Products,2621.0,6265.0,65617.54
202107,2139,Prosthetic Adhesives,5.0,75.0,54.36
202107,2140,Bacterial Decolonisation Products,196.0,19946.0,940.49
202107,2141,Physical Debridement Device,6627.0,79033.0,402862.96
202107,2142,Jaw Rehabilitation Device,82.0,430.0,6448.72
202107,2143,Micro-Enema - Sodium Citrate,384.0,7591.0,3295.8100000000004
202107,2146,Hernia Support Garments,72.0,102.0,3763.8
202107,2147,Dev For Fungal Nail Infections,59.0,110.0,1248.1
202107,2148,Detection Sensor Interstitial Fluid/Gluc,119295.0,268180.0,9386300.0
202107,2149,Pulsed Electromagnetic Stimulator,54.0,74.0,1032.3
202107,2202,Anal Plugs,846.0,31429.0,74316.38
202107,2205,Catheter Valves,11240.0,80004.0,201743.58
202107,2215,Faecal Collectors,246.0,5540.0,13203.07
202107,2220,Incontinence Belts,1.0,20.0,271.4
202107,2230,Incontinence Sheaths,13988.0,553880.0,984961.99
202107,2240,Incontinence Sheath Fixing Strips & Adh,1701.0,49699.0,31429.34
202107,2250,Leg Bags,58821.0,705309.0,2007912.9
202107,2260,Night Drainage Bags,84905.0,2189548.0,1252395.45
202107,2270,Suspensory Systems,1142.0,8565.0,58690.44
202107,2280,Tubing And Accessories,25828.0,171947.0,374627.2
202107,2285,Insert For Female Stress Incont,308.0,353.0,12611.45
202107,2290,Urinal Systems,1342.0,9743.0,67488.57
202107,2305,Adhesive Discs/Rings/Pads/Plasters,22308.0,1532529.0,957359.75
202107,2310,Adhesive (Pastes/Sprays/Solutions),186.0,30694.0,4826.74
202107,2315,Adhesive Removers (Sprays/Liquids/Wipes),90963.0,11981946.0,1925172.58
202107,2320,Bag Closures,374.0,16189.0,4438.78
202107,2325,Bag Covers,406.0,1398.0,13032.15
202107,2330,Belts,8671.0,12742.0,404681.92
202107,2335,Colostomy Bags,38106.0,2692848.0,8353989.970000001
202107,2345,Deodorants,8285.0,1608061.0,105569.77
202107,2346,Discharge Solidifying Agents,2582.0,497661.0,147412.86000000002
202107,2350,Filters/Bridges,300.0,16691.0,15197.67
202107,2355,Flanges,24.0,96.0,1647.85
202107,2360,Ileostomy Bags,59690.0,2344908.0,9324981.01
202107,2370,Irrigation Washout Appliances,3091.0,78883.0,117986.14
202107,2375,Pressure Plates/Shields,134.0,356.0,3129.26
202107,2380,Skin Fillers And Protectives,287004.0,31114716.700000003,3254681.74
202107,2385,Skin Protectors,20436.0,832621.0,1638310.63
202107,2390,Stoma Caps/Dressings,1473.0,72350.0,100437.99
202107,2392,Tubing & Accessories,398.0,6834.0,16984.19
202107,2394,Two Piece Ostomy Systems,21829.0,855524.0,2138080.23
202107,2396,Urostomy Bags,12481.0,373184.0,2233932.77
202107,301,Bronchodilators,2534611.0,16254346.0,28687859.78
202107,302,Corticosteroids (respiratory),1850552.0,2365899.0,52641364.7
202107,303,"Cromoglycate, leukotriene and phosphodesterase type-4 inhib",330906.0,10226344.0,753968.19
202107,304,"Antihistamines, hyposensitisation and allergic emergencies",1376975.0,68608324.0,7144486.92
202107,307,Mucolytics,258122.0,34575592.0,1611473.03
202107,308,Aromatic inhalations,9.0,900.0,17.8
202107,309,Cough preparations,12659.0,3376119.0,34569.15
202107,310,Systemic nasal decongestants,1599.0,167238.0,11997.95
202107,311,Antifibrotics,2.0,147.0,2509.62
202107,401,Hypnotics and anxiolytics,1189985.0,35061460.0,8464264.53
202107,402,Drugs used in psychoses and related disorders,1123135.0,39523328.0,10810597.39
202107,403,Antidepressant drugs,7015924.0,260236880.0,21726963.94
202107,404,CNS stimulants and drugs used for ADHD,172494.0,6959003.0,7096471.14
202107,405,Drugs used in the treatment of obesity,29602.0,2694324.0,658163.78
202107,406,Drugs used in nausea and vertigo,529224.0,32726988.0,3251715.5700000003
202107,407,Analgesics,5130876.0,562051909.6,37971219.02
202107,408,Antiepileptic drugs,2605155.0,213085481.0,27620848.86
202107,409,Drugs used in parkinsonism and related disorders,444336.0,31018892.0,8044874.43
202107,410,Drugs used in substance dependence,322549.0,128446836.4,5194623.46
202107,411,Drugs for dementia,344921.0,8557335.0,2282872.01
202107,501,Antibacterial drugs,2638610.0,103125508.0,14159933.42
202107,502,Antifungal drugs,134199.0,3859667.0,681087.3
202107,503,Antiviral drugs,91395.0,4629927.0,1279663.5
202107,504,Antiprotozoal drugs,215325.0,5965197.0,894920.77
202107,505,Anthelmintics,6013.0,130975.0,27910.92
202107,601,Drugs used in diabetes,5096297.0,313775707.0,105363261.39
202107,602,Thyroid and antithyroid drugs,2901667.0,106163034.0,7126262.78
202107,603,Corticosteroids (endocrine),631878.0,32746359.0,2985999.67
202107,604,Sex Hormones,855829.0,44395099.0,8733639.48
202107,605,"Hypothalamic and pituitary hormones and anti, oestrogens",28392.0,1306686.5,3830363.86
202107,606,Drugs affecting bone metabolism,541034.0,2744511.0,2539644.74
202107,607,Other endocrine drugs,7983.0,155153.0,588204.25
202107,701,Drugs used in obstetrics,1.0,1.0,9.0
202107,702,Treatment of vaginal and vulval conditions,236534.0,4228480.0,3008204.3
202107,703,Contraceptives,655279.0,58675400.0,5663830.69
202107,704,Drugs for genito-urinary disorders,1777535.0,52842257.0,11865033.82
202107,801,Cytotoxic drugs,16695.0,727228.0,587451.49
202107,802,Drugs affecting the immune response,102029.0,7721542.0,2926796.14
202107,803,Sex hormones and hormone antagonists in malignant disease,269729.0,7696828.0,11049564.12
202107,901,Anaemias and some other blood disorders,1787638.0,79018549.0,5852953.63
202107,902,Fluids and electrolytes,102753.0,7575157.0,917821.43
202107,903,Intravenous nutrition,3.0,61.0,190.93
202107,904,Oral nutrition,467828.0,2330866732.5,35663895.0
202107,905,Minerals,177284.0,29003315.0,3740837.43
202107,906,Vitamins,2711322.0,124690211.5,11300216.59
202107,908,Metabolic disorders,413.0,141350.0,260038.11
202107,909,Foods,20853.0,96377364.0,2192705.51
202107,910,Compound vitamin and mineral formulations,11265.0,416547.0,78679.57
202107,911,Health supplements,5223.0,352728.0,307912.66
202107,912,Other health supplements,10828.0,421516.0,48244.31
202108,1001,Drugs used in rheumatic diseases and gout,1774077.0,81055028.0,8264341.6
202108,1002,Drugs used in neuromuscular disorders,130609.0,21444798.0,1005308.75
202108,1003,Drugs for soft-tissue disorders and topical pain relief,545033.0,57938137.5,3044693.38
202108,101,Dyspepsia and gastro-oesophageal reflux disease,350205.0,174801091.0,2134254.75
202108,102,Antispasmodics and other drugs altering gut motility,381055.0,32337012.0,4604452.41
202108,103,Antisecretory drugs and mucosal protectants,5842685.0,210343085.0,16121879.94
202108,104,Acute diarrhoea,135015.0,12238949.0,794761.7999999999
202108,105,Chronic bowel disorders,210564.0,25758584.0,10122026.01
202108,106,Laxatives,1516612.0,197689948.0,10026738.07
202108,107,Local preparations for anal and rectal disorders,98863.0,2649379.0,669711.32
202108,108,Stoma care,3.0,368.0,20.04
202108,109,Drugs affecting intestinal secretions,79475.0,17236813.0,4318000.34
202108,1103,Anti-infective eye preparations,83641.0,721562.0,771248.87
202108,1104,Corticosteroids and other anti-inflammatory preparations,164406.0,2785582.0,2030975.32
202108,1105,Mydriatics and cycloplegics,7007.0,139184.0,464592.47
202108,1106,Treatment of glaucoma,768539.0,11076435.5,8111401.41
202108,1107,Local anaesthetics,41.0,851.0,469.7000000000001
202108,1108,Miscellaneous ophthalmic preparations,289645.0,7219493.5,1827885.55
202108,1201,Drugs acting on the ear,147473.0,904622.5,723946.0
202108,1202,Drugs acting on the nose,608275.0,2848346.0,4476670.28
202108,1203,Drugs acting on the oropharynx,80639.0,16828047.2,495714.79
202108,1301,Management of skin conditions,3861.0,2155438.0,14590.98
202108,1302,Emollient and barrier preparations,504905.0,259169858.0,3748834.23
202108,1303,Topical local anaesthetics and antipruritics,21192.0,5578724.0,197861.07
202108,1304,Topical corticosteroids,821034.0,44178936.0,4478694.79
202108,1305,Preparations for eczema and psoriasis,122601.0,10668191.0,5249267.86
202108,1306,Acne and rosacea,143230.0,6654759.0,2426601.09
202108,1307,Preparations for warts and calluses,10864.0,137285.0,191604.44
202108,1308,Sunscreens and camouflagers,32781.0,2185488.94,1059019.36
202108,1309,Shampoos and other preparations for scalp and hair conditions,98123.0,19529860.0,780301.9099999999
202108,1310,Anti-infective skin preparations,221445.0,6858182.0,1127819.36
202108,1311,"Skin cleansers,antiseptics and desloughing agents",19079.0,9291768.0,162145.41
202108,1312,Antiperspirants,3823.0,224175.0,25191.75
202108,1313,Wound management products,1368.0,13151.0,47510.47
202108,1314,Topical circulatory preparations,6760.0,425468.0,33954.24
202108,1315,Miscellaneous topical preparations,143.0,19050.0,13962.34
202108,1404,Vaccines and antisera,56371.0,56761.0,790314.33
202108,1405,Immunoglobulins,8.0,9.0,2250.0
202108,1501,General anaesthesia,29536.0,3067259.5,271769.18
202108,1502,Local anaesthesia,88090.0,1548376.0,1452853.61
202108,1803,X-Ray contrast media,13.0,11200.0,1960.0
202108,1902,Selective preparations,32119.0,10503575.0,506398.24
202108,1904,Single substances,142.0,111795.0,4148.66
202108,1905,Other preparations,880.0,47601.0,11153.19
202108,1906,Acids,431.0,134650.0,9148.51
202108,1907,"Base,diluent, suspending agents and stabilisers",41818.0,29964457.0,1507327.55
202108,1908,"Colouring,flavouring and sweetening agents",5.0,800.0,123.05
202108,1913,Cordials and soft drinks,92.0,377340.0,2581.8
202108,1914,Waters,863.0,8827761.0,8179.05
202108,2001,Absorbent Cottons,131.0,82950.0,1033.18
202108,2002,Arm Sling/Bandages,47574.0,660108.0,1192156.47
202108,2003,Wound Management & Other Dressings,324665.0,5793865.2,10000627.12
202108,2004,Gauzes & Gauze Tissue,7587.0,421527.0,207616.47
202108,2005,Tracheostomy & Laryngectomy Appliances,15372.0,758662.0,1359821.96
202108,2006,Foam,1.0,20.0,105.55
202108,2007,Lints,21.0,32200.0,841.56
202108,2009,Stockinette,44059.0,395030.0,549149.05
202108,201,Positive inotropic drugs,216175.0,5659642.0,307530.08
202108,2010,Surgical Adhesive Tape,21961.0,305335.0,90907.55
202108,2011,Surgical Sutures,4236.0,5884.0,11907.85
202108,2012,Swabs,24209.0,4536996.0,91529.49
202108,2014,"Skin Closure Strips, Sterile",3239.0,18402.0,4440.05
202108,2015,"Skin Adhesive, Sterile",63.0,52.0,690.56
202108,2017,Cervical Collar,16.0,17.0,42.78
202108,202,Diuretics,2457118.0,82359444.0,5361168.89
202108,2020,Silk Garments,687.0,2536.0,44118.13
202108,203,Anti-arrhythmic drugs,75735.0,3998822.0,551890.44
202108,204,Beta-adrenoceptor blocking drugs,3316416.0,124571177.0,5928147.81
202108,205,Hypertension and heart failure,5964295.0,219389577.0,18587449.87
202108,206,"Nitrates, calcium-channel blockers & other antianginal drugs",4289903.0,151629541.0,15223925.42
202108,207,Sympathomimetics,12899.0,1001471.0,588968.05
202108,208,Anticoagulants and protamine,1611807.0,71751554.0,65019877.81
202108,209,Antiplatelet drugs,2639479.0,80393324.0,6352205.22
202108,2101,Other Appliances,824707.0,73669007.0,4703800.5600000005
202108,2102,Catheters,105886.0,7316385.0,13514744.55
202108,2103,Chiropody Appliances,204.0,2228.0,1549.03
202108,2104,Contraceptive Devices,2754.0,2783.0,32390.61
202108,2106,Trusses,133.0,141.0,4390.5
202108,2107,Elastic Hosiery,37839.0,100235.0,696019.21
202108,211,Antifibrinolytic drugs and haemostatics,39279.0,2484959.0,350544.77
202108,2112,Peak Flow Meters,34048.0,34204.0,187596.65
202108,2113,Catheter Maintenance Products,17734.0,9863440.0,595146.4199999999
202108,2114,Lubricant Gels,22790.0,1706589.5,85419.84
202108,2116,Irrigation Solutions,36956.0,1224851.0,258778.98
202108,2118,Vacuum Pumps for Erectile Dysfunction,1205.0,2626.0,130378.15
202108,2119,Oral Film Forming Agents,1186.0,100924.0,55762.72
202108,212,Lipid-regulating drugs,6492695.0,212453009.0,12538750.71
202108,2120,Venous Ulcer Compression System,8198.0,28560.0,363772.79
202108,2121,Dry Mouth Products,38228.0,4082873.0,267239.95
202108,2122,Emollients,687914.0,359314566.0,3984136.01
202108,2123,Vaginal Moisturisers,22621.0,888610.0,200536.28
202108,2124,Nasal Products,25769.0,1701531.0,91168.54
202108,2125,Vaginal Dilators,227.0,233.0,7099.360000000001
202108,2126,Leg Ulcer Wrap,1.0,1.0,13.8
202108,2127,Lymphoedema Garments,34618.0,87845.0,2278345.0
202108,2128,Anal Irrigation System,14784.0,57681.0,2399876.23
202108,2129,Pressure Offloading Device,2404.0,4035.0,92593.82
202108,2130,Eye Products,532005.0,8039085.0,4292504.65
202108,2131,Cycloidal Vibration Accessories,4.0,322.0,1610.0
202108,2132,Inhalation Solutions,5792.0,389731.0,148492.08000000002
202108,2133,Indwelling Pleural Cath Drain System,917.0,9335.0,254020.01
202108,2134,Vaginal PH Correction Products,653.0,10326.0,6035.25
202108,2135,Acne Treatment,7.0,225.0,117.0
202108,2136,Adhesive Dressing Remover Ster Silicone,866.0,69303.0,26454.51
202108,2137,Pelvic Toning Devices,36.0,36.0,538.95
202108,2138,Low Friction Products,2469.0,5431.0,54724.34
202108,2139,Prosthetic Adhesives,6.0,105.0,81.10999999999999
202108,2140,Bacterial Decolonisation Products,165.0,18030.0,765.52
202108,2141,Physical Debridement Device,6138.0,73922.0,372993.97
202108,2142,Jaw Rehabilitation Device,77.0,382.0,6088.860000000001
202108,2143,Micro-Enema - Sodium Citrate,287.0,5735.0,2489.9700000000003
202108,2145,Douches,1.0,1.0,5.17
202108,2146,Hernia Support Garments,77.0,98.0,3616.2
202108,2147,Dev For Fungal Nail Infections,45.0,125.0,987.0
202108,2148,Detection Sensor Interstitial Fluid/Gluc,112301.0,251899.0,8816465.0
202108,2149,Pulsed Electromagnetic Stimulator,55.0,79.0,1102.05
202108,2202,Anal Plugs,795.0,28528.0,67439.33
202108,2205,Catheter Valves,10613.0,75542.0,190931.22
202108,2215,Faecal Collectors,235.0,4926.0,12732.43
202108,2220,Incontinence Belts,1.0,4.0,54.28
202108,2230,Incontinence Sheaths,12901.0,513283.0,913277.69
202108,2240,Incontinence Sheath Fixing Strips & Adh,1620.0,47248.0,30248.09
202108,2250,Leg Bags,55768.0,671841.0,1910199.75
202108,2260,Night Drainage Bags,80542.0,2072465.0,1196525.12
202108,2270,Suspensory Systems,1029.0,7900.0,52707.05
202108,2280,Tubing And Accessories,24138.0,161250.0,349770.46
202108,2285,Insert For Female Stress Incont,274.0,311.0,11276.03
202108,2290,Urinal Systems,1257.0,9265.0,58136.42
202108,2305,Adhesive Discs/Rings/Pads/Plasters,21951.0,1523818.0,944127.23
202108,2310,Adhesive (Pastes/Sprays/Solutions),182.0,31168.0,4879.56
202108,2315,Adhesive Removers (Sprays/Liquids/Wipes),88968.0,11780852.0,1893041.05
202108,2320,Bag Closures,410.0,20046.0,5154.67
202108,2325,Bag Covers,507.0,1813.0,15453.05
202108,2330,Belts,8422.0,12510.0,400908.42
202108,2335,Colostomy Bags,36994.0,2624440.0,8132624.92
202108,2345,Deodorants,8339.0,1630976.0,107014.76
202108,2346,Discharge Solidifying Agents,2630.0,510818.0,149711.41
202108,2350,Filters/Bridges,323.0,18391.0,15729.31
202108,2355,Flanges,24.0,154.0,2576.55
202108,2360,Ileostomy Bags,58793.0,2330494.0,9247184.08
202108,2370,Irrigation Washout Appliances,3147.0,69083.0,121749.5
202108,2375,Pressure Plates/Shields,142.0,492.0,4151.16
202108,2380,Skin Fillers And Protectives,276455.0,29916241.3,3167762.11
202108,2385,Skin Protectors,20031.0,820028.0,1608143.7999999998
202108,2390,Stoma Caps/Dressings,1395.0,66181.0,91963.4
202108,2392,Tubing & Accessories,382.0,6802.0,16917.55
202108,2394,Two Piece Ostomy Systems,22485.0,882071.0,2211809.37
202108,2396,Urostomy Bags,12289.0,371825.0,2226510.57
202108,301,Bronchodilators,2356134.0,15115332.0,27140915.59
202108,302,Corticosteroids (respiratory),1734114.0,2214908.0,49593371.39
202108,303,"Cromoglycate, leukotriene and phosphodesterase type-4 inhib",312901.0,9595376.0,703009.91
202108,304,"Antihistamines, hyposensitisation and allergic emergencies",1182235.0,56593682.0,6414763.28
202108,307,Mucolytics,248932.0,33175784.0,1548838.0
202108,308,Aromatic inhalations,7.0,800.0,14.47
202108,309,Cough preparations,11891.0,3241449.0,34877.57
202108,310,Systemic nasal decongestants,1619.0,162309.0,11582.4
202108,401,Hypnotics and anxiolytics,1137476.0,33332962.0,8069638.99
202108,402,Drugs used in psychoses and related disorders,1073353.0,37596706.0,10187293.26
202108,403,Antidepressant drugs,6712347.0,247846653.0,20640541.29
202108,404,CNS stimulants and drugs used for ADHD,159056.0,6443669.0,6564699.819999999
202108,405,Drugs used in the treatment of obesity,27315.0,2482709.0,653554.8400000001
202108,406,Drugs used in nausea and vertigo,508149.0,31121047.0,3143929.64
202108,407,Analgesics,4893642.0,535979866.8,36029642.79
202108,408,Antiepileptic drugs,2489900.0,202331398.0,26010347.94
202108,409,Drugs used in parkinsonism and related disorders,426850.0,29717428.0,7687850.37
202108,410,Drugs used in substance dependence,315086.0,126537160.4,4966055.29
202108,411,Drugs for dementia,333259.0,8212653.0,2159435.6100000003
202108,501,Antibacterial drugs,2470953.0,89613036.0,13323245.079999998
202108,502,Antifungal drugs,124608.0,3566185.0,626638.76
202108,503,Antiviral drugs,85970.0,4366537.0,1147296.45
202108,504,Antiprotozoal drugs,205250.0,5655500.0,837292.39
202108,505,Anthelmintics,5228.0,105609.0,37056.74
202108,601,Drugs used in diabetes,4871797.0,297400443.0,100017365.51
202108,602,Thyroid and antithyroid drugs,2771065.0,100870134.0,6757367.180000001
202108,603,Corticosteroids (endocrine),588889.0,30750564.0,2801662.8
202108,604,Sex Hormones,835072.0,43231384.0,8599823.92
202108,605,"Hypothalamic and pituitary hormones and anti, oestrogens",26472.0,1218372.0,3298781.05
202108,606,Drugs affecting bone metabolism,518358.0,2623653.0,2350287.5
202108,607,Other endocrine drugs,7432.0,146525.0,554676.86
202108,701,Drugs used in obstetrics,2.0,13.0,104.0
202108,702,Treatment of vaginal and vulval conditions,226768.0,4048407.5,2868656.98
202108,703,Contraceptives,609920.0,54643183.0,5061738.44
202108,704,Drugs for genito-urinary disorders,1708020.0,50666111.0,11351309.32
202108,801,Cytotoxic drugs,16134.0,700801.0,543260.4199999999
202108,802,Drugs affecting the immune response,96870.0,7279696.0,2651330.8
202108,803,Sex hormones and hormone antagonists in malignant disease,258435.0,7354935.0,10502311.57
202108,901,Anaemias and some other blood disorders,1711056.0,73988148.0,5490541.88
202108,902,Fluids and electrolytes,95483.0,7113216.0,947897.77
202108,903,Intravenous nutrition,1.0,30.0,82.5
202108,904,Oral nutrition,442174.0,2209412429.0,33358163.62
202108,905,Minerals,166514.0,27345813.0,3488417.84
202108,906,Vitamins,2595412.0,118781175.5,10621879.03
202108,908,Metabolic disorders,355.0,128464.0,222669.23
202108,909,Foods,20262.0,92159434.0,2091066.32
202108,910,Compound vitamin and mineral formulations,10881.0,399745.0,72807.23999999999
202108,911,Health supplements,4914.0,306601.0,282792.32
202108,912,Other health supplements,10423.0,390334.0,46392.93
202109,1001,Drugs used in rheumatic diseases and gout,1864698.0,85572921.0,8756973.86
202109,1002,Drugs used in neuromuscular disorders,136074.0,22797051.0,1060829.1
202109,1003,Drugs for soft-tissue disorders and topical pain relief,578380.0,61429882.0,3238862.85
202109,101,Dyspepsia and gastro-oesophageal reflux disease,369675.0,184669993.0,2233759.51
202109,102,Antispasmodics and other drugs altering gut motility,400954.0,34106345.0,4918308.45
202109,103,Antisecretory drugs and mucosal protectants,6121160.0,221163898.0,17153520.95
202109,104,Acute diarrhoea,141919.0,12941417.0,833395.55
202109,105,Chronic bowel disorders,219610.0,26709303.0,10582899.66
202109,106,Laxatives,1585120.0,207766385.0,10538437.14
202109,107,Local preparations for anal and rectal disorders,104355.0,2777979.0,697637.74
202109,109,Drugs affecting intestinal secretions,83296.0,18178242.0,4539028.23
202109,1103,Anti-infective eye preparations,90485.0,793254.5,833613.35
202109,1104,Corticosteroids and other anti-inflammatory preparations,158799.0,2682288.5,1998154.88
202109,1105,Mydriatics and cycloplegics,7261.0,145644.0,485523.7
202109,1106,Treatment of glaucoma,800720.0,11602097.5,8449336.1
202109,1107,Local anaesthetics,36.0,719.0,409.57
202109,1108,Miscellaneous ophthalmic preparations,291673.0,7341956.5,1878202.72
202109,1201,Drugs acting on the ear,159036.0,972309.5,744849.24
202109,1202,Drugs acting on the nose,634154.0,3026844.0,4662578.51
202109,1203,Drugs acting on the oropharynx,91747.0,17976155.0,538721.99
202109,1301,Management of skin conditions,4033.0,2268726.0,15369.82
202109,1302,Emollient and barrier preparations,527485.0,270653465.0,3903555.66
202109,1303,Topical local anaesthetics and antipruritics,22724.0,5899915.0,209242.13
202109,1304,Topical corticosteroids,887330.0,47542728.0,4814949.99
202109,1305,Preparations for eczema and psoriasis,129840.0,11323666.0,5962252.09
202109,1306,Acne and rosacea,152227.0,7059869.0,2573580.5
202109,1307,Preparations for warts and calluses,10988.0,150735.0,199971.48
202109,1308,Sunscreens and camouflagers,34671.0,2157920.94,1151471.73
202109,1309,Shampoos and other preparations for scalp and hair conditions,105601.0,21027079.0,834165.24
202109,1310,Anti-infective skin preparations,242263.0,7506428.0,1233573.09
202109,1311,"Skin cleansers,antiseptics and desloughing agents",20655.0,9994142.0,175924.69
202109,1312,Antiperspirants,4326.0,245303.0,34204.6
202109,1313,Wound management products,1502.0,14075.0,48840.25
202109,1314,Topical circulatory preparations,6764.0,430850.0,34381.83
202109,1315,Miscellaneous topical preparations,156.0,28115.0,19726.370000000003
202109,1404,Vaccines and antisera,1975212.0,1976401.0,21591559.57
202109,1405,Immunoglobulins,4.0,4.0,838.0
202109,1501,General anaesthesia,30196.0,37370679.0,274733.32
202109,1502,Local anaesthesia,92920.0,1673537.5,1513528.38
202109,1803,X-Ray contrast media,13.0,7800.0,1365.0
202109,1902,Selective preparations,44188.0,11249499.0,567376.9
202109,1904,Single substances,182.0,179529.0,6686.4800000000005
202109,1905,Other preparations,869.0,47340.0,11365.01
202109,1906,Acids,458.0,149370.0,10744.39
202109,1907,"Base,diluent, suspending agents and stabilisers",43702.0,31241329.0,1574332.3199999998
202109,1908,"Colouring,flavouring and sweetening agents",7.0,1000.0,161.47
202109,1909,"Disinfectants, preservatives and sterilising agents",1.0,500.0,117.14
202109,1913,Cordials and soft drinks,115.0,616056.0,4215.12
202109,1914,Waters,879.0,9169937.0,8751.01
202109,2001,Absorbent Cottons,129.0,92350.0,1216.8
202109,2002,Arm Sling/Bandages,48097.0,655919.0,1180272.06
202109,2003,Wound Management & Other Dressings,321616.0,5718026.9,10021654.28
202109,2004,Gauzes & Gauze Tissue,7747.0,435616.0,211313.82
202109,2005,Tracheostomy & Laryngectomy Appliances,18380.0,911617.0,1616872.28
202109,2007,Lints,29.0,31325.0,822.6
202109,2009,Stockinette,44490.0,393747.0,571008.46
202109,201,Positive inotropic drugs,224474.0,5900129.0,320594.45
202109,2010,Surgical Adhesive Tape,22022.0,302475.0,89395.16
202109,2011,Surgical Sutures,4849.0,7443.0,15025.54
202109,2012,Swabs,24743.0,4701527.0,93209.12
202109,2014,"Skin Closure Strips, Sterile",3099.0,17655.0,4229.79
202109,2015,"Skin Adhesive, Sterile",77.0,66.5,778.26
202109,2017,Cervical Collar,27.0,31.0,77.22
202109,202,Diuretics,2543380.0,85597786.0,5539515.01
202109,2020,Silk Garments,719.0,2798.0,48861.630000000005
202109,203,Anti-arrhythmic drugs,78480.0,4183823.0,561695.35
202109,204,Beta-adrenoceptor blocking drugs,3461079.0,130911338.0,6247745.5
202109,205,Hypertension and heart failure,6201267.0,228996120.0,19532765.81
202109,206,"Nitrates, calcium-channel blockers & other antianginal drugs",4472690.0,158458551.0,15504507.1
202109,207,Sympathomimetics,13465.0,1065029.0,630628.8300000001
202109,208,Anticoagulants and protamine,1682266.0,75235108.0,68185215.22
202109,209,Antiplatelet drugs,2739953.0,83816500.0,6634143.34
202109,2101,Other Appliances,904780.0,77511803.0,5250379.35
202109,2102,Catheters,118277.0,7997098.0,14856212.79
202109,2103,Chiropody Appliances,167.0,2160.0,1666.75
202109,2104,Contraceptive Devices,3067.0,3123.0,36235.16
202109,2106,Trusses,112.0,118.0,3745.3
202109,2107,Elastic Hosiery,37552.0,99402.0,688870.76
202109,211,Antifibrinolytic drugs and haemostatics,42381.0,2665408.0,374641.47
202109,2112,Peak Flow Meters,38169.0,38354.0,213636.85
202109,2113,Catheter Maintenance Products,19681.0,10809240.0,658051.53
202109,2114,Lubricant Gels,25657.0,1799600.5,94380.14
202109,2116,Irrigation Solutions,37394.0,1208618.0,260296.35
202109,2118,Vacuum Pumps for Erectile Dysfunction,1174.0,2533.0,126678.81
202109,2119,Oral Film Forming Agents,1180.0,105169.0,58901.23
202109,212,Lipid-regulating drugs,6758622.0,221915866.0,13153957.88
202109,2120,Venous Ulcer Compression System,8140.0,28005.0,374935.87
202109,2121,Dry Mouth Products,39892.0,4250045.0,279654.35
202109,2122,Emollients,733726.0,384230432.0,4268257.24
202109,2123,Vaginal Moisturisers,24008.0,953483.0,214197.16
202109,2124,Nasal Products,28592.0,1806458.0,97426.48
202109,2125,Vaginal Dilators,233.0,234.0,7117.56
202109,2127,Lymphoedema Garments,35696.0,91747.0,2352608.81
202109,2128,Anal Irrigation System,15468.0,61061.0,2520907.86
202109,2129,Pressure Offloading Device,2641.0,4479.0,100089.62
202109,2130,Eye Products,559293.0,8434680.0,4516383.22
202109,2131,Cycloidal Vibration Accessories,4.0,274.0,1370.0
202109,2132,Inhalation Solutions,6788.0,450046.0,177612.26
202109,2133,Indwelling Pleural Cath Drain System,930.0,9261.0,252106.09
202109,2134,Vaginal PH Correction Products,708.0,11318.0,7037.25
202109,2135,Acne Treatment,7.0,225.0,117.0
202109,2136,Adhesive Dressing Remover Ster Silicone,977.0,73531.0,27318.18
202109,2137,Pelvic Toning Devices,41.0,41.0,613.95
202109,2138,Low Friction Products,2349.0,5281.0,57360.490000000005
202109,2139,Prosthetic Adhesives,5.0,75.0,55.00999999999999
202109,2140,Bacterial Decolonisation Products,148.0,17190.0,807.04
202109,2141,Physical Debridement Device,6004.0,71604.0,367290.92
202109,2142,Jaw Rehabilitation Device,75.0,413.0,5254.27
202109,2143,Micro-Enema - Sodium Citrate,506.0,10042.0,4360.05
202109,2145,Douches,1.0,1.0,5.17
202109,2146,Hernia Support Garments,85.0,118.0,4354.2
202109,2147,Dev For Fungal Nail Infections,51.0,173.0,1073.2199999999998
202109,2148,Detection Sensor Interstitial Fluid/Gluc,120464.0,270857.0,9479995.0
202109,2149,Pulsed Electromagnetic Stimulator,48.0,67.0,934.65
202109,2202,Anal Plugs,832.0,30909.0,72989.6
202109,2205,Catheter Valves,11627.0,82146.0,207023.22
202109,2210,Drainable Dribbling Appliances,2.0,3.0,40.8
202109,2215,Faecal Collectors,255.0,5375.0,12262.53
202109,2230,Incontinence Sheaths,14984.0,587483.0,1045291.75
202109,2240,Incontinence Sheath Fixing Strips & Adh,1777.0,49668.0,32565.15
202109,2250,Leg Bags,62386.0,745438.0,2115364.23
202109,2260,Night Drainage Bags,90396.0,2326867.0,1320519.02
202109,2270,Suspensory Systems,1359.0,9949.0,69766.83
202109,2280,Tubing And Accessories,27223.0,180233.0,391284.87000000005
202109,2285,Insert For Female Stress Incont,297.0,324.0,11934.0
202109,2290,Urinal Systems,1260.0,10116.0,63492.05
202109,2305,Adhesive Discs/Rings/Pads/Plasters,23421.0,1619865.0,1004599.47
202109,2310,Adhesive (Pastes/Sprays/Solutions),194.0,32342.0,5081.65
202109,2315,Adhesive Removers (Sprays/Liquids/Wipes),94428.0,12508965.0,2006104.84
202109,2320,Bag Closures,389.0,18695.0,4989.56
202109,2325,Bag Covers,431.0,1451.0,13156.4
202109,2330,Belts,8544.0,12681.0,394566.3
202109,2335,Colostomy Bags,39489.0,2788955.0,8654773.1
202109,2345,Deodorants,8703.0,1712498.0,111416.92
202109,2346,Discharge Solidifying Agents,2743.0,536133.0,155935.3
202109,2350,Filters/Bridges,331.0,19662.0,16889.37
202109,2355,Flanges,21.0,58.0,892.3199999999999
202109,2360,Ileostomy Bags,61675.0,2429632.0,9667573.57
202109,2370,Irrigation Washout Appliances,3319.0,71398.0,122783.47
202109,2375,Pressure Plates/Shields,123.0,395.0,3382.55
202109,2380,Skin Fillers And Protectives,288530.0,31262230.0,3315174.32
202109,2385,Skin Protectors,21233.0,861149.0,1693467.06
202109,2390,Stoma Caps/Dressings,1505.0,71300.0,99061.09
202109,2392,Tubing & Accessories,395.0,6498.0,16196.69
202109,2394,Two Piece Ostomy Systems,22755.0,884470.0,2221775.69
202109,2396,Urostomy Bags,13034.0,388930.0,2330508.38
202109,301,Bronchodilators,2586953.0,15948301.0,28778404.51
202109,302,Corticosteroids (respiratory),1872109.0,2384335.0,52796438.93
202109,303,"Cromoglycate, leukotriene and phosphodesterase type-4 inhib",331447.0,10232413.0,746028.81
202109,304,"Antihistamines, hyposensitisation and allergic emergencies",1202592.0,58723963.0,7616293.26
202109,307,Mucolytics,261225.0,34991298.0,1664325.9
202109,308,Aromatic inhalations,6.0,1350.0,33.04
202109,309,Cough preparations,14406.0,3763195.0,41394.51
202109,310,Systemic nasal decongestants,1864.0,197078.0,12113.44
202109,311,Antifibrotics,1.0,63.0,501.92
202109,401,Hypnotics and anxiolytics,1192309.0,35137324.0,8714840.25
202109,402,Drugs used in psychoses and related disorders,1112414.0,39152310.0,10580826.54
202109,403,Antidepressant drugs,7043171.0,260780281.0,21776370.9
202109,404,CNS stimulants and drugs used for ADHD,177310.0,7126669.0,7200147.62
202109,405,Drugs used in the treatment of obesity,28345.0,2571503.0,660594.3099999999
202109,406,Drugs used in nausea and vertigo,532687.0,32778194.0,3298115.9000000004
202109,407,Analgesics,5137314.0,563176963.2,37759182.92
202109,408,Antiepileptic drugs,2590327.0,212051063.0,27247580.75
202109,409,Drugs used in parkinsonism and related disorders,444203.0,31111005.0,8202321.26
202109,410,Drugs used in substance dependence,313151.0,125580189.8,4979859.77
202109,411,Drugs for dementia,344307.0,8585463.0,2264754.89
202109,501,Antibacterial drugs,2800877.0,105648760.0,14345089.670000002
202109,502,Antifungal drugs,131541.0,3729283.0,649077.04
202109,503,Antiviral drugs,90445.0,4616399.0,1304999.74
202109,504,Antiprotozoal drugs,214074.0,5928721.0,861196.26
202109,505,Anthelmintics,6522.0,141827.0,28806.33
202109,601,Drugs used in diabetes,5083998.0,310696773.0,105780112.09
202109,602,Thyroid and antithyroid drugs,2881077.0,105346363.0,7092992.790000001
202109,603,Corticosteroids (endocrine),657223.0,33543237.0,3059455.44
202109,604,Sex Hormones,881399.0,46295042.5,9174293.82
202109,605,"Hypothalamic and pituitary hormones and anti, oestrogens",28616.0,1306600.0,3785504.25
202109,606,Drugs affecting bone metabolism,537770.0,2726875.0,2421801.37
202109,607,Other endocrine drugs,8013.0,159980.0,575372.87
202109,702,Treatment of vaginal and vulval conditions,242593.0,4319246.5,3046557.25
202109,703,Contraceptives,648589.0,58442838.0,5584893.88
202109,704,Drugs for genito-urinary disorders,1784492.0,53164482.0,12007676.97
202109,801,Cytotoxic drugs,16918.0,724953.0,560627.11
202109,802,Drugs affecting the immune response,101311.0,7658323.0,2945744.97
202109,803,Sex hormones and hormone antagonists in malignant disease,268547.0,7669846.0,11004168.77
202109,901,Anaemias and some other blood disorders,1746778.0,75415165.0,5656454.92
202109,902,Fluids and electrolytes,98399.0,7307969.0,939238.26
202109,903,Intravenous nutrition,2.0,60.0,165.0
202109,904,Oral nutrition,468033.0,2348423562.0,35587218.33
202109,905,Minerals,175389.0,28587528.0,3691405.49
202109,906,Vitamins,2686022.0,123739032.0,10990999.48
202109,908,Metabolic disorders,398.0,123390.0,228921.58
202109,909,Foods,20961.0,95262991.5,2150459.57
202109,910,Compound vitamin and mineral formulations,11287.0,421008.0,78130.34
202109,911,Health supplements,5202.0,335072.0,326689.67
202109,912,Other health supplements,10734.0,410499.0,44433.35
202110,1001,Drugs used in rheumatic diseases and gout,1772611.0,81526157.0,7623570.199999999
202110,1002,Drugs used in neuromuscular disorders,130016.0,21519302.0,1045719.66
202110,1003,Drugs for soft-tissue disorders and topical pain relief,548925.0,58476105.0,3080739.63
202110,101,Dyspepsia and gastro-oesophageal reflux disease,351226.0,174757224.0,2129370.75
202110,102,Antispasmodics and other drugs altering gut motility,382705.0,32327678.0,4590637.65
202110,103,Antisecretory drugs and mucosal protectants,5867300.0,211496312.0,16377464.47
202110,104,Acute diarrhoea,133411.0,12284871.0,758042.0800000001
202110,105,Chronic bowel disorders,209496.0,25497669.0,10238045.63
202110,106,Laxatives,1512636.0,197461061.0,9773348.22
202110,107,Local preparations for anal and rectal disorders,102196.0,2711874.0,678911.74
202110,108,Stoma care,2.0,184.0,10.02
202110,109,Drugs affecting intestinal secretions,80044.0,17458839.0,4334960.16
202110,1103,Anti-infective eye preparations,106880.0,935120.5,957192.44
202110,1104,Corticosteroids and other anti-inflammatory preparations,142807.0,2432611.0,1789153.04
202110,1105,Mydriatics and cycloplegics,6987.0,139922.0,482682.62
202110,1106,Treatment of glaucoma,767436.0,11214448.0,7860945.9
202110,1107,Local anaesthetics,49.0,1205.0,669.87
202110,1108,Miscellaneous ophthalmic preparations,273496.0,6867658.5,1780284.56
202110,1201,Drugs acting on the ear,154098.0,942757.5,708496.2
202110,1202,Drugs acting on the nose,599832.0,2890811.0,4272601.8
202110,1203,Drugs acting on the oropharynx,94165.0,17711652.9,502856.77
202110,1301,Management of skin conditions,3872.0,2171110.0,14656.11
202110,1302,Emollient and barrier preparations,490561.0,251177854.0,3631070.04
202110,1303,Topical local anaesthetics and antipruritics,21871.0,5745786.0,200570.18
202110,1304,Topical corticosteroids,837475.0,44736426.0,4484143.83
202110,1305,Preparations for eczema and psoriasis,124981.0,10832489.0,5520074.24
202110,1306,Acne and rosacea,140540.0,6500119.0,2376871.85
202110,1307,Preparations for warts and calluses,9640.0,131319.0,202354.43
202110,1308,Sunscreens and camouflagers,32790.0,1896429.41,1097643.46
202110,1309,Shampoos and other preparations for scalp and hair conditions,99818.0,19918313.0,794356.0499999999
202110,1310,Anti-infective skin preparations,233828.0,7223440.0,1145656.96
202110,1311,"Skin cleansers,antiseptics and desloughing agents",19198.0,9227295.0,165417.03
202110,1312,Antiperspirants,3515.0,201360.0,23044.37
202110,1313,Wound management products,1409.0,13824.0,48563.28
202110,1314,Topical circulatory preparations,6409.0,408550.0,32602.29
202110,1315,Miscellaneous topical preparations,124.0,14635.0,12524.21
202110,1404,Vaccines and antisera,4539980.0,4540910.0,49094472.49
202110,1405,Immunoglobulins,1.0,1.0,250.0
202110,1501,General anaesthesia,30886.0,8477114.5,275684.74
202110,1502,Local anaesthesia,94886.0,1579022.0,1465942.99
202110,1803,X-Ray contrast media,15.0,10000.0,1750.0
202110,1901,"Alcohol, wines and spirits",1.0,100.0,15.4
202110,1902,Selective preparations,40617.0,10572234.0,509317.29
202110,1904,Single substances,171.0,133405.0,1531.6
202110,1905,Other preparations,823.0,44948.0,10905.39
202110,1906,Acids,405.0,128039.0,8591.99
202110,1907,"Base,diluent, suspending agents and stabilisers",40867.0,28893307.0,1458595.88
202110,1908,"Colouring,flavouring and sweetening agents",6.0,900.0,142.26000000000002
202110,1909,"Disinfectants, preservatives and sterilising agents",3.0,1500.0,533.4
202110,1913,Cordials and soft drinks,82.0,444714.0,3042.78
202110,1914,Waters,905.0,9769550.0,8728.71
202110,2001,Absorbent Cottons,149.0,86025.0,1038.67
202110,2002,Arm Sling/Bandages,46298.0,632606.0,1153037.74
202110,2003,Wound Management & Other Dressings,308238.0,5493617.9,9768951.93
202110,2004,Gauzes & Gauze Tissue,7289.0,369450.0,206101.62
202110,2005,Tracheostomy & Laryngectomy Appliances,16040.0,786377.0,1414613.15
202110,2006,Foam,1.0,1.0,5.28
202110,2007,Lints,27.0,28050.0,757.27
202110,2009,Stockinette,42246.0,375403.5,540716.3300000001
202110,201,Positive inotropic drugs,212848.0,5578043.0,288414.72000000003
202110,2010,Surgical Adhesive Tape,20647.0,292705.5,84076.15
202110,2011,Surgical Sutures,5614.0,7718.0,14168.52
202110,2012,Swabs,22960.0,4302810.0,86958.83
202110,2014,"Skin Closure Strips, Sterile",3184.0,18000.0,4183.09
202110,2015,"Skin Adhesive, Sterile",55.0,47.5,575.26
202110,2017,Cervical Collar,27.0,31.0,78.34
202110,2018,Cellulose Wadding BP 1988,1.0,500.0,2.2
202110,202,Diuretics,2414604.0,81094052.0,5335905.57
202110,2020,Silk Garments,686.0,2657.0,48375.24
202110,203,Anti-arrhythmic drugs,74662.0,3954437.0,516913.53
202110,204,Beta-adrenoceptor blocking drugs,3313334.0,124845838.0,5749193.8
202110,205,Hypertension and heart failure,5935702.0,218510316.0,17973473.3
202110,206,"Nitrates, calcium-channel blockers & other antianginal drugs",4292459.0,151728994.0,14499330.17
202110,207,Sympathomimetics,13088.0,1016297.0,521319.42
202110,208,Anticoagulants and protamine,1609274.0,71686176.0,65275225.44
202110,209,Antiplatelet drugs,2617804.0,79796519.0,6020041.17
202110,2101,Other Appliances,889740.0,73945328.0,5169210.92
202110,2102,Catheters,107726.0,7439259.0,13792658.66
202110,2103,Chiropody Appliances,180.0,2230.0,2142.05
202110,2104,Contraceptive Devices,3127.0,3171.0,36724.08
202110,2106,Trusses,135.0,138.0,4323.67
202110,2107,Elastic Hosiery,36438.0,98058.0,674970.76
202110,211,Antifibrinolytic drugs and haemostatics,40413.0,2546148.0,314108.74
202110,2112,Peak Flow Meters,41700.0,41860.0,233105.17
202110,2113,Catheter Maintenance Products,17574.0,9750110.0,594977.48
202110,2114,Lubricant Gels,23779.0,1685816.5,87148.58
202110,2116,Irrigation Solutions,35030.0,1117781.0,249576.01
202110,2118,Vacuum Pumps for Erectile Dysfunction,1307.0,2772.0,144674.05
202110,2119,Oral Film Forming Agents,1156.0,96781.0,54263.17
202110,212,Lipid-regulating drugs,6475980.0,211987919.0,11796231.18
202110,2120,Venous Ulcer Compression System,7940.0,27274.0,365460.91
202110,2121,Dry Mouth Products,37719.0,4034591.0,264850.12
202110,2122,Emollients,690040.0,360722048.0,4012566.770000001
202110,2123,Vaginal Moisturisers,22672.0,894502.0,202729.17
202110,2124,Nasal Products,30507.0,1814746.0,98950.57
202110,2125,Vaginal Dilators,260.0,267.0,7751.99
202110,2127,Lymphoedema Garments,35064.0,88914.0,2258209.85
202110,2128,Anal Irrigation System,14599.0,55284.0,2396033.47
202110,2129,Pressure Offloading Device,2765.0,4652.0,102972.25
202110,2130,Eye Products,534511.0,8076532.0,4324791.04
202110,2131,Cycloidal Vibration Accessories,4.0,262.0,1310.0
202110,2132,Inhalation Solutions,6293.0,421305.0,166101.88
202110,2133,Indwelling Pleural Cath Drain System,910.0,8777.0,236034.46
202110,2134,Vaginal PH Correction Products,646.0,9465.0,6066.75
202110,2135,Acne Treatment,6.0,200.0,104.0
202110,2136,Adhesive Dressing Remover Ster Silicone,846.0,72811.0,25507.07
202110,2137,Pelvic Toning Devices,34.0,34.0,510.0
202110,2138,Low Friction Products,2423.0,5306.0,52506.67999999999
202110,2139,Prosthetic Adhesives,9.0,150.0,110.02
202110,2140,Bacterial Decolonisation Products,145.0,14788.0,665.27
202110,2141,Physical Debridement Device,5749.0,69494.0,351096.75
202110,2142,Jaw Rehabilitation Device,68.0,374.0,4918.82
202110,2143,Micro-Enema - Sodium Citrate,331.0,7140.0,3099.96
202110,2146,Hernia Support Garments,88.0,123.0,4538.7
202110,2147,Dev For Fungal Nail Infections,56.0,151.0,1203.14
202110,2148,Detection Sensor Interstitial Fluid/Gluc,116300.0,260938.0,9132830.0
202110,2149,Pulsed Electromagnetic Stimulator,51.0,66.0,920.7
202110,2202,Anal Plugs,804.0,29277.0,69286.6
202110,2205,Catheter Valves,10433.0,74882.0,189623.15
202110,2215,Faecal Collectors,248.0,4870.0,11515.65
202110,2230,Incontinence Sheaths,13249.0,528902.0,940842.4
202110,2240,Incontinence Sheath Fixing Strips & Adh,1633.0,46458.0,29759.89
202110,2250,Leg Bags,56169.0,676852.0,1928113.4
202110,2260,Night Drainage Bags,81443.0,2097315.0,1210906.18
202110,2270,Suspensory Systems,1301.0,9882.0,70559.85
202110,2280,Tubing And Accessories,24511.0,164485.0,356955.48
202110,2285,Insert For Female Stress Incont,282.0,308.0,10946.54
202110,2290,Urinal Systems,1112.0,9147.0,51863.11
202110,2305,Adhesive Discs/Rings/Pads/Plasters,22321.0,1537605.0,957883.69
202110,2310,Adhesive (Pastes/Sprays/Solutions),179.0,32484.0,5064.86
202110,2315,Adhesive Removers (Sprays/Liquids/Wipes),88997.0,11723944.0,1878055.98
202110,2320,Bag Closures,408.0,17451.0,4725.88
202110,2325,Bag Covers,391.0,1441.0,12703.63
202110,2330,Belts,8410.0,12602.0,403665.73
202110,2335,Colostomy Bags,37181.0,2639612.0,8197839.35
202110,2340,Colostomy Sets,1.0,2.0,9.64
202110,2345,Deodorants,7844.0,1528404.0,99360.84
202110,2346,Discharge Solidifying Agents,2550.0,493745.0,145226.31
202110,2350,Filters/Bridges,318.0,18790.0,15847.48
202110,2355,Flanges,17.0,108.0,1706.61
202110,2360,Ileostomy Bags,58837.0,2323002.0,9267312.0
202110,2370,Irrigation Washout Appliances,3036.0,70553.0,121662.45
202110,2375,Pressure Plates/Shields,137.0,421.0,3766.6
202110,2380,Skin Fillers And Protectives,270810.0,29214080.6,3086900.7
202110,2385,Skin Protectors,20271.0,824658.0,1626708.2400000002
202110,2390,Stoma Caps/Dressings,1355.0,67090.0,93244.03
202110,2392,Tubing & Accessories,361.0,6528.0,16060.579999999998
202110,2394,Two Piece Ostomy Systems,21857.0,844663.0,2122063.73
202110,2396,Urostomy Bags,12173.0,361477.0,2173234.69
202110,301,Bronchodilators,2539455.0,15157567.0,27745701.46
202110,302,Corticosteroids (respiratory),1822284.0,2315946.0,51144511.56
202110,303,"Cromoglycate, leukotriene and phosphodesterase type-4 inhib",320940.0,9858066.0,672788.76
202110,304,"Antihistamines, hyposensitisation and allergic emergencies",1071495.0,51072339.0,5960895.74
202110,307,Mucolytics,253436.0,33623554.0,1458658.65
202110,308,Aromatic inhalations,8.0,2950.0,70.34
202110,309,Cough preparations,18065.0,4441075.0,47229.61
202110,310,Systemic nasal decongestants,2166.0,231206.0,11876.830000000002
202110,311,Antifibrotics,1.0,84.0,2007.7
202110,401,Hypnotics and anxiolytics,1141086.0,33500926.0,8249283.03
202110,402,Drugs used in psychoses and related disorders,1072633.0,37528539.0,9844846.07
202110,403,Antidepressant drugs,6760692.0,249527089.0,18949756.25
202110,404,CNS stimulants and drugs used for ADHD,174632.0,6987573.0,7016514.68
202110,405,Drugs used in the treatment of obesity,26088.0,2360601.0,719145.13
202110,406,Drugs used in nausea and vertigo,506558.0,31068024.0,2937324.01
202110,407,Analgesics,4916133.0,539087379.4000001,34543587.23
202110,408,Antiepileptic drugs,2486391.0,202663078.0,25964210.0
202110,409,Drugs used in parkinsonism and related disorders,425490.0,29778842.0,7631061.27
202110,410,Drugs used in substance dependence,308335.0,123158101.6,4775816.8
202110,411,Drugs for dementia,330814.0,8182974.0,2024174.81
202110,501,Antibacterial drugs,3030299.0,121966293.5,13948950.25
202110,502,Antifungal drugs,125359.0,3529091.0,581631.26
202110,503,Antiviral drugs,86746.0,4402888.0,1099626.66
202110,504,Antiprotozoal drugs,202894.0,5608087.0,773277.27
202110,505,Anthelmintics,6490.0,140492.0,31474.69
202110,601,Drugs used in diabetes,4888700.0,296842448.0,101016577.59
202110,602,Thyroid and antithyroid drugs,2746123.0,99952422.0,6268113.44
202110,603,Corticosteroids (endocrine),688743.0,34028390.0,2791311.69
202110,604,Sex Hormones,862455.0,45620920.0,9022705.63
202110,605,"Hypothalamic and pituitary hormones and anti, oestrogens",27477.0,1259024.5,3478774.26
202110,606,Drugs affecting bone metabolism,514144.0,2615300.0,2182087.45
202110,607,Other endocrine drugs,7525.0,148422.0,531908.85
202110,701,Drugs used in obstetrics,1.0,2.0,16.0
202110,702,Treatment of vaginal and vulval conditions,236100.0,4216924.5,2971235.6
202110,703,Contraceptives,605714.0,54363408.0,5234912.17
202110,704,Drugs for genito-urinary disorders,1711770.0,50922128.0,11314256.23
202110,801,Cytotoxic drugs,16081.0,709295.0,479520.95
202110,802,Drugs affecting the immune response,96557.0,7236270.0,2714400.08
202110,803,Sex hormones and hormone antagonists in malignant disease,257742.0,7301075.0,10481508.46
202110,901,Anaemias and some other blood disorders,1680301.0,72659003.0,5194061.779999999
202110,902,Fluids and electrolytes,95268.0,6950037.0,885562.77
202110,903,Intravenous nutrition,1.0,30.0,82.5
202110,904,Oral nutrition,442732.0,2208716868.0,33487884.880000003
202110,905,Minerals,178158.0,29977452.0,3682963.49
202110,906,Vitamins,2583924.0,118624440.5,10540716.42
202110,908,Metabolic disorders,353.0,138376.0,226149.25
202110,909,Foods,20158.0,93222612.5,2116265.62
202110,910,Compound vitamin and mineral formulations,10886.0,401970.0,75197.09
202110,911,Health supplements,4846.0,330037.0,311661.56
202110,912,Other health supplements,10419.0,397749.0,43555.34
202111,1001,Drugs used in rheumatic diseases and gout,1831544.0,84259057.0,7965967.779999999
202111,1002,Drugs used in neuromuscular disorders,134067.0,22268262.0,1080328.81
202111,1003,Drugs for soft-tissue disorders and topical pain relief,563919.0,60141076.0,3174313.64
202111,101,Dyspepsia and gastro-oesophageal reflux disease,368776.0,183946625.0,2238497.29
202111,102,Antispasmodics and other drugs altering gut motility,394841.0,33386015.0,4857688.92
202111,103,Antisecretory drugs and mucosal protectants,6100263.0,220452739.0,17201326.54
202111,104,Acute diarrhoea,138071.0,12650361.0,774728.64
202111,105,Chronic bowel disorders,215467.0,26280625.0,10825871.41
202111,106,Laxatives,1558950.0,203634021.0,10138424.57
202111,107,Local preparations for anal and rectal disorders,106721.0,2824311.0,714837.51
202111,108,Stoma care,1.0,92.0,5.01
202111,109,Drugs affecting intestinal secretions,82750.0,18123812.0,4530162.69
202111,1103,Anti-infective eye preparations,136190.0,1198355.0,1236416.18
202111,1104,Corticosteroids and other anti-inflammatory preparations,144882.0,2469028.5,1831016.77
202111,1105,Mydriatics and cycloplegics,7116.0,143909.0,500275.37
202111,1106,Treatment of glaucoma,796941.0,11668325.0,8224294.85
202111,1107,Local anaesthetics,38.0,710.0,406.25
202111,1108,Miscellaneous ophthalmic preparations,280390.0,6941058.5,1809416.66
202111,1201,Drugs acting on the ear,157887.0,964820.5,716304.28
202111,1202,Drugs acting on the nose,631268.0,3089705.0,4468811.7
202111,1203,Drugs acting on the oropharynx,97815.0,18259037.7,524408.22
202111,1301,Management of skin conditions,4026.0,2248700.0,15266.71
202111,1302,Emollient and barrier preparations,521026.0,267636941.0,3857895.19
202111,1303,Topical local anaesthetics and antipruritics,22307.0,5890202.0,205149.31
202111,1304,Topical corticosteroids,902256.0,48419303.0,4806407.77
202111,1305,Preparations for eczema and psoriasis,132522.0,11452352.0,5806085.19
202111,1306,Acne and rosacea,144543.0,6692613.0,2451079.2
202111,1307,Preparations for warts and calluses,9483.0,130141.0,207728.2
202111,1308,Sunscreens and camouflagers,33401.0,1814256.41,1126195.04
202111,1309,Shampoos and other preparations for scalp and hair conditions,105031.0,20949609.0,830997.32
202111,1310,Anti-infective skin preparations,239095.0,7431824.0,1188156.95
202111,1311,"Skin cleansers,antiseptics and desloughing agents",19904.0,9482424.0,162196.94
202111,1312,Antiperspirants,3320.0,198413.0,25517.33
202111,1313,Wound management products,1419.0,13993.0,52142.95
202111,1314,Topical circulatory preparations,6654.0,424536.0,33881.76
202111,1315,Miscellaneous topical preparations,155.0,20595.0,15633.16
202111,1404,Vaccines and antisera,2703328.0,2704314.0,29184795.71
202111,1405,Immunoglobulins,5.0,5.0,2000.0
202111,1501,General anaesthesia,31599.0,4282659.5,280374.63
202111,1502,Local anaesthesia,99178.0,1670165.5,1517063.05
202111,1803,X-Ray contrast media,8.0,4800.0,840.0
202111,1902,Selective preparations,32791.0,10703650.0,615109.14
202111,1904,Single substances,171.0,133705.0,9088.8
202111,1905,Other preparations,859.0,47516.0,11282.03
202111,1906,Acids,453.0,143393.0,9727.65
202111,1907,"Base,diluent, suspending agents and stabilisers",42264.0,29707630.0,1492354.59
202111,1908,"Colouring,flavouring and sweetening agents",5.0,1600.0,153.65
202111,1909,"Disinfectants, preservatives and sterilising agents",1.0,500.0,117.14
202111,1913,Cordials and soft drinks,79.0,371754.0,2543.58
202111,1914,Waters,921.0,10817367.0,10310.41
202111,2001,Absorbent Cottons,112.0,77525.0,940.37
202111,2002,Arm Sling/Bandages,50083.0,684882.0,1263882.57
202111,2003,Wound Management & Other Dressings,323977.0,5758837.9,10325728.33
202111,2004,Gauzes & Gauze Tissue,7653.0,404825.0,218871.62
202111,2005,Tracheostomy & Laryngectomy Appliances,16531.0,858715.0,1502275.07
202111,2007,Lints,21.0,17250.0,452.31
202111,2009,Stockinette,45164.0,397870.5,578720.1900000001
202111,201,Positive inotropic drugs,220276.0,5805196.0,299989.51
202111,2010,Surgical Adhesive Tape,21758.0,301654.0,87791.51999999999
202111,2011,Surgical Sutures,5371.0,7466.0,14348.64
202111,2012,Swabs,25074.0,4661484.0,93247.29
202111,2014,"Skin Closure Strips, Sterile",3500.0,20295.0,4810.49
202111,2015,"Skin Adhesive, Sterile",62.0,46.5,557.26
202111,2017,Cervical Collar,30.0,47.0,119.62
202111,202,Diuretics,2498931.0,84143725.0,5604743.74
202111,2020,Silk Garments,735.0,2933.0,52739.55
202111,203,Anti-arrhythmic drugs,78551.0,4198164.0,456194.53
202111,204,Beta-adrenoceptor blocking drugs,3443121.0,130253441.0,6020468.78
202111,205,Hypertension and heart failure,6174158.0,227991422.0,18838426.51
202111,206,"Nitrates, calcium-channel blockers & other antianginal drugs",4476833.0,158717264.0,15140570.78
202111,207,Sympathomimetics,13550.0,1051090.0,535581.99
202111,208,Anticoagulants and protamine,1674229.0,74838307.0,68470310.2
202111,209,Antiplatelet drugs,2712092.0,82863235.0,6229700.19
202111,2101,Other Appliances,927523.0,76702830.0,5397556.41
202111,2102,Catheters,112112.0,7633571.0,14125080.54
202111,2103,Chiropody Appliances,213.0,2341.0,2001.6
202111,2104,Contraceptive Devices,3168.0,3209.0,37076.93
202111,2106,Trusses,141.0,145.0,4470.68
202111,2107,Elastic Hosiery,37343.0,100591.0,685969.45
202111,211,Antifibrinolytic drugs and haemostatics,41863.0,2640145.0,325580.13
202111,2112,Peak Flow Meters,47399.0,47740.0,263553.39
202111,2113,Catheter Maintenance Products,17865.0,10388390.0,607347.62
202111,2114,Lubricant Gels,25513.0,1829915.0,94874.97
202111,2116,Irrigation Solutions,36596.0,1243695.0,256202.18
202111,2118,Vacuum Pumps for Erectile Dysfunction,1421.0,3000.0,160428.36
202111,2119,Oral Film Forming Agents,1205.0,104632.0,58544.75
202111,212,Lipid-regulating drugs,6744286.0,221497793.0,12306482.68
202111,2120,Venous Ulcer Compression System,8105.0,28015.0,374086.94
202111,2121,Dry Mouth Products,39750.0,4215964.0,279227.57
202111,2122,Emollients,741180.0,388226227.0,4316224.94
202111,2123,Vaginal Moisturisers,23879.0,947345.0,213234.57
202111,2124,Nasal Products,31862.0,1915384.0,106264.41
202111,2125,Vaginal Dilators,250.0,251.0,7610.18
202111,2127,Lymphoedema Garments,37177.0,95476.0,2400864.11
202111,2128,Anal Irrigation System,14133.0,52438.0,2297624.59
202111,2129,Pressure Offloading Device,2830.0,4684.0,101985.02
202111,2130,Eye Products,563034.0,8508747.0,4528231.5
202111,2131,Cycloidal Vibration Accessories,3.0,126.0,630.0
202111,2132,Inhalation Solutions,6481.0,428117.0,167643.12
202111,2133,Indwelling Pleural Cath Drain System,954.0,9885.0,265703.32
202111,2134,Vaginal PH Correction Products,677.0,10793.0,6643.5
202111,2135,Acne Treatment,3.0,75.0,39.0
202111,2136,Adhesive Dressing Remover Ster Silicone,928.0,69316.0,26557.46
202111,2137,Pelvic Toning Devices,48.0,50.0,748.95
202111,2138,Low Friction Products,2514.0,5585.0,57968.26
202111,2139,Prosthetic Adhesives,10.0,140.0,106.44
202111,2140,Bacterial Decolonisation Products,195.0,17864.0,973.36
202111,2141,Physical Debridement Device,6205.0,75419.0,385440.59
202111,2142,Jaw Rehabilitation Device,86.0,435.0,7241.01
202111,2143,Micro-Enema - Sodium Citrate,344.0,6988.0,3033.43
202111,2145,Douches,3.0,3.0,15.51
202111,2146,Hernia Support Garments,69.0,92.0,3394.8
202111,2147,Dev For Fungal Nail Infections,52.0,163.0,1156.92
202111,2148,Detection Sensor Interstitial Fluid/Gluc,122912.0,276582.0,9680370.0
202111,2149,Pulsed Electromagnetic Stimulator,57.0,82.0,1143.9
202111,2202,Anal Plugs,862.0,32193.0,76052.75
202111,2205,Catheter Valves,11361.0,81545.0,205292.89
202111,2215,Faecal Collectors,246.0,5266.0,12665.87
202111,2230,Incontinence Sheaths,13818.0,549693.0,975171.08
202111,2240,Incontinence Sheath Fixing Strips & Adh,1832.0,51735.0,33436.45
202111,2250,Leg Bags,59078.0,706471.0,2002511.42
202111,2260,Night Drainage Bags,86709.0,2252612.0,1284444.17
202111,2270,Suspensory Systems,1413.0,10456.0,71534.5
202111,2280,Tubing And Accessories,26178.0,175178.0,378087.7
202111,2285,Insert For Female Stress Incont,308.0,424.0,15622.740000000002
202111,2290,Urinal Systems,1276.0,9580.0,61488.2
202111,2305,Adhesive Discs/Rings/Pads/Plasters,22540.0,1569337.0,969893.3
202111,2310,Adhesive (Pastes/Sprays/Solutions),188.0,30022.0,4699.84
202111,2315,Adhesive Removers (Sprays/Liquids/Wipes),90726.0,12114194.0,1935250.61
202111,2320,Bag Closures,385.0,18235.0,5021.16
202111,2325,Bag Covers,418.0,1505.0,13184.12
202111,2330,Belts,8402.0,12510.0,419662.04
202111,2335,Colostomy Bags,37335.0,2696138.0,8364407.87
202111,2345,Deodorants,8045.0,1543470.0,103056.84
202111,2346,Discharge Solidifying Agents,2734.0,533532.0,155352.57
202111,2350,Filters/Bridges,292.0,17492.0,15791.69
202111,2355,Flanges,22.0,115.0,1830.9
202111,2360,Ileostomy Bags,59190.0,2367970.0,9415652.83
202111,2370,Irrigation Washout Appliances,3232.0,75722.0,124130.62
202111,2375,Pressure Plates/Shields,126.0,336.0,2742.3
202111,2380,Skin Fillers And Protectives,279226.0,30051552.1,3197983.02
202111,2385,Skin Protectors,20326.0,836276.0,1646526.09
202111,2390,Stoma Caps/Dressings,1430.0,69661.0,96899.18
202111,2392,Tubing & Accessories,384.0,6944.0,17264.42
202111,2394,Two Piece Ostomy Systems,22233.0,875788.0,2194706.09
202111,2396,Urostomy Bags,12513.0,380382.0,2282018.51
202111,301,Bronchodilators,2627346.0,15588357.0,28753472.84
202111,302,Corticosteroids (respiratory),1896528.0,2419339.0,53215847.38
202111,303,"Cromoglycate, leukotriene and phosphodesterase type-4 inhib",337348.0,10379348.0,707616.05
202111,304,"Antihistamines, hyposensitisation and allergic emergencies",1086161.0,51840596.0,5904393.55
202111,307,Mucolytics,264206.0,35193197.0,1511749.98
202111,308,Aromatic inhalations,6.0,412.0,12.69
202111,309,Cough preparations,19098.0,4714553.0,50653.23
202111,310,Systemic nasal decongestants,2214.0,218236.0,13573.42
202111,401,Hypnotics and anxiolytics,1179895.0,34797798.0,8703025.6
202111,402,Drugs used in psychoses and related disorders,1109753.0,38855884.0,10529082.12
202111,403,Antidepressant drugs,7041687.0,260503489.0,19891732.12
202111,404,CNS stimulants and drugs used for ADHD,184505.0,7337758.0,7373646.68
202111,405,Drugs used in the treatment of obesity,26543.0,2406018.0,696270.74
202111,406,Drugs used in nausea and vertigo,522424.0,32195590.0,3038336.19
202111,407,Analgesics,5076566.0,557563119.4,35835252.35
202111,408,Antiepileptic drugs,2574601.0,209932126.0,27039669.4
202111,409,Drugs used in parkinsonism and related disorders,441306.0,30893282.0,8031577.58
202111,410,Drugs used in substance dependence,316499.0,126193550.6,4947623.38
202111,411,Drugs for dementia,344007.0,8541629.0,2121157.7
202111,501,Antibacterial drugs,3125569.0,123238354.0,14384336.239999998
202111,502,Antifungal drugs,129588.0,3622167.0,617887.5
202111,503,Antiviral drugs,91787.0,4662669.0,1284085.06
202111,504,Antiprotozoal drugs,208427.0,5771095.0,816620.54
202111,505,Anthelmintics,7045.0,148009.0,30591.82
202111,601,Drugs used in diabetes,5079404.0,308208345.0,105494600.09
202111,602,Thyroid and antithyroid drugs,2858531.0,104295774.0,6475089.15
202111,603,Corticosteroids (endocrine),719121.0,35516273.0,2962288.05
202111,604,Sex Hormones,920253.0,49423992.5,9842193.3
202111,605,"Hypothalamic and pituitary hormones and anti, oestrogens",28546.0,1310330.0,3648821.21
202111,606,Drugs affecting bone metabolism,531879.0,2711009.0,2349558.76
202111,607,Other endocrine drugs,7950.0,158973.0,578698.12
202111,701,Drugs used in obstetrics,2.0,3.0,99.0
202111,702,Treatment of vaginal and vulval conditions,252146.0,4563506.0,3177257.31
202111,703,Contraceptives,625196.0,56835637.0,5459782.28
202111,704,Drugs for genito-urinary disorders,1784775.0,53238804.0,11817877.42
202111,801,Cytotoxic drugs,16547.0,720042.0,477403.14
202111,802,Drugs affecting the immune response,98702.0,7402603.0,2702686.59
202111,803,Sex hormones and hormone antagonists in malignant disease,265935.0,7612910.0,10573501.03
202111,901,Anaemias and some other blood disorders,1748198.0,76638929.0,5429884.45
202111,902,Fluids and electrolytes,97745.0,7201521.0,893519.08
202111,903,Intravenous nutrition,2.0,70.0,160.9
202111,904,Oral nutrition,460404.0,2294450364.5,35116645.379999995
202111,905,Minerals,186259.0,31523822.0,3831410.55
202111,906,Vitamins,2697393.0,123697022.0,11176907.8
202111,908,Metabolic disorders,366.0,119357.0,247342.52
202111,909,Foods,21498.0,98281621.0,2200716.88
202111,910,Compound vitamin and mineral formulations,11057.0,416864.0,76853.32
202111,911,Health supplements,5106.0,331509.0,312236.77
202111,912,Other health supplements,10902.0,415700.0,45865.41
202112,1001,Drugs used in rheumatic diseases and gout,1877306.0,86583087.0,8122516.01
202112,1002,Drugs used in neuromuscular disorders,140262.0,22974521.0,1170195.5
202112,1003,Drugs for soft-tissue disorders and topical pain relief,568180.0,60796872.0,3217155.01
202112,101,Dyspepsia and gastro-oesophageal reflux disease,386258.0,194215721.0,2322904.14
202112,102,Antispasmodics and other drugs altering gut motility,411135.0,34841427.0,4937079.92
202112,103,Antisecretory drugs and mucosal protectants,6405563.0,232905542.0,18242485.87
202112,104,Acute diarrhoea,145723.0,13457855.0,823986.0700000001
202112,105,Chronic bowel disorders,228191.0,28044385.0,12035276.65
202112,106,Laxatives,1607239.0,209319318.0,10543321.44
202112,107,Local preparations for anal and rectal disorders,103062.0,2744241.0,692360.02
202112,109,Drugs affecting intestinal secretions,87665.0,19280033.0,4815347.09
202112,1103,Anti-infective eye preparations,147492.0,1301667.0,1335501.77
202112,1104,Corticosteroids and other anti-inflammatory preparations,145268.0,2478838.0,1869343.87
202112,1105,Mydriatics and cycloplegics,7342.0,150496.0,527967.74
202112,1106,Treatment of glaucoma,837560.0,12433793.5,8625723.6
202112,1107,Local anaesthetics,40.0,1194.0,672.94
202112,1108,Miscellaneous ophthalmic preparations,292382.0,7382880.5,1913987.07
202112,1201,Drugs acting on the ear,147166.0,900918.0,660708.95
202112,1202,Drugs acting on the nose,651112.0,3220524.0,4623748.609999999
202112,1203,Drugs acting on the oropharynx,95411.0,17858405.4,518492.66
202112,1301,Management of skin conditions,4126.0,2325776.0,15690.11
202112,1302,Emollient and barrier preparations,525664.0,270546690.0,3901352.65
202112,1303,Topical local anaesthetics and antipruritics,22686.0,6053841.0,211300.72
202112,1304,Topical corticosteroids,877074.0,47541239.0,4716108.26
202112,1305,Preparations for eczema and psoriasis,133331.0,11570719.0,5939469.39
202112,1306,Acne and rosacea,136028.0,6349243.0,2325503.75
202112,1307,Preparations for warts and calluses,8112.0,127210.0,196422.84000000003
202112,1308,Sunscreens and camouflagers,28209.0,1526436.8199999998,948560.22
202112,1309,Shampoos and other preparations for scalp and hair conditions,101341.0,20338570.0,804804.31
202112,1310,Anti-infective skin preparations,221329.0,6900109.0,1105319.17
202112,1311,"Skin cleansers,antiseptics and desloughing agents",19019.0,9143124.0,160545.01
202112,1312,Antiperspirants,3131.0,179270.0,23847.77
202112,1313,Wound management products,1390.0,14403.0,50729.01
202112,1314,Topical circulatory preparations,6374.0,406300.0,32422.74
202112,1315,Miscellaneous topical preparations,140.0,20700.0,12653.329999999998
202112,1404,Vaccines and antisera,1495238.0,1495754.0,16198482.4
202112,1405,Immunoglobulins,2.0,2.0,388.0
202112,1501,General anaesthesia,34866.0,6114072.0,307932.23
202112,1502,Local anaesthesia,93296.0,1710134.0,1580505.0
202112,1803,X-Ray contrast media,7.0,4300.0,752.5
202112,1902,Selective preparations,32393.0,10660580.0,592527.47
202112,1904,Single substances,183.0,156720.0,1501.84
202112,1905,Other preparations,858.0,45679.0,11093.12
202112,1906,Acids,410.0,132742.0,9514.88
202112,1907,"Base,diluent, suspending agents and stabilisers",43793.0,30876605.0,1568410.87
202112,1908,"Colouring,flavouring and sweetening agents",5.0,1500.0,206.22
202112,1909,"Disinfectants, preservatives and sterilising agents",7.0,3500.0,159.5
202112,1913,Cordials and soft drinks,67.0,437190.0,2991.3
202112,1914,Waters,940.0,9742228.0,9271.73
202112,2001,Absorbent Cottons,140.0,85400.0,1041.6
202112,2002,Arm Sling/Bandages,45190.0,635817.0,1168067.81
202112,2003,Wound Management & Other Dressings,297922.0,5485490.5,9914880.85
202112,2004,Gauzes & Gauze Tissue,7135.0,402884.0,211335.55
202112,2005,Tracheostomy & Laryngectomy Appliances,16775.0,850319.0,1501450.64
202112,2007,Lints,19.0,15800.0,449.17
202112,2009,Stockinette,41504.0,372599.0,555236.85
202112,201,Positive inotropic drugs,231633.0,6143240.0,317458.35
202112,2010,Surgical Adhesive Tape,20588.0,291406.5,86399.34
202112,2011,Surgical Sutures,5527.0,7776.0,13641.58
202112,2012,Swabs,23832.0,4759037.0,92513.61
202112,2014,"Skin Closure Strips, Sterile",3654.0,19419.0,4633.780000000001
202112,2015,"Skin Adhesive, Sterile",37.0,19.5,260.82
202112,2017,Cervical Collar,24.0,32.0,80.16
202112,202,Diuretics,2616429.0,88561191.0,5910152.04
202112,2020,Silk Garments,668.0,2929.0,48318.97
202112,203,Anti-arrhythmic drugs,82858.0,4436361.0,499937.55
202112,204,Beta-adrenoceptor blocking drugs,3618537.0,137517015.0,6341984.58
202112,205,Hypertension and heart failure,6499809.0,240966458.0,22209837.92
202112,206,"Nitrates, calcium-channel blockers & other antianginal drugs",4716403.0,167814787.0,15895628.29
202112,207,Sympathomimetics,14657.0,1134405.0,581617.0800000001
202112,208,Anticoagulants and protamine,1775652.0,79848211.0,72996708.91
202112,209,Antiplatelet drugs,2839848.0,87232042.0,6595682.680000001
202112,2101,Other Appliances,932917.0,80841271.0,5411469.8
202112,2102,Catheters,115447.0,8165503.0,15095878.34
202112,2103,Chiropody Appliances,171.0,2647.0,1885.03
202112,2104,Contraceptive Devices,2645.0,2691.0,31112.87
202112,2106,Trusses,112.0,115.0,3741.23
202112,2107,Elastic Hosiery,34040.0,92102.0,631061.54
202112,211,Antifibrinolytic drugs and haemostatics,41093.0,2604935.0,321499.43
202112,2112,Peak Flow Meters,41044.0,41221.0,226940.1
202112,2113,Catheter Maintenance Products,18018.0,10545230.0,619619.05
202112,2114,Lubricant Gels,25075.0,1786228.5,92459.3
202112,2116,Irrigation Solutions,34526.0,1170578.0,249721.42
202112,2118,Vacuum Pumps for Erectile Dysfunction,1298.0,2608.0,149982.25
202112,2119,Oral Film Forming Agents,1202.0,100606.0,57888.560000000005
202112,212,Lipid-regulating drugs,7103561.0,234066761.0,13079883.36
202112,2120,Venous Ulcer Compression System,7433.0,25651.0,364915.23
202112,2121,Dry Mouth Products,41570.0,4434597.0,293228.91000000003
202112,2122,Emollients,754725.0,394430757.0,4392434.56
202112,2123,Vaginal Moisturisers,24044.0,953251.0,215696.79
202112,2124,Nasal Products,32509.0,2011912.0,108990.19
202112,2125,Vaginal Dilators,242.0,256.0,7650.469999999999
202112,2127,Lymphoedema Garments,36068.0,93061.0,2316831.41
202112,2128,Anal Irrigation System,15324.0,59058.0,2627192.29
202112,2129,Pressure Offloading Device,2372.0,3906.0,86721.66
202112,2130,Eye Products,589613.0,8904560.0,4719964.67
202112,2131,Cycloidal Vibration Accessories,5.0,433.0,2165.0
202112,2132,Inhalation Solutions,6815.0,456851.0,178883.03
202112,2133,Indwelling Pleural Cath Drain System,955.0,10138.0,276994.64
202112,2134,Vaginal PH Correction Products,713.0,11224.0,6870.0
202112,2135,Acne Treatment,8.0,275.0,115.0
202112,2136,Adhesive Dressing Remover Ster Silicone,900.0,73937.0,26256.15
202112,2137,Pelvic Toning Devices,39.0,39.0,582.9
202112,2138,Low Friction Products,2448.0,5414.0,54407.11
202112,2139,Prosthetic Adhesives,12.0,235.0,168.61
202112,2140,Bacterial Decolonisation Products,200.0,20304.0,921.73
202112,2141,Physical Debridement Device,5533.0,67783.0,341740.16000000003
202112,2142,Jaw Rehabilitation Device,75.0,423.0,5115.25
202112,2143,Micro-Enema - Sodium Citrate,298.0,6262.0,2718.78
202112,2146,Hernia Support Garments,66.0,93.0,3431.7
202112,2147,Dev For Fungal Nail Infections,57.0,161.0,1119.4399999999998
202112,2148,Detection Sensor Interstitial Fluid/Gluc,132114.0,297805.0,10423175.0
202112,2149,Pulsed Electromagnetic Stimulator,62.0,80.0,1116.0
202112,2202,Anal Plugs,877.0,32473.0,76942.95
202112,2205,Catheter Valves,11045.0,80555.0,204522.87
202112,2210,Drainable Dribbling Appliances,1.0,10.0,136.0
202112,2215,Faecal Collectors,255.0,5122.0,11989.72
202112,2230,Incontinence Sheaths,14148.0,569421.0,1013554.56
202112,2240,Incontinence Sheath Fixing Strips & Adh,1713.0,49785.0,31828.950000000004
202112,2250,Leg Bags,60003.0,722191.0,2062292.74
202112,2260,Night Drainage Bags,86717.0,2282028.0,1306085.41
202112,2270,Suspensory Systems,1264.0,9641.0,65086.77
202112,2280,Tubing And Accessories,26248.0,175737.0,381930.71
202112,2285,Insert For Female Stress Incont,282.0,373.0,13276.48
202112,2290,Urinal Systems,1113.0,9456.0,59839.48
202112,2305,Adhesive Discs/Rings/Pads/Plasters,24684.0,1722785.0,1077160.83
202112,2310,Adhesive (Pastes/Sprays/Solutions),168.0,30358.0,4923.51
202112,2315,Adhesive Removers (Sprays/Liquids/Wipes),95592.0,12826876.0,2050719.14
202112,2320,Bag Closures,382.0,18906.0,4963.02
202112,2325,Bag Covers,314.0,1168.0,9872.8
202112,2330,Belts,7683.0,11554.0,365029.22
202112,2335,Colostomy Bags,39717.0,2871730.0,8965392.18
202112,2345,Deodorants,8752.0,1724258.0,112465.02
202112,2346,Discharge Solidifying Agents,2757.0,533138.0,155253.59000000003
202112,2350,Filters/Bridges,314.0,18622.0,15927.27
202112,2355,Flanges,36.0,208.0,3537.67
202112,2360,Ileostomy Bags,63288.0,2536176.0,10183814.44
202112,2370,Irrigation Washout Appliances,3310.0,75420.0,125683.72
202112,2375,Pressure Plates/Shields,111.0,427.0,3390.47
202112,2380,Skin Fillers And Protectives,285017.0,30623292.0,3314947.8600000003
202112,2385,Skin Protectors,22126.0,916968.0,1805348.65
202112,2390,Stoma Caps/Dressings,1403.0,68130.0,94803.53
202112,2392,Tubing & Accessories,424.0,8052.0,19759.06
202112,2394,Two Piece Ostomy Systems,22816.0,902625.0,2271089.32
202112,2396,Urostomy Bags,13127.0,400317.0,2416387.71
202112,301,Bronchodilators,2775867.0,16302269.0,30448705.04
202112,302,Corticosteroids (respiratory),2017560.0,2571153.0,56831576.29
202112,303,"Cromoglycate, leukotriene and phosphodesterase type-4 inhib",356986.0,11025693.0,746346.74
202112,304,"Antihistamines, hyposensitisation and allergic emergencies",1105291.0,52329344.0,5730968.67
202112,307,Mucolytics,279434.0,37458120.0,1601685.21
202112,308,Aromatic inhalations,8.0,2450.0,62.35
202112,309,Cough preparations,19353.0,4827972.0,57755.79
202112,310,Systemic nasal decongestants,2008.0,198463.0,13342.95
202112,311,Antifibrotics,1.0,84.0,2007.7
202112,401,Hypnotics and anxiolytics,1227584.0,36463829.0,9048179.31
202112,402,Drugs used in psychoses and related disorders,1158077.0,40793947.0,10994864.81
202112,403,Antidepressant drugs,7359515.0,274091850.0,20900466.32
202112,404,CNS stimulants and drugs used for ADHD,189069.0,7541446.0,7559400.0
202112,405,Drugs used in the treatment of obesity,25478.0,2295938.0,633431.5800000001
202112,406,Drugs used in nausea and vertigo,538663.0,33368682.0,3162805.33
202112,407,Analgesics,5304138.0,585787926.8,37726838.84
202112,408,Antiepileptic drugs,2710668.0,221805982.0,28530742.25
202112,409,Drugs used in parkinsonism and related disorders,461592.0,32724734.0,8478996.79
202112,410,Drugs used in substance dependence,337931.0,132855741.0,5187743.890000001
202112,411,Drugs for dementia,357518.0,8942574.0,2214347.86
202112,501,Antibacterial drugs,3189616.0,124247259.0,14691280.04
202112,502,Antifungal drugs,124105.0,3441127.0,600700.9
202112,503,Antiviral drugs,95450.0,4840337.0,1281171.42
202112,504,Antiprotozoal drugs,215943.0,5992121.0,813391.4600000001
202112,505,Anthelmintics,6253.0,129432.0,42829.57
202112,601,Drugs used in diabetes,5354944.0,323955550.0,112611487.14000002
202112,602,Thyroid and antithyroid drugs,2999809.0,109757269.0,6881625.36
202112,603,Corticosteroids (endocrine),759099.0,37835148.0,3218724.6
202112,604,Sex Hormones,956728.0,51407168.5,10191461.03
202112,605,"Hypothalamic and pituitary hormones and anti, oestrogens",29470.0,1383978.0,3717178.9
202112,606,Drugs affecting bone metabolism,557892.0,2847545.0,2440718.11
202112,607,Other endocrine drugs,8080.0,156951.0,577804.55
202112,701,Drugs used in obstetrics,3.0,4.0,82.0
202112,702,Treatment of vaginal and vulval conditions,252614.0,4591115.0,3196711.14
202112,703,Contraceptives,627958.0,56615648.0,5070625.05
202112,704,Drugs for genito-urinary disorders,1868386.0,55891994.0,12301934.28
202112,801,Cytotoxic drugs,17478.0,760789.0,504147.1
202112,802,Drugs affecting the immune response,103815.0,7819210.0,2821669.67
202112,803,Sex hormones and hormone antagonists in malignant disease,281071.0,8054389.0,11183693.1
202112,901,Anaemias and some other blood disorders,1819247.0,78597795.0,5540125.84
202112,902,Fluids and electrolytes,101440.0,7550628.0,936106.76
202112,903,Intravenous nutrition,2.0,80.0,156.8
202112,904,Oral nutrition,478876.0,2420534479.5,36893687.88
202112,905,Minerals,174819.0,28265319.0,3583839.56
202112,906,Vitamins,2818033.0,129517974.5,11708373.45
202112,908,Metabolic disorders,360.0,127703.0,243045.59000000003
202112,909,Foods,22182.0,105284779.5,2373443.9
202112,910,Compound vitamin and mineral formulations,11421.0,419724.0,79951.85
202112,911,Health supplements,5175.0,328272.0,316650.72000000003
202112,912,Other health supplements,11439.0,435024.0,49106.01
202201,1001,Drugs used in rheumatic diseases and gout,1796619.0,82438395.0,7388399.73
202201,1002,Drugs used in neuromuscular disorders,134151.0,22526450.0,1064016.8
202201,1003,Drugs for soft-tissue disorders and topical pain relief,542743.0,57954353.0,2997172.68
202201,101,Dyspepsia and gastro-oesophageal reflux disease,368774.0,184263513.0,2285895.97
202201,102,Antispasmodics and other drugs altering gut motility,387549.0,32746668.0,4663836.82
202201,103,Antisecretory drugs and mucosal protectants,6053282.0,218592043.0,15338723.919999998
202201,104,Acute diarrhoea,135029.0,12494161.0,670939.5700000001
202201,105,Chronic bowel disorders,214700.0,26198759.0,11054580.34
202201,106,Laxatives,1545203.0,199181656.0,9901937.28
202201,107,Local preparations for anal and rectal disorders,104400.0,2766203.0,703818.72
202201,108,Stoma care,1.0,92.0,5.01
202201,109,Drugs affecting intestinal secretions,82519.0,18077935.0,4548936.52
202201,1103,Anti-infective eye preparations,108550.0,953058.0,988756.56
202201,1104,Corticosteroids and other anti-inflammatory preparations,136265.0,2336901.5,1699489.95
202201,1105,Mydriatics and cycloplegics,6991.0,141192.0,503000.55
202201,1106,Treatment of glaucoma,782893.0,11609772.5,7629196.76
202201,1107,Local anaesthetics,39.0,1008.0,562.11
202201,1108,Miscellaneous ophthalmic preparations,272679.0,6909505.0,1785404.46
202201,1201,Drugs acting on the ear,146368.0,899019.5,705175.78
202201,1202,Drugs acting on the nose,624345.0,3106262.0,4786276.55
202201,1203,Drugs acting on the oropharynx,90006.0,17422406.9,489062.41
202201,1301,Management of skin conditions,3912.0,2189100.0,14906.74
202201,1302,Emollient and barrier preparations,528933.0,272747282.0,3918925.81
202201,1303,Topical local anaesthetics and antipruritics,23229.0,6231295.0,217825.16
202201,1304,Topical corticosteroids,924062.0,49740011.0,4828259.86
202201,1305,Preparations for eczema and psoriasis,137552.0,11918453.0,5803039.9
202201,1306,Acne and rosacea,141226.0,6565553.0,2373986.09
202201,1307,Preparations for warts and calluses,8707.0,115222.0,187250.06
202201,1308,Sunscreens and camouflagers,28636.0,1532720.0,968963.07
202201,1309,Shampoos and other preparations for scalp and hair conditions,104149.0,20802240.0,824303.75
202201,1310,Anti-infective skin preparations,228861.0,7197397.0,1143573.08
202201,1311,"Skin cleansers,antiseptics and desloughing agents",19210.0,9203748.0,163124.96000000002
202201,1312,Antiperspirants,3224.0,192273.0,21016.97
202201,1313,Wound management products,1336.0,13814.0,49122.58
202201,1314,Topical circulatory preparations,6461.0,405650.0,32370.87
202201,1315,Miscellaneous topical preparations,152.0,22492.0,14753.09
202201,1404,Vaccines and antisera,654240.0,654788.0,7201574.279999999
202201,1405,Immunoglobulins,3.0,4.0,888.0
202201,1501,General anaesthesia,32568.0,9191541.5,275805.02
202201,1502,Local anaesthesia,95856.0,1683177.0,1507528.31
202201,1803,X-Ray contrast media,10.0,7700.0,1347.5
202201,1902,Selective preparations,33523.0,10632605.0,619480.2
202201,1904,Single substances,163.0,135365.0,6125.330000000001
202201,1905,Other preparations,802.0,44836.0,10919.54
202201,1906,Acids,403.0,133062.0,8830.43
202201,1907,"Base,diluent, suspending agents and stabilisers",41369.0,28576482.0,1444149.31
202201,1908,"Colouring,flavouring and sweetening agents",4.0,1400.0,128.92
202201,1909,"Disinfectants, preservatives and sterilising agents",5.0,2500.0,585.7
202201,1913,Cordials and soft drinks,73.0,500004.0,3421.08
202201,1914,Waters,890.0,9109799.0,8594.98
202201,2001,Absorbent Cottons,125.0,81175.0,1008.63
202201,2002,Arm Sling/Bandages,47512.0,666429.0,1227250.08
202201,2003,Wound Management & Other Dressings,309914.0,5645627.6,10285537.72
202201,2004,Gauzes & Gauze Tissue,7317.0,376996.0,212313.81
202201,2005,Tracheostomy & Laryngectomy Appliances,15968.0,820391.0,1428899.54
202201,2006,Foam,1.0,4.0,21.11
202201,2007,Lints,28.0,25325.0,671.4
202201,2009,Stockinette,43386.0,391098.0,576788.14
202201,201,Positive inotropic drugs,214903.0,5658347.0,260058.65
202201,2010,Surgical Adhesive Tape,20885.0,286325.5,83968.01000000001
202201,2011,Surgical Sutures,3988.0,5526.0,10803.22
202201,2012,Swabs,23832.0,4382470.0,88683.75
202201,2014,"Skin Closure Strips, Sterile",3364.0,19416.0,4616.54
202201,2015,"Skin Adhesive, Sterile",70.0,45.0,595.22
202201,2017,Cervical Collar,25.0,32.0,80.80000000000001
202201,2018,Cellulose Wadding BP 1988,2.0,1000.0,4.4
202201,202,Diuretics,2442331.0,81866690.0,4535490.58
202201,2020,Silk Garments,665.0,2538.0,45002.51
202201,203,Anti-arrhythmic drugs,77179.0,4085599.0,442198.64
202201,204,Beta-adrenoceptor blocking drugs,3385429.0,128136030.0,5077870.58
202201,205,Hypertension and heart failure,6077153.0,223912289.0,20197383.4
202201,206,"Nitrates, calcium-channel blockers & other antianginal drugs",4429740.0,156533749.0,14796644.25
202201,207,Sympathomimetics,13907.0,1067508.0,462571.37
202201,208,Anticoagulants and protamine,1649723.0,73499639.0,67908220.94
202201,209,Antiplatelet drugs,2659707.0,81069245.0,5739923.91
202201,2101,Other Appliances,875221.0,75781873.0,5050400.35
202201,2102,Catheters,118257.0,7800083.0,14635440.46
202201,2103,Chiropody Appliances,173.0,2382.0,2897.29
202201,2104,Contraceptive Devices,3041.0,3084.0,35459.47
202201,2106,Trusses,130.0,136.0,4542.04
202201,2107,Elastic Hosiery,34651.0,93541.0,642786.02
202201,211,Antifibrinolytic drugs and haemostatics,41605.0,2613354.0,285726.61
202201,2112,Peak Flow Meters,39614.0,39825.0,222800.83
202201,2113,Catheter Maintenance Products,19320.0,11265560.0,674543.13
202201,2114,Lubricant Gels,27170.0,1782420.5,96107.82
202201,2116,Irrigation Solutions,35771.0,1139140.0,258265.12
202201,2118,Vacuum Pumps for Erectile Dysfunction,1252.0,2675.0,137381.39
202201,2119,Oral Film Forming Agents,1190.0,103198.0,60009.37
202201,212,Lipid-regulating drugs,6669343.0,218708520.0,11083419.56
202201,2120,Venous Ulcer Compression System,7522.0,25852.0,368592.71
202201,2121,Dry Mouth Products,39151.0,4125414.0,272209.47
202201,2122,Emollients,769134.0,402406316.0,4489760.28
202201,2123,Vaginal Moisturisers,22345.0,878356.0,201338.63
202201,2124,Nasal Products,28961.0,1838876.0,98769.64
202201,2125,Vaginal Dilators,254.0,259.0,7666.91
202201,2127,Lymphoedema Garments,35643.0,93488.0,2324071.75
202201,2128,Anal Irrigation System,14735.0,52632.0,2443167.28
202201,2129,Pressure Offloading Device,2639.0,4414.0,97408.18
202201,2130,Eye Products,561007.0,8466048.0,4488908.33
202201,2131,Cycloidal Vibration Accessories,1.0,60.0,300.0
202201,2132,Inhalation Solutions,6459.0,421831.0,163934.51
202201,2133,Indwelling Pleural Cath Drain System,879.0,8593.0,232315.79
202201,2134,Vaginal PH Correction Products,698.0,11055.0,6936.75
202201,2135,Acne Treatment,5.0,175.0,77.0
202201,2136,Adhesive Dressing Remover Ster Silicone,949.0,70205.0,26560.09
202201,2137,Pelvic Toning Devices,30.0,30.0,450.0
202201,2138,Low Friction Products,2507.0,5709.0,56743.48
202201,2139,Prosthetic Adhesives,6.0,80.0,59.35999999999999
202201,2140,Bacterial Decolonisation Products,145.0,15156.0,766.1500000000001
202201,2141,Physical Debridement Device,6040.0,73489.0,369478.67
202201,2142,Jaw Rehabilitation Device,60.0,287.0,4043.99
202201,2143,Micro-Enema - Sodium Citrate,239.0,4360.0,1892.99
202201,2145,Douches,1.0,1.0,5.17
202201,2146,Hernia Support Garments,66.0,90.0,3321.0
202201,2147,Dev For Fungal Nail Infections,42.0,53.0,993.22
202201,2148,Detection Sensor Interstitial Fluid/Gluc,128439.0,288679.0,10103765.0
202201,2149,Pulsed Electromagnetic Stimulator,46.0,66.0,920.7
202201,2202,Anal Plugs,850.0,31304.0,75132.70999999999
202201,2205,Catheter Valves,11361.0,81373.0,206052.63
202201,2215,Faecal Collectors,253.0,5515.0,12904.47
202201,2220,Incontinence Belts,1.0,1.0,6.56
202201,2230,Incontinence Sheaths,13469.0,542618.0,973093.72
202201,2240,Incontinence Sheath Fixing Strips & Adh,1655.0,47530.0,30793.210000000003
202201,2250,Leg Bags,60838.0,727629.0,2090129.0
202201,2260,Night Drainage Bags,87785.0,2282389.0,1305082.84
202201,2270,Suspensory Systems,1308.0,10297.0,69553.46
202201,2280,Tubing And Accessories,27873.0,187732.0,406942.64
202201,2285,Insert For Female Stress Incont,311.0,388.0,13496.6
202201,2290,Urinal Systems,1222.0,9564.0,65168.7
202201,2305,Adhesive Discs/Rings/Pads/Plasters,22376.0,1538526.0,961851.05
202201,2310,Adhesive (Pastes/Sprays/Solutions),165.0,26436.0,4280.93
202201,2315,Adhesive Removers (Sprays/Liquids/Wipes),90775.0,12076414.0,1916404.05
202201,2320,Bag Closures,375.0,16815.0,4517.6
202201,2325,Bag Covers,395.0,1326.0,11905.07
202201,2330,Belts,8272.0,12350.0,398488.85
202201,2335,Colostomy Bags,37644.0,2658992.0,8324358.82
202201,2345,Deodorants,7750.0,1544647.0,101474.24
202201,2346,Discharge Solidifying Agents,2548.0,493590.0,144715.08000000002
202201,2350,Filters/Bridges,275.0,16593.0,13748.83
202201,2355,Flanges,31.0,158.0,2652.21
202201,2360,Ileostomy Bags,59605.0,2354822.0,9459694.23
202201,2370,Irrigation Washout Appliances,3095.0,66218.0,114476.62
202201,2375,Pressure Plates/Shields,110.0,394.0,3232.48
202201,2380,Skin Fillers And Protectives,276278.0,30031777.8,3158737.33
202201,2385,Skin Protectors,20902.0,846560.0,1680869.52
202201,2390,Stoma Caps/Dressings,1397.0,69000.0,96352.89
202201,2392,Tubing & Accessories,362.0,6635.0,16329.97
202201,2394,Two Piece Ostomy Systems,20987.0,814491.0,2059097.78
202201,2396,Urostomy Bags,12432.0,368307.0,2228261.55
202201,301,Bronchodilators,2517342.0,14866382.0,28085291.130000003
202201,302,Corticosteroids (respiratory),1846354.0,2354630.0,52151901.16
202201,303,"Cromoglycate, leukotriene and phosphodesterase type-4 inhib",335524.0,10303233.0,550586.1599999999
202201,304,"Antihistamines, hyposensitisation and allergic emergencies",1078240.0,51430159.0,5593594.14
202201,307,Mucolytics,262026.0,34915971.0,1402474.52
202201,308,Aromatic inhalations,5.0,1500.0,31.72
202201,309,Cough preparations,17006.0,4363448.0,46847.670000000006
202201,310,Systemic nasal decongestants,1891.0,178225.0,13144.41
202201,401,Hypnotics and anxiolytics,1166511.0,34570534.0,8637095.6
202201,402,Drugs used in psychoses and related disorders,1103400.0,38569765.0,10153630.75
202201,403,Antidepressant drugs,7002058.0,259246776.0,16474070.59
202201,404,CNS stimulants and drugs used for ADHD,187037.0,7437500.0,7430039.18
202201,405,Drugs used in the treatment of obesity,25779.0,2342167.0,698979.63
202201,406,Drugs used in nausea and vertigo,513814.0,31531262.0,2700514.34
202201,407,Analgesics,4980932.0,547524826.0,32914324.08
202201,408,Antiepileptic drugs,2544799.0,207868208.0,25254394.06
202201,409,Drugs used in parkinsonism and related disorders,435841.0,30544167.0,7790997.58
202201,410,Drugs used in substance dependence,308308.0,121923717.6,4784685.19
202201,411,Drugs for dementia,340605.0,8480150.0,2064834.86
202201,501,Antibacterial drugs,2778072.0,102461036.5,13096113.96
202201,502,Antifungal drugs,120475.0,3352080.0,565137.67
202201,503,Antiviral drugs,89996.0,4530871.0,1094945.04
202201,504,Antiprotozoal drugs,200683.0,5531130.0,703437.41
202201,505,Anthelmintics,6570.0,133926.0,42354.7
202201,601,Drugs used in diabetes,5036757.0,303567492.0,103933209.83
202201,602,Thyroid and antithyroid drugs,2810718.0,102374388.0,5836693.51
202201,603,Corticosteroids (endocrine),660661.0,33354071.0,2664614.68
202201,604,Sex Hormones,917999.0,49314595.5,9932768.05
202201,605,"Hypothalamic and pituitary hormones and anti, oestrogens",28256.0,1299220.0,3559828.74
202201,606,Drugs affecting bone metabolism,519298.0,2644644.0,2239670.01
202201,607,Other endocrine drugs,7936.0,150695.0,554788.91
202201,702,Treatment of vaginal and vulval conditions,246625.0,4444661.0,3103423.77
202201,703,Contraceptives,642527.0,58086205.0,5417497.42
202201,704,Drugs for genito-urinary disorders,1764260.0,52464364.0,11244763.65
202201,801,Cytotoxic drugs,16269.0,700510.0,457803.63
202201,802,Drugs affecting the immune response,96939.0,7247163.0,2550946.35
202201,803,Sex hormones and hormone antagonists in malignant disease,265524.0,7483758.0,10793330.18
202201,901,Anaemias and some other blood disorders,1747186.0,75762128.0,5174501.37
202201,902,Fluids and electrolytes,93277.0,7046943.0,888064.0
202201,904,Oral nutrition,464215.0,2304656001.0,35097082.27
202201,905,Minerals,178343.0,29554074.0,3570379.17
202201,906,Vitamins,2681512.0,122358874.5,11166618.58
202201,907,Bitters and tonics,1.0,300.0,4.52
202201,908,Metabolic disorders,345.0,115762.0,199814.5
202201,909,Foods,20521.0,96209233.0,2161496.37
202201,910,Compound vitamin and mineral formulations,11133.0,414660.0,76444.64
202201,911,Health supplements,4925.0,316493.0,312021.26
202201,912,Other health supplements,10952.0,419500.0,46766.57
202202,1001,Drugs used in rheumatic diseases and gout,1700008.0,77687730.0,6995490.19
202202,1002,Drugs used in neuromuscular disorders,125222.0,20790945.0,1009739.43
202202,1003,Drugs for soft-tissue disorders and topical pain relief,518088.0,55319858.0,2817398.49
202202,101,Dyspepsia and gastro-oesophageal reflux disease,341112.0,170612254.0,2135975.55
202202,102,Antispasmodics and other drugs altering gut motility,365854.0,30928407.0,4408188.27
202202,103,Antisecretory drugs and mucosal protectants,5673858.0,204817079.0,14602252.05
202202,104,Acute diarrhoea,126876.0,11719188.0,624829.1900000001
202202,105,Chronic bowel disorders,199965.0,24446062.0,10615570.36
202202,106,Laxatives,1467177.0,188362659.0,9702884.38
202202,107,Local preparations for anal and rectal disorders,100740.0,2666843.0,696492.07
202202,109,Drugs affecting intestinal secretions,76915.0,16806449.0,4263132.44
202202,1103,Anti-infective eye preparations,109393.0,965799.0,986005.92
202202,1104,Corticosteroids and other anti-inflammatory preparations,135040.0,2280605.5,1656092.98
202202,1105,Mydriatics and cycloplegics,6626.0,135141.0,499679.37
202202,1106,Treatment of glaucoma,731947.0,10951597.5,7117670.57
202202,1107,Local anaesthetics,33.0,620.0,345.13
202202,1108,Miscellaneous ophthalmic preparations,250566.0,6257527.5,1603956.83
202202,1201,Drugs acting on the ear,133129.0,817803.5,656540.7
202202,1202,Drugs acting on the nose,597770.0,2972052.0,4558326.32
202202,1203,Drugs acting on the oropharynx,88506.0,17067319.8,480010.95
202202,1301,Management of skin conditions,3703.0,2065860.0,13934.45
202202,1302,Emollient and barrier preparations,497964.0,255967853.0,3686509.18
202202,1303,Topical local anaesthetics and antipruritics,23202.0,6118541.0,209831.7
202202,1304,Topical corticosteroids,886871.0,47392148.0,4760886.7
202202,1305,Preparations for eczema and psoriasis,130402.0,11241715.0,5446383.12
202202,1306,Acne and rosacea,136692.0,6385666.0,2329842.06
202202,1307,Preparations for warts and calluses,8965.0,128247.0,192022.42
202202,1308,Sunscreens and camouflagers,28794.0,1527728.0,974587.86
202202,1309,Shampoos and other preparations for scalp and hair conditions,97531.0,19280155.0,770522.72
202202,1310,Anti-infective skin preparations,224838.0,7071280.0,1152394.59
202202,1311,"Skin cleansers,antiseptics and desloughing agents",18094.0,8726503.0,155509.61
202202,1312,Antiperspirants,3186.0,184950.0,20829.83
202202,1313,Wound management products,1305.0,13151.0,45633.97
202202,1314,Topical circulatory preparations,6170.0,391400.0,31233.72
202202,1315,Miscellaneous topical preparations,148.0,22595.0,14281.63
202202,1404,Vaccines and antisera,347486.0,348106.0,3891196.21
202202,1405,Immunoglobulins,6.0,7.0,1750.0
202202,1501,General anaesthesia,29578.0,10165703.5,262138.32
202202,1502,Local anaesthesia,98350.0,1612252.0,1439523.23
202202,1803,X-Ray contrast media,10.0,8700.0,1522.5
202202,1902,Selective preparations,31770.0,10169394.0,574743.98
202202,1904,Single substances,109.0,85751.0,808.08
202202,1905,Other preparations,766.0,40614.0,10032.74
202202,1906,Acids,407.0,123827.0,7900.18
202202,1907,"Base,diluent, suspending agents and stabilisers",38370.0,26325482.0,1336216.63
202202,1908,"Colouring,flavouring and sweetening agents",6.0,1100.0,134.64
202202,1909,"Disinfectants, preservatives and sterilising agents",1.0,500.0,7.42
202202,1913,Cordials and soft drinks,81.0,562590.0,3849.3
202202,1914,Waters,838.0,8858104.0,8395.33
202202,2001,Absorbent Cottons,112.0,71425.0,869.5
202202,2002,Arm Sling/Bandages,40572.0,558861.0,1030378.98
202202,2003,Wound Management & Other Dressings,273892.0,4969020.5,9005360.35
202202,2004,Gauzes & Gauze Tissue,6274.0,352098.0,178789.63
202202,2005,Tracheostomy & Laryngectomy Appliances,15308.0,765925.0,1340164.71
202202,2006,Foam,1.0,1.0,5.28
202202,2007,Lints,20.0,12425.0,351.48
202202,2009,Stockinette,38264.0,335139.5,506600.86
202202,201,Positive inotropic drugs,201539.0,5294298.0,243278.37
202202,2010,Surgical Adhesive Tape,18461.0,259283.0,77316.91
202202,2011,Surgical Sutures,4312.0,6036.0,11784.23
202202,2012,Swabs,20783.0,3982170.0,80139.63
202202,2014,"Skin Closure Strips, Sterile",4003.0,20250.0,4820.14
202202,2015,"Skin Adhesive, Sterile",54.0,28.5,360.66
202202,2017,Cervical Collar,22.0,24.0,59.52
202202,202,Diuretics,2291243.0,76848695.0,4300713.779999999
202202,2020,Silk Garments,693.0,2231.0,43036.84
202202,203,Anti-arrhythmic drugs,71953.0,3798996.0,393002.52
202202,204,Beta-adrenoceptor blocking drugs,3194480.0,121461624.0,4837753.87
202202,205,Hypertension and heart failure,5714701.0,210726507.0,18668386.84
202202,206,"Nitrates, calcium-channel blockers & other antianginal drugs",4177672.0,147362061.0,13988744.85
202202,207,Sympathomimetics,13251.0,1011074.0,435066.99
202202,208,Anticoagulants and protamine,1550132.0,69134740.0,64055898.54000001
202202,209,Antiplatelet drugs,2489286.0,75952849.0,5384505.73
202202,2101,Other Appliances,825589.0,70894142.0,4745174.49
202202,2102,Catheters,107253.0,7289520.0,13608700.92
202202,2103,Chiropody Appliances,145.0,1667.0,1395.0400000000002
202202,2104,Contraceptive Devices,3265.0,3322.0,38422.82
202202,2106,Trusses,147.0,152.0,4997.53
202202,2107,Elastic Hosiery,33470.0,90143.0,627217.74
202202,211,Antifibrinolytic drugs and haemostatics,40444.0,2543788.0,278782.04000000004
202202,2112,Peak Flow Meters,36445.0,36594.0,207051.7
202202,2113,Catheter Maintenance Products,16872.0,9724940.0,580442.93
202202,2114,Lubricant Gels,23796.0,1625817.5,87596.45999999999
202202,2116,Irrigation Solutions,30972.0,901494.0,219645.47
202202,2118,Vacuum Pumps for Erectile Dysfunction,1206.0,2576.0,132014.94
202202,2119,Oral Film Forming Agents,1051.0,76295.0,51456.5
202202,212,Lipid-regulating drugs,6269614.0,205536418.0,10413009.66
202202,2120,Venous Ulcer Compression System,7296.0,25229.0,349438.47
202202,2121,Dry Mouth Products,36931.0,3851899.0,252151.46
202202,2122,Emollients,729720.0,380108580.0,4224283.140000001
202202,2123,Vaginal Moisturisers,21651.0,849870.0,195558.59
202202,2124,Nasal Products,28469.0,1793728.0,96401.98
202202,2125,Vaginal Dilators,234.0,241.0,7282.049999999999
202202,2127,Lymphoedema Garments,34935.0,90824.0,2279117.76
202202,2128,Anal Irrigation System,14175.0,50589.0,2339429.72
202202,2129,Pressure Offloading Device,2540.0,4168.0,93617.48
202202,2130,Eye Products,531271.0,7980095.0,4249198.49
202202,2131,Cycloidal Vibration Accessories,2.0,172.0,860.0
202202,2132,Inhalation Solutions,6071.0,404888.0,157812.9
202202,2133,Indwelling Pleural Cath Drain System,780.0,8038.0,223739.73
202202,2134,Vaginal PH Correction Products,636.0,10431.0,6114.0
202202,2135,Acne Treatment,8.0,350.0,126.0
202202,2136,Adhesive Dressing Remover Ster Silicone,852.0,61616.0,24195.57
202202,2137,Pelvic Toning Devices,45.0,45.0,673.95
202202,2138,Low Friction Products,2310.0,5161.0,50624.19
202202,2139,Prosthetic Adhesives,10.0,160.0,113.6
202202,2140,Bacterial Decolonisation Products,156.0,15832.0,746.9
202202,2141,Physical Debridement Device,5403.0,64579.0,324584.12
202202,2142,Jaw Rehabilitation Device,64.0,359.0,4474.34
202202,2143,Micro-Enema - Sodium Citrate,205.0,3778.0,1640.3
202202,2145,Douches,1.0,1.0,5.17
202202,2146,Hernia Support Garments,74.0,111.0,4095.9
202202,2147,Dev For Fungal Nail Infections,55.0,156.0,1025.7399999999998
202202,2148,Detection Sensor Interstitial Fluid/Gluc,121662.0,273762.0,9581670.0
202202,2149,Pulsed Electromagnetic Stimulator,43.0,63.0,878.8499999999999
202202,2202,Anal Plugs,799.0,29393.0,70364.82
202202,2205,Catheter Valves,10146.0,72913.0,185151.79
202202,2215,Faecal Collectors,234.0,4829.0,11729.77
202202,2220,Incontinence Belts,2.0,5.0,67.85
202202,2230,Incontinence Sheaths,12393.0,491882.0,883243.0499999999
202202,2240,Incontinence Sheath Fixing Strips & Adh,1527.0,43882.0,27857.480000000003
202202,2250,Leg Bags,54102.0,647480.0,1856962.44
202202,2260,Night Drainage Bags,77331.0,1993191.0,1149798.91
202202,2270,Suspensory Systems,1187.0,9010.0,62423.47
202202,2280,Tubing And Accessories,25183.0,169722.0,369882.14
202202,2285,Insert For Female Stress Incont,388.0,714.0,24451.6
202202,2290,Urinal Systems,1161.0,8779.0,55232.1
202202,2305,Adhesive Discs/Rings/Pads/Plasters,21305.0,1466316.0,916718.96
202202,2310,Adhesive (Pastes/Sprays/Solutions),164.0,29708.0,4836.75
202202,2315,Adhesive Removers (Sprays/Liquids/Wipes),85537.0,11344749.0,1804041.98
202202,2320,Bag Closures,361.0,15282.0,4298.17
202202,2325,Bag Covers,465.0,1672.0,14766.13
202202,2330,Belts,8664.0,12825.0,441902.99
202202,2335,Colostomy Bags,35059.0,2481232.0,7779077.479999999
202202,2345,Deodorants,7329.0,1422105.0,93987.92
202202,2346,Discharge Solidifying Agents,2399.0,461923.0,135762.41
202202,2350,Filters/Bridges,279.0,16490.0,14330.13
202202,2355,Flanges,22.0,116.0,1849.83
202202,2360,Ileostomy Bags,55980.0,2195172.0,8840264.18
202202,2370,Irrigation Washout Appliances,2945.0,68721.0,112581.94
202202,2375,Pressure Plates/Shields,109.0,351.0,2920.34
202202,2380,Skin Fillers And Protectives,249947.0,27027451.1,2881315.74
202202,2385,Skin Protectors,19546.0,793784.0,1578094.1
202202,2390,Stoma Caps/Dressings,1273.0,59791.0,84065.64
202202,2392,Tubing & Accessories,322.0,5772.0,14245.06
202202,2394,Two Piece Ostomy Systems,19894.0,766787.0,1943829.22
202202,2396,Urostomy Bags,11781.0,352417.0,2141564.85
202202,301,Bronchodilators,2303027.0,13754893.0,26232352.72
202202,302,Corticosteroids (respiratory),1694480.0,2164947.0,48105182.14
202202,303,"Cromoglycate, leukotriene and phosphodesterase type-4 inhib",314424.0,9637824.0,516562.0
202202,304,"Antihistamines, hyposensitisation and allergic emergencies",1026438.0,49107174.0,5479380.22
202202,307,Mucolytics,245415.0,32593385.0,1286029.22
202202,308,Aromatic inhalations,4.0,550.0,12.48
202202,309,Cough preparations,14031.0,3616414.0,32847.53
202202,310,Systemic nasal decongestants,1565.0,152226.0,10776.32
202202,401,Hypnotics and anxiolytics,1095761.0,32267702.0,8000019.26
202202,402,Drugs used in psychoses and related disorders,1030418.0,36002234.0,9508384.69
202202,403,Antidepressant drugs,6562838.0,242598628.0,15453991.47
202202,404,CNS stimulants and drugs used for ADHD,174545.0,6910808.0,6946417.17
202202,405,Drugs used in the treatment of obesity,25869.0,2360583.0,704545.54
202202,406,Drugs used in nausea and vertigo,479850.0,29484393.0,2502867.97
202202,407,Analgesics,4659064.0,511356841.2,30706629.75
202202,408,Antiepileptic drugs,2392142.0,194661261.0,23598298.15
202202,409,Drugs used in parkinsonism and related disorders,405735.0,28459136.0,7203100.97
202202,410,Drugs used in substance dependence,291548.0,114923417.5,4587996.02
202202,411,Drugs for dementia,319777.0,7935763.0,1924409.0
202202,501,Antibacterial drugs,2563129.0,99645346.0,12176444.28
202202,502,Antifungal drugs,115796.0,3237462.0,523675.13
202202,503,Antiviral drugs,85790.0,4321140.0,1037563.67
202202,504,Antiprotozoal drugs,186666.0,5139826.0,662048.15
202202,505,Anthelmintics,6432.0,131842.0,77792.86
202202,601,Drugs used in diabetes,4732944.0,284544910.0,98524766.76
202202,602,Thyroid and antithyroid drugs,2624137.0,95400566.0,5457072.24
202202,603,Corticosteroids (endocrine),595250.0,30352274.0,2403492.62
202202,604,Sex Hormones,882095.0,46642483.5,9666967.66
202202,605,"Hypothalamic and pituitary hormones and anti, oestrogens",26304.0,1216406.5,3270171.14
202202,606,Drugs affecting bone metabolism,486678.0,2479760.0,2100735.6
202202,607,Other endocrine drugs,7373.0,138178.0,527183.1
202202,701,Drugs used in obstetrics,1.0,1.0,8.0
202202,702,Treatment of vaginal and vulval conditions,245043.0,4487685.0,3118160.29
202202,703,Contraceptives,579277.0,51581831.0,5111324.15
202202,704,Drugs for genito-urinary disorders,1656487.0,49274975.0,10532279.93
202202,801,Cytotoxic drugs,15326.0,671856.0,431644.07
202202,802,Drugs affecting the immune response,89983.0,6710216.0,2332900.0
202202,803,Sex hormones and hormone antagonists in malignant disease,247422.0,6991204.0,9878345.37
202202,901,Anaemias and some other blood disorders,1665096.0,73132646.0,4920398.97
202202,902,Fluids and electrolytes,89123.0,6561269.0,987449.55
202202,904,Oral nutrition,444468.0,2199532350.5,34189445.58
202202,905,Minerals,181021.0,31187681.0,3607508.12
202202,906,Vitamins,2528927.0,114886263.5,10679292.47
202202,908,Metabolic disorders,350.0,107920.0,247418.3
202202,909,Foods,19460.0,88440114.5,2026510.91
202202,910,Compound vitamin and mineral formulations,10499.0,391588.0,72769.38
202202,911,Health supplements,4780.0,309839.0,317771.51
202202,912,Other health supplements,10345.0,393212.0,45144.21
202203,1001,Drugs used in rheumatic diseases and gout,1934889.0,88717933.0,8037221.17
202203,1002,Drugs used in neuromuscular disorders,141278.0,23416238.0,1083423.33
202203,1003,Drugs for soft-tissue disorders and topical pain relief,595706.0,63751927.0,3172918.52
202203,101,Dyspepsia and gastro-oesophageal reflux disease,378710.0,191173275.0,2362159.92
202203,102,Antispasmodics and other drugs altering gut motility,414544.0,35078116.0,5150908.6
202203,103,Antisecretory drugs and mucosal protectants,6423748.0,232585943.0,16976700.689999998
202203,104,Acute diarrhoea,143890.0,13217223.0,715352.6699999999
202203,105,Chronic bowel disorders,224660.0,27390723.0,12162914.56
202203,106,Laxatives,1646799.0,211103913.0,10891421.15
202203,107,Local preparations for anal and rectal disorders,115749.0,3084310.0,787190.1000000001
202203,108,Stoma care,1.0,92.0,5.01
202203,109,Drugs affecting intestinal secretions,86924.0,19119688.0,4844830.43
202203,1103,Anti-infective eye preparations,115622.0,1029194.5,1053974.73
202203,1104,Corticosteroids and other anti-inflammatory preparations,165385.0,2748671.0,1969982.38
202203,1105,Mydriatics and cycloplegics,7334.0,150275.0,602024.75
202203,1106,Treatment of glaucoma,828027.0,12385006.5,8070800.03
202203,1107,Local anaesthetics,29.0,614.0,348.51
202203,1108,Miscellaneous ophthalmic preparations,272128.0,6782425.0,1763486.57
202203,1201,Drugs acting on the ear,145136.0,897068.0,718093.8400000001
202203,1202,Drugs acting on the nose,712798.0,3478412.0,5400173.22
202203,1203,Drugs acting on the oropharynx,105292.0,19524183.8,555425.3200000001
202203,1301,Management of skin conditions,4045.0,2249515.0,15327.759999999998
202203,1302,Emollient and barrier preparations,570503.0,293402884.0,4227916.06
202203,1303,Topical local anaesthetics and antipruritics,27390.0,7211541.0,245669.34
202203,1304,Topical corticosteroids,1021846.0,54276208.0,5540321.42
202203,1305,Preparations for eczema and psoriasis,150061.0,12939178.0,6230399.819999999
202203,1306,Acne and rosacea,151545.0,7200617.0,2684132.27
202203,1307,Preparations for warts and calluses,10519.0,144921.0,226503.59000000003
202203,1308,Sunscreens and camouflagers,35448.0,2134252.0,1192720.81
202203,1309,Shampoos and other preparations for scalp and hair conditions,110679.0,21860536.0,885554.8599999999
202203,1310,Anti-infective skin preparations,261219.0,8138644.5,1359033.92
202203,1311,"Skin cleansers,antiseptics and desloughing agents",20639.0,9824794.0,169704.3
202203,1312,Antiperspirants,3917.0,229592.0,31439.32
202203,1313,Wound management products,1322.0,12828.0,44513.16
202203,1314,Topical circulatory preparations,7182.0,453150.0,36161.37
202203,1315,Miscellaneous topical preparations,174.0,29230.0,17252.42
202203,1404,Vaccines and antisera,339761.0,340590.0,3900431.08
202203,1405,Immunoglobulins,4.0,5.0,2000.0
202203,1501,General anaesthesia,31977.0,11186828.0,300503.8
202203,1502,Local anaesthesia,110321.0,1798132.0,1609405.15
202203,1803,X-Ray contrast media,8.0,5300.0,927.5
202203,1902,Selective preparations,36305.0,11804383.0,629703.3200000001
202203,1904,Single substances,170.0,142405.0,1878.92
202203,1905,Other preparations,895.0,47630.0,11380.06
202203,1906,Acids,418.0,144298.0,9784.61
202203,1907,"Base,diluent, suspending agents and stabilisers",42776.0,29219789.0,1483792.03
202203,1908,"Colouring,flavouring and sweetening agents",9.0,2800.0,399.87
202203,1909,"Disinfectants, preservatives and sterilising agents",1.0,500.0,7.42
202203,1913,Cordials and soft drinks,72.0,372210.0,2546.7
202203,1914,Waters,968.0,10792200.0,10182.62
202203,2001,Absorbent Cottons,127.0,72625.0,888.22
202203,2002,Arm Sling/Bandages,46865.0,653406.0,1197358.5
202203,2003,Wound Management & Other Dressings,320345.0,5757259.1,10458351.8
202203,2004,Gauzes & Gauze Tissue,7218.0,461329.0,201849.13
202203,2005,Tracheostomy & Laryngectomy Appliances,17462.0,903944.0,1564496.87
202203,2006,Foam,3.0,3.0,15.84
202203,2007,Lints,32.0,15475.0,412.11
202203,2009,Stockinette,43481.0,383829.5,574446.5800000001
202203,201,Positive inotropic drugs,226610.0,5982404.0,274915.63
202203,2010,Surgical Adhesive Tape,21537.0,307698.0,90924.69
202203,2011,Surgical Sutures,4889.0,7576.0,15160.97
202203,2012,Swabs,23949.0,4740652.0,93513.69
202203,2014,"Skin Closure Strips, Sterile",3523.0,20811.0,4966.639999999999
202203,2015,"Skin Adhesive, Sterile",85.0,68.0,846.96
202203,2017,Cervical Collar,18.0,25.0,62.94
202203,2018,Cellulose Wadding BP 1988,2.0,1500.0,6.6000000000000005
202203,202,Diuretics,2589399.0,87155869.0,4885966.529999999
202203,2020,Silk Garments,734.0,2661.0,52248.12
202203,203,Anti-arrhythmic drugs,80680.0,4271257.0,472329.36
202203,204,Beta-adrenoceptor blocking drugs,3600754.0,137169081.0,5482997.29
202203,205,Hypertension and heart failure,6459375.0,238913944.0,20859320.72
202203,206,"Nitrates, calcium-channel blockers & other antianginal drugs",4731127.0,167548018.0,15917660.16
202203,207,Sympathomimetics,14755.0,1124554.0,481731.17
202203,208,Anticoagulants and protamine,1750005.0,78245441.0,72740712.34
202203,209,Antiplatelet drugs,2800926.0,85810225.0,6142389.279999999
202203,2101,Other Appliances,933493.0,79980833.0,5355843.76
202203,2102,Catheters,119117.0,8094256.0,15158998.74
202203,2103,Chiropody Appliances,198.0,2724.0,2750.76
202203,2104,Contraceptive Devices,3434.0,3477.0,40228.380000000005
202203,2106,Trusses,150.0,155.0,4901.55
202203,2107,Elastic Hosiery,37875.0,101794.0,708389.9
202203,211,Antifibrinolytic drugs and haemostatics,46116.0,2888660.0,316915.37
202203,2112,Peak Flow Meters,39447.0,39732.0,223789.47
202203,2113,Catheter Maintenance Products,18976.0,10809150.0,650542.29
202203,2114,Lubricant Gels,26804.0,1828493.0,97603.7
202203,2116,Irrigation Solutions,36031.0,978335.0,258205.9
202203,2118,Vacuum Pumps for Erectile Dysfunction,1291.0,2785.0,141351.14
202203,2119,Oral Film Forming Agents,1224.0,119041.0,60367.92999999999
202203,212,Lipid-regulating drugs,7110603.0,234087827.0,11887424.82
202203,2120,Venous Ulcer Compression System,7938.0,27787.0,378800.58
202203,2121,Dry Mouth Products,43539.0,4547305.0,303497.64
202203,2122,Emollients,846168.0,440977227.0,4925496.83
202203,2123,Vaginal Moisturisers,24518.0,944417.0,224111.23
202203,2124,Nasal Products,32558.0,2041518.0,110014.11000000002
202203,2125,Vaginal Dilators,283.0,284.0,8552.4
202203,2127,Lymphoedema Garments,38557.0,100058.0,2542253.42
202203,2128,Anal Irrigation System,14890.0,51684.0,2464385.99
202203,2129,Pressure Offloading Device,2752.0,4535.0,102176.14
202203,2130,Eye Products,609106.0,9153306.0,4865311.95
202203,2131,Cycloidal Vibration Accessories,4.0,264.0,1320.0
202203,2132,Inhalation Solutions,6736.0,441033.0,170804.32
202203,2133,Indwelling Pleural Cath Drain System,853.0,8467.0,233526.7
202203,2134,Vaginal PH Correction Products,722.0,11035.0,6954.0
202203,2135,Acne Treatment,7.0,250.0,130.0
202203,2136,Adhesive Dressing Remover Ster Silicone,914.0,73254.0,26465.69
202203,2137,Pelvic Toning Devices,40.0,40.0,600.0
202203,2138,Low Friction Products,2558.0,5973.0,61706.56
202203,2139,Prosthetic Adhesives,9.0,125.0,93.39
202203,2140,Bacterial Decolonisation Products,185.0,19718.0,916.95
202203,2141,Physical Debridement Device,6314.0,74749.0,375844.92
202203,2142,Jaw Rehabilitation Device,79.0,491.0,5534.610000000001
202203,2143,Micro-Enema - Sodium Citrate,182.0,4057.0,1761.43
202203,2146,Hernia Support Garments,68.0,96.0,3542.4
202203,2147,Dev For Fungal Nail Infections,82.0,280.0,1722.9
202203,2148,Detection Sensor Interstitial Fluid/Gluc,140221.0,316009.0,11060315.0
202203,2149,Pulsed Electromagnetic Stimulator,49.0,77.0,1074.15
202203,2202,Anal Plugs,878.0,33108.0,79530.93
202203,2205,Catheter Valves,11428.0,81486.0,204717.36
202203,2215,Faecal Collectors,230.0,4630.0,11070.36
202203,2220,Incontinence Belts,2.0,4.0,26.89
202203,2230,Incontinence Sheaths,13999.0,553470.0,988164.38
202203,2240,Incontinence Sheath Fixing Strips & Adh,1835.0,54084.0,34377.94
202203,2250,Leg Bags,60887.0,730970.0,2090041.32
202203,2260,Night Drainage Bags,88751.0,2294148.0,1323785.4
202203,2270,Suspensory Systems,1390.0,10647.0,72646.63
202203,2280,Tubing And Accessories,28700.0,194958.0,422438.9900000001
202203,2285,Insert For Female Stress Incont,383.0,713.0,25934.92
202203,2290,Urinal Systems,1297.0,10925.0,69499.37
202203,2305,Adhesive Discs/Rings/Pads/Plasters,24600.0,1723055.0,1075717.14
202203,2310,Adhesive (Pastes/Sprays/Solutions),34.0,4458.0,810.44
202203,2315,Adhesive Removers (Sprays/Liquids/Wipes),99640.0,13262542.0,2095313.24
202203,2320,Bag Closures,398.0,19757.0,5383.51
202203,2325,Bag Covers,615.0,2080.0,19118.77
202203,2330,Belts,9882.0,14837.0,501505.61
202203,2335,Colostomy Bags,40760.0,2902365.0,9107693.8
202203,2345,Deodorants,8442.0,1628651.0,110022.82
202203,2346,Discharge Solidifying Agents,2714.0,526577.0,155357.16
202203,2350,Filters/Bridges,317.0,19500.0,17060.79
202203,2355,Flanges,26.0,114.0,1837.03
202203,2360,Ileostomy Bags,64875.0,2565045.0,10341753.16
202203,2370,Irrigation Washout Appliances,3382.0,79972.0,128746.12
202203,2375,Pressure Plates/Shields,120.0,358.0,3206.61
202203,2380,Skin Fillers And Protectives,288654.0,31092506.4,3346711.83
202203,2385,Skin Protectors,22744.0,930566.0,1857766.61
202203,2390,Stoma Caps/Dressings,1512.0,71842.0,101038.6
202203,2392,Tubing & Accessories,409.0,7073.0,17551.93
202203,2394,Two Piece Ostomy Systems,23611.0,914779.0,2321133.21
202203,2396,Urostomy Bags,13550.0,406734.0,2470396.99
202203,301,Bronchodilators,2629140.0,15529980.0,29914956.62
202203,302,Corticosteroids (respiratory),1924788.0,2464425.0,54667786.29
202203,303,"Cromoglycate, leukotriene and phosphodesterase type-4 inhib",358246.0,11030553.0,610414.05
202203,304,"Antihistamines, hyposensitisation and allergic emergencies",1246763.0,61162398.0,7220053.39
202203,307,Mucolytics,278991.0,37173855.0,1467087.96
202203,308,Aromatic inhalations,5.0,950.0,29.16
202203,309,Cough preparations,16993.0,4295858.0,48347.43
202203,310,Systemic nasal decongestants,1838.0,175917.0,13475.43
202203,401,Hypnotics and anxiolytics,1226190.0,36157933.0,9012915.77
202203,402,Drugs used in psychoses and related disorders,1154749.0,40375851.0,10613854.86
202203,403,Antidepressant drugs,7430939.0,275252515.0,17692591.509999998
202203,404,CNS stimulants and drugs used for ADHD,203835.0,8044205.0,8026662.6
202203,405,Drugs used in the treatment of obesity,31222.0,2847986.0,849995.1799999999
202203,406,Drugs used in nausea and vertigo,543916.0,33454538.0,2877800.97
202203,407,Analgesics,5296083.0,580832907.8,35073020.54
202203,408,Antiepileptic drugs,2699303.0,220080456.0,26827206.73
202203,409,Drugs used in parkinsonism and related disorders,456296.0,32160059.0,8156677.85
202203,410,Drugs used in substance dependence,325935.0,128936049.8,5143267.12
202203,411,Drugs for dementia,356100.0,8871107.0,2151046.79
202203,501,Antibacterial drugs,3021575.0,119831840.5,13918951.4
202203,502,Antifungal drugs,134758.0,3797966.0,614838.87
202203,503,Antiviral drugs,99005.0,4944407.0,1184096.05
202203,504,Antiprotozoal drugs,209491.0,5793072.0,747738.23
202203,505,Anthelmintics,6631.0,137197.0,29671.24
202203,601,Drugs used in diabetes,5370523.0,322614841.0,113143251.76
202203,602,Thyroid and antithyroid drugs,2962612.0,108176915.0,6197444.399999999
202203,603,Corticosteroids (endocrine),694812.0,35145144.0,2837114.87
202203,604,Sex Hormones,1012995.0,51740097.0,11159621.35
202203,605,"Hypothalamic and pituitary hormones and anti, oestrogens",30107.0,1387968.0,3830161.19
202203,606,Drugs affecting bone metabolism,546628.0,2789063.0,2977631.35
202203,607,Other endocrine drugs,8216.0,157843.0,587185.83
202203,701,Drugs used in obstetrics,3.0,114.0,937.0
202203,702,Treatment of vaginal and vulval conditions,274955.0,5069437.0,3492763.99
202203,703,Contraceptives,644878.0,57474115.0,5697335.37
202203,704,Drugs for genito-urinary disorders,1867918.0,55830287.0,12079325.44
202203,801,Cytotoxic drugs,17244.0,746303.0,520191.63
202203,802,Drugs affecting the immune response,101077.0,7567940.0,2667649.64
202203,803,Sex hormones and hormone antagonists in malignant disease,277353.0,7892900.0,10886084.51
202203,901,Anaemias and some other blood disorders,1877464.0,83626092.0,5618339.6
202203,902,Fluids and electrolytes,103509.0,7476680.0,1102330.14
202203,904,Oral nutrition,502645.0,2496936952.5,38697686.53
202203,905,Minerals,201539.0,34545821.0,3985472.02
202203,906,Vitamins,2860117.0,129869018.4,14076648.919999998
202203,908,Metabolic disorders,374.0,127874.0,226059.16
202203,909,Foods,18788.0,91280793.0,2107525.1
202203,910,Compound vitamin and mineral formulations,11610.0,434550.0,81797.7
202203,911,Health supplements,5355.0,340961.0,341145.74
202203,912,Other health supplements,11480.0,427555.0,48410.95
202204,1001,Drugs used in rheumatic diseases and gout,1789816.0,81737529.0,7066544.09
202204,1002,Drugs used in neuromuscular disorders,132913.0,21901578.0,1036600.89
202204,1003,Drugs for soft-tissue disorders and topical pain relief,558163.0,59373749.0,3131547.79
202204,101,Dyspepsia and gastro-oesophageal reflux disease,345680.0,176119985.0,2155068.24
202204,102,Antispasmodics and other drugs altering gut motility,383003.0,32306812.0,4718125.22
202204,103,Antisecretory drugs and mucosal protectants,6017695.0,217122430.0,16033310.15
202204,104,Acute diarrhoea,135299.0,12382088.0,671026.74
202204,105,Chronic bowel disorders,211129.0,25717641.0,11583763.14
202204,106,Laxatives,1512064.0,195812876.0,9589404.55
202204,107,Local preparations for anal and rectal disorders,100818.0,2711754.0,697064.59
202204,109,Drugs affecting intestinal secretions,81817.0,17891877.0,4492117.66
202204,1103,Anti-infective eye preparations,95794.0,847386.5,894070.3400000001
202204,1104,Corticosteroids and other anti-inflammatory preparations,167388.0,2759102.5,1874228.56
202204,1105,Mydriatics and cycloplegics,6797.0,141358.0,572478.51
202204,1106,Treatment of glaucoma,779462.0,11715329.0,7493939.58
202204,1107,Local anaesthetics,44.0,894.0,498.4
202204,1108,Miscellaneous ophthalmic preparations,259235.0,6349439.5,1672552.03
202204,1201,Drugs acting on the ear,123973.0,770686.5,626005.78
202204,1202,Drugs acting on the nose,684640.0,3259507.0,4982353.05
202204,1203,Drugs acting on the oropharynx,89238.0,16645514.2,469694.5
202204,1301,Management of skin conditions,3868.0,2176958.0,14758.0
202204,1302,Emollient and barrier preparations,520517.0,268186781.0,3871846.82
202204,1303,Topical local anaesthetics and antipruritics,24423.0,6522561.0,224535.74
202204,1304,Topical corticosteroids,897403.0,48147141.0,4918539.47
202204,1305,Preparations for eczema and psoriasis,137704.0,11918100.0,5754376.66
202204,1306,Acne and rosacea,135857.0,6568079.0,2462400.99
202204,1307,Preparations for warts and calluses,8745.0,122467.5,186020.91
202204,1308,Sunscreens and camouflagers,32348.0,2245470.41,1054324.48
202204,1309,Shampoos and other preparations for scalp and hair conditions,102561.0,20556941.0,825599.99
202204,1310,Anti-infective skin preparations,231032.0,7190750.5,1223016.1800000002
202204,1311,"Skin cleansers,antiseptics and desloughing agents",18634.0,8963744.0,161074.44
202204,1312,Antiperspirants,3394.0,198083.0,28007.19
202204,1313,Wound management products,1497.0,15629.0,55014.630000000005
202204,1314,Topical circulatory preparations,6411.0,409018.0,32641.53
202204,1315,Miscellaneous topical preparations,126.0,18740.0,10843.67
202204,1404,Vaccines and antisera,152993.0,153452.0,1856029.92
202204,1405,Immunoglobulins,3.0,3.0,1250.0
202204,1501,General anaesthesia,30729.0,8474793.5,287190.73
202204,1502,Local anaesthesia,95747.0,1630094.5,1500570.37
202204,1803,X-Ray contrast media,10.0,7600.0,1330.0
202204,1902,Selective preparations,34094.0,10184626.0,511590.66
202204,1904,Single substances,151.0,119335.0,1230.2800000000002
202204,1905,Other preparations,783.0,43654.0,10551.03
202204,1906,Acids,378.0,130024.0,8138.719999999999
202204,1907,"Base,diluent, suspending agents and stabilisers",40526.0,27539446.0,1402673.54
202204,1908,"Colouring,flavouring and sweetening agents",4.0,500.0,75.76
202204,1909,"Disinfectants, preservatives and sterilising agents",1.0,250.0,58.57
202204,1913,Cordials and soft drinks,66.0,369246.0,2526.42
202204,1914,Waters,888.0,7648956.0,5906.62
202204,2001,Absorbent Cottons,107.0,77500.0,939.86
202204,2002,Arm Sling/Bandages,42105.0,592521.0,1075383.43
202204,2003,Wound Management & Other Dressings,289494.0,5210583.2,9440664.83
202204,2004,Gauzes & Gauze Tissue,6828.0,370919.0,197358.79
202204,2005,Tracheostomy & Laryngectomy Appliances,15590.0,778835.0,1364021.81
202204,2007,Lints,19.0,18025.0,486.68
202204,2009,Stockinette,38977.0,341000.5,518973.54
202204,201,Positive inotropic drugs,213017.0,5625933.0,258014.4
202204,2010,Surgical Adhesive Tape,18942.0,260907.5,77497.39
202204,2011,Surgical Sutures,4529.0,6277.0,12601.57
202204,2012,Swabs,22357.0,4146599.0,83891.4
202204,2014,"Skin Closure Strips, Sterile",3007.0,19224.0,4500.14
202204,2015,"Skin Adhesive, Sterile",52.0,27.0,374.02
202204,2017,Cervical Collar,15.0,18.0,46.2
202204,2018,Cellulose Wadding BP 1988,2.0,1500.0,6.6000000000000005
202204,202,Diuretics,2441151.0,81767752.0,4433234.23
202204,2020,Silk Garments,602.0,2268.0,40671.4
202204,203,Anti-arrhythmic drugs,76325.0,4063538.0,518373.31
202204,204,Beta-adrenoceptor blocking drugs,3386894.0,128314547.0,4963996.83
202204,205,Hypertension and heart failure,6086111.0,224109166.0,19063941.96
202204,206,"Nitrates, calcium-channel blockers & other antianginal drugs",4464274.0,157462656.0,15199971.13
202204,207,Sympathomimetics,14159.0,1088149.0,429619.68
202204,208,Anticoagulants and protamine,1656104.0,73875538.0,68918306.43
202204,209,Antiplatelet drugs,2641535.0,80494144.0,5797993.529999999
202204,2101,Other Appliances,849280.0,74342863.0,4861306.75
202204,2102,Catheters,104999.0,7161604.0,13411153.27
202204,2103,Chiropody Appliances,172.0,2421.0,1834.66
202204,2104,Contraceptive Devices,2694.0,2757.0,31914.16
202204,2106,Trusses,108.0,109.0,3439.14
202204,2107,Elastic Hosiery,34130.0,91997.0,630082.88
202204,211,Antifibrinolytic drugs and haemostatics,41212.0,2575449.0,263612.09
202204,2112,Peak Flow Meters,32859.0,33038.0,183273.64
202204,2113,Catheter Maintenance Products,17248.0,9921740.0,594208.09
202204,2114,Lubricant Gels,23231.0,1525594.5,83747.86
202204,2116,Irrigation Solutions,33786.0,993492.0,238744.31
202204,2118,Vacuum Pumps for Erectile Dysfunction,1192.0,2576.0,131616.14
202204,2119,Oral Film Forming Agents,1155.0,100307.0,56526.380000000005
202204,212,Lipid-regulating drugs,6708991.0,219632992.0,10899131.05
202204,2120,Venous Ulcer Compression System,7027.0,24472.0,321100.43
202204,2121,Dry Mouth Products,40322.0,4197106.0,280140.24
202204,2122,Emollients,772375.0,403411533.0,4488066.029999999
202204,2123,Vaginal Moisturisers,24569.0,961872.0,223895.3
202204,2124,Nasal Products,29129.0,1859282.0,99798.65
202204,2125,Vaginal Dilators,257.0,265.0,8034.049999999999
202204,2126,Leg Ulcer Wrap,1.0,2.0,27.6
202204,2127,Lymphoedema Garments,32279.0,83717.0,2080701.19
202204,2128,Anal Irrigation System,13592.0,48272.0,2273249.76
202204,2129,Pressure Offloading Device,2451.0,4030.0,95082.74
202204,2130,Eye Products,568226.0,8550776.0,4535014.09
202204,2131,Cycloidal Vibration Accessories,2.0,120.0,600.0
202204,2132,Inhalation Solutions,6465.0,427942.0,166525.22
202204,2133,Indwelling Pleural Cath Drain System,793.0,8148.0,223344.08
202204,2134,Vaginal PH Correction Products,636.0,9944.0,6297.0
202204,2135,Acne Treatment,2.0,50.0,26.0
202204,2136,Adhesive Dressing Remover Ster Silicone,837.0,57106.0,22875.29
202204,2137,Pelvic Toning Devices,44.0,44.0,658.95
202204,2138,Low Friction Products,2336.0,5402.0,55410.37
202204,2139,Prosthetic Adhesives,9.0,120.0,89.04
202204,2140,Bacterial Decolonisation Products,164.0,17222.0,753.88
202204,2141,Physical Debridement Device,5594.0,66443.0,332042.72
202204,2142,Jaw Rehabilitation Device,77.0,320.0,6227.45
202204,2143,Micro-Enema - Sodium Citrate,182.0,3413.0,1481.83
202204,2146,Hernia Support Garments,77.0,112.0,4132.8
202204,2147,Dev For Fungal Nail Infections,64.0,104.0,1406.76
202204,2148,Detection Sensor Interstitial Fluid/Gluc,135188.0,304073.0,10642555.0
202204,2149,Pulsed Electromagnetic Stimulator,37.0,52.0,725.4000000000001
202204,2202,Anal Plugs,883.0,32277.0,77231.88
202204,2205,Catheter Valves,10488.0,75099.0,189859.84
202204,2215,Faecal Collectors,220.0,4610.0,11317.02
202204,2220,Incontinence Belts,1.0,3.0,13.32
202204,2230,Incontinence Sheaths,12473.0,491465.0,873566.6599999999
202204,2240,Incontinence Sheath Fixing Strips & Adh,1653.0,48613.0,30970.94
202204,2250,Leg Bags,54920.0,656388.0,1880703.65
202204,2260,Night Drainage Bags,79396.0,2047032.0,1181915.51
202204,2270,Suspensory Systems,1258.0,9538.0,66724.35
202204,2280,Tubing And Accessories,25510.0,171761.0,375318.36
202204,2285,Insert For Female Stress Incont,372.0,576.0,19974.32
202204,2290,Urinal Systems,1210.0,8925.0,57134.31
202204,2305,Adhesive Discs/Rings/Pads/Plasters,21688.0,1495887.0,940446.75
202204,2310,Adhesive (Pastes/Sprays/Solutions),33.0,3034.0,583.2
202204,2315,Adhesive Removers (Sprays/Liquids/Wipes),88603.0,11766015.0,1858578.42
202204,2320,Bag Closures,325.0,14889.0,4292.52
202204,2325,Bag Covers,507.0,1676.0,15305.67
202204,2330,Belts,8710.0,12745.0,434297.27
202204,2335,Colostomy Bags,36319.0,2567983.0,8077820.28
202204,2345,Deodorants,7328.0,1400555.0,93291.07
202204,2346,Discharge Solidifying Agents,2408.0,464237.0,136144.26
202204,2350,Filters/Bridges,280.0,16530.0,15068.72
202204,2355,Flanges,14.0,69.0,1098.15
202204,2360,Ileostomy Bags,57743.0,2276355.0,9201323.46
202204,2370,Irrigation Washout Appliances,2858.0,61872.0,107722.99
202204,2375,Pressure Plates/Shields,109.0,396.0,3121.99
202204,2380,Skin Fillers And Protectives,268951.0,29237530.200000003,3074332.6900000004
202204,2385,Skin Protectors,20272.0,822905.0,1639258.71
202204,2390,Stoma Caps/Dressings,1357.0,64192.0,90263.07
202204,2392,Tubing & Accessories,366.0,6729.0,16809.59
202204,2394,Two Piece Ostomy Systems,20206.0,785465.0,1992199.55
202204,2396,Urostomy Bags,11952.0,355015.0,2162627.64
202204,301,Bronchodilators,2440994.0,14506168.0,28086011.09
202204,302,Corticosteroids (respiratory),1784546.0,2287484.0,50940685.51
202204,303,"Cromoglycate, leukotriene and phosphodesterase type-4 inhib",336477.0,10309211.0,541229.23
202204,304,"Antihistamines, hyposensitisation and allergic emergencies",1228325.0,60387541.0,6952496.28
202204,307,Mucolytics,263461.0,34999512.0,1290380.04
202204,308,Aromatic inhalations,4.0,1300.0,38.72
202204,309,Cough preparations,15504.0,3903397.0,51342.52
202204,310,Systemic nasal decongestants,1703.0,161494.0,13107.84
202204,401,Hypnotics and anxiolytics,1134124.0,33569793.0,8104497.0
202204,402,Drugs used in psychoses and related disorders,1089671.0,37819026.0,9922339.8
202204,403,Antidepressant drugs,6939008.0,256810572.0,16009188.170000002
202204,404,CNS stimulants and drugs used for ADHD,192347.0,7563286.0,7667211.08
202204,405,Drugs used in the treatment of obesity,28655.0,2598081.0,808583.19
202204,406,Drugs used in nausea and vertigo,498566.0,30705981.0,2762175.5700000003
202204,407,Analgesics,4938484.0,542915927.0,32720543.95
202204,408,Antiepileptic drugs,2546344.0,206440873.0,24892713.02
202204,409,Drugs used in parkinsonism and related disorders,431667.0,30449578.0,7583335.54
202204,410,Drugs used in substance dependence,307463.0,120609977.4,4676939.1
202204,411,Drugs for dementia,340070.0,8480043.0,2008130.39
202204,501,Antibacterial drugs,2716029.0,105437313.5,12526847.32
202204,502,Antifungal drugs,121566.0,3484659.0,554101.49
202204,503,Antiviral drugs,91073.0,4556443.0,1100881.26
202204,504,Antiprotozoal drugs,197045.0,5430330.0,699746.19
202204,505,Anthelmintics,5616.0,114242.0,33436.78
202204,601,Drugs used in diabetes,5059889.0,301562159.0,106693374.09
202204,602,Thyroid and antithyroid drugs,2787035.0,101169061.0,5706090.86
202204,603,Corticosteroids (endocrine),651298.0,32962300.0,2539436.28
202204,604,Sex Hormones,1000590.0,53695793.0,11015354.4
202204,605,"Hypothalamic and pituitary hormones and anti, oestrogens",27703.0,1291812.5,3352501.22
202204,606,Drugs affecting bone metabolism,513469.0,2629894.0,2830045.25
202204,607,Other endocrine drugs,7605.0,147011.0,552202.46
202204,702,Treatment of vaginal and vulval conditions,248477.0,4613137.0,3180973.72
202204,703,Contraceptives,592646.0,52715921.0,4893110.5600000005
202204,704,Drugs for genito-urinary disorders,1757003.0,52490955.0,11770968.62
202204,801,Cytotoxic drugs,16229.0,708884.0,502806.57
202204,802,Drugs affecting the immune response,94162.0,7043629.0,2428694.51
202204,803,Sex hormones and hormone antagonists in malignant disease,262008.0,7418747.0,10520864.75
202204,901,Anaemias and some other blood disorders,1760792.0,76799793.0,5098867.15
202204,902,Fluids and electrolytes,94761.0,7028934.0,1052998.71
202204,903,Intravenous nutrition,2.0,21.0,58.55
202204,904,Oral nutrition,463335.0,2317479289.0,35816355.93
202204,905,Minerals,174505.0,29021747.0,3478928.16
202204,906,Vitamins,2680486.0,121435262.5,12894775.12
202204,908,Metabolic disorders,330.0,103500.0,204299.33
202204,909,Foods,17303.0,85057403.5,1949894.04
202204,910,Compound vitamin and mineral formulations,10831.0,396554.0,73075.6
202204,911,Health supplements,4960.0,302983.0,314128.0
202204,912,Other health supplements,10698.0,403564.0,44841.2
202205,1001,Drugs used in rheumatic diseases and gout,1890653.0,86215876.0,7495811.67
202205,1002,Drugs used in neuromuscular disorders,138578.0,22932117.0,1096079.83
202205,1003,Drugs for soft-tissue disorders and topical pain relief,594550.0,63160595.0,3350126.0500000003
202205,101,Dyspepsia and gastro-oesophageal reflux disease,357923.0,177604263.0,2212985.27
202205,102,Antispasmodics and other drugs altering gut motility,402642.0,34059149.0,5011267.09
202205,103,Antisecretory drugs and mucosal protectants,6291892.0,227652806.0,16890970.369999997
202205,104,Acute diarrhoea,141990.0,13092777.0,712908.64
202205,105,Chronic bowel disorders,220963.0,26943542.0,12297325.21
202205,106,Laxatives,1610389.0,205143323.0,10330635.08
202205,107,Local preparations for anal and rectal disorders,108471.0,2894731.0,756397.02
202205,109,Drugs affecting intestinal secretions,85394.0,18742154.0,4708179.66
202205,1103,Anti-infective eye preparations,96933.0,868061.5,911920.9
202205,1104,Corticosteroids and other anti-inflammatory preparations,191108.0,3105036.0,2078560.93
202205,1105,Mydriatics and cycloplegics,7220.0,150386.0,637641.3400000001
202205,1106,Treatment of glaucoma,810266.0,12398221.0,8163311.03
202205,1107,Local anaesthetics,32.0,561.0,317.75
202205,1108,Miscellaneous ophthalmic preparations,266499.0,6713589.5,1769482.87
202205,1201,Drugs acting on the ear,138571.0,856564.5,692030.23
202205,1202,Drugs acting on the nose,730852.0,3395564.0,5302676.16
202205,1203,Drugs acting on the oropharynx,97578.0,18163649.0,527949.94
202205,1301,Management of skin conditions,3936.0,2205691.0,14933.14
202205,1302,Emollient and barrier preparations,542148.0,280097491.0,4054184.0
202205,1303,Topical local anaesthetics and antipruritics,24256.0,6580091.0,229808.2
202205,1304,Topical corticosteroids,945649.0,50713873.0,5165637.97
202205,1305,Preparations for eczema and psoriasis,147013.0,12613811.0,6068095.4
202205,1306,Acne and rosacea,139523.0,6664488.0,2488382.63
202205,1307,Preparations for warts and calluses,10493.0,149593.0,212393.35
202205,1308,Sunscreens and camouflagers,38489.0,2473557.0,1258773.74
202205,1309,Shampoos and other preparations for scalp and hair conditions,108201.0,21543838.0,875059.41
202205,1310,Anti-infective skin preparations,250408.0,7809516.0,1311708.01
202205,1311,"Skin cleansers,antiseptics and desloughing agents",19734.0,9463130.0,166787.57
202205,1312,Antiperspirants,4163.0,236470.0,27910.01
202205,1313,Wound management products,1457.0,14390.0,49933.3
202205,1314,Topical circulatory preparations,6978.0,444100.0,35439.18
202205,1315,Miscellaneous topical preparations,168.0,28145.0,13635.16
202205,1404,Vaccines and antisera,134175.0,136270.0,1754232.59
202205,1405,Immunoglobulins,3.0,3.0,750.0
202205,1501,General anaesthesia,30662.0,277974.5,297068.82
202205,1502,Local anaesthesia,109565.0,1759235.0,1572506.56
202205,1803,X-Ray contrast media,7.0,4200.0,735.0
202205,1902,Selective preparations,41440.0,11839225.0,632655.6
202205,1904,Single substances,139.0,115280.0,5924.81
202205,1905,Other preparations,853.0,44192.0,10624.36
202205,1906,Acids,446.0,139103.0,9452.55
202205,1907,"Base,diluent, suspending agents and stabilisers",42726.0,28915661.0,1472812.94
202205,1908,"Colouring,flavouring and sweetening agents",8.0,800.0,126.48
202205,1913,Cordials and soft drinks,69.0,383040.0,2620.8
202205,1914,Waters,923.0,9724922.0,9332.52
202205,2001,Absorbent Cottons,127.0,82225.0,999.31
202205,2002,Arm Sling/Bandages,44886.0,630432.0,1164484.57
202205,2003,Wound Management & Other Dressings,311084.0,5612720.2,10392076.12
202205,2004,Gauzes & Gauze Tissue,7070.0,397847.0,203342.27
202205,2005,Tracheostomy & Laryngectomy Appliances,17388.0,869394.0,1542175.15
202205,2006,Foam,3.0,12.0,63.34
202205,2007,Lints,19.0,20825.0,569.74
202205,2009,Stockinette,41082.0,365037.5,539658.45
202205,201,Positive inotropic drugs,221230.0,5834420.0,267874.56
202205,2010,Surgical Adhesive Tape,20161.0,279406.0,85974.07
202205,2011,Surgical Sutures,5451.0,8250.0,17225.43
202205,2012,Swabs,23438.0,4549950.0,89095.59
202205,2014,"Skin Closure Strips, Sterile",5127.0,26418.0,6414.19
202205,2015,"Skin Adhesive, Sterile",51.0,45.0,542.76
202205,2017,Cervical Collar,19.0,21.0,53.1
202205,2018,Cellulose Wadding BP 1988,1.0,500.0,2.2
202205,202,Diuretics,2553504.0,85772977.0,4683420.3
202205,2020,Silk Garments,712.0,2790.0,48530.61
202205,203,Anti-arrhythmic drugs,79651.0,4270320.0,555303.89
202205,204,Beta-adrenoceptor blocking drugs,3532779.0,134481999.0,5215115.13
202205,205,Hypertension and heart failure,6350133.0,234663414.0,19696906.55
202205,206,"Nitrates, calcium-channel blockers & other antianginal drugs",4653304.0,164447527.0,16123443.55
202205,207,Sympathomimetics,14612.0,1104080.0,433979.19
202205,208,Anticoagulants and protamine,1724484.0,76983178.0,72248648.06
202205,209,Antiplatelet drugs,2744237.0,83915932.0,6024543.91
202205,2101,Other Appliances,892592.0,77554834.0,5148156.8100000005
202205,2102,Catheters,116873.0,8104056.0,15149040.35
202205,2103,Chiropody Appliances,193.0,2507.0,2359.41
202205,2104,Contraceptive Devices,2977.0,3026.0,35046.29
202205,2106,Trusses,123.0,131.0,4201.76
202205,2107,Elastic Hosiery,37376.0,100568.0,685103.33
202205,211,Antifibrinolytic drugs and haemostatics,45677.0,2852292.0,290341.91
202205,2112,Peak Flow Meters,36037.0,36122.0,199899.83
202205,2113,Catheter Maintenance Products,18550.0,10861180.0,646811.6599999999
202205,2114,Lubricant Gels,25586.0,1737242.5,93619.58
202205,2116,Irrigation Solutions,35805.0,1040839.0,257284.57
202205,2118,Vacuum Pumps for Erectile Dysfunction,1374.0,2913.0,155296.59
202205,2119,Oral Film Forming Agents,1248.0,107455.0,61634.56
202205,212,Lipid-regulating drugs,7002144.0,230270579.0,11651475.08
202205,2120,Venous Ulcer Compression System,7936.0,27446.0,362390.5
202205,2121,Dry Mouth Products,41801.0,4370342.0,291940.91000000003
202205,2122,Emollients,796889.0,416408033.0,4630645.15
202205,2123,Vaginal Moisturisers,26616.0,1077646.0,241302.16
202205,2124,Nasal Products,30397.0,1980003.0,106035.36
202205,2125,Vaginal Dilators,274.0,281.0,8523.35
202205,2127,Lymphoedema Garments,38617.0,99945.0,2531023.67
202205,2128,Anal Irrigation System,15185.0,54692.0,2572675.1
202205,2129,Pressure Offloading Device,2840.0,4655.0,106976.97
202205,2130,Eye Products,602963.0,9162817.0,4846759.57
202205,2131,Cycloidal Vibration Accessories,2.0,172.0,860.0
202205,2132,Inhalation Solutions,6611.0,438905.0,169192.13
202205,2133,Indwelling Pleural Cath Drain System,851.0,8149.0,220701.04
202205,2134,Vaginal PH Correction Products,678.0,10757.0,6842.25
202205,2135,Acne Treatment,6.0,225.0,89.0
202205,2136,Adhesive Dressing Remover Ster Silicone,924.0,74831.0,29232.24
202205,2137,Pelvic Toning Devices,35.0,35.0,523.95
202205,2138,Low Friction Products,2512.0,5791.0,59292.45
202205,2139,Prosthetic Adhesives,10.0,215.0,161.45
202205,2140,Bacterial Decolonisation Products,162.0,18952.0,754.63
202205,2141,Physical Debridement Device,6076.0,72532.0,366814.19
202205,2142,Jaw Rehabilitation Device,73.0,362.0,5180.18
202205,2143,Micro-Enema - Sodium Citrate,141.0,2640.0,1146.18
202205,2145,Douches,2.0,2.0,10.34
202205,2146,Hernia Support Garments,85.0,133.0,4907.7
202205,2147,Dev For Fungal Nail Infections,76.0,157.0,1586.6799999999998
202205,2148,Detection Sensor Interstitial Fluid/Gluc,145588.0,328779.0,11507229.65
202205,2149,Pulsed Electromagnetic Stimulator,53.0,72.0,1004.4
202205,2202,Anal Plugs,960.0,35812.0,85677.45999999999
202205,2205,Catheter Valves,11469.0,83070.0,210022.04
202205,2210,Drainable Dribbling Appliances,1.0,1.0,55.14
202205,2215,Faecal Collectors,264.0,5355.0,12996.53
202205,2220,Incontinence Belts,1.0,1.0,6.56
202205,2230,Incontinence Sheaths,14107.0,553886.0,977311.71
202205,2240,Incontinence Sheath Fixing Strips & Adh,1663.0,48335.0,30980.0
202205,2250,Leg Bags,59656.0,712547.0,2041651.37
202205,2260,Night Drainage Bags,85679.0,2219856.0,1282688.24
202205,2270,Suspensory Systems,1370.0,10433.0,69844.88
202205,2280,Tubing And Accessories,27424.0,185962.0,404798.63
202205,2285,Insert For Female Stress Incont,398.0,685.0,24102.2
202205,2290,Urinal Systems,1259.0,9249.0,64742.45
202205,2305,Adhesive Discs/Rings/Pads/Plasters,24462.0,1680444.0,1059457.71
202205,2310,Adhesive (Pastes/Sprays/Solutions),36.0,3724.0,789.7
202205,2315,Adhesive Removers (Sprays/Liquids/Wipes),98723.0,13116653.0,2083791.23
202205,2320,Bag Closures,366.0,17322.0,4655.99
202205,2325,Bag Covers,537.0,1806.0,16187.56
202205,2330,Belts,9348.0,13716.0,456933.27
202205,2335,Colostomy Bags,40209.0,2863784.0,9012815.14
202205,2345,Deodorants,8268.0,1606651.0,107284.32
202205,2346,Discharge Solidifying Agents,2732.0,531290.0,156284.74
202205,2350,Filters/Bridges,270.0,16170.0,13348.47
202205,2355,Flanges,25.0,116.0,1918.28
202205,2360,Ileostomy Bags,64317.0,2546694.0,10300923.52
202205,2370,Irrigation Washout Appliances,3219.0,71119.0,118881.0
202205,2375,Pressure Plates/Shields,118.0,373.0,3118.69
202205,2380,Skin Fillers And Protectives,282610.0,30625131.4,3299899.99
202205,2385,Skin Protectors,22696.0,925587.0,1841284.04
202205,2390,Stoma Caps/Dressings,1488.0,71740.0,101167.71
202205,2392,Tubing & Accessories,386.0,7141.0,17638.68
202205,2394,Two Piece Ostomy Systems,22318.0,866785.0,2212269.82
202205,2396,Urostomy Bags,13372.0,399582.0,2433560.17
202205,301,Bronchodilators,2545624.0,14787263.0,29216515.29
202205,302,Corticosteroids (respiratory),1865445.0,2392506.0,53151971.94
202205,303,"Cromoglycate, leukotriene and phosphodesterase type-4 inhib",356358.0,10966319.0,569247.98
202205,304,"Antihistamines, hyposensitisation and allergic emergencies",1365166.0,69497769.0,8011612.52
202205,307,Mucolytics,274677.0,36487368.0,1381093.6
202205,308,Aromatic inhalations,5.0,1050.0,25.18
202205,309,Cough preparations,14100.0,3671644.0,35758.79
202205,310,Systemic nasal decongestants,1625.0,150064.0,12922.55
202205,311,Antifibrotics,3.0,337.0,5361.84
202205,401,Hypnotics and anxiolytics,1174506.0,34869756.0,8649601.04
202205,402,Drugs used in psychoses and related disorders,1128914.0,39313376.0,10403984.56
202205,403,Antidepressant drugs,7245109.0,268771121.0,16790789.83
202205,404,CNS stimulants and drugs used for ADHD,205167.0,8063066.0,8242602.05
202205,405,Drugs used in the treatment of obesity,31906.0,2932657.0,912817.81
202205,406,Drugs used in nausea and vertigo,521462.0,32225927.0,2872875.04
202205,407,Analgesics,5105906.0,561360292.8,34002324.870000005
202205,408,Antiepileptic drugs,2643324.0,215602437.0,26472938.81
202205,409,Drugs used in parkinsonism and related disorders,448201.0,31737389.0,7843771.33
202205,410,Drugs used in substance dependence,318650.0,123992867.6,4866859.44
202205,411,Drugs for dementia,354223.0,8830232.0,2140662.86
202205,501,Antibacterial drugs,2799683.0,114380367.0,13319959.09
202205,502,Antifungal drugs,132328.0,3810822.0,577605.3200000001
202205,503,Antiviral drugs,95826.0,4892525.0,1226651.18
202205,504,Antiprotozoal drugs,205290.0,5682110.0,726005.85
202205,505,Anthelmintics,6136.0,120729.0,46180.4
202205,601,Drugs used in diabetes,5298285.0,316237204.0,111936598.13
202205,602,Thyroid and antithyroid drugs,2914725.0,106287282.0,6106288.83
202205,603,Corticosteroids (endocrine),657942.0,33441206.0,2674758.56
202205,604,Sex Hormones,1112300.0,58804295.5,12787058.49
202205,605,"Hypothalamic and pituitary hormones and anti, oestrogens",29846.0,1392470.0,3627775.75
202205,606,Drugs affecting bone metabolism,533729.0,2746185.0,3131763.17
202205,607,Other endocrine drugs,7943.0,148077.0,565497.57
202205,701,Drugs used in obstetrics,1.0,2.0,16.0
202205,702,Treatment of vaginal and vulval conditions,275333.0,5155216.0,3548258.41
202205,703,Contraceptives,642741.0,57452995.0,5537032.82
202205,704,Drugs for genito-urinary disorders,1841794.0,55175416.0,12492230.66
202205,801,Cytotoxic drugs,16960.0,735382.0,496078.64
202205,802,Drugs affecting the immune response,98491.0,7369804.0,2481345.56
202205,803,Sex hormones and hormone antagonists in malignant disease,273491.0,7774105.0,10904035.69
202205,901,Anaemias and some other blood disorders,1870784.0,82642411.0,5513533.77
202205,902,Fluids and electrolytes,99483.0,7405736.0,1108880.36
202205,904,Oral nutrition,486760.0,2408214455.0,37608150.13
202205,905,Minerals,190954.0,32392026.0,3817451.23
202205,906,Vitamins,2777744.0,126254800.0,13015680.1
202205,908,Metabolic disorders,344.0,103411.0,204918.2
202205,909,Foods,18171.0,93402060.5,2176518.46
202205,910,Compound vitamin and mineral formulations,11414.0,423502.0,77615.32
202205,911,Health supplements,5308.0,330982.0,330348.39
202205,912,Other health supplements,11381.0,415299.0,45841.14
202206,1001,Drugs used in rheumatic diseases and gout,1835271.0,83650522.0,7263386.09
202206,1002,Drugs used in neuromuscular disorders,135820.0,22641154.0,1053417.87
202206,1003,Drugs for soft-tissue disorders and topical pain relief,574533.0,61255327.0,3187138.06
202206,101,Dyspepsia and gastro-oesophageal reflux disease,351372.0,178785695.0,2209709.89
202206,102,Antispasmodics and other drugs altering gut motility,393192.0,33363022.0,4917712.21
202206,103,Antisecretory drugs and mucosal protectants,6121005.0,221355920.0,16723720.12
202206,104,Acute diarrhoea,138870.0,12751698.0,702093.76
202206,105,Chronic bowel disorders,215988.0,26355583.0,13161984.93
202206,106,Laxatives,1562540.0,199028716.0,10025523.48
202206,107,Local preparations for anal and rectal disorders,104549.0,2804765.0,716061.48
202206,109,Drugs affecting intestinal secretions,84311.0,18722887.0,4712793.59
202206,1103,Anti-infective eye preparations,99587.0,886048.0,956872.13
202206,1104,Corticosteroids and other anti-inflammatory preparations,236512.0,3603978.5,2246181.47
202206,1105,Mydriatics and cycloplegics,7049.0,145079.0,643879.59
202206,1106,Treatment of glaucoma,789743.0,12062321.0,8095248.05
202206,1107,Local anaesthetics,45.0,1071.0,594.58
202206,1108,Miscellaneous ophthalmic preparations,165206.0,5317916.5,1583382.57
202206,1201,Drugs acting on the ear,135709.0,840539.5,676728.3200000001
202206,1202,Drugs acting on the nose,753149.0,3475250.0,5377373.21
202206,1203,Drugs acting on the oropharynx,95076.0,17563646.5,547004.72
202206,1301,Management of skin conditions,3758.0,2158715.0,14576.4
202206,1302,Emollient and barrier preparations,526663.0,272340534.0,3952939.84
202206,1303,Topical local anaesthetics and antipruritics,22871.0,6262842.0,221515.43
202206,1304,Topical corticosteroids,917672.0,48694715.0,5005845.01
202206,1305,Preparations for eczema and psoriasis,142318.0,12229578.0,5894322.63
202206,1306,Acne and rosacea,140273.0,6690116.0,2484638.77
202206,1307,Preparations for warts and calluses,10580.0,135463.5,210268.49
202206,1308,Sunscreens and camouflagers,38254.0,2448833.41,1248104.94
202206,1309,Shampoos and other preparations for scalp and hair conditions,105180.0,20884236.0,861621.3600000001
202206,1310,Anti-infective skin preparations,245013.0,7524843.5,1272036.78
202206,1311,"Skin cleansers,antiseptics and desloughing agents",19709.0,9402375.0,160392.75
202206,1312,Antiperspirants,4099.0,236070.0,28298.770000000004
202206,1313,Wound management products,1628.0,16941.0,58785.27
202206,1314,Topical circulatory preparations,7090.0,446804.0,35662.89
202206,1315,Miscellaneous topical preparations,144.0,23210.0,11475.36
202206,1404,Vaccines and antisera,131047.0,133040.0,1746017.0
202206,1405,Immunoglobulins,6.0,6.0,2138.0
202206,1501,General anaesthesia,29109.0,263658.5,284875.87
202206,1502,Local anaesthesia,103304.0,1693458.0,1544834.25
202206,1803,X-Ray contrast media,2.0,3000.0,525.0
202206,1902,Selective preparations,36116.0,10733829.0,491808.92
202206,1904,Single substances,132.0,117746.0,1165.3200000000002
202206,1905,Other preparations,825.0,44212.0,10946.07
202206,1906,Acids,423.0,131722.0,8867.939999999999
202206,1907,"Base,diluent, suspending agents and stabilisers",41965.0,28430365.0,1451698.02
202206,1908,"Colouring,flavouring and sweetening agents",10.0,2100.0,235.1
202206,1913,Cordials and soft drinks,68.0,494874.0,3588.88
202206,1914,Waters,910.0,8882591.0,7952.879999999999
202206,2001,Absorbent Cottons,109.0,75350.0,943.73
202206,2002,Arm Sling/Bandages,45716.0,644612.0,1159730.37
202206,2003,Wound Management & Other Dressings,324043.0,5787120.9,10592143.9
202206,2004,Gauzes & Gauze Tissue,7350.0,405222.0,208831.68
202206,2005,Tracheostomy & Laryngectomy Appliances,16782.0,862707.0,1493131.88
202206,2006,Foam,2.0,2.0,10.68
202206,2007,Lints,15.0,16925.0,445.69
202206,2009,Stockinette,42780.0,382669.0,555494.26
202206,201,Positive inotropic drugs,213523.0,5640027.0,258539.19
202206,2010,Surgical Adhesive Tape,20697.0,285627.0,87732.48000000001
202206,2011,Surgical Sutures,5320.0,7180.0,14470.73
202206,2012,Swabs,23487.0,4325462.0,88215.98
202206,2014,"Skin Closure Strips, Sterile",3882.0,19866.0,4636.26
202206,2015,"Skin Adhesive, Sterile",55.0,44.0,519.28
202206,2017,Cervical Collar,12.0,12.0,29.52
202206,202,Diuretics,2480134.0,83225350.0,4548545.57
202206,2020,Silk Garments,630.0,2311.0,42982.18
202206,203,Anti-arrhythmic drugs,77003.0,4118954.0,524897.22
202206,204,Beta-adrenoceptor blocking drugs,3428878.0,130372751.0,5060698.46
202206,205,Hypertension and heart failure,6166742.0,227645565.0,19023697.05
202206,206,"Nitrates, calcium-channel blockers & other antianginal drugs",4514017.0,159305249.0,15833146.11
202206,207,Sympathomimetics,14805.0,1136057.0,453917.84
202206,208,Anticoagulants and protamine,1677377.0,74689025.0,70316292.99000001
202206,209,Antiplatelet drugs,2659389.0,81248035.0,5817013.88
202206,2101,Other Appliances,864466.0,75992816.0,5045604.22
202206,2102,Catheters,115380.0,8016095.0,14997579.25
202206,2103,Chiropody Appliances,213.0,2629.0,3158.78
202206,2104,Contraceptive Devices,3016.0,3073.0,35491.7
202206,2106,Trusses,114.0,120.0,3741.63
202206,2107,Elastic Hosiery,38005.0,101762.0,704768.1799999999
202206,211,Antifibrinolytic drugs and haemostatics,44600.0,2785103.0,284397.10000000003
202206,2112,Peak Flow Meters,35620.0,35770.0,197854.08
202206,2113,Catheter Maintenance Products,18726.0,10621220.0,631013.87
202206,2114,Lubricant Gels,24746.0,1737208.5,92036.9
202206,2116,Irrigation Solutions,36785.0,972960.0,264508.45
202206,2118,Vacuum Pumps for Erectile Dysfunction,1231.0,2579.0,141380.55
202206,2119,Oral Film Forming Agents,1194.0,99817.0,55331.25
202206,212,Lipid-regulating drugs,6816733.0,223816822.0,11325890.17
202206,2120,Venous Ulcer Compression System,7923.0,27752.0,360455.51
202206,2121,Dry Mouth Products,40614.0,4292741.0,282724.91000000003
202206,2122,Emollients,778357.0,408028234.0,4555806.88
202206,2123,Vaginal Moisturisers,24646.0,998408.0,221796.89
202206,2124,Nasal Products,29291.0,1911350.0,102162.06
202206,2125,Vaginal Dilators,255.0,262.0,7817.549999999999
202206,2127,Lymphoedema Garments,38445.0,99588.0,2523131.76
202206,2128,Anal Irrigation System,14264.0,50856.0,2438128.73
202206,2129,Pressure Offloading Device,2828.0,4775.0,108898.74
202206,213,Local sclerosants,1.0,1.0,6.73
202206,2130,Eye Products,623441.0,9346301.0,4817218.83
202206,2131,Cycloidal Vibration Accessories,3.0,232.0,1160.0
202206,2132,Inhalation Solutions,6402.0,420844.0,163518.62
202206,2133,Indwelling Pleural Cath Drain System,892.0,8326.0,226896.16
202206,2134,Vaginal PH Correction Products,659.0,9756.0,6414.0
202206,2135,Acne Treatment,3.0,100.0,52.0
202206,2136,Adhesive Dressing Remover Ster Silicone,859.0,62666.0,24178.18
202206,2137,Pelvic Toning Devices,29.0,29.0,435.0
202206,2138,Low Friction Products,2422.0,5612.0,56194.95
202206,2139,Prosthetic Adhesives,10.0,135.0,96.97
202206,2140,Bacterial Decolonisation Products,168.0,20102.0,786.6
202206,2141,Physical Debridement Device,6175.0,73286.0,366918.02
202206,2142,Jaw Rehabilitation Device,84.0,417.0,5796.360000000001
202206,2143,Micro-Enema - Sodium Citrate,172.0,3480.0,1510.9299999999998
202206,2146,Hernia Support Garments,85.0,124.0,4575.6
202206,2147,Dev For Fungal Nail Infections,79.0,276.0,1666.57
202206,2148,Detection Sensor Interstitial Fluid/Gluc,148100.0,333875.0,11685478.55
202206,2149,Pulsed Electromagnetic Stimulator,47.0,67.0,934.65
202206,2202,Anal Plugs,842.0,31284.0,74960.8
202206,2205,Catheter Valves,11176.0,80434.0,203590.26
202206,2215,Faecal Collectors,237.0,4610.0,10870.32
202206,2230,Incontinence Sheaths,13801.0,550298.0,974315.38
202206,2240,Incontinence Sheath Fixing Strips & Adh,1809.0,54200.0,33717.4
202206,2250,Leg Bags,58821.0,705039.0,2020263.14
202206,2260,Night Drainage Bags,84163.0,2179380.0,1266444.74
202206,2270,Suspensory Systems,1373.0,10436.0,67549.01999999999
202206,2280,Tubing And Accessories,28707.0,193742.0,421466.52
202206,2285,Insert For Female Stress Incont,344.0,619.0,21761.0
202206,2290,Urinal Systems,1215.0,8661.0,58104.59
202206,2305,Adhesive Discs/Rings/Pads/Plasters,22874.0,1588843.0,995038.13
202206,2310,Adhesive (Pastes/Sprays/Solutions),51.0,4824.0,887.71
202206,2315,Adhesive Removers (Sprays/Liquids/Wipes),93409.0,12492498.0,1975414.02
202206,2320,Bag Closures,376.0,16584.0,4776.68
202206,2325,Bag Covers,440.0,1432.0,12884.86
202206,2330,Belts,8655.0,12901.0,438251.68
202206,2335,Colostomy Bags,37679.0,2682552.0,8445446.120000001
202206,2345,Deodorants,7543.0,1451397.0,98825.41
202206,2346,Discharge Solidifying Agents,2544.0,505735.0,150438.2
202206,2350,Filters/Bridges,293.0,17130.0,15709.35
202206,2355,Flanges,15.0,87.0,1376.9299999999998
202206,2360,Ileostomy Bags,60314.0,2385782.0,9652535.73
202206,2370,Irrigation Washout Appliances,3068.0,69798.0,111952.21
202206,2375,Pressure Plates/Shields,102.0,333.0,2602.75
202206,2380,Skin Fillers And Protectives,274537.0,29745157.0,3178685.82
202206,2385,Skin Protectors,21399.0,876716.0,1749869.73
202206,2390,Stoma Caps/Dressings,1404.0,67010.0,94314.23
202206,2392,Tubing & Accessories,349.0,6158.0,15447.37
202206,2394,Two Piece Ostomy Systems,20959.0,822147.0,2085909.38
202206,2396,Urostomy Bags,12395.0,373841.0,2281980.49
202206,301,Bronchodilators,2523096.0,14378203.0,28962629.27
202206,302,Corticosteroids (respiratory),1826759.0,2342276.0,51879216.690000005
202206,303,"Cromoglycate, leukotriene and phosphodesterase type-4 inhib",350847.0,10779653.0,559974.95
202206,304,"Antihistamines, hyposensitisation and allergic emergencies",1471607.0,76760735.0,10083423.11
202206,307,Mucolytics,268015.0,35659909.0,1340594.19
202206,308,Aromatic inhalations,3.0,250.0,4.300000000000001
202206,309,Cough preparations,13671.0,3639897.0,49722.75
202206,310,Systemic nasal decongestants,1556.0,145819.0,12805.06
202206,401,Hypnotics and anxiolytics,1140581.0,34035361.0,8705731.07
202206,402,Drugs used in psychoses and related disorders,1100581.0,38456215.0,10127998.57
202206,403,Antidepressant drugs,7058061.0,261530314.0,16411279.6
202206,404,CNS stimulants and drugs used for ADHD,206560.0,8093209.0,8256652.8
202206,405,Drugs used in the treatment of obesity,32207.0,2946388.0,917088.94
202206,406,Drugs used in nausea and vertigo,509204.0,31428061.0,2806255.6
202206,407,Analgesics,4989071.0,548234455.8,33377592.34
202206,408,Antiepileptic drugs,2594081.0,212021571.0,26180694.19
202206,409,Drugs used in parkinsonism and related disorders,437259.0,30960747.0,7590307.98
202206,410,Drugs used in substance dependence,306129.0,119055965.1,4721067.62
202206,411,Drugs for dementia,344222.0,8678682.0,2110331.33
202206,501,Antibacterial drugs,2741757.0,112836621.5,13307190.83
202206,502,Antifungal drugs,130291.0,3780106.0,572516.03
202206,503,Antiviral drugs,95769.0,4848879.0,1136389.41
202206,504,Antiprotozoal drugs,199456.0,5530225.0,714086.5599999999
202206,505,Anthelmintics,5722.0,117438.0,34275.12
202206,601,Drugs used in diabetes,5188961.0,309183960.0,109966472.51
202206,602,Thyroid and antithyroid drugs,2826403.0,102887548.0,5877824.76
202206,603,Corticosteroids (endocrine),643359.0,32531556.0,2796274.07
202206,604,Sex Hormones,1072778.0,56152370.5,12044568.51
202206,605,"Hypothalamic and pituitary hormones and anti, oestrogens",29172.0,1336872.5,3620558.74
202206,606,Drugs affecting bone metabolism,504112.0,2574530.0,4403071.109999999
202206,607,Other endocrine drugs,7770.0,149605.0,563640.52
202206,701,Drugs used in obstetrics,2.0,2.0,41.0
202206,702,Treatment of vaginal and vulval conditions,263077.0,4887345.5,3355623.86
202206,703,Contraceptives,616040.0,55081002.0,5250923.79
202206,704,Drugs for genito-urinary disorders,1795366.0,53758085.0,12277357.33
202206,801,Cytotoxic drugs,16280.0,699739.0,492492.32
202206,802,Drugs affecting the immune response,94934.0,7084769.0,2435924.12
202206,803,Sex hormones and hormone antagonists in malignant disease,264546.0,7463888.0,10725200.33
202206,901,Anaemias and some other blood disorders,1833019.0,81119694.0,5668185.55
202206,902,Fluids and electrolytes,99032.0,7416025.0,1100681.21
202206,904,Oral nutrition,479706.0,2387789160.0,37328288.07
202206,905,Minerals,182486.0,30754123.0,3620133.87
202206,906,Vitamins,2678571.0,121632113.5,12110667.11
202206,908,Metabolic disorders,349.0,132469.0,252828.72
202206,909,Foods,17313.0,87557467.0,2048857.35
202206,910,Compound vitamin and mineral formulations,11053.0,403712.0,75070.19
202206,911,Health supplements,5039.0,335468.0,336575.48
202206,912,Other health supplements,10806.0,406214.0,45510.09
202207,1001,Drugs used in rheumatic diseases and gout,1829404.0,83448388.0,7039475.09
202207,1002,Drugs used in neuromuscular disorders,135203.0,22443611.0,1083000.23
202207,1003,Drugs for soft-tissue disorders and topical pain relief,561460.0,60213208.0,3045849.8
202207,101,Dyspepsia and gastro-oesophageal reflux disease,347212.0,176872925.0,2179137.26
202207,102,Antispasmodics and other drugs altering gut motility,394182.0,33389173.0,4921715.3100000005
202207,103,Antisecretory drugs and mucosal protectants,6100483.0,220724128.0,17234522.66
202207,104,Acute diarrhoea,139435.0,12841697.0,676936.14
202207,105,Chronic bowel disorders,215069.0,26260622.0,13222876.71
202207,106,Laxatives,1555500.0,198066839.0,9919433.49
202207,107,Local preparations for anal and rectal disorders,104465.0,2776925.0,699016.98
202207,109,Drugs affecting intestinal secretions,83892.0,18594882.0,4708841.34
202207,1103,Anti-infective eye preparations,100455.0,889748.5,950753.01
202207,1104,Corticosteroids and other anti-inflammatory preparations,193479.0,3107294.0,2076115.95
202207,1105,Mydriatics and cycloplegics,6997.0,147833.0,638679.12
202207,1106,Treatment of glaucoma,792592.0,12215180.0,7911065.31
202207,1107,Local anaesthetics,27.0,702.0,393.85
202207,1108,Miscellaneous ophthalmic preparations,157086.0,5252105.5,1584418.34
202207,1201,Drugs acting on the ear,149362.0,922712.0,746371.6799999999
202207,1202,Drugs acting on the nose,717888.0,3356830.0,5231522.93
202207,1203,Drugs acting on the oropharynx,94024.0,17031382.6,535432.14
202207,1301,Management of skin conditions,3809.0,2145810.0,14515.88
202207,1302,Emollient and barrier preparations,516356.0,267608942.0,3910586.8
202207,1303,Topical local anaesthetics and antipruritics,23025.0,6380573.0,229135.3
202207,1304,Topical corticosteroids,900475.0,47576831.0,4964121.0600000005
202207,1305,Preparations for eczema and psoriasis,138200.0,11929078.0,5735100.65
202207,1306,Acne and rosacea,132867.0,6325163.0,2344456.63
202207,1307,Preparations for warts and calluses,10425.0,140881.0,209944.27
202207,1308,Sunscreens and camouflagers,39419.0,2562057.41,1287857.5
202207,1309,Shampoos and other preparations for scalp and hair conditions,103065.0,20539570.0,845523.51
202207,1310,Anti-infective skin preparations,248176.0,7565225.0,1268959.01
202207,1311,"Skin cleansers,antiseptics and desloughing agents",18301.0,8702121.0,157410.08000000002
202207,1312,Antiperspirants,4186.0,246563.0,31123.82
202207,1313,Wound management products,1946.0,19961.0,70046.67
202207,1314,Topical circulatory preparations,7283.0,459668.0,36684.15
202207,1315,Miscellaneous topical preparations,154.0,26690.0,10649.77
202207,1404,Vaccines and antisera,163394.0,164439.0,2155625.02
202207,1405,Immunoglobulins,5.0,7.0,1468.0
202207,1501,General anaesthesia,30575.0,8675647.5,295459.22
202207,1502,Local anaesthesia,103154.0,1703128.5,1541284.71
202207,1803,X-Ray contrast media,8.0,4700.0,822.5
202207,1902,Selective preparations,53831.0,11855267.0,623622.83
202207,1904,Single substances,139.0,123076.0,7488.580000000001
202207,1905,Other preparations,791.0,43092.0,10596.62
202207,1906,Acids,419.0,135900.0,9613.51
202207,1907,"Base,diluent, suspending agents and stabilisers",42384.0,28699734.0,1467055.31
202207,1908,"Colouring,flavouring and sweetening agents",4.0,500.0,70.24
202207,1909,"Disinfectants, preservatives and sterilising agents",1.0,500.0,7.42
202207,1913,Cordials and soft drinks,78.0,522006.0,3770.92
202207,1914,Waters,930.0,8811776.0,8327.28
202207,2001,Absorbent Cottons,105.0,73325.0,887.8599999999999
202207,2002,Arm Sling/Bandages,42670.0,599662.0,1087683.89
202207,2003,Wound Management & Other Dressings,318226.0,5677642.3,10400687.64
202207,2004,Gauzes & Gauze Tissue,7147.0,336413.0,198136.86
202207,2005,Tracheostomy & Laryngectomy Appliances,14995.0,768252.0,1342921.5
202207,2006,Foam,5.0,5.0,26.7
202207,2007,Lints,22.0,30150.0,806.07
202207,2009,Stockinette,40367.0,355783.5,523239.13
202207,201,Positive inotropic drugs,213293.0,5652871.0,250320.83
202207,2010,Surgical Adhesive Tape,19791.0,274319.5,83678.43
202207,2011,Surgical Sutures,5341.0,7267.0,14391.72
202207,2012,Swabs,23210.0,4370083.0,89757.44
202207,2014,"Skin Closure Strips, Sterile",4251.0,22017.0,5326.57
202207,2015,"Skin Adhesive, Sterile",68.0,47.0,600.18
202207,2017,Cervical Collar,11.0,12.0,29.52
202207,202,Diuretics,2480617.0,83307591.0,4317768.34
202207,2020,Silk Garments,641.0,2408.0,42761.64
202207,203,Anti-arrhythmic drugs,76930.0,4116722.0,578468.16
202207,204,Beta-adrenoceptor blocking drugs,3422161.0,130350033.0,5103671.699999999
202207,205,Hypertension and heart failure,6169708.0,228196652.0,20368969.19
202207,206,"Nitrates, calcium-channel blockers & other antianginal drugs",4509159.0,159498007.0,15043961.79
202207,207,Sympathomimetics,14689.0,1136748.0,449924.38
202207,208,Anticoagulants and protamine,1682265.0,75018725.0,70922241.97
202207,209,Antiplatelet drugs,2650538.0,81073078.0,5474502.55
202207,2101,Other Appliances,871225.0,76100621.0,5033896.09
202207,2102,Catheters,113852.0,7908646.0,14922137.79
202207,2103,Chiropody Appliances,178.0,2376.0,1786.5100000000002
202207,2104,Contraceptive Devices,2978.0,3019.0,34840.11
202207,2106,Trusses,125.0,129.0,4124.82
202207,2107,Elastic Hosiery,38818.0,103159.0,718349.2
202207,211,Antifibrinolytic drugs and haemostatics,45428.0,2848962.0,297595.69
202207,2112,Peak Flow Meters,32930.0,33058.0,184549.47
202207,2113,Catheter Maintenance Products,17968.0,10441540.0,637167.0
202207,2114,Lubricant Gels,25141.0,1718698.5,91383.17
202207,2116,Irrigation Solutions,37185.0,1165272.0,269592.65
202207,2118,Vacuum Pumps for Erectile Dysfunction,1334.0,2795.0,151547.16999999998
202207,2119,Oral Film Forming Agents,1161.0,94320.0,56692.52
202207,212,Lipid-regulating drugs,6838015.0,224969572.0,11216466.06
202207,2120,Venous Ulcer Compression System,8282.0,28262.0,425966.77
202207,2121,Dry Mouth Products,41393.0,4306760.0,287670.16
202207,2122,Emollients,755165.0,396392362.0,4543828.859999999
202207,2123,Vaginal Moisturisers,24611.0,997205.0,221810.06
202207,2124,Nasal Products,28653.0,1913991.0,104272.47
202207,2125,Vaginal Dilators,213.0,217.0,6561.62
202207,2127,Lymphoedema Garments,41080.0,107438.0,2698743.68
202207,2128,Anal Irrigation System,15709.0,57051.0,2732877.78
202207,2129,Pressure Offloading Device,2660.0,4434.0,101641.76
202207,2130,Eye Products,645004.0,9665375.0,4911710.65
202207,2131,Cycloidal Vibration Accessories,3.0,256.0,1280.0
202207,2132,Inhalation Solutions,6541.0,435785.0,167914.4
202207,2133,Indwelling Pleural Cath Drain System,901.0,8404.0,230028.69
202207,2134,Vaginal PH Correction Products,670.0,10095.0,6603.75
202207,2135,Acne Treatment,7.0,250.0,102.0
202207,2136,Adhesive Dressing Remover Ster Silicone,959.0,73357.0,27880.160000000003
202207,2137,Pelvic Toning Devices,38.0,41.0,615.0
202207,2138,Low Friction Products,2211.0,5151.0,53561.02
202207,2139,Prosthetic Adhesives,10.0,165.0,117.95
202207,2140,Bacterial Decolonisation Products,152.0,21886.0,768.74
202207,2141,Physical Debridement Device,6077.0,72749.0,372014.11
202207,2142,Jaw Rehabilitation Device,68.0,355.0,4695.889999999999
202207,2143,Micro-Enema - Sodium Citrate,134.0,2255.0,979.03
202207,2146,Hernia Support Garments,80.0,125.0,4612.5
202207,2147,Dev For Fungal Nail Infections,68.0,205.0,1417.9
202207,2148,Detection Sensor Interstitial Fluid/Gluc,156074.0,352981.0,12354178.45
202207,2149,Pulsed Electromagnetic Stimulator,39.0,52.0,725.4
202207,2202,Anal Plugs,876.0,33562.0,80276.06999999999
202207,2205,Catheter Valves,11178.0,81296.0,203324.02
202207,2210,Drainable Dribbling Appliances,2.0,7.0,344.44
202207,2215,Faecal Collectors,278.0,5715.0,13771.27
202207,2230,Incontinence Sheaths,13333.0,529613.0,942213.41
202207,2240,Incontinence Sheath Fixing Strips & Adh,1671.0,49287.0,31921.12
202207,2250,Leg Bags,59797.0,720476.0,2063713.26
202207,2260,Night Drainage Bags,85509.0,2203647.0,1291579.52
202207,2270,Suspensory Systems,1401.0,10840.0,72814.04000000001
202207,2280,Tubing And Accessories,28182.0,193087.0,416131.32
202207,2285,Insert For Female Stress Incont,397.0,649.0,22711.24
202207,2290,Urinal Systems,1266.0,10693.0,59923.45999999999
202207,2305,Adhesive Discs/Rings/Pads/Plasters,23815.0,1628355.0,1038324.33
202207,2310,Adhesive (Pastes/Sprays/Solutions),63.0,6560.0,1329.1999999999998
202207,2315,Adhesive Removers (Sprays/Liquids/Wipes),97385.0,12977797.0,2054604.38
202207,2320,Bag Closures,370.0,17163.0,4667.49
202207,2325,Bag Covers,449.0,1518.0,13549.92
202207,2330,Belts,9189.0,13207.0,465216.82
202207,2335,Colostomy Bags,38880.0,2759078.0,8711414.37
202207,2345,Deodorants,7959.0,1541136.0,103395.03
202207,2346,Discharge Solidifying Agents,2647.0,520852.0,152680.19
202207,2350,Filters/Bridges,275.0,15715.0,13983.48
202207,2355,Flanges,22.0,137.0,2400.65
202207,2360,Ileostomy Bags,63244.0,2493772.0,10131379.82
202207,2370,Irrigation Washout Appliances,3167.0,71102.0,121832.18
202207,2375,Pressure Plates/Shields,131.0,507.0,4210.6
202207,2380,Skin Fillers And Protectives,277173.0,29895316.8,3256871.27
202207,2385,Skin Protectors,22407.0,916891.0,1834125.99
202207,2390,Stoma Caps/Dressings,1475.0,70086.0,98721.09
202207,2392,Tubing & Accessories,357.0,6223.0,15636.03
202207,2394,Two Piece Ostomy Systems,21917.0,845356.0,2168121.95
202207,2396,Urostomy Bags,12961.0,385515.0,2353853.48
202207,301,Bronchodilators,2509011.0,14371577.0,29099291.03
202207,302,Corticosteroids (respiratory),1829745.0,2359344.0,52385106.33
202207,303,"Cromoglycate, leukotriene and phosphodesterase type-4 inhib",352287.0,10832967.0,528422.8500000001
202207,304,"Antihistamines, hyposensitisation and allergic emergencies",1354144.0,69266597.0,9674600.61
202207,307,Mucolytics,269904.0,35798071.0,1346971.8
202207,308,Aromatic inhalations,2.0,150.0,3.98
202207,309,Cough preparations,13823.0,3706280.0,31365.31
202207,310,Systemic nasal decongestants,1430.0,135628.0,11057.67
202207,311,Antifibrotics,3.0,154.0,3480.02
202207,401,Hypnotics and anxiolytics,1118946.0,33568955.0,9858871.27
202207,402,Drugs used in psychoses and related disorders,1092601.0,38163123.0,10861390.09
202207,403,Antidepressant drugs,7014527.0,260818063.0,21726357.22
202207,404,CNS stimulants and drugs used for ADHD,201557.0,7909456.0,8149332.92
202207,405,Drugs used in the treatment of obesity,32034.0,2935158.0,978369.15
202207,406,Drugs used in nausea and vertigo,511079.0,31336396.0,2734567.59
202207,407,Analgesics,4933347.0,542891238.0,33027039.99
202207,408,Antiepileptic drugs,2576557.0,210738251.0,26028514.28
202207,409,Drugs used in parkinsonism and related disorders,436398.0,30977715.0,7725940.25
202207,410,Drugs used in substance dependence,300661.0,116972744.6,4566367.06
202207,411,Drugs for dementia,345150.0,8671425.0,2056379.68
202207,501,Antibacterial drugs,2786861.0,117668437.0,14501344.29
202207,502,Antifungal drugs,134520.0,3925532.0,603329.23
202207,503,Antiviral drugs,96137.0,4875509.0,1188047.69
202207,504,Antiprotozoal drugs,199100.0,5531876.0,724591.57
202207,505,Anthelmintics,5828.0,121595.0,45910.55
202207,601,Drugs used in diabetes,5204498.0,308751241.0,110506122.54
202207,602,Thyroid and antithyroid drugs,2833126.0,103464481.0,5726513.26
202207,603,Corticosteroids (endocrine),633699.0,32186290.0,2642099.65
202207,604,Sex Hormones,1124113.0,62648767.5,13145954.53
202207,605,"Hypothalamic and pituitary hormones and anti, oestrogens",29407.0,1367117.5,3635500.67
202207,606,Drugs affecting bone metabolism,502892.0,2600977.0,8467107.1
202207,607,Other endocrine drugs,7915.0,145629.0,555493.72
202207,702,Treatment of vaginal and vulval conditions,265563.0,4946124.0,3416629.11
202207,703,Contraceptives,619447.0,55701783.0,5340855.8
202207,704,Drugs for genito-urinary disorders,1789192.0,53517433.0,11919713.08
202207,801,Cytotoxic drugs,16409.0,704300.0,481559.33
202207,802,Drugs affecting the immune response,95682.0,7151938.0,2455776.22
202207,803,Sex hormones and hormone antagonists in malignant disease,266585.0,7546765.0,10791188.65
202207,901,Anaemias and some other blood disorders,1868107.0,82174387.0,6029216.9
202207,902,Fluids and electrolytes,103475.0,7490880.0,1084631.25
202207,903,Intravenous nutrition,1.0,20.0,55.0
202207,904,Oral nutrition,485287.0,2402925475.0,37552528.47
202207,905,Minerals,180602.0,30233576.0,3631943.14
202207,906,Vitamins,2659142.0,120819632.4,11752234.08
202207,908,Metabolic disorders,366.0,130870.0,251367.72000000003
202207,909,Foods,16847.0,88148938.5,2038946.05
202207,910,Compound vitamin and mineral formulations,11180.0,406311.0,75756.23999999999
202207,911,Health supplements,4888.0,327806.0,328801.88
202207,912,Other health supplements,11225.0,410527.0,48149.63
202208,1001,Drugs used in rheumatic diseases and gout,1873085.0,85136986.0,7135947.85
202208,1002,Drugs used in neuromuscular disorders,139359.0,22928439.0,1236841.61
202208,1003,Drugs for soft-tissue disorders and topical pain relief,573873.0,61778785.0,3068919.6300000004
202208,101,Dyspepsia and gastro-oesophageal reflux disease,354544.0,181295682.0,2191137.79
202208,102,Antispasmodics and other drugs altering gut motility,385684.0,32079970.0,5281161.359999999
202208,103,Antisecretory drugs and mucosal protectants,6302815.0,227441934.0,17493142.52
202208,104,Acute diarrhoea,144127.0,13138582.0,681184.5
202208,105,Chronic bowel disorders,220551.0,26953163.0,13250654.55
202208,106,Laxatives,1594749.0,202635057.0,10249697.53
202208,107,Local preparations for anal and rectal disorders,103948.0,2779118.0,702500.0800000001
202208,109,Drugs affecting intestinal secretions,86659.0,19017697.0,4823420.79
202208,1103,Anti-infective eye preparations,93778.0,841302.0,973237.28
202208,1104,Corticosteroids and other anti-inflammatory preparations,171367.0,2836026.5,1993833.85
202208,1105,Mydriatics and cycloplegics,6984.0,157007.0,679081.89
202208,1106,Treatment of glaucoma,823806.0,12639496.5,8169063.859999999
202208,1107,Local anaesthetics,39.0,921.0,520.84
202208,1108,Miscellaneous ophthalmic preparations,159841.0,5267241.5,1600965.44
202208,1201,Drugs acting on the ear,169889.0,1045830.5,840872.05
202208,1202,Drugs acting on the nose,660450.0,3178812.0,4887966.91
202208,1203,Drugs acting on the oropharynx,85322.0,16999419.7,492534.93
202208,1301,Management of skin conditions,3667.0,2078030.0,12965.42
202208,1302,Emollient and barrier preparations,507429.0,262527118.0,3858066.14
202208,1303,Topical local anaesthetics and antipruritics,25059.0,6796324.0,256878.88
202208,1304,Topical corticosteroids,878160.0,47041996.0,4945965.76
202208,1305,Preparations for eczema and psoriasis,136168.0,11702599.0,5678405.859999999
202208,1306,Acne and rosacea,135369.0,6416051.0,2353603.58
202208,1307,Preparations for warts and calluses,10864.0,149974.5,200103.06
202208,1308,Sunscreens and camouflagers,38765.0,2437102.0,1277123.29
202208,1309,Shampoos and other preparations for scalp and hair conditions,103647.0,20484513.0,852623.1799999999
202208,1310,Anti-infective skin preparations,246436.0,7575534.5,1292556.35
202208,1311,"Skin cleansers,antiseptics and desloughing agents",15719.0,7174542.0,142518.85
202208,1312,Antiperspirants,4355.0,264563.0,29311.47
202208,1313,Wound management products,1828.0,17649.0,61242.03
202208,1314,Topical circulatory preparations,7543.0,475650.0,37956.87
202208,1315,Miscellaneous topical preparations,152.0,23432.0,14723.34
202208,1404,Vaccines and antisera,105522.0,106872.0,1494965.68
202208,1405,Immunoglobulins,1.0,2.0,500.0
202208,1501,General anaesthesia,30601.0,277363.0,306133.22
202208,1502,Local anaesthesia,95628.0,1692605.0,1548683.7999999998
202208,1803,X-Ray contrast media,9.0,6600.0,1155.0
202208,1902,Selective preparations,56514.0,11744647.0,564645.76
202208,1904,Single substances,117.0,87395.0,884.85
202208,1905,Other preparations,803.0,44493.0,10656.78
202208,1906,Acids,391.0,125693.0,10002.84
202208,1907,"Base,diluent, suspending agents and stabilisers",43429.0,29298777.0,1500403.92
202208,1908,"Colouring,flavouring and sweetening agents",4.0,400.0,63.44
202208,1913,Cordials and soft drinks,63.0,389652.0,2797.49
202208,1914,Waters,960.0,9177572.0,8835.93
202208,2001,Absorbent Cottons,96.0,63200.0,778.0899999999999
202208,2002,Arm Sling/Bandages,45318.0,625772.0,1168661.81
202208,2003,Wound Management & Other Dressings,338664.0,6024042.800000001,11059421.29
202208,2004,Gauzes & Gauze Tissue,7570.0,388016.0,213630.73
202208,2005,Tracheostomy & Laryngectomy Appliances,18638.0,955520.0,1689259.5299999998
202208,2007,Lints,11.0,12800.0,368.94
202208,2009,Stockinette,42556.0,381489.0,539866.1799999999
202208,201,Positive inotropic drugs,219819.0,5831490.0,258281.51
202208,2010,Surgical Adhesive Tape,20338.0,277543.5,86655.59
202208,2011,Surgical Sutures,4965.0,6462.0,12930.46
202208,2012,Swabs,23829.0,4452500.0,89316.9
202208,2014,"Skin Closure Strips, Sterile",3211.0,19260.0,4804.1
202208,2015,"Skin Adhesive, Sterile",62.0,51.5,589.5799999999999
202208,2017,Cervical Collar,25.0,27.0,66.42
202208,202,Diuretics,2554088.0,85640553.0,4452753.85
202208,2020,Silk Garments,566.0,2043.0,38538.56
202208,203,Anti-arrhythmic drugs,79187.0,4214512.0,572847.5599999999
202208,204,Beta-adrenoceptor blocking drugs,3537077.0,134481882.0,5600534.28
202208,205,Hypertension and heart failure,6358410.0,234706614.0,21056270.81
202208,206,"Nitrates, calcium-channel blockers & other antianginal drugs",4644676.0,164003115.0,15413416.37
202208,207,Sympathomimetics,15821.0,1209779.0,471855.71
202208,208,Anticoagulants and protamine,1745557.0,77639593.0,73924735.27
202208,209,Antiplatelet drugs,2741176.0,83708151.0,5623107.27
202208,2101,Other Appliances,878093.0,77604083.0,4993839.27
202208,2102,Catheters,106987.0,7597966.0,14225163.27
202208,2103,Chiropody Appliances,187.0,2098.0,1975.78
202208,2104,Contraceptive Devices,2669.0,2696.0,31266.27
202208,2106,Trusses,123.0,127.0,4162.47
202208,2107,Elastic Hosiery,39557.0,105227.0,736077.9299999999
202208,211,Antifibrinolytic drugs and haemostatics,44851.0,2798761.0,379559.62
202208,2112,Peak Flow Meters,30789.0,30935.0,171535.79
202208,2113,Catheter Maintenance Products,16593.0,9712610.0,594215.74
202208,2114,Lubricant Gels,23178.0,1745978.5,85895.98000000001
202208,2116,Irrigation Solutions,39462.0,1164973.0,274493.46
202208,2118,Vacuum Pumps for Erectile Dysfunction,1423.0,2891.0,162667.57
202208,2119,Oral Film Forming Agents,1170.0,93075.0,58610.87
202208,212,Lipid-regulating drugs,7099830.0,233324407.0,11791300.94
202208,2120,Venous Ulcer Compression System,8638.0,29648.0,466701.21
202208,2121,Dry Mouth Products,42489.0,4454132.0,296152.37
202208,2122,Emollients,752279.0,394121731.0,4519403.38
202208,2123,Vaginal Moisturisers,25732.0,1038054.0,233551.58
202208,2124,Nasal Products,26159.0,1821813.0,96932.86
202208,2125,Vaginal Dilators,241.0,250.0,7758.58
202208,2127,Lymphoedema Garments,41912.0,109112.0,2900556.65
202208,2128,Anal Irrigation System,14444.0,49907.0,2496826.3600000003
202208,2129,Pressure Offloading Device,2809.0,4660.0,106957.81
202208,2130,Eye Products,669195.0,10000281.0,5058656.09
202208,2131,Cycloidal Vibration Accessories,1.0,60.0,300.0
202208,2132,Inhalation Solutions,6596.0,437063.0,165619.52
202208,2133,Indwelling Pleural Cath Drain System,930.0,8744.0,239000.76
202208,2134,Vaginal PH Correction Products,605.0,9641.0,6037.5
202208,2135,Acne Treatment,2.0,75.0,39.0
202208,2136,Adhesive Dressing Remover Ster Silicone,1000.0,76865.0,28245.69
202208,2137,Pelvic Toning Devices,35.0,35.0,525.0
202208,2138,Low Friction Products,2333.0,5230.0,54475.44
202208,2139,Prosthetic Adhesives,9.0,155.0,109.25
202208,2140,Bacterial Decolonisation Products,189.0,18938.0,872.94
202208,2141,Physical Debridement Device,6431.0,78817.0,393064.99
202208,2142,Jaw Rehabilitation Device,82.0,483.0,8303.02
202208,2143,Micro-Enema - Sodium Citrate,148.0,2496.0,1083.68
202208,2146,Hernia Support Garments,57.0,87.0,3263.37
202208,2147,Dev For Fungal Nail Infections,74.0,210.0,1512.7499999999998
202208,2148,Detection Sensor Interstitial Fluid/Gluc,162575.0,366753.0,12835573.1
202208,2149,Pulsed Electromagnetic Stimulator,35.0,56.0,781.2
202208,2202,Anal Plugs,809.0,29604.0,70743.17
202208,2205,Catheter Valves,10407.0,75199.0,188317.33
202208,2215,Faecal Collectors,251.0,5220.0,12475.3
202208,2220,Incontinence Belts,1.0,4.0,54.28
202208,2230,Incontinence Sheaths,11839.0,470203.0,836735.1799999999
202208,2240,Incontinence Sheath Fixing Strips & Adh,1557.0,46715.0,29885.870000000003
202208,2250,Leg Bags,53041.0,640580.0,1834091.35
202208,2260,Night Drainage Bags,76341.0,1963746.0,1154582.69
202208,2270,Suspensory Systems,1291.0,10047.0,65947.95
202208,2280,Tubing And Accessories,24058.0,165851.0,357756.53
202208,2285,Insert For Female Stress Incont,397.0,674.0,24456.2
202208,2290,Urinal Systems,1092.0,8114.0,55235.86
202208,2305,Adhesive Discs/Rings/Pads/Plasters,22829.0,1578308.0,999873.54
202208,2310,Adhesive (Pastes/Sprays/Solutions),57.0,5172.0,1004.69
202208,2315,Adhesive Removers (Sprays/Liquids/Wipes),93526.0,12487421.0,1969563.9
202208,2320,Bag Closures,371.0,18631.0,4558.4
202208,2325,Bag Covers,369.0,1246.0,11285.95
202208,2330,Belts,8649.0,12577.0,443434.77
202208,2335,Colostomy Bags,37413.0,2659464.0,8386067.59
202208,2345,Deodorants,7535.0,1442779.0,98236.15
202208,2346,Discharge Solidifying Agents,2457.0,470837.0,139902.44
202208,2350,Filters/Bridges,304.0,18832.0,15395.94
202208,2355,Flanges,17.0,91.0,1552.37
202208,2360,Ileostomy Bags,60494.0,2396201.0,9698490.61
202208,2370,Irrigation Washout Appliances,2953.0,65859.0,107147.56
202208,2375,Pressure Plates/Shields,98.0,363.0,2914.98
202208,2380,Skin Fillers And Protectives,287801.0,31218397.9,3322303.36
202208,2385,Skin Protectors,21265.0,872334.0,1741430.1700000002
202208,2390,Stoma Caps/Dressings,1467.0,70135.0,98746.78
202208,2392,Tubing & Accessories,348.0,5884.0,14525.48
202208,2394,Two Piece Ostomy Systems,21174.0,823188.0,2103071.74
202208,2396,Urostomy Bags,12514.0,374766.0,2289356.27
202208,301,Bronchodilators,2463820.0,14354118.0,29745763.99
202208,302,Corticosteroids (respiratory),1816341.0,2340076.0,52679253.99
202208,303,"Cromoglycate, leukotriene and phosphodesterase type-4 inhib",353713.0,10812747.0,529982.41
202208,304,"Antihistamines, hyposensitisation and allergic emergencies",1272052.0,61722770.0,9375017.03
202208,307,Mucolytics,280406.0,37122778.0,1416075.23
202208,308,Aromatic inhalations,1.0,250.0,5.28
202208,309,Cough preparations,12159.0,3375572.0,49124.56
202208,310,Systemic nasal decongestants,1360.0,122634.0,11091.47
202208,311,Antifibrotics,1.0,56.0,1338.47
202208,401,Hypnotics and anxiolytics,1162470.0,34399457.0,10012965.4
202208,402,Drugs used in psychoses and related disorders,1123591.0,39356914.0,13312876.69
202208,403,Antidepressant drugs,7231001.0,267766099.0,21914896.720000003
202208,404,CNS stimulants and drugs used for ADHD,193207.0,7605908.0,7799842.65
202208,405,Drugs used in the treatment of obesity,32103.0,2924870.0,975013.78
202208,406,Drugs used in nausea and vertigo,525861.0,32265650.0,2763425.7
202208,407,Analgesics,5055270.0,556993987.2,34164764.52
202208,408,Antiepileptic drugs,2655986.0,215446260.0,26515001.42
202208,409,Drugs used in parkinsonism and related disorders,452737.0,32121162.0,7931410.73
202208,410,Drugs used in substance dependence,316509.0,124182334.0,4762615.32
202208,411,Drugs for dementia,359403.0,9061272.0,2101365.21
202208,501,Antibacterial drugs,2630932.0,100223833.5,14598701.71
202208,502,Antifungal drugs,134871.0,3897825.0,584097.24
202208,503,Antiviral drugs,96843.0,4862495.0,1183071.49
202208,504,Antiprotozoal drugs,205877.0,5713491.0,1070807.79
202208,505,Anthelmintics,5542.0,113466.0,27953.68
202208,601,Drugs used in diabetes,5374081.0,317547197.0,114731668.83
202208,602,Thyroid and antithyroid drugs,2908168.0,105641133.0,5864851.819999999
202208,603,Corticosteroids (endocrine),614756.0,31963765.0,2596104.46
202208,604,Sex Hormones,1160119.0,65098077.0,14815106.44
202208,605,"Hypothalamic and pituitary hormones and anti, oestrogens",28621.0,1339573.5,3544047.46
202208,606,Drugs affecting bone metabolism,552303.0,2864412.0,9579238.46
202208,607,Other endocrine drugs,7980.0,153397.0,586293.3
202208,701,Drugs used in obstetrics,2.0,3.0,49.0
202208,702,Treatment of vaginal and vulval conditions,282336.0,5291949.0,3700265.87
202208,703,Contraceptives,616676.0,55740426.0,5323927.71
202208,704,Drugs for genito-urinary disorders,1850177.0,55103896.0,12254076.31
202208,801,Cytotoxic drugs,16675.0,716692.0,483698.17
202208,802,Drugs affecting the immune response,96654.0,7214589.0,2542230.7
202208,803,Sex hormones and hormone antagonists in malignant disease,272957.0,7764642.0,10613426.91
202208,901,Anaemias and some other blood disorders,1903990.0,82789296.0,6301341.7
202208,902,Fluids and electrolytes,103894.0,7689752.0,1144546.1
202208,904,Oral nutrition,498931.0,2494016644.5,38611401.07
202208,905,Minerals,185884.0,31293000.0,3779012.46
202208,906,Vitamins,2743346.0,125038313.6,11983279.05
202208,908,Metabolic disorders,349.0,105184.0,219184.91
202208,909,Foods,18325.0,93646501.0,2168780.22
202208,910,Compound vitamin and mineral formulations,11371.0,405948.0,74185.78
202208,911,Health supplements,4979.0,313266.0,339501.52
202208,912,Other health supplements,11137.0,416499.0,49011.96
202209,1001,Drugs used in rheumatic diseases and gout,1863181.0,84763881.0,7244042.5
202209,1002,Drugs used in neuromuscular disorders,138321.0,22827251.0,1155978.4
202209,1003,Drugs for soft-tissue disorders and topical pain relief,576180.0,61857254.0,3108500.54
202209,101,Dyspepsia and gastro-oesophageal reflux disease,355019.0,180787179.0,2196149.94
202209,102,Antispasmodics and other drugs altering gut motility,411680.0,35108106.0,5734020.36
202209,103,Antisecretory drugs and mucosal protectants,6274149.0,226874960.0,17860152.049999997
202209,104,Acute diarrhoea,142157.0,13000321.0,664328.45
202209,105,Chronic bowel disorders,216973.0,26472785.0,13406737.22
202209,106,Laxatives,1579151.0,201319258.0,10262543.79
202209,107,Local preparations for anal and rectal disorders,103714.0,2763135.0,697781.5800000001
202209,109,Drugs affecting intestinal secretions,85688.0,18993559.0,4839118.27
202209,1103,Anti-infective eye preparations,84039.0,763869.5,875487.05
202209,1104,Corticosteroids and other anti-inflammatory preparations,154329.0,2600017.5,1866723.1
202209,1105,Mydriatics and cycloplegics,6955.0,154880.0,694297.3200000001
202209,1106,Treatment of glaucoma,810464.0,12579047.5,8142312.79
202209,1107,Local anaesthetics,43.0,1151.0,712.48
202209,1108,Miscellaneous ophthalmic preparations,156606.0,5260635.0,1654695.03
202209,1201,Drugs acting on the ear,158353.0,980114.0,793546.11
202209,1202,Drugs acting on the nose,630853.0,3042892.0,4704881.37
202209,1203,Drugs acting on the oropharynx,86429.0,16974454.7,480451.56
202209,1301,Management of skin conditions,3655.0,2046290.0,12699.97
202209,1302,Emollient and barrier preparations,500033.0,259139525.0,3793365.19
202209,1303,Topical local anaesthetics and antipruritics,23039.0,6274083.0,236352.05
202209,1304,Topical corticosteroids,829641.0,45126834.0,4767351.92
202209,1305,Preparations for eczema and psoriasis,132609.0,11409007.0,5483991.97
202209,1306,Acne and rosacea,137129.0,6469396.0,2388420.69
202209,1307,Preparations for warts and calluses,10260.0,140403.5,168227.26
202209,1308,Sunscreens and camouflagers,36797.0,2133843.41,1238328.44
202209,1309,Shampoos and other preparations for scalp and hair conditions,104693.0,20670678.0,857315.36
202209,1310,Anti-infective skin preparations,243007.0,7532850.5,1290448.1
202209,1311,"Skin cleansers,antiseptics and desloughing agents",13677.0,6197223.0,129922.22
202209,1312,Antiperspirants,4522.0,253580.0,32177.14
202209,1313,Wound management products,1574.0,16267.0,56446.49
202209,1314,Topical circulatory preparations,6937.0,438768.0,35016.33
202209,1315,Miscellaneous topical preparations,128.0,21500.0,13291.0
202209,1404,Vaccines and antisera,1262020.0,1263414.0,16219268.0
202209,1405,Immunoglobulins,3.0,3.0,638.0
202209,1501,General anaesthesia,30525.0,2073610.0,295376.69
202209,1502,Local anaesthesia,102240.0,1702601.5,1537360.67
202209,1803,X-Ray contrast media,3.0,3100.0,542.5
202209,1902,Selective preparations,85679.0,13232426.0,659263.79
202209,1904,Single substances,145.0,123110.0,1175.59
202209,1905,Other preparations,808.0,44075.0,10776.59
202209,1906,Acids,399.0,143829.0,9446.1
202209,1907,"Base,diluent, suspending agents and stabilisers",42097.0,28387634.0,1462538.92
202209,1908,"Colouring,flavouring and sweetening agents",14.0,1900.0,627.81
202209,1913,Cordials and soft drinks,74.0,458964.0,3317.48
202209,1914,Waters,866.0,8796131.0,8471.15
202209,2001,Absorbent Cottons,111.0,73000.0,866.87
202209,2002,Arm Sling/Bandages,43905.0,615004.0,1147870.03
202209,2003,Wound Management & Other Dressings,317658.0,5737703.5,10623256.9
202209,2004,Gauzes & Gauze Tissue,7192.0,367834.0,204463.2
202209,2005,Tracheostomy & Laryngectomy Appliances,16819.0,860320.0,1503574.88
202209,2006,Foam,1.0,1.0,5.34
202209,2007,Lints,15.0,12625.0,339.24
202209,2009,Stockinette,40538.0,364041.0,535773.5700000001
202209,201,Positive inotropic drugs,216146.0,5742347.0,281158.99
202209,2010,Surgical Adhesive Tape,19943.0,277166.5,85348.91
202209,2011,Surgical Sutures,5876.0,7917.0,15222.4
202209,2012,Swabs,22908.0,4341408.0,89045.37
202209,2014,"Skin Closure Strips, Sterile",4780.0,37680.0,9456.490000000002
202209,2015,"Skin Adhesive, Sterile",44.0,33.5,375.24
202209,2017,Cervical Collar,17.0,18.0,44.28
202209,202,Diuretics,2490111.0,83634162.0,4383944.97
202209,2020,Silk Garments,567.0,2052.0,39397.65
202209,203,Anti-arrhythmic drugs,77724.0,4138399.0,523947.06
202209,204,Beta-adrenoceptor blocking drugs,3501101.0,133580208.0,5683725.35
202209,205,Hypertension and heart failure,6285173.0,232562523.0,21091752.9
202209,206,"Nitrates, calcium-channel blockers & other antianginal drugs",4596089.0,162689932.0,15380656.75
202209,207,Sympathomimetics,15658.0,1199926.0,471342.58
202209,208,Anticoagulants and protamine,1720297.0,76432014.0,73145034.83
202209,209,Antiplatelet drugs,2698416.0,82592235.0,5529680.39
202209,2101,Other Appliances,883801.0,76628754.0,5109855.23
202209,2102,Catheters,118906.0,8342490.0,15707947.4
202209,2103,Chiropody Appliances,196.0,3348.0,3476.4300000000003
202209,2104,Contraceptive Devices,2934.0,2978.0,34204.090000000004
202209,2106,Trusses,112.0,116.0,3878.44
202209,2107,Elastic Hosiery,37495.0,100353.0,700625.58
202209,211,Antifibrinolytic drugs and haemostatics,46076.0,2879086.0,350693.68999999994
202209,2112,Peak Flow Meters,31688.0,31762.0,175116.13999999998
202209,2113,Catheter Maintenance Products,17820.0,10447460.0,623768.3
202209,2114,Lubricant Gels,25963.0,1760953.5,92342.52
202209,2116,Irrigation Solutions,36766.0,1100329.0,267944.63
202209,2118,Vacuum Pumps for Erectile Dysfunction,1497.0,3199.0,167371.89
202209,2119,Oral Film Forming Agents,1149.0,77478.0,56458.490000000005
202209,212,Lipid-regulating drugs,7041239.0,232001352.0,11891814.55
202209,2120,Venous Ulcer Compression System,7873.0,27536.0,376255.76
202209,2121,Dry Mouth Products,40489.0,4266076.0,280747.8
202209,2122,Emollients,731076.0,383126395.0,4397312.42
202209,2123,Vaginal Moisturisers,24953.0,1008355.0,223149.65
202209,2124,Nasal Products,27268.0,1787547.0,95625.74
202209,2125,Vaginal Dilators,231.0,237.0,7070.099999999999
202209,2127,Lymphoedema Garments,38379.0,100194.0,2603518.48
202209,2128,Anal Irrigation System,16158.0,56531.0,2807700.71
202209,2129,Pressure Offloading Device,2541.0,4132.0,98502.19
202209,2130,Eye Products,663807.0,9888436.0,4973099.92
202209,2131,Cycloidal Vibration Accessories,3.0,232.0,1160.0
202209,2132,Inhalation Solutions,6516.0,433318.0,165433.94
202209,2133,Indwelling Pleural Cath Drain System,894.0,8527.0,233979.67
202209,2134,Vaginal PH Correction Products,622.0,9895.0,6099.0
202209,2135,Acne Treatment,5.0,150.0,64.0
202209,2136,Adhesive Dressing Remover Ster Silicone,991.0,71959.0,27616.01
202209,2137,Pelvic Toning Devices,36.0,36.0,538.95
202209,2138,Low Friction Products,2120.0,5076.0,52001.75
202209,2139,Prosthetic Adhesives,5.0,75.0,55.92
202209,2140,Bacterial Decolonisation Products,165.0,15736.0,809.33
202209,2141,Physical Debridement Device,5937.0,73134.0,365857.71
202209,2142,Jaw Rehabilitation Device,79.0,383.0,5470.41
202209,2143,Micro-Enema - Sodium Citrate,148.0,2538.0,1101.91
202209,2146,Hernia Support Garments,72.0,109.0,4088.59
202209,2147,Dev For Fungal Nail Infections,60.0,174.0,1378.93
202209,2148,Detection Sensor Interstitial Fluid/Gluc,161882.0,365270.0,12779193.25
202209,2149,Pulsed Electromagnetic Stimulator,37.0,54.0,753.3
202209,2202,Anal Plugs,1029.0,38021.0,91290.34
202209,2205,Catheter Valves,11925.0,84223.0,205891.31
202209,2215,Faecal Collectors,267.0,5496.0,13318.38
202209,2220,Incontinence Belts,1.0,1.0,13.57
202209,2230,Incontinence Sheaths,12558.0,499665.0,884100.5
202209,2240,Incontinence Sheath Fixing Strips & Adh,1754.0,50882.0,32811.73
202209,2250,Leg Bags,62313.0,745050.0,2129585.56
202209,2260,Night Drainage Bags,89283.0,2279349.0,1334702.66
202209,2270,Suspensory Systems,1291.0,9828.0,68620.47
202209,2280,Tubing And Accessories,29927.0,208196.0,442532.17
202209,2285,Insert For Female Stress Incont,430.0,899.0,33628.41
202209,2290,Urinal Systems,1180.0,9230.0,59045.52
202209,2305,Adhesive Discs/Rings/Pads/Plasters,24266.0,1667401.0,1059510.81
202209,2310,Adhesive (Pastes/Sprays/Solutions),59.0,4602.0,1138.79
202209,2315,Adhesive Removers (Sprays/Liquids/Wipes),99712.0,13397153.0,2106590.0300000003
202209,2320,Bag Closures,361.0,16226.0,4889.48
202209,2325,Bag Covers,378.0,1309.0,11541.33
202209,2330,Belts,8517.0,12432.0,418243.88
202209,2335,Colostomy Bags,40139.0,2862522.0,9040234.19
202209,2345,Deodorants,8179.0,1600082.0,107469.95
202209,2346,Discharge Solidifying Agents,2549.0,493195.0,146411.8
202209,2350,Filters/Bridges,307.0,17900.0,16561.17
202209,2355,Flanges,22.0,148.0,2418.82
202209,2360,Ileostomy Bags,64874.0,2563027.0,10419247.3
202209,2370,Irrigation Washout Appliances,3274.0,71813.0,117779.98
202209,2375,Pressure Plates/Shields,132.0,658.0,5351.91
202209,2380,Skin Fillers And Protectives,282219.0,30729808.3,3301118.25
202209,2385,Skin Protectors,23091.0,943469.0,1883649.06
202209,2390,Stoma Caps/Dressings,1489.0,71552.0,100793.15
202209,2392,Tubing & Accessories,418.0,7606.0,18997.81
202209,2394,Two Piece Ostomy Systems,21852.0,850639.0,2169026.89
202209,2396,Urostomy Bags,13401.0,398345.0,2434925.97
202209,301,Bronchodilators,2499011.0,14086518.0,29420932.37
202209,302,Corticosteroids (respiratory),1835782.0,2367575.0,52568145.86
202209,303,"Cromoglycate, leukotriene and phosphodesterase type-4 inhib",355677.0,10912738.0,533439.05
202209,304,"Antihistamines, hyposensitisation and allergic emergencies",1200505.0,58637472.0,9579973.52
202209,307,Mucolytics,276706.0,36536588.0,1430956.27
202209,309,Cough preparations,13144.0,3629390.0,44638.25
202209,310,Systemic nasal decongestants,1366.0,124717.0,10902.57
202209,311,Antifibrotics,3.0,224.0,4952.33
202209,401,Hypnotics and anxiolytics,1159652.0,34636433.0,10744634.51
202209,402,Drugs used in psychoses and related disorders,1113033.0,39055568.0,17741555.66
202209,403,Antidepressant drugs,7194123.0,266639911.0,21714595.85
202209,404,CNS stimulants and drugs used for ADHD,212461.0,8302264.0,8638730.78
202209,405,Drugs used in the treatment of obesity,31986.0,2926795.0,975861.97
202209,406,Drugs used in nausea and vertigo,523171.0,32083939.0,2824350.93
202209,407,Analgesics,5030889.0,552422252.6,34000053.68
202209,408,Antiepileptic drugs,2632089.0,214042825.0,27027649.29
202209,409,Drugs used in parkinsonism and related disorders,445083.0,31679804.0,8045517.46
202209,410,Drugs used in substance dependence,299411.0,116834168.0,4518989.720000001
202209,411,Drugs for dementia,351484.0,8840487.0,2085743.57
202209,501,Antibacterial drugs,2696944.0,101748456.5,14830842.06
202209,502,Antifungal drugs,130860.0,3741180.0,560348.15
202209,503,Antiviral drugs,93767.0,4746854.0,1194032.74
202209,504,Antiprotozoal drugs,201401.0,5597289.0,1014477.66
202209,505,Anthelmintics,6755.0,138423.0,26604.71
202209,601,Drugs used in diabetes,5320036.0,314339421.0,113921357.98
202209,602,Thyroid and antithyroid drugs,2880591.0,104917668.0,5742510.58
202209,603,Corticosteroids (endocrine),637912.0,32435471.0,2696067.57
202209,604,Sex Hormones,1160295.0,65776629.0,15628461.07
202209,605,"Hypothalamic and pituitary hormones and anti, oestrogens",29203.0,1366866.5,3426732.05
202209,606,Drugs affecting bone metabolism,525690.0,2709239.0,8357926.92
202209,607,Other endocrine drugs,7870.0,148158.0,572347.81
202209,701,Drugs used in obstetrics,1.0,1.0,8.0
202209,702,Treatment of vaginal and vulval conditions,280103.0,5217954.0,3666440.71
202209,703,Contraceptives,614571.0,54744864.0,6110257.84
202209,704,Drugs for genito-urinary disorders,1843454.0,55092339.0,12161189.2
202209,801,Cytotoxic drugs,16561.0,714145.0,498420.09
202209,802,Drugs affecting the immune response,95413.0,7122653.0,2437041.88
202209,803,Sex hormones and hormone antagonists in malignant disease,270558.0,7659544.0,10919798.31
202209,901,Anaemias and some other blood disorders,1884086.0,81945881.0,6332957.42
202209,902,Fluids and electrolytes,94936.0,7376347.0,1087823.67
202209,903,Intravenous nutrition,1.0,1.0,1.97
202209,904,Oral nutrition,494458.0,2432363448.5,37711204.67
202209,905,Minerals,186746.0,31576591.0,3814385.17
202209,906,Vitamins,2694217.0,122860523.4,11783743.16
202209,908,Metabolic disorders,314.0,106165.0,193304.0
202209,909,Foods,18835.0,106492696.5,2409468.83
202209,910,Compound vitamin and mineral formulations,11294.0,407245.0,75460.59
202209,911,Health supplements,4950.0,331496.0,348532.19
202209,912,Other health supplements,11190.0,409342.0,48050.920000000006
202210,1001,Drugs used in rheumatic diseases and gout,1834479.0,83932286.0,7049908.34
202210,1002,Drugs used in neuromuscular disorders,136425.0,22650162.0,1187662.61
202210,1003,Drugs for soft-tissue disorders and topical pain relief,559592.0,59845485.0,3139992.69
202210,101,Dyspepsia and gastro-oesophageal reflux disease,347983.0,177162326.0,2137643.52
202210,102,Antispasmodics and other drugs altering gut motility,400792.0,33938193.0,5233395.83
202210,103,Antisecretory drugs and mucosal protectants,6215147.0,224696765.0,18572448.73
202210,104,Acute diarrhoea,139505.0,12844021.0,699604.8500000001
202210,105,Chronic bowel disorders,216425.0,26472055.0,13320044.47
202210,106,Laxatives,1560382.0,198347767.0,10315783.06
202210,107,Local preparations for anal and rectal disorders,106272.0,2827153.0,731560.3200000001
202210,109,Drugs affecting intestinal secretions,84812.0,18845242.0,4792224.29
202210,1103,Anti-infective eye preparations,91662.0,836030.0,931267.7
202210,1104,Corticosteroids and other anti-inflammatory preparations,145605.0,2476259.0,1898687.37
202210,1105,Mydriatics and cycloplegics,6753.0,131065.0,696782.17
202210,1106,Treatment of glaucoma,799622.0,12506249.5,8257580.47
202210,1107,Local anaesthetics,49.0,1179.0,707.08
202210,1108,Miscellaneous ophthalmic preparations,155607.0,5174504.5,1608215.4
202210,1201,Drugs acting on the ear,157619.0,980398.0,793593.77
202210,1202,Drugs acting on the nose,631350.0,3132342.0,4619755.76
202210,1203,Drugs acting on the oropharynx,94433.0,17179182.400000002,520048.6
202210,1301,Management of skin conditions,3621.0,2051115.0,12703.05
202210,1302,Emollient and barrier preparations,488805.0,253060421.0,3709515.35
202210,1303,Topical local anaesthetics and antipruritics,22875.0,6156342.0,230193.66
202210,1304,Topical corticosteroids,846290.0,46249419.0,4841901.41
202210,1305,Preparations for eczema and psoriasis,133743.0,11477563.0,5467152.04
202210,1306,Acne and rosacea,137788.0,6504720.0,2435774.19
202210,1307,Preparations for warts and calluses,9942.0,139133.5,205940.69
202210,1308,Sunscreens and camouflagers,36934.0,2017429.94,1256237.62
202210,1309,Shampoos and other preparations for scalp and hair conditions,104004.0,20402289.0,851156.79
202210,1310,Anti-infective skin preparations,242921.0,7555005.5,1298281.74
202210,1311,"Skin cleansers,antiseptics and desloughing agents",14116.0,6430871.0,130181.82
202210,1312,Antiperspirants,3828.0,216599.0,27191.89
202210,1313,Wound management products,1634.0,16931.0,58750.57
202210,1314,Topical circulatory preparations,6383.0,408100.0,32566.38
202210,1315,Miscellaneous topical preparations,161.0,22995.0,13905.98
202210,1404,Vaccines and antisera,4690103.0,4691459.0,61077335.37
202210,1405,Immunoglobulins,4.0,4.0,1500.0
202210,1501,General anaesthesia,32612.0,4290114.0,334451.67000000004
202210,1502,Local anaesthesia,102184.0,1687955.5,1548610.51
202210,1803,X-Ray contrast media,11.0,11100.0,1942.5
202210,1901,"Alcohol, wines and spirits",1.0,100.0,16.26
202210,1902,Selective preparations,70766.0,12653870.0,676941.5800000001
202210,1904,Single substances,144.0,109990.0,7326.769999999999
202210,1905,Other preparations,788.0,42540.0,10502.76
202210,1906,Acids,397.0,149680.0,11842.13
202210,1907,"Base,diluent, suspending agents and stabilisers",42117.0,28163879.0,1451955.5399999998
202210,1908,"Colouring,flavouring and sweetening agents",6.0,800.0,483.3
202210,1913,Cordials and soft drinks,58.0,350550.0,2539.8
202210,1914,Waters,902.0,8994317.0,8628.23
202210,2001,Absorbent Cottons,108.0,81550.0,994.67
202210,2002,Arm Sling/Bandages,40935.0,570184.0,1077783.77
202210,2003,Wound Management & Other Dressings,293586.0,5341020.4,9974434.86
202210,2004,Gauzes & Gauze Tissue,6647.0,326163.0,185067.4
202210,2005,Tracheostomy & Laryngectomy Appliances,16553.0,857487.0,1479201.98
202210,2007,Lints,9.0,16200.0,424.46
202210,2009,Stockinette,37216.0,332800.5,500215.0
202210,201,Positive inotropic drugs,211173.0,5597664.0,452422.01
202210,2010,Surgical Adhesive Tape,18337.0,254389.0,79705.81
202210,2011,Surgical Sutures,5916.0,8233.0,15959.93
202210,2012,Swabs,21362.0,4126069.0,84140.61
202210,2014,"Skin Closure Strips, Sterile",3906.0,19803.0,4902.22
202210,2015,"Skin Adhesive, Sterile",58.0,38.0,477.9
202210,2017,Cervical Collar,18.0,19.0,46.74
202210,202,Diuretics,2444428.0,81974314.0,4347792.07
202210,2020,Silk Garments,511.0,1968.0,32269.51
202210,203,Anti-arrhythmic drugs,76694.0,4121793.0,511407.85
202210,204,Beta-adrenoceptor blocking drugs,3462924.0,132234488.0,5886856.73
202210,205,Hypertension and heart failure,6215345.0,229989880.0,19146504.59
202210,206,"Nitrates, calcium-channel blockers & other antianginal drugs",4559037.0,161388578.0,15292977.52
202210,207,Sympathomimetics,15870.0,1219758.0,453458.12
202210,208,Anticoagulants and protamine,1702687.0,75574614.0,72681953.93
202210,209,Antiplatelet drugs,2663555.0,81357508.0,5455324.93
202210,2101,Other Appliances,895862.0,75553907.0,5199651.55
202210,2102,Catheters,117530.0,7990315.0,15096669.29
202210,2103,Chiropody Appliances,161.0,1367.0,1211.09
202210,2104,Contraceptive Devices,2916.0,2977.0,34282.98
202210,2106,Trusses,113.0,117.0,3918.9
202210,2107,Elastic Hosiery,36643.0,98205.0,694965.5700000001
202210,211,Antifibrinolytic drugs and haemostatics,44844.0,2809606.0,336605.4
202210,2112,Peak Flow Meters,35691.0,35914.0,197981.5
202210,2113,Catheter Maintenance Products,18487.0,10695750.0,648379.71
202210,2114,Lubricant Gels,26110.0,1748772.0,92753.66
202210,2116,Irrigation Solutions,34066.0,1024969.0,244180.15
202210,2118,Vacuum Pumps for Erectile Dysfunction,1406.0,3086.0,156239.13
202210,2119,Oral Film Forming Agents,1202.0,102563.0,60142.58
202210,212,Lipid-regulating drugs,6970463.0,229429096.0,11702561.31
202210,2120,Venous Ulcer Compression System,7604.0,25961.0,381186.01
202210,2121,Dry Mouth Products,39626.0,4213630.0,275199.69
202210,2122,Emollients,718528.0,376500023.0,4326557.74
202210,2123,Vaginal Moisturisers,24892.0,1011437.0,224399.72
202210,2124,Nasal Products,29377.0,1841092.0,101550.07
202210,2125,Vaginal Dilators,241.0,241.0,7131.4400000000005
202210,2127,Lymphoedema Garments,42014.0,109883.0,2826442.34
202210,2128,Anal Irrigation System,15031.0,51716.0,2578154.71
202210,2129,Pressure Offloading Device,2482.0,4054.0,95141.39
202210,2130,Eye Products,652370.0,9731701.5,4887908.46
202210,2131,Cycloidal Vibration Accessories,2.0,172.0,860.0
202210,2132,Inhalation Solutions,6582.0,445884.0,169108.45
202210,2133,Indwelling Pleural Cath Drain System,945.0,9186.0,252028.66
202210,2134,Vaginal PH Correction Products,584.0,9219.0,5721.0
202210,2135,Acne Treatment,6.0,200.0,90.0
202210,2136,Adhesive Dressing Remover Ster Silicone,1070.0,75748.0,29448.980000000003
202210,2137,Pelvic Toning Devices,42.0,42.0,630.0
202210,2138,Low Friction Products,2188.0,4914.0,52154.09
202210,2139,Prosthetic Adhesives,13.0,275.0,191.2
202210,2140,Bacterial Decolonisation Products,144.0,19720.0,636.73
202210,2141,Debridement Device,5587.0,69309.0,353000.79
202210,2142,Jaw Rehabilitation Device,88.0,391.0,10143.04
202210,2143,Micro-Enema - Sodium Citrate,130.0,2382.0,1034.19
202210,2146,Hernia Support Garments,65.0,97.0,3638.47
202210,2147,Dev For Fungal Nail Infections,58.0,150.0,1198.1999999999998
202210,2148,Detection Sensor Interstitial Fluid/Gluc,163996.0,370497.0,12954370.95
202210,2149,Pulsed Electromagnetic Stimulator,25.0,42.0,585.9000000000001
202210,2202,Anal Plugs,856.0,31795.0,76545.72
202210,2205,Catheter Valves,11569.0,82467.0,201528.86
202210,2215,Faecal Collectors,266.0,5605.0,14013.829999999998
202210,2220,Incontinence Belts,2.0,8.0,108.56
202210,2230,Incontinence Sheaths,13638.0,536535.0,950018.17
202210,2240,Incontinence Sheath Fixing Strips & Adh,1846.0,54157.0,34906.87
202210,2250,Leg Bags,61656.0,734181.0,2096327.33
202210,2260,Night Drainage Bags,87589.0,2256916.0,1313810.44
202210,2270,Suspensory Systems,1262.0,10057.0,67714.72
202210,2280,Tubing And Accessories,28988.0,198041.0,423934.61
202210,2285,Insert For Female Stress Incont,449.0,650.0,22997.06
202210,2290,Urinal Systems,1144.0,8040.0,56096.82
202210,2305,Adhesive Discs/Rings/Pads/Plasters,23201.0,1580653.0,1010249.09
202210,2310,Adhesive (Pastes/Sprays/Solutions),64.0,4584.0,1047.99
202210,2315,Adhesive Removers (Sprays/Liquids/Wipes),95075.0,12672649.0,1975823.1
202210,2320,Bag Closures,372.0,16592.0,4790.47
202210,2325,Bag Covers,404.0,1511.0,13542.45
202210,2330,Belts,8784.0,12729.0,471453.42999999993
202210,2335,Colostomy Bags,37943.0,2706480.0,8551831.3
202210,2345,Deodorants,7695.0,1485515.0,99921.69
202210,2346,Discharge Solidifying Agents,2492.0,480705.0,141836.01
202210,2350,Filters/Bridges,268.0,15140.0,13836.86
202210,2355,Flanges,12.0,86.0,1416.96
202210,2360,Ileostomy Bags,61433.0,2423372.0,9853287.25
202210,2370,Irrigation Washout Appliances,3225.0,67197.0,115802.96
202210,2375,Pressure Plates/Shields,110.0,471.0,3719.23
202210,2380,Skin Fillers And Protectives,279799.0,30200523.9,3246388.01
202210,2385,Skin Protectors,21873.0,898961.0,1796081.66
202210,2390,Stoma Caps/Dressings,1326.0,61681.0,86842.85
202210,2392,Tubing & Accessories,410.0,6873.0,17275.22
202210,2394,Two Piece Ostomy Systems,20780.0,809962.0,2067059.08
202210,2396,Urostomy Bags,12526.0,373635.0,2284365.44
202210,301,Bronchodilators,2528133.0,13888458.0,29304796.94
202210,302,Corticosteroids (respiratory),1849895.0,2384429.0,52718689.95
202210,303,"Cromoglycate, leukotriene and phosphodesterase type-4 inhib",353547.0,10836205.0,573975.97
202210,304,"Antihistamines, hyposensitisation and allergic emergencies",1126101.0,53883857.0,8689366.98
202210,307,Mucolytics,278088.0,36439145.0,4686928.65
202210,308,Aromatic inhalations,2.0,100.0,3.16
202210,309,Cough preparations,17322.0,4516542.0,46226.58
202210,310,Systemic nasal decongestants,1786.0,180841.0,12093.39
202210,311,Antifibrotics,1.0,56.0,1338.47
202210,401,Hypnotics and anxiolytics,1138630.0,33952712.0,10357754.72
202210,402,Drugs used in psychoses and related disorders,1114176.0,38917392.0,17358269.6
202210,403,Antidepressant drugs,7127535.0,264235903.0,20180588.35
202210,404,CNS stimulants and drugs used for ADHD,210972.0,8267819.0,8593781.16
202210,405,Drugs used in the treatment of obesity,30493.0,2790847.0,894051.66
202210,406,Drugs used in nausea and vertigo,520054.0,31685699.0,2828195.5700000003
202210,407,Analgesics,4982039.0,549122440.0,34512497.48
202210,408,Antiepileptic drugs,2601523.0,212176335.0,26678938.700000003
202210,409,Drugs used in parkinsonism and related disorders,442599.0,31536230.0,7852766.64
202210,410,Drugs used in substance dependence,295610.0,115770575.0,4537167.390000001
202210,411,Drugs for dementia,354990.0,8929900.0,2146837.96
202210,501,Antibacterial drugs,3079219.0,124650536.5,15904102.25
202210,502,Antifungal drugs,131247.0,3745701.0,588988.62
202210,503,Antiviral drugs,93642.0,4718330.0,1151982.81
202210,504,Antiprotozoal drugs,196438.0,5429650.0,1006658.14
202210,505,Anthelmintics,7067.0,147036.0,40814.37
202210,601,Drugs used in diabetes,5283813.0,310307070.0,114849111.82
202210,602,Thyroid and antithyroid drugs,2839556.0,103459514.0,5715826.15
202210,603,Corticosteroids (endocrine),704427.0,34615762.0,3477382.41
202210,604,Sex Hormones,1176690.0,67828280.5,15454089.26
202210,605,"Hypothalamic and pituitary hormones and anti, oestrogens",29506.0,1380808.5,3542528.2
202210,606,Drugs affecting bone metabolism,518082.0,2674103.0,6437255.220000001
202210,607,Other endocrine drugs,7830.0,150315.0,575190.81
202210,701,Drugs used in obstetrics,1.0,1.0,8.0
202210,702,Treatment of vaginal and vulval conditions,286235.0,5365853.0,3808786.67
202210,703,Contraceptives,603762.0,54342684.0,6251090.220000001
202210,704,Drugs for genito-urinary disorders,1829716.0,54754323.0,12386079.89
202210,801,Cytotoxic drugs,16250.0,688516.0,501018.45
202210,802,Drugs affecting the immune response,95359.0,7122024.0,2670849.01
202210,803,Sex hormones and hormone antagonists in malignant disease,268883.0,7604637.0,10962882.45
202210,901,Anaemias and some other blood disorders,1870682.0,80766345.0,6426516.62
202210,902,Fluids and electrolytes,93644.0,7238937.0,1169741.0
202210,904,Oral nutrition,495279.0,2490850364.0,38538655.96
202210,905,Minerals,193036.0,33407775.0,3891484.59
202210,906,Vitamins,2683554.0,122169282.8,11871025.81
202210,908,Metabolic disorders,349.0,125631.0,225883.97
202210,909,Foods,18496.0,91401278.5,2125291.59
202210,910,Compound vitamin and mineral formulations,11343.0,411692.0,76105.48000000001
202210,911,Health supplements,4873.0,321327.0,319193.6
202210,912,Other health supplements,11114.0,415083.0,48023.91
202211,1001,Drugs used in rheumatic diseases and gout,1871021.0,85634959.0,7136466.47
202211,1002,Drugs used in neuromuscular disorders,141044.0,23320026.0,1214732.36
202211,1003,Drugs for soft-tissue disorders and topical pain relief,572048.0,61061905.0,3255674.14
202211,101,Dyspepsia and gastro-oesophageal reflux disease,360543.0,184943250.0,2252568.02
202211,102,Antispasmodics and other drugs altering gut motility,406608.0,34271801.0,5102337.55
202211,103,Antisecretory drugs and mucosal protectants,6365901.0,229886477.0,25662658.77
202211,104,Acute diarrhoea,140670.0,12616494.0,689210.05
202211,105,Chronic bowel disorders,218907.0,26587772.0,13418360.8
202211,106,Laxatives,1601588.0,202986647.0,10461021.01
202211,107,Local preparations for anal and rectal disorders,114257.0,3034602.0,790262.0800000001
202211,109,Drugs affecting intestinal secretions,87483.0,19354529.0,4915881.57
202211,1103,Anti-infective eye preparations,105036.0,959071.0,1053073.3
202211,1104,Corticosteroids and other anti-inflammatory preparations,146237.0,2498068.5,1893924.18
202211,1105,Mydriatics and cycloplegics,7348.0,158014.0,712636.83
202211,1106,Treatment of glaucoma,812161.0,12762655.5,8296230.95
202211,1107,Local anaesthetics,36.0,935.0,565.97
202211,1108,Miscellaneous ophthalmic preparations,156858.0,5225838.5,1626209.07
202211,1201,Drugs acting on the ear,172173.0,1076960.0,871199.1299999999
202211,1202,Drugs acting on the nose,645210.0,3226907.0,4864667.640000001
202211,1203,Drugs acting on the oropharynx,106540.0,18052920.4,566642.3200000001
202211,1301,Management of skin conditions,3502.0,1989030.0,11760.97
202211,1302,Emollient and barrier preparations,500590.0,259370417.0,3795284.24
202211,1303,Topical local anaesthetics and antipruritics,24176.0,6541262.0,246622.04
202211,1304,Topical corticosteroids,910323.0,48600377.0,5120934.35
202211,1305,Preparations for eczema and psoriasis,138136.0,11752874.0,5743375.84
202211,1306,Acne and rosacea,140982.0,6625547.0,2469497.22
202211,1307,Preparations for warts and calluses,9277.0,139751.5,184594.68
202211,1308,Sunscreens and camouflagers,37152.0,1975115.0,1272121.23
202211,1309,Shampoos and other preparations for scalp and hair conditions,107748.0,20996889.0,878272.9
202211,1310,Anti-infective skin preparations,263152.0,8266835.0,1462776.1
202211,1311,"Skin cleansers,antiseptics and desloughing agents",12931.0,5858005.0,115685.73
202211,1312,Antiperspirants,3564.0,211603.0,23845.03
202211,1313,Wound management products,1560.0,15879.0,55100.130000000005
202211,1314,Topical circulatory preparations,6529.0,419318.0,33464.22
202211,1315,Miscellaneous topical preparations,134.0,21389.0,12007.25
202211,1404,Vaccines and antisera,2352594.0,2353533.0,30385592.160000004
202211,1405,Immunoglobulins,2.0,2.0,388.0
202211,1501,General anaesthesia,33491.0,4497204.0,332570.24
202211,1502,Local anaesthesia,108127.0,1732837.5,1567662.43
202211,1803,X-Ray contrast media,7.0,5000.0,875.0
202211,1902,Selective preparations,70671.0,13151784.0,619487.27
202211,1904,Single substances,144.0,109352.0,10711.66
202211,1905,Other preparations,798.0,44029.0,10632.85
202211,1906,Acids,372.0,139854.0,10643.06
202211,1907,"Base,diluent, suspending agents and stabilisers",42619.0,28080017.0,1453706.47
202211,1908,"Colouring,flavouring and sweetening agents",6.0,1000.0,119.22
202211,1913,Cordials and soft drinks,70.0,361038.0,2612.11
202211,1914,Waters,872.0,8853629.0,8490.49
202211,2001,Absorbent Cottons,114.0,72275.0,880.5899999999999
202211,2002,Arm Sling/Bandages,44171.0,609865.0,1170031.38
202211,2003,Wound Management & Other Dressings,311700.0,5615305.5,10545052.65
202211,2004,Gauzes & Gauze Tissue,6984.0,375635.0,203258.54
202211,2005,Tracheostomy & Laryngectomy Appliances,18697.0,959236.0,1718563.01
202211,2007,Lints,21.0,26900.0,756.9200000000001
202211,2009,Stockinette,39373.0,347661.5,518517.13
202211,201,Positive inotropic drugs,219863.0,5842152.0,947665.88
202211,2010,Surgical Adhesive Tape,19160.0,267391.0,82486.19
202211,2011,Surgical Sutures,6779.0,9191.0,19254.54
202211,2012,Swabs,22272.0,4393506.0,88375.79999999999
202211,2014,"Skin Closure Strips, Sterile",4009.0,27810.0,6943.42
202211,2015,"Skin Adhesive, Sterile",56.0,34.0,437.62
202211,2017,Cervical Collar,17.0,18.0,44.28
202211,202,Diuretics,2488596.0,83434857.0,4434410.68
202211,2020,Silk Garments,608.0,2136.0,43608.41
202211,203,Anti-arrhythmic drugs,78638.0,4168284.0,577555.96
202211,204,Beta-adrenoceptor blocking drugs,3543970.0,135304257.0,6041342.73
202211,205,Hypertension and heart failure,6363495.0,235330482.0,19769265.53
202211,206,"Nitrates, calcium-channel blockers & other antianginal drugs",4683910.0,165738864.0,15789943.87
202211,207,Sympathomimetics and other vasoconstrictor drugs,16461.0,1258282.0,475386.14
202211,208,Anticoagulants and protamine,1746161.0,77339079.0,74810658.61
202211,209,Antiplatelet drugs,2714777.0,82809294.0,5520134.7
202211,2101,Other Appliances,935571.0,76749588.0,5505217.97
202211,2102,Catheters,117213.0,8064799.0,15197906.18
202211,2103,Chiropody Appliances,189.0,3035.0,2714.09
202211,2104,Contraceptive Devices,3074.0,3125.0,35691.54
202211,2106,Trusses,127.0,129.0,4257.71
202211,2107,Elastic Hosiery,37590.0,101567.0,707987.22
202211,211,Antifibrinolytic drugs and haemostatics,46478.0,2923618.0,350203.93000000005
202211,2112,Peak Flow Meters,40470.0,40834.0,225476.45
202211,2113,Catheter Maintenance Products,18289.0,10496160.0,641198.61
202211,2114,Lubricant Gels,26631.0,1760223.5,93449.68
202211,2116,Irrigation Solutions,35731.0,1060690.0,254773.99
202211,2118,Vacuum Pumps for Erectile Dysfunction,1515.0,3138.0,170725.77000000002
202211,2119,Oral Film Forming Agents,1241.0,104126.0,61362.5
202211,212,Lipid-regulating drugs,7159435.0,235618808.0,11993677.31
202211,2120,Venous Ulcer Compression System,8027.0,27727.0,393666.01
202211,2121,Dry Mouth Products,38701.0,4025444.0,257069.25
202211,2122,Emollients,752405.0,394475259.0,4518516.36
202211,2123,Vaginal Moisturisers,25746.0,1052101.0,233502.05
202211,2124,Nasal Products,31903.0,1908065.0,103816.03
202211,2125,Vaginal Dilators,244.0,244.0,7042.73
202211,2127,Lymphoedema Garments,42496.0,111534.0,2867610.77
202211,2128,Anal Irrigation System,14843.0,51896.0,2597883.9
202211,2129,Pressure Offloading Device,2625.0,4307.0,102961.3
202211,2130,Eye Products,668636.0,9961980.5,5014559.58
202211,2131,Cycloidal Vibration Accessories,5.0,372.0,1860.0
202211,2132,Inhalation Solutions,6728.0,455301.0,174363.03000000003
202211,2133,Indwelling Pleural Cath Drain System,894.0,8709.0,249018.28000000003
202211,2134,Vaginal PH Correction Products,619.0,10731.0,6500.25
202211,2135,Acne Treatment,5.0,175.0,91.0
202211,2136,Adhesive Dressing Remover Ster Silicone,1132.0,78254.0,30927.67
202211,2137,Pelvic Toning Devices,39.0,39.0,585.0
202211,2138,Low Friction Products,2246.0,5158.0,54661.240000000005
202211,2139,Prosthetic Adhesives,7.0,85.0,64.76
202211,2140,Bacterial Decolonisation Products,149.0,22054.0,721.98
202211,2141,Debridement Device,6343.0,78459.0,393335.85
202211,2142,Jaw Rehabilitation Device,101.0,523.0,8412.92
202211,2143,Micro-Enema - Sodium Citrate,141.0,2492.0,1081.9
202211,2146,Hernia Support Garments,73.0,111.0,4163.610000000001
202211,2147,Dev For Fungal Nail Infections,45.0,90.0,883.6499999999999
202211,2148,Detection Sensor Interstitial Fluid/Gluc,170879.0,385451.0,13459812.4
202211,2149,Pulsed Electromagnetic Stimulator,42.0,62.0,864.9000000000001
202211,2202,Anal Plugs,946.0,34751.0,83066.98999999999
202211,2205,Catheter Valves,11730.0,84164.0,206225.45
202211,2210,Drainable Dribbling Appliances,2.0,3.0,165.42000000000002
202211,2215,Faecal Collectors,254.0,5270.0,13298.45
202211,2220,Incontinence Belts,3.0,35.0,233.0
202211,2230,Incontinence Sheaths,13021.0,517589.0,915328.17
202211,2240,Incontinence Sheath Fixing Strips & Adh,1777.0,52012.0,32864.64
202211,2250,Leg Bags,60983.0,730355.0,2081166.89
202211,2260,Night Drainage Bags,87394.0,2246863.0,1317819.86
202211,2270,Suspensory Systems,1314.0,10606.0,69475.16
202211,2280,Tubing And Accessories,28790.0,196625.0,422700.67
202211,2285,Insert For Female Stress Incont,459.0,689.0,25636.06
202211,2290,Urinal Systems,1209.0,8583.0,60379.15
202211,2305,Adhesive Discs/Rings/Pads/Plasters,23436.0,1609254.0,1019142.31
202211,2310,Adhesive (Pastes/Sprays/Solutions),71.0,6060.0,1408.46
202211,2315,Adhesive Removers (Sprays/Liquids/Wipes),95490.0,12816787.0,2007390.79
202211,2320,Bag Closures,349.0,16735.0,4881.86
202211,2325,Bag Covers,371.0,1250.0,11293.9
202211,2330,Belts,8756.0,12855.0,449299.01
202211,2335,Colostomy Bags,37602.0,2695615.0,8520346.61
202211,2345,Deodorants,7575.0,1443913.0,98946.71
202211,2346,Discharge Solidifying Agents,2549.0,500841.0,149072.88
202211,2350,Filters/Bridges,286.0,16830.0,15321.73
202211,2355,Flanges,22.0,117.0,1873.99
202211,2360,Ileostomy Bags,61814.0,2468695.0,10025715.35
202211,2370,Irrigation Washout Appliances,3172.0,66962.0,117180.36
202211,2375,Pressure Plates/Shields,122.0,499.0,4123.73
202211,2380,Skin Fillers And Protectives,287487.0,31140637.0,3315775.41
202211,2385,Skin Protectors,22020.0,900253.0,1797586.83
202211,2390,Stoma Caps/Dressings,1409.0,67730.0,95455.52
202211,2392,Tubing & Accessories,380.0,6932.0,17325.59
202211,2394,Two Piece Ostomy Systems,21315.0,830851.0,2125723.41
202211,2396,Urostomy Bags,12862.0,389450.0,2383255.91
202211,301,Bronchodilators,2605084.0,13932033.0,30048979.05
202211,302,Corticosteroids (respiratory),1902250.0,2452941.0,54126091.52
202211,303,"Cromoglycate, leukotriene and phosphodesterase type-4 inhib",367886.0,11244650.0,595249.4299999999
202211,304,"Antihistamines, hyposensitisation and allergic emergencies",1134552.0,54751392.0,8790298.05
202211,307,Mucolytics,288964.0,37784409.0,4944477.54
202211,309,Cough preparations,19899.0,5035970.0,45889.76
202211,310,Systemic nasal decongestants,2015.0,215983.0,12538.03
202211,311,Antifibrotics,1.0,84.0,2007.69
202211,401,Hypnotics and anxiolytics,1155672.0,34626855.0,10452171.11
202211,402,Drugs used in psychoses and related disorders,1132880.0,39492794.0,15149398.06
202211,403,Antidepressant drugs,7309692.0,270460434.0,19815802.39
202211,404,CNS stimulants and drugs used for ADHD,220882.0,8573821.0,8994318.89
202211,405,Drugs used in the treatment of obesity,30585.0,2802932.0,897819.48
202211,406,Drugs used in nausea and vertigo,529255.0,32216273.0,3031534.71
202211,407,Analgesics,5085127.0,561559976.8000001,35760272.379999995
202211,408,Antiepileptic drugs,2651978.0,216108919.0,28225342.75
202211,409,Drugs used in parkinsonism and related disorders,452474.0,32278945.0,8016771.71
202211,410,Drugs used in substance dependence,301958.0,117982330.4,4612026.109999999
202211,411,Drugs for dementia,362485.0,9087891.0,2163147.04
202211,501,Antibacterial drugs,3351702.0,146200174.5,18226583.74
202211,502,Antifungal drugs,133987.0,3744209.0,569998.53
202211,503,Antiviral drugs,95529.0,4815131.0,1220214.37
202211,504,Antiprotozoal drugs,200595.0,5567830.0,1093758.38
202211,505,Anthelmintics,7143.0,146070.0,44162.08
202211,601,Drugs used in diabetes,5397858.0,316191573.0,116919163.63
202211,602,Thyroid and antithyroid drugs,2894819.0,105179647.0,5828779.75
202211,603,Corticosteroids (endocrine),736932.0,35853374.0,3743359.57
202211,604,Sex Hormones,1180397.0,67659523.5,15533643.61
202211,605,"Hypothalamic and pituitary hormones and anti, oestrogens",29955.0,1418029.0,3359035.64
202211,606,Drugs affecting bone metabolism,527171.0,2713466.0,5547594.28
202211,607,Other endocrine drugs,7863.0,148861.0,573270.28
202211,702,Treatment of vaginal and vulval conditions,300233.0,5711331.0,4131741.6
202211,703,Contraceptives,601904.0,54230972.0,6360547.6
202211,704,Drugs for genito-urinary disorders,1873504.0,56248429.0,12923616.48
202211,801,Cytotoxic drugs,16676.0,719806.0,517716.69000000006
202211,802,Drugs affecting the immune response,95975.0,7208172.0,2663094.71
202211,803,Sex hormones and hormone antagonists in malignant disease,272523.0,7726917.0,10751095.79
202211,901,Anaemias and some other blood disorders,1906208.0,83275745.0,6461402.49
202211,902,Fluids and electrolytes,95584.0,7464348.0,1165649.97
202211,904,Oral nutrition (OLD - DO NOT USE),504692.0,2539446499.0,39682768.46
202211,905,Minerals,198396.0,34073141.0,4040054.59
202211,906,Vitamins,2759178.0,125277247.5,12201374.64
202211,908,Metabolic disorders,325.0,106157.0,198695.57
202211,909,Foods,19160.0,96245589.5,2230006.57
202211,910,Compound vitamin and mineral formulations,11510.0,416528.0,78813.95
202211,911,Health supplements,4959.0,309103.0,338126.88
202211,912,Other health supplements,11440.0,433482.0,52924.14
202212,1001,Drugs used in rheumatic diseases and gout,1829321.0,84312451.0,7575347.85
202212,1002,Drugs used in neuromuscular disorders,140075.0,22534273.0,1216782.1
202212,1003,Drugs for soft-tissue disorders and topical pain relief,537170.0,57541964.0,3110949.11
202212,101,Dyspepsia and gastro-oesophageal reflux disease,365442.0,187355581.0,2280126.32
202212,102,Antispasmodics and other drugs altering gut motility,397521.0,33549602.0,5409077.61
202212,103,Antisecretory drugs and mucosal protectants,6401167.0,232764905.0,28667146.83
202212,104,Acute diarrhoea,141572.0,12624672.0,726293.1599999999
202212,105,Chronic bowel disorders,219429.0,26639072.0,13617742.37
202212,106,Laxatives,1566670.0,197839940.0,10408209.36
202212,107,Local preparations for anal and rectal disorders,100993.0,2699328.0,714815.8400000001
202212,109,Drugs affecting intestinal secretions,88687.0,19670474.0,5068423.58
202212,1103,Anti-infective eye preparations,127812.0,1161987.0,1374832.38
202212,1104,Corticosteroids and other anti-inflammatory preparations,139082.0,2405651.5,1885727.18
202212,1105,Mydriatics and cycloplegics,6924.0,151328.0,692748.28
202212,1106,Treatment of glaucoma,815621.0,12905059.0,8526198.379999999
202212,1107,Local anaesthetics,35.0,904.0,544.83
202212,1108,Miscellaneous ophthalmic preparations,153299.0,5124955.5,1588487.85
202212,1201,Drugs acting on the ear,158358.0,997800.5,798243.49
202212,1202,Drugs acting on the nose,655288.0,3349639.0,4989368.36
202212,1203,Drugs acting on the oropharynx,114494.0,17405565.4,591126.21
202212,1301,Management of skin conditions,3493.0,1960050.0,12866.919999999998
202212,1302,Emollient and barrier preparations,487770.0,253564145.0,3693883.62
202212,1303,Topical local anaesthetics and antipruritics,22940.0,6196951.0,228987.89
202212,1304,Topical corticosteroids,862677.0,46809183.0,4995215.03
202212,1305,Preparations for eczema and psoriasis,133792.0,11355507.0,5759481.38
202212,1306,Acne and rosacea,123648.0,5850770.0,2176491.33
202212,1307,Preparations for warts and calluses,6858.0,102194.0,135285.07
202212,1308,Sunscreens and camouflagers,29619.0,1567594.0,1010691.24
202212,1309,Shampoos and other preparations for scalp and hair conditions,97092.0,19107045.0,782891.8500000001
202212,1310,Anti-infective skin preparations,243813.0,7513369.0,1410688.52
202212,1311,"Skin cleansers,antiseptics and desloughing agents",11244.0,5184324.0,99823.19
202212,1312,Antiperspirants,2958.0,171330.0,23767.62
202212,1313,Wound management products,1388.0,14964.0,51925.08
202212,1314,Topical circulatory preparations,5782.0,371054.0,29618.04
202212,1315,Miscellaneous topical preparations,130.0,30620.0,11759.65
202212,1404,Vaccines and antisera,1522261.0,1523114.0,19750341.46
202212,1405,Immunoglobulins,1.0,1.0,250.0
202212,1501,General anaesthesia,37583.0,4533808.5,386973.27
202212,1502,Local anaesthesia,95268.0,1649028.5,1527163.15
202212,1803,X-Ray contrast media,6.0,5300.0,927.5
202212,1902,Selective preparations,79560.0,13092007.0,651649.86
202212,1904,Single substances,143.0,95562.0,991.08
202212,1905,Other preparations,804.0,41736.0,10325.01
202212,1906,Acids,371.0,148943.0,13866.13
202212,1907,"Base,diluent, suspending agents and stabilisers",41853.0,27727656.0,1440555.35
202212,1908,"Colouring,flavouring and sweetening agents",3.0,400.0,53.61
202212,1913,Cordials and soft drinks,56.0,327978.0,2369.11
202212,1914,Waters,921.0,8880694.0,7985.74
202212,2001,Absorbent Cottons,103.0,71100.0,849.22
202212,2002,Arm Sling/Bandages,39281.0,553292.0,1063842.56
202212,2003,Wound Management & Other Dressings,283839.0,5229705.2,9874210.04
202212,2004,Gauzes & Gauze Tissue,6161.0,344675.0,172331.07
202212,2005,Tracheostomy & Laryngectomy Appliances,14866.0,786351.0,1392061.2
202212,2006,Foam,1.0,4.0,21.37
202212,2007,Lints,10.0,11650.0,316.28
202212,2009,Stockinette,35121.0,313330.0,476814.92
202212,201,Positive inotropic drugs,219986.0,5912975.0,980385.07
202212,2010,Surgical Adhesive Tape,18103.0,428700.0,112805.49
202212,2011,Surgical Sutures,5040.0,6832.0,13950.86
202212,2012,Swabs,21071.0,4282953.0,85016.44
202212,2014,"Skin Closure Strips, Sterile",3574.0,18525.0,4607.55
202212,2015,"Skin Adhesive, Sterile",56.0,42.0,505.92
202212,2017,Cervical Collar,21.0,24.0,59.040000000000006
202212,2018,Cellulose Wadding BP 1988,2.0,13500.0,59.4
202212,202,Diuretics,2508739.0,84564744.0,4632884.97
202212,2020,Silk Garments,514.0,1763.0,28773.5
202212,203,Anti-arrhythmic drugs,79688.0,4307801.0,561272.92
202212,204,Beta-adrenoceptor blocking drugs,3572868.0,136880250.0,6608520.76
202212,205,Hypertension and heart failure,6461417.0,240209007.0,20758528.45
202212,206,"Nitrates, calcium-channel blockers & other antianginal drugs",4761016.0,169284940.0,16469261.86
202212,207,Sympathomimetics and other vasoconstrictor drugs,16583.0,1266647.0,491790.17
202212,208,Anticoagulants and protamine,1774157.0,78985151.0,76487910.36
202212,209,Antiplatelet drugs,2739771.0,84020068.0,5678550.26
202212,2101,Other Appliances,936578.0,77211309.0,5444770.35
202212,2102,Catheters,117203.0,8307017.0,15624743.22
202212,2103,Chiropody Appliances,162.0,2005.0,2049.22
202212,2104,Contraceptive Devices,2590.0,2618.0,30032.35
202212,2106,Trusses,108.0,116.0,3395.75
202212,2107,Elastic Hosiery,32397.0,88321.0,610601.02
202212,211,Antifibrinolytic drugs and haemostatics,41661.0,2630722.0,316934.44
202212,2112,Peak Flow Meters,36906.0,37115.0,204885.05
202212,2113,Catheter Maintenance Products,17465.0,10449320.0,621722.04
202212,2114,Lubricant Gels,24816.0,1718182.5,89357.68000000001
202212,2116,Irrigation Solutions,32726.0,1032710.0,239050.73
202212,2118,Vacuum Pumps for Erectile Dysfunction,1307.0,2729.0,152522.87
202212,2119,Oral Film Forming Agents,1148.0,97929.0,57455.08
202212,212,Lipid-regulating drugs,7274993.0,240523069.0,12567568.21
202212,2120,Venous Ulcer Compression System,7214.0,24698.0,359343.62
202212,2121,Dry Mouth Products,38138.0,4001004.0,252233.7
202212,2122,Emollients,749465.0,392857490.0,4478768.88
202212,2123,Vaginal Moisturisers,24173.0,984753.0,217886.17
202212,2124,Nasal Products,31776.0,1851511.0,101053.46
202212,2125,Vaginal Dilators,218.0,235.0,6744.4400000000005
202212,2126,Leg Ulcer Wrap,2.0,4.0,55.2
202212,2127,Lymphoedema Garments,37963.0,100289.0,2588509.93
202212,2128,Anal Irrigation System,16011.0,58437.0,2867280.06
202212,2129,Pressure Offloading Device,1884.0,3158.0,73956.29
202212,2130,Eye Products,662242.0,9842006.5,4963871.99
202212,2131,Cycloidal Vibration Accessories,1.0,60.0,300.0
202212,2132,Inhalation Solutions,7076.0,471799.0,179774.28
202212,2133,Indwelling Pleural Cath Drain System,885.0,8856.0,268501.83
202212,2134,Vaginal PH Correction Products,578.0,9184.0,5759.25
202212,2135,Acne Treatment,6.0,200.0,90.0
202212,2136,Adhesive Dressing Remover Ster Silicone,1002.0,73156.0,28491.1
202212,2137,Pelvic Toning Devices,26.0,26.0,390.0
202212,2138,Low Friction Products,2049.0,4805.0,50984.76
202212,2139,Prosthetic Adhesives,7.0,75.0,61.11
202212,2140,Bacterial Decolonisation Products,158.0,19776.0,771.43
202212,2141,Debridement Device,5597.0,68012.0,337832.71
202212,2142,Jaw Rehabilitation Device,89.0,404.0,7274.51
202212,2143,Micro-Enema - Sodium Citrate,110.0,1842.0,799.7
202212,2146,Hernia Support Garments,58.0,113.0,4238.629999999999
202212,2147,Dev For Fungal Nail Infections,46.0,97.0,1016.44
202212,2148,Detection Sensor Interstitial Fluid/Gluc,177261.0,400478.0,13965537.0
202212,2149,Pulsed Electromagnetic Stimulator,35.0,51.0,711.45
202212,2202,Anal Plugs,952.0,35178.0,84422.06
202212,2205,Catheter Valves,11821.0,85633.0,209892.15
202212,2215,Faecal Collectors,277.0,5890.0,14714.57
202212,2220,Incontinence Belts,1.0,3.0,40.71
202212,2230,Incontinence Sheaths,13422.0,534610.0,948709.24
202212,2240,Incontinence Sheath Fixing Strips & Adh,1738.0,51197.0,32762.23
202212,2250,Leg Bags,61036.0,735616.0,2092309.03
202212,2260,Night Drainage Bags,87756.0,2267799.0,1365113.62
202212,2270,Suspensory Systems,1469.0,11835.0,79311.29
202212,2280,Tubing And Accessories,27574.0,191142.0,407900.56
202212,2285,Insert For Female Stress Incont,381.0,497.0,17871.53
202212,2290,Urinal Systems,1067.0,7238.0,54855.15
202212,2305,Adhesive Discs/Rings/Pads/Plasters,25670.0,1783391.0,1138054.4
202212,2310,Adhesive (Pastes/Sprays/Solutions),55.0,5516.0,1107.54
202212,2315,Adhesive Removers (Sprays/Liquids/Wipes),100140.0,13671006.0,2116578.86
202212,2320,Bag Closures,370.0,17012.0,5122.25
202212,2325,Bag Covers,277.0,967.0,8718.55
202212,2330,Belts,7435.0,11197.0,356586.17
202212,2335,Colostomy Bags,39772.0,2886433.0,9171362.14
202212,2345,Deodorants,8072.0,1608179.0,107534.51
202212,2346,Discharge Solidifying Agents,2742.0,536710.0,157478.15
202212,2350,Filters/Bridges,277.0,17350.0,15585.2
202212,2355,Flanges,11.0,64.0,1072.14
202212,2360,Ileostomy Bags,65289.0,2607890.0,10700900.02
202212,2370,Irrigation Washout Appliances,3084.0,71584.0,118758.13
202212,2375,Pressure Plates/Shields,103.0,464.0,3633.26
202212,2380,Skin Fillers And Protectives,280587.0,30358494.9,3308011.14
202212,2385,Skin Protectors,23686.0,977572.0,1971084.35
202212,2390,Stoma Caps/Dressings,1460.0,70231.0,98951.53
202212,2392,Tubing & Accessories,421.0,7613.0,18913.09
202212,2394,Two Piece Ostomy Systems,22455.0,895135.0,2292869.6
202212,2396,Urostomy Bags,13450.0,410698.0,2523863.96
202212,301,Bronchodilators,2816833.0,14659468.0,31939641.82
202212,302,Corticosteroids (respiratory),2006908.0,2586226.0,56674156.03
202212,303,"Cromoglycate, leukotriene and phosphodesterase type-4 inhib",377004.0,11593934.0,630657.23
202212,304,"Antihistamines, hyposensitisation and allergic emergencies",1104205.0,52566786.0,8601524.17
202212,307,Mucolytics,296230.0,39171418.0,4621353.89
202212,308,Aromatic inhalations,2.0,600.0,11.9
202212,309,Cough preparations,24922.0,6060498.0,67380.36
202212,310,Systemic nasal decongestants,2701.0,315377.0,14027.81
202212,311,Antifibrotics,3.0,231.0,4316.54
202212,401,Hypnotics and anxiolytics,1142670.0,34390113.0,10691572.99
202212,402,Drugs used in psychoses and related disorders,1131860.0,39463849.0,15025231.76
202212,403,Antidepressant drugs,7289971.0,271270694.0,20464294.52
202212,404,CNS stimulants and drugs used for ADHD,213477.0,8341510.0,8863727.86
202212,405,Drugs used in the treatment of obesity,27496.0,2487103.0,831759.99
202212,406,Drugs used in nausea and vertigo,516119.0,31547831.0,3095741.03
202212,407,Analgesics,5096918.0,566945650.2,37521286.43
202212,408,Antiepileptic drugs,2680198.0,218655020.0,31227880.61
202212,409,Drugs used in parkinsonism and related disorders,452823.0,33601300.0,8278004.93
202212,410,Drugs used in substance dependence,306723.0,119292905.8,4619390.92
202212,411,Drugs for dementia,358742.0,9004360.0,2204650.48
202212,501,Antibacterial drugs,4621084.0,214518712.5,30853342.28
202212,502,Antifungal drugs,126551.0,3546928.0,557110.31
202212,503,Antiviral drugs,107799.0,5033100.0,1379251.43
202212,504,Antiprotozoal drugs,199225.0,5542095.0,1118909.17
202212,505,Anthelmintics,5714.0,114036.0,68780.93
202212,601,Drugs used in diabetes,5473092.0,320346868.0,120044910.83
202212,602,Thyroid and antithyroid drugs,2928524.0,106697293.0,5905061.75
202212,603,Corticosteroids (endocrine),911544.0,42519647.0,4157511.5
202212,604,Sex Hormones,1176404.0,67983048.0,15328441.88
202212,605,"Hypothalamic and pituitary hormones and anti, oestrogens",29658.0,1394412.0,3572114.2
202212,606,Drugs affecting bone metabolism,526745.0,2713985.0,5055347.73
202212,607,Other endocrine drugs,7753.0,146368.0,557472.0800000001
202212,701,Drugs used in obstetrics,1.0,60.0,480.0
202212,702,Treatment of vaginal and vulval conditions,282800.0,5369580.0,3768958.84
202212,703,Contraceptives,562602.0,49905666.0,5579427.149999999
202212,704,Drugs for genito-urinary disorders,1885007.0,56772245.0,13118441.14
202212,801,Cytotoxic drugs,16749.0,711064.0,489266.99
202212,802,Drugs affecting the immune response,96425.0,7217648.0,2645472.92
202212,803,Sex hormones and hormone antagonists in malignant disease,275724.0,7818714.0,11025899.04
202212,901,Anaemias and some other blood disorders,1877323.0,79034650.0,6450420.94
202212,902,Fluids and electrolytes,94941.0,7333870.0,1155824.25
202212,903,Intravenous nutrition,1.0,40.0,78.4
202212,904,Oral nutrition (OLD - DO NOT USE),484604.0,2419784505.0,37724442.49
202212,905,Minerals,175914.0,28720988.0,3542660.39
202212,906,Vitamins,2755192.0,125469129.0,12158389.55
202212,908,Metabolic disorders,314.0,100997.0,203985.58
202212,909,Foods,19207.0,99610875.5,2309833.74
202212,910,Compound vitamin and mineral formulations,11467.0,407906.0,74256.86
202212,911,Health supplements,4967.0,312972.0,351090.47000000003
202212,912,Other health supplements,11293.0,412708.0,53035.27
202301,1001,Drugs used in rheumatic diseases and gout,1858326.0,84752890.0,7613419.17
202301,1002,Drugs used in neuromuscular disorders,141091.0,23194871.0,1202440.41
202301,1003,Drugs for soft-tissue disorders and topical pain relief,554263.0,59331063.0,3172409.1
202301,101,Dyspepsia and gastro-oesophageal reflux disease,367587.0,186523014.0,2311294.93
202301,102,Antispasmodics and other drugs altering gut motility,403183.0,33867167.0,5492767.800000001
202301,103,Antisecretory drugs and mucosal protectants,6414608.0,232054733.0,27796323.59
202301,104,Acute diarrhoea,140622.0,12504577.0,713611.59
202301,105,Chronic bowel disorders,217839.0,26203818.0,13996553.99
202301,106,Laxatives,1599049.0,201609089.0,10653143.79
202301,107,Local preparations for anal and rectal disorders,113204.0,2997600.0,793620.01
202301,109,Drugs affecting intestinal secretions,87652.0,19529441.0,4953570.41
202301,1103,Anti-infective eye preparations,139439.0,1211719.0,1469827.49
202301,1104,Corticosteroids and other anti-inflammatory preparations,143340.0,2443845.5,1827903.21
202301,1105,Mydriatics and cycloplegics,7118.0,153211.0,710588.35
202301,1106,Treatment of glaucoma,806833.0,12935900.5,8584331.02
202301,1107,Local anaesthetics,38.0,725.0,435.51
202301,1108,Miscellaneous ophthalmic preparations,150899.0,5042143.0,1560429.33
202301,1201,Drugs acting on the ear,173447.0,1085007.5,873497.48
202301,1202,Drugs acting on the nose,680865.0,3413206.0,5018093.85
202301,1203,Drugs acting on the oropharynx,102932.0,17877069.2,564080.44
202301,1301,Management of skin conditions,3471.0,1964470.0,11317.43
202301,1302,Emollient and barrier preparations,514984.0,266947875.0,3906207.89
202301,1303,Topical local anaesthetics and antipruritics,23653.0,6489631.0,243353.77
202301,1304,Topical corticosteroids,940507.0,50730435.0,5430812.699999999
202301,1305,Preparations for eczema and psoriasis,144198.0,12226837.0,6217476.86
202301,1306,Acne and rosacea,139194.0,6612997.0,2389717.16
202301,1307,Preparations for warts and calluses,8259.0,112516.0,139339.39
202301,1308,Sunscreens and camouflagers,32707.0,1728300.0,1118933.91
202301,1309,Shampoos and other preparations for scalp and hair conditions,103740.0,20325966.0,841775.11
202301,1310,Anti-infective skin preparations,260639.0,8370249.0,1587775.22
202301,1311,"Skin cleansers,antiseptics and desloughing agents",15517.0,7314021.0,130796.44
202301,1312,Antiperspirants,3226.0,185663.0,24607.19
202301,1313,Wound management products,1487.0,16023.0,55599.81
202301,1314,Topical circulatory preparations,6667.0,424054.0,33847.44
202301,1315,Miscellaneous topical preparations,133.0,30355.0,9214.8
202301,1404,Vaccines and antisera,831449.0,832774.0,10875809.89
202301,1405,Immunoglobulins,1.0,1.0,250.0
202301,1501,General anaesthesia,38131.0,15834364.0,389336.42
202301,1502,Local anaesthesia,107579.0,1707295.5,1541521.38
202301,1803,X-Ray contrast media,8.0,9000.0,1575.0
202301,1902,Selective preparations,76841.0,13513159.0,695854.3300000001
202301,1904,Single substances,125.0,65435.0,783.14
202301,1905,Other preparations,791.0,43080.0,10428.12
202301,1906,Acids,372.0,128728.0,11247.72
202301,1907,"Base,diluent, suspending agents and stabilisers",1.0,500.0,1.34
202301,1908,"Colouring,flavouring and sweetening agents",2.0,200.0,31.74
202301,1914,Waters,898.0,9571837.0,9372.42
202301,2001,Absorbent Cottons,106.0,70125.0,886.3599999999999
202301,2002,Arm Sling/Bandages,43766.0,604989.0,1167816.08
202301,2003,Wound Management & Other Dressings,308854.0,5637093.1,10399592.99
202301,2004,Gauzes & Gauze Tissue,6772.0,349336.0,199119.9
202301,2005,Tracheostomy & Laryngectomy Appliances,16248.0,836840.0,1489590.26
202301,2007,Lints,20.0,17625.0,473.04
202301,2009,Stockinette,39654.0,351866.0,536766.04
202301,201,Positive inotropic drugs,214973.0,5691016.0,965893.23
202301,2010,Surgical Adhesive Tape,19395.0,269813.5,84300.84
202301,2011,Surgical Sutures,6652.0,8889.0,18149.35
202301,2012,Swabs,21829.0,4228780.0,86276.52
202301,2014,"Skin Closure Strips, Sterile",4143.0,20622.0,5077.4400000000005
202301,2015,"Skin Adhesive, Sterile",51.0,31.5,374.73
202301,2017,Cervical Collar,17.0,17.0,41.82
202301,202,Diuretics,2466131.0,82514393.0,4622183.4
202301,2020,Silk Garments,517.0,1746.0,31742.24
202301,203,Anti-arrhythmic drugs,77537.0,4146302.0,536514.8200000001
202301,204,Beta-adrenoceptor blocking drugs,3535276.0,135205739.0,6152183.86
202301,205,Hypertension and heart failure,6375608.0,235885147.0,20217752.38
202301,206,"Nitrates, calcium-channel blockers & other antianginal drugs",4726952.0,167400279.0,16547882.05
202301,207,Sympathomimetics and other vasoconstrictor drugs,16733.0,1291504.0,470918.18000000005
202301,208,Anticoagulants and protamine,1740530.0,76616740.0,75179565.72999999
202301,209,Antiplatelet drugs,2699136.0,82316444.0,5590841.07
202301,2101,Other Appliances,936152.0,77562556.0,5436660.48
202301,2102,Catheters,126408.0,8466727.0,16153519.77
202301,2103,Chiropody Appliances,192.0,2509.0,2108.69
202301,2104,Contraceptive Devices,3193.0,3228.0,37068.09
202301,2106,Trusses,125.0,127.0,3877.98
202301,2107,Elastic Hosiery,34071.0,92650.0,651565.92
202301,211,Antifibrinolytic drugs and haemostatics,46319.0,2889307.0,338851.74
202301,2112,Peak Flow Meters,39699.0,39860.0,219528.2
202301,2113,Catheter Maintenance Products,19303.0,11556870.0,685147.43
202301,2114,Lubricant Gels,28643.0,1866678.5,99996.2
202301,2116,Irrigation Solutions,35964.0,1056627.0,255701.49
202301,2118,Vacuum Pumps for Erectile Dysfunction,1566.0,3268.0,176571.22000000003
202301,2119,Oral Film Forming Agents,1222.0,103846.0,61205.91
202301,212,Lipid-regulating drugs,7221211.0,238034715.0,12557278.18
202301,2120,Venous Ulcer Compression System,7595.0,25560.0,398013.95
202301,2121,Dry Mouth Products,38839.0,4022844.0,250427.39
202301,2122,Emollients,796044.0,418004343.0,4762516.11
202301,2123,Vaginal Moisturisers,25087.0,1026969.0,227328.89
202301,2124,Nasal Products,29060.0,1775030.0,96272.68
202301,2125,Vaginal Dilators,264.0,269.0,7827.019999999999
202301,2127,Lymphoedema Garments,41943.0,112201.0,2889182.49
202301,2128,Anal Irrigation System,16007.0,56536.0,2833160.87
202301,2129,Pressure Offloading Device,2688.0,4474.0,99798.41
202301,2130,Eye Products,667270.0,9894174.5,4999723.57
202301,2131,Cycloidal Vibration Accessories,2.0,172.0,860.0
202301,2132,Inhalation Solutions,7171.0,468910.0,179007.85
202301,2133,Indwelling Pleural Cath Drain System,846.0,8277.0,274096.7
202301,2134,Vaginal PH Correction Products,617.0,10388.0,6468.75
202301,2135,Acne Treatment,2.0,50.0,26.0
202301,2136,Adhesive Dressing Remover Ster Silicone,1121.0,81792.0,31412.56
202301,2137,Pelvic Toning Devices,37.0,39.0,583.95
202301,2138,Low Friction Products,2454.0,5642.0,63048.630000000005
202301,2139,Prosthetic Adhesives,12.0,212.0,149.89
202301,2140,Bacterial Decolonisation Products,201.0,21272.0,883.72
202301,2141,Debridement Device,6186.0,74506.0,374779.44
202301,2142,Jaw Rehabilitation Device,91.0,410.0,6818.46
202301,2143,Micro-Enema - Sodium Citrate,129.0,2290.0,994.22
202301,2146,Hernia Support Garments,67.0,95.0,3563.45
202301,2147,Dev For Fungal Nail Infections,56.0,160.0,1113.35
202301,2148,Detection Sensor Interstitial Fluid/Gluc,179513.0,404871.0,14095058.5
202301,2149,Pulsed Electromagnetic Stimulator,39.0,64.0,892.8
202301,2202,Anal Plugs,959.0,35869.0,87598.58
202301,2205,Catheter Valves,12197.0,86757.0,214259.77
202301,2215,Faecal Collectors,284.0,6005.0,14825.15
202301,2230,Incontinence Sheaths,13960.0,554020.0,995071.67
202301,2240,Incontinence Sheath Fixing Strips & Adh,1791.0,52023.0,33281.99
202301,2250,Leg Bags,66294.0,790433.0,2276832.98
202301,2260,Night Drainage Bags,92181.0,2369074.0,1421446.56
202301,2270,Suspensory Systems,1541.0,12284.0,85943.73999999999
202301,2280,Tubing And Accessories,32227.0,221703.0,476805.36
202301,2285,Insert For Female Stress Incont,465.0,681.0,24579.12
202301,2290,Urinal Systems,1235.0,9409.0,66900.14
202301,2305,Adhesive Discs/Rings/Pads/Plasters,24661.0,1668501.0,1073922.55
202301,2310,Adhesive (Pastes/Sprays/Solutions),68.0,5278.0,1152.95
202301,2315,Adhesive Removers (Sprays/Liquids/Wipes),100165.0,13441893.0,2099512.61
202301,2320,Bag Closures,351.0,15593.0,4372.74
202301,2325,Bag Covers,394.0,1310.0,11776.76
202301,2330,Belts,8254.0,12213.0,415461.56
202301,2335,Colostomy Bags,39688.0,2831327.0,9043382.04
202301,2345,Deodorants,7396.0,1457160.0,98179.27
202301,2346,Discharge Solidifying Agents,2565.0,509510.0,152047.35
202301,2350,Filters/Bridges,264.0,15654.0,13747.78
202301,2355,Flanges,19.0,151.0,2638.74
202301,2360,Ileostomy Bags,64671.0,2561239.0,10524170.62
202301,2370,Irrigation Washout Appliances,3172.0,66139.0,111262.64
202301,2375,Pressure Plates/Shields,116.0,525.0,4246.3
202301,2380,Skin Fillers And Protectives,289630.0,31249048.3,3339848.36
202301,2385,Skin Protectors,23582.0,958463.0,1941477.51
202301,2390,Stoma Caps/Dressings,1396.0,65100.0,92434.06
202301,2392,Tubing & Accessories,420.0,7161.0,17741.7
202301,2394,Two Piece Ostomy Systems,21369.0,824837.0,2133750.83
202301,2396,Urostomy Bags,13274.0,396051.0,2443204.9
202301,301,Bronchodilators,2640107.0,13899011.0,30729201.92
202301,302,Corticosteroids (respiratory),1922449.0,2486445.0,54643783.66
202301,303,"Cromoglycate, leukotriene and phosphodesterase type-4 inhib",372844.0,11416687.0,642266.86
202301,304,"Antihistamines, hyposensitisation and allergic emergencies",1140121.0,54493948.0,9495553.67
202301,307,Mucolytics,295618.0,38975497.0,4503576.7
202301,308,Aromatic inhalations,1.0,15.0,1.85
202301,309,Cough preparations,19708.0,4925401.0,64134.34
202301,310,Systemic nasal decongestants,2227.0,229254.0,15112.67
202301,401,Hypnotics and anxiolytics,1161683.0,34428502.0,11073996.99
202301,402,Drugs used in psychoses and related disorders,1133952.0,39310556.0,14905123.71
202301,403,Antidepressant drugs,7343012.0,271867360.0,20832113.43
202301,404,CNS stimulants and drugs used for ADHD,220844.0,8560699.0,9182239.32
202301,405,Drugs used in the treatment of obesity,29621.0,2709272.0,827199.3300000001
202301,406,Drugs used in nausea and vertigo,522865.0,31758113.0,3375801.28
202301,407,Analgesics,5060975.0,559763468.4,36977088.34
202301,408,Antiepileptic drugs,2659548.0,216793779.0,29722422.37
202301,409,Drugs used in parkinsonism and related disorders,450628.0,34536675.0,8356017.55
202301,410,Drugs used in substance dependence,301107.0,117464359.6,4610989.32
202301,411,Drugs for dementia,360778.0,9049243.0,2256221.29
202301,501,Antibacterial drugs,3735739.0,148347927.0,24100636.74
202301,502,Antifungal drugs,133223.0,3685906.0,559102.98
202301,503,Antiviral drugs,102346.0,4911055.0,1251291.38
202301,504,Antiprotozoal drugs,194183.0,5369161.0,1107916.76
202301,505,Anthelmintics,6590.0,133004.0,46589.89
202301,601,Drugs used in diabetes,5449414.0,317376623.0,119267909.95
202301,602,Thyroid and antithyroid drugs,2887337.0,104952689.0,5615958.83
202301,603,Corticosteroids (endocrine),789131.0,37972749.0,3696294.47
202301,604,Sex Hormones,1194047.0,69225871.0,15966126.489999998
202301,605,"Hypothalamic and pituitary hormones and anti, oestrogens",30178.0,1425524.0,3627148.82
202301,606,Drugs affecting bone metabolism,519610.0,2673799.0,5397418.53
202301,607,Other endocrine drugs,8153.0,153628.0,582349.33
202301,701,Drugs used in obstetrics,1.0,1.0,8.0
202301,702,Treatment of vaginal and vulval conditions,296116.0,5598979.5,3921139.32
202301,703,Contraceptives,636140.0,57542652.0,6364875.65
202301,704,Drugs for genito-urinary disorders,1870078.0,55964679.0,12553360.34
202301,801,Cytotoxic drugs,16492.0,707784.0,501309.32
202301,802,Drugs affecting the immune response,95523.0,7162148.0,2654832.12
202301,803,Sex hormones and hormone antagonists in malignant disease,277022.0,7769159.0,11606202.05
202301,901,Anaemias and some other blood disorders,1902002.0,81055279.0,6291829.76
202301,902,Fluids and electrolytes,95568.0,7430531.0,1201560.34
202301,903,Intravenous nutrition,1.0,40.0,110.0
202301,904,Oral nutrition (OLD - DO NOT USE),996.0,20333518.0,448023.76
202301,905,Minerals,194837.0,33335272.0,3955185.78
202301,906,Vitamins,2766224.0,125216483.4,12226469.62
202301,908,Metabolic disorders,228.0,91181.0,129546.22
202301,909,Foods,2.0,12800.0,255.84
202301,910,Compound vitamin and mineral formulations,10671.0,361906.0,35685.26
202301,911,Health supplements,1005.0,112397.0,59417.74
202301,912,Other health supplements,11647.0,435922.0,51580.11
202301,913,Oral nutrition,550950.0,2091328951.5,34545193.120000005
202301,914,Enteral nutrition,28506.0,602317043.0,9698603.55
202302,1001,Drugs used in rheumatic diseases and gout,1725443.0,78330196.0,7143267.4
202302,1002,Drugs used in neuromuscular disorders,129758.0,20954657.0,1100049.99
202302,1003,Drugs for soft-tissue disorders and topical pain relief,518327.0,55485415.0,2916326.6
202302,101,Dyspepsia and gastro-oesophageal reflux disease,327771.0,166148626.0,2093901.32
202302,102,Antispasmodics and other drugs altering gut motility,372063.0,31310821.0,5258184.05
202302,103,Antisecretory drugs and mucosal protectants,5900434.0,212974408.0,25204684.73
202302,104,Acute diarrhoea,128251.0,11326315.0,654142.1799999999
202302,105,Chronic bowel disorders,200066.0,24042647.0,12933216.31
202302,106,Laxatives,1469935.0,184508999.0,9913436.19
202302,107,Local preparations for anal and rectal disorders,104968.0,2781856.0,737275.02
202302,109,Drugs affecting intestinal secretions,80501.0,17836972.0,4549984.4
202302,1103,Anti-infective eye preparations,155763.0,1359568.5,1652930.77
202302,1104,Corticosteroids and other anti-inflammatory preparations,139477.0,2364453.5,1749797.22
202302,1105,Mydriatics and cycloplegics,6646.0,143212.0,625091.91
202302,1106,Treatment of glaucoma,743440.0,11706117.0,7649054.199999999
202302,1107,Local anaesthetics,43.0,838.0,512.0
202302,1108,Miscellaneous ophthalmic preparations,138952.0,4648846.5,1415273.96
202302,1201,Drugs acting on the ear,157720.0,995237.0,804455.7100000001
202302,1202,Drugs acting on the nose,635835.0,3155346.0,4619292.71
202302,1203,Drugs acting on the oropharynx,95220.0,16617820.9,523689.04
202302,1301,Management of skin conditions,3253.0,1842880.0,10614.0
202302,1302,Emollient and barrier preparations,477346.0,247438098.0,3630606.5
202302,1303,Topical local anaesthetics and antipruritics,23532.0,6366776.0,235636.28
202302,1304,Topical corticosteroids,883211.0,47841890.0,5089122.26
202302,1305,Preparations for eczema and psoriasis,136377.0,11512731.0,5884664.3100000005
202302,1306,Acne and rosacea,133412.0,6298436.0,2300524.01
202302,1307,Preparations for warts and calluses,8082.0,105125.5,124098.78
202302,1308,Sunscreens and camouflagers,33148.0,1728075.0,1130642.5
202302,1309,Shampoos and other preparations for scalp and hair conditions,97834.0,19117084.0,1243323.84
202302,1310,Anti-infective skin preparations,247606.0,7849770.0,1484415.18
202302,1311,"Skin cleansers,antiseptics and desloughing agents",13004.0,6110259.0,116500.33000000002
202302,1312,Antiperspirants,3219.0,194760.0,25823.11
202302,1313,Wound management products,1413.0,14046.0,48739.62
202302,1314,Topical circulatory preparations,5708.0,357900.0,28560.42
202302,1315,Miscellaneous topical preparations,143.0,26393.0,10338.89
202302,1404,Vaccines and antisera,510525.0,511388.5,6690201.88
202302,1405,Immunoglobulins,8.0,8.0,1888.0
202302,1501,General anaesthesia,31350.0,7676801.5,309821.73
202302,1502,Local anaesthesia,105215.0,1659084.5,1466549.82
202302,1803,X-Ray contrast media,10.0,8700.0,1522.5
202302,1902,Selective preparations,53391.0,11718486.0,598179.71
202302,1904,Single substances,134.0,113699.0,1480.26
202302,1905,Other preparations,761.0,39678.0,9998.8
202302,1906,Acids,342.0,128322.0,12619.13
202302,1908,"Colouring,flavouring and sweetening agents",6.0,750.0,103.44
202302,1914,Waters,835.0,8369296.0,8376.689999999999
202302,2001,Absorbent Cottons,88.0,62400.0,743.5
202302,2002,Arm Sling/Bandages,39594.0,543821.0,1040182.12
202302,2003,Wound Management & Other Dressings,282739.0,5128253.4,9527819.38
202302,2004,Gauzes & Gauze Tissue,6238.0,294895.0,181184.62
202302,2005,Tracheostomy & Laryngectomy Appliances,15404.0,791362.0,1400010.43
202302,2007,Lints,13.0,36725.0,969.4
202302,2009,Stockinette,35907.0,314634.0,480449.11
202302,201,Positive inotropic drugs,197874.0,5258946.0,901680.55
202302,2010,Surgical Adhesive Tape,17561.0,244680.0,78371.54
202302,2011,Surgical Sutures,6037.0,8834.0,18491.09
202302,2012,Swabs,19275.0,3730904.0,76671.19
202302,2014,"Skin Closure Strips, Sterile",3849.0,20349.0,5005.93
202302,2015,"Skin Adhesive, Sterile",51.0,36.0,465.88
202302,2017,Cervical Collar,21.0,22.0,54.12
202302,202,Diuretics,2280205.0,76187279.0,4492712.279999999
202302,2020,Silk Garments,538.0,1707.0,30401.22
202302,203,Anti-arrhythmic drugs,71123.0,3831470.0,494973.85
202302,204,Beta-adrenoceptor blocking drugs,3262796.0,124712739.0,5690981.23
202302,205,Hypertension and heart failure,5908031.0,218454345.0,19317247.73
202302,206,"Nitrates, calcium-channel blockers & other antianginal drugs",4391935.0,155433398.0,15924732.39
202302,207,Sympathomimetics and other vasoconstrictor drugs,15484.0,1185701.0,433304.24
202302,208,Anticoagulants and protamine,1608325.0,70536696.0,69798933.39
202302,209,Antiplatelet drugs,2486553.0,75772504.0,5103741.24
202302,2101,Other Appliances,862424.0,70686775.0,5013668.74
202302,2102,Catheters,107401.0,7263800.0,13811089.75
202302,2103,Chiropody Appliances,151.0,2836.0,2207.86
202302,2104,Contraceptive Devices,2932.0,2968.0,33856.91
202302,2106,Trusses,107.0,111.0,3554.06
202302,2107,Elastic Hosiery,34111.0,93126.0,650431.5599999999
202302,211,Antifibrinolytic drugs and haemostatics,44042.0,2746634.0,329956.06999999995
202302,2112,Peak Flow Meters,38136.0,38346.0,210915.6
202302,2113,Catheter Maintenance Products,16716.0,9827280.0,572252.26
202302,2114,Lubricant Gels,24355.0,1670389.5,88169.99
202302,2116,Irrigation Solutions,32417.0,954723.0,232568.5
202302,2118,Vacuum Pumps for Erectile Dysfunction,1595.0,3263.0,181510.15
202302,2119,Oral Film Forming Agents,1218.0,102522.0,59147.19
202302,212,Lipid-regulating drugs,6693266.0,220409093.0,11699583.24
202302,2120,Venous Ulcer Compression System,7302.0,24814.0,376467.04
202302,2121,Dry Mouth Products,36589.0,3799816.0,242123.07
202302,2122,Emollients,741988.0,388985570.0,4448969.55
202302,2123,Vaginal Moisturisers,23701.0,970082.0,210997.16
202302,2124,Nasal Products,25105.0,1422709.0,78010.61
202302,2125,Vaginal Dilators,238.0,243.0,7369.78
202302,2127,Lymphoedema Garments,41331.0,108487.0,2862878.63
202302,2128,Anal Irrigation System,14375.0,46999.0,2549527.85
202302,2129,Pressure Offloading Device,2486.0,4168.0,92848.64
202302,2130,Eye Products,617769.0,9185733.5,4647451.220000001
202302,2131,Cycloidal Vibration Accessories,6.0,435.0,2175.0
202302,2132,Inhalation Solutions,6491.0,428726.0,163776.19
202302,2133,Indwelling Pleural Cath Drain System,824.0,8065.0,262889.36
202302,2134,Vaginal PH Correction Products,598.0,10161.0,5976.0
202302,2135,Acne Treatment,3.0,150.0,78.0
202302,2136,Adhesive Dressing Remover Ster Silicone,997.0,69003.0,28908.370000000003
202302,2137,Pelvic Toning Devices,43.0,45.0,675.0
202302,2138,Low Friction Products,2320.0,5022.0,53883.76
202302,2139,Prosthetic Adhesives,15.0,198.0,149.52
202302,2140,Bacterial Decolonisation Products,190.0,21252.0,912.89
202302,2141,Debridement Device,5715.0,68290.0,343453.5
202302,2142,Jaw Rehabilitation Device,84.0,577.0,6339.219999999999
202302,2143,Micro-Enema - Sodium Citrate,124.0,2002.0,869.17
202302,2145,Douches,2.0,2.0,10.34
202302,2146,Hernia Support Garments,66.0,90.0,3375.9
202302,2147,Dev For Fungal Nail Infections,58.0,162.0,1151.29
202302,2148,Detection Sensor Interstitial Fluid/Gluc,170121.0,382956.0,13308383.6
202302,2149,Pulsed Electromagnetic Stimulator,31.0,48.0,669.6
202302,2202,Anal Plugs,852.0,31557.0,77217.83
202302,2205,Catheter Valves,10545.0,75400.0,186524.19
202302,2210,Drainable Dribbling Appliances,2.0,4.0,179.01999999999998
202302,2215,Faecal Collectors,245.0,5046.0,12349.65
202302,2220,Incontinence Belts,2.0,2.0,13.97
202302,2230,Incontinence Sheaths,11821.0,474906.0,849233.32
202302,2240,Incontinence Sheath Fixing Strips & Adh,1567.0,45910.0,29822.37
202302,2250,Leg Bags,55462.0,663829.0,1905956.47
202302,2260,Night Drainage Bags,79053.0,2024437.0,1208946.39
202302,2270,Suspensory Systems,1286.0,10047.0,67120.17
202302,2280,Tubing And Accessories,27450.0,189527.0,405824.12
202302,2285,Insert For Female Stress Incont,401.0,507.0,18485.35
202302,2290,Urinal Systems,1199.0,8383.0,57624.55
202302,2305,Adhesive Discs/Rings/Pads/Plasters,21546.0,1482204.0,950968.13
202302,2310,Adhesive (Pastes/Sprays/Solutions),56.0,5526.0,1315.17
202302,2315,Adhesive Removers (Sprays/Liquids/Wipes),88184.0,11877133.0,1855019.38
202302,2320,Bag Closures,317.0,14027.0,4099.599999999999
202302,2325,Bag Covers,421.0,1478.0,13355.16
202302,2330,Belts,8679.0,12645.0,461924.42
202302,2335,Colostomy Bags,35153.0,2505984.0,8001117.86
202302,2345,Deodorants,6732.0,1298036.0,88586.09
202302,2346,Discharge Solidifying Agents,2281.0,443585.0,131964.24
202302,2350,Filters/Bridges,240.0,14790.0,12761.03
202302,2355,Flanges,18.0,85.0,1284.49
202302,2360,Ileostomy Bags,56369.0,2229593.0,9168970.55
202302,2370,Irrigation Washout Appliances,2863.0,60604.0,112373.56
202302,2375,Pressure Plates/Shields,115.0,481.0,3764.07
202302,2380,Skin Fillers And Protectives,259810.0,28236679.7,2976734.29
202302,2385,Skin Protectors,20459.0,833943.0,1693309.87
202302,2390,Stoma Caps/Dressings,1281.0,62940.0,89135.05
202302,2392,Tubing & Accessories,387.0,6885.0,17629.71
202302,2394,Two Piece Ostomy Systems,19002.0,731603.0,1885320.34
202302,2396,Urostomy Bags,11635.0,347853.0,2148155.7800000003
202302,301,Bronchodilators,2366364.0,12615198.0,28222716.03
202302,302,Corticosteroids (respiratory),1748314.0,2260854.0,49801772.96
202302,303,"Cromoglycate, leukotriene and phosphodesterase type-4 inhib",344545.0,10527455.0,590293.72
202302,304,"Antihistamines, hyposensitisation and allergic emergencies",1072986.0,51230827.0,8847350.870000001
202302,307,Mucolytics,271469.0,35564792.0,3156069.75
202302,308,Aromatic inhalations,1.0,50.0,1.58
202302,309,Cough preparations,16087.0,4123209.0,49716.86
202302,310,Systemic nasal decongestants,1917.0,188816.0,13313.75
202302,311,Antifibrotics,1.0,84.0,1806.93
202302,401,Hypnotics and anxiolytics,1065822.0,31520938.0,9863993.88
202302,402,Drugs used in psychoses and related disorders,1040777.0,35956676.0,12823565.0
202302,403,Antidepressant drugs,6768018.0,250001016.0,18635239.76
202302,404,CNS stimulants and drugs used for ADHD,215358.0,8441668.0,8919521.299999999
202302,405,Drugs used in the treatment of obesity,28258.0,2591891.0,792097.12
202302,406,Drugs used in nausea and vertigo,483533.0,29491971.0,3157581.6900000004
202302,407,Analgesics,4635498.0,510335637.8,33725457.83
202302,408,Antiepileptic drugs,2452571.0,198844572.0,27103365.73
202302,409,Drugs used in parkinsonism and related disorders,410977.0,31665319.0,7566176.98
202302,410,Drugs used in substance dependence,278176.0,108824344.0,4295859.7
202302,411,Drugs for dementia,331791.0,8311509.0,2004638.97
202302,501,Antibacterial drugs,3196457.0,137626903.0,20560437.31
202302,502,Antifungal drugs,123326.0,3458639.0,575303.0599999999
202302,503,Antiviral drugs,88758.0,4446254.0,1101653.16
202302,504,Antiprotozoal drugs,177071.0,4879860.0,987714.65
202302,505,Anthelmintics,6284.0,125370.0,51829.62
202302,601,Drugs used in diabetes,5032770.0,292063965.0,110190995.53
202302,602,Thyroid and antithyroid drugs,2654488.0,96288403.0,5254489.25
202302,603,Corticosteroids (endocrine),663442.0,32518363.0,3298204.91
202302,604,Sex Hormones,1121992.0,65635202.5,14874481.4
202302,605,"Hypothalamic and pituitary hormones and anti, oestrogens",28092.0,1309126.0,3495709.02
202302,606,Drugs affecting bone metabolism,476663.0,2451302.0,4906350.32
202302,607,Other endocrine drugs,7373.0,137024.0,527159.52
202302,701,Drugs used in obstetrics,3.0,3.0,36.77
202302,702,Treatment of vaginal and vulval conditions,280371.0,5372864.0,3687716.34
202302,703,Contraceptives,562552.0,50663923.0,5688063.96
202302,704,Drugs for genito-urinary disorders,1731236.0,51853703.0,11703246.61
202302,801,Cytotoxic drugs,15111.0,645652.0,471789.06
202302,802,Drugs affecting the immune response,87557.0,6587936.0,2526002.64
202302,803,Sex hormones and hormone antagonists in malignant disease,252094.0,7049115.0,10462882.05
202302,901,Anaemias and some other blood disorders,1767986.0,76317237.0,5907306.95
202302,902,Fluids and electrolytes,87586.0,6716537.0,1124645.49
202302,904,Oral nutrition (OLD - DO NOT USE),889.0,18109654.0,442707.95
202302,905,Minerals,188950.0,33128135.0,3818611.99
202302,906,Vitamins,2558067.0,115268346.3,11381314.32
202302,908,Metabolic disorders,180.0,67631.0,76645.53
202302,910,Compound vitamin and mineral formulations,9830.0,329716.0,32719.38
202302,911,Health supplements,980.0,120261.0,54594.27
202302,912,Other health supplements,10669.0,383549.0,45862.8
202302,913,Oral nutrition,509628.0,1923016013.0,32584895.36
202302,914,Enteral nutrition,27044.0,561581037.0,9600275.72
202303,1001,Drugs used in rheumatic diseases and gout,1969422.0,89371868.0,8029589.300000001
202303,1002,Drugs used in neuromuscular disorders,148635.0,24125985.0,1286010.08
202303,1003,Drugs for soft-tissue disorders and topical pain relief,589979.0,63215980.0,3279012.92
202303,101,Dyspepsia and gastro-oesophageal reflux disease,381735.0,195420845.0,2377653.85
202303,102,Antispasmodics and other drugs altering gut motility,424749.0,35806364.0,5913961.2
202303,103,Antisecretory drugs and mucosal protectants,6734688.0,243420483.0,28034224.62
202303,104,Acute diarrhoea,146421.0,12860464.0,752324.4
202303,105,Chronic bowel disorders,227769.0,27434383.0,14631554.89
202303,106,Laxatives,1670779.0,209912353.0,11236269.47
202303,107,Local preparations for anal and rectal disorders,117138.0,3098804.0,807776.85
202303,109,Drugs affecting intestinal secretions,92519.0,20679448.0,5275815.74
202303,1103,Anti-infective eye preparations,170587.0,1508868.5,1899465.24
202303,1104,Corticosteroids and other anti-inflammatory preparations,166153.0,2772380.0,2056781.86
202303,1105,Mydriatics and cycloplegics,7359.0,163841.0,693487.96
202303,1106,Treatment of glaucoma,841969.0,12782686.0,8970012.68
202303,1107,Local anaesthetics,30.0,932.0,553.5
202303,1108,Miscellaneous ophthalmic preparations,157559.0,5324591.5,1643416.52
202303,1201,Drugs acting on the ear,169558.0,1068136.5,865771.64
202303,1202,Drugs acting on the nose,733287.0,3653122.0,5187612.029999999
202303,1203,Drugs acting on the oropharynx,107080.0,18808868.2,590342.93
202303,1301,Management of skin conditions,3721.0,2112455.0,12160.99
202303,1302,Emollient and barrier preparations,545157.0,282746875.0,4147758.01
202303,1303,Topical local anaesthetics and antipruritics,27504.0,7403719.0,271400.26
202303,1304,Topical corticosteroids,999835.0,55556846.0,5889696.32
202303,1305,Preparations for eczema and psoriasis,156840.0,13244668.0,6526757.07
202303,1306,Acne and rosacea,149523.0,7056914.0,2531347.1100000003
202303,1307,Preparations for warts and calluses,9527.0,137511.0,171752.85
202303,1308,Sunscreens and camouflagers,38342.0,1980677.0,1306739.01
202303,1309,Shampoos and other preparations for scalp and hair conditions,106353.0,20926568.0,1327336.51
202303,1310,Anti-infective skin preparations,283379.0,8978033.5,1701347.55
202303,1311,"Skin cleansers,antiseptics and desloughing agents",16084.0,7540591.0,137310.55
202303,1312,Antiperspirants,3751.0,215130.0,24615.07
202303,1313,Wound management products,1631.0,17043.0,67746.2
202303,1314,Topical circulatory preparations,5922.0,369968.0,29526.09
202303,1315,Miscellaneous topical preparations,162.0,35905.0,14361.67
202303,1404,Vaccines and antisera,369762.0,370495.0,4818908.87
202303,1405,Immunoglobulins,3.0,3.0,1250.0
202303,1501,General anaesthesia,35480.0,9913498.0,353019.64
202303,1502,Local anaesthesia,119184.0,1893274.0,1680184.0
202303,1803,X-Ray contrast media,6.0,5500.0,962.5
202303,1902,Selective preparations,52773.0,12814883.0,620994.63
202303,1904,Single substances,147.0,101560.0,4799.82
202303,1905,Other preparations,790.0,44644.0,10861.66
202303,1906,Acids,383.0,150218.0,12555.41
202303,1907,"Base,diluent, suspending agents and stabilisers",1.0,500.0,1.34
202303,1908,"Colouring,flavouring and sweetening agents",7.0,800.0,114.08
202303,1909,"Disinfectants, preservatives and sterilising agents",1.0,500.0,7.42
202303,1914,Waters,974.0,10098317.0,10581.63
202303,2001,Absorbent Cottons,98.0,73050.0,901.1
202303,2002,Arm Sling/Bandages,43599.0,599632.0,1146546.92
202303,2003,Wound Management & Other Dressings,317330.0,5736733.2,10690096.4
202303,2004,Gauzes & Gauze Tissue,6711.0,362026.0,192390.51
202303,2005,Tracheostomy & Laryngectomy Appliances,16915.0,861555.0,1533097.59
202303,2006,Foam,1.0,1.0,5.34
202303,2007,Lints,15.0,7725.0,211.65
202303,2009,Stockinette,39677.0,347599.0,549934.29
202303,201,Positive inotropic drugs,224689.0,5967275.0,788126.76
202303,2010,Surgical Adhesive Tape,19451.0,268520.5,88516.73999999999
202303,2011,Surgical Sutures,6733.0,9346.0,18834.01
202303,2012,Swabs,23829.0,4508747.0,88863.79000000001
202303,2014,"Skin Closure Strips, Sterile",4493.0,22317.0,5503.16
202303,2015,"Skin Adhesive, Sterile",67.0,55.5,667.76
202303,2017,Cervical Collar,13.0,15.0,36.900000000000006
202303,2018,Cellulose Wadding BP 1988,2.0,8500.0,37.4
202303,202,Diuretics,2598351.0,86960292.0,5107411.94
202303,2020,Silk Garments,599.0,2044.0,38696.77
202303,203,Anti-arrhythmic drugs,80958.0,4368485.0,514636.99
202303,204,Beta-adrenoceptor blocking drugs,3726160.0,143008337.0,6625316.74
202303,205,Hypertension and heart failure,6754532.0,250399094.0,22488242.41
202303,206,"Nitrates, calcium-channel blockers & other antianginal drugs",5038477.0,178719661.0,18439147.08
202303,207,Sympathomimetics and other vasoconstrictor drugs,17869.0,1352796.0,491092.25
202303,208,Anticoagulants and protamine,1838133.0,80244544.0,80262555.3
202303,209,Antiplatelet drugs,2819918.0,86076580.0,5770363.08
202303,2101,Other Appliances,957396.0,79778093.0,5542181.86
202303,2102,Catheters,126040.0,8626115.0,16425180.63
202303,2103,Chiropody Appliances,194.0,2982.0,2975.8
202303,2104,Contraceptive Devices,3264.0,3306.0,38047.99
202303,2106,Trusses,109.0,116.0,3495.09
202303,2107,Elastic Hosiery,38666.0,104873.0,737656.15
202303,211,Antifibrinolytic drugs and haemostatics,51102.0,3182673.0,381602.86
202303,2112,Peak Flow Meters,40321.0,40462.0,222527.96
202303,2113,Catheter Maintenance Products,18355.0,10733810.0,622689.79
202303,2114,Lubricant Gels,27845.0,1917855.5,98856.04
202303,2116,Irrigation Solutions,36311.0,1036090.0,261901.53
202303,2118,Vacuum Pumps for Erectile Dysfunction,1750.0,3615.0,199420.26
202303,2119,Oral Film Forming Agents,1380.0,110931.0,69258.16
202303,212,Lipid-regulating drugs,7666811.0,253260207.0,13408018.22
202303,2120,Venous Ulcer Compression System,8382.0,28647.0,439914.64
202303,2121,Dry Mouth Products,41887.0,4271666.0,273054.66000000003
202303,2122,Emollients,852540.0,446562588.0,5113614.7
202303,2123,Vaginal Moisturisers,25192.0,1026991.0,230077.4
202303,2124,Nasal Products,26499.0,1633083.0,88564.69
202303,2125,Vaginal Dilators,261.0,269.0,8459.06
202303,2127,Lymphoedema Garments,47028.0,124591.0,3262745.79
202303,2128,Anal Irrigation System,17089.0,58597.0,3094742.32
202303,2129,Pressure Offloading Device,2760.0,4613.0,102407.48
202303,213,Local sclerosants,1.0,1.0,6.73
202303,2130,Eye Products,710368.0,10497375.5,5332465.98
202303,2131,Cycloidal Vibration Accessories,4.0,291.0,1455.0
202303,2132,Inhalation Solutions,7389.0,484044.0,184020.09
202303,2133,Indwelling Pleural Cath Drain System,956.0,8930.0,288399.27
202303,2134,Vaginal PH Correction Products,628.0,10277.0,6772.5
202303,2135,Acne Treatment,9.0,350.0,126.0
202303,2136,Adhesive Dressing Remover Ster Silicone,1179.0,88481.0,33915.45
202303,2137,Pelvic Toning Devices,50.0,53.0,795.0
202303,2138,Low Friction Products,2248.0,5040.0,56086.09
202303,2139,Prosthetic Adhesives,12.0,175.0,138.38
202303,2140,Bacterial Decolonisation Products,178.0,21990.0,825.3199999999999
202303,2141,Debridement Device,6460.0,74876.0,379262.82
202303,2142,Jaw Rehabilitation Device,88.0,500.0,6360.6
202303,2143,Micro-Enema - Sodium Citrate,109.0,1791.0,777.61
202303,2145,Douches,1.0,1.0,5.17
202303,2146,Hernia Support Garments,79.0,125.0,4688.75
202303,2147,Dev For Fungal Nail Infections,77.0,187.0,1625.54
202303,2148,Detection Sensor Interstitial Fluid/Gluc,199027.0,449282.0,15541485.05
202303,2149,Pulsed Electromagnetic Stimulator,39.0,57.0,795.15
202303,2202,Anal Plugs,952.0,35900.0,87717.59999999999
202303,2205,Catheter Valves,12311.0,87378.0,217738.08
202303,2215,Faecal Collectors,282.0,5955.0,14590.330000000002
202303,2220,Incontinence Belts,1.0,30.0,133.2
202303,2230,Incontinence Sheaths,14079.0,564684.0,1021026.2
202303,2240,Incontinence Sheath Fixing Strips & Adh,1865.0,53224.0,34663.48
202303,2250,Leg Bags,65317.0,778827.0,2249138.62
202303,2260,Night Drainage Bags,93653.0,2383189.0,1434186.04
202303,2270,Suspensory Systems,1710.0,13109.0,88451.56
202303,2280,Tubing And Accessories,32491.0,223308.0,479010.93
202303,2285,Insert For Female Stress Incont,622.0,1192.0,45735.06
202303,2290,Urinal Systems,1284.0,9115.0,62050.29000000001
202303,2305,Adhesive Discs/Rings/Pads/Plasters,26483.0,1801064.0,1162539.91
202303,2310,Adhesive (Pastes/Sprays/Solutions),72.0,5924.0,1416.19
202303,2315,Adhesive Removers (Sprays/Liquids/Wipes),106142.0,14284557.0,2235182.29
202303,2320,Bag Closures,413.0,18110.0,5590.46
202303,2325,Bag Covers,409.0,1418.0,12846.75
202303,2330,Belts,9593.0,13966.0,498370.47
202303,2335,Colostomy Bags,41122.0,2933307.0,9398431.07
202303,2345,Deodorants,8164.0,1593691.0,107709.47
202303,2346,Discharge Solidifying Agents,2855.0,544910.0,163650.3
202303,2350,Filters/Bridges,313.0,17510.0,16907.16
202303,2355,Flanges,19.0,125.0,2130.45
202303,2360,Ileostomy Bags,68872.0,2706243.0,11181891.18
202303,2370,Irrigation Washout Appliances,3409.0,74872.0,128766.4
202303,2375,Pressure Plates/Shields,135.0,563.0,4750.36
202303,2380,Skin Fillers And Protectives,301576.0,32343940.7,3492005.8
202303,2385,Skin Protectors,25299.0,1025056.0,2084636.06
202303,2390,Stoma Caps/Dressings,1535.0,72715.0,104143.2
202303,2392,Tubing & Accessories,463.0,8179.0,21223.0
202303,2394,Two Piece Ostomy Systems,22812.0,887022.0,2290755.96
202303,2396,Urostomy Bags,13867.0,411130.0,2559738.89
202303,301,Bronchodilators,2639025.0,14002172.0,32242960.56
202303,302,Corticosteroids (respiratory),1978599.0,2567194.0,56462986.19
202303,303,"Cromoglycate, leukotriene and phosphodesterase type-4 inhib",394098.0,12048220.0,674735.66
202303,304,"Antihistamines, hyposensitisation and allergic emergencies",1258784.0,60683764.0,11386020.03
202303,307,Mucolytics,310472.0,40505682.0,3034485.0500000003
202303,308,Aromatic inhalations,1.0,7.5,1.05
202303,309,Cough preparations,15905.0,4135458.0,48419.43000000001
202303,310,Systemic nasal decongestants,1801.0,169026.0,14137.64
202303,401,Hypnotics and anxiolytics,1212859.0,36247675.0,11607937.46
202303,402,Drugs used in psychoses and related disorders,1180876.0,40813044.0,14453734.58
202303,403,Antidepressant drugs,7742089.0,286415893.0,20934041.83
202303,404,CNS stimulants and drugs used for ADHD,250440.0,9694881.0,10389785.83
202303,405,Drugs used in the treatment of obesity,35167.0,3234278.0,987682.06
202303,406,Drugs used in nausea and vertigo,549433.0,33529588.0,3705352.19
202303,407,Analgesics,5274025.0,578486008.2,38226003.9
202303,408,Antiepileptic drugs,2792219.0,226653282.0,30519669.4
202303,409,Drugs used in parkinsonism and related disorders,466361.0,36086094.0,8808858.73
202303,410,Drugs used in substance dependence,313576.0,121571087.6,4919173.51
202303,411,Drugs for dementia,376383.0,9434074.0,2298991.33
202303,501,Antibacterial drugs,3467292.0,148001480.5,22818612.53
202303,502,Antifungal drugs,141412.0,3991367.0,629496.85
202303,503,Antiviral drugs,101785.0,5089426.0,1252101.97
202303,504,Antiprotozoal drugs,199752.0,5529732.0,1084238.84
202303,505,Anthelmintics,7053.0,138351.0,99641.58
202303,601,Drugs used in diabetes,5753676.0,333597435.0,126714616.09
202303,602,Thyroid and antithyroid drugs,3029231.0,110021348.0,5896591.3
202303,603,Corticosteroids (endocrine),734394.0,36319788.0,3612644.07
202303,604,Sex Hormones,1302366.0,76918616.0,16954229.53
202303,605,"Hypothalamic and pituitary hormones and anti, oestrogens",31804.0,1496257.0,3662420.14
202303,606,Drugs affecting bone metabolism,541173.0,2773146.0,5499609.109999999
202303,607,Other endocrine drugs,8448.0,162923.0,614799.88
202303,701,Drugs used in obstetrics,1.0,1.0,1.57
202303,702,Treatment of vaginal and vulval conditions,320673.0,6129002.0,4240126.23
202303,703,Contraceptives,624518.0,56107175.0,6118070.5
202303,704,Drugs for genito-urinary disorders,1975325.0,59304985.0,13338347.54
202303,801,Cytotoxic drugs,17333.0,749505.0,512674.19
202303,802,Drugs affecting the immune response,99282.0,7442271.0,2719081.69
202303,803,Sex hormones and hormone antagonists in malignant disease,286147.0,8057940.0,11714625.21
202303,901,Anaemias and some other blood disorders,2014167.0,88279580.0,6762472.390000001
202303,902,Fluids and electrolytes,101317.0,7647984.0,1263073.52
202303,904,Oral nutrition (OLD - DO NOT USE),979.0,19857620.0,489801.9
202303,905,Minerals,211826.0,35999573.0,4273950.91
202303,906,Vitamins,2919388.0,131483766.8,12990482.09
202303,908,Metabolic disorders,268.0,93978.0,135869.7
202303,909,Foods,1.0,20000.0,168.0
202303,910,Compound vitamin and mineral formulations,10851.0,367254.0,35586.63
202303,911,Health supplements,1068.0,124587.0,60033.17
202303,912,Other health supplements,12274.0,435986.0,55424.600000000006
202303,913,Oral nutrition,578104.0,2183721739.0,37614600.19
202303,914,Enteral nutrition,30347.0,635598054.0,10933017.22
202304,1001,Drugs used in rheumatic diseases and gout,1755606.0,79418230.0,7007027.04
202304,1002,Drugs used in neuromuscular disorders,132404.0,21332889.0,1140974.75
202304,1003,Drugs for soft-tissue disorders and topical pain relief,524940.0,56559161.0,2949670.65
202304,101,Dyspepsia and gastro-oesophageal reflux disease,339893.0,175145399.0,2137811.8
202304,102,Antispasmodics and other drugs altering gut motility,377958.0,31885745.0,5315399.779999999
202304,103,Antisecretory drugs and mucosal protectants,6054669.0,218613208.0,24591944.17
202304,104,Acute diarrhoea,131087.0,11576545.0,683753.53
202304,105,Chronic bowel disorders,205163.0,24673291.0,12752744.9
202304,106,Laxatives,1486570.0,186195352.0,10041179.31
202304,107,Local preparations for anal and rectal disorders,99857.0,2652336.0,701857.7999999999
202304,109,Drugs affecting intestinal secretions,83428.0,18429703.0,4702942.41
202304,1103,Anti-infective eye preparations,131418.0,1182163.5,1508056.0699999998
202304,1104,Corticosteroids and other anti-inflammatory preparations,170064.0,2757725.0,1775689.61
202304,1105,Mydriatics and cycloplegics,6591.0,143118.0,610735.9
202304,1106,Treatment of glaucoma,780514.0,12602248.0,8113536.4
202304,1107,Local anaesthetics,46.0,944.0,572.68
202304,1108,Miscellaneous ophthalmic preparations,144313.0,4854465.5,1524450.86
202304,1201,Drugs acting on the ear,134861.0,847033.0,690036.04
202304,1202,Drugs acting on the nose,686151.0,3235903.0,4850832.92
202304,1203,Drugs acting on the oropharynx,81676.0,15274589.9,469885.8
202304,1301,Management of skin conditions,3341.0,1870870.0,10816.63
202304,1302,Emollient and barrier preparations,478396.0,248074102.0,3739766.39
202304,1303,Topical local anaesthetics and antipruritics,23746.0,6453942.0,246504.85
202304,1304,Topical corticosteroids,857527.0,48083816.0,4998116.45
202304,1305,Preparations for eczema and psoriasis,139244.0,11718857.0,5748902.24
202304,1306,Acne and rosacea,131866.0,6239705.0,2300401.69
202304,1307,Preparations for warts and calluses,8299.0,114341.0,144800.89
202304,1308,Sunscreens and camouflagers,32620.0,1770219.0,1107010.2
202304,1309,Shampoos and other preparations for scalp and hair conditions,92417.0,18300484.0,1145410.33
202304,1310,Anti-infective skin preparations,243133.0,7760405.5,1451475.25
202304,1311,"Skin cleansers,antiseptics and desloughing agents",14847.0,7067799.0,130152.47
202304,1312,Antiperspirants,3177.0,180423.0,21612.87
202304,1313,Wound management products,1387.0,14802.0,59281.68
202304,1314,Topical circulatory preparations,6245.0,402600.0,32127.48
202304,1315,Miscellaneous topical preparations,128.0,22040.0,10426.48
202304,1404,Vaccines and antisera,186938.0,187744.0,2510491.35
202304,1405,Immunoglobulins,1.0,1.0,250.0
202304,1501,General anaesthesia,30510.0,274353.0,304992.41000000003
202304,1502,Local anaesthesia,96705.0,1635140.0,1485653.12
202304,1803,X-Ray contrast media,10.0,11900.0,2082.5
202304,1902,Selective preparations,58238.0,11906824.0,583321.6
202304,1904,Single substances,114.0,89995.0,1067.03
202304,1905,Other preparations,725.0,37748.0,9501.86
202304,1906,Acids,335.0,125782.0,10823.25
202304,1908,"Colouring,flavouring and sweetening agents",4.0,400.0,61.76
202304,1914,Waters,861.0,9102285.0,9296.75
202304,2001,Absorbent Cottons,94.0,61350.0,745.31
202304,2002,Arm Sling/Bandages,36854.0,512252.0,986105.23
202304,2003,Wound Management & Other Dressings,270266.0,4953599.3,9162560.29
202304,2004,Gauzes & Gauze Tissue,5710.0,314891.0,169199.25
202304,2005,Tracheostomy & Laryngectomy Appliances,16667.0,871919.0,1539771.35
202304,2007,Lints,7.0,5550.0,145.79000000000002
202304,2009,Stockinette,33888.0,291348.0,466439.03
202304,201,Positive inotropic drugs,202012.0,5354000.0,852285.19
202304,2010,Surgical Adhesive Tape,16468.0,229634.0,74274.67
202304,2011,Surgical Sutures,5090.0,7045.0,14479.78
202304,2012,Swabs,19399.0,3829304.0,77390.20000000001
202304,2014,"Skin Closure Strips, Sterile",3632.0,19866.0,4907.82
202304,2015,"Skin Adhesive, Sterile",51.0,50.5,617.24
202304,2017,Cervical Collar,19.0,24.0,59.04
202304,2018,Cellulose Wadding BP 1988,1.0,500.0,2.2
202304,202,Diuretics,2348326.0,78453362.0,4784238.3100000005
202304,2020,Silk Garments,549.0,1736.0,32592.85
202304,203,Anti-arrhythmic drugs,73044.0,3916833.0,470155.09
202304,204,Beta-adrenoceptor blocking drugs,3352417.0,128470202.0,5730001.93
202304,205,Hypertension and heart failure,6104384.0,225890499.0,20300975.86
202304,206,"Nitrates, calcium-channel blockers & other antianginal drugs",4547801.0,160917214.0,16309506.45
202304,207,Sympathomimetics and other vasoconstrictor drugs,16179.0,1237569.0,429629.41
202304,208,Anticoagulants and protamine,1653889.0,71992446.0,72267362.03
202304,209,Antiplatelet drugs,2544410.0,77553775.0,5389459.109999999
202304,2101,Other Appliances,823568.0,71289973.0,4723899.28
202304,2102,Catheters,109527.0,7709856.0,14722476.9
202304,2103,Chiropody Appliances,153.0,2017.0,1170.86
202304,2104,Contraceptive Devices,2562.0,2607.0,29844.5
202304,2106,Trusses,98.0,102.0,3148.68
202304,2107,Elastic Hosiery,32658.0,88584.0,613297.27
202304,211,Antifibrinolytic drugs and haemostatics,42887.0,2668988.0,299004.14
202304,2112,Peak Flow Meters,30642.0,30769.0,168460.9
202304,2113,Catheter Maintenance Products,16088.0,9718990.0,566540.18
202304,2114,Lubricant Gels,23400.0,1599810.0,81586.93999999999
202304,2116,Irrigation Solutions,31489.0,845080.0,233544.76
202304,2118,Vacuum Pumps for Erectile Dysfunction,1433.0,2939.0,168044.94
202304,2119,Oral Film Forming Agents,1241.0,106389.0,64537.9
202304,212,Lipid-regulating drugs,6923393.0,229248843.0,12814506.4
202304,2120,Venous Ulcer Compression System,7371.0,25204.0,373333.45
202304,2121,Dry Mouth Products,36893.0,3800714.0,242103.45
202304,2122,Emollients,758378.0,399191935.0,4561889.26
202304,2123,Vaginal Moisturisers,20962.0,825380.0,195889.39
202304,2124,Nasal Products,22918.0,1539301.0,82536.25
202304,2125,Vaginal Dilators,222.0,234.0,7420.29
202304,2127,Lymphoedema Garments,37382.0,98978.0,2559728.65
202304,2128,Anal Irrigation System,14683.0,49894.0,2664822.84
202304,2129,Pressure Offloading Device,2292.0,3843.0,83258.25
202304,2130,Eye Products,642714.0,9438650.5,4886519.51
202304,2131,Cycloidal Vibration Accessories,3.0,227.0,1135.0
202304,2132,Inhalation Solutions,6355.0,422776.0,157611.88999999998
202304,2133,Indwelling Pleural Cath Drain System,748.0,7041.0,229290.49
202304,2134,Vaginal PH Correction Products,525.0,7646.0,4928.25
202304,2135,Acne Treatment,2.0,75.0,25.0
202304,2136,Adhesive Dressing Remover Ster Silicone,972.0,84347.0,29905.96
202304,2137,Pelvic Toning Devices,32.0,32.0,480.0
202304,2138,Low Friction Products,2005.0,4320.0,46138.62
202304,2139,Prosthetic Adhesives,7.0,129.0,90.9
202304,2140,Bacterial Decolonisation Products,157.0,17692.0,690.9000000000001
202304,2141,Debridement Device,5540.0,66201.0,330306.22000000003
202304,2142,Jaw Rehabilitation Device,74.0,395.0,4649.0
202304,2143,Micro-Enema - Sodium Citrate,122.0,2018.0,876.16
202304,2146,Hernia Support Garments,59.0,86.0,3225.86
202304,2147,Dev For Fungal Nail Infections,49.0,155.0,1018.5
202304,2148,Detection Sensor Interstitial Fluid/Gluc,184776.0,417145.0,14395376.6
202304,2149,Pulsed Electromagnetic Stimulator,32.0,51.0,711.45
202304,2202,Anal Plugs,879.0,32652.0,79892.92
202304,2205,Catheter Valves,10409.0,74014.0,185871.59000000003
202304,2215,Faecal Collectors,249.0,5261.0,13082.490000000002
202304,2220,Incontinence Belts,1.0,4.0,55.64
202304,2230,Incontinence Sheaths,11751.0,473003.0,860191.77
202304,2240,Incontinence Sheath Fixing Strips & Adh,1551.0,45782.0,29555.23
202304,2250,Leg Bags,54485.0,647271.0,1881773.33
202304,2260,Night Drainage Bags,78599.0,1995066.0,1217755.66
202304,2270,Suspensory Systems,1379.0,10945.0,71809.28
202304,2280,Tubing And Accessories,27287.0,187518.0,405867.24
202304,2285,Insert For Female Stress Incont,598.0,972.0,38088.28
202304,2290,Urinal Systems,1090.0,7755.0,55438.76
202304,2305,Adhesive Discs/Rings/Pads/Plasters,22702.0,1533302.0,994000.37
202304,2310,Adhesive (Pastes/Sprays/Solutions),48.0,5114.0,1141.09
202304,2315,Adhesive Removers (Sprays/Liquids/Wipes),91951.0,12354324.0,1939088.16
202304,2320,Bag Closures,299.0,14273.0,4124.9400000000005
202304,2325,Bag Covers,356.0,1177.0,10733.580000000002
202304,2330,Belts,8052.0,11582.0,419731.51
202304,2335,Colostomy Bags,36092.0,2572854.0,8271524.149999999
202304,2345,Deodorants,6989.0,1352710.0,91502.27
202304,2346,Discharge Solidifying Agents,2319.0,459065.0,135179.23
202304,2350,Filters/Bridges,251.0,14061.0,13083.39
202304,2355,Flanges,14.0,53.0,902.55
202304,2360,Ileostomy Bags,58825.0,2304088.0,9571526.91
202304,2370,Irrigation Washout Appliances,2881.0,62157.0,110853.93
202304,2375,Pressure Plates/Shields,101.0,406.0,3588.56
202304,2380,Skin Fillers And Protectives,267480.0,28751784.8,3055997.6100000003
202304,2385,Skin Protectors,21909.0,884781.0,1801538.56
202304,2390,Stoma Caps/Dressings,1270.0,59711.0,85828.01999999999
202304,2392,Tubing & Accessories,377.0,6528.0,16867.0
202304,2394,Two Piece Ostomy Systems,19332.0,747001.0,1944321.24
202304,2396,Urostomy Bags,12019.0,357810.0,2233644.41
202304,301,Bronchodilators,2333302.0,12391226.0,28986331.04
202304,302,Corticosteroids (respiratory),1748633.0,2277845.0,50379981.63
202304,303,"Cromoglycate, leukotriene and phosphodesterase type-4 inhib",354735.0,10839065.0,605613.73
202304,304,"Antihistamines, hyposensitisation and allergic emergencies",1217879.0,60209883.0,10129449.18
202304,307,Mucolytics,278341.0,36415320.0,2483973.59
202304,309,Cough preparations,11759.0,3178104.0,33917.53
202304,310,Systemic nasal decongestants,1299.0,113907.0,11717.14
202304,401,Hypnotics and anxiolytics,1070877.0,32083309.0,9290431.63
202304,402,Drugs used in psychoses and related disorders,1060740.0,36477021.0,12913427.72
202304,403,Antidepressant drugs,6931469.0,256626219.0,18953228.450000003
202304,404,CNS stimulants and drugs used for ADHD,220130.0,8540448.0,9282535.64
202304,405,Drugs used in the treatment of obesity,32206.0,2962075.0,850252.55
202304,406,Drugs used in nausea and vertigo,483221.0,29607155.0,3151989.84
202304,407,Analgesics,4720565.0,517647393.4,34364416.239999995
202304,408,Antiepileptic drugs,2515227.0,203640328.0,26218365.61
202304,409,Drugs used in parkinsonism and related disorders,420378.0,32650195.0,7844578.36
202304,410,Drugs used in substance dependence,285181.0,110385503.4,4376768.42
202304,411,Drugs for dementia,340380.0,8568860.0,2110740.72
202304,501,Antibacterial drugs,2763978.0,110307825.0,17703867.16
202304,502,Antifungal drugs,121899.0,3456474.0,574006.03
202304,503,Antiviral drugs,91163.0,4584246.0,1204835.73
202304,504,Antiprotozoal drugs,179911.0,4971912.0,1072446.99
202304,505,Anthelmintics,5745.0,114887.0,43975.97
202304,601,Drugs used in diabetes,5201684.0,300463456.0,114902395.67
202304,602,Thyroid and antithyroid drugs,2728541.0,98899186.0,5253792.08
202304,603,Corticosteroids (endocrine),629242.0,31678377.0,3031009.44
202304,604,Sex Hormones,1191696.0,70941183.5,16543920.84
202304,605,"Hypothalamic and pituitary hormones and anti, oestrogens",27967.0,1308949.0,3346575.1100000003
202304,606,Drugs affecting bone metabolism,487848.0,2497010.0,4166410.53
202304,607,Other endocrine drugs,7617.0,151634.0,562971.64
202304,701,Drugs used in obstetrics,2.0,2.0,10.2
202304,702,Treatment of vaginal and vulval conditions,279154.0,5457946.0,3471232.81
202304,703,Contraceptives,554815.0,49440815.0,5083747.6
202304,704,Drugs for genito-urinary disorders,1772718.0,53114940.0,11821141.62
202304,801,Cytotoxic drugs,15328.0,635044.0,462942.97
202304,802,Drugs affecting the immune response,89079.0,6661546.0,2473992.02
202304,803,Sex hormones and hormone antagonists in malignant disease,258203.0,7265387.0,10536834.46
202304,901,Anaemias and some other blood disorders,1804414.0,77360650.0,5986937.27
202304,902,Fluids and electrolytes,89287.0,6885940.0,1138119.34
202304,903,Intravenous nutrition,1.0,40.0,110.0
202304,904,Oral nutrition (OLD - DO NOT USE),842.0,17121807.0,421534.57
202304,905,Minerals,173589.0,28550146.0,3480967.66
202304,906,Vitamins,2623171.0,118057237.5,11571183.39
202304,908,Metabolic disorders,211.0,78376.0,102710.14
202304,909,Foods,2.0,26400.0,167.0
202304,910,Compound vitamin and mineral formulations,9902.0,324509.0,31448.6
202304,911,Health supplements,938.0,119278.0,54714.95
202304,912,Other health supplements,11025.0,397820.0,48078.33
202304,913,Oral nutrition,509705.0,1928156906.5,33084969.380000003
202304,914,Enteral nutrition,24728.0,519796952.0,8944700.91
202305,1001,Drugs used in rheumatic diseases and gout,1902001.0,85826044.0,7675828.96
202305,1002,Drugs used in neuromuscular disorders,142246.0,23220371.0,1196726.48
202305,1003,Drugs for soft-tissue disorders and topical pain relief,576826.0,62058286.0,3235737.3200000003
202305,101,Dyspepsia and gastro-oesophageal reflux disease,339237.0,173427286.0,2271605.61
202305,102,Antispasmodics and other drugs altering gut motility,404392.0,34073290.0,5584645.62
202305,103,Antisecretory drugs and mucosal protectants,6476564.0,234213535.0,25862899.54
202305,104,Acute diarrhoea,140294.0,12238446.0,725347.15
202305,105,Chronic bowel disorders,219085.0,26322269.0,13608508.33
202305,106,Laxatives,1596652.0,200899171.0,10928891.64
202305,107,Local preparations for anal and rectal disorders,107104.0,2846558.0,736194.1399999999
202305,108,Stoma care,1.0,92.0,5.01
202305,109,Drugs affecting intestinal secretions,90077.0,20063609.0,5176664.34
202305,1103,Anti-infective eye preparations,129362.0,1140925.5,1474185.52
202305,1104,Corticosteroids and other anti-inflammatory preparations,197207.0,3194130.5,2115823.88
202305,1105,Mydriatics and cycloplegics,7114.0,160555.0,664914.8200000001
202305,1106,Treatment of glaucoma,824954.0,13369228.0,8746537.68
202305,1107,Local anaesthetics,34.0,868.0,544.92
202305,1108,Miscellaneous ophthalmic preparations,156433.0,5200537.5,1622878.54
202305,1201,Drugs acting on the ear,147603.0,926148.5,748263.85
202305,1202,Drugs acting on the nose,762769.0,3559126.0,5392355.140000001
202305,1203,Drugs acting on the oropharynx,89953.0,17188044.8,509178.09
202305,1301,Management of skin conditions,3510.0,1992390.0,11397.239999999998
202305,1302,Emollient and barrier preparations,522475.0,271536352.0,4091252.33
202305,1303,Topical local anaesthetics and antipruritics,25587.0,7065287.0,269485.53
202305,1304,Topical corticosteroids,955858.0,53375716.0,5524550.77
202305,1305,Preparations for eczema and psoriasis,151521.0,12532296.0,6507286.069999999
202305,1306,Acne and rosacea,140774.0,6693416.0,2503979.15
202305,1307,Preparations for warts and calluses,9340.0,119763.0,134504.75
202305,1308,Sunscreens and camouflagers,39299.0,2240442.0,1323757.34
202305,1309,Shampoos and other preparations for scalp and hair conditions,103555.0,20371011.0,1303640.46
202305,1310,Anti-infective skin preparations,272396.0,8651631.0,1674327.78
202305,1311,"Skin cleansers,antiseptics and desloughing agents",18257.0,8774964.0,158105.09
202305,1312,Antiperspirants,3919.0,229095.0,37000.15
202305,1313,Wound management products,1456.0,15263.0,61114.21
202305,1314,Topical circulatory preparations,6642.0,421000.0,33595.8
202305,1315,Miscellaneous topical preparations,153.0,23495.0,13632.35
202305,1404,Vaccines and antisera,192497.0,193569.0,2651179.8
202305,1405,Immunoglobulins,5.0,5.0,1250.0
202305,1501,General anaesthesia,32009.0,20691562.0,325491.01
202305,1502,Local anaesthesia,111172.0,1784854.0,1623996.7000000002
202305,1803,X-Ray contrast media,7.0,9200.0,1610.0
202305,1902,Selective preparations,65823.0,13223363.0,722727.3500000001
202305,1904,Single substances,113.0,90905.0,1108.5
202305,1905,Other preparations,844.0,45015.0,10648.15
202305,1906,Acids,330.0,116865.0,12430.53
202305,1908,"Colouring,flavouring and sweetening agents",6.0,700.0,97.26
202305,1914,Waters,930.0,9731826.0,9273.8
202305,2001,Absorbent Cottons,100.0,71075.0,839.29
202305,2002,Arm Sling/Bandages,41549.0,577231.0,1112373.72
202305,2003,Wound Management & Other Dressings,298100.0,5496483.1,10325727.54
202305,2004,Gauzes & Gauze Tissue,6198.0,307055.0,190506.87
202305,2005,Tracheostomy & Laryngectomy Appliances,17174.0,876392.0,1550503.83
202305,2006,Foam,1.0,4.0,21.37
202305,2007,Lints,22.0,31150.0,827.8700000000001
202305,2009,Stockinette,38092.0,332045.5,524989.53
202305,201,Positive inotropic drugs,216308.0,5753254.0,853602.61
202305,2010,Surgical Adhesive Tape,18106.0,255217.5,83866.56
202305,2011,Surgical Sutures,6349.0,9510.0,19935.22
202305,2012,Swabs,21227.0,4217097.0,84212.55
202305,2014,"Skin Closure Strips, Sterile",3959.0,19446.0,4810.82
202305,2015,"Skin Adhesive, Sterile",71.0,53.5,663.82
202305,2017,Cervical Collar,18.0,21.0,51.66
202305,2018,Cellulose Wadding BP 1988,1.0,500.0,2.2
202305,202,Diuretics,2524471.0,84571653.0,5096353.0600000005
202305,2020,Silk Garments,554.0,1917.0,32499.050000000003
202305,203,Anti-arrhythmic drugs,77916.0,4196481.0,493307.21
202305,204,Beta-adrenoceptor blocking drugs,3589096.0,137943333.0,6121502.87
202305,205,Hypertension and heart failure,6525900.0,242340131.0,21725469.58
202305,206,"Nitrates, calcium-channel blockers & other antianginal drugs",4862966.0,172548248.0,17361011.43
202305,207,Sympathomimetics and other vasoconstrictor drugs,17660.0,1340484.0,472108.31
202305,208,Anticoagulants and protamine,1774505.0,77346954.0,77685123.43
202305,209,Antiplatelet drugs,2712220.0,82920750.0,5757230.069999999
202305,2101,Other Appliances,885619.0,76352133.0,5104735.300000001
202305,2102,Catheters,119538.0,8239051.0,15752314.11
202305,2103,Chiropody Appliances,187.0,3042.0,2417.75
202305,2104,Contraceptive Devices,2816.0,2855.0,33120.19
202305,2106,Trusses,86.0,91.0,2865.12
202305,2107,Elastic Hosiery,36848.0,99886.0,684822.92
202305,211,Antifibrinolytic drugs and haemostatics,48368.0,2994228.0,336210.79
202305,2112,Peak Flow Meters,32695.0,32801.0,179992.07
202305,2113,Catheter Maintenance Products,17432.0,10377940.0,620416.29
202305,2114,Lubricant Gels,26342.0,1805710.0,92164.32
202305,2116,Irrigation Solutions,34839.0,831106.0,257176.23
202305,2118,Vacuum Pumps for Erectile Dysfunction,1492.0,3119.0,171745.56
202305,2119,Oral Film Forming Agents,1219.0,104334.0,60030.52
202305,212,Lipid-regulating drugs,7427155.0,247290165.0,16387973.43
202305,2120,Venous Ulcer Compression System,8044.0,27740.0,415584.42
202305,2121,Dry Mouth Products,39323.0,4089314.0,256689.51
202305,2122,Emollients,826986.0,435785560.0,4976242.12
202305,2123,Vaginal Moisturisers,22411.0,899997.0,210087.91
202305,2124,Nasal Products,27935.0,1896722.0,100582.88
202305,2125,Vaginal Dilators,212.0,218.0,6541.219999999999
202305,2127,Lymphoedema Garments,42710.0,112861.0,3009325.85
202305,2128,Anal Irrigation System,16195.0,54420.0,2958793.17
202305,2129,Pressure Offloading Device,2604.0,4324.0,97295.8
202305,2130,Eye Products,674223.0,9980230.0,5192527.88
202305,2131,Cycloidal Vibration Accessories,3.0,159.0,795.0
202305,2132,Inhalation Solutions,7000.0,461964.0,170651.86000000002
202305,2133,Indwelling Pleural Cath Drain System,865.0,8790.0,285309.82
202305,2134,Vaginal PH Correction Products,546.0,8679.0,5541.75
202305,2135,Acne Treatment,5.0,275.0,143.0
202305,2136,Adhesive Dressing Remover Ster Silicone,1097.0,82499.0,32016.58
202305,2137,Pelvic Toning Devices,25.0,25.0,375.0
202305,2138,Low Friction Products,2076.0,4518.0,49130.01
202305,2139,Prosthetic Adhesives,11.0,184.0,139.52
202305,2140,Bacterial Decolonisation Products,192.0,23396.0,896.3600000000001
202305,2141,Debridement Device,6267.0,75487.0,381855.77
202305,2142,Jaw Rehabilitation Device,94.0,414.0,6593.23
202305,2143,Micro-Enema - Sodium Citrate,123.0,2435.0,1057.22
202305,2145,Douches,3.0,3.0,15.51
202305,2146,Hernia Support Garments,70.0,113.0,4238.629999999999
202305,2147,Dev For Fungal Nail Infections,68.0,192.0,1720.39
202305,2148,Detection Sensor Interstitial Fluid/Gluc,203898.0,459724.0,15806934.11
202305,2149,Pulsed Electromagnetic Stimulator,38.0,60.0,837.0
202305,2202,Anal Plugs,944.0,34508.0,84372.24
202305,2205,Catheter Valves,11909.0,84879.0,212460.15
202305,2215,Faecal Collectors,267.0,5455.0,13245.89
202305,2230,Incontinence Sheaths,12870.0,514972.0,941057.16
202305,2240,Incontinence Sheath Fixing Strips & Adh,1677.0,47607.0,31862.46
202305,2250,Leg Bags,61507.0,729671.0,2114340.59
202305,2260,Night Drainage Bags,87307.0,2229883.0,1341313.63
202305,2270,Suspensory Systems,1634.0,12892.0,86977.43
202305,2280,Tubing And Accessories,30731.0,211555.0,456280.14
202305,2285,Insert For Female Stress Incont,617.0,964.0,36514.240000000005
202305,2290,Urinal Systems,1278.0,8405.0,65141.6
202305,2305,Adhesive Discs/Rings/Pads/Plasters,25307.0,1730708.0,1117068.1
202305,2310,Adhesive (Pastes/Sprays/Solutions),53.0,3398.0,796.4399999999999
202305,2315,Adhesive Removers (Sprays/Liquids/Wipes),101597.0,13816861.0,2165592.11
202305,2320,Bag Closures,352.0,16916.0,4974.67
202305,2325,Bag Covers,331.0,1110.0,10301.009999999998
202305,2330,Belts,8973.0,13079.0,461829.22
202305,2335,Colostomy Bags,39266.0,2805217.0,9020681.13
202305,2345,Deodorants,7651.0,1507985.0,102863.2
202305,2346,Discharge Solidifying Agents,2682.0,517136.0,154877.1
202305,2350,Filters/Bridges,304.0,16921.0,15546.19
202305,2355,Flanges,21.0,128.0,2097.48
202305,2360,Ileostomy Bags,64867.0,2556163.0,10610634.28
202305,2370,Irrigation Washout Appliances,3276.0,70372.0,123582.17
202305,2375,Pressure Plates/Shields,115.0,523.0,4316.58
202305,2380,Skin Fillers And Protectives,294846.0,31754322.4,3398539.07
202305,2385,Skin Protectors,24087.0,983357.0,2006940.7
202305,2390,Stoma Caps/Dressings,1444.0,68263.0,98382.48
202305,2392,Tubing & Accessories,429.0,7620.0,19667.16
202305,2394,Two Piece Ostomy Systems,21257.0,820100.0,2143840.8600000003
202305,2396,Urostomy Bags,13384.0,399705.0,2497000.04
202305,301,Bronchodilators,2489098.0,13126891.0,31050526.62
202305,302,Corticosteroids (respiratory),1865669.0,2431354.0,53714372.19
202305,303,"Cromoglycate, leukotriene and phosphodesterase type-4 inhib",384865.0,11807449.0,657023.47
202305,304,"Antihistamines, hyposensitisation and allergic emergencies",1412971.0,71834659.0,12545499.24
202305,307,Mucolytics,301150.0,39281839.0,2598223.08
202305,309,Cough preparations,11886.0,3271069.0,50537.38
202305,310,Systemic nasal decongestants,1368.0,116408.0,12886.25
202305,401,Hypnotics and anxiolytics,1137616.0,34260733.0,10004030.65
202305,402,Drugs used in psychoses and related disorders,1133218.0,39038153.0,14039970.68
202305,403,Antidepressant drugs,7405342.0,274377606.0,20278548.41
202305,404,CNS stimulants and drugs used for ADHD,243097.0,9390031.0,10206501.58
202305,405,Drugs used in the treatment of obesity,36119.0,3336659.0,957704.95
202305,406,Drugs used in nausea and vertigo,516909.0,31681281.0,3533172.14
202305,407,Analgesics,5058465.0,555267181.0,36504105.16
202305,408,Antiepileptic drugs,2693952.0,218440533.0,28279805.27
202305,409,Drugs used in parkinsonism and related disorders,447801.0,34802696.0,8484260.07
202305,410,Drugs used in substance dependence,305194.0,117637916.0,4710614.8
202305,411,Drugs for dementia,367016.0,9254566.0,2271521.02
202305,501,Antibacterial drugs,2900176.0,116529643.0,18399896.82
202305,502,Antifungal drugs,138496.0,4006647.0,781422.42
202305,503,Antiviral drugs,98893.0,4982435.0,1355639.74
202305,504,Antiprotozoal drugs,191168.0,5272076.0,1121064.55
202305,505,Anthelmintics,6293.0,122316.0,63281.16
202305,601,Drugs used in diabetes,5577539.0,322562285.0,123617225.43
202305,602,Thyroid and antithyroid drugs,2920533.0,106265510.0,5720937.75
202305,603,Corticosteroids (endocrine),660433.0,33444008.0,3268306.74
202305,604,Sex Hormones,1282745.0,75905827.0,17740745.189999998
202305,605,"Hypothalamic and pituitary hormones and anti, oestrogens",30467.0,1434724.0,3445262.09
202305,606,Drugs affecting bone metabolism,520464.0,2668775.0,4549779.81
202305,607,Other endocrine drugs,8387.0,165205.0,620029.76
202305,701,Drugs used in obstetrics,2.0,2.0,34.57
202305,702,Treatment of vaginal and vulval conditions,303950.0,5974760.0,3887300.07
202305,703,Contraceptives,600966.0,53538495.0,5713433.96
202305,704,Drugs for genito-urinary disorders,1903513.0,57324282.0,12545991.22
202305,801,Cytotoxic drugs,16648.0,709909.0,517496.14
202305,802,Drugs affecting the immune response,95009.0,7144488.0,2591790.32
202305,803,Sex hormones and hormone antagonists in malignant disease,275999.0,7759688.0,11389661.25
202305,901,Anaemias and some other blood disorders,1945417.0,84335986.0,6469075.75
202305,902,Fluids and electrolytes,97827.0,7499146.0,1276313.6
202305,903,Intravenous nutrition,1.0,3.0,18.63
202305,904,Oral nutrition (OLD - DO NOT USE),813.0,16461017.0,403643.98
202305,905,Minerals,188879.0,31008745.0,3834853.06
202305,906,Vitamins,2800500.0,126277847.9,12324427.79
202305,908,Metabolic disorders,226.0,80398.0,151985.74
202305,910,Compound vitamin and mineral formulations,10558.0,348964.0,33625.66
202305,911,Health supplements,1024.0,117820.0,62459.01
202305,912,Other health supplements,11739.0,428193.0,49482.94
202305,913,Oral nutrition,550182.0,2091612178.0,36527435.41
202305,914,Enteral nutrition,26117.0,547071434.0,9753401.73
202306,1001,Drugs used in rheumatic diseases and gout,1958384.0,88010589.0,7822206.9
202306,1002,Drugs used in neuromuscular disorders,146617.0,23878259.0,1370322.86
202306,1003,Drugs for soft-tissue disorders and topical pain relief,595715.0,64031392.0,3336507.15
202306,101,Dyspepsia and gastro-oesophageal reflux disease,343407.0,177163465.0,2324687.15
202306,102,Antispasmodics and other drugs altering gut motility,415506.0,35025366.0,5697111.7
202306,103,Antisecretory drugs and mucosal protectants,6580148.0,237223105.0,27043512.49
202306,104,Acute diarrhoea,145119.0,12604615.0,739536.03
202306,105,Chronic bowel disorders,222905.0,26731895.0,13761671.46
202306,106,Laxatives,1635911.0,204441176.0,11224637.63
202306,107,Local preparations for anal and rectal disorders,108540.0,2881889.0,733979.21
202306,109,Drugs affecting intestinal secretions,91226.0,20306438.0,5192309.279999999
202306,1103,Anti-infective eye preparations,126581.0,1136226.5,1613219.24
202306,1104,Corticosteroids and other anti-inflammatory preparations,267601.0,4021675.5,2196699.9
202306,1105,Mydriatics and cycloplegics,7239.0,163073.0,673662.86
202306,1106,Treatment of glaucoma,838720.0,13761107.0,8905280.6
202306,1107,Local anaesthetics,32.0,716.0,444.27
202306,1108,Miscellaneous ophthalmic preparations,162022.0,5363114.5,1641708.9
202306,1201,Drugs acting on the ear,151526.0,950897.0,769316.76
202306,1202,Drugs acting on the nose,852453.0,3929235.0,5989426.609999999
202306,1203,Drugs acting on the oropharynx,89372.0,17481296.0,519716.49
202306,1301,Management of skin conditions,3554.0,2000500.0,11297.1
202306,1302,Emollient and barrier preparations,540733.0,280954207.0,4250302.98
202306,1303,Topical local anaesthetics and antipruritics,27099.0,7637783.0,286823.82
202306,1304,Topical corticosteroids,1008817.0,55955657.0,5840130.41
202306,1305,Preparations for eczema and psoriasis,154650.0,12571259.0,6445325.300000001
202306,1306,Acne and rosacea,143339.0,6869484.0,2549604.91
202306,1307,Preparations for warts and calluses,10300.0,125067.5,121833.6
202306,1308,Sunscreens and camouflagers,46272.0,2755699.0,1531959.65
202306,1309,Shampoos and other preparations for scalp and hair conditions,104372.0,20619580.0,1313765.66
202306,1310,Anti-infective skin preparations,285878.0,8854686.0,1677138.53
202306,1311,"Skin cleansers,antiseptics and desloughing agents",18350.0,8512271.0,164846.16999999998
202306,1312,Antiperspirants,5022.0,292530.0,37247.84
202306,1313,Wound management products,1500.0,15470.0,63310.2
202306,1314,Topical circulatory preparations,7141.0,445850.0,37629.74
202306,1315,Miscellaneous topical preparations,164.0,22670.0,16474.9
202306,1404,Vaccines and antisera,181955.0,183116.0,2508320.64
202306,1405,Immunoglobulins,4.0,5.0,1250.0
202306,1501,General anaesthesia,32021.0,3893619.5,315049.89
202306,1502,Local anaesthesia,115011.0,1811012.0,1642185.0
202306,1803,X-Ray contrast media,10.0,8600.0,1505.0
202306,1902,Selective preparations,73762.0,14046527.0,735478.9
202306,1904,Single substances,130.0,122680.0,4455.97
202306,1905,Other preparations,822.0,47337.0,11233.01
202306,1906,Acids,297.0,112701.0,12354.83
202306,1908,"Colouring,flavouring and sweetening agents",7.0,900.0,120.97
202306,1914,Waters,956.0,10094776.0,10469.91
202306,2001,Absorbent Cottons,109.0,67575.0,852.93
202306,2002,Arm Sling/Bandages,44382.0,609320.0,1197068.41
202306,2003,Wound Management & Other Dressings,331512.0,6005644.2,11219320.81
202306,2004,Gauzes & Gauze Tissue,7020.0,332729.0,200382.06
202306,2005,Tracheostomy & Laryngectomy Appliances,17873.0,923119.0,1648797.94
202306,2007,Lints,13.0,22325.0,601.7
202306,2009,Stockinette,40975.0,355277.5,549829.39
202306,201,Positive inotropic drugs,218737.0,5799246.0,663612.34
202306,2010,Surgical Adhesive Tape,19252.0,263519.0,87370.94
202306,2011,Surgical Sutures,6782.0,9739.0,19924.25
202306,2012,Swabs,22889.0,4342425.0,89286.26000000001
202306,2014,"Skin Closure Strips, Sterile",5245.0,25287.0,6144.67
202306,2015,"Skin Adhesive, Sterile",72.0,47.0,568.48
202306,2017,Cervical Collar,14.0,19.0,46.74
202306,202,Diuretics,2581927.0,86001342.0,5160287.9
202306,2020,Silk Garments,535.0,1820.0,36260.18
202306,203,Anti-arrhythmic drugs,78675.0,4213125.0,479299.09
202306,204,Beta-adrenoceptor blocking drugs,3638446.0,139563560.0,6073274.42
202306,205,Hypertension and heart failure,6610833.0,244667859.0,21812447.4
202306,206,"Nitrates, calcium-channel blockers & other antianginal drugs",4911988.0,173604800.0,17429391.98
202306,207,Sympathomimetics and other vasoconstrictor drugs,18414.0,1402287.0,482218.8
202306,208,Anticoagulants and protamine,1803077.0,78208638.0,78937105.42
202306,209,Antiplatelet drugs,2745785.0,83585827.0,5784092.03
202306,2101,Other Appliances,932158.0,79118450.0,5404903.89
202306,2102,Catheters,122443.0,8408385.0,16088501.04
202306,2103,Chiropody Appliances,187.0,2924.0,1891.69
202306,2104,Contraceptive Devices,2920.0,2951.0,34310.99
202306,2106,Trusses,107.0,114.0,3522.0999999999995
202306,2107,Elastic Hosiery,41249.0,111402.0,795229.0599999999
202306,211,Antifibrinolytic drugs and haemostatics,50682.0,3156097.0,355026.7
202306,2112,Peak Flow Meters,36130.0,36244.0,199044.19
202306,2113,Catheter Maintenance Products,18126.0,10739200.0,655073.06
202306,2114,Lubricant Gels,26974.0,1887712.5,97016.06
202306,2116,Irrigation Solutions,36965.0,837171.0,276678.68
202306,2118,Vacuum Pumps for Erectile Dysfunction,1640.0,3327.0,194169.39
202306,2119,Oral Film Forming Agents,1312.0,112436.0,67629.37
202306,212,Lipid-regulating drugs,7552165.0,250854989.0,17157560.259999998
202306,2120,Venous Ulcer Compression System,8924.0,30805.0,463442.53
202306,2121,Dry Mouth Products,41485.0,4276842.0,271015.07
202306,2122,Emollients,859994.0,454050712.0,5196728.24
202306,2123,Vaginal Moisturisers,23054.0,993092.0,212446.7
202306,2124,Nasal Products,29438.0,2058626.0,108322.64
202306,2125,Vaginal Dilators,278.0,285.0,8791.49
202306,2127,Lymphoedema Garments,47635.0,126217.0,3391892.96
202306,2128,Anal Irrigation System,16754.0,55303.0,3032991.12
202306,2129,Pressure Offloading Device,2690.0,4446.0,98738.51
202306,2130,Eye Products,703489.0,10422901.5,5431284.02
202306,2131,Cycloidal Vibration Accessories,4.0,267.0,1335.0
202306,2132,Inhalation Solutions,7673.0,509388.0,190538.22
202306,2133,Indwelling Pleural Cath Drain System,855.0,9275.0,296404.41
202306,2134,Vaginal PH Correction Products,586.0,9639.0,5842.5
202306,2135,Acne Treatment,6.0,300.0,142.0
202306,2136,Adhesive Dressing Remover Ster Silicone,1192.0,92757.0,34968.54
202306,2137,Pelvic Toning Devices,26.0,26.0,390.0
202306,2138,Low Friction Products,2287.0,5134.0,54803.16
202306,2139,Prosthetic Adhesives,13.0,228.0,178.98000000000002
202306,2140,Bacterial Decolonisation Products,170.0,22462.0,808.1300000000001
202306,2141,Debridement Device,6838.0,81258.0,414391.89
202306,2142,Jaw Rehabilitation Device,73.0,376.0,5068.74
202306,2143,Micro-Enema - Sodium Citrate,132.0,2197.0,953.86
202306,2146,Hernia Support Garments,74.0,101.0,3788.51
202306,2147,Dev For Fungal Nail Infections,69.0,149.0,1453.78
202306,2148,Detection Sensor Interstitial Fluid/Gluc,221888.0,500054.0,17160585.9
202306,2149,Pulsed Electromagnetic Stimulator,34.0,48.0,669.6
202306,2202,Anal Plugs,1048.0,38106.0,93089.57
202306,2205,Catheter Valves,12335.0,88541.0,223282.76
202306,2215,Faecal Collectors,278.0,5695.0,14094.17
202306,2230,Incontinence Sheaths,13109.0,525057.0,956748.8
202306,2240,Incontinence Sheath Fixing Strips & Adh,1808.0,51270.0,33724.82
202306,2250,Leg Bags,64161.0,762528.0,2212156.88
202306,2260,Night Drainage Bags,90154.0,2300963.0,1398065.96
202306,2270,Suspensory Systems,1655.0,13642.0,90412.59
202306,2280,Tubing And Accessories,32040.0,219864.0,476930.11
202306,2285,Insert For Female Stress Incont,718.0,907.0,34293.55
202306,2290,Urinal Systems,1323.0,8733.0,63733.73
202306,2305,Adhesive Discs/Rings/Pads/Plasters,25986.0,1779140.0,1153745.15
202306,2310,Adhesive (Pastes/Sprays/Solutions),56.0,5830.0,1207.73
202306,2315,Adhesive Removers (Sprays/Liquids/Wipes),104799.0,14147012.0,2220846.21
202306,2320,Bag Closures,335.0,14970.0,4248.75
202306,2325,Bag Covers,337.0,1205.0,10883.98
202306,2330,Belts,9834.0,14179.0,522356.5
202306,2335,Colostomy Bags,40255.0,2869262.0,9244835.76
202306,2345,Deodorants,7815.0,1551344.0,104362.38
202306,2346,Discharge Solidifying Agents,2687.0,530548.0,158778.64
202306,2350,Filters/Bridges,293.0,17303.0,16018.31
202306,2355,Flanges,16.0,84.0,1290.1
202306,2360,Ileostomy Bags,66592.0,2624025.0,10929819.1
202306,2370,Irrigation Washout Appliances,3248.0,71500.0,120938.49
202306,2375,Pressure Plates/Shields,108.0,482.0,4289.87
202306,2380,Skin Fillers And Protectives,305921.0,32878180.8,3505373.79
202306,2385,Skin Protectors,25022.0,1016612.0,2086616.26
202306,2390,Stoma Caps/Dressings,1466.0,69135.0,99546.35
202306,2392,Tubing & Accessories,437.0,7833.0,21547.04
202306,2394,Two Piece Ostomy Systems,22097.0,856938.0,2235091.29
202306,2396,Urostomy Bags,13746.0,406072.0,2539715.14
202306,301,Bronchodilators,2605812.0,13311131.0,31906848.59
202306,302,Corticosteroids (respiratory),1912842.0,2499651.0,54860308.34
202306,303,"Cromoglycate, leukotriene and phosphodesterase type-4 inhib",394874.0,12081491.0,718800.1599999999
202306,304,"Antihistamines, hyposensitisation and allergic emergencies",1632380.0,85671079.0,12629088.84
202306,307,Mucolytics,307610.0,39978126.0,2648477.56
202306,309,Cough preparations,11098.0,3106775.0,39905.82
202306,310,Systemic nasal decongestants,1311.0,108813.0,14123.77
202306,311,Antifibrotics,1.0,84.0,2007.7
202306,401,Hypnotics and anxiolytics,1148376.0,34666809.0,10126810.93
202306,402,Drugs used in psychoses and related disorders,1151251.0,39548911.0,14028682.77
202306,403,Antidepressant drugs,7522676.0,278123421.0,20540994.44
202306,404,CNS stimulants and drugs used for ADHD,247910.0,9631398.0,10443147.18
202306,405,Drugs used in the treatment of obesity,39907.0,3716231.0,1066845.56
202306,406,Drugs used in nausea and vertigo,527621.0,32331192.0,3678102.34
202306,407,Analgesics,5127432.0,562210969.6,36765361.1
202306,408,Antiepileptic drugs,2738446.0,221866523.0,28354572.69
202306,409,Drugs used in parkinsonism and related disorders,457072.0,35475048.0,8553276.44
202306,410,Drugs used in substance dependence,298937.0,114353746.3,5025954.24
202306,411,Drugs for dementia,373850.0,9424219.0,2308759.35
202306,501,Antibacterial drugs,2814930.0,109828389.5,17621148.17
202306,502,Antifungal drugs,145669.0,4321706.0,877067.9400000001
202306,503,Antiviral drugs,102725.0,5172884.0,1423473.0499999998
202306,504,Antiprotozoal drugs,196691.0,5444751.0,1424252.34
202306,505,Anthelmintics,6561.0,127294.0,57926.54
202306,601,Drugs used in diabetes,5698630.0,327558410.0,126498014.01
202306,602,Thyroid and antithyroid drugs,2958523.0,107345366.0,5787713.75
202306,603,Corticosteroids (endocrine),662366.0,33589700.0,3276661.07
202306,604,Sex Hormones,1303975.0,75644058.0,17606095.19
202306,605,"Hypothalamic and pituitary hormones and anti, oestrogens",31125.0,1488447.0,3600699.01
202306,606,Drugs affecting bone metabolism,528051.0,2697541.0,4622216.44
202306,607,Other endocrine drugs,8458.0,169769.0,626470.25
202306,701,Drugs used in obstetrics,2.0,2.0,16.0
202306,702,Treatment of vaginal and vulval conditions,311490.0,6100587.0,4004203.14
202306,703,Contraceptives,616480.0,55277916.0,5824952.43
202306,704,Drugs for genito-urinary disorders,1947700.0,58492407.0,13103803.45
202306,801,Cytotoxic drugs,17207.0,753616.0,522912.44
202306,802,Drugs affecting the immune response,96464.0,7190762.0,2545156.08
202306,803,Sex hormones and hormone antagonists in malignant disease,277448.0,7742575.0,12867087.49
202306,901,Anaemias and some other blood disorders,1996320.0,86707216.0,6588092.43
202306,902,Fluids and electrolytes,107159.0,7944889.0,1366949.31
202306,903,Intravenous nutrition,1.0,1.0,16.02
202306,904,Oral nutrition (OLD - DO NOT USE),926.0,18210079.0,443729.43
202306,905,Minerals,196589.0,32001506.0,3982920.71
202306,906,Vitamins,2834215.0,127732241.2,12220710.09
202306,908,Metabolic disorders,261.0,82773.0,154963.59999999998
202306,909,Foods,4.0,13200.0,233.98
202306,910,Compound vitamin and mineral formulations,10835.0,359318.0,34916.63
202306,911,Health supplements,1197.0,148341.0,69724.2
202306,912,Other health supplements,12053.0,442110.0,53274.37
202306,913,Oral nutrition,572081.0,2188466751.5,38021754.46
202306,914,Enteral nutrition,29891.0,620236485.0,11230608.27
202307,1001,Drugs used in rheumatic diseases and gout,1897977.0,85350568.0,7204110.75
202307,1002,Drugs used in neuromuscular disorders,142900.0,23117754.0,1281848.41
202307,1003,Drugs for soft-tissue disorders and topical pain relief,573195.0,61727516.0,3215354.62
202307,101,Dyspepsia and gastro-oesophageal reflux disease,348037.0,179345941.0,2341370.29
202307,102,Antispasmodics and other drugs altering gut motility,404514.0,34065043.0,5554181.9
202307,103,Antisecretory drugs and mucosal protectants,6426757.0,231626211.0,27808157.21
202307,104,Acute diarrhoea,140726.0,12221564.0,706339.7
202307,105,Chronic bowel disorders,217997.0,26174191.0,12989579.12
202307,106,Laxatives,1595828.0,198396766.0,10655802.83
202307,107,Local preparations for anal and rectal disorders,104970.0,2784582.0,700732.3200000001
202307,109,Drugs affecting intestinal secretions,87806.0,19501364.0,4985140.54
202307,1103,Anti-infective eye preparations,102250.0,918206.0,1148993.97
202307,1104,Corticosteroids and other anti-inflammatory preparations,196238.0,3193464.0,2137020.1
202307,1105,Mydriatics and cycloplegics,6987.0,158259.0,638372.81
202307,1106,Treatment of glaucoma,809823.0,13247036.0,8581704.22
202307,1107,Local anaesthetics,25.0,488.0,300.79999999999995
202307,1108,Miscellaneous ophthalmic preparations,158382.0,5180761.0,1590306.94
202307,1201,Drugs acting on the ear,155522.0,971958.0,790644.1
202307,1202,Drugs acting on the nose,707113.0,3394543.0,5203572.91
202307,1203,Drugs acting on the oropharynx,85883.0,16895528.8,478580.17
202307,1301,Management of skin conditions,3386.0,1923750.0,10783.43
202307,1302,Emollient and barrier preparations,502524.0,261707164.0,3991122.99
202307,1303,Topical local anaesthetics and antipruritics,24563.0,7141637.0,267233.37
202307,1304,Topical corticosteroids,919751.0,51074700.0,5357018.609999999
202307,1305,Preparations for eczema and psoriasis,145555.0,11872705.0,6100843.51
202307,1306,Acne and rosacea,137025.0,6562208.0,2395477.38
202307,1307,Preparations for warts and calluses,10093.0,136117.5,130929.52
202307,1308,Sunscreens and camouflagers,44328.0,2497236.0,1492700.25
202307,1309,Shampoos and other preparations for scalp and hair conditions,101052.0,19938255.0,1274438.36
202307,1310,Anti-infective skin preparations,266997.0,8224633.5,1678124.6800000002
202307,1311,"Skin cleansers,antiseptics and desloughing agents",17788.0,8278389.0,158874.42
202307,1312,Antiperspirants,4353.0,254170.0,30044.39
202307,1313,Wound management products,1116.0,11265.0,44778.65
202307,1314,Topical circulatory preparations,7473.0,474900.0,40081.56
202307,1315,Miscellaneous topical preparations,158.0,21297.0,16668.66
202307,1404,Vaccines and antisera,160075.0,161460.0,2195586.19
202307,1501,General anaesthesia,31371.0,284781.0,261351.62
202307,1502,Local anaesthesia,108850.0,1719453.0,1578605.12
202307,1803,X-Ray contrast media,10.0,8000.0,1400.0
202307,1902,Selective preparations,70703.0,13295518.0,736910.3799999999
202307,1904,Single substances,109.0,96030.0,948.23
202307,1905,Other preparations,799.0,42953.0,10330.15
202307,1906,Acids,305.0,114742.0,11084.23
202307,1908,"Colouring,flavouring and sweetening agents",7.0,800.0,111.97
202307,1914,Waters,925.0,9345525.0,9188.36
202307,2001,Absorbent Cottons,102.0,73225.0,911.35
202307,2002,Arm Sling/Bandages,42099.0,578534.0,1117679.27
202307,2003,Wound Management & Other Dressings,320912.0,5839349.5,10894109.95
202307,2004,Gauzes & Gauze Tissue,6194.0,374678.0,172775.3
202307,2005,Tracheostomy & Laryngectomy Appliances,16650.0,878145.0,1531850.7
202307,2006,Foam,1.0,2.0,10.95
202307,2007,Lints,17.0,16525.0,449.89
202307,2009,Stockinette,39423.0,345781.0,541720.66
202307,201,Positive inotropic drugs,212277.0,5623296.0,804894.5599999999
202307,2010,Surgical Adhesive Tape,18844.0,433111.0,116513.98
202307,2011,Surgical Sutures,6781.0,9368.0,18864.0
202307,2012,Swabs,21229.0,4108803.0,86123.14
202307,2014,"Skin Closure Strips, Sterile",4725.0,23166.0,5724.96
202307,2015,"Skin Adhesive, Sterile",44.0,34.0,423.84
202307,2017,Cervical Collar,11.0,13.0,31.98
202307,202,Diuretics,2494766.0,83176942.0,5279102.41
202307,2020,Silk Garments,574.0,2022.0,35711.99
202307,203,Anti-arrhythmic drugs,75747.0,4065157.0,510923.94
202307,204,Beta-adrenoceptor blocking drugs,3538295.0,135888766.0,6075151.19
202307,205,Hypertension and heart failure,6442064.0,238526059.0,21036040.3
202307,206,"Nitrates, calcium-channel blockers & other antianginal drugs",4769500.0,168689717.0,16686775.21
202307,207,Sympathomimetics and other vasoconstrictor drugs,18174.0,1366997.0,409637.05
202307,208,Anticoagulants and protamine,1750671.0,75810069.0,71107774.65
202307,209,Antiplatelet drugs,2660131.0,80826058.0,5607889.8
202307,2101,Other Appliances,890902.0,77362720.0,5237315.96
202307,2102,Catheters,118964.0,8195458.0,15746209.14
202307,2103,Chiropody Appliances,174.0,3080.0,2475.9500000000003
202307,2104,Contraceptive Devices,2641.0,2688.0,31315.55
202307,2106,Trusses,103.0,109.0,3287.81
202307,2107,Elastic Hosiery,40549.0,108995.0,787744.74
202307,211,Antifibrinolytic drugs and haemostatics,49913.0,3086910.0,288624.64
202307,2112,Peak Flow Meters,31480.0,31606.0,172208.36
202307,2113,Catheter Maintenance Products,17707.0,10636400.0,647713.55
202307,2114,Lubricant Gels,26781.0,1821505.0,95930.63
202307,2116,Irrigation Solutions,36694.0,981938.0,273801.83
202307,2118,Vacuum Pumps for Erectile Dysfunction,1674.0,3492.0,195349.01
202307,2119,Oral Film Forming Agents,1301.0,111118.0,64713.84
202307,212,Lipid-regulating drugs,7395423.0,247555562.0,26339551.34
202307,2120,Venous Ulcer Compression System,8550.0,29189.0,439922.12
202307,2121,Dry Mouth Products,38754.0,3991700.0,251621.93
202307,2122,Emollients,788413.0,415543762.0,4758985.38
202307,2123,Vaginal Moisturisers,24207.0,1020893.0,230440.77
202307,2124,Nasal Products,26661.0,1856210.0,97748.49
202307,2125,Vaginal Dilators,255.0,266.0,7897.99
202307,2127,Lymphoedema Garments,48625.0,129958.0,3444637.27
202307,2128,Anal Irrigation System,16569.0,56696.0,3043756.5
202307,2129,Pressure Offloading Device,2605.0,4399.0,95725.17
202307,2130,Eye Products,672154.0,10011433.0,5198620.07
202307,2131,Cycloidal Vibration Accessories,4.0,288.0,1440.0
202307,2132,Inhalation Solutions,7293.0,486629.0,181007.98
202307,2133,Indwelling Pleural Cath Drain System,774.0,7910.0,254123.14
202307,2134,Vaginal PH Correction Products,626.0,10404.0,6577.5
202307,2135,Acne Treatment,3.0,125.0,65.0
202307,2136,Adhesive Dressing Remover Ster Silicone,1180.0,96381.0,36002.520000000004
202307,2137,Pelvic Toning Devices,20.0,20.0,300.0
202307,2138,Low Friction Products,2001.0,4566.0,47379.11
202307,2139,Prosthetic Adhesives,10.0,204.0,160.14
202307,2140,Bacterial Decolonisation Products,216.0,24058.0,980.59
202307,2141,Debridement Device,6470.0,77072.0,391810.57
202307,2142,Jaw Rehabilitation Device,87.0,373.0,6951.54
202307,2143,Micro-Enema - Sodium Citrate,121.0,1868.0,811.0
202307,2145,Douches,2.0,2.0,10.34
202307,2146,Hernia Support Garments,71.0,102.0,3826.02
202307,2147,Dev For Fungal Nail Infections,49.0,152.0,961.59
202307,2148,Detection Sensor Interstitial Fluid/Gluc,220791.0,498947.0,17084507.6
202307,2149,Pulsed Electromagnetic Stimulator,30.0,47.0,655.65
202307,2202,Anal Plugs,896.0,33859.0,82403.23999999999
202307,2205,Catheter Valves,12166.0,86082.0,215915.64
202307,2215,Faecal Collectors,272.0,5960.0,14994.19
202307,2230,Incontinence Sheaths,12360.0,497653.0,913821.66
202307,2240,Incontinence Sheath Fixing Strips & Adh,1680.0,48489.0,31849.24
202307,2250,Leg Bags,61505.0,728397.0,2108475.36
202307,2260,Night Drainage Bags,87379.0,2234593.0,1346330.07
202307,2270,Suspensory Systems,1732.0,13533.0,89654.56
202307,2280,Tubing And Accessories,30551.0,209961.0,453005.54
202307,2285,Insert For Female Stress Incont,666.0,1179.0,45798.54
202307,2290,Urinal Systems,1344.0,8684.0,61622.23
202307,2305,Adhesive Discs/Rings/Pads/Plasters,25167.0,1711773.0,1113879.02
202307,2310,Adhesive (Pastes/Sprays/Solutions),48.0,4048.0,939.3
202307,2315,Adhesive Removers (Sprays/Liquids/Wipes),101190.0,13681280.0,2140415.25
202307,2320,Bag Closures,318.0,14306.0,3925.63
202307,2325,Bag Covers,329.0,1072.0,9990.88
202307,2330,Belts,9375.0,13751.0,508065.95
202307,2335,Colostomy Bags,38597.0,2739763.0,8836996.87
202307,2345,Deodorants,7380.0,1476317.0,98022.12
202307,2346,Discharge Solidifying Agents,2555.0,499020.0,149757.83
202307,2350,Filters/Bridges,276.0,16581.0,15500.35
202307,2355,Flanges,20.0,121.0,1957.4
202307,2360,Ileostomy Bags,64351.0,2531571.0,10548674.44
202307,2370,Irrigation Washout Appliances,3234.0,67852.0,117480.15
202307,2375,Pressure Plates/Shields,93.0,538.0,4580.9
202307,2380,Skin Fillers And Protectives,301352.0,32622666.7,3435167.43
202307,2385,Skin Protectors,24312.0,985993.0,2020370.05
202307,2390,Stoma Caps/Dressings,1486.0,70220.0,101032.0
202307,2392,Tubing & Accessories,426.0,8007.0,20674.96
202307,2394,Two Piece Ostomy Systems,21090.0,814039.0,2128474.93
202307,2396,Urostomy Bags,13249.0,392764.0,2459485.52
202307,301,Bronchodilators,2424402.0,12640503.0,30754366.82
202307,302,Corticosteroids (respiratory),1828446.0,2394091.0,52858368.72
202307,303,"Cromoglycate, leukotriene and phosphodesterase type-4 inhib",383547.0,11723316.0,611992.9
202307,304,"Antihistamines, hyposensitisation and allergic emergencies",1383168.0,69249652.0,11115167.7
202307,307,Mucolytics,298903.0,38725769.0,3068600.72
202307,309,Cough preparations,10237.0,2881622.0,48884.380000000005
202307,310,Systemic nasal decongestants,1153.0,99848.0,12390.33
202307,311,Antifibrotics,1.0,84.0,2007.7
202307,401,Hypnotics and anxiolytics,1118720.0,33574927.0,9331544.6
202307,402,Drugs used in psychoses and related disorders,1119908.0,38483216.0,13058653.72
202307,403,Antidepressant drugs,7337112.0,271273062.0,18429923.57
202307,404,CNS stimulants and drugs used for ADHD,241937.0,9441689.0,10326899.24
202307,405,Drugs used in the treatment of obesity,39654.0,3694823.0,1081248.01
202307,406,Drugs used in nausea and vertigo,519905.0,31739286.0,3826612.24
202307,407,Analgesics,4965813.0,544506485.2,35774568.08
202307,408,Antiepileptic drugs,2670012.0,216537360.0,27402026.37
202307,409,Drugs used in parkinsonism and related disorders,444563.0,34442044.0,8106043.32
202307,410,Drugs used in substance dependence,289935.0,111368805.2,4546908.28
202307,411,Drugs for dementia,366036.0,9207290.0,2199302.14
202307,501,Antibacterial drugs,2748157.0,107742742.5,17504997.56
202307,502,Antifungal drugs,143913.0,4246323.0,720652.2999999999
202307,503,Antiviral drugs,100553.0,5041772.0,1413668.53
202307,504,Antiprotozoal drugs,191945.0,5302627.0,1239260.28
202307,505,Anthelmintics,6594.0,133146.0,56117.36
202307,601,Drugs used in diabetes,5607016.0,322031618.0,121672837.67
202307,602,Thyroid and antithyroid drugs,2895761.0,105332021.0,5559241.58
202307,603,Corticosteroids (endocrine),620782.0,31746698.0,3002207.49
202307,604,Sex Hormones,1415685.0,86614196.5,19255048.96
202307,605,"Hypothalamic and pituitary hormones and anti, oestrogens",30910.0,1460215.0,3521292.8600000003
202307,606,Drugs affecting bone metabolism,514786.0,2633392.0,3473740.25
202307,607,Other endocrine drugs,8360.0,167489.0,621892.73
202307,701,Drugs used in obstetrics,1.0,2.0,16.0
202307,702,Treatment of vaginal and vulval conditions,315228.0,6138424.0,3852723.68
202307,703,Contraceptives,594381.0,53311812.0,5601126.15
202307,704,Drugs for genito-urinary disorders,1895175.0,56778122.0,12404974.61
202307,801,Cytotoxic drugs,16220.0,678129.0,507700.1
202307,802,Drugs affecting the immune response,94442.0,7151443.0,2476672.93
202307,803,Sex hormones and hormone antagonists in malignant disease,273532.0,7714231.0,12201230.91
202307,901,Anaemias and some other blood disorders,1958091.0,84390891.0,6072663.79
202307,902,Fluids and electrolytes,103622.0,7709300.0,1344393.21
202307,904,Oral nutrition (OLD - DO NOT USE),958.0,19019676.0,472466.38
202307,905,Minerals,189751.0,30763715.0,3784181.63
202307,906,Vitamins,2748591.0,124024579.9,11643751.65
202307,908,Metabolic disorders,293.0,109080.0,163374.72
202307,910,Compound vitamin and mineral formulations,10641.0,352297.0,34135.07
202307,911,Health supplements,1056.0,128347.0,68496.62
202307,912,Other health supplements,11713.0,425759.0,51831.83
202307,913,Oral nutrition,561401.0,2131071847.5,36916940.71
202307,914,Enteral nutrition,26452.0,556632678.0,10134362.07
202308,1001,Drugs used in rheumatic diseases and gout,1923147.0,86347308.0,7231629.98
202308,1002,Drugs used in neuromuscular disorders,145942.0,23372472.0,1239935.25
202308,1003,Drugs for soft-tissue disorders and topical pain relief,586440.0,63243948.0,3296561.44
202308,101,Dyspepsia and gastro-oesophageal reflux disease,350560.0,176073478.0,2308610.14
202308,102,Antispasmodics and other drugs altering gut motility,413422.0,34792108.0,5575640.43
202308,103,Antisecretory drugs and mucosal protectants,6601332.0,237206293.0,28435538.19
202308,104,Acute diarrhoea,143609.0,12507425.0,729109.6699999999
202308,105,Chronic bowel disorders,220097.0,26435799.0,13084223.5
202308,106,Laxatives,1622784.0,202309051.0,10733951.68
202308,107,Local preparations for anal and rectal disorders,105271.0,2804913.0,706413.02
202308,109,Drugs affecting intestinal secretions,91344.0,20703313.0,5168167.13
202308,1103,Anti-infective eye preparations,90622.0,788161.5,1018197.01
202308,1104,Corticosteroids and other anti-inflammatory preparations,172945.0,2906741.0,1981635.52
202308,1105,Mydriatics and cycloplegics,7112.0,155658.0,680186.3200000001
202308,1106,Treatment of glaucoma,826856.0,13505578.0,8893263.57
202308,1107,Local anaesthetics,33.0,729.0,466.2000000000001
202308,1108,Miscellaneous ophthalmic preparations,155954.0,5192426.5,1596081.15
202308,1201,Drugs acting on the ear,174402.0,1081875.5,888923.4
202308,1202,Drugs acting on the nose,685883.0,3250268.0,4970343.640000001
202308,1203,Drugs acting on the oropharynx,80443.0,16755644.4,456500.94
202308,1301,Management of skin conditions,3248.0,1817260.0,10231.92
202308,1302,Emollient and barrier preparations,492508.0,256013145.0,3936923.86
202308,1303,Topical local anaesthetics and antipruritics,24831.0,7030926.0,269171.61
202308,1304,Topical corticosteroids,925020.0,51502883.0,5703949.24
202308,1305,Preparations for eczema and psoriasis,145651.0,12237588.0,5995873.54
202308,1306,Acne and rosacea,138807.0,6628462.0,2444923.72
202308,1307,Preparations for warts and calluses,10175.0,130540.5,138065.85
202308,1308,Sunscreens and camouflagers,43489.0,2399388.0,1501820.32
202308,1309,Shampoos and other preparations for scalp and hair conditions,102795.0,20091548.0,1292181.78
202308,1310,Anti-infective skin preparations,272161.0,8511603.0,1792850.59
202308,1311,"Skin cleansers,antiseptics and desloughing agents",16648.0,7704697.0,150704.16
202308,1312,Antiperspirants,4088.0,229883.0,31767.08
202308,1313,Wound management products,1418.0,14383.0,57172.72
202308,1314,Topical circulatory preparations,7004.0,445350.0,37587.54
202308,1315,Miscellaneous topical preparations,132.0,20160.0,16144.24
202308,1404,Vaccines and antisera,141740.0,143767.0,1979107.74
202308,1405,Immunoglobulins,1.0,1.0,250.0
202308,1501,General anaesthesia,31273.0,2086838.0,283963.66000000003
202308,1502,Local anaesthesia,100827.0,1763088.5,1630385.66
202308,1803,X-Ray contrast media,9.0,9000.0,1575.0
202308,1902,Selective preparations,71626.0,13071351.0,763027.6699999999
202308,1904,Single substances,115.0,107707.0,1103.1
202308,1905,Other preparations,822.0,41355.0,10393.990000000002
202308,1906,Acids,332.0,108860.0,10792.49
202308,1907,"Base,diluent, suspending agents and stabilisers",7.0,6622.0,5473.02
202308,1908,"Colouring,flavouring and sweetening agents",1.0,100.0,16.05
202308,1914,Waters,910.0,9372642.0,9485.01
202308,2001,Absorbent Cottons,106.0,78700.0,1024.19
202308,2002,Arm Sling/Bandages,43461.0,591134.0,1150835.66
202308,2003,Wound Management & Other Dressings,321466.0,5835081.6,10934089.83
202308,2004,Gauzes & Gauze Tissue,6996.0,318456.0,203985.74
202308,2005,Tracheostomy & Laryngectomy Appliances,17564.0,899740.0,1596257.67
202308,2007,Lints,14.0,28150.0,757.6100000000001
202308,2009,Stockinette,39327.0,346794.5,523911.26
202308,201,Positive inotropic drugs,218851.0,5766437.0,825783.0
202308,2010,Surgical Adhesive Tape,18626.0,258777.5,85013.93
202308,2011,Surgical Sutures,5501.0,8282.0,16536.11
202308,2012,Swabs,22275.0,4232768.0,87032.84
202308,2014,"Skin Closure Strips, Sterile",4383.0,21618.0,5369.31
202308,2015,"Skin Adhesive, Sterile",51.0,35.5,455.54
202308,2017,Cervical Collar,14.0,16.0,39.36
202308,2018,Cellulose Wadding BP 1988,1.0,500.0,2.2
202308,202,Diuretics,2560969.0,85090206.0,6264439.850000001
202308,2020,Silk Garments,485.0,1658.0,30939.88
202308,203,Anti-arrhythmic drugs,77912.0,4164818.0,489735.36
202308,204,Beta-adrenoceptor blocking drugs,3646589.0,139429964.0,6288530.44
202308,205,Hypertension and heart failure,6621137.0,244372458.0,21422952.25
202308,206,"Nitrates, calcium-channel blockers & other antianginal drugs",4917218.0,173481781.0,17232669.57
202308,207,Sympathomimetics and other vasoconstrictor drugs,19175.0,1432587.0,430013.0
202308,208,Anticoagulants and protamine,1810108.0,78215876.0,73520945.07
202308,209,Antiplatelet drugs,2750766.0,83544458.0,5773843.449999999
202308,2101,Other Appliances,887908.0,77288384.0,5258706.0
202308,2102,Catheters,121212.0,8321923.0,15994229.89
202308,2103,Chiropody Appliances,149.0,3172.0,2715.45
202308,2104,Contraceptive Devices,2208.0,2258.0,26435.6
202308,2106,Trusses,120.0,126.0,4037.88
202308,2107,Elastic Hosiery,40196.0,107964.0,778345.92
202308,211,Antifibrinolytic drugs and haemostatics,47896.0,2959892.0,276735.74
202308,2112,Peak Flow Meters,29390.0,29494.0,158982.93
202308,2113,Catheter Maintenance Products,15580.0,9434900.0,559469.31
202308,2114,Lubricant Gels,27220.0,1791952.0,95808.8
202308,2116,Irrigation Solutions,37094.0,969065.0,275597.04000000004
202308,2118,Vacuum Pumps for Erectile Dysfunction,1723.0,3555.0,200877.54
202308,2119,Oral Film Forming Agents,1291.0,116625.0,66502.31
202308,212,Lipid-regulating drugs,7702758.0,257233550.0,26994232.59
202308,2120,Venous Ulcer Compression System,8664.0,29936.0,443109.21
202308,2121,Dry Mouth Products,39376.0,4076642.0,260253.18
202308,2122,Emollients,777647.0,410439172.0,4685207.67
202308,2123,Vaginal Moisturisers,23909.0,980076.0,230911.82
202308,2124,Nasal Products,25382.0,1804832.0,94741.27
202308,2125,Vaginal Dilators,225.0,226.0,7016.24
202308,2127,Lymphoedema Garments,48793.0,130656.0,3400144.87
202308,2128,Anal Irrigation System,16717.0,54816.0,3062591.19
202308,2129,Pressure Offloading Device,2453.0,4081.0,88889.92
202308,2130,Eye Products,676814.0,10132978.0,5266713.6
202308,2131,Cycloidal Vibration Accessories,1.0,60.0,300.0
202308,2132,Inhalation Solutions,7459.0,494106.0,183923.48
202308,2133,Indwelling Pleural Cath Drain System,757.0,8380.0,260029.75
202308,2134,Vaginal PH Correction Products,563.0,9591.0,6290.25
202308,2135,Acne Treatment,5.0,250.0,102.0
202308,2136,Adhesive Dressing Remover Ster Silicone,1264.0,100893.0,37962.19
202308,2137,Pelvic Toning Devices,17.0,17.0,255.0
202308,2138,Low Friction Products,2149.0,5104.0,51009.81999999999
202308,2139,Prosthetic Adhesives,3.0,48.0,37.68
202308,2140,Bacterial Decolonisation Products,217.0,30094.0,1106.84
202308,2141,Debridement Device,6858.0,80644.0,404440.58
202308,2142,Jaw Rehabilitation Device,83.0,406.0,6807.299999999999
202308,2143,Micro-Enema - Sodium Citrate,98.0,1379.0,598.71
202308,2145,Douches,1.0,1.0,5.17
202308,2146,Hernia Support Garments,83.0,126.0,4726.26
202308,2147,Dev For Fungal Nail Infections,27.0,126.0,468.37
202308,2148,Detection Sensor Interstitial Fluid/Gluc,226746.0,510414.0,17466016.34
202308,2149,Pulsed Electromagnetic Stimulator,21.0,32.0,446.4
202308,2202,Anal Plugs,794.0,29251.0,71365.95
202308,2205,Catheter Valves,12444.0,88643.0,222599.74
202308,2215,Faecal Collectors,291.0,6335.0,15576.669999999998
202308,2220,Incontinence Belts,1.0,7.0,97.37
202308,2230,Incontinence Sheaths,12724.0,513812.0,941191.02
202308,2240,Incontinence Sheath Fixing Strips & Adh,1681.0,48096.0,31747.4
202308,2250,Leg Bags,61938.0,733015.0,2121111.44
202308,2260,Night Drainage Bags,89827.0,2306802.0,1373038.7000000002
202308,2270,Suspensory Systems,1722.0,14285.0,88446.51000000001
202308,2280,Tubing And Accessories,31097.0,211870.0,459773.23
202308,2285,Insert For Female Stress Incont,740.0,1071.0,41035.03
202308,2290,Urinal Systems,1379.0,9478.0,66479.06
202308,2305,Adhesive Discs/Rings/Pads/Plasters,25914.0,1756041.0,1146965.88
202308,2310,Adhesive (Pastes/Sprays/Solutions),66.0,6676.0,1952.23
202308,2315,Adhesive Removers (Sprays/Liquids/Wipes),103410.0,14081798.0,2197147.49
202308,2320,Bag Closures,354.0,16333.0,4676.35
202308,2325,Bag Covers,359.0,1212.0,11334.31
202308,2330,Belts,10236.0,14832.0,557080.9400000001
202308,2335,Colostomy Bags,40004.0,2852681.0,9214530.98
202308,2345,Deodorants,7651.0,1491598.0,99548.94
202308,2346,Discharge Solidifying Agents,2614.0,507851.0,150877.69
202308,2350,Filters/Bridges,307.0,16701.0,15837.34
202308,2355,Flanges,21.0,133.0,2294.09
202308,2360,Ileostomy Bags,65979.0,2597525.0,10831417.54
202308,2370,Irrigation Washout Appliances,3254.0,71862.0,124127.51
202308,2375,Pressure Plates/Shields,92.0,487.0,4169.639999999999
202308,2380,Skin Fillers And Protectives,309484.0,33353180.8,3524411.89
202308,2385,Skin Protectors,25109.0,1018955.0,2094437.04
202308,2390,Stoma Caps/Dressings,1507.0,69482.0,100153.26
202308,2392,Tubing & Accessories,430.0,7525.0,19475.41
202308,2394,Two Piece Ostomy Systems,21258.0,818699.0,2138209.01
202308,2396,Urostomy Bags,13502.0,403108.0,2525687.63
202308,301,Bronchodilators,2417517.0,12711907.0,31592539.67
202308,302,Corticosteroids (respiratory),1827978.0,2405788.0,53333877.77
202308,303,"Cromoglycate, leukotriene and phosphodesterase type-4 inhib",385611.0,11699750.0,691987.29
202308,304,"Antihistamines, hyposensitisation and allergic emergencies",1322381.0,63493281.0,10875584.21
202308,307,Mucolytics,311888.0,40335695.0,3176647.41
202308,308,Aromatic inhalations,1.0,25.0,0.34
202308,309,Cough preparations,10551.0,3008462.0,39012.47
202308,310,Systemic nasal decongestants,1188.0,98875.0,11055.73
202308,311,Antifibrotics,1.0,63.0,501.91
202308,401,Hypnotics and anxiolytics,1149935.0,34361584.0,9492124.98
202308,402,Drugs used in psychoses and related disorders,1149564.0,39221624.0,13133968.18
202308,403,Antidepressant drugs,7503987.0,276327142.0,18810580.85
202308,404,CNS stimulants and drugs used for ADHD,233242.0,9200191.0,10401208.41
202308,405,Drugs used in the treatment of obesity,39828.0,3697880.0,1092080.72
202308,406,Drugs used in nausea and vertigo,529905.0,32381843.0,3721296.96
202308,407,Analgesics,5086453.0,558050535.0,36405255.57
202308,408,Antiepileptic drugs,2734923.0,219624780.0,27273243.82
202308,409,Drugs used in parkinsonism and related disorders,457192.0,35262897.0,8437816.600000001
202308,410,Drugs used in substance dependence,302952.0,116608902.9,4786229.96
202308,411,Drugs for dementia,377607.0,9504719.0,2280868.04
202308,501,Antibacterial drugs,2748765.0,98330449.0,16777419.21
202308,502,Antifungal drugs,147014.0,4298146.0,820003.4600000001
202308,503,Antiviral drugs,101617.0,5075357.0,1314688.7
202308,504,Antiprotozoal drugs,196725.0,5431522.0,1329680.67
202308,505,Anthelmintics,6599.0,128404.0,76643.15999999999
202308,601,Drugs used in diabetes,5719084.0,327663446.0,122337791.67
202308,602,Thyroid and antithyroid drugs,2948541.0,106385145.0,5655469.76
202308,603,Corticosteroids (endocrine),633619.0,32441632.0,2959966.21
202308,604,Sex Hormones,1374174.0,82187238.0,18464537.4
202308,605,"Hypothalamic and pituitary hormones and anti, oestrogens",30039.0,1426162.0,3398357.7
202308,606,Drugs affecting bone metabolism,528736.0,2698875.0,3464123.6
202308,607,Other endocrine drugs,8248.0,169238.0,622987.99
202308,701,Drugs used in obstetrics,2.0,5.0,49.0
202308,702,Treatment of vaginal and vulval conditions,321069.0,6208016.0,3780809.8
202308,703,Contraceptives,582407.0,52131100.0,5339401.529999999
202308,704,Drugs for genito-urinary disorders,1951792.0,58287981.0,12599500.3
202308,801,Cytotoxic drugs,16854.0,709957.0,507744.83
202308,802,Drugs affecting the immune response,95083.0,7083214.0,2539360.43
202308,803,Sex hormones and hormone antagonists in malignant disease,278326.0,7809142.0,12085288.55
202308,901,Anaemias and some other blood disorders,1985477.0,83762994.0,6103582.36
202308,902,Fluids and electrolytes,104104.0,7984804.0,1299260.83
202308,904,Oral nutrition (OLD - DO NOT USE),919.0,18048970.0,443457.95
202308,905,Minerals,190710.0,30718641.0,3787661.61
202308,906,Vitamins,2820273.0,126900608.8,11662658.98
202308,908,Metabolic disorders,251.0,79271.0,175833.02
202308,909,Foods,7.0,29725.0,429.02
202308,910,Compound vitamin and mineral formulations,10779.0,348404.0,32755.800000000003
202308,911,Health supplements,1069.0,117632.0,74074.9
202308,912,Other health supplements,11831.0,424707.0,50008.8
202308,913,Oral nutrition,567180.0,2171602314.0,37522210.93
202308,914,Enteral nutrition,29256.0,603106787.0,10938827.82
202309,1001,Drugs used in rheumatic diseases and gout,1893902.0,85177530.0,7128672.100000001
202309,1002,Drugs used in neuromuscular disorders,141632.0,22995075.0,1215280.93
202309,1003,Drugs for soft-tissue disorders and topical pain relief,577003.0,62174258.0,3241393.96
202309,101,Dyspepsia and gastro-oesophageal reflux disease,330410.0,165210549.0,2317405.8
202309,102,Antispasmodics and other drugs altering gut motility,405496.0,34197150.0,5607896.609999999
202309,103,Antisecretory drugs and mucosal protectants,6444633.0,231837356.0,27963791.67
202309,104,Acute diarrhoea,140552.0,12184211.0,720710.01
202309,105,Chronic bowel disorders,216485.0,25950232.0,12826446.27
202309,106,Laxatives,1597301.0,199454977.0,10662619.03
202309,107,Local preparations for anal and rectal disorders,105052.0,2799303.0,713782.37
202309,109,Drugs affecting intestinal secretions,86260.0,20201919.0,4680357.62
202309,1103,Anti-infective eye preparations,88186.0,807569.5,993810.6
202309,1104,Corticosteroids and other anti-inflammatory preparations,163028.0,2819036.5,2004222.77
202309,1105,Mydriatics and cycloplegics,7106.0,162935.0,658994.24
202309,1106,Treatment of glaucoma,807406.0,13218844.0,8503107.05
202309,1107,Local anaesthetics,28.0,806.0,514.44
202309,1108,Miscellaneous ophthalmic preparations,174378.0,5408920.5,1626614.11
202309,1201,Drugs acting on the ear,174767.0,1090678.0,907401.94
202309,1202,Drugs acting on the nose,640505.0,3127916.0,4688328.37
202309,1203,Drugs acting on the oropharynx,82429.0,16686685.3,473255.44
202309,1301,Management of skin conditions,3381.0,1912060.0,10745.83
202309,1302,Emollient and barrier preparations,495788.0,258471047.0,3964720.1
202309,1303,Topical local anaesthetics and antipruritics,26709.0,7289655.0,284327.8
202309,1304,Topical corticosteroids,915621.0,50663101.0,5610275.45
202309,1305,Preparations for eczema and psoriasis,144592.0,12017200.0,5944217.470000001
202309,1306,Acne and rosacea,141498.0,6738061.0,2470999.13
202309,1307,Preparations for warts and calluses,9787.0,127851.5,121322.66
202309,1308,Sunscreens and camouflagers,45762.0,2435161.0,1585019.63
202309,1309,Shampoos and other preparations for scalp and hair conditions,102371.0,19959220.0,1287086.41
202309,1310,Anti-infective skin preparations,275097.0,8588365.0,1779750.4300000002
202309,1311,"Skin cleansers,antiseptics and desloughing agents",16471.0,7415908.0,147592.35
202309,1312,Antiperspirants,4502.0,253250.0,31694.48
202309,1313,Wound management products,1268.0,12208.0,48527.07
202309,1314,Topical circulatory preparations,6838.0,437000.0,36882.8
202309,1315,Miscellaneous topical preparations,120.0,14211.0,12209.09
202309,1404,Vaccines and antisera,2601943.0,2603379.0,34443203.42
202309,1405,Immunoglobulins,6.0,6.0,2000.0
202309,1501,General anaesthesia,31080.0,7481743.0,283059.82
202309,1502,Local anaesthesia,108286.0,1765640.5,1612446.92
202309,1803,X-Ray contrast media,12.0,9900.0,1732.5
202309,1902,Selective preparations,52622.0,12363970.0,703381.48
202309,1904,Single substances,108.0,93145.0,4456.549999999999
202309,1905,Other preparations,799.0,39703.0,10437.88
202309,1906,Acids,312.0,125985.0,12081.07
202309,1907,"Base,diluent, suspending agents and stabilisers",1.0,210.0,0.56
202309,1908,"Colouring,flavouring and sweetening agents",6.0,600.0,96.3
202309,1914,Waters,924.0,9813999.0,10286.0
202309,2001,Absorbent Cottons,78.0,57075.0,750.63
202309,2002,Arm Sling/Bandages,41908.0,571492.0,1123544.83
202309,2003,Wound Management & Other Dressings,316878.0,5755798.3,10896556.65
202309,2004,Gauzes & Gauze Tissue,6770.0,331188.0,197567.02
202309,2005,Tracheostomy & Laryngectomy Appliances,17593.0,905132.0,1592369.37
202309,2007,Lints,11.0,8350.0,227.82
202309,2009,Stockinette,38349.0,337220.0,508727.8
202309,201,Positive inotropic drugs,212216.0,5626729.0,805929.23
202309,2010,Surgical Adhesive Tape,18201.0,255288.5,83279.61
202309,2011,Surgical Sutures,6970.0,9268.0,18490.64
202309,2012,Swabs,21364.0,4157911.0,86631.38
202309,2014,"Skin Closure Strips, Sterile",3901.0,20094.0,4988.58
202309,2015,"Skin Adhesive, Sterile",43.0,38.5,428.35
202309,2017,Cervical Collar,15.0,17.0,41.82
202309,202,Diuretics,2492176.0,83293419.0,6196532.59
202309,2020,Silk Garments,553.0,1816.0,34429.14
202309,203,Anti-arrhythmic drugs,76248.0,4090523.0,510424.03
202309,204,Beta-adrenoceptor blocking drugs,3564243.0,137038222.0,6274299.890000001
202309,205,Hypertension and heart failure,6457556.0,239226213.0,21357528.43
202309,206,"Nitrates, calcium-channel blockers & other antianginal drugs",4793855.0,169745894.0,16878171.98
202309,207,Sympathomimetics and other vasoconstrictor drugs,19054.0,1431285.0,423810.07
202309,208,Anticoagulants and protamine,1775117.0,76985868.0,72415308.76
202309,209,Antiplatelet drugs,2680236.0,81701044.0,5662857.13
202309,2101,Other Appliances,907261.0,76344261.0,5676756.05
202309,2102,Catheters,118727.0,8263323.0,15870078.02
202309,2103,Chiropody Appliances,141.0,2529.0,1867.12
202309,2104,Contraceptive Devices,2411.0,2454.0,28314.74
202309,2106,Trusses,92.0,96.0,3104.25
202309,2107,Elastic Hosiery,38195.0,102729.0,736023.0900000001
202309,211,Antifibrinolytic drugs and haemostatics,49446.0,3057229.0,288057.23
202309,2112,Peak Flow Meters,29103.0,29263.0,159349.66999999998
202309,2113,Catheter Maintenance Products,16043.0,10096870.0,614008.39
202309,2114,Lubricant Gels,26407.0,1810650.0,96584.4
202309,2116,Irrigation Solutions,36501.0,921089.0,272688.56
202309,2118,Vacuum Pumps for Erectile Dysfunction,1701.0,3604.0,197503.62
202309,2119,Oral Film Forming Agents,1197.0,98450.0,57918.0
202309,212,Lipid-regulating drugs,7509997.0,251083224.0,23257748.3
202309,2120,Venous Ulcer Compression System,8729.0,29393.0,474779.81000000006
202309,2121,Dry Mouth Products,36954.0,3803751.0,242222.4
202309,2122,Emollients,779572.0,412463837.0,4709513.74
202309,2123,Vaginal Moisturisers,23597.0,975366.0,226814.63
202309,2124,Nasal Products,25728.0,1781702.0,93957.4
202309,2125,Vaginal Dilators,244.0,252.0,7884.699999999999
202309,2127,Lymphoedema Garments,46064.0,121166.0,3329459.96
202309,2128,Anal Irrigation System,16363.0,55326.0,3039607.18
202309,2129,Pressure Offloading Device,2353.0,3940.0,86396.09
202309,2130,Eye Products,693577.0,10227125.0,5316308.76
202309,2131,Cycloidal Vibration Accessories,1.0,60.0,300.0
202309,2132,Inhalation Solutions,7421.0,489098.0,184334.19
202309,2133,Indwelling Pleural Cath Drain System,750.0,7790.0,248031.01
202309,2134,Vaginal PH Correction Products,573.0,9337.0,5809.5
202309,2135,Acne Treatment,6.0,350.0,112.0
202309,2136,Adhesive Dressing Remover Ster Silicone,1222.0,89133.0,37492.52
202309,2137,Pelvic Toning Devices,17.0,18.0,270.0
202309,2138,Low Friction Products,2111.0,5011.0,51406.91
202309,2139,Prosthetic Adhesives,8.0,132.0,103.62
202309,2140,Bacterial Decolonisation Products,255.0,30738.0,1233.41
202309,2141,Debridement Device,6739.0,80541.0,405291.86
202309,2142,Jaw Rehabilitation Device,84.0,355.0,8319.66
202309,2143,Micro-Enema - Sodium Citrate,94.0,1858.0,806.7
202309,2145,Douches,1.0,1.0,5.17
202309,2146,Hernia Support Garments,58.0,86.0,3225.86
202309,2147,Dev For Fungal Nail Infections,25.0,112.0,477.34
202309,2148,Detection Sensor Interstitial Fluid/Gluc,228167.0,514866.0,17625623.93
202309,2149,Pulsed Electromagnetic Stimulator,44.0,69.0,962.55
202309,2202,Anal Plugs,773.0,29561.0,72173.51999999999
202309,2205,Catheter Valves,11996.0,85755.0,216626.8
202309,2215,Faecal Collectors,261.0,5695.0,13886.85
202309,2220,Incontinence Belts,3.0,7.0,90.18
202309,2230,Incontinence Sheaths,12073.0,486688.0,889648.78
202309,2240,Incontinence Sheath Fixing Strips & Adh,1598.0,47073.0,29680.090000000004
202309,2250,Leg Bags,61168.0,726341.0,2101572.1
202309,2260,Night Drainage Bags,87708.0,2229997.0,1363666.7
202309,2270,Suspensory Systems,1751.0,15036.0,90298.92
202309,2280,Tubing And Accessories,30294.0,210702.0,451445.01
202309,2285,Insert For Female Stress Incont,694.0,1073.0,41467.95
202309,2290,Urinal Systems,1283.0,8778.0,60234.3
202309,2305,Adhesive Discs/Rings/Pads/Plasters,25666.0,1757821.0,1148119.68
202309,2310,Adhesive (Pastes/Sprays/Solutions),60.0,5966.0,1351.83
202309,2315,Adhesive Removers (Sprays/Liquids/Wipes),103138.0,14063903.0,2195555.0700000003
202309,2320,Bag Closures,320.0,14005.0,4033.74
202309,2325,Bag Covers,271.0,952.0,8641.81
202309,2330,Belts,9745.0,14019.0,507009.62
202309,2335,Colostomy Bags,39371.0,2802064.0,9043528.67
202309,2345,Deodorants,7547.0,1506229.0,99865.48
202309,2346,Discharge Solidifying Agents,2642.0,525908.0,156187.65
202309,2350,Filters/Bridges,280.0,15787.0,14341.12
202309,2355,Flanges,14.0,73.0,1130.54
202309,2360,Ileostomy Bags,65450.0,2582617.0,10784878.31
202309,2370,Irrigation Washout Appliances,3264.0,67325.0,124915.19
202309,2375,Pressure Plates/Shields,82.0,406.0,3471.87
202309,2380,Skin Fillers And Protectives,302927.0,32789259.3,3459016.09
202309,2385,Skin Protectors,24770.0,1005666.0,2064922.12
202309,2390,Stoma Caps/Dressings,1419.0,68145.0,98304.39
202309,2392,Tubing & Accessories,393.0,7312.0,19196.03
202309,2394,Two Piece Ostomy Systems,20805.0,807585.0,2104826.67
202309,2396,Urostomy Bags,13398.0,397692.0,2492135.0700000003
202309,301,Bronchodilators,2423991.0,12397399.0,31062554.06
202309,302,Corticosteroids (respiratory),1822771.0,2400871.0,52658673.2
202309,303,"Cromoglycate, leukotriene and phosphodesterase type-4 inhib",380906.0,11613006.0,661832.82
202309,304,"Antihistamines, hyposensitisation and allergic emergencies",1278528.0,62675776.0,11878599.75
202309,307,Mucolytics,303344.0,39524466.0,3115390.38
202309,308,Aromatic inhalations,3.0,225.0,11.3
202309,309,Cough preparations,10621.0,2978075.0,41755.54
202309,310,Systemic nasal decongestants,1162.0,96738.0,10099.3
202309,401,Hypnotics and anxiolytics,1121612.0,33652849.0,9415291.93
202309,402,Drugs used in psychoses and related disorders,1120240.0,38394582.0,13035500.79
202309,403,Antidepressant drugs,7356364.0,271531077.0,18446340.98
202309,404,CNS stimulants and drugs used for ADHD,240992.0,9566666.0,10511402.04
202309,405,Drugs used in the treatment of obesity,40214.0,3747715.0,1082539.91
202309,406,Drugs used in nausea and vertigo,524205.0,32236806.0,4080166.43
202309,407,Analgesics,4960497.0,544574809.2,35528989.96
202309,408,Antiepileptic drugs,2667381.0,215572252.0,26906517.76
202309,409,Drugs used in parkinsonism and related disorders,442879.0,34323374.0,8493904.47
202309,410,Drugs used in substance dependence,281956.0,108135301.4,4488054.32
202309,411,Drugs for dementia,371056.0,9323648.0,2278409.24
202309,501,Antibacterial drugs,2706686.0,99776961.5,16686072.75
202309,502,Antifungal drugs,142773.0,4144600.0,717617.47
202309,503,Antiviral drugs,98524.0,4924942.0,1198448.67
202309,504,Antiprotozoal drugs,189825.0,5250219.0,1278402.02
202309,505,Anthelmintics,7581.0,146892.0,97419.35
202309,601,Drugs used in diabetes,5627284.0,322713787.0,121194475.79
202309,602,Thyroid and antithyroid drugs,2887162.0,104702465.0,5647393.21
202309,603,Corticosteroids (endocrine),627486.0,31897239.0,2992552.48
202309,604,Sex Hormones,1342685.0,81110599.0,18193400.12
202309,605,"Hypothalamic and pituitary hormones and anti, oestrogens",30182.0,1447936.0,3205719.16
202309,606,Drugs affecting bone metabolism,514459.0,2627551.0,3371647.79
202309,607,Other endocrine drugs,8366.0,169344.0,620655.5
202309,701,Drugs used in obstetrics,3.0,3.0,12.07
202309,702,Treatment of vaginal and vulval conditions,317418.0,6120934.0,3740094.62
202309,703,Contraceptives,580837.0,51658188.0,5545082.399999999
202309,704,Drugs for genito-urinary disorders,1909382.0,57158153.0,12298813.56
202309,801,Cytotoxic drugs,16281.0,697286.0,497884.37
202309,802,Drugs affecting the immune response,93198.0,6950327.0,2390215.51
202309,803,Sex hormones and hormone antagonists in malignant disease,271766.0,7654299.0,11812016.7
202309,901,Anaemias and some other blood disorders,1951094.0,82301211.0,5985325.140000001
202309,902,Fluids and electrolytes,104662.0,7840367.0,1327169.27
202309,904,Oral nutrition (OLD - DO NOT USE),1203.0,24274798.0,604366.4199999999
202309,905,Minerals,190388.0,30452898.0,3792004.08
202309,906,Vitamins,2754158.0,124374419.9,11394719.68
202309,908,Metabolic disorders,254.0,90697.0,111932.22
202309,910,Compound vitamin and mineral formulations,10450.0,349804.0,33557.08
202309,911,Health supplements,1072.0,133093.0,68544.87
202309,912,Other health supplements,11884.0,436396.0,55732.4
202309,913,Oral nutrition,561790.0,2172313834.0,37566327.75
202309,914,Enteral nutrition,28945.0,596718811.0,10870567.95
202310,1001,Drugs used in rheumatic diseases and gout,1903353.0,85646586.0,6946357.209999999
202310,1002,Drugs used in neuromuscular disorders,145155.0,23385582.0,1011038.34
202310,1003,Drugs for soft-tissue disorders and topical pain relief,578873.0,62415303.0,3210392.55
202310,101,Dyspepsia and gastro-oesophageal reflux disease,365603.0,186990480.0,2567030.77
202310,102,Antispasmodics and other drugs altering gut motility,408532.0,34363813.0,5632369.21
202310,103,Antisecretory drugs and mucosal protectants,6552539.0,235084657.0,25598858.48
202310,104,Acute diarrhoea,141493.0,12353688.0,684203.11
202310,105,Chronic bowel disorders,218142.0,26217024.0,12827956.76
202310,106,Laxatives,1624629.0,201987461.0,10792449.33
202310,107,Local preparations for anal and rectal disorders,110057.0,2924563.0,755879.95
202310,109,Drugs affecting intestinal secretions,101017.0,24817770.0,6139760.050000001
202310,1103,Anti-infective eye preparations,91245.0,830950.0,1008503.94
202310,1104,Corticosteroids and other anti-inflammatory preparations,157081.0,2743821.5,1963414.58
202310,1105,Mydriatics and cycloplegics,7178.0,164681.0,663502.83
202310,1106,Treatment of glaucoma,826691.0,13602730.5,8063161.07
202310,1107,Local anaesthetics,40.0,1045.0,653.3600000000001
202310,1108,Miscellaneous ophthalmic preparations,198173.0,5625239.5,1830501.46
202310,1201,Drugs acting on the ear,171457.0,1076772.0,888960.1499999999
202310,1202,Drugs acting on the nose,670702.0,3242875.0,5029961.69
202310,1203,Drugs acting on the oropharynx,89117.0,17105045.1,480404.81
202310,1301,Management of skin conditions,3262.0,1855960.0,10460.47
202310,1302,Emollient and barrier preparations,495082.0,258206170.0,3946044.13
202310,1303,Topical local anaesthetics and antipruritics,27139.0,7293440.0,284823.80000000005
202310,1304,Topical corticosteroids,908950.0,50837148.0,5574054.82
202310,1305,Preparations for eczema and psoriasis,144263.0,11874131.0,5845218.8
202310,1306,Acne and rosacea,141267.0,6727294.0,2471431.93
202310,1307,Preparations for warts and calluses,9090.0,118265.0,126143.25
202310,1308,Sunscreens and camouflagers,42118.0,2192607.0,1459641.64
202310,1309,Shampoos and other preparations for scalp and hair conditions,103532.0,20241328.0,1545522.52
202310,1310,Anti-infective skin preparations,279124.0,8775448.0,1876905.07
202310,1311,"Skin cleansers,antiseptics and desloughing agents",16823.0,7862078.0,159111.96000000002
202310,1312,Antiperspirants,3824.0,218210.0,31974.34
202310,1313,Wound management products,1442.0,14511.0,57779.42
202310,1314,Topical circulatory preparations,6474.0,409950.0,32714.01
202310,1315,Miscellaneous topical preparations,149.0,18525.0,18957.66
202310,1404,Vaccines and antisera,4331553.0,4332934.0,57258802.02
202310,1405,Immunoglobulins,8.0,8.0,4500.0
202310,1501,General anaesthesia,33210.0,7701925.0,282706.91000000003
202310,1502,Local anaesthesia,110120.0,1815348.0,1660021.56
202310,1803,X-Ray contrast media,13.0,13200.0,2310.0
202310,1902,Selective preparations,57323.0,12254521.0,739404.6000000001
202310,1904,Single substances,124.0,98975.0,1135.04
202310,1905,Other preparations,799.0,43942.0,10365.83
202310,1906,Acids,351.0,122389.0,11686.6
202310,1908,"Colouring,flavouring and sweetening agents",3.0,300.0,48.150000000000006
202310,1914,Waters,916.0,9440243.0,9788.45
202310,2001,Absorbent Cottons,79.0,52625.0,649.59
202310,2002,Arm Sling/Bandages,41883.0,568704.0,1125611.43
202310,2003,Wound Management & Other Dressings,311490.0,5631793.9,10843661.26
202310,2004,Gauzes & Gauze Tissue,6908.0,342787.0,202144.58
202310,2005,Tracheostomy & Laryngectomy Appliances,17615.0,905659.0,1618195.75
202310,2007,Lints,11.0,7825.0,215.9
202310,2009,Stockinette,38239.0,338824.5,523777.7
202310,201,Positive inotropic drugs,215325.0,5663727.0,630638.36
202310,2010,Surgical Adhesive Tape,17917.0,250676.0,85385.03
202310,2011,Surgical Sutures,6646.0,8941.0,18688.89
202310,2012,Swabs,20850.0,4006845.0,83318.57
202310,2014,"Skin Closure Strips, Sterile",4587.0,24459.0,6035.92
202310,2015,"Skin Adhesive, Sterile",71.0,59.0,739.1600000000001
202310,2017,Cervical Collar,16.0,20.0,49.2
202310,202,Diuretics,2505717.0,83399081.0,6119407.81
202310,2020,Silk Garments,507.0,1876.0,32528.57
202310,203,Anti-arrhythmic drugs,76668.0,4077042.0,569073.85
202310,204,Beta-adrenoceptor blocking drugs,3623759.0,138910794.0,6123216.23
202310,205,Hypertension and heart failure,6558179.0,242156876.0,21125127.26
202310,206,"Nitrates, calcium-channel blockers & other antianginal drugs",4876903.0,172251468.0,16968655.77
202310,207,Sympathomimetics and other vasoconstrictor drugs,19567.0,1462783.0,429014.51
202310,208,Anticoagulants and protamine,1790493.0,77221865.0,53680201.22
202310,209,Antiplatelet drugs,2726849.0,82743884.0,5323167.83
202310,2101,Other Appliances,935007.0,76673198.0,5857892.6
202310,2102,Catheters,112508.0,7540325.0,14505863.46
202310,2103,Chiropody Appliances,140.0,2687.0,1839.17
202310,2104,Contraceptive Devices,2611.0,2653.0,30911.15
202310,2106,Trusses,89.0,95.0,2963.31
202310,2107,Elastic Hosiery,38096.0,103354.0,734294.6
202310,211,Antifibrinolytic drugs and haemostatics,49477.0,3061482.0,280821.59
202310,2112,Peak Flow Meters,33487.0,33763.0,183792.33
202310,2113,Catheter Maintenance Products,18770.0,11238030.0,707706.56
202310,2114,Lubricant Gels,26087.0,1790671.0,95219.34
202310,2116,Irrigation Solutions,36461.0,873720.0,276054.12
202310,2118,Vacuum Pumps for Erectile Dysfunction,1657.0,3373.0,196084.8
202310,2119,Oral Film Forming Agents,1249.0,108874.0,58459.37
202310,212,Lipid-regulating drugs,7662164.0,254719627.0,21786410.32
202310,2120,Venous Ulcer Compression System,8304.0,27758.0,439854.65
202310,2121,Dry Mouth Products,35988.0,3776847.0,238220.0
202310,2122,Emollients,783102.0,414157225.0,4719016.94
202310,2123,Vaginal Moisturisers,24026.0,1010035.0,233402.77
202310,2124,Nasal Products,30146.0,1950563.0,103774.74
202310,2125,Vaginal Dilators,263.0,268.0,8023.23
202310,2127,Lymphoedema Garments,48112.0,127542.0,3407757.99
202310,2128,Anal Irrigation System,15211.0,47598.0,2785579.7700000005
202310,2129,Pressure Offloading Device,2252.0,3774.0,84183.26000000001
202310,2130,Eye Products,704943.0,10386319.0,5446952.050000001
202310,2131,Cycloidal Vibration Accessories,1.0,60.0,300.0
202310,2132,Inhalation Solutions,7599.0,502139.0,188482.86
202310,2133,Indwelling Pleural Cath Drain System,826.0,8775.0,276234.62
202310,2134,Vaginal PH Correction Products,600.0,9570.0,6177.75
202310,2135,Acne Treatment,3.0,100.0,52.0
202310,2136,Adhesive Dressing Remover Ster Silicone,1190.0,86268.0,33560.23
202310,2137,Pelvic Toning Devices,8.0,8.0,120.0
202310,2138,Low Friction Products,2169.0,4854.0,50287.82
202310,2139,Prosthetic Adhesives,5.0,84.0,65.94
202310,2140,Bacterial Decolonisation Products,179.0,27600.0,866.0899999999999
202310,2141,Debridement Device,6884.0,82266.0,414780.41
202310,2142,Jaw Rehabilitation Device,80.0,429.0,6162.33
202310,2143,Micro-Enema - Sodium Citrate,123.0,1934.0,839.65
202310,2146,Hernia Support Garments,55.0,78.0,2925.78
202310,2147,Dev For Fungal Nail Infections,29.0,228.0,481.4599999999999
202310,2148,Detection Sensor Interstitial Fluid/Gluc,234271.0,527418.0,18053550.76
202310,2149,Pulsed Electromagnetic Stimulator,42.0,63.0,878.85
202310,2202,Anal Plugs,766.0,28412.0,69826.35
202310,2205,Catheter Valves,11571.0,80136.0,200600.53
202310,2210,Drainable Dribbling Appliances,2.0,11.0,153.34
202310,2215,Faecal Collectors,251.0,5255.0,12631.07
202310,2230,Incontinence Sheaths,11616.0,463146.0,844565.0299999999
202310,2240,Incontinence Sheath Fixing Strips & Adh,1513.0,41720.0,26972.88
202310,2250,Leg Bags,58763.0,695211.0,2000105.36
202310,2260,Night Drainage Bags,84745.0,2146436.0,1299205.21
202310,2270,Suspensory Systems,1648.0,13954.0,83372.8
202310,2280,Tubing And Accessories,28967.0,200042.0,426532.44
202310,2285,Insert For Female Stress Incont,718.0,1106.0,41455.81
202310,2290,Urinal Systems,1300.0,8813.0,61816.4
202310,2305,Adhesive Discs/Rings/Pads/Plasters,23265.0,1613153.0,1045672.78
202310,2310,Adhesive (Pastes/Sprays/Solutions),51.0,3946.0,975.01
202310,2315,Adhesive Removers (Sprays/Liquids/Wipes),94438.0,12892083.0,2010411.89
202310,2320,Bag Closures,309.0,14002.0,4343.59
202310,2325,Bag Covers,365.0,1211.0,11568.13
202310,2330,Belts,9258.0,13230.0,518532.93000000005
202310,2335,Colostomy Bags,35609.0,2546008.0,8199701.85
202310,2345,Deodorants,6726.0,1297362.0,89002.41
202310,2346,Discharge Solidifying Agents,2336.0,457432.0,138297.72
202310,2350,Filters/Bridges,268.0,15420.0,14552.63
202310,2355,Flanges,19.0,102.0,1677.65
202310,2360,Ileostomy Bags,59251.0,2344006.0,9763159.27
202310,2370,Irrigation Washout Appliances,3052.0,63872.0,115485.21
202310,2375,Pressure Plates/Shields,98.0,496.0,4373.18
202310,2380,Skin Fillers And Protectives,300117.0,32682430.9,3346827.44
202310,2385,Skin Protectors,22645.0,917161.0,1882357.82
202310,2390,Stoma Caps/Dressings,1373.0,64883.0,93538.58
202310,2392,Tubing & Accessories,397.0,7011.0,18452.92
202310,2394,Two Piece Ostomy Systems,19188.0,736866.0,1925800.9
202310,2396,Urostomy Bags,12441.0,372901.0,2336118.92
202310,301,Bronchodilators,2535143.0,12532837.0,31750308.35
202310,302,Corticosteroids (respiratory),1887296.0,2489115.0,54270808.26
202310,303,"Cromoglycate, leukotriene and phosphodesterase type-4 inhib",390053.0,11844586.0,652816.4
202310,304,"Antihistamines, hyposensitisation and allergic emergencies",1224500.0,58492153.0,9809833.17
202310,307,Mucolytics,315835.0,40847305.0,2898440.88
202310,309,Cough preparations,13545.0,3593759.0,51704.33
202310,310,Systemic nasal decongestants,1514.0,124757.0,11977.82
202310,311,Antifibrotics,1.0,84.0,1505.78
202310,401,Hypnotics and anxiolytics,1136872.0,33919802.0,9000170.23
202310,402,Drugs used in psychoses and related disorders,1141681.0,39281534.0,12745115.7
202310,403,Antidepressant drugs,7489339.0,275719536.0,17859075.18
202310,404,CNS stimulants and drugs used for ADHD,243143.0,9791751.0,10311432.65
202310,405,Drugs used in the treatment of obesity,39226.0,3631084.0,1056486.4700000002
202310,406,Drugs used in nausea and vertigo,529928.0,32375507.0,3956118.15
202310,407,Analgesics,5040641.0,553734744.8000001,35711534.379999995
202310,408,Antiepileptic drugs,2711163.0,219794290.0,27358783.23
202310,409,Drugs used in parkinsonism and related disorders,455172.0,35349106.0,8759210.16
202310,410,Drugs used in substance dependence,295350.0,113321305.6,4682966.82
202310,411,Drugs for dementia,380225.0,9553572.0,2303785.95
202310,501,Antibacterial drugs,3079308.0,120030632.5,17108483.39
202310,502,Antifungal drugs,145003.0,4150280.0,748040.0700000001
202310,503,Antiviral drugs,101406.0,5043401.0,1160066.28
202310,504,Antiprotozoal drugs,190434.0,5233344.0,1043224.38
202310,505,Anthelmintics,8099.0,158057.0,144417.24
202310,601,Drugs used in diabetes,5709720.0,325477316.0,121314754.5
202310,602,Thyroid and antithyroid drugs,2916127.0,105263095.0,5428908.83
202310,603,Corticosteroids (endocrine),704967.0,34553169.0,3174018.51
202310,604,Sex Hormones,1369386.0,83678898.0,19455803.02
202310,605,"Hypothalamic and pituitary hormones and anti, oestrogens",30564.0,1457389.0,3347166.09
202310,606,Drugs affecting bone metabolism,519903.0,2654441.0,3005369.0300000003
202310,607,Other endocrine drugs,8414.0,165762.0,468874.87
202310,701,Drugs used in obstetrics,5.0,5.0,16.14
202310,702,Treatment of vaginal and vulval conditions,324373.0,6242501.0,3831497.26
202310,703,Contraceptives,575938.0,50974920.0,5489097.8100000005
202310,704,Drugs for genito-urinary disorders,1942149.0,57956727.0,12541011.14
202310,801,Cytotoxic drugs,16720.0,713197.0,496619.19000000006
202310,802,Drugs affecting the immune response,94031.0,7059786.0,2456174.29
202310,803,Sex hormones and hormone antagonists in malignant disease,275230.0,7678017.0,11865671.91
202310,901,Anaemias and some other blood disorders,1974784.0,82312321.0,5650214.51
202310,902,Fluids and electrolytes,103401.0,7819645.0,1313876.04
202310,903,Intravenous nutrition,1.0,1.0,16.02
202310,904,Oral nutrition (OLD - DO NOT USE),833.0,17092480.0,420090.92
202310,905,Minerals,200493.0,32364646.0,4010282.31
202310,906,Vitamins,2801362.0,125903304.5,11497052.96
202310,908,Metabolic disorders,328.0,118103.0,254217.21
202310,909,Foods,7.0,43400.0,618.39
202310,910,Compound vitamin and mineral formulations,10597.0,346342.0,32879.74
202310,911,Health supplements,1075.0,123845.0,77959.3
202310,912,Other health supplements,12304.0,452707.0,61771.93
202310,913,Oral nutrition,561557.0,2159330887.5,37278054.13
202310,914,Enteral nutrition,27332.0,567577390.0,10330107.46
202311,1001,Drugs used in rheumatic diseases and gout,1904520.0,85883416.0,6990214.1
202311,1002,Drugs used in neuromuscular disorders,147270.0,23796338.0,1013659.7
202311,1003,Drugs for soft-tissue disorders and topical pain relief,581649.0,62868930.0,3237984.5700000003
202311,101,Dyspepsia and gastro-oesophageal reflux disease,378878.0,194107230.0,2525633.5700000003
202311,102,Antispasmodics and other drugs altering gut motility,406112.0,34233543.0,5627645.18
202311,103,Antisecretory drugs and mucosal protectants,6610261.0,236966777.0,26075993.78
202311,104,Acute diarrhoea,140831.0,12326715.0,689171.63
202311,105,Chronic bowel disorders,219504.0,26349411.0,12900055.95
202311,106,Laxatives,1639445.0,204540436.0,10985859.55
202311,107,Local preparations for anal and rectal disorders,110631.0,2951002.0,780312.3600000001
202311,109,Drugs affecting intestinal secretions,94387.0,22661937.0,5449587.69
202311,1103,Anti-infective eye preparations,94907.0,876166.0,1037890.95
202311,1104,Corticosteroids and other anti-inflammatory preparations,154176.0,2700584.0,1973733.93
202311,1105,Mydriatics and cycloplegics,7352.0,167338.0,669836.5700000001
202311,1106,Treatment of glaucoma,840488.0,14100765.0,8796865.16
202311,1107,Local anaesthetics,32.0,627.0,400.22
202311,1108,Miscellaneous ophthalmic preparations,199322.0,5817712.0,1793785.28
202311,1201,Drugs acting on the ear,168304.0,1068159.5,875968.11
202311,1202,Drugs acting on the nose,661031.0,3118728.0,4929119.14
202311,1203,Drugs acting on the oropharynx,91378.0,17173585.5,482584.35
202311,1301,Management of skin conditions,3279.0,1870040.0,10584.51
202311,1302,Emollient and barrier preparations,503613.0,262217427.0,4004259.89
202311,1303,Topical local anaesthetics and antipruritics,27059.0,7333242.0,286326.91000000003
202311,1304,Topical corticosteroids,934718.0,51752665.0,5664009.22
202311,1305,Preparations for eczema and psoriasis,147260.0,12049051.0,5869065.800000001
202311,1306,Acne and rosacea,143496.0,6799287.0,2490076.6
202311,1307,Preparations for warts and calluses,8835.0,112031.0,129207.18
202311,1308,Sunscreens and camouflagers,40967.0,2076260.0,1441193.15
202311,1309,Shampoos and other preparations for scalp and hair conditions,105476.0,20490276.0,1583143.18
202311,1310,Anti-infective skin preparations,280953.0,8975913.0,1967165.31
202311,1311,"Skin cleansers,antiseptics and desloughing agents",18313.0,8961760.0,160692.41999999998
202311,1312,Antiperspirants,3479.0,199143.0,29422.38
202311,1313,Wound management products,1368.0,14366.0,57105.09
202311,1314,Topical circulatory preparations,6279.0,401500.0,32039.7
202311,1315,Miscellaneous topical preparations,166.0,19823.0,15583.75
202311,1404,Vaccines and antisera,1474548.0,1475807.0,19420442.25
202311,1405,Immunoglobulins,7.0,7.0,2321.0
202311,1501,General anaesthesia,34137.0,309064.5,288230.21
202311,1502,Local anaesthesia,113945.0,1815621.0,1678586.16
202311,1803,X-Ray contrast media,9.0,9400.0,1645.0
202311,1902,Selective preparations,51414.0,12231781.0,679404.7999999999
202311,1904,Single substances,143.0,91355.0,1652.96
202311,1905,Other preparations,814.0,41790.0,10622.53
202311,1906,Acids,360.0,134312.0,13318.2
202311,1907,"Base,diluent, suspending agents and stabilisers",2.0,510.0,1.36
202311,1908,"Colouring,flavouring and sweetening agents",3.0,400.0,59.94
202311,1914,Waters,965.0,9976360.0,9811.62
202311,2001,Absorbent Cottons,72.0,55550.0,689.14
202311,2002,Arm Sling/Bandages,42641.0,585246.0,1150318.6
202311,2003,Wound Management & Other Dressings,304978.0,5617389.7,10775856.38
202311,2004,Gauzes & Gauze Tissue,6564.0,327726.0,190274.17
202311,2005,Tracheostomy & Laryngectomy Appliances,19375.0,1054656.0,1834878.31
202311,2007,Lints,9.0,8425.0,228.98
202311,2009,Stockinette,38044.0,333402.5,526863.0
202311,201,Positive inotropic drugs,216401.0,5720641.0,637537.98
202311,2010,Surgical Adhesive Tape,18121.0,256297.5,84843.58
202311,2011,Surgical Sutures,6929.0,10120.0,20451.9
202311,2012,Swabs,22515.0,4186917.0,86602.83
202311,2014,"Skin Closure Strips, Sterile",5690.0,26706.0,6718.75
202311,2015,"Skin Adhesive, Sterile",49.0,34.0,431.06
202311,2017,Cervical Collar,8.0,8.0,19.68
202311,202,Diuretics,2513360.0,83497314.0,5590980.09
202311,2020,Silk Garments,565.0,1691.0,35882.880000000005
202311,203,Anti-arrhythmic drugs,77376.0,4139240.0,455935.55
202311,204,Beta-adrenoceptor blocking drugs,3653864.0,140073886.0,6044719.83
202311,205,Hypertension and heart failure,6622338.0,244508204.0,21349258.1
202311,206,"Nitrates, calcium-channel blockers & other antianginal drugs",4942624.0,174848164.0,17293122.08
202311,207,Sympathomimetics and other vasoconstrictor drugs,20006.0,1492642.0,437426.39
202311,208,Anticoagulants and protamine,1813607.0,78320883.0,54518649.19
202311,209,Antiplatelet drugs,2739468.0,83068771.0,5325595.29
202311,2101,Other Appliances,969458.0,77751768.0,6041526.33
202311,2102,Catheters,124468.0,8599158.0,16545793.39
202311,2103,Chiropody Appliances,148.0,2526.0,2363.46
202311,2104,Contraceptive Devices,2741.0,2783.0,32694.79
202311,2106,Trusses,106.0,108.0,3459.9300000000003
202311,2107,Elastic Hosiery,37758.0,103019.0,736027.3099999999
202311,211,Antifibrinolytic drugs and haemostatics,49579.0,3059234.0,280298.95
202311,2112,Peak Flow Meters,38065.0,38254.0,207099.04
202311,2113,Catheter Maintenance Products,20367.0,11846990.0,744540.15
202311,2114,Lubricant Gels,28210.0,1932986.5,102554.37
202311,2116,Irrigation Solutions,35467.0,815075.0,269404.55
202311,2118,Vacuum Pumps for Erectile Dysfunction,1569.0,3373.0,183037.87
202311,2119,Oral Film Forming Agents,1115.0,102147.0,56179.61
202311,212,Lipid-regulating drugs,7744290.0,256663003.0,21962607.0
202311,2120,Venous Ulcer Compression System,8474.0,29065.0,459296.98
202311,2121,Dry Mouth Products,37510.0,3850971.0,244464.34
202311,2122,Emollients,815816.0,431158161.0,4893262.76
202311,2123,Vaginal Moisturisers,24065.0,1016024.0,237682.84000000003
202311,2124,Nasal Products,32085.0,2015645.0,107722.26
202311,2125,Vaginal Dilators,255.0,257.0,7934.54
202311,2127,Lymphoedema Garments,49301.0,131870.0,3558886.02
202311,2128,Anal Irrigation System,16677.0,55050.0,3114961.87
202311,2129,Pressure Offloading Device,2004.0,3310.0,73415.53
202311,2130,Eye Products,722004.0,10543360.5,5566923.65
202311,2131,Cycloidal Vibration Accessories,1.0,60.0,300.0
202311,2132,Inhalation Solutions,7858.0,525246.0,194418.78000000003
202311,2133,Indwelling Pleural Cath Drain System,849.0,8960.0,278540.71
202311,2134,Vaginal PH Correction Products,567.0,9414.0,5835.0
202311,2135,Acne Treatment,6.0,250.0,102.0
202311,2136,Adhesive Dressing Remover Ster Silicone,1195.0,90223.0,35995.58
202311,2137,Pelvic Toning Devices,20.0,20.0,300.0
202311,2138,Low Friction Products,2329.0,5043.0,54956.82000000001
202311,2139,Prosthetic Adhesives,9.0,108.0,84.78
202311,2140,Bacterial Decolonisation Products,179.0,24256.0,853.79
202311,2141,Debridement Device,6878.0,83298.0,419169.45000000007
202311,2142,Jaw Rehabilitation Device,102.0,530.0,6207.97
202311,2143,Micro-Enema - Sodium Citrate,109.0,1586.0,688.59
202311,2145,Douches,2.0,2.0,10.34
202311,2146,Hernia Support Garments,35.0,52.0,1950.52
202311,2147,Dev For Fungal Nail Infections,32.0,175.0,574.25
202311,2148,Detection Sensor Interstitial Fluid/Gluc,242324.0,545818.0,18677375.71
202311,2149,Pulsed Electromagnetic Stimulator,34.0,53.0,739.3499999999999
202311,2202,Anal Plugs,673.0,26533.0,64839.0
202311,2205,Catheter Valves,12554.0,88267.0,221133.17
202311,2210,Drainable Dribbling Appliances,1.0,1.0,56.51
202311,2215,Faecal Collectors,279.0,6099.0,15331.11
202311,2230,Incontinence Sheaths,12528.0,508233.0,928526.83
202311,2240,Incontinence Sheath Fixing Strips & Adh,1668.0,47745.0,31237.84
202311,2250,Leg Bags,63960.0,760647.0,2194514.02
202311,2260,Night Drainage Bags,92449.0,2367909.0,1434298.0
202311,2270,Suspensory Systems,1834.0,15602.0,91750.14
202311,2280,Tubing And Accessories,31790.0,221333.0,471009.59
202311,2285,Insert For Female Stress Incont,732.0,1251.0,49473.82
202311,2290,Urinal Systems,1238.0,8120.0,51847.26
202311,2305,Adhesive Discs/Rings/Pads/Plasters,26468.0,1825361.0,1185491.74
202311,2310,Adhesive (Pastes/Sprays/Solutions),61.0,4850.0,1173.74
202311,2315,Adhesive Removers (Sprays/Liquids/Wipes),104798.0,14406669.0,2248786.76
202311,2320,Bag Closures,349.0,15170.0,4463.68
202311,2325,Bag Covers,360.0,1312.0,11469.88
202311,2330,Belts,10048.0,14344.0,541008.65
202311,2335,Colostomy Bags,39935.0,2891828.0,9340786.82
202311,2345,Deodorants,7708.0,1522202.0,103029.84
202311,2346,Discharge Solidifying Agents,2548.0,503420.0,156505.27
202311,2350,Filters/Bridges,267.0,16540.0,15577.929999999998
202311,2355,Flanges,25.0,190.0,3255.68
202311,2360,Ileostomy Bags,66716.0,2660443.0,11112843.34
202311,2370,Irrigation Washout Appliances,3299.0,67887.0,127715.6
202311,2375,Pressure Plates/Shields,85.0,493.0,4262.95
202311,2380,Skin Fillers And Protectives,311537.0,33885876.9,3534676.4
202311,2385,Skin Protectors,26109.0,1073434.0,2204243.66
202311,2390,Stoma Caps/Dressings,1397.0,68462.0,98650.31
202311,2392,Tubing & Accessories,398.0,7486.0,19521.78
202311,2394,Two Piece Ostomy Systems,21174.0,823563.0,2150981.32
202311,2396,Urostomy Bags,13759.0,415592.0,2609497.93
202311,301,Bronchodilators,2614942.0,12577265.0,32419512.57
202311,302,Corticosteroids (respiratory),1932205.0,2556768.0,55273639.8
202311,303,"Cromoglycate, leukotriene and phosphodesterase type-4 inhib",396550.0,12040278.0,668473.9
202311,304,"Antihistamines, hyposensitisation and allergic emergencies",1200791.0,57217710.0,9283847.15
202311,307,Mucolytics,321463.0,41482833.0,2353134.86
202311,308,Aromatic inhalations,1.0,12.0,3.22
202311,309,Cough preparations,15264.0,3917106.0,50239.79000000001
202311,310,Systemic nasal decongestants,1472.0,118513.0,11269.62
202311,401,Hypnotics and anxiolytics,1138613.0,34097792.0,8878207.81
202311,402,Drugs used in psychoses and related disorders,1151695.0,39598231.0,12653901.31
202311,403,Antidepressant drugs,7570848.0,278630828.0,18132189.86
202311,404,CNS stimulants and drugs used for ADHD,245882.0,10002222.0,10626960.72
202311,405,Drugs used in the treatment of obesity,38682.0,3586033.0,1069003.64
202311,406,Drugs used in nausea and vertigo,529840.0,32539776.0,3998181.27
202311,407,Analgesics,5048761.0,555263984.6,35579795.66
202311,408,Antiepileptic drugs,2743453.0,222518860.0,27630981.44
202311,409,Drugs used in parkinsonism and related disorders,457853.0,35534984.0,9156690.81
202311,410,Drugs used in substance dependence,293408.0,112246822.0,4575490.109999999
202311,411,Drugs for dementia,387551.0,9731978.0,2556404.5
202311,501,Antibacterial drugs,3287050.0,135962679.5,17797517.56
202311,502,Antifungal drugs,146977.0,4211193.0,741644.99
202311,503,Antiviral drugs,101017.0,5047227.0,1216137.61
202311,504,Antiprotozoal drugs,190039.0,5200434.0,1224464.99
202311,505,Anthelmintics,8279.0,155325.0,223057.14
202311,601,Drugs used in diabetes,5779169.0,328261792.0,122989290.08
202311,602,Thyroid and antithyroid drugs,2935793.0,105897886.0,5472416.54
202311,603,Corticosteroids (endocrine),744696.0,35857117.0,3329556.67
202311,604,Sex Hormones,1368428.0,83764167.5,19777740.44
202311,605,"Hypothalamic and pituitary hormones and anti, oestrogens",30946.0,1470262.0,3466179.32
202311,606,Drugs affecting bone metabolism,525997.0,2687563.0,3110855.5700000003
202311,607,Other endocrine drugs,8545.0,172886.0,493248.77
202311,701,Drugs used in obstetrics,3.0,4.0,25.57
202311,702,Treatment of vaginal and vulval conditions,331802.0,6420736.0,3924554.42
202311,703,Contraceptives,578552.0,51930010.0,5646075.94
202311,704,Drugs for genito-urinary disorders,1964937.0,58704386.0,12632761.09
202311,801,Cytotoxic drugs,16664.0,712422.0,506124.98
202311,802,Drugs affecting the immune response,94051.0,7029536.0,2475915.18
202311,803,Sex hormones and hormone antagonists in malignant disease,276131.0,7763137.0,11448947.83
202311,901,Anaemias and some other blood disorders,1973042.0,82735215.0,5575700.01
202311,902,Fluids and electrolytes,102850.0,7713536.0,1293048.08
202311,903,Intravenous nutrition,1.0,1.0,16.02
202311,904,Oral nutrition (OLD - DO NOT USE),846.0,15839816.0,387263.29
202311,905,Minerals,199777.0,32447244.0,3966202.29
202311,906,Vitamins,2851233.0,127949182.3,11419217.31
202311,908,Metabolic disorders,331.0,104534.0,190457.87
202311,909,Foods,2.0,8000.0,112.68
202311,910,Compound vitamin and mineral formulations,10447.0,339899.0,32257.29
202311,911,Health supplements,1088.0,131681.0,78682.06
202311,912,Other health supplements,12340.0,434373.0,58056.990000000005
202311,913,Oral nutrition,568230.0,2193558273.5,38386274.09
202311,914,Enteral nutrition,28904.0,596381369.0,10947300.98
202312,1001,Drugs used in rheumatic diseases and gout,1869168.0,84443780.0,6930398.8100000005
202312,1002,Drugs used in neuromuscular disorders,145385.0,23550183.0,1048256.93
202312,1003,Drugs for soft-tissue disorders and topical pain relief,543927.0,58869464.0,3071285.04
202312,101,Dyspepsia and gastro-oesophageal reflux disease,370575.0,191356036.0,2420880.2
202312,102,Antispasmodics and other drugs altering gut motility,404790.0,34127019.0,5612768.26
202312,103,Antisecretory drugs and mucosal protectants,6583102.0,237335406.0,26328394.97
202312,104,Acute diarrhoea,140519.0,12395124.0,689129.85
202312,105,Chronic bowel disorders,221120.0,26649163.0,12979588.71
202312,106,Laxatives,1598367.0,199342905.0,10811098.36
202312,107,Local preparations for anal and rectal disorders,103033.0,2755090.0,741096.75
202312,109,Drugs affecting intestinal secretions,94952.0,22610738.0,5611459.5
202312,1103,Anti-infective eye preparations,100963.0,934263.5,1102343.89
202312,1104,Corticosteroids and other anti-inflammatory preparations,148447.0,2646884.5,1952130.98
202312,1105,Mydriatics and cycloplegics,7317.0,173109.0,663546.6000000001
202312,1106,Treatment of glaucoma,828967.0,14018486.5,8331889.01
202312,1107,Local anaesthetics,35.0,786.0,508.7
202312,1108,Miscellaneous ophthalmic preparations,193015.0,5518873.5,1698735.89
202312,1201,Drugs acting on the ear,160187.0,1022818.0,835685.03
202312,1202,Drugs acting on the nose,655291.0,3006491.0,5136604.5
202312,1203,Drugs acting on the oropharynx,89769.0,16679596.4,472028.17
202312,1301,Management of skin conditions,3186.0,1797550.0,10227.27
202312,1302,Emollient and barrier preparations,482939.0,252738855.0,3860266.55
202312,1303,Topical local anaesthetics and antipruritics,25948.0,7096618.0,275601.75
202312,1304,Topical corticosteroids,870834.0,49157754.0,5375697.89
202312,1305,Preparations for eczema and psoriasis,141843.0,11630022.0,5660895.609999999
202312,1306,Acne and rosacea,130104.0,6201058.0,2267816.84
202312,1307,Preparations for warts and calluses,7145.0,96137.0,125560.37
202312,1308,Sunscreens and camouflagers,33939.0,1735088.0,1184987.55
202312,1309,Shampoos and other preparations for scalp and hair conditions,98050.0,19189883.0,1474093.83
202312,1310,Anti-infective skin preparations,251053.0,8078509.5,1802708.72
202312,1311,"Skin cleansers,antiseptics and desloughing agents",17725.0,8600155.0,153358.24
202312,1312,Antiperspirants,3115.0,182780.0,26577.62
202312,1313,Wound management products,1247.0,13319.0,52943.25
202312,1314,Topical circulatory preparations,5773.0,373236.0,29789.52
202312,1315,Miscellaneous topical preparations,141.0,19855.0,17892.39
202312,1404,Vaccines and antisera,882260.0,883260.0,11626413.34
202312,1405,Immunoglobulins,7.0,8.0,3100.0
202312,1501,General anaesthesia,36900.0,2135437.5,349552.62
202312,1502,Local anaesthesia,102783.0,1756786.0,1652322.98
202312,1803,X-Ray contrast media,11.0,9200.0,1610.0
202312,1902,Selective preparations,57619.0,12415076.0,847702.7799999999
202312,1904,Single substances,155.0,124900.0,3582.09
202312,1905,Other preparations,771.0,42231.0,10454.57
202312,1906,Acids,324.0,114878.0,12713.63
202312,1907,"Base,diluent, suspending agents and stabilisers",5.0,4204.0,3128.57
202312,1908,"Colouring,flavouring and sweetening agents",2.0,300.0,44.96
202312,1914,Waters,933.0,9717182.0,10264.77
202312,2001,Absorbent Cottons,95.0,67950.0,867.13
202312,2002,Arm Sling/Bandages,36964.0,516540.0,1023678.61
202312,2003,Wound Management & Other Dressings,273647.0,5157187.199999999,10076682.68
202312,2004,Gauzes & Gauze Tissue,5783.0,322696.0,173184.07
202312,2005,Tracheostomy & Laryngectomy Appliances,16185.0,871521.0,1518104.56
202312,2006,Foam,2.0,8.0,43.8
202312,2007,Lints,11.0,14325.0,388.99
202312,2009,Stockinette,33589.0,299026.5,475554.87
202312,201,Positive inotropic drugs,216368.0,5735392.0,718842.99
202312,2010,Surgical Adhesive Tape,16575.0,234995.5,80169.59
202312,2011,Surgical Sutures,5775.0,7839.0,16181.95
202312,2012,Swabs,19941.0,4072004.0,83009.87
202312,2014,"Skin Closure Strips, Sterile",3730.0,21048.0,5195.01
202312,2015,"Skin Adhesive, Sterile",36.0,32.0,372.86
202312,2017,Cervical Collar,4.0,4.0,9.84
202312,2018,Cellulose Wadding BP 1988,2.0,1000.0,4.4
202312,202,Diuretics,2500293.0,83556097.0,5634939.47
202312,2020,Silk Garments,511.0,1664.0,31313.06
202312,203,Anti-arrhythmic drugs,78112.0,4195674.0,466446.38
202312,204,Beta-adrenoceptor blocking drugs,3639654.0,140231884.0,6205846.79
202312,205,Hypertension and heart failure,6619727.0,245671094.0,21782344.76
202312,206,"Nitrates, calcium-channel blockers & other antianginal drugs",4941441.0,175710795.0,17365328.08
202312,207,Sympathomimetics and other vasoconstrictor drugs,20328.0,1532660.0,450100.28
202312,208,Anticoagulants and protamine,1820026.0,79141549.0,54974091.79
202312,209,Antiplatelet drugs,2722549.0,82973886.0,5352314.24
202312,2101,Other Appliances,928192.0,76531476.0,5707210.89
202312,2102,Catheters,123631.0,8959637.0,17227050.8
202312,2103,Chiropody Appliances,130.0,2239.0,2078.09
202312,2104,Contraceptive Devices,2531.0,2563.0,30383.38
202312,2106,Trusses,85.0,90.0,2769.75
202312,2107,Elastic Hosiery,32506.0,89016.0,640536.5
202312,211,Antifibrinolytic drugs and haemostatics,46248.0,2880268.0,264402.55
202312,2112,Peak Flow Meters,33424.0,33586.0,179873.59999999998
202312,2113,Catheter Maintenance Products,19886.0,11739420.0,728614.4199999999
202312,2114,Lubricant Gels,27236.0,1858637.0,99867.69
202312,2116,Irrigation Solutions,31983.0,650187.0,253916.68
202312,2118,Vacuum Pumps for Erectile Dysfunction,1501.0,3084.0,180149.89
202312,2119,Oral Film Forming Agents,1118.0,95313.0,58305.21
202312,212,Lipid-regulating drugs,7771953.0,258542610.0,24169498.19
202312,2120,Venous Ulcer Compression System,7365.0,24933.0,396751.19
202312,2121,Dry Mouth Products,39690.0,4069860.0,258570.39
202312,2122,Emollients,785867.0,416170009.0,4725915.52
202312,2123,Vaginal Moisturisers,23032.0,929598.0,228954.88
202312,2124,Nasal Products,31362.0,2001408.0,106574.07
202312,2125,Vaginal Dilators,192.0,193.0,6132.55
202312,2127,Lymphoedema Garments,43793.0,116807.0,3164008.09
202312,2128,Anal Irrigation System,18014.0,60996.0,3419481.04
202312,2129,Pressure Offloading Device,2041.0,3386.0,70003.65
202312,2130,Eye Products,692049.0,10244038.5,5368176.35
202312,2131,Cycloidal Vibration Accessories,2.0,120.0,600.0
202312,2132,Inhalation Solutions,7935.0,520160.0,192336.99
202312,2133,Indwelling Pleural Cath Drain System,793.0,8350.0,255627.5
202312,2134,Vaginal PH Correction Products,550.0,9372.0,5739.0
202312,2135,Acne Treatment,2.0,50.0,26.0
202312,2136,Adhesive Dressing Remover Ster Silicone,1191.0,93253.0,37346.15
202312,2137,Pelvic Toning Devices,10.0,10.0,148.95
202312,2138,Low Friction Products,1977.0,4386.0,47393.810000000005
202312,2139,Prosthetic Adhesives,11.0,204.0,160.14
202312,2140,Bacterial Decolonisation Products,202.0,24564.0,989.16
202312,2141,Debridement Device,5946.0,72189.0,361197.39
202312,2142,Jaw Rehabilitation Device,64.0,341.0,3581.6000000000004
202312,2143,Micro-Enema - Sodium Citrate,99.0,1507.0,654.28
202312,2145,Douches,1.0,1.0,5.17
202312,2146,Hernia Support Garments,31.0,40.0,1500.4
202312,2147,Dev For Fungal Nail Infections,40.0,216.0,802.9200000000001
202312,2148,Detection Sensor Interstitial Fluid/Gluc,246269.0,555691.0,19011732.05
202312,2149,Pulsed Electromagnetic Stimulator,28.0,43.0,599.85
202312,2202,Anal Plugs,652.0,25746.0,62841.7
202312,2205,Catheter Valves,12138.0,88041.0,221157.02
202312,2215,Faecal Collectors,311.0,6661.0,15912.37
202312,2230,Incontinence Sheaths,12553.0,519107.0,954222.48
202312,2240,Incontinence Sheath Fixing Strips & Adh,1584.0,47542.0,30972.7
202312,2250,Leg Bags,62437.0,747576.0,2171520.81
202312,2260,Night Drainage Bags,90622.0,2320218.0,1434703.36
202312,2270,Suspensory Systems,1638.0,13673.0,83535.93
202312,2280,Tubing And Accessories,29840.0,208151.0,447658.92
202312,2285,Insert For Female Stress Incont,697.0,1028.0,40873.130000000005
202312,2290,Urinal Systems,1124.0,8637.0,61640.0
202312,2305,Adhesive Discs/Rings/Pads/Plasters,28558.0,1960223.0,1292617.2799999998
202312,2310,Adhesive (Pastes/Sprays/Solutions),54.0,4006.0,1004.35
202312,2315,Adhesive Removers (Sprays/Liquids/Wipes),109895.0,15245384.0,2374390.0300000003
202312,2320,Bag Closures,302.0,14292.0,4241.32
202312,2325,Bag Covers,247.0,881.0,7716.19
202312,2330,Belts,9361.0,13020.0,450170.23
202312,2335,Colostomy Bags,42437.0,3050739.0,9910457.75
202312,2345,Deodorants,7978.0,1658458.0,107428.16
202312,2346,Discharge Solidifying Agents,2631.0,506000.0,160510.01
202312,2350,Filters/Bridges,275.0,16180.0,15495.32
202312,2355,Flanges,14.0,63.0,995.85
202312,2360,Ileostomy Bags,71081.0,2819879.0,11891794.99
202312,2370,Irrigation Washout Appliances,3399.0,73586.0,133831.57
202312,2375,Pressure Plates/Shields,100.0,580.0,4969.15
202312,2380,Skin Fillers And Protectives,302573.0,32770044.6,3505873.3400000003
202312,2385,Skin Protectors,28226.0,1155462.0,2369436.22
202312,2390,Stoma Caps/Dressings,1586.0,74858.0,107873.79
202312,2392,Tubing & Accessories,393.0,6973.0,18027.18
202312,2394,Two Piece Ostomy Systems,22169.0,876519.0,2292942.25
202312,2396,Urostomy Bags,14193.0,427029.0,2689216.13
202312,301,Bronchodilators,2629176.0,12607912.0,33589339.510000005
202312,302,Corticosteroids (respiratory),1946362.0,2581030.0,55239146.34
202312,303,"Cromoglycate, leukotriene and phosphodesterase type-4 inhib",399572.0,12188194.5,1156679.14
202312,304,"Antihistamines, hyposensitisation and allergic emergencies",1165530.0,55524226.0,8907890.969999999
202312,307,Mucolytics,323149.0,41794588.0,2349832.72
202312,308,Aromatic inhalations,2.0,85.0,4.109999999999999
202312,309,Cough preparations,16717.0,4195265.0,57915.66
202312,310,Systemic nasal decongestants,1539.0,175685.0,12068.3
202312,311,Antifibrotics,1.0,1.0,7.97
202312,401,Hypnotics and anxiolytics,1126798.0,34080962.0,8943424.219999999
202312,402,Drugs used in psychoses and related disorders,1138974.0,39264774.0,13491637.920000002
202312,403,Antidepressant drugs,7499547.0,277713294.0,18161383.1
202312,404,CNS stimulants and drugs used for ADHD,238613.0,9561054.0,10437993.54
202312,405,Drugs used in the treatment of obesity,35425.0,3271802.0,990410.43
202312,406,Drugs used in nausea and vertigo,519066.0,32044967.0,3772838.36
202312,407,Analgesics,5029147.0,555942634.2,36093251.36
202312,408,Antiepileptic drugs,2734025.0,222980318.0,27882785.49
202312,409,Drugs used in parkinsonism and related disorders,455583.0,35574775.0,9374519.32
202312,410,Drugs used in substance dependence,296192.0,112211624.8,4542331.94
202312,411,Drugs for dementia,382159.0,9651099.0,2665918.59
202312,501,Antibacterial drugs,3481117.0,146222158.5,18602144.35
202312,502,Antifungal drugs,141313.0,4030365.0,676632.14
202312,503,Antiviral drugs,103385.0,5081370.0,1216272.43
202312,504,Antiprotozoal drugs,184726.0,5064344.0,1111720.35
202312,505,Anthelmintics,7061.0,132601.0,171018.85
202312,601,Drugs used in diabetes,5748109.0,327049094.0,121830913.65
202312,602,Thyroid and antithyroid drugs,2927390.0,105898702.0,5474979.609999999
202312,603,Corticosteroids (endocrine),787206.0,37654484.0,3448259.01
202312,604,Sex Hormones,1348813.0,82064880.5,19402012.9
202312,605,"Hypothalamic and pituitary hormones and anti, oestrogens",30316.0,1453193.5,3352917.3
202312,606,Drugs affecting bone metabolism,519458.0,2652964.0,2996594.41
202312,607,Other endocrine drugs,8553.0,172577.0,492070.53
202312,701,Drugs used in obstetrics,4.0,5.0,24.22
202312,702,Treatment of vaginal and vulval conditions,316904.0,6163335.0,3740344.87
202312,703,Contraceptives,551450.0,48838319.0,5081655.38
202312,704,Drugs for genito-urinary disorders,1954776.0,58722036.0,12501004.52
202312,801,Cytotoxic drugs,16635.0,697485.0,507056.12
202312,802,Drugs affecting the immune response,94688.0,7171869.0,2495736.44
202312,803,Sex hormones and hormone antagonists in malignant disease,276575.0,7774343.0,11633964.16
202312,901,Anaemias and some other blood disorders,1944147.0,79628260.0,5430002.8
202312,902,Fluids and electrolytes,103598.0,7864364.0,1369663.95
202312,904,Oral nutrition (OLD - DO NOT USE),1077.0,21891587.0,549004.3099999999
202312,905,Minerals,182870.0,28775991.0,3624367.96
202312,906,Vitamins,2823337.0,126809269.3,11434839.38
202312,908,Metabolic disorders,281.0,94120.0,192493.81
202312,910,Compound vitamin and mineral formulations,10654.0,349802.0,34758.18
202312,911,Health supplements,1046.0,126336.0,80870.95999999999
202312,912,Other health supplements,12235.0,435578.0,56173.09
202312,913,Oral nutrition,547391.0,2115078766.0,37254069.4
202312,914,Enteral nutrition,27491.0,574218988.0,10472897.97
202401,1001,Drugs used in rheumatic diseases and gout,1939101.0,87237238.0,7121849.279999999
202401,1002,Drugs used in neuromuscular disorders,150245.0,24533721.0,1039896.51
202401,1003,Drugs for soft-tissue disorders and topical pain relief,584877.0,63306756.0,3297317.78
202401,101,Dyspepsia and gastro-oesophageal reflux disease,388826.0,200236801.0,2542647.19
202401,102,Antispasmodics and other drugs altering gut motility,417033.0,35048246.0,5730738.26
202401,103,Antisecretory drugs and mucosal protectants,6778984.0,242919639.0,25162115.3
202401,104,Acute diarrhoea,143713.0,12545468.0,696928.75
202401,105,Chronic bowel disorders,223415.0,26735887.0,12362331.07
202401,106,Laxatives,1695131.0,209738248.0,11470528.33
202401,107,Local preparations for anal and rectal disorders,118356.0,3127082.0,825968.4600000001
202401,109,Drugs affecting intestinal secretions,97545.0,22807836.0,5846602.27
202401,1103,Anti-infective eye preparations,111888.0,1021632.0,1143111.98
202401,1104,Corticosteroids and other anti-inflammatory preparations,152950.0,2704630.0,1960838.12
202401,1105,Mydriatics and cycloplegics,7536.0,177793.0,679345.1000000001
202401,1106,Treatment of glaucoma,844677.0,14270252.5,8848023.67
202401,1107,Local anaesthetics,30.0,667.0,424.86
202401,1108,Miscellaneous ophthalmic preparations,202503.0,5823979.5,1826539.14
202401,1201,Drugs acting on the ear,169626.0,1078995.0,884516.09
202401,1202,Drugs acting on the nose,698909.0,3008851.0,6530593.16
202401,1203,Drugs acting on the oropharynx,92633.0,17585625.6,491948.55
202401,1301,Management of skin conditions,3386.0,1907951.0,10794.02
202401,1302,Emollient and barrier preparations,529021.0,275823007.0,4178399.51
202401,1303,Topical local anaesthetics and antipruritics,28608.0,7764410.0,301671.59
202401,1304,Topical corticosteroids,1016253.0,56856500.0,6172290.38
202401,1305,Preparations for eczema and psoriasis,157729.0,12808905.0,6337484.92
202401,1306,Acne and rosacea,150667.0,7166187.0,2636607.6
202401,1307,Preparations for warts and calluses,9452.0,130309.0,180704.59
202401,1308,Sunscreens and camouflagers,37382.0,1904605.82,1303271.05
202401,1309,Shampoos and other preparations for scalp and hair conditions,107168.0,20840285.0,1543213.78
202401,1310,Anti-infective skin preparations,285316.0,9459497.5,2255714.64
202401,1311,"Skin cleansers,antiseptics and desloughing agents",19096.0,9179062.0,164514.14
202401,1312,Antiperspirants,3514.0,199520.0,29562.85
202401,1313,Wound management products,1427.0,14033.0,55781.39
202401,1314,Topical circulatory preparations,6350.0,406068.0,32406.87
202401,1315,Miscellaneous topical preparations,169.0,21651.0,16544.739999999998
202401,1404,Vaccines and antisera,532254.0,533522.0,7125584.71
202401,1405,Immunoglobulins,2.0,2.0,1500.0
202401,1501,General anaesthesia,37324.0,2134984.5,353958.78
202401,1502,Local anaesthesia,116781.0,1890709.0,1704085.47
202401,1803,X-Ray contrast media,6.0,4700.0,822.5
202401,1902,Selective preparations,56767.0,12675643.0,785784.39
202401,1904,Single substances,160.0,109135.0,4543.429999999999
202401,1905,Other preparations,787.0,40590.0,10194.09
202401,1906,Acids,420.0,143077.0,13099.919999999998
202401,1907,"Base,diluent, suspending agents and stabilisers",4.0,1680.0,4.52
202401,1908,"Colouring,flavouring and sweetening agents",4.0,400.0,59.92
202401,1914,Waters,1011.0,10217606.0,10472.67
202401,2001,Absorbent Cottons,74.0,56400.0,714.37
202401,2002,Arm Sling/Bandages,44261.0,610137.0,1195211.75
202401,2003,Wound Management & Other Dressings,318395.0,5855153.5,11356779.53
202401,2004,Gauzes & Gauze Tissue,6709.0,288249.0,193210.52
202401,2005,Tracheostomy & Laryngectomy Appliances,18359.0,978671.0,1681824.55
202401,2007,Lints,11.0,16225.0,440.9
202401,2009,Stockinette,39436.0,350137.0,555529.29
202401,201,Positive inotropic drugs,217746.0,5734863.0,531342.16
202401,2010,Surgical Adhesive Tape,19076.0,264049.0,87171.87
202401,2011,Surgical Sutures,6685.0,9036.0,17831.36
202401,2012,Swabs,21480.0,4194549.0,86458.33
202401,2014,"Skin Closure Strips, Sterile",4855.0,23943.0,5970.27
202401,2015,"Skin Adhesive, Sterile",62.0,52.0,617.03
202401,2017,Cervical Collar,4.0,6.0,14.76
202401,202,Diuretics,2546600.0,84442199.0,5867030.529999999
202401,2020,Silk Garments,603.0,1872.0,38551.54
202401,203,Anti-arrhythmic drugs,78316.0,4169451.0,485487.1
202401,204,Beta-adrenoceptor blocking drugs,3718853.0,142803771.0,6576931.86
202401,205,Hypertension and heart failure,6765528.0,249977141.0,22067715.57
202401,206,"Nitrates, calcium-channel blockers & other antianginal drugs",5076583.0,179700434.0,16888626.82
202401,207,Sympathomimetics and other vasoconstrictor drugs,20909.0,1555389.0,408789.79
202401,208,Anticoagulants and protamine,1843435.0,79547770.0,48304677.27
202401,209,Antiplatelet drugs,2785398.0,84493181.0,5416837.96
202401,2101,Other Appliances,977348.0,79417645.0,5936996.37
202401,2102,Catheters,126324.0,8384840.0,16242182.5
202401,2103,Chiropody Appliances,180.0,2831.0,2118.71
202401,2104,Contraceptive Devices,2930.0,2995.0,35408.09
202401,2106,Trusses,99.0,104.0,3162.32
202401,2107,Elastic Hosiery,36333.0,99388.0,707419.03
202401,211,Antifibrinolytic drugs and haemostatics,50974.0,3149149.0,268379.06
202401,2112,Peak Flow Meters,40058.0,40241.0,216467.27
202401,2113,Catheter Maintenance Products,20941.0,12152220.0,752310.64
202401,2114,Lubricant Gels,29846.0,2024234.0,109694.86
202401,2116,Irrigation Solutions,37045.0,762826.0,279726.59
202401,2118,Erectile Dysfunction Devices,1915.0,3882.0,230287.34
202401,2119,Oral Film Forming Agents,1179.0,105174.0,57977.08
202401,212,Lipid-regulating drugs,8030155.0,266563380.0,25637703.81
202401,2120,Venous Ulcer Compression System,8405.0,28828.0,457529.87
202401,2121,Dry Mouth Products,42691.0,4336665.0,276559.19
202401,2122,Emollients,897050.0,473709408.0,5362882.3100000005
202401,2123,Vaginal Moisturisers,24415.0,1022423.0,242676.68
202401,2124,Nasal Products,31018.0,2030339.0,107679.74
202401,2125,Vaginal Dilators,223.0,227.0,7517.61
202401,2127,Lymphoedema Garments,48882.0,130413.0,3574948.96
202401,2128,Anal Irrigation System,17078.0,55359.0,3150610.4000000004
202401,2129,Pressure Offloading Device,2530.0,4208.0,95240.03
202401,2130,Eye Products,705271.0,10459302.5,5443835.2700000005
202401,2131,Cycloidal Vibration Accessories,2.0,129.0,645.0
202401,2132,Inhalation Solutions,8117.0,538752.0,200586.35
202401,2133,Indwelling Pleural Cath Drain System,800.0,8390.0,268800.86
202401,2134,Vaginal PH Correction Products,575.0,9428.0,5877.75
202401,2135,Acne Treatment,7.0,205.0,100.0
202401,2136,Adhesive Dressing Remover Ster Silicone,1333.0,99292.0,38389.72
202401,2137,Pelvic Toning Devices,16.0,18.0,270.0
202401,2138,Low Friction Products,2516.0,5484.0,59084.240000000005
202401,2139,Prosthetic Adhesives,13.0,252.0,197.82
202401,2140,Bacterial Decolonisation Products,162.0,23554.0,778.8
202401,2141,Debridement Device,7102.0,84492.0,428695.71
202401,2142,Jaw Rehabilitation Device,83.0,516.0,4312.56
202401,2143,Micro-Enema - Sodium Citrate,108.0,2075.0,900.84
202401,2146,Hernia Support Garments,13.0,19.0,712.69
202401,2147,Dev For Fungal Nail Infections,55.0,191.0,1152.32
202401,2148,Detection Sensor Interstitial Fluid/Gluc,259913.0,584568.0,20007306.76
202401,2149,Pulsed Electromagnetic Stimulator,36.0,58.0,809.1000000000001
202401,2202,Anal Plugs,695.0,27040.0,66271.4
202401,2205,Catheter Valves,12490.0,87598.0,216167.52
202401,2210,Drainable Dribbling Appliances,1.0,1.0,13.94
202401,2215,Faecal Collectors,290.0,6395.0,15923.45
202401,2220,Incontinence Belts,3.0,11.0,109.87
202401,2230,Incontinence Sheaths,12286.0,497264.0,913543.76
202401,2240,Incontinence Sheath Fixing Strips & Adh,1527.0,44008.0,29179.550000000003
202401,2250,Leg Bags,65608.0,776470.0,2248110.08
202401,2260,Night Drainage Bags,94621.0,2416205.0,1466368.1800000002
202401,2270,Suspensory Systems,1888.0,15971.0,95587.94
202401,2280,Tubing And Accessories,31843.0,220695.0,474537.53
202401,2285,Insert For Female Stress Incont,764.0,1180.0,45876.31
202401,2290,Urinal Systems,1328.0,9559.0,64302.27
202401,2305,Adhesive Discs/Rings/Pads/Plasters,26487.0,1823812.0,1195346.15
202401,2310,Adhesive (Pastes/Sprays/Solutions),60.0,4944.0,1247.64
202401,2315,Adhesive Removers (Sprays/Liquids/Wipes),106207.0,14564294.0,2272255.19
202401,2320,Bag Closures,338.0,15187.0,4367.16
202401,2325,Bag Covers,443.0,1528.0,14707.38
202401,2330,Belts,9276.0,13391.0,488940.57
202401,2335,Colostomy Bags,39601.0,2832554.0,9183363.26
202401,2345,Deodorants,7411.0,1483781.0,98777.82
202401,2346,Discharge Solidifying Agents,2589.0,491080.0,156466.4
202401,2350,Filters/Bridges,302.0,18450.0,17280.28
202401,2355,Flanges,17.0,154.0,2777.08
202401,2360,Ileostomy Bags,66383.0,2639573.0,11071861.55
202401,2370,Irrigation Washout Appliances,3295.0,66208.0,118562.81
202401,2375,Pressure Plates/Shields,86.0,492.0,4246.38
202401,2380,Skin Fillers And Protectives,322932.0,35213672.9,3654717.67
202401,2385,Skin Protectors,26447.0,1089294.0,2253309.19
202401,2390,Stoma Caps/Dressings,1399.0,67461.0,97581.47
202401,2392,Tubing & Accessories,379.0,7121.0,18277.13
202401,2394,Two Piece Ostomy Systems,20714.0,804353.0,2117808.44
202401,2396,Urostomy Bags,13734.0,409975.0,2584621.93
202401,301,Bronchodilators,2645925.0,12428047.0,34006127.72
202401,302,Corticosteroids (respiratory),1975211.0,2627916.0,56108307.06
202401,303,"Cromoglycate, leukotriene and phosphodesterase type-4 inhib",411858.0,12523368.0,1000995.45
202401,304,"Antihistamines, hyposensitisation and allergic emergencies",1239646.0,59236231.0,9669761.79
202401,307,Mucolytics,334058.0,43052100.0,2294656.74
202401,309,Cough preparations,17396.0,4411088.0,64022.77
202401,310,Systemic nasal decongestants,1699.0,132662.0,11938.21
202401,311,Antifibrotics,2.0,7.0,55.77
202401,401,Hypnotics and anxiolytics,1172690.0,35238184.0,9028559.87
202401,402,Drugs used in psychoses and related disorders,1177598.0,40379852.0,13832097.67
202401,403,Antidepressant drugs,7779786.0,286612664.0,18492607.55
202401,404,CNS stimulants and drugs used for ADHD,258575.0,10233735.0,11465363.55
202401,405,Drugs used in the treatment of obesity,38356.0,3550171.0,1013455.24
202401,406,Drugs used in nausea and vertigo,542959.0,33216156.0,3986035.89
202401,407,Analgesics,5161622.0,568149360.8,36535207.03
202401,408,Antiepileptic drugs,2782174.0,226385552.0,27413304.5
202401,409,Drugs used in parkinsonism and related disorders,461029.0,35782852.0,10084401.64
202401,410,Drugs used in substance dependence,298366.0,113534580.0,4669617.76
202401,411,Drugs for dementia,394495.0,9894035.0,2746909.64
202401,501,Antibacterial drugs,3618811.0,143924109.5,18108747.85
202401,502,Antifungal drugs,153077.0,4381887.0,643505.8
202401,503,Antiviral drugs,109919.0,5286128.0,1269615.92
202401,504,Antiprotozoal drugs,191081.0,5244900.0,1263963.1
202401,505,Anthelmintics,8362.0,150426.0,278449.01
202401,601,Drugs used in diabetes,5907780.0,334713440.0,121849995.87
202401,602,Thyroid and antithyroid drugs,2995827.0,108231759.0,5661076.75
202401,603,Corticosteroids (endocrine),787124.0,37624372.0,3236946.14
202401,604,Sex Hormones,1415748.0,87278012.5,20396960.69
202401,605,"Hypothalamic and pituitary hormones and anti, oestrogens",31222.0,1482730.5,3444252.69
202401,606,Drugs affecting bone metabolism,529450.0,2697207.0,3078231.56
202401,607,Other endocrine drugs,8905.0,184481.0,520440.9
202401,701,Drugs used in obstetrics,3.0,59.0,459.15
202401,702,Treatment of vaginal and vulval conditions,340581.0,6613826.0,4057048.29
202401,703,Contraceptives,602459.0,53404757.0,5898194.949999999
202401,704,Drugs for genito-urinary disorders,2016425.0,60284459.0,13041622.91
202401,801,Cytotoxic drugs,16898.0,710811.0,503027.69
202401,802,Drugs affecting the immune response,95021.0,7118123.0,2433473.3
202401,803,Sex hormones and hormone antagonists in malignant disease,284978.0,7879476.0,12455512.29
202401,901,Anaemias and some other blood disorders,2013140.0,82617059.0,5499981.49
202401,902,Fluids and electrolytes,106138.0,8254664.0,1427169.24
202401,904,Oral nutrition (OLD - DO NOT USE),870.0,15160860.0,381407.93000000005
202401,905,Minerals,206104.0,33607263.0,4127476.2
202401,906,Vitamins,2924573.0,130651336.9,12287674.65
202401,908,Metabolic disorders,371.0,115023.0,239983.22
202401,909,Foods,4.0,20000.0,249.52
202401,910,Compound vitamin and mineral formulations,10911.0,364061.0,35328.97
202401,911,Health supplements,1222.0,153188.0,88517.35
202401,912,Other health supplements,12652.0,458121.0,60100.25
202401,913,Oral nutrition,576114.0,2232750371.0,39343223.76
202401,914,Enteral nutrition,30091.0,613635862.0,11183677.01
202402,1001,Drugs used in rheumatic diseases and gout,1827948.0,81968087.0,6936790.26
202402,1002,Drugs used in neuromuscular disorders,141738.0,22910766.0,1189947.27
202402,1003,Drugs for soft-tissue disorders and topical pain relief,553230.0,59777030.0,3099020.31
202402,101,Dyspepsia and gastro-oesophageal reflux disease,356119.0,183063055.0,2313736.92
202402,102,Antispasmodics and other drugs altering gut motility,391561.0,32816157.0,5428437.8
202402,103,Antisecretory drugs and mucosal protectants,6366752.0,227442710.0,23578867.42
202402,104,Acute diarrhoea,133557.0,11708281.0,664158.39
202402,105,Chronic bowel disorders,210033.0,25038979.0,11573864.02
202402,106,Laxatives,1597316.0,197169683.0,10861473.06
202402,107,Local preparations for anal and rectal disorders,111860.0,2954821.0,844039.6100000001
202402,109,Drugs affecting intestinal secretions,85908.0,19629575.0,4759221.84
202402,1103,Anti-infective eye preparations,112594.0,1031405.5,1152528.35
202402,1104,Corticosteroids and other anti-inflammatory preparations,152155.0,2664619.0,1938487.19
202402,1105,Mydriatics and cycloplegics,7113.0,165520.0,642685.9299999999
202402,1106,Treatment of glaucoma,791769.0,13448928.0,8061548.01
202402,1107,Local anaesthetics,36.0,814.0,510.73
202402,1108,Miscellaneous ophthalmic preparations,185241.0,5311149.5,1763162.32
202402,1201,Drugs acting on the ear,166222.0,1097139.0,887744.12
202402,1202,Drugs acting on the nose,685294.0,2798766.0,6438464.29
202402,1203,Drugs acting on the oropharynx,86381.0,16674015.7,467424.32
202402,1301,Management of skin conditions,3092.0,1751290.0,9858.12
202402,1302,Emollient and barrier preparations,486384.0,253523677.0,3844476.27
202402,1303,Topical local anaesthetics and antipruritics,27501.0,7525699.0,293428.13
202402,1304,Topical corticosteroids,936724.0,51685983.0,5857176.59
202402,1305,Preparations for eczema and psoriasis,148963.0,12099558.0,5900975.369999999
202402,1306,Acne and rosacea,146581.0,6931057.0,2593630.76
202402,1307,Preparations for warts and calluses,9318.0,129746.0,193056.81
202402,1308,Sunscreens and camouflagers,39507.0,2010698.82,1373100.42
202402,1309,Shampoos and other preparations for scalp and hair conditions,100912.0,19595934.0,1532026.89
202402,1310,Anti-infective skin preparations,273738.0,9517169.0,2145944.1
202402,1311,"Skin cleansers,antiseptics and desloughing agents",18088.0,8766728.0,187992.61
202402,1312,Antiperspirants,3444.0,196390.0,32981.45
202402,1313,Wound management products,1341.0,15085.0,61935.06
202402,1314,Topical circulatory preparations,5943.0,377700.0,30140.46
202402,1315,Miscellaneous topical preparations,166.0,16885.0,16957.44
202402,1404,Vaccines and antisera,350455.0,351657.0,4725073.220000001
202402,1405,Immunoglobulins,4.0,4.0,1200.0
202402,1501,General anaesthesia,34521.0,11509704.0,319384.3
202402,1502,Local anaesthesia,118014.0,1878038.5,1615931.39
202402,1803,X-Ray contrast media,8.0,8500.0,1487.5
202402,1902,Selective preparations,53847.0,11825710.0,803755.09
202402,1904,Single substances,113.0,110860.0,3096.02
202402,1905,Other preparations,796.0,42661.0,10666.93
202402,1906,Acids,395.0,127458.0,12034.24
202402,1908,"Colouring,flavouring and sweetening agents",12.0,1600.0,241.56
202402,1914,Waters,931.0,9474244.0,9201.96
202402,2001,Absorbent Cottons,70.0,54500.0,692.51
202402,2002,Arm Sling/Bandages,39450.0,536992.0,1074302.44
202402,2003,Wound Management & Other Dressings,286415.0,5292285.1,10256104.88
202402,2004,Gauzes & Gauze Tissue,6226.0,309373.0,184320.41
202402,2005,Tracheostomy & Laryngectomy Appliances,17064.0,888951.0,1567760.27
202402,2007,Lints,10.0,6800.0,206.82
202402,2009,Stockinette,35385.0,306474.5,513311.65
202402,201,Positive inotropic drugs,206490.0,5421083.0,548926.38
202402,2010,Surgical Adhesive Tape,16840.0,232289.5,79737.76999999999
202402,2011,Surgical Sutures,6634.0,8737.0,16527.11
202402,2012,Swabs,20013.0,3854387.0,79387.88
202402,2014,"Skin Closure Strips, Sterile",6843.0,29046.0,7267.789999999999
202402,2015,"Skin Adhesive, Sterile",52.0,40.0,572.4
202402,2017,Cervical Collar,8.0,9.0,22.14
202402,202,Diuretics,2406024.0,79572992.0,5484249.35
202402,2020,Silk Garments,535.0,1779.0,35366.69
202402,203,Anti-arrhythmic drugs,74195.0,3967929.0,495635.54
202402,204,Beta-adrenoceptor blocking drugs,3509212.0,134565127.0,6150136.33
202402,205,Hypertension and heart failure,6391508.0,235600256.0,20950300.48
202402,206,"Nitrates, calcium-channel blockers & other antianginal drugs",4796488.0,169266210.0,15872858.65
202402,207,Sympathomimetics and other vasoconstrictor drugs,19873.0,1475392.0,387720.84
202402,208,Anticoagulants and protamine,1740503.0,74981522.0,45397786.48
202402,209,Antiplatelet drugs,2617822.0,79139893.0,5072592.03
202402,2101,Other Appliances,916165.0,74318073.0,5516019.3100000005
202402,2102,Catheters,116494.0,7902708.0,15281693.6
202402,2103,Chiropody Appliances,146.0,2168.0,1643.94
202402,2104,Contraceptive Devices,2818.0,2857.0,33703.04
202402,2106,Trusses,95.0,102.0,3177.96
202402,2107,Elastic Hosiery,35574.0,96889.0,695232.27
202402,211,Antifibrinolytic drugs and haemostatics,48964.0,3025173.0,257838.07
202402,2112,Peak Flow Meters,37748.0,37998.0,202831.79
202402,2113,Catheter Maintenance Products,18744.0,10995510.0,677764.96
202402,2114,Lubricant Gels,26596.0,1809865.5,97137.39
202402,2116,Irrigation Solutions,33471.0,703497.0,251692.01
202402,2118,Erectile Dysfunction Devices,1809.0,3705.0,212851.36
202402,2119,Oral Film Forming Agents,1102.0,94071.0,55348.18
202402,212,Lipid-regulating drugs,7611884.0,251771033.0,23735947.88
202402,2120,Venous Ulcer Compression System,8161.0,28126.0,451405.99
202402,2121,Dry Mouth Products,40247.0,4070825.0,258033.25
202402,2122,Emollients,820175.0,432661016.0,4902655.03
202402,2123,Vaginal Moisturisers,23626.0,988061.0,237278.15
202402,2124,Nasal Products,30158.0,1958393.0,103814.29
202402,2125,Vaginal Dilators,251.0,255.0,8208.55
202402,2127,Lymphoedema Garments,48727.0,129016.0,3551541.87
202402,2128,Anal Irrigation System,16369.0,52198.0,3044013.95
202402,2129,Pressure Offloading Device,2424.0,4050.0,88987.67
202402,2130,Eye Products,674637.0,9851129.0,5177104.06
202402,2131,Cycloidal Vibration Accessories,3.0,180.0,900.0
202402,2132,Inhalation Solutions,7646.0,501479.0,185680.17
202402,2133,Indwelling Pleural Cath Drain System,841.0,8330.0,274070.59
202402,2134,Vaginal PH Correction Products,555.0,9129.0,5718.0
202402,2135,Acne Treatment,2.0,50.0,26.0
202402,2136,Adhesive Dressing Remover Ster Silicone,1181.0,91645.0,35982.25
202402,2137,Pelvic Toning Devices,13.0,15.0,225.0
202402,2138,Low Friction Products,2337.0,5041.0,55168.06
202402,2139,Prosthetic Adhesives,7.0,108.0,84.78
202402,2140,Bacterial Decolonisation Products,194.0,22794.0,862.1499999999999
202402,2141,Debridement Device,6536.0,79372.0,399188.71
202402,2142,Jaw Rehabilitation Device,76.0,415.0,3789.91
202402,2143,Micro-Enema - Sodium Citrate,76.0,1192.0,517.54
202402,2146,Hernia Support Garments,16.0,23.0,862.73
202402,2147,Dev For Fungal Nail Infections,33.0,184.0,744.98
202402,2148,Detection Sensor Interstitial Fluid/Gluc,249057.0,559380.0,19139040.48
202402,2149,Pulsed Electromagnetic Stimulator,27.0,36.0,502.2000000000001
202402,2202,Anal Plugs,699.0,26362.0,65040.12
202402,2205,Catheter Valves,11778.0,83271.0,206506.09
202402,2215,Faecal Collectors,271.0,5460.0,13077.28
202402,2220,Incontinence Belts,1.0,1.0,7.41
202402,2230,Incontinence Sheaths,11214.0,454255.0,834899.3799999999
202402,2240,Incontinence Sheath Fixing Strips & Adh,1538.0,45693.0,29267.16
202402,2250,Leg Bags,59413.0,707233.0,2049803.53
202402,2260,Night Drainage Bags,86785.0,2211501.0,1360846.01
202402,2270,Suspensory Systems,1611.0,13705.0,80965.44
202402,2280,Tubing And Accessories,30204.0,209517.0,449566.43
202402,2285,Insert For Female Stress Incont,828.0,1464.0,57452.35
202402,2290,Urinal Systems,1159.0,8642.0,60333.17
202402,2305,Adhesive Discs/Rings/Pads/Plasters,24537.0,1692497.0,1110484.75
202402,2310,Adhesive (Pastes/Sprays/Solutions),45.0,3626.0,860.8
202402,2315,Adhesive Removers (Sprays/Liquids/Wipes),99137.0,13627863.0,2128686.41
202402,2320,Bag Closures,289.0,11220.0,3723.57
202402,2325,Bag Covers,314.0,1068.0,9843.27
202402,2330,Belts,9984.0,14296.0,539962.64
202402,2335,Colostomy Bags,36848.0,2631084.0,8553251.48
202402,2345,Deodorants,6926.0,1402939.0,93092.39
202402,2346,Discharge Solidifying Agents,2394.0,454948.0,144980.88
202402,2350,Filters/Bridges,258.0,14194.0,13557.41
202402,2355,Flanges,19.0,118.0,1973.76
202402,2360,Ileostomy Bags,62134.0,2447529.0,10310073.14
202402,2370,Irrigation Washout Appliances,3052.0,62698.0,114718.43
202402,2375,Pressure Plates/Shields,96.0,456.0,4076.65
202402,2380,Skin Fillers And Protectives,301646.0,32757558.9,3423041.38
202402,2385,Skin Protectors,25231.0,1033186.0,2130905.0700000003
202402,2390,Stoma Caps/Dressings,1321.0,60225.0,87063.76000000001
202402,2392,Tubing & Accessories,389.0,7071.0,18519.08
202402,2394,Two Piece Ostomy Systems,18991.0,743613.0,1942899.93
202402,2396,Urostomy Bags,12675.0,374701.0,2363934.48
202402,301,Bronchodilators,2426876.0,11672720.0,31981214.52
202402,302,Corticosteroids (respiratory),1832807.0,2455908.0,52179874.86
202402,303,"Cromoglycate, leukotriene and phosphodesterase type-4 inhib",386929.0,11730331.0,944637.9
202402,304,"Antihistamines, hyposensitisation and allergic emergencies",1182599.0,56344196.0,9379373.57
202402,307,Mucolytics,316459.0,40455990.0,1961042.8
202402,308,Aromatic inhalations,1.0,12.0,3.66
202402,309,Cough preparations,14735.0,3755123.0,46381.02
202402,310,Systemic nasal decongestants,1382.0,108119.0,10876.18
202402,311,Antifibrotics,1.0,1.0,7.97
202402,401,Hypnotics and anxiolytics,1096221.0,32853336.0,8342986.380000001
202402,402,Drugs used in psychoses and related disorders,1108028.0,37821419.0,12578699.67
202402,403,Antidepressant drugs,7305265.0,268377639.0,17802904.89
202402,404,CNS stimulants and drugs used for ADHD,241511.0,9549633.0,10620761.27
202402,405,Drugs used in the treatment of obesity,38070.0,3536225.0,991014.21
202402,406,Drugs used in nausea and vertigo,509063.0,31014170.0,3774748.94
202402,407,Analgesics,4828560.0,529604547.4,34181296.86
202402,408,Antiepileptic drugs,2637167.0,214277972.0,26091360.17
202402,409,Drugs used in parkinsonism and related disorders,438640.0,34026358.0,9494896.89
202402,410,Drugs used in substance dependence,283384.0,106606839.6,4514370.06
202402,411,Drugs for dementia,371829.0,9308938.0,2609925.59
202402,501,Antibacterial drugs,3325099.0,140524895.5,17357863.18
202402,502,Antifungal drugs,147708.0,4276128.0,794146.49
202402,503,Antiviral drugs,101392.0,4917395.0,1167502.9300000002
202402,504,Antiprotozoal drugs,178647.0,4883633.0,1114026.26
202402,505,Anthelmintics,8179.0,145055.0,273999.98
202402,601,Drugs used in diabetes,5603778.0,315863983.0,116210675.68
202402,602,Thyroid and antithyroid drugs,2801356.0,100695946.0,5236119.57
202402,603,Corticosteroids (endocrine),698096.0,33806728.0,3060920.71
202402,604,Sex Hormones,1331838.0,82180937.0,19142503.05
202402,605,"Hypothalamic and pituitary hormones and anti, oestrogens",29043.0,1383298.0,3158326.6
202402,606,Drugs affecting bone metabolism,496432.0,2531558.0,2852890.35
202402,607,Other endocrine drugs,8536.0,175612.0,495062.88
202402,701,Drugs used in obstetrics,3.0,3.0,12.17
202402,702,Treatment of vaginal and vulval conditions,321231.0,6240409.0,3875020.87
202402,703,Contraceptives,551961.0,48815525.0,5477734.22
202402,704,Drugs for genito-urinary disorders,1909631.0,56992851.0,12302472.84
202402,801,Cytotoxic drugs,15897.0,670033.0,452987.59
202402,802,Drugs affecting the immune response,88772.0,6694640.0,2313797.54
202402,803,Sex hormones and hormone antagonists in malignant disease,265559.0,7354162.0,11487353.7
202402,901,Anaemias and some other blood disorders,1906706.0,78830862.0,5156648.77
202402,902,Fluids and electrolytes,101759.0,8144877.0,1370603.55
202402,903,Intravenous nutrition,2.0,2.0,32.04
202402,904,Oral nutrition (OLD - DO NOT USE),1021.0,20738998.0,582129.7100000001
202402,905,Minerals,201622.0,33379243.0,4077282.47
202402,906,Vitamins,2772085.0,122816322.6,11806151.53
202402,908,Metabolic disorders,323.0,115366.0,236756.1
202402,909,Foods,2.0,40800.0,495.72
202402,910,Compound vitamin and mineral formulations,10237.0,332075.0,31431.14
202402,911,Health supplements,1031.0,133811.0,86525.26000000001
202402,912,Other health supplements,11929.0,422256.0,54646.68
202402,913,Oral nutrition,543592.0,2110250794.5,38142298.34
202402,914,Enteral nutrition,28248.0,579207281.0,11195558.87
202403,1001,Drugs used in rheumatic diseases and gout,1863022.0,83333564.0,7081748.91
202403,1002,Drugs used in neuromuscular disorders,143363.0,23123208.0,1186628.56
202403,1003,Drugs for soft-tissue disorders and topical pain relief,561487.0,60665313.0,3152886.7
202403,101,Dyspepsia and gastro-oesophageal reflux disease,361257.0,185951588.0,2347904.73
202403,102,Antispasmodics and other drugs altering gut motility,398116.0,33489518.0,5655972.08
202403,103,Antisecretory drugs and mucosal protectants,6480162.0,231680364.0,24217055.09
202403,104,Acute diarrhoea,135786.0,11876939.0,675389.58
202403,105,Chronic bowel disorders,213166.0,25451742.0,11656278.83
202403,106,Laxatives,1605526.0,198363228.0,10976356.27
202403,107,Local preparations for anal and rectal disorders,110217.0,2915077.0,822722.6799999999
202403,109,Drugs affecting intestinal secretions,90195.0,21589222.0,5094353.63
202403,1103,Anti-infective eye preparations,108656.0,1003581.0,1119414.24
202403,1104,Corticosteroids and other anti-inflammatory preparations,163202.0,2837126.5,2034729.09
202403,1105,Mydriatics and cycloplegics,7253.0,173485.0,635927.64
202403,1106,Treatment of glaucoma,805824.0,13766479.5,8406434.35
202403,1107,Local anaesthetics,40.0,909.0,585.23
202403,1108,Miscellaneous ophthalmic preparations,195810.0,5607060.0,1826297.19
202403,1201,Drugs acting on the ear,162059.0,1080808.5,857422.4700000001
202403,1202,Drugs acting on the nose,714236.0,2831282.0,6640750.96
202403,1203,Drugs acting on the oropharynx,87507.0,16753583.7,464565.64
202403,1301,Management of skin conditions,3218.0,1843294.0,14158.41
202403,1302,Emollient and barrier preparations,499988.0,260979648.0,3973360.06
202403,1303,Topical local anaesthetics and antipruritics,28056.0,7652757.0,298649.31
202403,1304,Topical corticosteroids,961824.0,52860172.0,5912350.44
202403,1305,Preparations for eczema and psoriasis,152750.0,12370531.0,6011388.12
202403,1306,Acne and rosacea,148080.0,6997502.0,2615777.27
202403,1307,Preparations for warts and calluses,8974.0,127589.0,186843.12
202403,1308,Sunscreens and camouflagers,39195.0,2057269.94,1356619.99
202403,1309,Shampoos and other preparations for scalp and hair conditions,99894.0,19434850.0,1504725.2999999998
202403,1310,Anti-infective skin preparations,277637.0,9600586.0,2162508.98
202403,1311,"Skin cleansers,antiseptics and desloughing agents",18598.0,8894284.0,185857.56
202403,1312,Antiperspirants,3575.0,202235.0,30238.68
202403,1313,Wound management products,1297.0,13501.0,53666.64
202403,1314,Topical circulatory preparations,6115.0,391144.0,31234.44
202403,1315,Miscellaneous topical preparations,132.0,19023.0,13366.94
202403,1404,Vaccines and antisera,307589.0,308537.0,4147599.2
202403,1405,Immunoglobulins,2.0,2.0,600.0
202403,1501,General anaesthesia,33864.0,22006976.0,285316.02
202403,1502,Local anaesthesia,117057.0,1797229.5,1672720.76
202403,1803,X-Ray contrast media,7.0,7600.0,1330.0
202403,1902,Selective preparations,60192.0,11910940.0,895568.39
202403,1904,Single substances,113.0,100135.0,1706.65
202403,1905,Other preparations,749.0,38553.0,9705.85
202403,1906,Acids,370.0,126215.0,13142.92
202403,1907,"Base,diluent, suspending agents and stabilisers",4.0,3784.0,3127.44
202403,1908,"Colouring,flavouring and sweetening agents",8.0,1025.0,154.79
202403,1914,Waters,889.0,9356201.0,9813.84
202403,2001,Absorbent Cottons,65.0,41925.0,515.24
202403,2002,Arm Sling/Bandages,36977.0,512503.0,1011078.29
202403,2003,Wound Management & Other Dressings,275952.0,5106764.9,9918384.74
202403,2004,Gauzes & Gauze Tissue,5865.0,314725.0,176149.59
202403,2005,Tracheostomy & Laryngectomy Appliances,16285.0,857192.0,1509944.6800000002
202403,2007,Lints,23.0,14475.0,395.23
202403,2009,Stockinette,33427.0,290031.0,478289.77
202403,201,Positive inotropic drugs,208776.0,5508362.0,542204.9
202403,2010,Surgical Adhesive Tape,16168.0,223982.5,77507.75
202403,2011,Surgical Sutures,7148.0,9514.0,18428.29
202403,2012,Swabs,19088.0,3761694.0,78175.74
202403,2014,"Skin Closure Strips, Sterile",4578.0,24003.0,6005.96
202403,2015,"Skin Adhesive, Sterile",48.0,24.5,274.72
202403,2017,Cervical Collar,4.0,4.0,9.84
202403,2018,Cellulose Wadding BP 1988,1.0,500.0,2.2
202403,202,Diuretics,2447663.0,81043305.0,5542315.5600000005
202403,2020,Silk Garments,508.0,1636.0,30744.39
202403,203,Anti-arrhythmic drugs,76728.0,4100048.0,524257.64
202403,204,Beta-adrenoceptor blocking drugs,3570595.0,137238717.0,6289491.65
202403,205,Hypertension and heart failure,6540253.0,241661459.0,21565015.16
202403,206,"Nitrates, calcium-channel blockers & other antianginal drugs",4920884.0,174049914.0,16430922.69
202403,207,Sympathomimetics and other vasoconstrictor drugs,20367.0,1503714.0,392895.16
202403,208,Anticoagulants and protamine,1775680.0,76688701.0,46484799.23
202403,209,Antiplatelet drugs,2654852.0,80459319.0,5161757.4
202403,2101,Other Appliances,910881.0,73699331.0,5497714.41
202403,2102,Catheters,117378.0,8094245.0,15684488.11
202403,2103,Chiropody Appliances,166.0,2382.0,2218.52
202403,2104,Contraceptive Devices,2841.0,2884.0,34041.03
202403,2106,Trusses,66.0,67.0,2076.11
202403,2107,Elastic Hosiery,34370.0,93476.0,672154.14
202403,211,Antifibrinolytic drugs and haemostatics,49728.0,3053484.0,259437.49
202403,2112,Peak Flow Meters,37088.0,37278.0,200568.89
202403,2113,Catheter Maintenance Products,18868.0,11023990.0,681065.43
202403,2114,Lubricant Gels,26976.0,1866248.5,98880.44
202403,2116,Irrigation Solutions,32052.0,679683.0,243581.29
202403,2118,Erectile Dysfunction Devices,1748.0,3657.0,204230.05
202403,2119,Oral Film Forming Agents,1068.0,90412.0,54814.990000000005
202403,212,Lipid-regulating drugs,7814680.0,259031838.0,23597176.03
202403,2120,Venous Ulcer Compression System,7553.0,25967.0,411669.67
202403,2121,Dry Mouth Products,40630.0,4079913.0,260222.39
202403,2122,Emollients,836918.0,442712657.0,5020883.05
202403,2123,Vaginal Moisturisers,23819.0,998853.0,238860.66
202403,2124,Nasal Products,31018.0,1993647.0,105744.15
202403,2125,Vaginal Dilators,240.0,240.0,7263.23
202403,2127,Lymphoedema Garments,45582.0,122459.0,3348214.41
202403,2128,Anal Irrigation System,16481.0,54392.0,3128335.09
202403,2129,Pressure Offloading Device,1985.0,3311.0,78400.70000000001
202403,213,Local sclerosants,2.0,2.0,9.08
202403,2130,Eye Products,701961.0,10192943.5,5351885.26
202403,2131,Cycloidal Vibration Accessories,1.0,60.0,300.0
202403,2132,Inhalation Solutions,7861.0,514061.0,191164.88
202403,2133,Indwelling Pleural Cath Drain System,813.0,8840.0,286567.8
202403,2134,Vaginal PH Correction Products,521.0,7848.0,5112.0
202403,2135,Acne Treatment,4.0,125.0,51.0
202403,2136,Adhesive Dressing Remover Ster Silicone,1205.0,79744.0,33220.82
202403,2137,Pelvic Toning Devices,17.0,19.0,285.0
202403,2138,Low Friction Products,2264.0,4997.0,53658.43
202403,2139,Prosthetic Adhesives,11.0,168.0,131.88
202403,2140,Bacterial Decolonisation Products,180.0,26270.0,879.81
202403,2141,Debridement Device,6024.0,73371.0,375102.2
202403,2142,Jaw Rehabilitation Device,77.0,403.0,5186.15
202403,2143,Micro-Enema - Sodium Citrate,58.0,1008.0,437.65
202403,2146,Hernia Support Garments,14.0,15.0,562.65
202403,2147,Dev For Fungal Nail Infections,35.0,139.0,714.98
202403,2148,Detection Sensor Interstitial Fluid/Gluc,257975.0,579600.0,19830628.02
202403,2149,Pulsed Electromagnetic Stimulator,32.0,52.0,725.4
202403,2202,Anal Plugs,679.0,27060.0,66621.83
202403,2205,Catheter Valves,11636.0,82679.0,207109.94
202403,2215,Faecal Collectors,256.0,5545.0,13599.48
202403,2220,Incontinence Belts,1.0,1.0,6.72
202403,2230,Incontinence Sheaths,11678.0,469387.0,864883.67
202403,2240,Incontinence Sheath Fixing Strips & Adh,1621.0,47167.0,30015.02
202403,2250,Leg Bags,60038.0,711778.0,2069262.46
202403,2260,Night Drainage Bags,88103.0,2229623.0,1383586.1800000002
202403,2270,Suspensory Systems,1673.0,14120.0,84933.54000000001
202403,2280,Tubing And Accessories,31201.0,217025.0,464074.77
202403,2285,Insert For Female Stress Incont,884.0,1381.0,54421.600000000006
202403,2290,Urinal Systems,1194.0,8364.0,60300.32
202403,2305,Adhesive Discs/Rings/Pads/Plasters,24674.0,1697414.0,1120815.04
202403,2310,Adhesive (Pastes/Sprays/Solutions),62.0,5934.0,1474.95
202403,2315,Adhesive Removers (Sprays/Liquids/Wipes),99814.0,13616210.0,2135454.12
202403,2320,Bag Closures,296.0,12179.0,3513.57
202403,2325,Bag Covers,309.0,1066.0,10021.97
202403,2330,Belts,9589.0,13672.0,502650.17
202403,2335,Colostomy Bags,37288.0,2659605.0,8655429.66
202403,2345,Deodorants,6830.0,1363134.0,91159.82
202403,2346,Discharge Solidifying Agents,2277.0,441777.0,142610.65000000002
202403,2350,Filters/Bridges,297.0,17413.0,15736.37
202403,2355,Flanges,24.0,123.0,2159.01
202403,2360,Ileostomy Bags,62289.0,2459537.0,10388278.76
202403,2370,Irrigation Washout Appliances,3140.0,65183.0,116221.33
202403,2375,Pressure Plates/Shields,90.0,514.0,4506.79
202403,2380,Skin Fillers And Protectives,299916.0,32359862.8,3403171.88
202403,2385,Skin Protectors,25323.0,1035071.0,2144609.72
202403,2390,Stoma Caps/Dressings,1350.0,62726.0,90886.17
202403,2392,Tubing & Accessories,346.0,6443.0,16548.58
202403,2394,Two Piece Ostomy Systems,18889.0,733252.0,1930142.47
202403,2396,Urostomy Bags,12682.0,377956.0,2395554.9
202403,301,Bronchodilators,2454864.0,11639328.0,32587751.04
202403,302,Corticosteroids (respiratory),1862410.0,2491489.0,52959858.2
202403,303,"Cromoglycate, leukotriene and phosphodesterase type-4 inhib",395825.0,12016455.0,911276.17
202403,304,"Antihistamines, hyposensitisation and allergic emergencies",1252918.0,60835884.0,10079848.71
202403,307,Mucolytics,320714.0,41049886.0,1963720.76
202403,308,Aromatic inhalations,1.0,12.0,3.66
202403,309,Cough preparations,14718.0,3769384.0,53282.0
202403,310,Systemic nasal decongestants,1295.0,101235.0,9433.97
202403,311,Antifibrotics,1.0,1.0,7.97
202403,401,Hypnotics and anxiolytics,1103283.0,33099065.0,8298049.61
202403,402,Drugs used in psychoses and related disorders,1121815.0,38262625.0,12512041.91
202403,403,Antidepressant drugs,7433183.0,273445519.0,18055480.09
202403,404,CNS stimulants and drugs used for ADHD,258593.0,10084454.0,11380043.61
202403,405,Drugs used in the treatment of obesity,39661.0,3663087.0,1023379.52
202403,406,Drugs used in nausea and vertigo,511850.0,31264161.0,3636756.6
202403,407,Analgesics,4898258.0,536487592.6,34185401.11
202403,408,Antiepileptic drugs,2666971.0,216134212.0,26523264.11
202403,409,Drugs used in parkinsonism and related disorders,441771.0,34262629.0,9415076.23
202403,410,Drugs used in substance dependence,288582.0,107474215.2,4634767.86
202403,411,Drugs for dementia,375058.0,9404888.0,2603319.26
202403,501,Antibacterial drugs,3326845.0,145301362.0,17380241.869999997
202403,502,Antifungal drugs,149612.0,4379175.0,649994.54
202403,503,Antiviral drugs,100057.0,4921557.0,1175325.72
202403,504,Antiprotozoal drugs,177172.0,4856574.0,1094052.01
202403,505,Anthelmintics,7489.0,133493.0,252955.08
202403,601,Drugs used in diabetes,5734123.0,322450623.0,120448650.27
202403,602,Thyroid and antithyroid drugs,2857006.0,102977788.0,5324526.87
202403,603,Corticosteroids (endocrine),696020.0,33816977.0,3080253.0
202403,604,Sex Hormones,1374086.0,85230025.0,19788478.0
202403,605,"Hypothalamic and pituitary hormones and anti, oestrogens",30240.0,1435692.5,3247524.1900000004
202403,606,Drugs affecting bone metabolism,504311.0,2568906.0,2846861.6100000003
202403,607,Other endocrine drugs,8694.0,175645.0,487306.72
202403,701,Drugs used in obstetrics,1.0,1.0,8.0
202403,702,Treatment of vaginal and vulval conditions,318223.0,6159774.0,4001835.07
202403,703,Contraceptives,549550.0,48631881.0,5380221.470000001
202403,704,Drugs for genito-urinary disorders,1941374.0,58193527.0,12541197.2
202403,705,Other drugs for gynaecological conditions,4.0,112.0,179.2
202403,801,Cytotoxic drugs,15960.0,675282.0,463696.51
202403,802,Drugs affecting the immune response,89880.0,6794318.0,2399797.67
202403,803,Sex hormones and hormone antagonists in malignant disease,269667.0,7515026.0,11500675.93
202403,901,Anaemias and some other blood disorders,1948885.0,80362404.0,5182548.859999999
202403,902,Fluids and electrolytes,103348.0,7994633.0,1414093.47
202403,903,Intravenous nutrition,1.0,1.0,16.02
202403,904,Oral nutrition (OLD - DO NOT USE),821.0,15802990.0,448923.33
202403,905,Minerals,198894.0,32571505.0,4013220.33
202403,906,Vitamins,2822395.0,125108021.0,11948716.45
202403,908,Metabolic disorders,313.0,111515.0,200847.1
202403,909,Foods,3.0,36800.0,506.48
202403,910,Compound vitamin and mineral formulations,10607.0,346731.0,33791.42
202403,911,Health supplements,1089.0,149155.0,108833.87
202403,912,Other health supplements,12042.0,432552.0,56355.08
202403,913,Oral nutrition,542254.0,2102699286.5,38112930.14
202403,914,Enteral nutrition,27268.0,558016124.0,10901684.58
202404,1001,Drugs used in rheumatic diseases and gout,1933522.0,86382112.0,7084466.71
202404,1002,Drugs used in neuromuscular disorders,149346.0,24122209.0,1052378.9
202404,1003,Drugs for soft-tissue disorders and topical pain relief,587893.0,63562312.0,3311233.65
202404,101,Dyspepsia and gastro-oesophageal reflux disease,373309.0,193070525.0,2453348.46
202404,102,Antispasmodics and other drugs altering gut motility,411972.0,34869792.0,5781389.720000001
202404,103,Antisecretory drugs and mucosal protectants,6720385.0,240271902.0,22498334.06
202404,104,Acute diarrhoea,141810.0,12453521.0,723108.88
202404,105,Chronic bowel disorders,221279.0,26381887.0,12210831.3
202404,106,Laxatives,1675476.0,206941251.0,11415282.98
202404,107,Local preparations for anal and rectal disorders,113644.0,3006751.0,856920.98
202404,109,Drugs affecting intestinal secretions,97331.0,23146398.0,5841588.300000001
202404,1103,Anti-infective eye preparations,99994.0,930603.0,816548.25
202404,1104,Corticosteroids and other anti-inflammatory preparations,183443.0,3138870.0,2315234.54
202404,1105,Mydriatics and cycloplegics,7397.0,179574.0,589873.93
202404,1106,Treatment of glaucoma,837682.0,14382501.5,8674951.870000001
202404,1107,Local anaesthetics,28.0,602.0,388.21
202404,1108,Miscellaneous ophthalmic preparations,193251.0,5667640.0,1856846.72
202404,1201,Drugs acting on the ear,155039.0,1022867.5,801061.88
202404,1202,Drugs acting on the nose,760410.0,3080201.0,7173005.04
202404,1203,Drugs acting on the oropharynx,81747.0,16616092.6,436608.21
202404,1301,Management of skin conditions,3221.0,1826085.0,14622.21
202404,1302,Emollient and barrier preparations,525579.0,274664237.0,4280013.42
202404,1303,Topical local anaesthetics and antipruritics,29689.0,8167619.0,320350.96
202404,1304,Topical corticosteroids,1009894.0,55438768.0,6493989.279999999
202404,1305,Preparations for eczema and psoriasis,161874.0,13119084.0,6359943.779999999
202404,1306,Acne and rosacea,152637.0,7210374.0,2700137.74
202404,1307,Preparations for warts and calluses,9568.0,126113.0,190270.06
202404,1308,Sunscreens and camouflagers,38404.0,2132279.0,1332810.84
202404,1309,Shampoos and other preparations for scalp and hair conditions,105488.0,20755443.0,1481402.95
202404,1310,Anti-infective skin preparations,289889.0,10042816.0,2274291.5
202404,1311,"Skin cleansers,antiseptics and desloughing agents",19185.0,9064571.0,201063.95
202404,1312,Antiperspirants,3756.0,214840.0,33843.19
202404,1313,Wound management products,1367.0,14395.0,57662.84
202404,1314,Topical circulatory preparations,6137.0,394150.0,31453.17
202404,1315,Miscellaneous topical preparations,164.0,24015.0,15281.3
202404,1404,Vaccines and antisera,212650.0,213704.5,2923820.38
202404,1405,Immunoglobulins,4.0,4.0,1200.0
202404,1501,General anaesthesia,34272.0,5913879.5,360946.97
202404,1502,Local anaesthesia,116008.0,1902569.5,1735222.28
202404,1803,X-Ray contrast media,5.0,6000.0,1050.0
202404,1902,Selective preparations,58461.0,12820433.0,938151.26
202404,1904,Single substances,123.0,96315.0,1078.54
202404,1905,Other preparations,790.0,42170.0,10326.03
202404,1906,Acids,366.0,140179.0,15363.39
202404,1908,"Colouring,flavouring and sweetening agents",7.0,800.0,120.91
202404,1914,Waters,1016.0,10196081.0,10101.37
202404,2001,Absorbent Cottons,67.0,52000.0,667.99
202404,2002,Arm Sling/Bandages,40156.0,555675.0,1091649.17
202404,2003,Wound Management & Other Dressings,300168.0,5570464.0,10787438.45
202404,2004,Gauzes & Gauze Tissue,6410.0,331871.0,187742.75
202404,2005,Tracheostomy & Laryngectomy Appliances,18044.0,964905.0,1701127.44
202404,2007,Lints,20.0,18825.0,516.91
202404,2009,Stockinette,36612.0,319832.5,518136.59
202404,201,Positive inotropic drugs,216716.0,5693713.0,544300.76
202404,2010,Surgical Adhesive Tape,17398.0,241062.5,80893.32
202404,2011,Surgical Sutures,6199.0,8652.0,17269.76
202404,2012,Swabs,21849.0,4059349.0,85390.94
202404,2014,"Skin Closure Strips, Sterile",5148.0,23616.0,5908.56
202404,2015,"Skin Adhesive, Sterile",51.0,42.5,485.0
202404,2017,Cervical Collar,5.0,6.0,14.76
202404,2018,Cellulose Wadding BP 1988,3.0,34500.0,151.8
202404,202,Diuretics,2539968.0,84046700.0,5467554.25
202404,2020,Silk Garments,523.0,1700.0,34206.36
202404,203,Anti-arrhythmic drugs,78497.0,4202288.0,502688.65
202404,204,Beta-adrenoceptor blocking drugs,3696154.0,141938162.0,6108969.01
202404,205,Hypertension and heart failure,6769649.0,249682680.0,22155256.94
202404,206,"Nitrates, calcium-channel blockers & other antianginal drugs",5103690.0,180250902.0,14471940.05
202404,207,Sympathomimetics and other vasoconstrictor drugs,21513.0,1573818.0,425626.68000000005
202404,208,Anticoagulants and protamine,1838020.0,79490418.0,46503098.66
202404,209,Antiplatelet drugs,2754523.0,83367350.0,5371252.0
202404,2101,Other Appliances,940432.0,78395087.0,5624246.359999999
202404,2102,Catheters,124634.0,8644477.0,16741516.66
202404,2103,Chiropody Appliances,187.0,2950.0,2189.57
202404,2104,Contraceptive Devices,2791.0,2844.0,33067.35
202404,2106,Trusses,85.0,87.0,2793.43
202404,2107,Elastic Hosiery,37040.0,100924.0,721727.09
202404,211,Antifibrinolytic drugs and haemostatics,50703.0,3128519.0,274929.65
202404,2112,Peak Flow Meters,35947.0,36094.0,194986.69
202404,2113,Catheter Maintenance Products,19745.0,11749830.0,724211.46
202404,2114,Lubricant Gels,28218.0,1922712.5,103164.45
202404,2116,Irrigation Solutions,35070.0,723062.0,266713.29000000004
202404,2118,Erectile Dysfunction Devices,1740.0,3557.0,203699.93
202404,2119,Oral Film Forming Agents,1153.0,103879.0,57628.02
202404,212,Lipid-regulating drugs,8109871.0,268303673.0,23189309.96
202404,2120,Venous Ulcer Compression System,8012.0,27401.0,432792.84
202404,2121,Dry Mouth Products,41886.0,4255093.0,267851.23
202404,2122,Emollients,892613.0,471177966.0,5342254.58
202404,2123,Vaginal Moisturisers,24717.0,1032616.0,247529.68
202404,2124,Nasal Products,30809.0,2047335.0,108155.54
202404,2125,Vaginal Dilators,247.0,264.0,8078.37
202404,2127,Lymphoedema Garments,51379.0,137713.0,3686978.85
202404,2128,Anal Irrigation System,17670.0,54619.0,3374211.17
202404,2129,Pressure Offloading Device,1953.0,3221.0,71268.02
202404,2130,Eye Products,722472.0,10682398.5,5535944.18
202404,2131,Cycloidal Vibration Accessories,3.0,204.0,1020.0
202404,2132,Inhalation Solutions,8162.0,542877.0,200518.87
202404,2133,Indwelling Pleural Cath Drain System,895.0,9465.0,298864.4
202404,2134,Vaginal PH Correction Products,520.0,8297.0,5158.5
202404,2135,Acne Treatment,5.0,175.0,77.0
202404,2136,Adhesive Dressing Remover Ster Silicone,1222.0,87918.0,34710.48
202404,2137,Pelvic Toning Devices,19.0,19.0,283.95
202404,2138,Low Friction Products,2302.0,5273.0,55806.33
202404,2139,Prosthetic Adhesives,14.0,252.0,199.71
202404,2140,Bacterial Decolonisation Products,186.0,22732.0,921.84
202404,2141,Debridement Device,6648.0,80646.0,410266.18000000005
202404,2142,Jaw Rehabilitation Device,105.0,625.0,6764.41
202404,2143,Micro-Enema - Sodium Citrate,62.0,863.0,374.66
202404,2146,Hernia Support Garments,10.0,15.0,562.65
202404,2147,Dev For Fungal Nail Infections,49.0,139.0,989.53
202404,2148,Detection Sensor Interstitial Fluid/Gluc,275673.0,619669.0,21198480.18
202404,2149,Pulsed Electromagnetic Stimulator,37.0,60.0,837.0
202404,2202,Anal Plugs,726.0,27744.0,68054.91
202404,2205,Catheter Valves,12296.0,87594.0,220505.75
202404,2210,Drainable Dribbling Appliances,1.0,1.0,57.03
202404,2215,Faecal Collectors,287.0,6450.0,15147.91
202404,2220,Incontinence Belts,2.0,2.0,28.08
202404,2230,Incontinence Sheaths,11953.0,480368.0,887307.4099999999
202404,2240,Incontinence Sheath Fixing Strips & Adh,1418.0,42190.0,27401.47
202404,2250,Leg Bags,63878.0,759421.0,2198404.81
202404,2260,Night Drainage Bags,93144.0,2388251.0,1463770.8199999998
202404,2270,Suspensory Systems,1872.0,16206.0,98079.37
202404,2280,Tubing And Accessories,32065.0,220649.0,475052.56
202404,2285,Insert For Female Stress Incont,862.0,1256.0,49926.630000000005
202404,2290,Urinal Systems,1239.0,8165.0,58484.73
202404,2305,Adhesive Discs/Rings/Pads/Plasters,26869.0,1865651.0,1229871.54
202404,2310,Adhesive (Pastes/Sprays/Solutions),50.0,3020.0,806.12
202404,2315,Adhesive Removers (Sprays/Liquids/Wipes),109080.0,15102825.0,2334792.92
202404,2320,Bag Closures,318.0,13920.0,3981.23
202404,2325,Bag Covers,348.0,1253.0,11407.89
202404,2330,Belts,10493.0,14973.0,565146.03
202404,2335,Colostomy Bags,41345.0,2965313.0,9661061.16
202404,2345,Deodorants,7294.0,1346436.0,95862.68
202404,2346,Discharge Solidifying Agents,2548.0,483620.0,155929.34
202404,2350,Filters/Bridges,333.0,18422.0,18283.09
202404,2355,Flanges,17.0,71.0,1246.98
202404,2360,Ileostomy Bags,68506.0,2712556.0,11450243.37
202404,2370,Irrigation Washout Appliances,3346.0,65023.0,124783.02
202404,2375,Pressure Plates/Shields,97.0,467.0,4257.74
202404,2380,Skin Fillers And Protectives,320418.0,34699160.7,3645030.47
202404,2385,Skin Protectors,28103.0,1146618.0,2370719.52
202404,2390,Stoma Caps/Dressings,1477.0,67871.0,98776.62
202404,2392,Tubing & Accessories,415.0,7486.0,19833.13
202404,2394,Two Piece Ostomy Systems,21278.0,824683.0,2163958.39
202404,2396,Urostomy Bags,14166.0,420887.0,2668330.83
202404,301,Bronchodilators,2505625.0,11899059.0,33926570.68
202404,302,Corticosteroids (respiratory),1906784.0,2563623.0,54595782.16
202404,303,"Cromoglycate, leukotriene and phosphodesterase type-4 inhib",410185.0,12428799.0,852106.23
202404,304,"Antihistamines, hyposensitisation and allergic emergencies",1378453.0,68169337.0,9953786.01
202404,307,Mucolytics,336568.0,42869410.0,2171538.35
202404,309,Cough preparations,14385.0,3671265.0,48817.130000000005
202404,310,Systemic nasal decongestants,1298.0,100116.0,9813.96
202404,311,Antifibrotics,1.0,1.0,7.97
202404,401,Hypnotics and anxiolytics,1128240.0,34004524.0,8499096.64
202404,402,Drugs used in psychoses and related disorders,1154552.0,39561662.0,13054643.15
202404,403,Antidepressant drugs,7677293.0,282386462.0,18149668.28
202404,404,CNS stimulants and drugs used for ADHD,262766.0,10291427.0,11726091.47
202404,405,Drugs used in the treatment of obesity,41591.0,3847843.0,1078067.52
202404,406,Drugs used in nausea and vertigo,526359.0,32299336.0,3658770.84
202404,407,Analgesics,5074950.0,557331672.0,36425409.89
202404,408,Antiepileptic drugs,2760223.0,224550557.0,28744184.25
202404,409,Drugs used in parkinsonism and related disorders,459578.0,35598482.0,9649571.75
202404,410,Drugs used in substance dependence,296537.0,110573136.8,4792608.74
202404,411,Drugs for dementia,391375.0,9829359.0,2695163.72
202404,501,Antibacterial drugs,3223786.0,128166721.5,16535622.63
202404,502,Antifungal drugs,159505.0,4664274.0,820847.0800000001
202404,503,Antiviral drugs,103856.0,5153689.0,1328131.5
202404,504,Antiprotozoal drugs,183714.0,5024487.0,1091461.4
202404,505,Anthelmintics,7687.0,132359.0,291867.44
202404,601,Drugs used in diabetes,5974946.0,335001800.0,125811164.76
202404,602,Thyroid and antithyroid drugs,2955912.0,106305169.0,5609038.39
202404,603,Corticosteroids (endocrine),697672.0,34269626.0,3059549.57
202404,604,Sex Hormones,1425699.0,88666642.5,20377641.96
202404,605,"Hypothalamic and pituitary hormones and anti, oestrogens",30661.0,1457695.5,3421301.73
202404,606,Drugs affecting bone metabolism,519358.0,2647950.0,2781671.93
202404,607,Other endocrine drugs,8955.0,186532.0,540651.77
202404,701,Drugs used in obstetrics,1.0,1.0,33.0
202404,702,Treatment of vaginal and vulval conditions,336827.0,6519654.0,4157979.45
202404,703,Contraceptives,569364.0,50406264.0,5223982.15
202404,704,Drugs for genito-urinary disorders,2016837.0,60415628.0,12925144.87
202404,705,Other drugs for gynaecological conditions,14.0,420.0,671.9999999999999
202404,801,Cytotoxic drugs,16599.0,702143.0,480803.47
202404,802,Drugs affecting the immune response,92966.0,7001343.0,2502363.6500000004
202404,803,Sex hormones and hormone antagonists in malignant disease,279424.0,7739974.0,12017888.21
202404,901,Anaemias and some other blood disorders,2014532.0,82689515.0,5365912.98
202404,902,Fluids and electrolytes,105191.0,8064310.0,1442176.28
202404,904,Oral nutrition (OLD - DO NOT USE),874.0,17452742.0,494200.8
202404,905,Minerals,200581.0,32578936.0,4044213.0
202404,906,Vitamins,2925151.0,129442708.3,12349005.97
202404,908,Metabolic disorders,322.0,115256.0,210338.39
202404,909,Foods,1.0,3200.0,132.0
202404,910,Compound vitamin and mineral formulations,10681.0,349589.0,34040.24
202404,911,Health supplements,1090.0,128951.0,58862.48
202404,912,Other health supplements,12405.0,448499.0,59648.23
202404,913,Oral nutrition,565570.0,2192898102.0,39961835.06
202404,914,Enteral nutrition,27090.0,550750062.0,10661989.11
202405,1001,Drugs used in rheumatic diseases and gout,1987538.0,88696329.0,7239677.29
202405,1002,Drugs used in neuromuscular disorders,152017.0,24441179.0,1101444.18
202405,1003,Drugs for soft-tissue disorders and topical pain relief,607739.0,65646815.0,3420908.97
202405,101,Dyspepsia and gastro-oesophageal reflux disease,376211.0,194920660.0,2658244.44
202405,102,Antispasmodics and other drugs altering gut motility,423144.0,35583419.0,5815138.76
202405,103,Antisecretory drugs and mucosal protectants,6871741.0,245802908.0,23061578.73
202405,104,Acute diarrhoea,145891.0,12729401.0,732657.5
202405,105,Chronic bowel disorders,225891.0,27018905.0,12414306.06
202405,106,Laxatives,1700168.0,209183008.0,11958593.62
202405,107,Local preparations for anal and rectal disorders,110830.0,2940448.0,830357.88
202405,109,Drugs affecting intestinal secretions,95394.0,21609747.0,5688134.8100000005
202405,1103,Anti-infective eye preparations,96022.0,908957.0,836025.8500000001
202405,1104,Corticosteroids and other anti-inflammatory preparations,202939.0,3433427.5,2529464.77
202405,1105,Mydriatics and cycloplegics,7597.0,180943.0,603312.97
202405,1106,Treatment of glaucoma,854228.0,14749942.0,8925384.64
202405,1107,Local anaesthetics,33.0,839.0,542.69
202405,1108,Miscellaneous ophthalmic preparations,191068.0,5704450.0,1912485.63
202405,1201,Drugs acting on the ear,157785.0,1055102.0,830728.9
202405,1202,Drugs acting on the nose,779296.0,3133399.0,7482127.08
202405,1203,Drugs acting on the oropharynx,82340.0,17031829.7,445092.02
202405,1301,Management of skin conditions,3273.0,1867490.0,14910.240000000002
202405,1302,Emollient and barrier preparations,527970.0,275836174.0,4296514.04
202405,1303,Topical local anaesthetics and antipruritics,30551.0,8353597.0,338077.25
202405,1304,Topical corticosteroids,996495.0,54510211.0,6485620.300000001
202405,1305,Preparations for eczema and psoriasis,163398.0,13207196.0,6437864.59
202405,1306,Acne and rosacea,149983.0,7058962.0,2666401.34
202405,1307,Preparations for warts and calluses,11739.0,162457.0,293671.78
202405,1308,Sunscreens and camouflagers,41297.0,2466617.0,1442872.59
202405,1309,Shampoos and other preparations for scalp and hair conditions,113468.0,21840358.0,1638841.5699999998
202405,1310,Anti-infective skin preparations,292837.0,9776296.0,2229887.6100000003
202405,1311,"Skin cleansers,antiseptics and desloughing agents",20070.0,9583520.0,204340.74
202405,1312,Antiperspirants,4347.0,247361.0,37658.67
202405,1313,Wound management products,1399.0,14541.0,58022.4
202405,1314,Topical circulatory preparations,6597.0,418700.0,33412.26
202405,1315,Miscellaneous topical preparations,172.0,21570.0,19295.800000000003
202405,1404,Vaccines and antisera,185430.0,186640.0,2601267.66
202405,1405,Immunoglobulins,8.0,8.0,4650.0
202405,1501,General anaesthesia,35361.0,11520161.5,385212.47
202405,1502,Local anaesthesia,118984.0,1891212.0,1762231.15
202405,1803,X-Ray contrast media,9.0,11700.0,2047.5
202405,1902,Selective preparations,51683.0,12365526.0,780022.8
202405,1904,Single substances,112.0,96030.0,4265.08
202405,1905,Other preparations,823.0,42814.0,10408.81
202405,1906,Acids,367.0,130548.0,13170.52
202405,1908,"Colouring,flavouring and sweetening agents",5.0,500.0,97.6
202405,1914,Waters,967.0,9469008.0,9393.27
202405,2001,Absorbent Cottons,55.0,36250.0,466.21
202405,2002,Arm Sling/Bandages,40409.0,558883.0,1095576.17
202405,2003,Wound Management & Other Dressings,307024.0,5658730.9,11052109.49
202405,2004,Gauzes & Gauze Tissue,6554.0,312443.0,192798.83
202405,2005,Tracheostomy & Laryngectomy Appliances,17741.0,944461.0,1666992.19
202405,2007,Lints,20.0,10175.0,289.47
202405,2009,Stockinette,36757.0,321696.5,520349.64
202405,201,Positive inotropic drugs,219069.0,5801979.0,536003.27
202405,2010,Surgical Adhesive Tape,17314.0,241922.5,83433.43000000001
202405,2011,Surgical Sutures,6891.0,9288.0,19192.68
202405,2012,Swabs,20580.0,4063782.0,87975.48999999999
202405,2014,"Skin Closure Strips, Sterile",6748.0,29400.0,7248.64
202405,2015,"Skin Adhesive, Sterile",63.0,49.5,606.83
202405,2017,Cervical Collar,6.0,8.0,19.68
202405,202,Diuretics,2609225.0,86425843.0,5596552.4
202405,2020,Silk Garments,510.0,1691.0,30076.9
202405,203,Anti-arrhythmic drugs,79549.0,4274389.0,521581.04
202405,204,Beta-adrenoceptor blocking drugs,3783663.0,145708539.0,6198719.09
202405,205,Hypertension and heart failure,6946424.0,256935855.0,22888689.31
202405,206,"Nitrates, calcium-channel blockers & other antianginal drugs",5219456.0,184682556.0,15122815.38
202405,207,Sympathomimetics and other vasoconstrictor drugs,22079.0,1632491.0,446487.07
202405,208,Anticoagulants and protamine,1887090.0,81785042.0,47945102.57
202405,209,Antiplatelet drugs,2808481.0,85259492.0,5493145.8100000005
202405,2101,Other Appliances,959558.0,80761287.0,5698645.069999999
202405,2102,Catheters,123030.0,8451307.0,16351718.080000002
202405,2103,Chiropody Appliances,157.0,2209.0,2297.94
202405,2104,Contraceptive Devices,2715.0,2749.0,32171.910000000003
202405,2106,Trusses,85.0,89.0,2815.45
202405,2107,Elastic Hosiery,38605.0,104544.0,746820.8200000001
202405,211,Antifibrinolytic drugs and haemostatics,53051.0,3243035.0,285250.18
202405,2112,Peak Flow Meters,35789.0,35926.0,194187.83
202405,2113,Catheter Maintenance Products,20145.0,11990390.0,727284.59
202405,2114,Lubricant Gels,28373.0,1929752.0,103305.6
202405,2116,Irrigation Solutions,36452.0,761149.0,273849.5
202405,2118,Erectile Dysfunction Devices,1962.0,4038.0,230365.69
202405,2119,Oral Film Forming Agents,1138.0,105714.0,41563.3
202405,212,Lipid-regulating drugs,8325358.0,276146134.0,22744351.43
202405,2120,Venous Ulcer Compression System,8469.0,29074.0,468595.31
202405,2121,Dry Mouth Products,42729.0,4320294.0,274039.31
202405,2122,Emollients,901914.0,476684828.0,5421873.84
202405,2123,Vaginal Moisturisers,25286.0,1045627.0,257688.92
202405,2124,Nasal Products,30807.0,2057285.0,108561.71
202405,2125,Vaginal Dilators,250.0,257.0,8012.139999999999
202405,2127,Lymphoedema Garments,51066.0,137192.0,3774336.53
202405,2128,Anal Irrigation System,17452.0,56602.0,3361407.64
202405,2129,Pressure Offloading Device,1905.0,3168.0,73783.42
202405,213,Local sclerosants,2.0,2.0,9.08
202405,2130,Eye Products,752085.0,11105392.5,5816441.91
202405,2132,Inhalation Solutions,8253.0,547973.0,204284.64
202405,2133,Indwelling Pleural Cath Drain System,870.0,9120.0,293320.77
202405,2134,Vaginal PH Correction Products,587.0,9712.0,5865.0
202405,2135,Acne Treatment,2.0,75.0,25.0
202405,2136,Adhesive Dressing Remover Ster Silicone,1294.0,93914.0,35974.18
202405,2137,Pelvic Toning Devices,12.0,14.0,210.0
202405,2138,Low Friction Products,2355.0,5134.0,57764.06
202405,2139,Prosthetic Adhesives,10.0,168.0,133.14
202405,2140,Bacterial Decolonisation Products,224.0,28778.0,1113.55
202405,2141,Debridement Device,6849.0,82884.0,424395.45
202405,2142,Jaw Rehabilitation Device,94.0,409.0,6871.379999999999
202405,2143,Micro-Enema - Sodium Citrate,70.0,1152.0,500.14
202405,2145,Douches,1.0,1.0,5.17
202405,2146,Hernia Support Garments,7.0,11.0,412.61
202405,2147,Dev For Fungal Nail Infections,69.0,199.0,1304.08
202405,2148,Detection Sensor Interstitial Fluid/Gluc,291285.0,653927.0,22374658.28
202405,2149,Pulsed Electromagnetic Stimulator,32.0,44.0,613.8
202405,2202,Anal Plugs,726.0,27962.0,68718.24
202405,2205,Catheter Valves,12636.0,89351.0,224370.91
202405,2210,Drainable Dribbling Appliances,1.0,1.0,57.03
202405,2215,Faecal Collectors,255.0,5455.0,13320.48
202405,2230,Incontinence Sheaths,12037.0,481410.0,890466.24
202405,2240,Incontinence Sheath Fixing Strips & Adh,1571.0,46222.0,30115.160000000003
202405,2250,Leg Bags,64436.0,760988.0,2203284.1
202405,2260,Night Drainage Bags,92051.0,2371854.0,1407403.5
202405,2270,Suspensory Systems,1812.0,15458.0,93383.32
202405,2280,Tubing And Accessories,32119.0,221244.0,477877.27
202405,2285,Insert For Female Stress Incont,916.0,1449.0,58408.21
202405,2290,Urinal Systems,1192.0,8467.0,61595.99
202405,2305,Adhesive Discs/Rings/Pads/Plasters,25044.0,1729234.0,1138745.09
202405,2310,Adhesive (Pastes/Sprays/Solutions),62.0,4970.0,1246.89
202405,2315,Adhesive Removers (Sprays/Liquids/Wipes),101181.0,13867807.0,2162463.63
202405,2320,Bag Closures,310.0,13278.0,3660.62
202405,2325,Bag Covers,344.0,1138.0,10912.43
202405,2330,Belts,9548.0,13623.0,509709.27
202405,2335,Colostomy Bags,36987.0,2648273.0,8643100.23
202405,2345,Deodorants,7092.0,1452049.0,95948.41
202405,2346,Discharge Solidifying Agents,2370.0,443692.0,143374.98
202405,2350,Filters/Bridges,271.0,15250.0,14619.4
202405,2355,Flanges,17.0,124.0,2315.02
202405,2360,Ileostomy Bags,62509.0,2472534.0,10458141.0
202405,2370,Irrigation Washout Appliances,3036.0,63712.0,114228.5
202405,2375,Pressure Plates/Shields,93.0,353.0,3497.6800000000003
202405,2380,Skin Fillers And Protectives,322242.0,34911082.8,3631418.27
202405,2385,Skin Protectors,25480.0,1050618.0,2169764.43
202405,2390,Stoma Caps/Dressings,1328.0,61774.0,89762.73999999999
202405,2392,Tubing & Accessories,348.0,6408.0,16743.87
202405,2394,Two Piece Ostomy Systems,19466.0,755648.0,1992178.97
202405,2396,Urostomy Bags,12473.0,373148.0,2366880.34
202405,301,Bronchodilators,2550894.0,11883719.0,34874365.99
202405,302,Corticosteroids (respiratory),1947176.0,2624429.0,55826403.1
202405,303,"Cromoglycate, leukotriene and phosphodesterase type-4 inhib",420998.0,12771405.0,850696.63
202405,304,"Antihistamines, hyposensitisation and allergic emergencies",1496059.0,75964476.0,10459285.06
202405,307,Mucolytics,344537.0,43845157.0,2235192.55
202405,308,Aromatic inhalations,3.0,174.0,7.49
202405,309,Cough preparations,12957.0,3335212.0,47636.17
202405,310,Systemic nasal decongestants,1136.0,87097.0,8992.49
202405,311,Antifibrotics,1.0,1.0,7.97
202405,401,Hypnotics and anxiolytics,1150414.0,34607635.0,8558470.129999999
202405,402,Drugs used in psychoses and related disorders,1175810.0,40202872.0,13722627.84
202405,403,Antidepressant drugs,7865350.0,289613138.0,18908020.79
202405,404,CNS stimulants and drugs used for ADHD,273436.0,10802636.0,12122430.58
202405,405,Drugs used in the treatment of obesity,45114.0,4203338.0,1177351.79
202405,406,Drugs used in nausea and vertigo,537701.0,32901275.0,3689161.25
202405,407,Analgesics,5190731.0,569626395.0,37460911.33
202405,408,Antiepileptic drugs,2833351.0,227621964.0,29188984.1
202405,409,Drugs used in parkinsonism and related disorders,468143.0,36375746.0,9962683.41
202405,410,Drugs used in substance dependence,307045.0,114962247.8,4874040.69
202405,411,Drugs for dementia,398825.0,10037826.0,2638049.74
202405,501,Antibacterial drugs,3140964.0,125844955.5,16736547.79
202405,502,Antifungal drugs,164539.0,4805377.0,2342643.2
202405,503,Antiviral drugs,106872.0,5317737.0,1359841.91
202405,504,Antiprotozoal drugs,186779.0,5132264.0,1146670.5
202405,505,Anthelmintics,7997.0,137913.0,164659.68
202405,601,Drugs used in diabetes,6132909.0,343548829.0,130166316.58
202405,602,Thyroid and antithyroid drugs,3027403.0,109187118.0,5747258.68
202405,603,Corticosteroids (endocrine),688392.0,34167130.0,3121446.34
202405,604,Sex Hormones,1469877.0,91583555.0,20950145.12
202405,605,"Hypothalamic and pituitary hormones and anti, oestrogens",31984.0,1518606.5,3537838.01
202405,606,Drugs affecting bone metabolism,531094.0,2711333.0,2901693.77
202405,607,Other endocrine drugs,9348.0,190820.0,540854.5700000001
202405,702,Treatment of vaginal and vulval conditions,347980.0,6714160.0,4451012.92
202405,703,Contraceptives,576327.0,50894758.0,5274768.84
202405,704,Drugs for genito-urinary disorders,2060846.0,61864340.0,13272792.2
202405,705,Other drugs for gynaecological conditions,38.0,1176.0,1881.6
202405,801,Cytotoxic drugs,17135.0,723864.0,494001.42
202405,802,Drugs affecting the immune response,94143.0,7079375.0,2470183.05
202405,803,Sex hormones and hormone antagonists in malignant disease,285897.0,7949146.0,12195736.39
202405,901,Anaemias and some other blood disorders,2072685.0,85694738.0,5538748.58
202405,902,Fluids and electrolytes,110571.0,8261325.0,1466709.9500000002
202405,904,Oral nutrition (OLD - DO NOT USE),854.0,15853550.0,445567.44
202405,905,Minerals,203846.0,32919917.0,4162294.23
202405,906,Vitamins,2982701.0,132505880.8,12520390.31
202405,908,Metabolic disorders,274.0,99968.0,156807.73
202405,909,Foods,8.0,27200.0,417.52
202405,910,Compound vitamin and mineral formulations,10955.0,355809.0,34180.49
202405,911,Health supplements,1139.0,151504.0,80205.45
202405,912,Other health supplements,12618.0,455462.0,58284.28
202405,913,Oral nutrition,581523.0,2257744798.0,42078576.73
202405,914,Enteral nutrition,31200.0,627058011.0,12599871.16
202406,1001,Drugs used in rheumatic diseases and gout,1864329.0,82736157.0,6865176.05
202406,1002,Drugs used in neuromuscular disorders,143931.0,23196476.0,992936.57
202406,1003,Drugs for soft-tissue disorders and topical pain relief,571942.0,61813863.0,3231489.58
202406,101,Dyspepsia and gastro-oesophageal reflux disease,350952.0,181843826.0,2474163.82
202406,102,Antispasmodics and other drugs altering gut motility,398746.0,33695317.0,5788235.37
202406,103,Antisecretory drugs and mucosal protectants,6422952.0,228962594.0,21640933.47
202406,104,Acute diarrhoea,136522.0,11948725.0,698038.31
202406,105,Chronic bowel disorders,212862.0,25318857.0,11691468.38
202406,106,Laxatives,1598055.0,196696155.0,11284004.39
202406,107,Local preparations for anal and rectal disorders,105443.0,2793737.0,779762.69
202406,109,Drugs affecting intestinal secretions,88874.0,19636910.0,5363618.390000001
202406,1103,Anti-infective eye preparations,90697.0,857557.0,800628.49
202406,1104,Corticosteroids and other anti-inflammatory preparations,232233.0,3747954.0,2620782.59
202406,1105,Mydriatics and cycloplegics,7169.0,175875.0,554235.46
202406,1106,Treatment of glaucoma,795006.0,13829027.5,8244183.189999999
202406,1107,Local anaesthetics,45.0,1052.0,656.22
202406,1108,Miscellaneous ophthalmic preparations,176471.0,5288771.0,1798703.69
202406,1201,Drugs acting on the ear,145900.0,969469.0,757961.88
202406,1202,Drugs acting on the nose,802389.0,3155746.0,7932870.49
202406,1203,Drugs acting on the oropharynx,76390.0,16034117.9,423313.44
202406,1301,Management of skin conditions,3040.0,1748670.0,13958.41
202406,1302,Emollient and barrier preparations,499234.0,261316541.0,4085744.43
202406,1303,Topical local anaesthetics and antipruritics,29318.0,7954369.0,320991.97
202406,1304,Topical corticosteroids,932526.0,50969916.0,6153297.95
202406,1305,Preparations for eczema and psoriasis,154881.0,12531372.0,6154990.21
202406,1306,Acne and rosacea,147300.0,6926288.0,2655257.3200000003
202406,1307,Preparations for warts and calluses,10806.0,144715.0,222366.15
202406,1308,Sunscreens and camouflagers,45118.0,2615405.0,1580168.4900000002
202406,1309,Shampoos and other preparations for scalp and hair conditions,101818.0,19879183.0,1482735.14
202406,1310,Anti-infective skin preparations,279859.0,9218045.0,2091774.5
202406,1311,"Skin cleansers,antiseptics and desloughing agents",19817.0,9285216.0,203433.6
202406,1312,Antiperspirants,4316.0,240040.0,33658.57
202406,1313,Wound management products,1373.0,14531.0,57760.87
202406,1314,Topical circulatory preparations,6362.0,404850.0,32307.03
202406,1315,Miscellaneous topical preparations,141.0,21350.0,14731.03
202406,1404,Vaccines and antisera,157777.0,159198.0,2285371.19
202406,1405,Immunoglobulins,10.0,10.0,6150.0
202406,1501,General anaesthesia,32227.0,15096483.5,326787.91
202406,1502,Local anaesthesia,116459.0,1788341.0,1683420.25
202406,1803,X-Ray contrast media,7.0,9500.0,1662.5
202406,1902,Selective preparations,45541.0,11682414.0,675393.22
202406,1904,Single substances,101.0,125905.0,1410.01
202406,1905,Other preparations,760.0,39542.0,9566.21
202406,1906,Acids,347.0,136608.0,14980.57
202406,1907,"Base,diluent, suspending agents and stabilisers",4.0,1680.0,4.52
202406,1908,"Colouring,flavouring and sweetening agents",6.0,700.0,130.12
202406,1914,Waters,920.0,8993866.0,8947.99
202406,2001,Absorbent Cottons,69.0,51275.0,658.55
202406,2002,Arm Sling/Bandages,38299.0,517404.0,1020701.15
202406,2003,Wound Management & Other Dressings,298626.0,5408706.0,10440333.99
202406,2004,Gauzes & Gauze Tissue,6321.0,280831.0,189814.54
202406,2005,Tracheostomy & Laryngectomy Appliances,17252.0,929212.0,1635802.46
202406,2007,Lints,22.0,24850.0,692.69
202406,2009,Stockinette,35700.0,306109.5,498291.21
202406,201,Positive inotropic drugs,205328.0,5388706.0,489464.04
202406,2010,Surgical Adhesive Tape,16644.0,229537.5,80539.04000000001
202406,2011,Surgical Sutures,6590.0,9653.0,19763.52
202406,2012,Swabs,20418.0,3910096.0,84505.87
202406,2014,"Skin Closure Strips, Sterile",4783.0,25305.0,6205.06
202406,2015,"Skin Adhesive, Sterile",71.0,57.6,824.2
202406,2017,Cervical Collar,1.0,1.0,2.46
202406,202,Diuretics,2440659.0,80523283.0,5229498.73
202406,2020,Silk Garments,479.0,1554.0,28597.06
202406,203,Anti-arrhythmic drugs,74323.0,3977878.0,419706.45
202406,204,Beta-adrenoceptor blocking drugs,3525026.0,135438741.0,5745940.14
202406,205,Hypertension and heart failure,6464792.0,238471878.0,21628917.03
202406,206,"Nitrates, calcium-channel blockers & other antianginal drugs",4857897.0,171258982.0,14195352.96
202406,207,Sympathomimetics and other vasoconstrictor drugs,21441.0,1580761.0,416925.46
202406,208,Anticoagulants and protamine,1760177.0,76115646.0,44429800.43
202406,209,Antiplatelet drugs,2618832.0,79091163.0,5124708.91
202406,2101,Other Appliances,897082.0,75296153.0,5390377.8
202406,2102,Catheters,116465.0,8089668.0,15670490.0
202406,2103,Chiropody Appliances,163.0,2443.0,1861.29
202406,2104,Contraceptive Devices,2784.0,2838.0,33052.01
202406,2106,Trusses,97.0,103.0,3262.8
202406,2107,Elastic Hosiery,37195.0,100543.0,727033.76
202406,211,Antifibrinolytic drugs and haemostatics,51139.0,3139346.0,275395.82
202406,2112,Peak Flow Meters,32882.0,33058.0,178752.19
202406,2113,Catheter Maintenance Products,18891.0,11350630.0,692708.81
202406,2114,Lubricant Gels,26206.0,1819790.0,97339.27
202406,2116,Irrigation Solutions,35391.0,710382.0,264196.59
202406,2118,Erectile Dysfunction Devices,1923.0,3987.0,224540.86
202406,2119,Oral Film Forming Agents,1089.0,93322.0,40749.52
202406,212,Lipid-regulating drugs,7774009.0,256876276.0,20972655.58
202406,2120,Venous Ulcer Compression System,7877.0,27533.0,428647.48
202406,2121,Dry Mouth Products,40277.0,4053640.0,256630.37
202406,2122,Emollients,852605.0,451751498.0,5123790.19
202406,2123,Vaginal Moisturisers,25747.0,1089300.0,254894.55
202406,2124,Nasal Products,28875.0,1954598.0,102953.02
202406,2125,Vaginal Dilators,260.0,264.0,8320.32
202406,2127,Lymphoedema Garments,50889.0,137181.0,3793192.52
202406,2128,Anal Irrigation System,16911.0,54064.0,3244062.0
202406,2129,Pressure Offloading Device,2058.0,3483.0,77344.87
202406,2130,Eye Products,707591.0,10452389.5,5511533.1
202406,2131,Cycloidal Vibration Accessories,1.0,60.0,300.0
202406,2132,Inhalation Solutions,7739.0,517971.0,191784.3
202406,2133,Indwelling Pleural Cath Drain System,794.0,8495.0,267186.38
202406,2134,Vaginal PH Correction Products,516.0,8173.0,5065.5
202406,2135,Acne Treatment,2.0,75.0,25.0
202406,2136,Adhesive Dressing Remover Ster Silicone,1250.0,92122.0,34773.380000000005
202406,2137,Pelvic Toning Devices,15.0,19.0,285.0
202406,2138,Low Friction Products,2237.0,5124.0,55703.3
202406,2139,Prosthetic Adhesives,8.0,132.0,104.61
202406,2140,Bacterial Decolonisation Products,225.0,28716.0,1143.94
202406,2141,Debridement Device,6425.0,78438.0,403042.68000000005
202406,2142,Jaw Rehabilitation Device,92.0,487.0,5660.9400000000005
202406,2143,Micro-Enema - Sodium Citrate,61.0,948.0,411.58
202406,2146,Hernia Support Garments,11.0,18.0,675.18
202406,2147,Dev For Fungal Nail Infections,54.0,191.0,1152.32
202406,2148,Detection Sensor Interstitial Fluid/Gluc,278729.0,626360.0,21436380.75
202406,2149,Pulsed Electromagnetic Stimulator,26.0,40.0,558.0
202406,2202,Anal Plugs,726.0,27518.0,67632.61
202406,2205,Catheter Valves,11946.0,84519.0,213600.27
202406,2215,Faecal Collectors,281.0,5736.0,14070.93
202406,2220,Incontinence Belts,1.0,1.0,14.04
202406,2230,Incontinence Sheaths,11521.0,465251.0,862729.54
202406,2240,Incontinence Sheath Fixing Strips & Adh,1401.0,41494.0,26938.17
202406,2250,Leg Bags,61123.0,726516.0,2112289.5
202406,2260,Night Drainage Bags,87861.0,2234268.0,1352590.35
202406,2270,Suspensory Systems,1785.0,15045.0,90745.45
202406,2280,Tubing And Accessories,30748.0,216050.0,460778.8
202406,2285,Insert For Female Stress Incont,924.0,1237.0,48854.36
202406,2290,Urinal Systems,1205.0,8014.0,57550.98
202406,2305,Adhesive Discs/Rings/Pads/Plasters,25287.0,1756954.0,1160914.33
202406,2310,Adhesive (Pastes/Sprays/Solutions),52.0,3320.0,960.88
202406,2315,Adhesive Removers (Sprays/Liquids/Wipes),101843.0,14159761.0,2198472.79
202406,2320,Bag Closures,270.0,12141.0,3455.74
202406,2325,Bag Covers,293.0,955.0,9316.17
202406,2330,Belts,9406.0,13570.0,494932.3000000001
202406,2335,Colostomy Bags,38045.0,2717389.0,8871563.34
202406,2345,Deodorants,7006.0,1415321.0,93548.49
202406,2346,Discharge Solidifying Agents,2313.0,459534.0,147512.02000000002
202406,2350,Filters/Bridges,265.0,14871.0,14430.79
202406,2355,Flanges,14.0,102.0,1792.91
202406,2360,Ileostomy Bags,63159.0,2504477.0,10624667.05
202406,2370,Irrigation Washout Appliances,3158.0,65393.0,124002.85
202406,2375,Pressure Plates/Shields,80.0,455.0,3910.84
202406,2380,Skin Fillers And Protectives,306588.0,33107234.8,3493440.6900000004
202406,2385,Skin Protectors,25866.0,1069067.0,2216227.47
202406,2390,Stoma Caps/Dressings,1381.0,67301.0,97805.41
202406,2392,Tubing & Accessories,367.0,6807.0,17773.68
202406,2394,Two Piece Ostomy Systems,19114.0,740530.0,1949635.94
202406,2396,Urostomy Bags,12938.0,385395.0,2446242.13
202406,301,Bronchodilators,2375011.0,11278917.0,32810368.910000004
202406,302,Corticosteroids (respiratory),1824559.0,2475576.0,52201053.89
202406,303,"Cromoglycate, leukotriene and phosphodesterase type-4 inhib",395432.0,11979661.0,795284.27
202406,304,"Antihistamines, hyposensitisation and allergic emergencies",1529476.0,79057592.0,10261816.04
202406,307,Mucolytics,322735.0,40926188.0,2082091.55
202406,309,Cough preparations,11157.0,2983837.0,50832.19
202406,310,Systemic nasal decongestants,1073.0,82679.0,8834.16
202406,311,Antifibrotics,1.0,1.0,7.97
202406,401,Hypnotics and anxiolytics,1066050.0,32258349.0,8006225.79
202406,402,Drugs used in psychoses and related disorders,1106594.0,38561098.0,14563860.29
202406,403,Antidepressant drugs,7321204.0,269498966.0,18206309.09
202406,404,CNS stimulants and drugs used for ADHD,259032.0,10305912.0,11756089.82
202406,405,Drugs used in the treatment of obesity,44344.0,4130234.0,1157539.63
202406,406,Drugs used in nausea and vertigo,504542.0,30854917.0,3412484.85
202406,407,Analgesics,4824861.0,529283348.8,35232060.489999995
202406,408,Antiepileptic drugs,2644128.0,213545414.0,27806296.380000003
202406,409,Drugs used in parkinsonism and related disorders,439871.0,34177857.0,9179781.61
202406,410,Drugs used in substance dependence,279129.0,104459303.6,4483524.87
202406,411,Drugs for dementia,378001.0,9515072.0,2472095.33
202406,501,Antibacterial drugs,2822132.0,109697102.5,16255778.91
202406,502,Antifungal drugs,158498.0,4696628.0,1951647.15
202406,503,Antiviral drugs,102300.0,5052113.0,1212003.06
202406,504,Antiprotozoal drugs,174361.0,4775076.0,1061854.91
202406,505,Anthelmintics,7613.0,127901.0,157478.26
202406,601,Drugs used in diabetes,5778955.0,321317601.0,124539856.77
202406,602,Thyroid and antithyroid drugs,2826888.0,101651580.0,5354654.53
202406,603,Corticosteroids (endocrine),625798.0,31285791.0,2890322.1500000004
202406,604,Sex Hormones,1391925.0,86913200.5,19935266.4
202406,605,"Hypothalamic and pituitary hormones and anti, oestrogens",30028.0,1436979.0,3254781.87
202406,606,Drugs affecting bone metabolism,494837.0,2511612.0,2787130.98
202406,607,Other endocrine drugs,8706.0,174667.0,465804.0
202406,701,Drugs used in obstetrics,2.0,57.0,456.0
202406,702,Treatment of vaginal and vulval conditions,327026.0,6325295.0,4193321.5
202406,703,Contraceptives,544243.0,48188086.0,5114146.0600000005
202406,704,Drugs for genito-urinary disorders,1928160.0,57739539.0,12452939.24
202406,705,Other drugs for gynaecological conditions,50.0,1596.0,2553.6
202406,801,Cytotoxic drugs,16018.0,667197.0,438178.62
202406,802,Drugs affecting the immune response,88132.0,6653431.0,2345119.93
202406,803,Sex hormones and hormone antagonists in malignant disease,266639.0,7342849.0,11904725.69
202406,901,Anaemias and some other blood disorders,1978090.0,81691063.0,5265519.53
202406,902,Fluids and electrolytes,105392.0,7739066.0,1431876.7200000002
202406,904,Oral nutrition (OLD - DO NOT USE),939.0,15905670.0,449732.72
202406,905,Minerals,195094.0,31703770.0,3932494.56
202406,906,Vitamins,2789521.0,123585921.5,11522957.48
202406,908,Metabolic disorders,222.0,83459.0,150478.16999999998
202406,910,Compound vitamin and mineral formulations,10428.0,339716.0,32478.34
202406,911,Health supplements,1009.0,120593.0,68301.41
202406,912,Other health supplements,12029.0,423213.0,53560.97
202406,913,Oral nutrition,552312.0,2142988060.0,39624990.14
202406,914,Enteral nutrition,27220.0,534481989.0,10839547.05
202407,1001,Drugs used in rheumatic diseases and gout,2020645.0,89816291.0,7541165.11
202407,1002,Drugs used in neuromuscular disorders,157147.0,25360291.0,1004712.35
202407,1003,Drugs for soft-tissue disorders and topical pain relief,621980.0,67296411.0,3578238.0300000003
202407,101,Dyspepsia and gastro-oesophageal reflux disease,377780.0,196459929.0,2650570.5
202407,102,Antispasmodics and other drugs altering gut motility,432900.0,36625172.0,6093910.35
202407,103,Antisecretory drugs and mucosal protectants,7009773.0,249913054.0,24792562.09
202407,104,Acute diarrhoea,148853.0,12989232.0,799916.3400000001
202407,105,Chronic bowel disorders,230647.0,27385004.0,12944350.29
202407,106,Laxatives,1743684.0,215250141.0,12377165.010000002
202407,107,Local preparations for anal and rectal disorders,113047.0,2991700.0,829270.38
202407,109,Drugs affecting intestinal secretions,95329.0,20618590.0,5668982.359999999
202407,1103,Anti-infective eye preparations,90544.0,857446.5,762402.98
202407,1104,Corticosteroids and other anti-inflammatory preparations,209834.0,3549648.0,2586420.37
202407,1105,Mydriatics and cycloplegics,7704.0,193158.0,523408.55
202407,1106,Treatment of glaucoma,866107.0,15132552.5,9075745.39
202407,1107,Local anaesthetics,45.0,943.0,604.1500000000001
202407,1108,Miscellaneous ophthalmic preparations,193711.0,5772410.0,1976876.94
202407,1201,Drugs acting on the ear,166983.0,1103928.0,872258.6399999999
202407,1202,Drugs acting on the nose,793484.0,3205536.0,8269047.33
202407,1203,Drugs acting on the oropharynx,80734.0,17088742.4,441210.76
202407,1301,Management of skin conditions,3330.0,1889660.0,16019.42
202407,1302,Emollient and barrier preparations,529501.0,277710368.0,4440384.720000001
202407,1303,Topical local anaesthetics and antipruritics,31872.0,8696822.0,350303.97
202407,1304,Topical corticosteroids,970788.0,53916306.0,6744919.359999999
202407,1305,Preparations for eczema and psoriasis,164391.0,13322029.0,7147805.5600000005
202407,1306,Acne and rosacea,153144.0,7231274.0,2779265.31
202407,1307,Preparations for warts and calluses,11225.0,148194.0,224181.16
202407,1308,Sunscreens and camouflagers,46582.0,2679857.0,1636569.2000000002
202407,1309,Shampoos and other preparations for scalp and hair conditions,112702.0,21759440.0,1950907.23
202407,1310,Anti-infective skin preparations,300705.0,9793036.0,2240954.08
202407,1311,"Skin cleansers,antiseptics and desloughing agents",21534.0,10322749.0,218266.88
202407,1312,Antiperspirants,4557.0,253235.0,36720.48
202407,1313,Wound management products,1448.0,15380.0,61136.97
202407,1314,Topical circulatory preparations,7040.0,443250.0,35371.350000000006
202407,1315,Miscellaneous topical preparations,161.0,21782.0,18535.46
202407,1404,Vaccines and antisera,184015.0,185254.0,2574423.66
202407,1405,Immunoglobulins,6.0,7.0,3450.0
202407,1501,General anaesthesia,34195.0,314328.0,358795.31
202407,1502,Local anaesthesia,119638.0,1981897.0,1795601.9300000002
202407,1803,X-Ray contrast media,7.0,10500.0,1837.5
202407,1902,Selective preparations,48568.0,12165161.0,781695.92
202407,1904,Single substances,119.0,114216.0,1255.38
202407,1905,Other preparations,829.0,42398.0,10838.01
202407,1906,Acids,377.0,129387.0,15454.15
202407,1907,"Base,diluent, suspending agents and stabilisers",1.0,946.0,781.86
202407,1908,"Colouring,flavouring and sweetening agents",12.0,1600.0,286.23999999999995
202407,1914,Waters,1034.0,10356464.0,10230.28
202407,2001,Absorbent Cottons,61.0,47850.0,602.25
202407,2002,Arm Sling/Bandages,42254.0,573093.0,1129049.62
202407,2003,Wound Management & Other Dressings,328256.0,5969808.800000001,11769461.31
202407,2004,Gauzes & Gauze Tissue,7351.0,348546.0,209896.63
202407,2005,Tracheostomy & Laryngectomy Appliances,18580.0,1008142.0,1746431.4
202407,2007,Lints,18.0,20750.0,581.3199999999999
202407,2009,Stockinette,38538.0,336233.0,533101.76
202407,201,Positive inotropic drugs,223170.0,5870176.0,545675.62
202407,2010,Surgical Adhesive Tape,18117.0,256241.5,90583.98
202407,2011,Surgical Sutures,7473.0,9732.0,20190.67
202407,2012,Swabs,21880.0,4354662.0,95083.92
202407,2014,"Skin Closure Strips, Sterile",7349.0,31281.0,7834.44
202407,2015,"Skin Adhesive, Sterile",63.0,48.5,580.1500000000001
202407,202,Diuretics,2659767.0,87804449.0,6306168.109999999
202407,2020,Silk Garments,555.0,1878.0,30739.51
202407,203,Anti-arrhythmic drugs,80207.0,4311600.0,498518.46
202407,204,Beta-adrenoceptor blocking drugs,3844945.0,147876880.0,6984752.359999999
202407,205,Hypertension and heart failure,7056357.0,260535527.0,26498583.93
202407,206,"Nitrates, calcium-channel blockers & other antianginal drugs",5287361.0,186750167.0,15697438.4
202407,207,Sympathomimetics and other vasoconstrictor drugs,23632.0,1745461.0,496370.22
202407,208,Anticoagulants and protamine,1924183.0,83412544.0,49259564.56
202407,209,Antiplatelet drugs,2855378.0,86321669.0,5919695.09
202407,2101,Other Appliances,969896.0,82643902.0,5812446.67
202407,2102,Catheters,128299.0,8939480.0,17319693.04
202407,2103,Chiropody Appliances,178.0,3084.0,2216.31
202407,2104,Contraceptive Devices,2841.0,2899.0,33877.34
202407,2106,Trusses,96.0,101.0,3173.01
202407,2107,Elastic Hosiery,41165.0,111574.0,812481.79
202407,211,Antifibrinolytic drugs and haemostatics,54535.0,3348518.0,282290.83
202407,2112,Peak Flow Meters,31858.0,32028.0,171840.39
202407,2113,Catheter Maintenance Products,20869.0,12523170.0,763973.3
202407,2114,Lubricant Gels,29144.0,2099478.5,110244.41
202407,2116,Irrigation Solutions,38884.0,791715.0,290663.85
202407,2118,Erectile Dysfunction Devices,2032.0,4418.0,235409.03000000003
202407,2119,Oral Film Forming Agents,1152.0,103309.0,45396.72
202407,212,Lipid-regulating drugs,8526553.0,282092769.0,22914556.37
202407,2120,Venous Ulcer Compression System,8933.0,30691.0,489622.57
202407,2121,Dry Mouth Products,43705.0,4397701.0,276941.78
202407,2122,Emollients,896666.0,476029124.5,5395867.08
202407,2123,Vaginal Moisturisers,27566.0,1186369.0,274253.06
202407,2124,Nasal Products,29707.0,2043675.0,107269.87
202407,2125,Vaginal Dilators,243.0,249.0,7587.43
202407,2127,Lymphoedema Garments,54413.0,146081.0,3997062.25
202407,2128,Anal Irrigation System,18444.0,58891.0,3574337.3999999994
202407,2129,Pressure Offloading Device,2187.0,3660.0,79241.24
202407,213,Local sclerosants,3.0,3.0,13.62
202407,2130,Eye Products,771694.0,11393347.5,5974492.71
202407,2131,Cycloidal Vibration Accessories,1.0,72.0,360.0
202407,2132,Inhalation Solutions,8685.0,577370.0,213200.7
202407,2133,Indwelling Pleural Cath Drain System,966.0,10485.0,327932.31999999995
202407,2134,Vaginal PH Correction Products,588.0,9499.0,5898.75
202407,2135,Acne Treatment,2.0,50.0,26.0
202407,2136,Adhesive Dressing Remover Ster Silicone,1414.0,110576.0,41449.31
202407,2137,Pelvic Toning Devices,16.0,22.0,330.0
202407,2138,Low Friction Products,2451.0,5863.0,62106.78
202407,2139,Prosthetic Adhesives,12.0,228.0,180.69
202407,2140,Bacterial Decolonisation Products,255.0,35992.0,1306.18
202407,2141,Debridement Device,7166.0,86111.0,441920.84
202407,2142,Jaw Rehabilitation Device,97.0,563.0,5874.879999999999
202407,2143,Micro-Enema - Sodium Citrate,68.0,1147.0,497.99
202407,2146,Hernia Support Garments,9.0,12.0,450.12
202407,2147,Dev For Fungal Nail Infections,48.0,167.0,971.59
202407,2148,Detection Sensor Interstitial Fluid/Gluc,312023.0,701019.0,24017097.75
202407,2149,Pulsed Electromagnetic Stimulator,30.0,39.0,544.05
202407,2202,Anal Plugs,792.0,30625.0,75310.06
202407,2205,Catheter Valves,13229.0,93154.0,234744.98
202407,2215,Faecal Collectors,292.0,6192.0,14945.82
202407,2220,Incontinence Belts,1.0,1.0,6.79
202407,2230,Incontinence Sheaths,12647.0,512554.0,948511.22
202407,2240,Incontinence Sheath Fixing Strips & Adh,1538.0,47533.0,30357.42
202407,2250,Leg Bags,66099.0,785201.0,2275627.07
202407,2260,Night Drainage Bags,97026.0,2481341.0,1526783.86
202407,2270,Suspensory Systems,1932.0,15922.0,96524.24
202407,2280,Tubing And Accessories,33800.0,236984.0,505424.47
202407,2285,Insert For Female Stress Incont,997.0,1266.0,49151.6
202407,2290,Urinal Systems,1294.0,9078.0,64325.14
202407,2305,Adhesive Discs/Rings/Pads/Plasters,28085.0,1964096.0,1300727.65
202407,2310,Adhesive (Pastes/Sprays/Solutions),53.0,3958.0,1046.27
202407,2315,Adhesive Removers (Sprays/Liquids/Wipes),113385.0,15725665.0,2441065.54
202407,2320,Bag Closures,340.0,15544.0,4453.65
202407,2325,Bag Covers,322.0,1074.0,10201.68
202407,2330,Belts,10488.0,14651.0,548201.29
202407,2335,Colostomy Bags,41422.0,2965033.0,9680549.23
202407,2345,Deodorants,7684.0,1546086.0,103339.02
202407,2346,Discharge Solidifying Agents,2674.0,504509.0,163083.72999999998
202407,2350,Filters/Bridges,312.0,17920.0,17592.08
202407,2355,Flanges,17.0,88.0,1629.91
202407,2360,Ileostomy Bags,70396.0,2798893.0,11867196.44
202407,2370,Irrigation Washout Appliances,3508.0,72871.0,134926.57
202407,2375,Pressure Plates/Shields,83.0,440.0,3984.71
202407,2380,Skin Fillers And Protectives,341304.0,36722733.8,3890581.15
202407,2385,Skin Protectors,28924.0,1192253.0,2472059.0
202407,2390,Stoma Caps/Dressings,1490.0,71891.0,104415.34
202407,2392,Tubing & Accessories,393.0,7178.0,18748.2
202407,2394,Two Piece Ostomy Systems,21380.0,824648.0,2177896.31
202407,2396,Urostomy Bags,14560.0,433258.0,2754173.97
202407,2399,Leakage Notification System,12.0,310.0,948.6
202407,301,Bronchodilators,2538354.0,12165001.0,35799713.53
202407,302,Corticosteroids (respiratory),1962847.0,2651969.0,56406479.59
202407,303,"Cromoglycate, leukotriene and phosphodesterase type-4 inhib",428207.0,12959842.0,945834.67
202407,304,"Antihistamines, hyposensitisation and allergic emergencies",1545310.0,77625365.0,10788914.88
202407,307,Mucolytics,356713.0,45156790.0,2209923.88
202407,308,Aromatic inhalations,1.0,12.0,3.66
202407,309,Cough preparations,11078.0,3001538.0,44860.39
202407,310,Systemic nasal decongestants,1057.0,78030.0,8536.26
202407,311,Antifibrotics,1.0,1.0,7.97
202407,401,Hypnotics and anxiolytics,1157540.0,34893397.0,7809004.07
202407,402,Drugs used in psychoses and related disorders,1214603.0,42713154.0,17290330.39
202407,403,Antidepressant drugs,7982945.0,293558769.0,22071625.09
202407,404,CNS stimulants and drugs used for ADHD,273625.0,10886934.0,12808256.19
202407,405,Drugs used in the treatment of obesity,47916.0,4455913.0,1234125.25
202407,406,Drugs used in nausea and vertigo,551916.0,33702923.0,3377934.98
202407,407,Analgesics,5249410.0,576694063.5999999,40064170.3
202407,408,Antiepileptic drugs,2886165.0,232853531.0,29675429.11
202407,409,Drugs used in parkinsonism and related disorders,479275.0,37331904.0,9854754.42
202407,410,Drugs used in substance dependence,303884.0,114450888.0,5015182.03
202407,411,Drugs for dementia,415772.0,10517242.0,2746135.27
202407,501,Antibacterial drugs,2996794.0,114038395.5,17243458.950000003
202407,502,Antifungal drugs,174291.0,5154183.0,1928627.18
202407,503,Antiviral drugs,112165.0,5535554.0,1345217.75
202407,504,Antiprotozoal drugs,190491.0,5222311.0,1038501.59
202407,505,Anthelmintics,8838.0,148435.0,177752.0
202407,601,Drugs used in diabetes,6345477.0,352158284.0,139628089.42000002
202407,602,Thyroid and antithyroid drugs,3088736.0,111199168.0,6490993.92
202407,603,Corticosteroids (endocrine),668727.0,33536325.0,3310090.98
202407,604,Sex Hormones,1527383.0,95458834.5,21814124.74
202407,605,"Hypothalamic and pituitary hormones and anti, oestrogens",32820.0,1581838.5,3496216.34
202407,606,Drugs affecting bone metabolism,538203.0,2746942.0,2969558.3200000003
202407,607,Other endocrine drugs,9514.0,193852.0,514771.28
202407,702,Treatment of vaginal and vulval conditions,357708.0,6886228.0,4698125.1
202407,703,Contraceptives,580322.0,51280462.0,5223535.84
202407,704,Drugs for genito-urinary disorders,2102438.0,62945268.0,13711784.54
202407,705,Other drugs for gynaecological conditions,55.0,1848.0,2956.8
202407,801,Cytotoxic drugs,17072.0,714405.0,497216.23
202407,802,Drugs affecting the immune response,95210.0,7148263.0,2482400.81
202407,803,Sex hormones and hormone antagonists in malignant disease,290025.0,8063576.0,12342428.62
202407,901,Anaemias and some other blood disorders,2141664.0,88214429.0,5959336.57
202407,902,Fluids and electrolytes,116666.0,8605845.0,1581046.99
202407,904,Oral nutrition (OLD - DO NOT USE),1047.0,20046041.0,565535.9800000001
202407,905,Minerals,209457.0,34135901.0,4220891.16
202407,906,Vitamins,3027410.0,134276754.7,12179013.49
202407,908,Metabolic disorders,259.0,86305.0,173941.86
202407,909,Foods,2.0,6400.0,103.48
202407,910,Compound vitamin and mineral formulations,11403.0,368584.0,35083.8
202407,911,Health supplements,1147.0,150228.0,103998.69
202407,912,Other health supplements,12710.0,439598.0,58860.89
202407,913,Oral nutrition,603944.0,2357656072.0,43899136.27
202407,914,Enteral nutrition,32605.0,643221045.0,13068864.53
202408,1001,Drugs used in rheumatic diseases and gout,1934104.0,85749345.0,7065896.8
202408,1002,Drugs used in neuromuscular disorders,150759.0,24109527.0,967300.04
202408,1003,Drugs for soft-tissue disorders and topical pain relief,596590.0,64607017.0,3445099.7299999995
202408,101,Dyspepsia and gastro-oesophageal reflux disease,359726.0,187662148.0,2841561.12
202408,102,Antispasmodics and other drugs altering gut motility,417108.0,35136603.0,5723875.64
202408,103,Antisecretory drugs and mucosal protectants,6762352.0,240615111.0,22818365.0
202408,104,Acute diarrhoea,144884.0,12624604.0,730236.71
202408,105,Chronic bowel disorders,220000.0,26059227.0,12275092.89
202408,106,Laxatives,1672365.0,205710265.0,11888231.49
202408,107,Local preparations for anal and rectal disorders,106234.0,2820390.0,782477.91
202408,109,Drugs affecting intestinal secretions,93725.0,20186025.0,5883008.130000001
202408,1103,Anti-infective eye preparations,80989.0,759496.5,708822.9
202408,1104,Corticosteroids and other anti-inflammatory preparations,181314.0,3141116.0,2356349.2
202408,1105,Mydriatics and cycloplegics,7473.0,187779.0,494410.89
202408,1106,Treatment of glaucoma,839668.0,14676954.5,8800562.48
202408,1107,Local anaesthetics,45.0,1100.0,714.3599999999999
202408,1108,Miscellaneous ophthalmic preparations,187318.0,5555689.5,1867775.26
202408,1201,Drugs acting on the ear,170572.0,1123788.0,900874.48
202408,1202,Drugs acting on the nose,707051.0,2900993.0,6569473.720000001
202408,1203,Drugs acting on the oropharynx,67870.0,15538877.2,385139.6
202408,1301,Management of skin conditions,3084.0,1754190.0,14863.89
202408,1302,Emollient and barrier preparations,497501.0,261086626.0,4164538.57
202408,1303,Topical local anaesthetics and antipruritics,30251.0,8413578.0,340153.94
202408,1304,Topical corticosteroids,917819.0,50597017.0,6365088.1
202408,1305,Preparations for eczema and psoriasis,151791.0,12366621.0,6700693.779999999
202408,1306,Acne and rosacea,146365.0,6905013.0,2658352.32
202408,1307,Preparations for warts and calluses,11629.0,158716.0,253503.69
202408,1308,Sunscreens and camouflagers,42787.0,2432597.0,1503183.15
202408,1309,Shampoos and other preparations for scalp and hair conditions,108634.0,20769776.0,1952773.61
202408,1310,Anti-infective skin preparations,292137.0,9695045.0,2140265.43
202408,1311,"Skin cleansers,antiseptics and desloughing agents",20863.0,10006041.0,215984.57
202408,1312,Antiperspirants,4396.0,253555.0,37952.74
202408,1313,Wound management products,1398.0,14723.0,58524.23
202408,1314,Topical circulatory preparations,6625.0,424686.0,33895.23
202408,1315,Miscellaneous topical preparations,169.0,16842.0,19572.02
202408,1404,Vaccines and antisera,143328.0,144473.0,2050706.52
202408,1405,Immunoglobulins,7.0,10.0,2340.0
202408,1501,General anaesthesia,31921.0,294082.5,334579.15
202408,1502,Local anaesthesia,104989.0,1869242.5,1722519.97
202408,1803,X-Ray contrast media,11.0,17100.0,2992.5
202408,1902,Selective preparations,50028.0,11656991.0,799219.21
202408,1904,Single substances,100.0,91840.0,1497.4
202408,1905,Other preparations,822.0,40055.0,10073.14
202408,1906,Acids,382.0,137511.0,16514.14
202408,1907,"Base,diluent, suspending agents and stabilisers",1.0,420.0,1.13
202408,1908,"Colouring,flavouring and sweetening agents",5.0,600.0,136.15
202408,1909,"Disinfectants, preservatives and sterilising agents",1.0,500.0,1.83
202408,1914,Waters,974.0,9605114.0,9841.81
202408,2001,Absorbent Cottons,57.0,39950.0,508.58
202408,2002,Arm Sling/Bandages,40429.0,541134.0,1083640.69
202408,2003,Wound Management & Other Dressings,314532.0,5707243.5,11121463.35
202408,2004,Gauzes & Gauze Tissue,7263.0,300388.0,212055.16
202408,2005,Tracheostomy & Laryngectomy Appliances,18168.0,982571.0,1711226.24
202408,2007,Lints,16.0,13925.0,397.41
202408,2009,Stockinette,36702.0,312555.5,496786.48
202408,201,Positive inotropic drugs,215145.0,5670040.0,514190.74
202408,2010,Surgical Adhesive Tape,16956.0,231886.5,81837.45000000001
202408,2011,Surgical Sutures,5589.0,7329.0,14761.42
202408,2012,Swabs,21035.0,4065140.0,88168.13
202408,2014,"Skin Closure Strips, Sterile",6358.0,29049.0,7295.0
202408,2015,"Skin Adhesive, Sterile",69.0,59.5,705.3299999999999
202408,202,Diuretics,2570222.0,84657585.0,5797761.32
202408,2020,Silk Garments,476.0,1464.0,26443.08
202408,203,Anti-arrhythmic drugs,77555.0,4129988.0,468306.55
202408,204,Beta-adrenoceptor blocking drugs,3717570.0,142563142.0,6207518.79
202408,205,Hypertension and heart failure,6821057.0,251536931.0,24751502.7
202408,206,"Nitrates, calcium-channel blockers & other antianginal drugs",5105588.0,180045246.0,14688312.41
202408,207,Sympathomimetics and other vasoconstrictor drugs,23034.0,1695038.0,488635.61
202408,208,Anticoagulants and protamine,1868802.0,81016312.0,56022381.75
202408,209,Antiplatelet drugs,2763989.0,83424617.0,5319782.69
202408,2101,Other Appliances,905003.0,78584730.0,5371781.97
202408,2102,Catheters,125149.0,8627788.0,16784561.17
202408,2103,Chiropody Appliances,148.0,2750.0,2478.4700000000003
202408,2104,Contraceptive Devices,2343.0,2368.0,27769.96
202408,2106,Trusses,93.0,95.0,3209.1800000000003
202408,2107,Elastic Hosiery,38500.0,104144.0,753534.86
202408,211,Antifibrinolytic drugs and haemostatics,50855.0,3107905.0,264177.03
202408,2112,Peak Flow Meters,26093.0,26211.0,140615.38
202408,2113,Catheter Maintenance Products,20634.0,12454580.0,751927.97
202408,2114,Lubricant Gels,28185.0,1946062.0,105722.94
202408,2116,Irrigation Solutions,37487.0,767478.0,281020.61
202408,2118,Erectile Dysfunction Devices,2031.0,4295.0,236493.37
202408,2119,Oral Film Forming Agents,1092.0,98390.0,41888.64
202408,212,Lipid-regulating drugs,8291813.0,273984157.0,21631368.29
202408,2120,Venous Ulcer Compression System,8716.0,29891.0,473131.4
202408,2121,Dry Mouth Products,40318.0,4136667.0,252606.07
202408,2122,Emollients,834839.0,442959372.0,5027641.3
202408,2123,Vaginal Moisturisers,26779.0,1178508.0,265933.44
202408,2124,Nasal Products,25890.0,1858557.0,96878.76
202408,2125,Vaginal Dilators,239.0,248.0,7604.32
202408,2127,Lymphoedema Garments,52545.0,139423.0,3836707.7
202408,2128,Anal Irrigation System,17992.0,56667.0,3486231.39
202408,2129,Pressure Offloading Device,2453.0,4130.0,85659.69
202408,213,Local sclerosants,2.0,2.0,9.08
202408,2130,Eye Products,750411.0,11048412.5,5796795.44
202408,2132,Inhalation Solutions,8173.0,547703.0,202161.64
202408,2133,Indwelling Pleural Cath Drain System,866.0,9335.0,290739.98
202408,2134,Vaginal PH Correction Products,512.0,8857.0,5352.75
202408,2135,Acne Treatment,5.0,200.0,90.0
202408,2136,Adhesive Dressing Remover Ster Silicone,1317.0,108474.0,40118.45
202408,2137,Pelvic Toning Devices,11.0,12.0,180.0
202408,2138,Low Friction Products,2205.0,5151.0,56752.5
202408,2139,Prosthetic Adhesives,5.0,72.0,57.06
202408,2140,Bacterial Decolonisation Products,228.0,28142.0,1077.52
202408,2141,Debridement Device,6791.0,82971.0,418196.7
202408,2142,Jaw Rehabilitation Device,110.0,469.0,5848.63
202408,2143,Micro-Enema - Sodium Citrate,54.0,1049.0,455.4500000000001
202408,2145,Douches,1.0,1.0,5.17
202408,2146,Hernia Support Garments,16.0,23.0,862.73
202408,2147,Dev For Fungal Nail Infections,51.0,257.0,1031.59
202408,2148,Detection Sensor Interstitial Fluid/Gluc,306860.0,689193.0,23666686.44
202408,2149,Pulsed Electromagnetic Stimulator,33.0,51.0,711.4499999999999
202408,2202,Anal Plugs,754.0,29626.0,72705.94
202408,2205,Catheter Valves,12937.0,91041.0,228571.48
202408,2210,Drainable Dribbling Appliances,1.0,1.0,57.03
202408,2215,Faecal Collectors,278.0,5760.0,14051.91
202408,2220,Incontinence Belts,1.0,1.0,6.79
202408,2230,Incontinence Sheaths,11740.0,473364.0,875874.04
202408,2240,Incontinence Sheath Fixing Strips & Adh,1433.0,43211.0,27464.24
202408,2250,Leg Bags,64093.0,760159.0,2206952.51
202408,2260,Night Drainage Bags,93695.0,2383839.0,1474874.53
202408,2270,Suspensory Systems,1979.0,16738.0,99490.96
202408,2280,Tubing And Accessories,33282.0,233782.0,497910.22
202408,2285,Insert For Female Stress Incont,970.0,1239.0,49429.9
202408,2290,Urinal Systems,1249.0,9063.0,65235.91
202408,2305,Adhesive Discs/Rings/Pads/Plasters,26400.0,1821327.0,1209528.67
202408,2310,Adhesive (Pastes/Sprays/Solutions),56.0,4802.0,1218.41
202408,2315,Adhesive Removers (Sprays/Liquids/Wipes),107210.0,14982385.0,2316063.94
202408,2320,Bag Closures,274.0,11781.0,3322.23
202408,2325,Bag Covers,317.0,1019.0,9527.09
202408,2330,Belts,10144.0,14255.0,523895.22
202408,2335,Colostomy Bags,39838.0,2863524.0,9363819.11
202408,2345,Deodorants,7436.0,1534409.0,101424.53
202408,2346,Discharge Solidifying Agents,2405.0,467002.0,149885.98
202408,2350,Filters/Bridges,262.0,14160.0,14347.25
202408,2355,Flanges,8.0,40.0,810.5899999999999
202408,2360,Ileostomy Bags,66701.0,2649597.0,11259051.04
202408,2370,Irrigation Washout Appliances,3186.0,70332.0,119914.06
202408,2375,Pressure Plates/Shields,99.0,482.0,4521.5
202408,2380,Skin Fillers And Protectives,326039.0,35568400.9,3714177.71
202408,2385,Skin Protectors,27370.0,1137040.0,2365985.93
202408,2390,Stoma Caps/Dressings,1481.0,69016.0,100265.24
202408,2392,Tubing & Accessories,369.0,7127.0,18942.17
202408,2394,Two Piece Ostomy Systems,20118.0,786077.0,2078028.15
202408,2396,Urostomy Bags,13754.0,410773.0,2613848.83
202408,2399,Leakage Notification System,57.0,1363.0,4424.7
202408,301,Bronchodilators,2356401.0,11331899.0,34059928.129999995
202408,302,Corticosteroids (respiratory),1839976.0,2506672.0,53427355.43
202408,303,"Cromoglycate, leukotriene and phosphodesterase type-4 inhib",404706.0,12170374.0,853281.8099999999
202408,304,"Antihistamines, hyposensitisation and allergic emergencies",1404992.0,67902441.0,10544430.85
202408,307,Mucolytics,345032.0,43557575.0,2120083.37
202408,309,Cough preparations,8991.0,2515819.0,38659.64
202408,310,Systemic nasal decongestants,881.0,60246.0,7655.26
202408,311,Antifibrotics,2.0,253.0,2015.66
202408,401,Hypnotics and anxiolytics,1113856.0,33392534.0,7421571.479999999
202408,402,Drugs used in psychoses and related disorders,1162198.0,40320340.0,16095327.39
202408,403,Antidepressant drugs,7669999.0,281523601.0,19769162.69
202408,404,CNS stimulants and drugs used for ADHD,257016.0,10257414.0,12234870.84
202408,405,Drugs used in the treatment of obesity,45532.0,4234030.0,1252997.92
202408,406,Drugs used in nausea and vertigo,528152.0,32330551.0,3086085.86
202408,407,Analgesics,5029529.0,553372163.0,37315326.91
202408,408,Antiepileptic drugs,2782221.0,223629812.0,27908608.26
202408,409,Drugs used in parkinsonism and related disorders,463036.0,35991079.0,9559298.8
202408,410,Drugs used in substance dependence,294592.0,109980327.0,4762941.52
202408,411,Drugs for dementia,398031.0,10025935.0,2562664.74
202408,501,Antibacterial drugs,2620512.0,92795698.5,16012980.2
202408,502,Antifungal drugs,159506.0,4673645.0,1447217.64
202408,503,Antiviral drugs,105446.0,5211110.0,1240267.44
202408,504,Antiprotozoal drugs,183348.0,5016121.0,984787.84
202408,505,Anthelmintics,7567.0,122245.0,170799.47
202408,601,Drugs used in diabetes,6131750.0,338204582.0,135757560.32999998
202408,602,Thyroid and antithyroid drugs,2970793.0,106510071.0,5838484.71
202408,603,Corticosteroids (endocrine),603091.0,30896457.0,2974540.98
202408,604,Sex Hormones,1457914.0,90915178.5,22284555.39
202408,605,"Hypothalamic and pituitary hormones and anti, oestrogens",30103.0,1440276.0,3346445.16
202408,606,Drugs affecting bone metabolism,520773.0,2653861.0,2753014.19
202408,607,Other endocrine drugs,9144.0,190213.0,525171.79
202408,702,Treatment of vaginal and vulval conditions,348293.0,6717497.0,4526251.6
202408,703,Contraceptives,539109.0,47753544.0,4672999.48
202408,704,Drugs for genito-urinary disorders,2038781.0,60856292.0,13046190.68
202408,705,Other drugs for gynaecological conditions,75.0,2660.0,4256.0
202408,801,Cytotoxic drugs,16373.0,678892.0,467225.07
202408,802,Drugs affecting the immune response,90655.0,6809448.0,2371269.51
202408,803,Sex hormones and hormone antagonists in malignant disease,280075.0,7740202.0,11898191.13
202408,901,Anaemias and some other blood disorders,2053018.0,83240605.0,5746824.21
202408,902,Fluids and electrolytes,113053.0,8233511.0,1503007.27
202408,903,Intravenous nutrition,1.0,1.0,16.02
202408,904,Oral nutrition (OLD - DO NOT USE),881.0,18030700.0,508226.0
202408,905,Minerals,197772.0,31772417.0,3951588.23
202408,906,Vitamins,2915361.0,129369766.4,11576297.75
202408,908,Metabolic disorders,285.0,93653.0,170596.9
202408,909,Foods,2.0,2000.0,49.120000000000005
202408,910,Compound vitamin and mineral formulations,10915.0,353598.0,33578.31
202408,911,Health supplements,992.0,116424.0,57750.55
202408,912,Other health supplements,12198.0,422027.0,55588.01
202408,913,Oral nutrition,575074.0,2249914092.0,41581025.43
202408,914,Enteral nutrition,31845.0,642903419.0,13025311.78
202409,1001,Drugs used in rheumatic diseases and gout,1904719.0,84377215.0,7304510.98
202409,1002,Drugs used in neuromuscular disorders,147756.0,23838763.0,951232.09
202409,1003,Drugs for soft-tissue disorders and topical pain relief,590553.0,63872002.0,3411579.1100000003
202409,101,Dyspepsia and gastro-oesophageal reflux disease,356420.0,184998329.0,2803578.8600000003
202409,102,Antispasmodics and other drugs altering gut motility,409811.0,34655336.0,5774874.59
202409,103,Antisecretory drugs and mucosal protectants,6620664.0,235218859.0,22276560.17
202409,104,Acute diarrhoea,140264.0,12183537.0,703988.1699999999
202409,105,Chronic bowel disorders,213128.0,25027760.0,12174131.329999998
202409,106,Laxatives,1646568.0,202239860.0,11601582.36
202409,107,Local preparations for anal and rectal disorders,107234.0,2844809.0,793045.78
202409,109,Drugs affecting intestinal secretions,92769.0,20052653.0,5759491.69
202409,1103,Anti-infective eye preparations,79075.0,735193.5,676826.0800000001
202409,1104,Corticosteroids and other anti-inflammatory preparations,164546.0,2938516.5,2280618.16
202409,1105,Mydriatics and cycloplegics,7218.0,180402.0,475186.09
202409,1106,Treatment of glaucoma,811229.0,14318891.5,8415934.75
202409,1107,Local anaesthetics,40.0,884.0,578.2
202409,1108,Miscellaneous ophthalmic preparations,174929.0,5269350.5,1822343.92
202409,1201,Drugs acting on the ear,166637.0,1098077.0,878975.76
202409,1202,Drugs acting on the nose,671543.0,2843491.0,6199223.95
202409,1203,Drugs acting on the oropharynx,72139.0,15670411.8,400624.76
202409,1301,Management of skin conditions,2874.0,1621061.0,13740.03
202409,1302,Emollient and barrier preparations,485338.0,255176867.0,4066802.06
202409,1303,Topical local anaesthetics and antipruritics,28620.0,7873621.0,321777.04
202409,1304,Topical corticosteroids,869946.0,48030673.0,6109234.42
202409,1305,Preparations for eczema and psoriasis,148956.0,12079168.0,6589913.5
202409,1306,Acne and rosacea,148597.0,6995103.0,2748921.59
202409,1307,Preparations for warts and calluses,12118.0,162343.5,299345.27
202409,1308,Sunscreens and camouflagers,37044.0,2083702.0,1346289.0
202409,1309,Shampoos and other preparations for scalp and hair conditions,108679.0,20814225.0,1953260.0
202409,1310,Anti-infective skin preparations,297083.0,9932081.5,2266650.0300000003
202409,1311,"Skin cleansers,antiseptics and desloughing agents",19318.0,9171160.0,195393.66
202409,1312,Antiperspirants,4041.0,228380.0,33505.78
202409,1313,Wound management products,1429.0,15101.0,60248.53
202409,1314,Topical circulatory preparations,6205.0,399072.0,31856.52
202409,1315,Miscellaneous topical preparations,147.0,28590.0,13085.509999999998
202409,1404,Vaccines and antisera,199505.0,201358.5,2815249.81
202409,1405,Immunoglobulins,14.0,14.0,8250.0
202409,1501,General anaesthesia,31020.0,283430.5,328613.54000000004
202409,1502,Local anaesthesia,112427.0,1803128.5,1696882.74
202409,1803,X-Ray contrast media,8.0,6100.0,1067.5
202409,1902,Selective preparations,46375.0,11402817.0,768736.65
202409,1904,Single substances,133.0,118285.0,4840.52
202409,1905,Other preparations,808.0,43434.0,10531.44
202409,1906,Acids,353.0,122922.0,15268.97
202409,1907,"Base,diluent, suspending agents and stabilisers",4.0,1680.0,4.52
202409,1908,"Colouring,flavouring and sweetening agents",7.0,800.0,181.41
202409,1914,Waters,931.0,9187184.0,9411.36
202409,2001,Absorbent Cottons,72.0,60575.0,780.62
202409,2002,Arm Sling/Bandages,40759.0,548369.0,1098390.41
202409,2003,Wound Management & Other Dressings,310633.0,5586089.3,11117262.08
202409,2004,Gauzes & Gauze Tissue,7237.0,310434.0,211391.42
202409,2005,Tracheostomy & Laryngectomy Appliances,17377.0,931067.0,1664418.98
202409,2007,Lints,16.0,18125.0,504.94999999999993
202409,2009,Stockinette,36803.0,320048.5,515162.91
202409,201,Positive inotropic drugs,208985.0,5474085.0,496411.7
202409,2010,Surgical Adhesive Tape,16651.0,229897.0,82173.26999999999
202409,2011,Surgical Sutures,6556.0,9257.0,19018.86
202409,2012,Swabs,20193.0,3920800.0,86038.98000000001
202409,2014,"Skin Closure Strips, Sterile",5583.0,26619.0,6649.22
202409,2015,"Skin Adhesive, Sterile",56.0,38.0,436.89
202409,202,Diuretics,2474278.0,81407177.0,5617948.15
202409,2020,Silk Garments,455.0,1540.0,29513.75
202409,203,Anti-arrhythmic drugs,75042.0,3996136.0,457051.8
202409,204,Beta-adrenoceptor blocking drugs,3626856.0,139303047.0,6030465.99
202409,205,Hypertension and heart failure,6634623.0,244442797.0,23632978.36
202409,206,"Nitrates, calcium-channel blockers & other antianginal drugs",4966012.0,175010262.0,14302165.4
202409,207,Sympathomimetics and other vasoconstrictor drugs,22935.0,1663969.0,485258.79
202409,208,Anticoagulants and protamine,1818262.0,79152184.0,38092288.900000006
202409,209,Antiplatelet drugs,2681573.0,80818413.0,5159433.09
202409,2101,Other Appliances,911847.0,76213549.0,5428703.29
202409,2102,Catheters,123190.0,8462579.0,16498187.0
202409,2103,Chiropody Appliances,166.0,2132.0,1392.11
202409,2104,Contraceptive Devices,2564.0,2594.0,30340.55
202409,2106,Trusses,90.0,96.0,2903.11
202409,2107,Elastic Hosiery,37377.0,101700.0,739138.25
202409,211,Antifibrinolytic drugs and haemostatics,52950.0,3239415.0,275839.35
202409,2112,Peak Flow Meters,27661.0,27814.0,149891.57
202409,2113,Catheter Maintenance Products,20703.0,12652230.0,764338.34
202409,2114,Lubricant Gels,27901.0,1884386.5,103607.01
202409,2116,Irrigation Solutions,36633.0,728005.0,274130.57
202409,2118,Erectile Dysfunction Devices,2031.0,4191.0,238056.02
202409,2119,Oral Film Forming Agents,1068.0,95556.0,38741.11
202409,212,Lipid-regulating drugs,8081026.0,266793751.0,21234539.51
202409,2120,Venous Ulcer Compression System,8127.0,28163.0,445508.73
202409,2121,Dry Mouth Products,39576.0,4021282.0,247575.96
202409,2122,Emollients,817730.0,434406609.0,4929480.36
202409,2123,Vaginal Moisturisers,25781.0,1123019.0,254485.75
202409,2124,Nasal Products,27638.0,1859796.0,98244.84
202409,2125,Vaginal Dilators,230.0,240.0,7330.25
202409,2127,Lymphoedema Garments,51170.0,137201.0,3751179.05
202409,2128,Anal Irrigation System,18134.0,57175.0,3517338.12
202409,2129,Pressure Offloading Device,2164.0,3587.0,78483.43
202409,2130,Eye Products,730262.0,10707515.0,5612507.470000001
202409,2131,Cycloidal Vibration Accessories,1.0,60.0,300.0
202409,2132,Inhalation Solutions,8024.0,532215.0,197976.65
202409,2133,Indwelling Pleural Cath Drain System,803.0,8600.0,263467.57
202409,2134,Vaginal PH Correction Products,514.0,8180.0,5167.5
202409,2135,Acne Treatment,4.0,100.0,52.0
202409,2136,Adhesive Dressing Remover Ster Silicone,1313.0,97331.0,37221.88
202409,2137,Pelvic Toning Devices,16.0,16.0,240.0
202409,2138,Low Friction Products,2127.0,4965.0,53693.76
202409,2139,Prosthetic Adhesives,13.0,240.0,190.2
202409,2140,Bacterial Decolonisation Products,236.0,29824.0,1177.71
202409,2141,Debridement Device,6804.0,82539.0,415876.46
202409,2142,Jaw Rehabilitation Device,88.0,520.0,4323.82
202409,2143,Micro-Enema - Sodium Citrate,60.0,879.0,381.62
202409,2146,Hernia Support Garments,12.0,12.0,450.12
202409,2147,Dev For Fungal Nail Infections,46.0,183.0,1000.56
202409,2148,Detection Sensor Interstitial Fluid/Gluc,300067.0,675262.0,23219095.49
202409,2149,Pulsed Electromagnetic Stimulator,26.0,39.0,544.05
202409,2202,Anal Plugs,754.0,28235.0,69688.57
202409,2205,Catheter Valves,12499.0,88385.0,222080.63
202409,2215,Faecal Collectors,256.0,5465.0,13233.89
202409,2230,Incontinence Sheaths,11629.0,473006.0,875983.9299999999
202409,2240,Incontinence Sheath Fixing Strips & Adh,1372.0,41367.0,26405.77
202409,2250,Leg Bags,64078.0,760621.0,2203749.01
202409,2260,Night Drainage Bags,92693.0,2367036.0,1468240.67
202409,2270,Suspensory Systems,1922.0,16392.0,98319.44
202409,2280,Tubing And Accessories,33419.0,237561.0,498197.85
202409,2285,Insert For Female Stress Incont,875.0,1071.0,42258.26
202409,2290,Urinal Systems,1195.0,8711.0,61403.850000000006
202409,2305,Adhesive Discs/Rings/Pads/Plasters,26851.0,1866911.0,1236857.39
202409,2310,Adhesive (Pastes/Sprays/Solutions),50.0,3550.0,892.03
202409,2315,Adhesive Removers (Sprays/Liquids/Wipes),107830.0,15057638.0,2322711.84
202409,2320,Bag Closures,288.0,12348.0,3716.51
202409,2325,Bag Covers,312.0,1021.0,9202.02
202409,2330,Belts,9468.0,13343.0,478297.95
202409,2335,Colostomy Bags,39396.0,2819940.0,9213128.81
202409,2345,Deodorants,7359.0,1486731.0,99151.34
202409,2346,Discharge Solidifying Agents,2440.0,470270.0,151733.47
202409,2350,Filters/Bridges,306.0,18731.0,17599.73
202409,2355,Flanges,18.0,88.0,1441.09
202409,2360,Ileostomy Bags,67585.0,2695090.0,11441168.88
202409,2370,Irrigation Washout Appliances,3347.0,69727.0,127260.44
202409,2375,Pressure Plates/Shields,91.0,432.0,3857.68
202409,2380,Skin Fillers And Protectives,319116.0,34454354.2,3637444.47
202409,2385,Skin Protectors,27941.0,1156837.0,2408833.54
202409,2390,Stoma Caps/Dressings,1445.0,64669.0,94063.33
202409,2392,Tubing & Accessories,374.0,7330.0,19603.68
202409,2394,Two Piece Ostomy Systems,20001.0,773589.0,2045162.59
202409,2396,Urostomy Bags,13920.0,415690.0,2645142.91
202409,2399,Leakage Notification System,111.0,2883.0,9075.9
202409,301,Bronchodilators,2372222.0,10971577.0,33311661.46
202409,302,Corticosteroids (respiratory),1842097.0,2506120.0,52808250.05
202409,303,"Cromoglycate, leukotriene and phosphodesterase type-4 inhib",399144.0,12022050.0,838417.02
202409,304,"Antihistamines, hyposensitisation and allergic emergencies",1324608.0,64161320.0,11823473.75
202409,307,Mucolytics,336808.0,42447355.0,2084276.69
202409,309,Cough preparations,9927.0,2718509.0,36612.04
202409,310,Systemic nasal decongestants,1483.0,91942.0,16757.52
202409,401,Hypnotics and anxiolytics,1097489.0,33207775.0,7609471.39
202409,402,Drugs used in psychoses and related disorders,1133018.0,39096830.0,15098463.69
202409,403,Antidepressant drugs,7534121.0,276180731.0,18627446.45
202409,404,CNS stimulants and drugs used for ADHD,273985.0,10882753.0,12685587.81
202409,405,Drugs used in the treatment of obesity,44692.0,4168664.0,1147850.02
202409,406,Drugs used in nausea and vertigo,520186.0,31638607.0,3030149.08
202409,407,Analgesics,4906560.0,538917856.2,36065022.15
202409,408,Antiepileptic drugs,2706506.0,217410892.0,27557099.4
202409,409,Drugs used in parkinsonism and related disorders,451207.0,35136369.0,9201398.4
202409,410,Drugs used in substance dependence,279696.0,104918612.4,4546850.26
202409,411,Drugs for dementia,392074.0,9873662.0,2544944.33
202409,501,Antibacterial drugs,2708392.0,97483484.5,15629445.71
202409,502,Antifungal drugs,158405.0,4632103.0,1499710.1
202409,503,Antiviral drugs,104450.0,5157535.0,1260773.01
202409,504,Antiprotozoal drugs,177654.0,4857320.0,961691.46
202409,505,Anthelmintics,9168.0,148212.0,194516.38
202409,601,Drugs used in diabetes,6001910.0,330714196.0,133160043.41
202409,602,Thyroid and antithyroid drugs,2890776.0,103560915.0,5691021.16
202409,603,Corticosteroids (endocrine),617676.0,30977345.0,2846642.5
202409,604,Sex Hormones,1426071.0,89844694.5,21931608.71
202409,605,"Hypothalamic and pituitary hormones and anti, oestrogens",31141.0,1486920.5,3306906.4
202409,606,Drugs affecting bone metabolism,503729.0,2565099.0,2681614.99
202409,607,Other endocrine drugs,8872.0,183215.0,490470.21
202409,702,Treatment of vaginal and vulval conditions,344012.0,6600946.0,4449335.4
202409,703,Contraceptives,536062.0,46862738.0,4903618.390000001
202409,704,Drugs for genito-urinary disorders,1989222.0,59484370.0,12859628.99
202409,705,Other drugs for gynaecological conditions,88.0,2990.0,4784.0
202409,801,Cytotoxic drugs,15726.0,652084.0,455906.64
202409,802,Drugs affecting the immune response,88420.0,6681944.0,2336099.67
202409,803,Sex hormones and hormone antagonists in malignant disease,271896.0,7510469.0,11578191.1
202409,901,Anaemias and some other blood disorders,2017629.0,82222322.0,5640613.25
202409,902,Fluids and electrolytes,106629.0,7962998.0,1450747.2
202409,904,Oral nutrition (OLD - DO NOT USE),793.0,16211360.0,455144.7
202409,905,Minerals,198487.0,32164534.0,3992068.35
202409,906,Vitamins,2842319.0,125979766.5,11264056.04
202409,908,Metabolic disorders,255.0,97329.0,154990.76
202409,909,Foods,1.0,1600.0,26.14
202409,910,Compound vitamin and mineral formulations,10720.0,344876.0,33179.11
202409,911,Health supplements,1082.0,147333.0,85579.05
202409,912,Other health supplements,12229.0,407894.0,54409.16
202409,913,Oral nutrition,562010.0,2168736247.0,39996525.25
202409,914,Enteral nutrition,28157.0,568873982.0,11550236.13
202410,1001,Drugs used in rheumatic diseases and gout,2003337.0,88854233.0,7509170.88
202410,1002,Drugs used in neuromuscular disorders,156566.0,25135750.0,1079639.06
202410,1003,Drugs for soft-tissue disorders and topical pain relief,617599.0,66880667.0,3621797.15
202410,101,Dyspepsia and gastro-oesophageal reflux disease,383178.0,199460978.0,3003764.93
202410,102,Antispasmodics and other drugs altering gut motility,430890.0,36298754.0,5770787.18
202410,103,Antisecretory drugs and mucosal protectants,7029603.0,249327881.0,22830896.3
202410,104,Acute diarrhoea,147311.0,12795795.0,731177.6900000001
202410,105,Chronic bowel disorders,229446.0,27100682.0,13512422.25
202410,106,Laxatives,1747645.0,214878413.0,12424699.6
202410,107,Local preparations for anal and rectal disorders,111371.0,2924467.0,850056.6300000001
202410,109,Drugs affecting intestinal secretions,101833.0,22278416.0,6378459.629999999
202410,1103,Anti-infective eye preparations,86399.0,821502.5,547511.51
202410,1104,Corticosteroids and other anti-inflammatory preparations,168056.0,3024795.5,2408914.8200000003
202410,1105,Mydriatics and cycloplegics,7678.0,189646.0,388208.67
202410,1106,Treatment of glaucoma,860359.0,15276420.0,9208238.27
202410,1107,Local anaesthetics,48.0,1112.0,704.71
202410,1108,Miscellaneous ophthalmic preparations,183884.0,5540018.5,1935068.43
202410,1201,Drugs acting on the ear,171464.0,1148726.5,916908.87
202410,1202,Drugs acting on the nose,725334.0,3075393.0,7125536.289999999
202410,1203,Drugs acting on the oropharynx,83431.0,16940700.2,437524.24
202410,1301,Management of skin conditions,3017.0,1729040.0,15803.57
202410,1302,Emollient and barrier preparations,508848.0,267705307.0,4284051.98
202410,1303,Topical local anaesthetics and antipruritics,30808.0,8457863.0,340625.69999999995
202410,1304,Topical corticosteroids,937649.0,51484552.0,6621134.52
202410,1305,Preparations for eczema and psoriasis,160222.0,12797209.0,6988083.47
202410,1306,Acne and rosacea,154072.0,7212348.0,2830159.66
202410,1307,Preparations for warts and calluses,12239.0,168781.0,329165.6
202410,1308,Sunscreens and camouflagers,44423.0,2316650.0,1597331.7999999998
202410,1309,Shampoos and other preparations for scalp and hair conditions,114102.0,21769163.0,1996093.68
202410,1310,Anti-infective skin preparations,319010.0,10873060.0,2168402.62
202410,1311,"Skin cleansers,antiseptics and desloughing agents",19621.0,9406494.0,202341.55
202410,1312,Antiperspirants,3867.0,221175.0,33179.91
202410,1313,Wound management products,1409.0,15171.0,60206.19
202410,1314,Topical circulatory preparations,6434.0,412500.0,32917.5
202410,1315,Miscellaneous topical preparations,146.0,19065.0,14052.6
202410,1404,Vaccines and antisera,5270344.0,5274667.0,71052975.33
202410,1405,Immunoglobulins,3.0,3.0,900.0
202410,1501,General anaesthesia,35778.0,2128055.0,370216.63
202410,1502,Local anaesthesia,120485.0,1969112.0,1761732.7599999998
202410,1803,X-Ray contrast media,7.0,6700.0,1172.5
202410,1902,Selective preparations,51089.0,12108377.0,913724.22
202410,1904,Single substances,111.0,111495.0,1174.68
202410,1905,Other preparations,798.0,40673.0,10050.02
202410,1906,Acids,383.0,130992.0,15513.2
202410,1908,"Colouring,flavouring and sweetening agents",5.0,600.0,136.15
202410,1914,Waters,969.0,9768344.0,10038.81
202410,2001,Absorbent Cottons,55.0,45975.0,576.54
202410,2002,Arm Sling/Bandages,42278.0,567698.0,1137150.85
202410,2003,Wound Management & Other Dressings,316003.0,5732225.6,11495985.12
202410,2004,Gauzes & Gauze Tissue,7570.0,301236.0,224133.09000000003
202410,2005,Tracheostomy & Laryngectomy Appliances,18873.0,1048181.0,1831220.14
202410,2006,Foam,1.0,4.0,22.1
202410,2007,Lints,12.0,16050.0,447.72
202410,2009,Stockinette,37886.0,328790.0,539413.04
202410,201,Positive inotropic drugs,220904.0,5799822.0,531905.63
202410,2010,Surgical Adhesive Tape,17362.0,238813.0,87020.19
202410,2011,Surgical Sutures,7360.0,10334.0,21474.94
202410,2012,Swabs,21145.0,4217082.0,90774.56
202410,2014,"Skin Closure Strips, Sterile",7623.0,33168.0,8353.73
202410,2015,"Skin Adhesive, Sterile",58.0,47.0,583.4
202410,202,Diuretics,2615241.0,85848472.0,5540371.35
202410,2020,Silk Garments,494.0,1580.0,32825.97
202410,203,Anti-arrhythmic drugs,78938.0,4191074.0,533061.46
202410,204,Beta-adrenoceptor blocking drugs,3846951.0,147726159.0,6201958.989999999
202410,205,Hypertension and heart failure,7039844.0,259198471.0,24332673.95
202410,206,"Nitrates, calcium-channel blockers & other antianginal drugs",5281576.0,186142479.0,14506400.52
202410,207,Sympathomimetics and other vasoconstrictor drugs,24633.0,1793031.0,460253.82000000007
202410,208,Anticoagulants and protamine,1927960.0,83940782.0,33948765.74
202410,209,Antiplatelet drugs,2840124.0,85536230.0,5273735.27
202410,2101,Other Appliances,975328.0,80146117.0,5775797.77
202410,2102,Catheters,134820.0,9288286.0,18129264.82
202410,2103,Chiropody Appliances,164.0,3128.0,1974.93
202410,2104,Contraceptive Devices,2673.0,2711.0,32117.11
202410,2106,Trusses,91.0,94.0,3066.25
202410,2107,Elastic Hosiery,38518.0,105284.0,764777.27
202410,211,Antifibrinolytic drugs and haemostatics,55201.0,3362905.0,279414.62
202410,2112,Peak Flow Meters,31954.0,32066.0,172672.0
202410,2113,Catheter Maintenance Products,22054.0,13214710.0,807767.8099999999
202410,2114,Lubricant Gels,29573.0,1975048.5,109801.71
202410,2116,Irrigation Solutions,37637.0,767486.0,285270.05000000005
202410,2118,Erectile Dysfunction Devices,2114.0,4508.0,245508.61
202410,2119,Oral Film Forming Agents,1156.0,104188.0,43234.48
202410,212,Lipid-regulating drugs,8602811.0,283890571.0,19510611.71
202410,2120,Venous Ulcer Compression System,8570.0,29139.0,471361.89
202410,2121,Dry Mouth Products,41986.0,4271371.0,264632.67
202410,2122,Emollients,864785.0,459193518.0,5210904.35
202410,2123,Vaginal Moisturisers,27497.0,1208894.0,272391.66
202410,2124,Nasal Products,31976.0,2084291.0,110711.16
202410,2125,Vaginal Dilators,233.0,242.0,7399.15
202410,2126,Leg Ulcer Wrap,1.0,2.0,27.6
202410,2127,Lymphoedema Garments,54651.0,147131.0,3989729.44
202410,2128,Anal Irrigation System,19541.0,63618.0,3801738.04
202410,2129,Pressure Offloading Device,2412.0,4029.0,83279.36
202410,213,Local sclerosants,4.0,5.0,24.49
202410,2130,Eye Products,764582.0,11196262.0,5859081.119999999
202410,2131,Cycloidal Vibration Accessories,1.0,60.0,300.0
202410,2132,Inhalation Solutions,8686.0,578423.0,214209.59000000003
202410,2133,Indwelling Pleural Cath Drain System,868.0,8965.0,272776.76
202410,2134,Vaginal PH Correction Products,538.0,8808.0,5606.25
202410,2135,Acne Treatment,4.0,200.0,76.0
202410,2136,Adhesive Dressing Remover Ster Silicone,1420.0,111732.0,41636.82
202410,2137,Pelvic Toning Devices,16.0,18.0,270.0
202410,2138,Low Friction Products,2356.0,5550.0,56512.380000000005
202410,2139,Prosthetic Adhesives,11.0,204.0,161.67
202410,2140,Bacterial Decolonisation Products,246.0,24208.0,1116.61
202410,2141,Debridement Device,7110.0,85098.0,435419.1
202410,2142,Jaw Rehabilitation Device,101.0,476.0,5868.320000000001
202410,2143,Micro-Enema - Sodium Citrate,57.0,868.0,376.88
202410,2146,Hernia Support Garments,10.0,13.0,487.63
202410,2147,Dev For Fungal Nail Infections,46.0,207.0,906.74
202410,2148,Detection Sensor Interstitial Fluid/Gluc,322952.0,724735.0,24972939.880000003
202410,2149,Pulsed Electromagnetic Stimulator,33.0,65.0,906.75
202410,2202,Anal Plugs,768.0,29376.0,72920.38
202410,2205,Catheter Valves,13326.0,93867.0,233432.27
202410,2210,Drainable Dribbling Appliances,1.0,10.0,140.6
202410,2215,Faecal Collectors,313.0,6451.0,15425.76
202410,2220,Incontinence Belts,2.0,5.0,70.19999999999999
202410,2230,Incontinence Sheaths,12895.0,519097.0,961050.34
202410,2240,Incontinence Sheath Fixing Strips & Adh,1660.0,49520.0,32227.27
202410,2250,Leg Bags,68436.0,810611.0,2348264.87
202410,2260,Night Drainage Bags,99998.0,2535899.0,1574232.28
202410,2270,Suspensory Systems,2177.0,18433.0,111062.57
202410,2280,Tubing And Accessories,36180.0,257122.0,545270.02
202410,2285,Insert For Female Stress Incont,1047.0,1218.0,48517.44
202410,2290,Urinal Systems,1345.0,9454.0,66092.08
202410,2305,Adhesive Discs/Rings/Pads/Plasters,28569.0,1976808.0,1311813.1800000002
202410,2310,Adhesive (Pastes/Sprays/Solutions),47.0,4208.0,1080.2
202410,2315,Adhesive Removers (Sprays/Liquids/Wipes),116019.0,16214323.0,2494577.76
202410,2320,Bag Closures,322.0,15268.0,4081.25
202410,2325,Bag Covers,333.0,1085.0,10269.87
202410,2330,Belts,12001.0,17041.0,676704.1
202410,2335,Colostomy Bags,43044.0,3080599.0,10077448.5
202410,2345,Deodorants,7837.0,1558224.0,105262.25
202410,2346,Discharge Solidifying Agents,2637.0,517824.0,166504.09999999998
202410,2350,Filters/Bridges,298.0,17160.0,16504.75
202410,2355,Flanges,11.0,57.0,1127.32
202410,2360,Ileostomy Bags,73395.0,2923455.0,12426207.010000002
202410,2370,Irrigation Washout Appliances,3432.0,65725.0,126039.79
202410,2375,Pressure Plates/Shields,97.0,442.0,4018.13
202410,2380,Skin Fillers And Protectives,341207.0,36715644.2,3894963.31
202410,2385,Skin Protectors,30244.0,1254917.0,2611183.2
202410,2390,Stoma Caps/Dressings,1516.0,70671.0,102523.19
202410,2392,Tubing & Accessories,423.0,7847.0,20657.71
202410,2394,Two Piece Ostomy Systems,21574.0,830843.0,2196369.6
202410,2396,Urostomy Bags,15135.0,449075.0,2863734.56
202410,2399,Leakage Notification System,134.0,3475.0,11056.7
202410,301,Bronchodilators,2561331.0,11661927.0,36102596.42
202410,302,Corticosteroids (respiratory),1979845.0,2706801.0,56700790.05
202410,303,"Cromoglycate, leukotriene and phosphodesterase type-4 inhib",422047.0,12670426.0,797875.46
202410,304,"Antihistamines, hyposensitisation and allergic emergencies",1322851.0,62742533.0,9073395.93
202410,307,Mucolytics,363879.0,45798814.0,2191882.5
202410,309,Cough preparations,12885.0,3353078.0,60398.2
202410,310,Systemic nasal decongestants,1224.0,87194.0,10081.82
202410,311,Antifibrotics,1.0,42.0,1003.85
202410,401,Hypnotics and anxiolytics,1166292.0,35127895.0,8213909.74
202410,402,Drugs used in psychoses and related disorders,1200990.0,41092354.0,15696745.03
202410,403,Antidepressant drugs,8013228.0,293248213.0,19105704.57
202410,404,CNS stimulants and drugs used for ADHD,290357.0,11445576.0,13550303.19
202410,405,Drugs used in the treatment of obesity,46227.0,4295210.0,1226695.8199999998
202410,406,Drugs used in nausea and vertigo,553666.0,33597823.0,3093567.9
202410,407,Analgesics,5231935.0,575032893.2,37778053.24
202410,408,Antiepileptic drugs,2874298.0,229992294.0,28994882.01
202410,409,Drugs used in parkinsonism and related disorders,478613.0,37102566.0,9754727.64
202410,410,Drugs used in substance dependence,299303.0,111920588.2,4859005.52
202410,411,Drugs for dementia,415752.0,10463917.0,2744864.06
202410,501,Antibacterial drugs,3184293.0,118080045.0,16690286.9
202410,502,Antifungal drugs,169350.0,4929499.0,1049039.36
202410,503,Antiviral drugs,111141.0,5452188.0,1329263.31
202410,504,Antiprotozoal drugs,185516.0,5036423.0,1100791.8
202410,505,Anthelmintics,11123.0,175167.0,275674.36
202410,601,Drugs used in diabetes,6367698.0,348450368.0,141935808.9
202410,602,Thyroid and antithyroid drugs,3054985.0,109316905.0,5657635.73
202410,603,Corticosteroids (endocrine),727417.0,35168247.0,3057871.14
202410,604,Sex Hormones,1506639.0,94901549.0,23187945.61
202410,605,"Hypothalamic and pituitary hormones and anti, oestrogens",32437.0,1533397.0,3400127.06
202410,606,Drugs affecting bone metabolism,533710.0,2721366.0,2818928.3
202410,607,Other endocrine drugs,9729.0,204556.0,538733.64
202410,701,Drugs used in obstetrics,1.0,56.0,448.0
202410,702,Treatment of vaginal and vulval conditions,368872.0,7060852.0,5003367.92
202410,703,Contraceptives,549964.0,47786964.0,4992945.5600000005
202410,704,Drugs for genito-urinary disorders,2107137.0,62907861.0,13907882.4
202410,705,Other drugs for gynaecological conditions,111.0,3640.0,5824.0
202410,801,Cytotoxic drugs,16793.0,703145.0,483092.11
202410,802,Drugs affecting the immune response,92809.0,7002171.0,2442525.05
202410,803,Sex hormones and hormone antagonists in malignant disease,288550.0,7934780.0,12399287.61
202410,901,Anaemias and some other blood disorders,2140010.0,86945360.0,4917351.01
202410,902,Fluids and electrolytes,112161.0,8265162.0,1486235.73
202410,904,Oral nutrition (OLD - DO NOT USE),819.0,16884082.0,483943.1699999999
202410,905,Minerals,215223.0,35422168.0,4445244.98
202410,906,Vitamins,3036404.0,134281455.8,11859830.7
202410,908,Metabolic disorders,244.0,87474.0,137729.72
202410,909,Foods,1.0,3200.0,52.28
202410,910,Compound vitamin and mineral formulations,11188.0,355229.0,33829.79
202410,911,Health supplements,1111.0,132034.0,74320.97
202410,912,Other health supplements,13105.0,439648.0,61700.85
202410,913,Oral nutrition,595689.0,2315653052.5,42886246.19
202410,914,Enteral nutrition,30546.0,620165411.0,12577971.24
202411,1001,Drugs used in rheumatic diseases and gout,1895532.0,84345595.0,7119372.07
202411,1002,Drugs used in neuromuscular disorders,149212.0,23874897.0,1021245.49
202411,1003,Drugs for soft-tissue disorders and topical pain relief,580204.0,62868032.0,3419447.01
202411,101,Dyspepsia and gastro-oesophageal reflux disease,367294.0,191082826.0,2906612.41
202411,102,Antispasmodics and other drugs altering gut motility,411373.0,34564080.0,5562661.71
202411,103,Antisecretory drugs and mucosal protectants,6730837.0,238837544.0,21994101.37
202411,104,Acute diarrhoea,139004.0,12192552.0,690388.33
202411,105,Chronic bowel disorders,219456.0,25965233.0,13092971.06
202411,106,Laxatives,1667993.0,204345367.0,11918952.73
202411,107,Local preparations for anal and rectal disorders,112425.0,2972932.0,857884.6699999999
202411,109,Drugs affecting intestinal secretions,95301.0,20739243.0,6014098.32
202411,1103,Anti-infective eye preparations,87229.0,821509.5,629741.88
202411,1104,Corticosteroids and other anti-inflammatory preparations,156961.0,2859601.5,2307787.82
202411,1105,Mydriatics and cycloplegics,7162.0,183591.0,368456.4
202411,1106,Treatment of glaucoma,821298.0,14705508.5,8851644.82
202411,1107,Local anaesthetics,39.0,719.0,452.66
202411,1108,Miscellaneous ophthalmic preparations,173179.0,5236178.5,1846422.53
202411,1201,Drugs acting on the ear,168831.0,1162694.5,915678.59
202411,1202,Drugs acting on the nose,689248.0,2972594.0,6818455.43
202411,1203,Drugs acting on the oropharynx,83367.0,16343412.7,431724.24
202411,1301,Management of skin conditions,3032.0,1717370.0,15708.9
202411,1302,Emollient and barrier preparations,489515.0,257864952.0,4110292.15
202411,1303,Topical local anaesthetics and antipruritics,29491.0,8092819.0,327161.83
202411,1304,Topical corticosteroids,922965.0,50679823.0,6568084.77
202411,1305,Preparations for eczema and psoriasis,155713.0,12390052.0,6768002.46
202411,1306,Acne and rosacea,146421.0,6863461.0,2708217.57
202411,1307,Preparations for warts and calluses,10145.0,140685.0,237298.45
202411,1308,Sunscreens and camouflagers,39905.0,2048969.0,1432829.7
202411,1309,Shampoos and other preparations for scalp and hair conditions,107476.0,20573495.0,1876444.15
202411,1310,Anti-infective skin preparations,307315.0,10708126.5,2093088.04
202411,1311,"Skin cleansers,antiseptics and desloughing agents",19182.0,9211575.0,197485.78
202411,1312,Antiperspirants,3424.0,193920.0,26986.07
202411,1313,Wound management products,1427.0,15686.0,62352.02
202411,1314,Topical circulatory preparations,5573.0,359968.0,28728.09
202411,1315,Miscellaneous topical preparations,161.0,26235.0,14680.44
202411,1404,Vaccines and antisera,1763307.0,1765084.0,23701349.55
202411,1405,Immunoglobulins,6.0,9.0,6300.0
202411,1501,General anaesthesia,34607.0,3916143.5,350723.80000000005
202411,1502,Local anaesthesia,110562.0,1774746.0,1634973.31
202411,1803,X-Ray contrast media,7.0,10000.0,1750.0
202411,1902,Selective preparations,45947.0,11470234.0,844903.1499999999
202411,1904,Single substances,115.0,109970.0,1145.09
202411,1905,Other preparations,818.0,42442.0,10595.76
202411,1906,Acids,385.0,129521.0,14653.0
202411,1907,"Base,diluent, suspending agents and stabilisers",4.0,1680.0,4.52
202411,1908,"Colouring,flavouring and sweetening agents",4.0,500.0,118.48
202411,1914,Waters,974.0,9555261.0,8954.43
202411,2001,Absorbent Cottons,73.0,55975.0,694.4
202411,2002,Arm Sling/Bandages,38864.0,517802.0,1041261.83
202411,2003,Wound Management & Other Dressings,290786.0,5292589.3,10645317.75
202411,2004,Gauzes & Gauze Tissue,7131.0,284049.0,205898.85
202411,2005,Tracheostomy & Laryngectomy Appliances,18979.0,1135464.0,1955272.44
202411,2006,Foam,1.0,4.0,22.1
202411,2007,Lints,17.0,8750.0,264.32
202411,2009,Stockinette,35077.0,300563.0,512474.79
202411,201,Positive inotropic drugs,211310.0,5531913.0,507224.85
202411,2010,Surgical Adhesive Tape,16270.0,227020.5,81202.17
202411,2011,Surgical Sutures,6255.0,9029.0,18708.800000000003
202411,2012,Swabs,20309.0,4075150.0,87532.59999999999
202411,2014,"Skin Closure Strips, Sterile",6324.0,27300.0,6847.67
202411,2015,"Skin Adhesive, Sterile",62.0,37.0,448.18
202411,202,Diuretics,2495424.0,81868539.0,5325295.029999999
202411,2020,Silk Garments,535.0,1686.0,29885.18
202411,203,Anti-arrhythmic drugs,75733.0,4001234.0,474333.24
202411,204,Beta-adrenoceptor blocking drugs,3686195.0,141482172.0,5945191.19
202411,205,Hypertension and heart failure,6758525.0,248905493.0,23490491.32
202411,206,"Nitrates, calcium-channel blockers & other antianginal drugs",5084234.0,179737106.0,14056597.68
202411,207,Sympathomimetics and other vasoconstrictor drugs,23576.0,1734708.0,455195.68
202411,208,Anticoagulants and protamine,1846959.0,80524259.0,30472223.44
202411,209,Antiplatelet drugs,2718943.0,81792293.0,5021815.94
202411,2101,Other Appliances,944307.0,76322413.0,5601542.71
202411,2102,Catheters,122776.0,8814290.0,17121252.66
202411,2103,Chiropody Appliances,126.0,1531.0,1904.83
202411,2104,Contraceptive Devices,2510.0,2550.0,29980.09
202411,2106,Trusses,97.0,105.0,3421.09
202411,2107,Elastic Hosiery,35148.0,96441.0,699135.5700000001
202411,211,Antifibrinolytic drugs and haemostatics,52222.0,3186802.0,265155.56
202411,2112,Peak Flow Meters,32084.0,32191.0,172217.27
202411,2113,Catheter Maintenance Products,19834.0,12339930.0,743800.1499999999
202411,2114,Lubricant Gels,27101.0,1858733.5,103002.37
202411,2116,Irrigation Solutions,34377.0,705708.0,262377.49
202411,2118,Erectile Dysfunction Devices,2068.0,4402.0,239282.53000000003
202411,2119,Oral Film Forming Agents,1122.0,95818.0,38678.59
202411,212,Lipid-regulating drugs,8282498.0,273279242.0,18994589.51
202411,2120,Venous Ulcer Compression System,7994.0,27534.0,426939.07
202411,2121,Dry Mouth Products,40088.0,4066536.0,251313.56
202411,2122,Emollients,848777.0,451026555.0,5102743.970000001
202411,2123,Vaginal Moisturisers,26438.0,1169940.0,262402.51
202411,2124,Nasal Products,32104.0,2018871.0,107999.73
202411,2125,Vaginal Dilators,252.0,260.0,8068.76
202411,2127,Lymphoedema Garments,54517.0,146994.0,4060259.9
202411,2128,Anal Irrigation System,18141.0,57823.0,3545028.62
202411,2129,Pressure Offloading Device,2197.0,3651.0,79558.67000000001
202411,213,Local sclerosants,2.0,2.0,9.08
202411,2130,Eye Products,732043.0,10790515.0,5670468.38
202411,2131,Cycloidal Vibration Accessories,1.0,60.0,300.0
202411,2132,Inhalation Solutions,8472.0,560290.0,207720.65
202411,2133,Indwelling Pleural Cath Drain System,839.0,8575.0,257538.98
202411,2134,Vaginal PH Correction Products,514.0,8322.0,5177.25
202411,2135,Acne Treatment,3.0,100.0,38.0
202411,2136,Adhesive Dressing Remover Ster Silicone,1420.0,107213.0,41958.49
202411,2137,Pelvic Toning Devices,17.0,17.0,255.0
202411,2138,Low Friction Products,2271.0,5110.0,57810.08
202411,2139,Prosthetic Adhesives,9.0,168.0,133.14
202411,2140,Bacterial Decolonisation Products,231.0,24892.0,1082.41
202411,2141,Debridement Device,6641.0,81058.0,413360.64
202411,2142,Jaw Rehabilitation Device,112.0,608.0,6478.22
202411,2143,Micro-Enema - Sodium Citrate,58.0,880.0,382.06
202411,2146,Hernia Support Garments,8.0,11.0,412.61
202411,2147,Dev For Fungal Nail Infections,36.0,137.0,677.04
202411,2148,Detection Sensor Interstitial Fluid/Gluc,313394.0,705340.0,24378375.51
202411,2149,Pulsed Electromagnetic Stimulator,33.0,50.0,697.5
202411,2202,Anal Plugs,784.0,30255.0,74881.84
202411,2205,Catheter Valves,12452.0,90714.0,225235.68
202411,2215,Faecal Collectors,287.0,5948.0,14007.340000000002
202411,2220,Incontinence Belts,2.0,2.0,28.08
202411,2230,Incontinence Sheaths,11286.0,459830.0,851588.36
202411,2240,Incontinence Sheath Fixing Strips & Adh,1354.0,41562.0,27962.09
202411,2250,Leg Bags,62182.0,743065.0,2153552.19
202411,2260,Night Drainage Bags,91659.0,2343646.0,1467322.67
202411,2270,Suspensory Systems,2002.0,17263.0,104326.65
202411,2280,Tubing And Accessories,32544.0,229667.0,489482.64
202411,2285,Insert For Female Stress Incont,1025.0,1207.0,47886.65
202411,2290,Urinal Systems,1219.0,8228.0,60145.09
202411,2305,Adhesive Discs/Rings/Pads/Plasters,26930.0,1903318.0,1266133.13
202411,2310,Adhesive (Pastes/Sprays/Solutions),38.0,3058.0,863.37
202411,2315,Adhesive Removers (Sprays/Liquids/Wipes),108745.0,15365076.0,2350033.8
202411,2320,Bag Closures,297.0,12171.0,3917.2
202411,2325,Bag Covers,311.0,1093.0,10201.48
202411,2330,Belts,9936.0,14347.0,538216.3
202411,2335,Colostomy Bags,40358.0,2948575.0,9637152.46
202411,2345,Deodorants,7182.0,1488854.0,96885.23
202411,2346,Discharge Solidifying Agents,2377.0,461289.0,149431.39
202411,2350,Filters/Bridges,290.0,17970.0,16833.16
202411,2355,Flanges,16.0,115.0,2148.56
202411,2360,Ileostomy Bags,68548.0,2748709.0,11720511.22
202411,2370,Irrigation Washout Appliances,3412.0,66464.0,127797.05
202411,2375,Pressure Plates/Shields,81.0,479.0,4119.26
202411,2380,Skin Fillers And Protectives,316418.0,34194179.9,3610089.43
202411,2385,Skin Protectors,28430.0,1184223.0,2466900.51
202411,2390,Stoma Caps/Dressings,1361.0,65261.0,94922.61
202411,2392,Tubing & Accessories,374.0,7206.0,19168.47
202411,2394,Two Piece Ostomy Systems,20213.0,799909.0,2109435.81
202411,2396,Urostomy Bags,14402.0,436936.0,2784589.83
202411,2399,Leakage Notification System,148.0,4171.0,12847.9
202411,301,Bronchodilators,2462899.0,10986932.0,34460231.44
202411,302,Corticosteroids (respiratory),1910540.0,2641035.0,54634811.5
202411,303,"Cromoglycate, leukotriene and phosphodesterase type-4 inhib",405951.0,12210226.0,767391.24
202411,304,"Antihistamines, hyposensitisation and allergic emergencies",1239653.0,59084824.0,8096056.59
202411,307,Mucolytics,348446.0,43795151.0,2068280.29
202411,308,Aromatic inhalations,1.0,100.0,2.38
202411,309,Cough preparations,13538.0,3433359.0,50830.71000000001
202411,310,Systemic nasal decongestants,1186.0,86443.0,9521.75
202411,401,Hypnotics and anxiolytics,1108775.0,33635986.0,7976644.25
202411,402,Drugs used in psychoses and related disorders,1146534.0,39041253.0,14687042.11
202411,403,Antidepressant drugs,7669189.0,280774900.0,18396430.950000003
202411,404,CNS stimulants and drugs used for ADHD,285846.0,11263134.0,13406471.56
202411,405,Drugs used in the treatment of obesity,43964.0,4084979.0,1166869.3
202411,406,Drugs used in nausea and vertigo,524640.0,31884748.0,2958784.12
202411,407,Analgesics,4959610.0,545386053.6,36003452.54
202411,408,Antiepileptic drugs,2743343.0,219161421.0,27430113.93
202411,409,Drugs used in parkinsonism and related disorders,456492.0,35500204.0,9262797.84
202411,410,Drugs used in substance dependence,282289.0,103868133.4,4682676.51
202411,411,Drugs for dementia,400835.0,10152710.0,3336814.05
202411,501,Antibacterial drugs,3195543.0,125214175.5,16073737.22
202411,502,Antifungal drugs,159193.0,4629382.0,979414.32
202411,503,Antiviral drugs,104432.0,5146837.0,1262028.5499999998
202411,504,Antiprotozoal drugs,176195.0,4788130.0,1041034.34
202411,505,Anthelmintics,11453.0,162189.0,360263.05
202411,601,Drugs used in diabetes,6125896.0,333363419.0,137230337.57
202411,602,Thyroid and antithyroid drugs,2919467.0,104432445.0,5298423.94
202411,603,Corticosteroids (endocrine),719818.0,34306315.0,3107086.87
202411,604,Sex Hormones,1434028.0,90393302.5,22101450.43
202411,605,"Hypothalamic and pituitary hormones and anti, oestrogens",31574.0,1505598.0,3246387.7300000004
202411,606,Drugs affecting bone metabolism,509300.0,2598183.0,2737434.95
202411,607,Other endocrine drugs,9577.0,205326.0,537769.96
202411,702,Treatment of vaginal and vulval conditions,356068.0,6840069.5,4901246.51
202411,703,Contraceptives,514686.0,45476036.0,4711706.8100000005
202411,704,Drugs for genito-urinary disorders,2029058.0,60645083.0,13476156.84
202411,705,Other drugs for gynaecological conditions,108.0,3840.0,6144.0
202411,801,Cytotoxic drugs,16001.0,669342.0,557379.65
202411,802,Drugs affecting the immune response,88322.0,6681315.0,2343838.73
202411,803,Sex hormones and hormone antagonists in malignant disease,274511.0,7608260.0,11508636.62
202411,901,Anaemias and some other blood disorders,2029469.0,83463867.0,4761657.18
202411,902,Fluids and electrolytes,104941.0,7808624.0,1395963.02
202411,904,Oral nutrition (OLD - DO NOT USE),724.0,15171044.0,427955.36
202411,905,Minerals,205632.0,33813129.0,4240744.48
202411,906,Vitamins,2919968.0,128670366.2,11480041.84
202411,908,Metabolic disorders,226.0,79491.0,138015.47999999998
202411,909,Foods,1.0,800.0,12.28
202411,910,Compound vitamin and mineral formulations,10738.0,338665.0,31776.74
202411,911,Health supplements,1072.0,126373.0,60093.37
202411,912,Other health supplements,12716.0,421029.0,57167.7
202411,913,Oral nutrition,564117.0,2183924511.5,40576539.34
202411,914,Enteral nutrition,28580.0,576190818.0,11703687.34
202412,1001,Drugs used in rheumatic diseases and gout,1923681.0,85603989.0,7290712.66
202412,1002,Drugs used in neuromuscular disorders,154229.0,24842516.0,1048838.09
202412,1003,Drugs for soft-tissue disorders and topical pain relief,575054.0,62472529.0,3871952.97
202412,101,Dyspepsia and gastro-oesophageal reflux disease,376057.0,196807069.0,2989421.94
202412,102,Antispasmodics and other drugs altering gut motility,421219.0,35468402.0,5696917.22
202412,103,Antisecretory drugs and mucosal protectants,6933841.0,246768582.0,22824119.16
202412,104,Acute diarrhoea,144538.0,12798126.0,731937.0
202412,105,Chronic bowel disorders,224946.0,26545232.0,13438005.57
202412,106,Laxatives,1701869.0,208637283.0,11976396.13
202412,107,Local preparations for anal and rectal disorders,106895.0,2828008.0,825145.53
202412,109,Drugs affecting intestinal secretions,96420.0,20963146.0,6216340.61
202412,1103,Anti-infective eye preparations,97197.0,924766.5,691620.94
202412,1104,Corticosteroids and other anti-inflammatory preparations,156040.0,2876699.0,2336375.0700000003
202412,1105,Mydriatics and cycloplegics,7268.0,185124.0,374171.21
202412,1106,Treatment of glaucoma,844823.0,15178483.5,9096210.47
202412,1107,Local anaesthetics,29.0,728.0,467.05
202412,1108,Miscellaneous ophthalmic preparations,177873.0,5354844.5,1880880.24
202412,1201,Drugs acting on the ear,166980.0,1182992.0,914515.77
202412,1202,Drugs acting on the nose,708470.0,3065835.0,6964087.65
202412,1203,Drugs acting on the oropharynx,86137.0,16079018.7,444355.49
202412,1301,Management of skin conditions,2969.0,1689331.0,15447.1
202412,1302,Emollient and barrier preparations,483077.0,255308585.0,4060769.43
202412,1303,Topical local anaesthetics and antipruritics,28764.0,7956931.0,322531.01
202412,1304,Topical corticosteroids,877085.0,48500391.0,6245100.470000001
202412,1305,Preparations for eczema and psoriasis,152599.0,12115601.0,6690668.609999999
202412,1306,Acne and rosacea,136770.0,6433093.0,2534636.99
202412,1307,Preparations for warts and calluses,7463.0,104533.0,127502.09
202412,1308,Sunscreens and camouflagers,32922.0,1707652.0,1190403.42
202412,1309,Shampoos and other preparations for scalp and hair conditions,103062.0,19994200.0,1697551.02
202412,1310,Anti-infective skin preparations,277860.0,9649024.5,1909097.66
202412,1311,"Skin cleansers,antiseptics and desloughing agents",18562.0,9071976.0,201409.21
202412,1312,Antiperspirants,3175.0,191525.0,28534.11
202412,1313,Wound management products,1403.0,15013.0,59700.82
202412,1314,Topical circulatory preparations,5697.0,365754.0,29195.1
202412,1315,Miscellaneous topical preparations,135.0,22215.0,15259.36
202412,1404,Vaccines and antisera,1127327.0,1128409.0,15094112.6
202412,1405,Immunoglobulins,9.0,9.0,5400.0
202412,1501,General anaesthesia,37064.0,3140990.5,376523.81
202412,1502,Local anaesthesia,109122.0,1903175.0,1763475.54
202412,1803,X-Ray contrast media,6.0,7000.0,1225.0
202412,1902,Selective preparations,56672.0,11939782.0,1022348.13
202412,1904,Single substances,116.0,129130.0,1340.61
202412,1905,Other preparations,773.0,38383.0,9637.13
202412,1906,Acids,335.0,117468.0,13557.330000000002
202412,1908,"Colouring,flavouring and sweetening agents",4.0,600.0,142.48
202412,1914,Waters,966.0,8797968.0,8185.12
202412,2001,Absorbent Cottons,55.0,42525.0,530.3100000000001
202412,2002,Arm Sling/Bandages,37275.0,501793.0,1004715.16
202412,2003,Wound Management & Other Dressings,279730.0,5189132.1,10434096.78
202412,2004,Gauzes & Gauze Tissue,6794.0,290131.0,203213.07
202412,2005,Tracheostomy & Laryngectomy Appliances,16644.0,961985.0,1672534.11
202412,2007,Lints,16.0,17750.0,494.7
202412,2009,Stockinette,33398.0,291519.0,476194.96
202412,201,Positive inotropic drugs,217692.0,5735829.0,525935.75
202412,2010,Surgical Adhesive Tape,15689.0,216848.0,78248.16
202412,2011,Surgical Sutures,6254.0,8216.0,17163.36
202412,2012,Swabs,19807.0,4029724.0,86075.59
202412,2014,"Skin Closure Strips, Sterile",7042.0,31731.0,7802.049999999999
202412,2015,"Skin Adhesive, Sterile",53.0,37.0,445.75
202412,202,Diuretics,2572885.0,84689081.0,5590493.86
202412,2020,Silk Garments,432.0,1282.0,23921.93
202412,203,Anti-arrhythmic drugs,78640.0,4237573.0,587048.75
202412,204,Beta-adrenoceptor blocking drugs,3799361.0,146227008.0,6141689.699999999
202412,205,Hypertension and heart failure,6983175.0,257970035.0,24506383.66
202412,206,"Nitrates, calcium-channel blockers & other antianginal drugs",5256720.0,186321625.0,14532857.47
202412,207,Sympathomimetics and other vasoconstrictor drugs,24944.0,1829638.0,469425.81
202412,208,Anticoagulants and protamine,1918019.0,84090963.0,30930854.42
202412,209,Antiplatelet drugs,2803760.0,84609840.0,5208971.87
202412,2101,Other Appliances,936885.0,78145146.0,5530067.13
202412,2102,Catheters,124381.0,8868849.0,17269545.37
202412,2103,Chiropody Appliances,137.0,2508.0,2221.52
202412,2104,Contraceptive Devices,2523.0,2547.0,29768.08
202412,2106,Trusses,56.0,58.0,1794.3200000000002
202412,2107,Elastic Hosiery,32137.0,88560.0,631852.97
202412,211,Antifibrinolytic drugs and haemostatics,50080.0,3073337.0,255214.98
202412,2112,Peak Flow Meters,28045.0,28163.0,149945.33
202412,2113,Catheter Maintenance Products,20528.0,12519320.0,761468.8200000001
202412,2114,Lubricant Gels,27469.0,1817766.5,100518.14
202412,2116,Irrigation Solutions,34401.0,697653.0,293132.04
202412,2118,Erectile Dysfunction Devices,1983.0,4208.0,232780.21
202412,2119,Oral Film Forming Agents,1024.0,91578.0,36937.4
202412,212,Lipid-regulating drugs,8576602.0,283663543.0,19821582.72
202412,2120,Venous Ulcer Compression System,7507.0,25523.0,431686.98
202412,2121,Dry Mouth Products,40987.0,4200774.0,259696.73
202412,2122,Emollients,841688.0,448541923.0,5093782.02
202412,2123,Vaginal Moisturisers,25812.0,1132075.0,254821.8
202412,2124,Nasal Products,32777.0,2104505.0,112017.76
202412,2125,Vaginal Dilators,275.0,283.0,8692.97
202412,2127,Lymphoedema Garments,49054.0,132156.0,3757919.62
202412,2128,Anal Irrigation System,19166.0,61393.0,3783387.22
202412,2129,Pressure Offloading Device,1982.0,3362.0,68075.65
202412,213,Local sclerosants,1.0,1.0,4.54
202412,2130,Eye Products,760683.0,11127058.0,5859640.81
202412,2131,Cycloidal Vibration Accessories,1.0,60.0,300.0
202412,2132,Inhalation Solutions,8865.0,588511.0,217089.57
202412,2133,Indwelling Pleural Cath Drain System,883.0,9430.0,283348.87
202412,2134,Vaginal PH Correction Products,544.0,8666.0,5499.75
202412,2135,Acne Treatment,2.0,50.0,26.0
202412,2136,Adhesive Dressing Remover Ster Silicone,1356.0,106233.0,40447.82
202412,2137,Pelvic Toning Devices,9.0,9.0,135.0
202412,2138,Low Friction Products,2011.0,4532.0,49421.57
202412,2139,Prosthetic Adhesives,12.0,216.0,171.17999999999998
202412,2140,Bacterial Decolonisation Products,202.0,24984.0,1042.9199999999998
202412,2141,Debridement Device,6194.0,75732.0,375000.81
202412,2142,Jaw Rehabilitation Device,101.0,515.0,5055.25
202412,2143,Micro-Enema - Sodium Citrate,38.0,695.0,301.75
202412,2146,Hernia Support Garments,7.0,11.0,412.61
202412,2147,Dev For Fungal Nail Infections,43.0,163.0,895.7099999999999
202412,2148,Detection Sensor Interstitial Fluid/Gluc,325720.0,733570.0,25435862.53
202412,2149,Pulsed Electromagnetic Stimulator,31.0,42.0,585.9
202412,2202,Anal Plugs,751.0,29753.0,73716.43000000001
202412,2205,Catheter Valves,12847.0,92813.0,232252.37
202412,2215,Faecal Collectors,310.0,6435.0,15500.28
202412,2220,Incontinence Belts,3.0,3.0,42.12
202412,2230,Incontinence Sheaths,11869.0,486526.0,899708.8
202412,2240,Incontinence Sheath Fixing Strips & Adh,1561.0,48591.0,31941.64
202412,2250,Leg Bags,65303.0,777122.0,2260331.92
202412,2260,Night Drainage Bags,94938.0,2437142.0,1515826.86
202412,2270,Suspensory Systems,1894.0,16658.0,99586.0
202412,2280,Tubing And Accessories,33812.0,243102.0,509654.21
202412,2285,Insert For Female Stress Incont,942.0,1148.0,46166.56
202412,2290,Urinal Systems,1172.0,8312.0,61555.850000000006
202412,2305,Adhesive Discs/Rings/Pads/Plasters,28020.0,1971843.0,1310153.32
202412,2310,Adhesive (Pastes/Sprays/Solutions),54.0,4894.0,1131.13
202412,2315,Adhesive Removers (Sprays/Liquids/Wipes),110475.0,15766206.0,2405540.85
202412,2320,Bag Closures,302.0,13045.0,3671.52
202412,2325,Bag Covers,187.0,658.0,5859.68
202412,2330,Belts,9156.0,13173.0,457974.99
202412,2335,Colostomy Bags,40919.0,2993294.0,9813635.01
202412,2345,Deodorants,7469.0,1545665.0,102247.74
202412,2346,Discharge Solidifying Agents,2324.0,445230.0,144847.97
202412,2350,Filters/Bridges,275.0,15467.0,15195.73
202412,2355,Flanges,19.0,91.0,1600.56
202412,2360,Ileostomy Bags,70893.0,2862466.0,12226352.87
202412,2370,Irrigation Washout Appliances,3397.0,71397.0,137600.31
202412,2375,Pressure Plates/Shields,80.0,396.0,3439.33
202412,2380,Skin Fillers And Protectives,325655.0,35368457.2,3743814.33
202412,2385,Skin Protectors,29283.0,1230565.0,2550797.5
202412,2390,Stoma Caps/Dressings,1371.0,66231.0,96276.16
202412,2392,Tubing & Accessories,430.0,7744.0,20689.0
202412,2394,Two Piece Ostomy Systems,20875.0,825252.0,2177035.7800000003
202412,2396,Urostomy Bags,14910.0,448313.0,2858203.58
202412,2399,Leakage Notification System,128.0,3504.0,11060.8
202412,301,Bronchodilators,2542159.0,11308038.0,35821535.94
202412,302,Corticosteroids (respiratory),1980944.0,2758895.0,56917168.870000005
202412,303,"Cromoglycate, leukotriene and phosphodesterase type-4 inhib",417907.0,12561482.0,788638.62
202412,304,"Antihistamines, hyposensitisation and allergic emergencies",1246025.0,58696778.0,8128257.84
202412,307,Mucolytics,364131.0,45646251.0,2186748.71
202412,309,Cough preparations,15184.0,3801888.0,99273.04
202412,310,Systemic nasal decongestants,1336.0,102483.0,9858.66
202412,311,Antifibrotics,2.0,175.0,1394.21
202412,401,Hypnotics and anxiolytics,1140073.0,34804490.0,8190927.07
202412,402,Drugs used in psychoses and related disorders,1180215.0,39964006.0,14928645.45
202412,403,Antidepressant drugs,7864966.0,288960010.0,19118618.48
202412,404,CNS stimulants and drugs used for ADHD,292502.0,11614017.0,13759986.26
202412,405,Drugs used in the treatment of obesity,41023.0,3784271.0,1081141.27
202412,406,Drugs used in nausea and vertigo,537020.0,32628241.0,3444859.96
202412,407,Analgesics,5093299.0,563453876.6,37345089.01
202412,408,Antiepileptic drugs,2839654.0,227361265.0,28982004.93
202412,409,Drugs used in parkinsonism and related disorders,472527.0,36942662.0,9454267.63
202412,410,Drugs used in substance dependence,306653.0,111268961.2,4974056.35
202412,411,Drugs for dementia,413948.0,10513297.0,2956975.65
202412,501,Antibacterial drugs,3585153.0,140603329.0,17269441.35
202412,502,Antifungal drugs,153460.0,4430026.0,944791.46
202412,503,Antiviral drugs,116961.0,5466317.0,1383314.79
202412,504,Antiprotozoal drugs,180530.0,4917078.0,1077570.45
202412,505,Anthelmintics,11552.0,156532.0,430583.22
202412,601,Drugs used in diabetes,6326855.0,343547589.0,142925832.89000002
202412,602,Thyroid and antithyroid drugs,3012651.0,107938060.0,5541684.949999999
202412,603,Corticosteroids (endocrine),796258.0,37530082.0,3322215.79
202412,604,Sex Hormones,1457008.0,91603622.5,22194026.68
202412,605,"Hypothalamic and pituitary hormones and anti, oestrogens",31961.0,1537661.0,3333975.05
202412,606,Drugs affecting bone metabolism,522429.0,2667892.0,2743435.19
202412,607,Other endocrine drugs,9724.0,202420.0,536950.12
202412,702,Treatment of vaginal and vulval conditions,350536.0,6765932.0,4818154.46
202412,703,Contraceptives,508892.0,44212979.0,4517399.720000001
202412,704,Drugs for genito-urinary disorders,2085637.0,62401965.0,13983046.25
202412,705,Other drugs for gynaecological conditions,116.0,4272.0,6835.2
202412,801,Cytotoxic drugs,16913.0,713038.0,571695.63
202412,802,Drugs affecting the immune response,90863.0,6857515.0,2352299.55
202412,803,Sex hormones and hormone antagonists in malignant disease,283502.0,7851101.0,11971449.12
202412,901,Anaemias and some other blood disorders,2083888.0,82709738.0,4804095.09
202412,902,Fluids and electrolytes,110538.0,8116931.0,1525180.9500000002
202412,904,Oral nutrition (OLD - DO NOT USE),870.0,18154602.0,514965.0900000001
202412,905,Minerals,191028.0,30180322.0,3917373.3
202412,906,Vitamins,3001061.0,132263752.9,11887116.6
202412,908,Metabolic disorders,230.0,81439.0,148434.77000000002
202412,910,Compound vitamin and mineral formulations,11398.0,351176.0,33237.17
202412,911,Health supplements,1076.0,121851.0,60534.68
202412,912,Other health supplements,12481.0,415363.0,58229.45
202412,913,Oral nutrition,564209.0,2207936534.0,41279884.34
202412,914,Enteral nutrition,29841.0,607998311.0,12309920.69
202501,1001,Drugs used in rheumatic diseases and gout,1989391.0,87942744.0,7023639.05
202501,1002,Drugs used in neuromuscular disorders,157641.0,25444176.0,917861.96
202501,1003,Drugs for soft-tissue disorders and topical pain relief,603542.0,65550862.0,3746276.09
202501,101,Dyspepsia and gastro-oesophageal reflux disease,389537.0,202840003.0,3067423.8
202501,102,Antispasmodics and other drugs altering gut motility,431620.0,36204282.0,5646862.46
202501,103,Antisecretory drugs and mucosal protectants,7085722.0,251124916.0,22749615.05
202501,104,Acute diarrhoea,146388.0,12938237.0,746961.5800000001
202501,105,Chronic bowel disorders,228881.0,26924765.0,12171804.35
202501,106,Laxatives,1766100.0,215913446.0,13100246.63
202501,107,Local preparations for anal and rectal disorders,114999.0,2998352.0,933067.13
202501,109,Drugs affecting intestinal secretions,101015.0,22504461.0,6712104.109999999
202501,110,Drugs for hepatic disorders,10.0,870.0,5583.03
202501,1103,Anti-infective eye preparations,107769.0,1008426.5,723324.23
202501,1104,Corticosteroids and other anti-inflammatory preparations,159776.0,2959736.0,2505609.92
202501,1105,Mydriatics and cycloplegics,7508.0,194039.0,292235.35
202501,1106,Treatment of glaucoma,867086.0,15547863.5,9202253.15
202501,1107,Local anaesthetics,37.0,735.0,466.08
202501,1108,Miscellaneous ophthalmic preparations,174772.0,5320789.0,1897485.6
202501,1201,Drugs acting on the ear,167634.0,1145907.0,908294.6
202501,1202,Drugs acting on the nose,759425.0,3343063.0,7543003.43
202501,1203,Drugs acting on the oropharynx,84582.0,16580245.3,431069.09
202501,1301,Management of skin conditions,3048.0,1728790.0,15904.94
202501,1302,Emollient and barrier preparations,528424.0,278999129.0,4446497.37
202501,1303,Topical local anaesthetics and antipruritics,31756.0,8806779.0,357515.15
202501,1304,Topical corticosteroids,1002428.0,55023106.0,7199171.63
202501,1305,Preparations for eczema and psoriasis,170342.0,13499577.0,7504383.73
202501,1306,Acne and rosacea,155676.0,7306886.0,2940212.27
202501,1307,Preparations for warts and calluses,9063.0,116437.0,142185.22
202501,1308,Sunscreens and camouflagers,35100.0,1844357.0,1274503.5499999998
202501,1309,Shampoos and other preparations for scalp and hair conditions,114278.0,22039905.0,1988883.81
202501,1310,Anti-infective skin preparations,311408.0,10932532.5,2074961.1
202501,1311,"Skin cleansers,antiseptics and desloughing agents",19395.0,9569039.0,220666.04
202501,1312,Antiperspirants,3412.0,193505.0,26989.52
202501,1313,Wound management products,1498.0,15362.0,61064.16
202501,1314,Topical circulatory preparations,5937.0,374590.0,29905.5
202501,1315,Miscellaneous topical preparations,114.0,16495.0,10843.9
202501,1404,Vaccines and antisera,696873.0,698196.0,9411612.0
202501,1405,Immunoglobulins,5.0,5.0,2850.0
202501,1501,General anaesthesia,40101.0,15160556.0,420339.79
202501,1502,Local anaesthesia,123999.0,1920498.5,1812230.62
202501,1803,X-Ray contrast media,5.0,4200.0,735.0
202501,1902,Selective preparations,44223.0,11952888.0,779324.65
202501,1904,Single substances,121.0,105664.0,4404.93
202501,1905,Other preparations,766.0,40387.0,9944.48
202501,1906,Acids,415.0,148972.0,17677.35
202501,1908,"Colouring,flavouring and sweetening agents",2.0,300.0,71.24
202501,1914,Waters,974.0,9411452.0,8906.5
202501,2001,Absorbent Cottons,66.0,56400.0,706.3100000000001
202501,2002,Arm Sling/Bandages,41781.0,564989.0,1147325.61
202501,2003,Wound Management & Other Dressings,307842.0,5661140.6,11501700.23
202501,2004,Gauzes & Gauze Tissue,7200.0,277441.0,216186.41
202501,2005,Tracheostomy & Laryngectomy Appliances,18179.0,1039842.0,1769243.25
202501,2006,Foam,2.0,8.0,44.2
202501,2007,Lints,10.0,11225.0,312.39
202501,2009,Stockinette,37472.0,324045.0,538324.7
202501,201,Positive inotropic drugs,219577.0,5746288.0,463160.3000000001
202501,2010,Surgical Adhesive Tape,17399.0,238901.5,83157.23999999999
202501,2011,Surgical Sutures,7855.0,11099.0,23939.43
202501,2012,Swabs,20766.0,4141207.0,89893.51999999999
202501,2014,"Skin Closure Strips, Sterile",8106.0,35682.0,9001.04
202501,2015,"Skin Adhesive, Sterile",61.0,53.5,650.92
202501,202,Diuretics,2601401.0,85135566.0,5172540.48
202501,2020,Silk Garments,517.0,1655.0,31293.66
202501,203,Anti-arrhythmic drugs,78831.0,4227118.0,550003.83
202501,204,Beta-adrenoceptor blocking drugs,3862975.0,148586726.0,5973648.63
202501,205,Hypertension and heart failure,7091568.0,261025790.0,24333201.5
202501,206,"Nitrates, calcium-channel blockers & other antianginal drugs",5359054.0,189009164.0,14623128.89
202501,207,Sympathomimetics and other vasoconstrictor drugs,25382.0,1858181.0,357411.46
202501,208,Anticoagulants and protamine,1932152.0,84365524.0,29532089.730000004
202501,209,Antiplatelet drugs,2838366.0,85351367.0,5354433.94
202501,2101,Other Appliances,965011.0,80161461.0,5628328.48
202501,2102,Catheters,135057.0,9123670.0,17930846.049999997
202501,2103,Chiropody Appliances,143.0,2002.0,1836.81
202501,2104,Contraceptive Devices,2697.0,2740.0,32309.35
202501,2106,Trusses,70.0,74.0,2365.31
202501,2107,Elastic Hosiery,35180.0,96413.0,694626.03
202501,211,Antifibrinolytic drugs and haemostatics,55096.0,3361150.0,277285.03
202501,2112,Peak Flow Meters,31004.0,31113.0,166146.96000000002
202501,2113,Catheter Maintenance Products,22313.0,13579390.0,827395.79
202501,2114,Lubricant Gels,31037.0,2122425.5,117490.02
202501,2116,Irrigation Solutions,37344.0,772239.0,307612.05
202501,2118,Erectile Dysfunction Devices,2173.0,4664.0,249654.96
202501,2119,Oral Film Forming Agents,1130.0,96820.0,42376.69
202501,212,Lipid-regulating drugs,8747152.0,288633661.0,17334812.14
202501,2120,Venous Ulcer Compression System,8337.0,28323.0,480421.61
202501,2121,Dry Mouth Products,42793.0,4345162.0,270075.53
202501,2122,Emollients,942861.0,501177121.0,5710426.87
202501,2123,Vaginal Moisturisers,27318.0,1212208.0,271192.12
202501,2124,Nasal Products,32453.0,2125119.0,112651.08
202501,2125,Vaginal Dilators,216.0,229.0,6820.02
202501,2127,Lymphoedema Garments,55411.0,149444.0,4268620.86
202501,2128,Anal Irrigation System,19830.0,62816.0,3863247.56
202501,2129,Pressure Offloading Device,2237.0,3725.0,76597.15
202501,213,Local sclerosants,1.0,1.0,4.54
202501,2130,Eye Products,778825.0,11392551.0,6007292.5600000005
202501,2132,Inhalation Solutions,9094.0,601749.0,223221.48
202501,2133,Indwelling Pleural Cath Drain System,873.0,9145.0,275832.16000000003
202501,2134,Vaginal PH Correction Products,550.0,9342.0,5845.5
202501,2135,Acne Treatment,5.0,175.0,91.0
202501,2136,Adhesive Dressing Remover Ster Silicone,1467.0,110453.0,43554.880000000005
202501,2137,Pelvic Toning Devices,19.0,23.0,345.0
202501,2138,Low Friction Products,2553.0,5882.0,62392.18000000001
202501,2139,Prosthetic Adhesives,14.0,252.0,199.71
202501,2140,Bacterial Decolonisation Products,245.0,31348.0,1192.5700000000002
202501,2141,Debridement Device,7055.0,86758.0,434537.46
202501,2142,Jaw Rehabilitation Device,121.0,766.0,6965.06
202501,2143,Micro-Enema - Sodium Citrate,62.0,893.0,387.69000000000005
202501,2146,Hernia Support Garments,8.0,10.0,375.1
202501,2147,Dev For Fungal Nail Infections,40.0,201.0,792.92
202501,2148,Detection Sensor Interstitial Fluid/Gluc,341714.0,767610.0,26720373.82
202501,2149,Pulsed Electromagnetic Stimulator,27.0,44.0,613.8000000000001
202501,2202,Anal Plugs,785.0,30082.0,74776.4
202501,2205,Catheter Valves,13892.0,98790.0,247780.21
202501,2215,Faecal Collectors,285.0,6114.0,14704.33
202501,2220,Incontinence Belts,2.0,2.0,20.83
202501,2230,Incontinence Sheaths,12507.0,507122.0,941944.92
202501,2240,Incontinence Sheath Fixing Strips & Adh,1596.0,48437.0,32348.33
202501,2250,Leg Bags,70493.0,833656.0,2422908.2
202501,2260,Night Drainage Bags,102002.0,2603777.0,1615576.57
202501,2270,Suspensory Systems,2226.0,19447.0,115382.3
202501,2280,Tubing And Accessories,36888.0,265458.0,558654.39
202501,2285,Insert For Female Stress Incont,1036.0,1185.0,47045.83
202501,2290,Urinal Systems,1218.0,9211.0,60652.03
202501,2305,Adhesive Discs/Rings/Pads/Plasters,28357.0,1977686.0,1316931.4
202501,2310,Adhesive (Pastes/Sprays/Solutions),63.0,4402.0,1109.29
202501,2315,Adhesive Removers (Sprays/Liquids/Wipes),114435.0,16075143.0,2459677.3
202501,2320,Bag Closures,275.0,12918.0,3393.34
202501,2325,Bag Covers,255.0,884.0,8419.05
202501,2330,Belts,10321.0,14929.0,531298.73
202501,2335,Colostomy Bags,41914.0,3003402.0,9858714.84
202501,2345,Deodorants,7334.0,1519294.0,100236.7
202501,2346,Discharge Solidifying Agents,2293.0,429820.0,141039.78
202501,2350,Filters/Bridges,203.0,13291.0,10008.990000000002
202501,2355,Flanges,16.0,62.0,1043.1
202501,2360,Ileostomy Bags,72310.0,2861050.0,12228673.76
202501,2370,Irrigation Washout Appliances,3475.0,70022.0,126664.29
202501,2375,Pressure Plates/Shields,83.0,344.0,3357.69
202501,2380,Skin Fillers And Protectives,341933.0,37081178.1,3883928.94
202501,2385,Skin Protectors,29728.0,1225305.0,2560577.69
202501,2390,Stoma Caps/Dressings,1433.0,67281.0,98011.38
202501,2392,Tubing & Accessories,388.0,7587.0,20157.47
202501,2394,Two Piece Ostomy Systems,20424.0,791740.0,2098893.7800000003
202501,2396,Urostomy Bags,14561.0,431111.0,2756390.1
202501,2399,Leakage Notification System,146.0,3828.0,12390.8
202501,301,Bronchodilators,2220650.0,10961306.0,21141727.84
202501,302,Corticosteroids (respiratory),2306226.0,3154866.0,72577215.93
202501,303,"Cromoglycate, leukotriene and phosphodesterase type-4 inhib",426515.0,12776056.0,665390.36
202501,304,"Antihistamines, hyposensitisation and allergic emergencies",1307245.0,62003375.0,8349333.890000001
202501,307,Mucolytics,373240.0,46853129.0,2022932.61
202501,309,Cough preparations,15283.0,3823056.0,119860.13
202501,310,Systemic nasal decongestants,1369.0,94570.0,10563.46
202501,311,Antifibrotics,1.0,112.0,892.31
202501,401,Hypnotics and anxiolytics,1173472.0,35908528.0,7779804.61
202501,402,Drugs used in psychoses and related disorders,1205858.0,40812369.0,15075099.03
202501,403,Antidepressant drugs,8104198.0,296904392.0,19171254.89
202501,404,CNS stimulants and drugs used for ADHD,309823.0,12033177.0,14378422.39
202501,405,Drugs used in the treatment of obesity,44849.0,4179694.0,1193553.98
202501,406,Drugs used in nausea and vertigo,553275.0,33376195.0,3150119.22
202501,407,Analgesics,5195546.0,572234281.4000001,36736184.41
202501,408,Antiepileptic drugs,2879705.0,230153076.0,28653836.46
202501,409,Drugs used in parkinsonism and related disorders,478921.0,37197798.0,9365691.1
202501,410,Drugs used in substance dependence,301016.0,107977391.0,5332729.45
202501,411,Drugs for dementia,420831.0,10603420.0,3030631.6100000003
202501,501,Antibacterial drugs,3463318.0,124567253.0,16545380.17
202501,502,Antifungal drugs,161108.0,4678076.0,965705.41
202501,503,Antiviral drugs,125602.0,5675486.0,1426853.71
202501,504,Antiprotozoal drugs,180582.0,4896145.0,832312.4
202501,505,Anthelmintics,12986.0,171296.0,565429.21
202501,601,Drugs used in diabetes,6466095.0,348862329.0,145875088.38
202501,602,Thyroid and antithyroid drugs,3057157.0,109299651.0,5535015.04
202501,603,Corticosteroids (endocrine),771191.0,36774501.0,3290937.2800000003
202501,604,Sex Hormones,1506544.0,95583520.0,22605485.6
202501,605,"Hypothalamic and pituitary hormones and anti, oestrogens",32288.0,1569336.0,3292293.55
202501,606,Drugs affecting bone metabolism,526591.0,2682753.0,3048861.37
202501,607,Other endocrine drugs,10415.0,229123.0,582987.83
202501,702,Treatment of vaginal and vulval conditions,370473.0,7155915.0,5417657.0
202501,703,Contraceptives,564289.0,49431969.0,5232704.529999999
202501,704,Drugs for genito-urinary disorders,2128529.0,63675661.0,14243526.46
202501,705,Other drugs for gynaecological conditions,127.0,4200.0,6720.0
202501,801,Cytotoxic drugs,17046.0,705144.0,494836.59
202501,802,Drugs affecting the immune response,91752.0,6895858.0,2383787.4
202501,803,Sex hormones and hormone antagonists in malignant disease,290511.0,7904948.0,12853920.49
202501,901,Anaemias and some other blood disorders,2166399.0,86256110.0,5091396.140000001
202501,902,Fluids and electrolytes,114416.0,8173410.0,1512260.2
202501,903,Intravenous nutrition,1.0,40.0,110.0
202501,905,Minerals,208392.0,33705397.0,4192470.84
202501,906,Vitamins,3082952.0,135268748.5,12342133.86
202501,908,Metabolic disorders,252.0,88666.0,165258.45
202501,909,Foods,3.0,8000.0,86.4
202501,910,Compound vitamin and mineral formulations,11539.0,360797.0,33587.04
202501,911,Health supplements,1169.0,148025.0,68361.19
202501,912,Other health supplements,11633.0,379446.0,53384.83
202501,913,Oral nutrition,587295.0,2290082962.0,42604702.37
202501,914,Enteral nutrition,29867.0,610582493.0,12540965.89
202502,1001,Drugs used in rheumatic diseases and gout,1780758.0,78466459.0,6287683.12
202502,1002,Drugs used in neuromuscular disorders,141226.0,22739759.0,809660.4400000001
202502,1003,Drugs for soft-tissue disorders and topical pain relief,544473.0,59008004.0,3277171.16
202502,101,Dyspepsia and gastro-oesophageal reflux disease,344218.0,179190919.0,2680398.42
202502,102,Antispasmodics and other drugs altering gut motility,380978.0,31939861.0,4952205.68
202502,103,Antisecretory drugs and mucosal protectants,6337266.0,223524457.0,20383761.16
202502,104,Acute diarrhoea,129254.0,11363093.0,660889.28
202502,105,Chronic bowel disorders,203998.0,23918961.0,10834164.11
202502,106,Laxatives,1580960.0,191835181.0,12219007.95
202502,107,Local preparations for anal and rectal disorders,111737.0,2937300.0,864907.1399999999
202502,109,Drugs affecting intestinal secretions,90787.0,20218537.0,6118540.41
202502,110,Drugs for hepatic disorders,8.0,1030.0,9873.73
202502,1103,Anti-infective eye preparations,110210.0,1027244.5,618928.73
202502,1104,Corticosteroids and other anti-inflammatory preparations,146747.0,2700483.5,2288114.73
202502,1105,Mydriatics and cycloplegics,6731.0,168608.0,260856.33
202502,1106,Treatment of glaucoma,773756.0,13980888.5,8372534.07
202502,1107,Local anaesthetics,32.0,658.0,417.57
202502,1108,Miscellaneous ophthalmic preparations,156266.0,4704745.5,1702246.25
202502,1201,Drugs acting on the ear,153377.0,1083378.0,834081.26
202502,1202,Drugs acting on the nose,684399.0,3018557.0,6792484.789999999
202502,1203,Drugs acting on the oropharynx,77636.0,15085484.6,391816.56000000006
202502,1301,Management of skin conditions,2802.0,1597270.0,14706.23
202502,1302,Emollient and barrier preparations,471182.0,248129707.0,3961534.1
202502,1303,Topical local anaesthetics and antipruritics,29195.0,8112314.0,332515.62
202502,1304,Topical corticosteroids,891879.0,48696494.0,6482566.99
202502,1305,Preparations for eczema and psoriasis,152761.0,12072044.0,6644265.83
202502,1306,Acne and rosacea,137694.0,6480028.0,2562677.52
202502,1307,Preparations for warts and calluses,8483.0,106445.0,156847.76
202502,1308,Sunscreens and camouflagers,34406.0,1808010.0,1266823.32
202502,1309,Shampoos and other preparations for scalp and hair conditions,102358.0,19663197.0,1778023.68
202502,1310,Anti-infective skin preparations,288006.0,9955235.0,1893682.36
202502,1311,"Skin cleansers,antiseptics and desloughing agents",17779.0,8820662.0,205282.62
202502,1312,Antiperspirants,3249.0,190155.0,35179.16
202502,1313,Wound management products,1344.0,14531.0,57760.95
202502,1314,Topical circulatory preparations,5730.0,367518.0,29330.58
202502,1315,Miscellaneous topical preparations,134.0,23594.0,14256.77
202502,1404,Vaccines and antisera,397897.0,399254.0,5436416.279999999
202502,1405,Immunoglobulins,1.0,1.0,300.0
202502,1501,General anaesthesia,33938.0,7307643.0,365437.42
202502,1502,Local anaesthesia,112576.0,1712600.0,1603739.06
202502,1803,X-Ray contrast media,7.0,7200.0,1260.0
202502,1902,Selective preparations,42823.0,10883239.0,740073.44
202502,1904,Single substances,107.0,108575.0,1192.17
202502,1905,Other preparations,668.0,34663.0,8676.34
202502,1906,Acids,357.0,110621.0,12745.09
202502,1907,"Base,diluent, suspending agents and stabilisers",2.0,840.0,2.26
202502,1908,"Colouring,flavouring and sweetening agents",4.0,500.0,113.2
202502,1914,Waters,903.0,9208660.0,9652.22
202502,2001,Absorbent Cottons,51.0,38150.0,493.26
202502,2002,Arm Sling/Bandages,34747.0,464471.0,933301.6
202502,2003,Wound Management & Other Dressings,264856.0,4871262.3,10034501.53
202502,2004,Gauzes & Gauze Tissue,6148.0,264897.0,186396.63
202502,2005,Tracheostomy & Laryngectomy Appliances,16342.0,897989.0,1565083.24
202502,2006,Foam,1.0,4.0,22.1
202502,2007,Lints,16.0,14425.0,415.88
202502,2009,Stockinette,31818.0,270512.5,463527.26
202502,201,Positive inotropic drugs,197214.0,5151648.0,415119.32
202502,2010,Surgical Adhesive Tape,14532.0,199447.5,74739.72
202502,2011,Surgical Sutures,6633.0,8924.0,17950.35
202502,2012,Swabs,18166.0,3707261.0,80813.89
202502,2014,"Skin Closure Strips, Sterile",6903.0,28983.0,7355.610000000001
202502,2015,"Skin Adhesive, Sterile",50.0,46.0,538.76
202502,202,Diuretics,2340547.0,76346243.0,4677491.4
202502,2020,Silk Garments,429.0,1385.0,26472.19
202502,203,Anti-arrhythmic drugs,70316.0,3783369.0,518495.88
202502,204,Beta-adrenoceptor blocking drugs,3469254.0,132990404.0,5342776.25
202502,205,Hypertension and heart failure,6386743.0,234386620.0,21841618.520000003
202502,206,"Nitrates, calcium-channel blockers & other antianginal drugs",4833785.0,170245872.0,13282719.23
202502,207,Sympathomimetics and other vasoconstrictor drugs,22892.0,1658892.0,315746.68
202502,208,Anticoagulants and protamine,1738825.0,75900864.0,26272398.92
202502,209,Antiplatelet drugs,2546885.0,76327533.0,4794001.82
202502,2101,Other Appliances,864503.0,71158947.0,5022260.37
202502,2102,Catheters,120264.0,8239726.0,16180641.54
202502,2103,Chiropody Appliances,163.0,2688.0,2292.5
202502,2104,Contraceptive Devices,2721.0,2778.0,32109.08
202502,2106,Trusses,59.0,62.0,1956.15
202502,2107,Elastic Hosiery,32690.0,89929.0,649263.59
202502,211,Antifibrinolytic drugs and haemostatics,50803.0,3085186.0,254586.4
202502,2112,Peak Flow Meters,27026.0,27188.0,144996.31
202502,2113,Catheter Maintenance Products,19271.0,11976400.0,723707.8300000001
202502,2114,Lubricant Gels,26996.0,1780404.0,98925.57
202502,2116,Irrigation Solutions,31683.0,584506.0,263116.17
202502,2118,Erectile Dysfunction Devices,2037.0,4294.0,238440.37
202502,2119,Oral Film Forming Agents,1010.0,94270.0,37890.05
202502,212,Lipid-regulating drugs,7883609.0,259297224.0,15763461.01
202502,2120,Venous Ulcer Compression System,7459.0,25444.0,422283.53
202502,2121,Dry Mouth Products,38729.0,3896596.0,244649.59
202502,2122,Emollients,845289.0,448067019.0,5115511.91
202502,2123,Vaginal Moisturisers,24939.0,1126383.0,244987.73
202502,2124,Nasal Products,29857.0,1937433.0,102944.94
202502,2125,Vaginal Dilators,220.0,224.0,6987.03
202502,2127,Lymphoedema Garments,51418.0,137632.0,3963663.36
202502,2128,Anal Irrigation System,18242.0,58039.0,3579035.12
202502,2129,Pressure Offloading Device,2059.0,3409.0,75443.66
202502,213,Local sclerosants,1.0,1.0,4.54
202502,2130,Eye Products,701146.0,10214973.0,5395806.23
202502,2132,Inhalation Solutions,8047.0,531970.0,198205.57
202502,2133,Indwelling Pleural Cath Drain System,798.0,8475.0,253259.11
202502,2134,Vaginal PH Correction Products,496.0,7671.0,5043.75
202502,2135,Acne Treatment,4.0,100.0,52.0
202502,2136,Adhesive Dressing Remover Ster Silicone,1267.0,104763.0,38710.07
202502,2137,Pelvic Toning Devices,10.0,10.0,150.0
202502,2138,Low Friction Products,2379.0,5293.0,58929.58
202502,2139,Prosthetic Adhesives,10.0,204.0,161.67000000000002
202502,2140,Bacterial Decolonisation Products,216.0,25006.0,1075.23
202502,2141,Debridement Device,6072.0,74267.0,374249.32
202502,2142,Jaw Rehabilitation Device,84.0,421.0,3590.16
202502,2143,Micro-Enema - Sodium Citrate,61.0,1004.0,435.9
202502,2146,Hernia Support Garments,5.0,6.0,225.06
202502,2147,Dev For Fungal Nail Infections,39.0,158.0,800.8599999999999
202502,2148,Detection Sensor Interstitial Fluid/Gluc,311542.0,701093.0,24517736.43
202502,2149,Pulsed Electromagnetic Stimulator,25.0,40.0,558.0
202502,2202,Anal Plugs,680.0,25601.0,63609.48
202502,2205,Catheter Valves,12049.0,85790.0,215749.63
202502,2215,Faecal Collectors,285.0,5580.0,13560.2
202502,2220,Incontinence Belts,1.0,30.0,421.2
202502,2230,Incontinence Sheaths,11079.0,450643.0,837565.69
202502,2240,Incontinence Sheath Fixing Strips & Adh,1465.0,45157.0,29964.63
202502,2250,Leg Bags,60844.0,718661.0,2082841.83
202502,2260,Night Drainage Bags,90016.0,2278474.0,1419988.12
202502,2270,Suspensory Systems,1973.0,16862.0,100598.63
202502,2280,Tubing And Accessories,32681.0,234389.0,493808.96
202502,2285,Insert For Female Stress Incont,985.0,1108.0,44438.11
202502,2290,Urinal Systems,1104.0,7346.0,55506.04
202502,2305,Adhesive Discs/Rings/Pads/Plasters,25534.0,1763867.0,1177854.24
202502,2310,Adhesive (Pastes/Sprays/Solutions),44.0,4606.0,1043.45
202502,2315,Adhesive Removers (Sprays/Liquids/Wipes),102645.0,14289553.0,2194035.37
202502,2320,Bag Closures,263.0,9880.0,3211.1400000000003
202502,2325,Bag Covers,317.0,1081.0,9953.15
202502,2330,Belts,10918.0,15620.0,606671.0700000001
202502,2335,Colostomy Bags,37615.0,2695657.0,8856942.54
202502,2345,Deodorants,6750.0,1380159.0,90844.82
202502,2346,Discharge Solidifying Agents,2286.0,436462.0,143208.55
202502,2350,Filters/Bridges,113.0,7390.0,3613.49
202502,2355,Flanges,10.0,43.0,819.46
202502,2360,Ileostomy Bags,64938.0,2557368.0,10959569.13
202502,2370,Irrigation Washout Appliances,3214.0,67505.0,116778.98
202502,2375,Pressure Plates/Shields,87.0,469.0,4400.15
202502,2380,Skin Fillers And Protectives,304098.0,32948082.7,3453630.29
202502,2385,Skin Protectors,26613.0,1087907.0,2263670.89
202502,2390,Stoma Caps/Dressings,1237.0,57025.0,83102.49
202502,2392,Tubing & Accessories,385.0,6764.0,17829.13
202502,2394,Two Piece Ostomy Systems,18453.0,715864.0,1887981.65
202502,2396,Urostomy Bags,13769.0,408345.0,2612518.42
202502,2399,Leakage Notification System,167.0,4947.0,15645.66
202502,301,Bronchodilators,1902342.0,9503336.0,18573480.86
202502,302,Corticosteroids (respiratory),2027869.0,2817954.0,64253431.06
202502,303,"Cromoglycate, leukotriene and phosphodesterase type-4 inhib",378138.0,11289068.0,591303.48
202502,304,"Antihistamines, hyposensitisation and allergic emergencies",1181379.0,56054377.0,7466984.119999999
202502,307,Mucolytics,335013.0,41632650.0,1822023.04
202502,309,Cough preparations,11773.0,3039695.0,129792.94
202502,310,Systemic nasal decongestants,1076.0,76803.0,8195.67
202502,311,Antifibrotics,1.0,1.0,7.97
202502,401,Hypnotics and anxiolytics,1047632.0,31997514.0,6769253.66
202502,402,Drugs used in psychoses and related disorders,1077001.0,36230798.0,13394999.52
202502,403,Antidepressant drugs,7239017.0,264194810.0,17262965.560000002
202502,404,CNS stimulants and drugs used for ADHD,284856.0,11029113.0,13318207.52
202502,405,Drugs used in the treatment of obesity,41316.0,3852499.0,1042517.47
202502,406,Drugs used in nausea and vertigo,492982.0,29616236.0,2856096.84
202502,407,Analgesics,4623851.0,507383137.4,32988534.29
202502,408,Antiepileptic drugs,2580577.0,205591216.0,25546096.470000003
202502,409,Drugs used in parkinsonism and related disorders,426646.0,33119982.0,8260034.96
202502,410,Drugs used in substance dependence,272426.0,97732548.4,4807410.640000001
202502,411,Drugs for dementia,378361.0,9473066.0,2583114.4
202502,501,Antibacterial drugs,2983972.0,114532602.0,14510539.46
202502,502,Antifungal drugs,144631.0,4234928.0,906560.34
202502,503,Antiviral drugs,103551.0,4979382.0,1196371.8
202502,504,Antiprotozoal drugs,160515.0,4324403.0,740929.46
202502,505,Anthelmintics,12548.0,164796.0,539294.66
202502,601,Drugs used in diabetes,5821462.0,312060932.0,131984461.9
202502,602,Thyroid and antithyroid drugs,2731551.0,97317984.0,4932503.06
202502,603,Corticosteroids (endocrine),633271.0,30707254.0,2888883.41
202502,604,Sex Hormones,1356245.0,86196877.5,20352437.6
202502,605,"Hypothalamic and pituitary hormones and anti, oestrogens",28427.0,1389240.0,2904836.51
202502,606,Drugs affecting bone metabolism,471773.0,2403283.0,2757865.79
202502,607,Other endocrine drugs,9201.0,197440.0,497834.19
202502,702,Treatment of vaginal and vulval conditions,337094.0,6535423.0,4949656.64
202502,703,Contraceptives,482034.0,41984352.0,4545609.85
202502,704,Drugs for genito-urinary disorders,1904830.0,56867784.0,12788699.03
202502,705,Other drugs for gynaecological conditions,110.0,3924.0,6278.4
202502,801,Cytotoxic drugs,15560.0,642479.0,443236.71
202502,802,Drugs affecting the immune response,81831.0,6189574.0,2165104.02
202502,803,Sex hormones and hormone antagonists in malignant disease,259748.0,7117235.0,11146739.53
202502,901,Anaemias and some other blood disorders,1956183.0,79093869.0,4451483.82
202502,902,Fluids and electrolytes,103670.0,7342738.0,1453423.21
202502,904,Oral nutrition (OLD - DO NOT USE),4.0,14900.0,286.63
202502,905,Minerals,196781.0,32772136.0,4007398.86
202502,906,Vitamins,2791472.0,121881750.6,11699875.02
202502,908,Metabolic disorders,260.0,78552.0,176002.97
202502,909,Foods,2.0,4400.0,58.44
202502,910,Compound vitamin and mineral formulations,10611.0,325819.0,29988.9
202502,911,Health supplements,943.0,117028.0,74344.62
202502,912,Other health supplements,11550.0,408903.0,52285.08
202502,913,Oral nutrition,519927.0,2013873870.5,37568126.42
202502,914,Enteral nutrition,23341.0,468354423.0,9834097.6
202503,1001,Drugs used in rheumatic diseases and gout,1911890.0,84229642.0,6707597.140000001
202503,1002,Drugs used in neuromuscular disorders,149956.0,24035175.0,889751.76
202503,1003,Drugs for soft-tissue disorders and topical pain relief,588487.0,63768600.0,3619536.25
202503,101,Dyspepsia and gastro-oesophageal reflux disease,365962.0,190502841.0,2894740.2800000003
202503,102,Antispasmodics and other drugs altering gut motility,404371.0,34225551.0,4796870.44
202503,103,Antisecretory drugs and mucosal protectants,6739779.0,238707209.0,21857749.22
202503,104,Acute diarrhoea,137992.0,12180821.0,719006.89
202503,105,Chronic bowel disorders,215427.0,25327643.0,11506465.78
202503,106,Laxatives,1674047.0,203686792.0,13223120.94
202503,107,Local preparations for anal and rectal disorders,112963.0,2963789.0,880847.63
202503,109,Drugs affecting intestinal secretions,96485.0,21355487.0,6587917.21
202503,110,Drugs for hepatic disorders,11.0,1368.0,12041.78
202503,1103,Anti-infective eye preparations,109623.0,1023728.0,670038.11
202503,1104,Corticosteroids and other anti-inflammatory preparations,176233.0,3152193.5,2600584.33
202503,1105,Mydriatics and cycloplegics,7229.0,183955.0,285724.88
202503,1106,Treatment of glaucoma,822245.0,14902188.5,8803296.200000001
202503,1107,Local anaesthetics,44.0,1030.0,672.34
202503,1108,Miscellaneous ophthalmic preparations,164496.0,4894962.0,1812753.04
202503,1201,Drugs acting on the ear,155332.0,1097692.5,852790.54
202503,1202,Drugs acting on the nose,763614.0,3290770.0,7537783.78
202503,1203,Drugs acting on the oropharynx,79865.0,15627595.5,396637.49
202503,1301,Management of skin conditions,2875.0,1647150.0,15134.93
202503,1302,Emollient and barrier preparations,507099.0,267810460.0,4283191.68
202503,1303,Topical local anaesthetics and antipruritics,31790.0,8763295.0,352385.77
202503,1304,Topical corticosteroids,964628.0,52260132.0,7091253.31
202503,1305,Preparations for eczema and psoriasis,166258.0,13105344.0,7134878.42
202503,1306,Acne and rosacea,149449.0,7056506.0,2811658.81
202503,1307,Preparations for warts and calluses,9907.0,126998.0,203260.15
202503,1308,Sunscreens and camouflagers,38237.0,2117551.0,1399758.29
202503,1309,Shampoos and other preparations for scalp and hair conditions,110657.0,21228274.0,1931154.98
202503,1310,Anti-infective skin preparations,321899.0,10968525.5,2104043.23
202503,1311,"Skin cleansers,antiseptics and desloughing agents",18982.0,9247398.0,208215.7
202503,1312,Antiperspirants,3644.0,210305.0,33599.26
202503,1313,Wound management products,1359.0,14514.0,56263.34
202503,1314,Topical circulatory preparations,5984.0,383036.0,30571.56
202503,1315,Miscellaneous topical preparations,164.0,25180.0,17655.48
202503,1404,Vaccines and antisera,310257.0,311608.0,4357514.51
202503,1405,Immunoglobulins,8.0,10.0,4800.0
202503,1501,General anaesthesia,33899.0,5907461.0,348460.97
202503,1502,Local anaesthesia,121031.0,1888527.0,1729169.79
202503,1803,X-Ray contrast media,4.0,5500.0,962.5
202503,1902,Selective preparations,46079.0,11782224.0,802420.21
202503,1904,Single substances,100.0,124594.0,1290.4399999999998
202503,1905,Other preparations,747.0,39993.0,9968.84
202503,1906,Acids,395.0,146116.0,17220.129999999997
202503,1907,"Base,diluent, suspending agents and stabilisers",2.0,840.0,2.26
202503,1908,"Colouring,flavouring and sweetening agents",7.0,900.0,203.1
202503,1914,Waters,949.0,9301612.0,9374.44
202503,2001,Absorbent Cottons,54.0,40950.0,551.22
202503,2002,Arm Sling/Bandages,36140.0,477171.0,959162.93
202503,2003,Wound Management & Other Dressings,276806.0,5072031.0,10471444.97
202503,2004,Gauzes & Gauze Tissue,6354.0,282054.0,188388.83
202503,2005,Tracheostomy & Laryngectomy Appliances,17420.0,941428.0,1670149.5
202503,2006,Foam,2.0,8.0,44.2
202503,2007,Lints,11.0,8925.0,299.06
202503,2009,Stockinette,33112.0,280967.5,497293.82000000007
202503,201,Positive inotropic drugs,207856.0,5449799.0,439174.71
202503,2010,Surgical Adhesive Tape,15238.0,203076.5,73698.65
202503,2011,Surgical Sutures,7005.0,10161.0,21122.0
202503,2012,Swabs,19058.0,3808401.0,83642.98
202503,2014,"Skin Closure Strips, Sterile",6998.0,31545.0,7985.68
202503,2015,"Skin Adhesive, Sterile",52.0,31.0,389.36
202503,202,Diuretics,2488428.0,81446246.0,5023066.62
202503,2020,Silk Garments,573.0,1797.0,39229.07
202503,203,Anti-arrhythmic drugs,74701.0,4039361.0,563168.62
202503,204,Beta-adrenoceptor blocking drugs,3688427.0,142068983.0,5718292.16
202503,205,Hypertension and heart failure,6808478.0,250918160.0,23369118.23
202503,206,"Nitrates, calcium-channel blockers & other antianginal drugs",5153695.0,181757648.0,14627985.38
202503,207,Sympathomimetics and other vasoconstrictor drugs,24550.0,1791312.0,325058.52
202503,208,Anticoagulants and protamine,1844211.0,80972519.0,27586925.630000003
202503,209,Antiplatelet drugs,2694964.0,81186462.0,5092395.54
202503,2101,Other Appliances,902376.0,75161174.0,5250675.67
202503,2102,Catheters,124890.0,8689291.0,17010089.669999998
202503,2103,Chiropody Appliances,159.0,2321.0,2691.5
202503,2104,Contraceptive Devices,2723.0,2758.0,31943.85
202503,2106,Trusses,48.0,52.0,1635.93
202503,2107,Elastic Hosiery,34853.0,95411.0,682721.49
202503,211,Antifibrinolytic drugs and haemostatics,54392.0,3306034.0,272902.56
202503,2112,Peak Flow Meters,26183.0,26370.0,140668.66999999998
202503,2113,Catheter Maintenance Products,19368.0,12026390.0,734131.02
202503,2114,Lubricant Gels,27552.0,1863749.5,102854.01
202503,2116,Irrigation Solutions,32387.0,682349.0,270049.17
202503,2118,Erectile Dysfunction Devices,2137.0,4376.0,254373.9
202503,2119,Oral Film Forming Agents,1043.0,96490.0,39527.87
202503,212,Lipid-regulating drugs,8431487.0,278554650.0,17189352.69
202503,2120,Venous Ulcer Compression System,7615.0,25798.0,414501.88
202503,2121,Dry Mouth Products,41672.0,4146618.0,265065.54000000004
202503,2122,Emollients,918825.0,487842795.0,5548013.46
202503,2123,Vaginal Moisturisers,26731.0,1223785.0,263734.1
202503,2124,Nasal Products,31607.0,2092972.0,124400.99
202503,2125,Vaginal Dilators,224.0,228.0,6959.43
202503,2126,Leg Ulcer Wrap,1.0,2.0,27.6
202503,2127,Lymphoedema Garments,53835.0,145617.0,4039957.56
202503,2128,Anal Irrigation System,19397.0,62364.0,3825955.07
202503,2129,Pressure Offloading Device,2230.0,3650.0,81919.48
202503,2130,Eye Products,751342.0,10953689.5,5796015.65
202503,2132,Inhalation Solutions,8393.0,555954.0,205808.85
202503,2133,Indwelling Pleural Cath Drain System,823.0,8425.0,255361.7
202503,2134,Vaginal PH Correction Products,517.0,8053.0,5265.75
202503,2135,Acne Treatment,2.0,75.0,39.0
202503,2136,Adhesive Dressing Remover Ster Silicone,1377.0,107286.0,40685.61
202503,2137,Pelvic Toning Devices,20.0,22.0,330.0
202503,2138,Low Friction Products,2293.0,5177.0,54817.83
202503,2139,Prosthetic Adhesives,21.0,312.0,247.26
202503,2140,Bacterial Decolonisation Products,272.0,28172.0,1376.97
202503,2141,Debridement Device,6219.0,76331.0,384353.18
202503,2142,Jaw Rehabilitation Device,114.0,661.0,6907.4
202503,2143,Micro-Enema - Sodium Citrate,45.0,650.0,282.23
202503,2146,Hernia Support Garments,7.0,10.0,375.1
202503,2147,Dev For Fungal Nail Infections,51.0,213.0,1020.56
202503,2148,Detection Sensor Interstitial Fluid/Gluc,335409.0,754531.0,26533730.0
202503,2149,Pulsed Electromagnetic Stimulator,26.0,38.0,530.1
202503,2202,Anal Plugs,763.0,29432.0,73359.29
202503,2205,Catheter Valves,12439.0,87800.0,221211.68
202503,2210,Drainable Dribbling Appliances,1.0,10.0,140.6
202503,2215,Faecal Collectors,306.0,6415.0,15886.28
202503,2220,Incontinence Belts,1.0,10.0,140.4
202503,2230,Incontinence Sheaths,11521.0,467409.0,870857.8400000001
202503,2240,Incontinence Sheath Fixing Strips & Adh,1580.0,47831.0,31620.08
202503,2250,Leg Bags,63348.0,749675.0,2163653.38
202503,2260,Night Drainage Bags,93139.0,2363885.0,1470843.89
202503,2270,Suspensory Systems,2056.0,18029.0,106773.14
202503,2280,Tubing And Accessories,33222.0,238049.0,501139.6
202503,2285,Insert For Female Stress Incont,1105.0,1276.0,53787.46
202503,2290,Urinal Systems,1215.0,7692.0,57250.12
202503,2305,Adhesive Discs/Rings/Pads/Plasters,26975.0,1882836.0,1258016.8
202503,2310,Adhesive (Pastes/Sprays/Solutions),58.0,4432.0,1125.18
202503,2315,Adhesive Removers (Sprays/Liquids/Wipes),107922.0,15155776.0,2329912.35
202503,2320,Bag Closures,249.0,11277.0,3219.77
202503,2325,Bag Covers,346.0,1185.0,10980.18
202503,2330,Belts,10868.0,15599.0,596356.47
202503,2335,Colostomy Bags,39262.0,2820962.0,9284109.93
202503,2345,Deodorants,7205.0,1468411.0,99010.83
202503,2346,Discharge Solidifying Agents,2519.0,475150.0,154499.03
202503,2350,Filters/Bridges,117.0,8760.0,5130.76
202503,2355,Flanges,21.0,111.0,2086.64
202503,2360,Ileostomy Bags,68345.0,2698235.0,11586892.329999998
202503,2370,Irrigation Washout Appliances,3069.0,66394.0,118683.37
202503,2375,Pressure Plates/Shields,101.0,494.0,4501.82
202503,2380,Skin Fillers And Protectives,318385.0,34369085.099999994,3606870.93
202503,2385,Skin Protectors,28353.0,1160520.0,2431689.3200000003
202503,2390,Stoma Caps/Dressings,1341.0,60820.0,89405.56
202503,2392,Tubing & Accessories,360.0,6848.0,18381.81
202503,2394,Two Piece Ostomy Systems,19630.0,756121.0,2012212.04
202503,2396,Urostomy Bags,14293.0,422496.0,2719063.58
202503,2399,Leakage Notification System,226.0,6289.0,20006.1
202503,301,Bronchodilators,1983161.0,9934918.0,19324358.01
202503,302,Corticosteroids (respiratory),2154398.0,3007736.0,68609922.21
202503,303,"Cromoglycate, leukotriene and phosphodesterase type-4 inhib",402856.0,12063001.0,630219.8
202503,304,"Antihistamines, hyposensitisation and allergic emergencies",1352195.0,65948597.0,8965172.17
202503,307,Mucolytics,354235.0,44211262.0,1917074.3
202503,309,Cough preparations,11233.0,2959366.0,96266.74
202503,310,Systemic nasal decongestants,1098.0,71791.0,8401.63
202503,311,Antifibrotics,1.0,112.0,892.28
202503,401,Hypnotics and anxiolytics,1100930.0,33903692.0,7113103.18
202503,402,Drugs used in psychoses and related disorders,1137122.0,38373260.0,14130399.08
202503,403,Antidepressant drugs,7709366.0,282430040.0,18524537.44
202503,404,CNS stimulants and drugs used for ADHD,314276.0,12030071.0,14460600.07
202503,405,Drugs used in the treatment of obesity,45639.0,4240727.0,1147149.21
202503,406,Drugs used in nausea and vertigo,520828.0,31438131.0,2941013.8200000003
202503,407,Analgesics,4916263.0,539005256.4,35045160.89
202503,408,Antiepileptic drugs,2733643.0,218310647.0,26959540.14
202503,409,Drugs used in parkinsonism and related disorders,450903.0,35129409.0,8717669.09
202503,410,Drugs used in substance dependence,280732.0,99495032.2,5114702.470000001
202503,411,Drugs for dementia,396327.0,9969390.0,2691090.62
202503,501,Antibacterial drugs,3026031.0,116885181.0,15478461.09
202503,502,Antifungal drugs,158636.0,4683574.0,1002889.69
202503,503,Antiviral drugs,109486.0,5356003.0,1240744.79
202503,504,Antiprotozoal drugs,169128.0,4575814.0,797498.87
202503,505,Anthelmintics,13103.0,169583.0,589753.14
202503,601,Drugs used in diabetes,6215267.0,332849105.0,142582396.07
202503,602,Thyroid and antithyroid drugs,2908641.0,104037302.0,5274792.8
202503,603,Corticosteroids (endocrine),648049.0,31828956.0,3048623.86
202503,604,Sex Hormones,1456147.0,93022230.5,21832385.11
202503,605,"Hypothalamic and pituitary hormones and anti, oestrogens",31378.0,1577279.0,3174537.07
202503,606,Drugs affecting bone metabolism,498180.0,2542355.0,2831911.04
202503,607,Other endocrine drugs,10075.0,219235.0,557136.0800000001
202503,702,Treatment of vaginal and vulval conditions,361880.0,7031979.0,5276699.01
202503,703,Contraceptives,506050.0,43960658.0,4744070.76
202503,704,Drugs for genito-urinary disorders,2028807.0,60998694.0,13761941.88
202503,705,Other drugs for gynaecological conditions,140.0,5049.0,8078.4
202503,801,Cytotoxic drugs,16881.0,681762.0,516757.59
202503,802,Drugs affecting the immune response,86281.0,6530025.0,2237534.99
202503,803,Sex hormones and hormone antagonists in malignant disease,271438.0,7471969.0,11509645.03
202503,901,Anaemias and some other blood disorders,2075621.0,84927391.0,4847623.11
202503,902,Fluids and electrolytes,111743.0,7875042.0,1548200.12
202503,904,Oral nutrition (OLD - DO NOT USE),7.0,13804.0,142.51
202503,905,Minerals,201057.0,32933223.0,4077045.3
202503,906,Vitamins,2952233.0,129350555.8,12732037.35
202503,908,Metabolic disorders,245.0,81180.0,154054.25
202503,910,Compound vitamin and mineral formulations,11142.0,341396.0,32009.97
202503,911,Health supplements,1057.0,126352.0,62475.48
202503,912,Other health supplements,12122.0,419530.0,59092.240000000005
202503,913,Oral nutrition,553011.0,2135691835.0,40389971.72
202503,914,Enteral nutrition,25281.0,506192665.0,10720196.33
202504,1001,Drugs used in rheumatic diseases and gout,1906055.0,83703261.0,6932002.84
202504,1002,Drugs used in neuromuscular disorders,151901.0,24129776.0,881908.8200000001
202504,1003,Drugs for soft-tissue disorders and topical pain relief,592900.0,64219798.0,3665599.25
202504,101,Dyspepsia and gastro-oesophageal reflux disease,363788.0,189988452.0,3297797.92
202504,102,Antispasmodics and other drugs altering gut motility,405870.0,34391503.0,5036245.140000001
202504,103,Antisecretory drugs and mucosal protectants,6782228.0,239163851.0,21370092.66
202504,104,Acute diarrhoea,138697.0,12235340.0,719672.99
202504,105,Chronic bowel disorders,216738.0,25377121.0,11362514.16
202504,106,Laxatives,1674605.0,203055422.0,13184304.760000002
202504,107,Local preparations for anal and rectal disorders,110208.0,2919982.0,833034.31
202504,109,Drugs affecting intestinal secretions,96943.0,21397284.0,6741429.97
202504,110,Drugs for hepatic disorders,11.0,904.0,7384.849999999999
202504,1103,Anti-infective eye preparations,96579.0,927416.5,663891.13
202504,1104,Corticosteroids and other anti-inflammatory preparations,200978.0,3462570.5,2754825.81
202504,1105,Mydriatics and cycloplegics,7166.0,179043.0,234786.21
202504,1106,Treatment of glaucoma,824330.0,15066956.5,9085189.31
202504,1107,Local anaesthetics,33.0,738.0,488.17
202504,1108,Miscellaneous ophthalmic preparations,165864.0,5002772.0,1801348.02
202504,1201,Drugs acting on the ear,139421.0,969478.5,760917.21
202504,1202,Drugs acting on the nose,800231.0,3313728.0,7727056.279999999
202504,1203,Drugs acting on the oropharynx,73128.0,15305376.0,412189.76
202504,1301,Management of skin conditions,2864.0,1634250.0,15197.97
202504,1302,Emollient and barrier preparations,499727.0,263485000.0,4234516.54
202504,1303,Topical local anaesthetics and antipruritics,31512.0,8767779.0,355750.2
202504,1304,Topical corticosteroids,920022.0,49898135.0,6810498.18
202504,1305,Preparations for eczema and psoriasis,161408.0,12833160.0,7172907.73
202504,1306,Acne and rosacea,145867.0,7338556.0,3108643.24
202504,1307,Preparations for warts and calluses,9883.0,131016.0,201619.83
202504,1308,Sunscreens and camouflagers,37267.0,2249493.0,1344942.42
202504,1309,Shampoos and other preparations for scalp and hair conditions,108002.0,20672390.0,2322860.31
202504,1310,Anti-infective skin preparations,306080.0,10361357.0,1971969.82
202504,1311,"Skin cleansers,antiseptics and desloughing agents",19151.0,9373664.0,211969.69
202504,1312,Antiperspirants,3710.0,210215.0,31268.47
202504,1313,Wound management products,1350.0,13981.0,55843.08
202504,1314,Topical circulatory preparations,5866.0,374340.0,29885.550000000003
202504,1315,Miscellaneous topical preparations,141.0,17720.0,15421.48
202504,1404,Vaccines and antisera,185105.0,186248.0,2645508.54
202504,1405,Immunoglobulins,5.0,5.0,1285.0
202504,1501,General anaesthesia,33284.0,29004430.0,354173.73
202504,1502,Local anaesthesia,113329.0,1834098.5,1722197.55
202504,1803,X-Ray contrast media,3.0,5000.0,875.0
202504,1902,Selective preparations,44095.0,11355569.0,803316.66
202504,1904,Single substances,108.0,107540.0,4728.98
202504,1905,Other preparations,768.0,38851.0,9788.97
202504,1906,Acids,379.0,130693.0,15041.61
202504,1907,"Base,diluent, suspending agents and stabilisers",4.0,1650.0,4.44
202504,1908,"Colouring,flavouring and sweetening agents",2.0,200.0,46.6
202504,1914,Waters,963.0,9052566.0,8695.0
202504,2001,Absorbent Cottons,65.0,59075.0,766.24
202504,2002,Arm Sling/Bandages,34707.0,464886.0,938358.97
202504,2003,Wound Management & Other Dressings,274597.0,5087173.9,10594777.41
202504,2004,Gauzes & Gauze Tissue,6312.0,237345.0,190814.55
202504,2005,Tracheostomy & Laryngectomy Appliances,17321.0,965271.0,1703615.5299999998
202504,2006,Foam,2.0,8.0,44.2
202504,2007,Lints,11.0,22925.0,631.75
202504,2009,Stockinette,31917.0,274834.5,465072.6
202504,201,Positive inotropic drugs,209910.0,5492066.0,343295.07
202504,2010,Surgical Adhesive Tape,14784.0,203436.5,78216.70999999999
202504,2011,Surgical Sutures,6371.0,8419.0,17601.39
202504,2012,Swabs,19090.0,3814031.0,82746.05
202504,2014,"Skin Closure Strips, Sterile",6825.0,30423.0,7705.070000000001
202504,2015,"Skin Adhesive, Sterile",62.0,38.2,541.75
202504,2018,Cellulose Wadding BP 1988,1.0,6000.0,26.4
202504,202,Diuretics,2526490.0,82377667.0,4942396.01
202504,2020,Silk Garments,456.0,1424.0,29227.43
202504,203,Anti-arrhythmic drugs,74812.0,4018981.0,573027.02
202504,204,Beta-adrenoceptor blocking drugs,3719623.0,142505805.0,5675863.72
202504,205,Hypertension and heart failure,6876675.0,252372531.0,23845193.04
202504,206,"Nitrates, calcium-channel blockers & other antianginal drugs",5205421.0,182895443.0,14091969.81
202504,207,Sympathomimetics and other vasoconstrictor drugs,24889.0,1811703.0,317629.88
202504,208,Anticoagulants and protamine,1871564.0,82085023.0,26235418.58
202504,209,Antiplatelet drugs,2727888.0,81724221.0,5035124.99
202504,2101,Other Appliances,878382.0,74761471.0,5050266.21
202504,2102,Catheters,121119.0,8480031.0,16641957.15
202504,2103,Chiropody Appliances,137.0,1932.0,1848.76
202504,2104,Contraceptive Devices,2308.0,2341.0,28042.17
202504,2106,Trusses,34.0,36.0,1248.9
202504,2107,Elastic Hosiery,33968.0,93318.0,670556.15
202504,211,Antifibrinolytic drugs and haemostatics,50899.0,3097395.0,253465.37
202504,2112,Peak Flow Meters,23347.0,23524.0,125169.29
202504,2113,Catheter Maintenance Products,19222.0,11767220.0,725026.24
202504,2114,Lubricant Gels,26111.0,1785506.0,97684.36
202504,2116,Irrigation Solutions,33116.0,697058.0,277813.11
202504,2118,Erectile Dysfunction Devices,1857.0,3905.0,219628.13
202504,2119,Oral Film Forming Agents,1061.0,97618.0,38925.92
202504,212,Lipid-regulating drugs,8538281.0,280789188.0,17341047.05
202504,2120,Venous Ulcer Compression System,7266.0,24735.0,401603.45
202504,2121,Dry Mouth Products,41276.0,4153843.0,262524.63
202504,2122,Emollients,913155.0,484673347.0,5522497.16
202504,2123,Vaginal Moisturisers,26478.0,1225577.0,263954.93
202504,2124,Nasal Products,30642.0,2063322.0,122443.87
202504,2125,Vaginal Dilators,208.0,218.0,6582.93
202504,2127,Lymphoedema Garments,49303.0,132376.0,3722468.35
202504,2128,Anal Irrigation System,18722.0,60076.0,3717053.2
202504,2129,Pressure Offloading Device,2136.0,3499.0,78674.97
202504,213,Local sclerosants,1.0,1.0,8.83
202504,2130,Eye Products,757684.0,11075435.0,5848716.72
202504,2131,Cycloidal Vibration Accessories,1.0,60.0,300.0
202504,2132,Inhalation Solutions,8436.0,560784.0,207879.48
202504,2133,Indwelling Pleural Cath Drain System,794.0,8565.0,260446.86
202504,2134,Vaginal PH Correction Products,491.0,8408.0,5177.25
202504,2135,Acne Treatment,3.0,100.0,52.0
202504,2136,Adhesive Dressing Remover Ster Silicone,1323.0,104068.0,39497.880000000005
202504,2137,Pelvic Toning Devices,12.0,12.0,180.0
202504,2138,Low Friction Products,2345.0,5398.0,59689.03999999999
202504,2139,Prosthetic Adhesives,9.0,192.0,152.16
202504,2140,Bacterial Decolonisation Products,242.0,25702.0,1166.33
202504,2141,Debridement Device,6281.0,76661.0,380514.97
202504,2142,Jaw Rehabilitation Device,133.0,599.0,9129.46
202504,2143,Micro-Enema - Sodium Citrate,54.0,785.0,340.83
202504,2147,Dev For Fungal Nail Infections,40.0,120.0,903.65
202504,2148,Detection Sensor Interstitial Fluid/Gluc,341856.0,767442.0,27164420.64
202504,2149,Pulsed Electromagnetic Stimulator,28.0,43.0,599.85
202504,2202,Anal Plugs,776.0,29544.0,73846.38
202504,2205,Catheter Valves,12300.0,86398.0,218002.47
202504,2215,Faecal Collectors,254.0,5320.0,13094.35
202504,2230,Incontinence Sheaths,11251.0,456815.0,853371.91
202504,2240,Incontinence Sheath Fixing Strips & Adh,1367.0,39351.0,27090.25
202504,2250,Leg Bags,61264.0,723202.0,2086763.04
202504,2260,Night Drainage Bags,90260.0,2295669.0,1426095.6
202504,2270,Suspensory Systems,2051.0,17935.0,106799.6
202504,2280,Tubing And Accessories,31668.0,229083.0,480966.21
202504,2285,Insert For Female Stress Incont,991.0,1133.0,46085.4
202504,2290,Urinal Systems,1205.0,8141.0,56359.72
202504,2305,Adhesive Discs/Rings/Pads/Plasters,26163.0,1822974.0,1220454.95
202504,2310,Adhesive (Pastes/Sprays/Solutions),41.0,2786.0,715.15
202504,2315,Adhesive Removers (Sprays/Liquids/Wipes),106229.0,14863373.0,2278163.0
202504,2320,Bag Closures,247.0,10440.0,3132.94
202504,2325,Bag Covers,287.0,924.0,8540.1
202504,2330,Belts,10047.0,14137.0,537436.97
202504,2335,Colostomy Bags,39224.0,2817917.0,9291202.43
202504,2345,Deodorants,6658.0,1377466.0,91078.49
202504,2346,Discharge Solidifying Agents,2243.0,432960.0,141101.76
202504,2350,Filters/Bridges,242.0,14700.0,13584.18
202504,2355,Flanges,8.0,69.0,1320.28
202504,2360,Ileostomy Bags,66271.0,2612869.0,11243252.24
202504,2370,Irrigation Washout Appliances,2999.0,60158.0,111864.73
202504,2375,Pressure Plates/Shields,77.0,396.0,3507.3
202504,2380,Skin Fillers And Protectives,319491.0,34495772.4,3585445.46
202504,2385,Skin Protectors,27776.0,1142281.0,2385520.62
202504,2390,Stoma Caps/Dressings,1310.0,61538.0,90371.2
202504,2392,Tubing & Accessories,366.0,7044.0,19400.29
202504,2394,Two Piece Ostomy Systems,18865.0,736656.0,1949780.66
202504,2396,Urostomy Bags,13756.0,408276.0,2629723.99
202504,2399,Leakage Notification System,226.0,6728.0,21264.8
202504,301,Bronchodilators,1943940.0,9821494.0,19049108.26
202504,302,Corticosteroids (respiratory),2142270.0,3007590.0,68615958.42
202504,303,"Cromoglycate, leukotriene and phosphodesterase type-4 inhib",405067.0,12075516.0,587437.86
202504,304,"Antihistamines, hyposensitisation and allergic emergencies",1466899.0,72754618.0,9120816.18
202504,307,Mucolytics,360459.0,44777558.0,2012917.56
202504,309,Cough preparations,10224.0,2725595.0,147615.05000000002
202504,310,Systemic nasal decongestants,963.0,61626.0,8152.94
202504,311,Antifibrotics,2.0,224.0,1784.61
202504,401,Hypnotics and anxiolytics,1097027.0,33767084.0,6892360.960000001
202504,402,Drugs used in psychoses and related disorders,1150442.0,38676765.0,14268125.84
202504,403,Antidepressant drugs,7720867.0,282068037.0,18097796.99
202504,404,CNS stimulants and drugs used for ADHD,304179.0,11586184.0,14001972.46
202504,405,Drugs used in the treatment of obesity,45616.0,4229378.0,1120678.04
202504,406,Drugs used in nausea and vertigo,516499.0,31338598.0,2791857.0300000003
202504,407,Analgesics,4948474.0,544781545.8,36202877.89
202504,408,Antiepileptic drugs,2772903.0,220169581.0,25994555.09
202504,409,Drugs used in parkinsonism and related disorders,457370.0,35623159.0,8733820.36
202504,410,Drugs used in substance dependence,301659.0,107122787.6,5671993.38
202504,411,Drugs for dementia,403987.0,10149823.0,2707481.07
202504,501,Antibacterial drugs,2817760.0,102925453.0,14229163.33
202504,502,Antifungal drugs,153977.0,4589006.0,808895.0399999999
202504,503,Antiviral drugs,107231.0,5254389.0,1167002.81
202504,504,Antiprotozoal drugs,170814.0,4610156.0,708006.82
202504,505,Anthelmintics,11916.0,154156.0,574923.97
202504,601,Drugs used in diabetes,6287412.0,334463532.0,144784784.81
202504,602,Thyroid and antithyroid drugs,2928311.0,104159071.0,5014229.16
202504,603,Corticosteroids (endocrine),634748.0,31396181.0,2972361.9
202504,604,Sex Hormones,1455432.0,92289521.5,21482450.05
202504,605,"Hypothalamic and pituitary hormones and anti, oestrogens",30756.0,1587174.0,3058716.51
202504,606,Drugs affecting bone metabolism,501871.0,2557643.0,2774788.22
202504,607,Other endocrine drugs,10314.0,232132.0,587798.5800000001
202504,702,Treatment of vaginal and vulval conditions,355814.0,6942306.0,5303286.95
202504,703,Contraceptives,551704.0,48914311.0,4891288.59
202504,704,Drugs for genito-urinary disorders,2040367.0,60977484.0,13825568.98
202504,705,Other drugs for gynaecological conditions,146.0,5180.0,8288.0
202504,801,Cytotoxic drugs,17426.0,691798.0,505478.29
202504,802,Drugs affecting the immune response,86054.0,6478229.0,2249281.41
202504,803,Sex hormones and hormone antagonists in malignant disease,276000.0,7587462.0,12181490.63
202504,901,Anaemias and some other blood disorders,2081779.0,83254172.0,4690196.82
202504,902,Fluids and electrolytes,111099.0,7808513.0,1515841.87
202504,904,Oral nutrition (OLD - DO NOT USE),2.0,3500.0,54.81
202504,905,Minerals,196721.0,31906436.0,4238834.57
202504,906,Vitamins,2968002.0,129580694.0,12525987.09
202504,908,Metabolic disorders,249.0,76782.0,152956.47
202504,910,Compound vitamin and mineral formulations,11493.0,348925.0,33182.84
202504,911,Health supplements,1039.0,115087.0,66936.73
202504,912,Other health supplements,11810.0,412869.0,57517.3
202504,913,Oral nutrition,550041.0,2130288957.5,40156101.8
202504,914,Enteral nutrition,25683.0,526914807.0,11077581.13
202505,1001,Drugs used in rheumatic diseases and gout,1991926.0,87528741.0,7765231.4
202505,1002,Drugs used in neuromuscular disorders,157019.0,25008068.0,918994.75
202505,1003,Drugs for soft-tissue disorders and topical pain relief,621693.0,67371740.0,3879836.71
202505,101,Dyspepsia and gastro-oesophageal reflux disease,372001.0,194604529.0,3357464.09
202505,102,Antispasmodics and other drugs altering gut motility,430459.0,36520113.0,5506863.2
202505,103,Antisecretory drugs and mucosal protectants,7016322.0,248555227.0,22205512.97
202505,104,Acute diarrhoea,144652.0,12848278.0,756248.31
202505,105,Chronic bowel disorders,224499.0,26392511.0,11845372.56
202505,106,Laxatives,1736665.0,210369829.0,13935899.28
202505,107,Local preparations for anal and rectal disorders,113916.0,3006791.0,861127.57
202505,109,Drugs affecting intestinal secretions,105198.0,23732620.0,7597447.85
202505,110,Drugs for hepatic disorders,5.0,646.0,3371.0600000000004
202505,1103,Anti-infective eye preparations,89794.0,867268.0,613699.9
202505,1104,Corticosteroids and other anti-inflammatory preparations,210036.0,3668399.5,2935509.37
202505,1105,Mydriatics and cycloplegics,7583.0,192788.0,251066.1
202505,1106,Treatment of glaucoma,859900.0,15687518.0,9791305.58
202505,1107,Local anaesthetics,43.0,729.0,479.8299999999999
202505,1108,Miscellaneous ophthalmic preparations,170597.0,5128992.5,1862320.3
202505,1201,Drugs acting on the ear,141848.0,976284.5,766863.19
202505,1202,Drugs acting on the nose,819935.0,3392999.0,7630304.57
202505,1203,Drugs acting on the oropharynx,74497.0,16135739.6,419238.2
202505,1301,Management of skin conditions,2914.0,1659730.0,15448.38
202505,1302,Emollient and barrier preparations,521490.0,276080900.0,4480463.029999999
202505,1303,Topical local anaesthetics and antipruritics,32220.0,9108564.0,364371.7
202505,1304,Topical corticosteroids,952646.0,51606247.0,7161667.34
202505,1305,Preparations for eczema and psoriasis,170043.0,13453199.0,7541670.5
202505,1306,Acne and rosacea,152260.0,7673969.0,3234915.73
202505,1307,Preparations for warts and calluses,11671.0,152214.0,241008.1
202505,1308,Sunscreens and camouflagers,39895.0,2555612.0,1433106.54
202505,1309,Shampoos and other preparations for scalp and hair conditions,111955.0,21409000.0,2400992.43
202505,1310,Anti-infective skin preparations,318320.0,10558652.5,2009012.67
202505,1311,"Skin cleansers,antiseptics and desloughing agents",20262.0,9682547.0,223363.42
202505,1312,Antiperspirants,4214.0,242935.0,33109.89
202505,1313,Wound management products,1401.0,15867.0,87557.98999999999
202505,1314,Topical circulatory preparations,6305.0,403476.0,32215.89
202505,1315,Miscellaneous topical preparations,137.0,24845.0,16059.46
202505,1404,Vaccines and antisera,178345.0,180056.0,2568280.46
202505,1405,Immunoglobulins,7.0,7.0,4800.0
202505,1501,General anaesthesia,34000.0,17111845.5,365291.91
202505,1502,Local anaesthesia,118967.0,1911350.0,1828369.98
202505,1803,X-Ray contrast media,2.0,1500.0,262.5
202505,1902,Selective preparations,48163.0,12038282.0,804314.1599999999
202505,1904,Single substances,100.0,103615.0,1120.11
202505,1905,Other preparations,712.0,34849.0,9381.009999999998
202505,1906,Acids,329.0,113246.0,13523.13
202505,1908,"Colouring,flavouring and sweetening agents",3.0,400.0,86.16
202505,1914,Waters,1006.0,10198100.0,10254.25
202505,2001,Absorbent Cottons,63.0,55150.0,712.24
202505,2002,Arm Sling/Bandages,36625.0,487550.0,976615.95
202505,2003,Wound Management & Other Dressings,290743.0,5335098.6,11044486.84
202505,2004,Gauzes & Gauze Tissue,6794.0,260136.0,201253.73
202505,2005,Tracheostomy & Laryngectomy Appliances,19242.0,1084121.0,1870493.15
202505,2006,Foam,2.0,8.0,44.2
202505,2007,Lints,15.0,16500.0,459.14
202505,2009,Stockinette,33596.0,290689.0,478868.68
202505,201,Positive inotropic drugs,217041.0,5716207.0,357134.88
202505,2010,Surgical Adhesive Tape,15762.0,217258.0,82121.87
202505,2011,Surgical Sutures,6349.0,7936.0,16210.18
202505,2012,Swabs,19686.0,3906533.0,85783.13
202505,2014,"Skin Closure Strips, Sterile",6624.0,28404.0,7255.8
202505,2015,"Skin Adhesive, Sterile",62.0,45.5,504.49
202505,202,Diuretics,2618615.0,85891689.0,5231726.76
202505,2020,Silk Garments,443.0,1568.0,29474.61
202505,203,Anti-arrhythmic drugs,78618.0,4295915.0,629616.08
202505,204,Beta-adrenoceptor blocking drugs,3847209.0,148335175.0,5908116.13
202505,205,Hypertension and heart failure,7121695.0,262968971.0,24917205.34
202505,206,"Nitrates, calcium-channel blockers & other antianginal drugs",5379287.0,190045013.0,14432913.53
202505,207,Sympathomimetics and other vasoconstrictor drugs,26252.0,1922431.0,345503.02
202505,208,Anticoagulants and protamine,1936021.0,85559855.0,26991813.57
202505,209,Antiplatelet drugs,2812025.0,84786661.0,5216673.779999999
202505,2101,Other Appliances,910791.0,77866945.0,5252186.84
202505,2102,Catheters,128310.0,9017766.0,17718912.189999998
202505,2103,Chiropody Appliances,163.0,2366.0,2481.15
202505,2104,Contraceptive Devices,2420.0,2443.0,29066.49
202505,2106,Trusses,37.0,40.0,1255.01
202505,2107,Elastic Hosiery,35995.0,98236.0,700303.88
202505,211,Antifibrinolytic drugs and haemostatics,54766.0,3319889.0,272986.65
202505,2112,Peak Flow Meters,22963.0,23062.0,122373.1
202505,2113,Catheter Maintenance Products,20513.0,12650420.0,775538.89
202505,2114,Lubricant Gels,27843.0,1885505.0,103995.43
202505,2116,Irrigation Solutions,35324.0,697480.0,295383.17
202505,2118,Erectile Dysfunction Devices,2152.0,4635.0,249979.69
202505,2119,Oral Film Forming Agents,1079.0,95116.0,38170.59
202505,212,Lipid-regulating drugs,8857994.0,292967653.0,18408410.06
202505,2120,Venous Ulcer Compression System,7978.0,27417.0,470697.2
202505,2121,Dry Mouth Products,43344.0,4293535.0,276006.05
202505,2122,Emollients,949979.0,506026177.0,5760421.88
202505,2123,Vaginal Moisturisers,28078.0,1287028.0,278918.28
202505,2124,Nasal Products,30809.0,2107048.0,124931.79
202505,2125,Vaginal Dilators,208.0,212.0,6444.45
202505,2127,Lymphoedema Garments,53346.0,143037.0,4054942.1
202505,2128,Anal Irrigation System,20286.0,62414.0,4015943.08
202505,2129,Pressure Offloading Device,2289.0,3844.0,82199.69
202505,2130,Eye Products,794389.0,11656591.5,6144621.37
202505,2131,Cycloidal Vibration Accessories,1.0,60.0,300.0
202505,2132,Inhalation Solutions,8892.0,597295.0,220986.37
202505,2133,Indwelling Pleural Cath Drain System,926.0,9565.0,293990.07
202505,2134,Vaginal PH Correction Products,454.0,7771.0,4751.13
202505,2135,Acne Treatment,2.0,50.0,26.0
202505,2136,Adhesive Dressing Remover Ster Silicone,1391.0,106492.0,39664.31
202505,2137,Pelvic Toning Devices,14.0,14.0,210.0
202505,2138,Low Friction Products,2351.0,5197.0,59038.23
202505,2139,Prosthetic Adhesives,11.0,180.0,142.65
202505,2140,Bacterial Decolonisation Products,252.0,26664.0,1247.38
202505,2141,Debridement Device,6594.0,80905.0,410479.6
202505,2142,Jaw Rehabilitation Device,123.0,718.0,8267.69
202505,2143,Micro-Enema - Sodium Citrate,43.0,643.0,279.19
202505,2147,Dev For Fungal Nail Infections,46.0,106.0,912.62
202505,2148,Detection Sensor Interstitial Fluid/Gluc,362321.0,816558.0,29068531.18
202505,2149,Pulsed Electromagnetic Stimulator,22.0,32.0,446.4
202505,2202,Anal Plugs,811.0,31119.0,77918.03
202505,2205,Catheter Valves,13227.0,92135.0,232925.89
202505,2210,Drainable Dribbling Appliances,2.0,12.0,254.66
202505,2215,Faecal Collectors,305.0,5982.0,14377.820000000002
202505,2220,Incontinence Belts,1.0,4.0,56.16
202505,2230,Incontinence Sheaths,11834.0,483888.0,901313.58
202505,2240,Incontinence Sheath Fixing Strips & Adh,1457.0,45351.0,30639.08
202505,2250,Leg Bags,66306.0,782222.0,2280888.56
202505,2260,Night Drainage Bags,95469.0,2424650.0,1513606.87
202505,2270,Suspensory Systems,2238.0,19482.0,117405.31
202505,2280,Tubing And Accessories,34189.0,245632.0,517774.93000000005
202505,2285,Insert For Female Stress Incont,1100.0,1368.0,54413.850000000006
202505,2290,Urinal Systems,1203.0,8622.0,61948.6
202505,2305,Adhesive Discs/Rings/Pads/Plasters,28306.0,1977916.0,1328033.67
202505,2310,Adhesive (Pastes/Sprays/Solutions),46.0,4498.0,1044.87
202505,2315,Adhesive Removers (Sprays/Liquids/Wipes),112904.0,15949982.0,2452516.58
202505,2320,Bag Closures,261.0,9430.0,2912.86
202505,2325,Bag Covers,285.0,924.0,8423.76
202505,2330,Belts,10997.0,15727.0,583297.69
202505,2335,Colostomy Bags,40915.0,2930702.0,9684797.88
202505,2345,Deodorants,7193.0,1506306.0,97226.25
202505,2346,Discharge Solidifying Agents,2434.0,465795.0,151745.15
202505,2350,Filters/Bridges,242.0,14302.0,13753.1
202505,2355,Flanges,17.0,115.0,2167.9
202505,2360,Ileostomy Bags,71385.0,2799437.0,12103738.38
202505,2370,Irrigation Washout Appliances,3571.0,77334.0,131434.37
202505,2375,Pressure Plates/Shields,96.0,526.0,4672.34
202505,2380,Skin Fillers And Protectives,335573.0,36338289.8,3799271.04
202505,2385,Skin Protectors,29751.0,1224209.0,2569128.72
202505,2390,Stoma Caps/Dressings,1420.0,67520.0,99308.56
202505,2392,Tubing & Accessories,370.0,6485.0,17615.43
202505,2394,Two Piece Ostomy Systems,20173.0,790676.0,2106917.42
202505,2396,Urostomy Bags,14478.0,432312.0,2794479.54
202505,2399,Leakage Notification System,289.0,8065.0,25948.5
202505,301,Bronchodilators,1973047.0,10033915.0,19634144.39
202505,302,Corticosteroids (respiratory),2224018.0,3150174.0,71611437.9
202505,303,"Cromoglycate, leukotriene and phosphodesterase type-4 inhib",418349.0,12514731.0,606707.64
202505,304,"Antihistamines, hyposensitisation and allergic emergencies",1553227.0,78212295.0,10219268.65
202505,307,Mucolytics,372672.0,46241117.0,2121594.05
202505,309,Cough preparations,9242.0,2533858.0,119525.82
202505,310,Systemic nasal decongestants,925.0,63807.0,7726.79
202505,311,Antifibrotics,1.0,126.0,1003.82
202505,401,Hypnotics and anxiolytics,1128359.0,34940237.0,7259788.620000001
202505,402,Drugs used in psychoses and related disorders,1184869.0,39937491.0,14844754.13
202505,403,Antidepressant drugs,7981137.0,293189688.0,18498589.7
202505,404,CNS stimulants and drugs used for ADHD,329228.0,12519349.0,15130760.01
202505,405,Drugs used in the treatment of obesity,49598.0,4634190.0,1227674.1800000002
202505,406,Drugs used in nausea and vertigo,534563.0,32588145.0,2921057.68
202505,407,Analgesics,5097967.0,559305250.0,37374922.23
202505,408,Antiepileptic drugs,2862470.0,228291480.0,26946465.14
202505,409,Drugs used in parkinsonism and related disorders,471086.0,36905176.0,9058512.75
202505,410,Drugs used in substance dependence,293576.0,102417802.8,5625065.109999999
202505,411,Drugs for dementia,416417.0,10518216.0,2819424.05
202505,501,Antibacterial drugs,2740177.0,100206552.0,14564212.94
202505,502,Antifungal drugs,149890.0,4292088.0,1165326.82
202505,503,Antiviral drugs,112361.0,5570214.0,1420593.11
202505,504,Antiprotozoal drugs,176512.0,4799473.0,745414.69
202505,505,Anthelmintics,12038.0,157353.0,554204.07
202505,601,Drugs used in diabetes,6551474.0,348942175.0,154054479.68
202505,602,Thyroid and antithyroid drugs,3039828.0,108767032.0,5210081.7
202505,603,Corticosteroids (endocrine),625810.0,31516067.0,3117126.67
202505,604,Sex Hormones,1547246.0,99152308.5,23053775.9
202505,605,"Hypothalamic and pituitary hormones and anti, oestrogens",32508.0,1675139.0,3231702.2
202505,606,Drugs affecting bone metabolism,519526.0,2653869.0,2915721.76
202505,607,Other endocrine drugs,11226.0,254401.0,644862.77
202505,702,Treatment of vaginal and vulval conditions,380315.0,7447209.0,5596748.319999999
202505,703,Contraceptives,585917.0,52608170.0,5125092.46
202505,704,Drugs for genito-urinary disorders,2118941.0,63655400.0,14418334.1
202505,705,Other drugs for gynaecological conditions,138.0,4654.0,7446.4
202505,801,Cytotoxic drugs,18427.0,709758.0,553525.8400000001
202505,802,Drugs affecting the immune response,89384.0,6783852.0,2377601.12
202505,803,Sex hormones and hormone antagonists in malignant disease,287001.0,7941272.0,12649904.31
202505,901,Anaemias and some other blood disorders,2163835.0,87803150.0,4933968.0
202505,902,Fluids and electrolytes,117617.0,8259860.0,1727284.4900000002
202505,904,Oral nutrition (OLD - DO NOT USE),4.0,12700.0,150.21
202505,905,Minerals,205757.0,33510598.0,4502734.47
202505,906,Vitamins,3055347.0,134520338.9,12857973.6
202505,908,Metabolic disorders,249.0,81815.0,172886.06
202505,910,Compound vitamin and mineral formulations,11547.0,353223.0,33289.16
202505,911,Health supplements,1118.0,135405.0,62128.48
202505,912,Other health supplements,12446.0,418921.0,60422.72
202505,913,Oral nutrition,579259.0,2260513621.5,43025508.96
202505,914,Enteral nutrition,30173.0,613524642.0,13117663.06
202506,1001,Drugs used in rheumatic diseases and gout,1941452.0,84665291.0,8034426.439999999
202506,1002,Drugs used in neuromuscular disorders,153520.0,24344816.0,882340.26
202506,1003,Drugs for soft-tissue disorders and topical pain relief,604541.0,65481795.0,3797191.81
202506,101,Dyspepsia and gastro-oesophageal reflux disease,359242.0,188096299.0,3253323.79
202506,102,Antispasmodics and other drugs altering gut motility,419383.0,35569174.0,5436382.84
202506,103,Antisecretory drugs and mucosal protectants,6782934.0,238375567.0,21832003.55
202506,104,Acute diarrhoea,140646.0,12418655.0,725795.52
202506,105,Chronic bowel disorders,218176.0,25467773.0,11537519.48
202506,106,Laxatives,1703180.0,205741911.0,13679930.86
202506,107,Local preparations for anal and rectal disorders,110262.0,2914927.0,833548.76
202506,109,Drugs affecting intestinal secretions,102039.0,23247992.0,7475670.69
202506,110,Drugs for hepatic disorders,13.0,1184.0,11975.79
202506,1103,Anti-infective eye preparations,92720.0,893196.0,634544.54
202506,1104,Corticosteroids and other anti-inflammatory preparations,232754.0,3943644.5,3082082.97
202506,1105,Mydriatics and cycloplegics,7464.0,182516.0,244751.09
202506,1106,Treatment of glaucoma,822900.0,15179074.0,9609427.35
202506,1107,Local anaesthetics,43.0,844.0,559.8499999999999
202506,1108,Miscellaneous ophthalmic preparations,166099.0,5161474.0,1845873.17
202506,1201,Drugs acting on the ear,149402.0,1018150.5,804563.77
202506,1202,Drugs acting on the nose,819123.0,3405811.0,7647378.880000001
202506,1203,Drugs acting on the oropharynx,72714.0,15685552.8,411552.77
202506,1301,Management of skin conditions,2843.0,1629054.0,15181.36
202506,1302,Emollient and barrier preparations,499774.0,264991194.0,4315163.48
202506,1303,Topical local anaesthetics and antipruritics,32577.0,9119107.0,364438.64
202506,1304,Topical corticosteroids,934375.0,50334387.0,6951908.02
202506,1305,Preparations for eczema and psoriasis,165030.0,13038647.0,7317912.78
202506,1306,Acne and rosacea,149296.0,7544164.0,3165745.72
202506,1307,Preparations for warts and calluses,13444.0,182605.0,322051.49
202506,1308,Sunscreens and camouflagers,36550.0,2371937.0,1355302.62
202506,1309,Shampoo and other preparations for scalp and hair conditions,109906.0,20903035.0,2378155.43
202506,1310,Anti-infective skin preparations,313831.0,10409127.5,1977130.76
202506,1311,"Skin cleansers,antiseptics and desloughing agents",20201.0,9554992.0,215162.49
202506,1312,Antiperspirants,4489.0,258653.0,40542.2
202506,1313,Wound management products,1420.0,15219.0,84539.45000000001
202506,1314,Topical circulatory preparations,6605.0,416590.0,33257.1
202506,1315,Miscellaneous topical preparations,168.0,18503.0,21123.55
202506,1404,Vaccines and antisera,174176.0,175590.0,2517378.5
202506,1405,Immunoglobulins,6.0,6.0,3150.0
202506,1501,General anaesthesia,33242.0,8003741.5,352787.23000000004
202506,1502,Local anaesthesia,120909.0,1893561.0,1806610.31
202506,1803,X-Ray contrast media,7.0,9400.0,1645.0
202506,1902,Selective preparations,47363.0,11789966.0,766812.13
202506,1904,Single substances,97.0,105380.0,1175.55
202506,1905,Other preparations,701.0,34873.0,9952.8
202506,1906,Acids,355.0,138403.0,19367.42
202506,1907,"Base,diluent, suspending agents and stabilisers",1.0,420.0,1.13
202506,1908,"Colouring,flavouring and sweetening agents",7.0,800.0,177.04
202506,1914,Waters,930.0,8769950.0,8467.279999999999
202506,2001,Absorbent Cottons,61.0,51975.0,665.88
202506,2002,Arm Sling/Bandages,39265.0,523180.0,1059913.11
202506,2003,Wound Management & Other Dressings,314703.0,5645608.7,11675833.54
202506,2004,Gauzes & Gauze Tissue,7778.0,323696.0,221850.96
202506,2005,Tracheostomy & Laryngectomy Appliances,18660.0,1034154.0,1811375.88
202506,2006,Foam,1.0,4.0,22.47
202506,2007,Lints,16.0,15950.0,454.4
202506,2009,Stockinette,35428.0,306643.0,502551.45
202506,201,Positive inotropic drugs,209781.0,5452188.0,340792.09
202506,2010,Surgical Adhesive Tape,16520.0,224449.0,84656.33
202506,2011,Surgical Sutures,7406.0,9482.0,19271.11
202506,2012,Swabs,20337.0,3959746.0,90156.17
202506,2014,"Skin Closure Strips, Sterile",6147.0,26538.0,6777.700000000001
202506,2015,"Skin Adhesive, Sterile",73.0,58.0,709.36
202506,202,Diuretics,2541727.0,82533896.0,5049748.25
202506,2020,Silk Garments,492.0,1645.0,30891.0
202506,203,Anti-arrhythmic drugs,74147.0,4037599.0,614698.0700000001
202506,204,Beta-adrenoceptor blocking drugs,3716604.0,142362883.0,5679248.69
202506,205,Hypertension and heart failure,6847809.0,250808625.0,24148163.05
202506,206,"Nitrates, calcium-channel blockers & other antianginal drugs",5157961.0,180700729.0,13634395.12
202506,207,Sympathomimetics and other vasoconstrictor drugs,25703.0,1873279.0,326673.25
202506,208,Anticoagulants and protamine,1874502.0,82337923.0,25280765.89
202506,209,Antiplatelet drugs,2712281.0,80871474.0,4977990.33
202506,2101,Other Appliances,890376.0,75701262.0,5093278.3
202506,2102,Catheters,128223.0,8818955.0,17409146.53
202506,2103,Chiropody Appliances,148.0,2023.0,1685.48
202506,2104,Contraceptive Devices,2890.0,2917.0,34972.25
202506,2106,Trusses,25.0,28.0,880.1799999999998
202506,2107,Elastic Hosiery,38990.0,106725.0,774870.96
202506,211,Antifibrinolytic drugs and haemostatics,55379.0,3381795.0,278034.49
202506,2112,Peak Flow Meters,22062.0,22203.0,117618.88
202506,2113,Catheter Maintenance Products,20783.0,12988240.0,791997.1599999999
202506,2114,Lubricant Gels,27300.0,1855233.0,103329.89
202506,2116,Irrigation Solutions,38078.0,758503.0,309230.21
202506,2118,Erectile Dysfunction Devices,2350.0,4826.0,277753.12
202506,2119,Oral Film Forming Agents,1107.0,108110.0,39952.76
202506,212,Lipid-regulating drugs,8549160.0,280422525.0,17941838.57
202506,2120,Venous Ulcer Compression System,8341.0,28430.0,451731.87
202506,2121,Dry Mouth Products,40090.0,4056155.0,256888.12
202506,2122,Emollients,907988.0,484111240.0,5529550.7
202506,2123,Vaginal Moisturisers,27807.0,1299118.0,273534.89
202506,2124,Nasal Products,28943.0,2015226.0,119346.93
202506,2125,Vaginal Dilators,221.0,235.0,7114.47
202506,2127,Lymphoedema Garments,57048.0,151665.0,4362229.77
202506,2128,Anal Irrigation System,20199.0,64641.0,4021890.0
202506,2129,Pressure Offloading Device,2353.0,3915.0,83580.73999999999
202506,2130,Eye Products,774618.0,11342680.0,6007337.52
202506,2132,Inhalation Solutions,8810.0,594457.0,218834.61
202506,2133,Indwelling Pleural Cath Drain System,936.0,9700.0,299960.57
202506,2134,Vaginal PH Correction Products,491.0,8393.0,5199.84
202506,2135,Acne Treatment,8.0,250.0,116.0
202506,2136,Adhesive Dressing Remover Ster Silicone,1480.0,120204.0,44541.81
202506,2137,Pelvic Toning Devices,2.0,2.0,30.0
202506,2138,Low Friction Products,2349.0,5332.0,59532.28999999999
202506,2139,Prosthetic Adhesives,13.0,240.0,190.2
202506,2140,Bacterial Decolonisation Products,257.0,27392.0,1302.36
202506,2141,Debridement Device,7075.0,85648.0,428210.33
202506,2142,Jaw Rehabilitation Device,111.0,634.0,8988.83
202506,2143,Micro-Enema - Sodium Citrate,48.0,579.0,251.38
202506,2147,Dev For Fungal Nail Infections,56.0,179.0,1199.23
202506,2148,Detection Sensor Interstitial Fluid/Gluc,359300.0,809874.0,28968556.7
202506,2149,Pulsed Electromagnetic Stimulator,1.0,1.0,13.95
202506,2202,Anal Plugs,828.0,31751.0,79504.61
202506,2205,Catheter Valves,13190.0,92889.0,234928.0
202506,2210,Drainable Dribbling Appliances,1.0,1.0,57.97
202506,2215,Faecal Collectors,296.0,6125.0,14718.740000000002
202506,2220,Incontinence Belts,1.0,7.0,99.89
202506,2230,Incontinence Sheaths,11590.0,464367.0,866175.67
202506,2240,Incontinence Sheath Fixing Strips & Adh,1411.0,44175.0,30493.63
202506,2250,Leg Bags,65906.0,777744.0,2268266.37
202506,2260,Night Drainage Bags,95212.0,2425276.0,1529607.4
202506,2270,Suspensory Systems,2243.0,19152.0,115651.13
202506,2280,Tubing And Accessories,35020.0,251175.0,533823.73
202506,2285,Insert For Female Stress Incont,1083.0,1325.0,54460.880000000005
202506,2290,Urinal Systems,1231.0,8328.0,62020.37
202506,2305,Adhesive Discs/Rings/Pads/Plasters,27474.0,1919960.0,1287428.34
202506,2310,Adhesive (Pastes/Sprays/Solutions),47.0,3524.0,900.1399999999999
202506,2315,Adhesive Removers (Sprays/Liquids/Wipes),111068.0,15574563.0,2393499.03
202506,2320,Bag Closures,259.0,10752.0,3229.28
202506,2325,Bag Covers,253.0,858.0,8036.56
202506,2330,Belts,10616.0,14893.0,569834.13
202506,2335,Colostomy Bags,39909.0,2865018.0,9488875.43
202506,2345,Deodorants,6783.0,1420612.0,92536.63
202506,2346,Discharge Solidifying Agents,2346.0,457671.0,150688.53
202506,2350,Filters/Bridges,239.0,14171.0,13049.54
202506,2355,Flanges,11.0,59.0,1076.57
202506,2360,Ileostomy Bags,69366.0,2723967.0,11796853.2
202506,2370,Irrigation Washout Appliances,3301.0,63606.0,123395.71
202506,2375,Pressure Plates/Shields,80.0,434.0,3680.66
202506,2380,Skin Fillers And Protectives,333106.0,36217395.0,3743243.23
202506,2385,Skin Protectors,29022.0,1192681.0,2509481.13
202506,2390,Stoma Caps/Dressings,1412.0,65860.0,96819.93
202506,2392,Tubing & Accessories,411.0,7467.0,20162.04
202506,2394,Two Piece Ostomy Systems,19451.0,759331.0,2021862.98
202506,2396,Urostomy Bags,14157.0,417400.0,2695936.5
202506,2399,Leakage Notification System,326.0,9006.0,28066.2
202506,301,Bronchodilators,1875404.0,9554793.0,18794473.51
202506,302,Corticosteroids (respiratory),2149503.0,3069395.0,69447363.34
202506,303,"Cromoglycate, leukotriene and phosphodesterase type-4 inhib",406853.0,12111439.0,587004.46
202506,304,"Antihistamines, hyposensitisation and allergic emergencies",1583272.0,79898040.0,10884533.96
202506,307,Mucolytics,364470.0,45028026.0,2055776.5
202506,309,Cough preparations,8473.0,2376458.0,116767.85
202506,310,Systemic nasal decongestants,773.0,46394.0,6844.47
202506,311,Antifibrotics,2.0,189.0,1455.5500000000002
202506,401,Hypnotics and anxiolytics,1099459.0,34301726.0,7311525.0
202506,402,Drugs used in psychoses and related disorders,1154175.0,38799560.0,14515321.84
202506,403,Antidepressant drugs,7745785.0,282882356.0,18077095.18
202506,404,CNS stimulants and drugs used for ADHD,330013.0,12454668.0,14981551.66
202506,405,Drugs used in the treatment of obesity,49803.0,4668342.0,1235611.28
202506,406,Drugs used in nausea and vertigo,523393.0,31677913.0,2877878.17
202506,407,Analgesics,4921722.0,540060751.8000001,36309783.11
202506,408,Antiepileptic drugs,2771751.0,220734561.0,25819086.28
202506,409,Drugs used in parkinsonism and related disorders,460002.0,35936561.0,9005307.41
202506,410,Drugs used in substance dependence,284268.0,100429154.2,5078574.109999999
202506,411,Drugs for dementia,410104.0,10392588.0,2892786.67
202506,501,Antibacterial drugs,2667949.0,96317335.0,14467539.07
202506,502,Antifungal drugs,164841.0,4877693.0,1381407.44
202506,503,Antiviral drugs,110458.0,5472999.0,1545440.27
202506,504,Antiprotozoal drugs,171054.0,4613249.0,724855.5900000001
202506,505,Anthelmintics,12313.0,161485.0,580336.74
202506,601,Drugs used in diabetes,6370074.0,335022051.0,151899269.64999998
202506,602,Thyroid and antithyroid drugs,2928702.0,104009614.0,5016940.3
202506,603,Corticosteroids (endocrine),597499.0,30082873.0,3049024.93
202506,604,Sex Hormones,1511223.0,97088942.0,22816391.92
202506,605,"Hypothalamic and pituitary hormones and anti, oestrogens",32026.0,1656863.5,3231309.98
202506,606,Drugs affecting bone metabolism,500139.0,2547056.0,2860221.02
202506,607,Other endocrine drugs,11145.0,263933.0,667787.44
202506,701,Drugs used in obstetrics,1.0,1.0,33.0
202506,702,Treatment of vaginal and vulval conditions,373604.0,7292257.0,5482811.84
202506,703,Contraceptives,575112.0,51435113.0,5180095.05
202506,704,Drugs for genito-urinary disorders,2052070.0,61574300.0,14083999.97
202506,705,Other drugs for gynaecological conditions,159.0,5656.0,9049.6
202506,801,Cytotoxic drugs,19713.0,745798.0,608333.9
202506,802,Drugs affecting the immune response,86176.0,6522067.0,2249784.09
202506,803,Sex hormones and hormone antagonists in malignant disease,275491.0,7581600.0,12181372.97
202506,901,Anaemias and some other blood disorders,2134268.0,86431306.0,4933475.22
202506,902,Fluids and electrolytes,117930.0,8165101.0,2102359.53
202506,904,Oral nutrition (OLD - DO NOT USE),3.0,11700.0,123.71
202506,905,Minerals,202586.0,32974532.0,4413278.25
202506,906,Vitamins,2962190.0,129561042.6,12401544.18
202506,908,Metabolic disorders,245.0,85200.0,146369.26
202506,910,Compound vitamin and mineral formulations,11385.0,344499.0,32202.14
202506,911,Health supplements,1081.0,129729.0,51437.25
202506,912,Other health supplements,12327.0,422688.0,60245.75
202506,913,Oral nutrition,569385.0,2211603285.5,41740813.33
202506,914,Enteral nutrition,27944.0,559317917.0,11956902.75
202507,1001,Drugs used in rheumatic diseases and gout,2065264.0,90331813.0,8646010.26
202507,1002,Drugs used in neuromuscular disorders,163320.0,25862252.0,897194.12
202507,1003,Drugs for soft-tissue disorders and topical pain relief,640820.0,69497746.0,3998229.64
202507,101,Dyspepsia and gastro-oesophageal reflux disease,375112.0,196859004.0,3414626.7
202507,102,Antispasmodics and other drugs altering gut motility,446119.0,37789545.0,5604236.87
202507,103,Antisecretory drugs and mucosal protectants,7249334.0,255284295.0,20144970.89
202507,104,Acute diarrhoea,150463.0,13365192.0,798887.95
202507,105,Chronic bowel disorders,232759.0,27268968.0,11720307.45
202507,106,Laxatives,1821232.0,220456136.0,14809620.52
202507,107,Local preparations for anal and rectal disorders,116532.0,3081594.0,890465.0599999999
202507,109,Drugs affecting intestinal secretions,106338.0,23701561.0,7877842.439999999
202507,110,Drugs for hepatic disorders,7.0,604.0,3751.1
202507,1103,Anti-infective eye preparations,89861.0,878078.5,622941.2
202507,1104,Corticosteroids and other anti-inflammatory preparations,209572.0,3747887.5,2967725.18
202507,1105,Mydriatics and cycloplegics,7871.0,194078.0,212353.24
202507,1106,Treatment of glaucoma,886257.0,16309305.0,10039683.98
202507,1107,Local anaesthetics,33.0,867.0,558.18
202507,1108,Miscellaneous ophthalmic preparations,174879.0,5406432.5,1935789.27
202507,1201,Drugs acting on the ear,168220.0,1146209.0,911707.61
202507,1202,Drugs acting on the nose,776700.0,3359932.0,7147888.44
202507,1203,Drugs acting on the oropharynx,74810.0,16357410.5,414001.97
202507,1301,Management of skin conditions,3024.0,1739450.0,16176.89
202507,1302,Emollient and barrier preparations,522085.0,276873379.0,4494042.46
202507,1303,Topical local anaesthetics and antipruritics,34418.0,9656895.0,389669.2
202507,1304,Topical corticosteroids,974711.0,52381128.0,7461222.36
202507,1305,Preparations for eczema and psoriasis,169003.0,13376752.0,7512928.85
202507,1306,Acne and rosacea,154884.0,7844419.0,3282033.7299999995
202507,1307,Preparations for warts and calluses,14144.0,191129.5,326167.19
202507,1308,Sunscreens and camouflagers,42512.0,2706207.0,1554055.55
202507,1309,Shampoo and other preparations for scalp and hair conditions,114191.0,21584540.0,2387152.86
202507,1310,Anti-infective skin preparations,330315.0,10712271.5,1936572.23
202507,1311,"Skin cleansers,antiseptics and desloughing agents",21919.0,10231491.0,228164.87
202507,1312,Antiperspirants,5329.0,306565.0,40766.37
202507,1313,Wound management products,1383.0,14934.0,82963.89
202507,1314,Topical circulatory preparations,7244.0,459236.0,36652.32
202507,1315,Miscellaneous topical preparations,179.0,23462.0,17850.09
202507,1404,Vaccines and antisera,170154.0,171727.0,2465440.68
202507,1405,Immunoglobulins,5.0,7.0,2100.0
202507,1501,General anaesthesia,35755.0,6729458.5,369551.74
202507,1502,Local anaesthesia,120506.0,1958885.5,1885800.41
202507,1803,X-Ray contrast media,2.0,1500.0,262.5
202507,1902,Selective preparations,46501.0,12681736.0,846440.37
202507,1904,Single substances,119.0,138350.0,1797.7800000000002
202507,1905,Other preparations,804.0,42822.0,10494.62
202507,1906,Acids,397.0,139547.0,17367.02
202507,1907,"Base,diluent, suspending agents and stabilisers",2.0,840.0,2.26
202507,1908,"Colouring,flavouring and sweetening agents",6.0,700.0,154.32
202507,1914,Waters,982.0,9175150.0,8894.06
202507,2001,Absorbent Cottons,55.0,43450.0,551.87
202507,2002,Arm Sling/Bandages,39106.0,522322.0,1053652.51
202507,2003,Wound Management & Other Dressings,322091.0,5834060.5,12213622.62
202507,2004,Gauzes & Gauze Tissue,7948.0,296069.0,230853.02
202507,2005,Tracheostomy & Laryngectomy Appliances,19584.0,1087956.0,1935648.49
202507,2006,Foam,2.0,8.0,44.94
202507,2007,Lints,11.0,7400.0,220.72
202507,2009,Stockinette,36095.0,309093.5,513183.69
202507,201,Positive inotropic drugs,223343.0,5846011.0,296465.28
202507,2010,Surgical Adhesive Tape,16636.0,226584.0,85328.12
202507,2011,Surgical Sutures,6436.0,8605.0,17832.15
202507,2012,Swabs,21494.0,4183695.0,92715.11
202507,2014,"Skin Closure Strips, Sterile",6606.0,29598.0,7615.199999999999
202507,2015,"Skin Adhesive, Sterile",104.0,69.86,790.9200000000001
202507,202,Diuretics,2713973.0,88468019.0,5554416.220000001
202507,2020,Silk Garments,496.0,1612.0,31562.36
202507,203,Anti-arrhythmic drugs,79856.0,4455137.0,712097.0900000001
202507,204,Beta-adrenoceptor blocking drugs,3974336.0,152759541.0,6106305.73
202507,205,Hypertension and heart failure,7323732.0,269386060.0,25530903.39
202507,206,"Nitrates, calcium-channel blockers & other antianginal drugs",5500137.0,193391757.0,14256806.98
202507,207,Sympathomimetics and other vasoconstrictor drugs,28488.0,2074119.0,330692.39
202507,208,Anticoagulants and protamine,2009829.0,88941764.6,25171451.42
202507,209,Antiplatelet drugs,2898776.0,86761705.0,5410573.62
202507,2101,Other Appliances,933210.0,80073942.0,5350917.67
202507,2102,Catheters,136095.0,9351076.0,18487277.46
202507,2103,Chiropody Appliances,169.0,2473.0,1902.16
202507,2104,Contraceptive Devices,2687.0,2727.0,32715.76
202507,2106,Trusses,45.0,45.0,1626.2399999999998
202507,2107,Elastic Hosiery,40261.0,109181.0,807623.21
202507,211,Antifibrinolytic drugs and haemostatics,59889.0,3637159.0,274587.63
202507,2112,Peak Flow Meters,20188.0,20288.0,109570.97
202507,2113,Catheter Maintenance Products,22296.0,14034340.0,837213.78
202507,2114,Lubricant Gels,29673.0,1996767.5,112134.89
202507,2116,Irrigation Solutions,39090.0,803180.0,326394.87
202507,2118,Erectile Dysfunction Devices,2395.0,5273.0,273811.3
202507,2119,Oral Film Forming Agents,1186.0,107830.0,43680.81
202507,212,Lipid-regulating drugs,9191072.0,302806948.0,18423375.03
202507,2120,Venous Ulcer Compression System,9219.0,31303.0,529241.67
202507,2121,Dry Mouth Products,44609.0,4476014.0,286818.99
202507,2122,Emollients,933328.0,496908362.0,5689217.92
202507,2123,Vaginal Moisturisers,30019.0,1412343.0,295356.69
202507,2124,Nasal Products,28553.0,2026596.0,119680.73
202507,2125,Vaginal Dilators,253.0,279.0,8260.83
202507,2127,Lymphoedema Garments,66342.0,179416.0,4981039.86
202507,2128,Anal Irrigation System,21795.0,68336.0,4326025.640000001
202507,2129,Pressure Offloading Device,2334.0,3889.0,84849.55
202507,213,Local sclerosants,3.0,3.0,13.62
202507,2130,Eye Products,833630.0,12196365.0,6493831.24
202507,2132,Inhalation Solutions,9264.0,624330.0,232759.59000000003
202507,2133,Indwelling Pleural Cath Drain System,936.0,9610.0,300200.01
202507,2134,Vaginal PH Correction Products,532.0,8767.0,5655.26
202507,2135,Acne Treatment,4.0,150.0,64.0
202507,2136,Adhesive Dressing Remover Ster Silicone,1582.0,129059.0,48679.060000000005
202507,2137,Pelvic Toning Devices,7.0,7.0,105.0
202507,2138,Low Friction Products,2146.0,4896.0,60040.45
202507,2139,Prosthetic Adhesives,12.0,228.0,180.69000000000003
202507,2140,Bacterial Decolonisation Products,308.0,35630.0,1567.6
202507,2141,Debridement Device,7269.0,87357.0,438891.94
202507,2142,Jaw Rehabilitation Device,125.0,598.0,8167.56
202507,2143,Micro-Enema - Sodium Citrate,42.0,456.0,197.97
202507,2147,Dev For Fungal Nail Infections,31.0,170.0,753.9499999999999
202507,2148,Detection Sensor Interstitial Fluid/Gluc,390376.0,881786.0,31692521.19
202507,2149,Pulsed Electromagnetic Stimulator,3.0,7.0,97.65
202507,2202,Anal Plugs,877.0,33166.0,83400.51
202507,2205,Catheter Valves,14486.0,101291.0,255376.83
202507,2210,Drainable Dribbling Appliances,1.0,1.0,14.3
202507,2215,Faecal Collectors,313.0,6530.0,16044.95
202507,2230,Incontinence Sheaths,12272.0,498208.0,930313.53
202507,2240,Incontinence Sheath Fixing Strips & Adh,1591.0,49504.0,33845.01
202507,2250,Leg Bags,69692.0,820576.0,2390967.83
202507,2260,Night Drainage Bags,101504.0,2602330.0,1619372.06
202507,2270,Suspensory Systems,2322.0,20659.0,123786.25
202507,2280,Tubing And Accessories,38386.0,275563.0,583573.45
202507,2285,Insert For Female Stress Incont,1124.0,1300.0,52347.18
202507,2290,Urinal Systems,1325.0,8905.0,66703.44
202507,2305,Adhesive Discs/Rings/Pads/Plasters,29708.0,2057782.0,1386464.08
202507,2310,Adhesive (Pastes/Sprays/Solutions),57.0,4266.0,1103.4299999999998
202507,2315,Adhesive Removers (Sprays/Liquids/Wipes),120212.0,16835005.0,2602352.11
202507,2320,Bag Closures,249.0,10615.0,2973.94
202507,2325,Bag Covers,307.0,1040.0,9908.75
202507,2330,Belts,12126.0,17026.0,644830.82
202507,2335,Colostomy Bags,42006.0,3023992.0,10020223.69
202507,2345,Deodorants,7305.0,1464722.0,98405.04
202507,2346,Discharge Solidifying Agents,2521.0,486487.0,159952.63
202507,2350,Filters/Bridges,227.0,13044.0,12923.17
202507,2355,Flanges,14.0,114.0,2143.21
202507,2360,Ileostomy Bags,73564.0,2885424.0,12494607.91
202507,2370,Irrigation Washout Appliances,3640.0,72019.0,142614.12
202507,2375,Pressure Plates/Shields,86.0,461.0,4289.26
202507,2380,Skin Fillers And Protectives,351566.0,38226560.0,3957343.77
202507,2385,Skin Protectors,31081.0,1280601.0,2701004.03
202507,2390,Stoma Caps/Dressings,1538.0,71951.0,105900.96
202507,2392,Tubing & Accessories,390.0,7368.0,19652.69
202507,2394,Two Piece Ostomy Systems,21305.0,828151.0,2214642.04
202507,2396,Urostomy Bags,15013.0,448320.0,2896879.22
202507,2399,Leakage Notification System,368.0,10697.0,33630.219999999994
202507,301,Bronchodilators,1927872.0,10013480.0,19583571.76
202507,302,Corticosteroids (respiratory),2268598.0,3263232.0,73858019.3
202507,303,"Cromoglycate, leukotriene and phosphodesterase type-4 inhib",428702.0,12766188.0,536336.86
202507,304,"Antihistamines, hyposensitisation and allergic emergencies",1577780.0,77376257.0,13090995.88
202507,307,Mucolytics,388915.0,48116340.0,2123655.9000000004
202507,309,Cough preparations,8366.0,2466109.0,152653.31
202507,310,Systemic nasal decongestants,770.0,43854.0,7133.610000000001
202507,311,Antifibrotics,1.0,126.0,1003.82
202507,401,Hypnotics and anxiolytics,1168154.0,36391936.0,7448740.35
202507,402,Drugs used in psychoses and related disorders,1224068.0,41105508.0,14022131.47
202507,403,Antidepressant drugs,8264468.0,302205598.0,18217076.16
202507,404,CNS stimulants and drugs used for ADHD,344099.0,12944930.0,15324401.03
202507,405,Drugs used in the treatment of obesity,53354.0,5007954.0,1275329.61
202507,406,Drugs used in nausea and vertigo,563986.0,34148734.0,2920997.52
202507,407,Analgesics,5232927.0,574606478.6,38401268.010000005
202507,408,Antiepileptic drugs,2960783.0,235672788.0,26983565.49
202507,409,Drugs used in parkinsonism and related disorders,490815.0,38544877.0,9474669.26
202507,410,Drugs used in substance dependence,297060.0,105412934.2,5369771.48
202507,411,Drugs for dementia,436678.0,11114254.0,3115318.75
202507,501,Antibacterial drugs,2788192.0,99900475.5,14567114.63
202507,502,Antifungal drugs,175456.0,5214207.0,1458231.7000000002
202507,503,Antiviral drugs,118225.0,5836886.0,1529817.99
202507,504,Antiprotozoal drugs,182402.0,4928066.0,639188.59
202507,505,Anthelmintics,12550.0,170115.0,555022.62
202507,601,Drugs used in diabetes,6837373.0,359838529.0,163647447.36
202507,602,Thyroid and antithyroid drugs,3142955.0,112079331.0,5226069.63
202507,603,Corticosteroids (endocrine),607390.0,30960075.0,3155728.2800000003
202507,604,Sex Hormones,1631880.0,104854932.0,24785096.07
202507,605,"Hypothalamic and pituitary hormones and anti, oestrogens",34023.0,1779347.0,3392725.99
202507,606,Drugs affecting bone metabolism,532862.0,2717384.0,3107958.2
202507,607,Other endocrine drugs,12173.0,292816.0,734800.68
202507,701,Drugs used in obstetrics,1.0,1.0,17.0
202507,702,Treatment of vaginal and vulval conditions,405605.0,7931301.0,6151379.67
202507,703,Contraceptives,599896.0,53825262.0,5450240.58
202507,704,Drugs for genito-urinary disorders,2202239.0,66411401.0,14435276.65
202507,705,Other drugs for gynaecological conditions,169.0,6504.0,10406.4
202507,801,Cytotoxic drugs,22760.0,829438.0,679924.71
202507,802,Drugs affecting the immune response,91115.0,6928748.0,2425736.23
202507,803,Sex hormones and hormone antagonists in malignant disease,293542.0,8146352.0,12725774.46
202507,901,Anaemias and some other blood disorders,2273795.0,92353757.0,5085814.29
202507,902,Fluids and electrolytes,131780.0,9082016.0,2315737.65
202507,904,Oral nutrition (OLD - DO NOT USE),1.0,400.0,18.82
202507,905,Minerals,214236.0,34766728.0,4620433.44
202507,906,Vitamins,3140384.0,137951231.1,12964651.99
202507,908,Metabolic disorders,224.0,92715.0,168836.5
202507,910,Compound vitamin and mineral formulations,11909.0,363612.0,34731.28
202507,911,Health supplements,1099.0,134550.0,54898.01
202507,912,Other health supplements,12015.0,388571.0,56943.32
202507,913,Oral nutrition,625930.0,2469516650.5,47029962.86
202507,914,Enteral nutrition,43967.0,848741765.0,17876995.4
202508,1001,Drugs used in rheumatic diseases and gout,1887474.0,82459773.0,7741811.57
202508,1002,Drugs used in neuromuscular disorders,150157.0,23681516.0,811624.6900000001
202508,1003,Drugs for soft-tissue disorders and topical pain relief,589860.0,63997425.0,3758742.76
202508,101,Dyspepsia and gastro-oesophageal reflux disease,346216.0,182002131.0,3111514.0700000003
202508,102,Antispasmodics and other drugs altering gut motility,408250.0,34446036.0,5094868.5200000005
202508,103,Antisecretory drugs and mucosal protectants,6683415.0,234603587.0,18764690.45
202508,104,Acute diarrhoea,138118.0,12134196.0,718719.0199999999
202508,105,Chronic bowel disorders,212179.0,24790178.0,10677504.33
202508,106,Laxatives,1668554.0,201457852.0,13810743.48
202508,107,Local preparations for anal and rectal disorders,104731.0,2779068.0,793512.23
202508,109,Drugs affecting intestinal secretions,96344.0,21306703.0,7029460.01
202508,110,Drugs for hepatic disorders,8.0,718.0,5282.9400000000005
202508,1103,Anti-infective eye preparations,75784.0,748619.5,540510.76
202508,1104,Corticosteroids and other anti-inflammatory preparations,170625.0,3175209.0,2596818.71
202508,1105,Mydriatics and cycloplegics,7217.0,176448.0,194581.72
202508,1106,Treatment of glaucoma,814704.0,15054831.0,9123868.55
202508,1107,Local anaesthetics,34.0,945.0,625.64
202508,1108,Miscellaneous ophthalmic preparations,157298.0,4850824.0,1721734.62
202508,1201,Drugs acting on the ear,152151.0,1054650.5,851827.73
202508,1202,Drugs acting on the nose,667582.0,2810027.0,6229276.75
202508,1203,Drugs acting on the oropharynx,64150.0,14930291.9,374530.38
202508,1301,Management of skin conditions,2582.0,1482850.0,13790.509999999998
202508,1302,Emollient and barrier preparations,464406.0,246215006.0,4025183.4
202508,1303,Topical local anaesthetics and antipruritics,30117.0,8539290.0,347231.77
202508,1304,Topical corticosteroids,856546.0,46225423.0,6570564.62
202508,1305,Preparations for eczema and psoriasis,149767.0,11813859.0,6635413.94
202508,1306,Acne and rosacea,142476.0,7194078.0,2980990.38
202508,1307,Preparations for warts and calluses,12552.0,168745.0,276563.4
202508,1308,Sunscreens and camouflagers,38980.0,2321709.0,1438798.4
202508,1309,Shampoo and other preparations for scalp and hair conditions,103182.0,19348078.0,2162595.35
202508,1310,Anti-infective skin preparations,295126.0,9675054.0,1751180.96
202508,1311,"Skin cleansers,antiseptics and desloughing agents",19964.0,9280371.0,205418.37
202508,1312,Antiperspirants,4400.0,249335.0,39565.92
202508,1313,Wound management products,1351.0,13844.0,76936.87
202508,1314,Topical circulatory preparations,6209.0,395472.0,34732.44
202508,1315,Miscellaneous topical preparations,146.0,25908.0,18230.22
202508,1404,Vaccines and antisera,166224.0,167417.5,2366794.58
202508,1405,Immunoglobulins,6.0,6.0,1800.0
202508,1501,General anaesthesia,32416.0,16496886.5,344769.55000000005
202508,1502,Local anaesthesia,104358.0,1795609.0,1725892.06
202508,1803,X-Ray contrast media,3.0,6000.0,1050.0
202508,1902,Selective preparations,43400.0,11177289.0,836376.37
202508,1904,Single substances,97.0,118505.0,4492.91
202508,1905,Other preparations,660.0,30557.0,8207.960000000001
202508,1906,Acids,344.0,132893.0,16271.67
202508,1908,"Colouring,flavouring and sweetening agents",8.0,1100.0,193.44
202508,1914,Waters,942.0,9364000.0,8890.02
202508,2001,Absorbent Cottons,49.0,35650.0,473.16
202508,2002,Arm Sling/Bandages,35697.0,470544.0,956987.24
202508,2003,Wound Management & Other Dressings,292848.0,5296937.3,11166844.41
202508,2004,Gauzes & Gauze Tissue,7378.0,271177.0,204447.79
202508,2005,Tracheostomy & Laryngectomy Appliances,17840.0,988315.0,1733739.1800000002
202508,2006,Foam,2.0,8.0,44.94
202508,2007,Lints,11.0,9000.0,259.58
202508,2009,Stockinette,32511.0,276436.5,452409.46
202508,201,Positive inotropic drugs,206081.0,5373613.0,272541.88
202508,2010,Surgical Adhesive Tape,15395.0,209468.0,80013.51000000001
202508,2011,Surgical Sutures,6006.0,7792.0,16270.76
202508,2012,Swabs,19390.0,3748991.0,85260.38
202508,2014,"Skin Closure Strips, Sterile",6800.0,30072.0,7728.41
202508,2015,"Skin Adhesive, Sterile",125.0,85.5,1059.72
202508,202,Diuretics,2485844.0,80668432.0,7634160.02
202508,2020,Silk Garments,398.0,1344.0,22392.45
202508,203,Anti-arrhythmic drugs,76614.0,4209421.0,676550.75
202508,204,Beta-adrenoceptor blocking drugs,3666899.0,140300249.0,5733188.67
202508,205,Hypertension and heart failure,6752870.0,247622410.0,23660238.05
202508,206,"Nitrates, calcium-channel blockers & other antianginal drugs",5065239.0,177580449.0,13050533.73
202508,207,Sympathomimetics and other vasoconstrictor drugs,26617.0,1919275.0,307860.82
202508,208,Anticoagulants and protamine,1859290.0,82365778.6,22892859.4
202508,209,Antiplatelet drugs,2676708.0,79910702.0,4969590.44
202508,2101,Other Appliances,836674.0,72323064.0,4783614.0200000005
202508,2102,Catheters,124426.0,8655097.0,17171914.91
202508,2103,Chiropody Appliances,151.0,2382.0,2519.25
202508,2104,Contraceptive Devices,2353.0,2384.0,28758.4
202508,2106,Trusses,27.0,29.0,951.68
202508,2107,Elastic Hosiery,36090.0,97874.0,729755.36
202508,211,Antifibrinolytic drugs and haemostatics,52050.0,3155139.0,236215.89
202508,2112,Peak Flow Meters,16468.0,16569.0,88762.74
202508,2113,Catheter Maintenance Products,20657.0,12838890.0,774422.32
202508,2114,Lubricant Gels,26751.0,1796791.0,100297.65
202508,2116,Irrigation Solutions,35283.0,701579.0,292790.24
202508,2118,Erectile Dysfunction Devices,2167.0,4514.0,251179.96
202508,2119,Oral Film Forming Agents,1122.0,100759.0,42364.61
202508,212,Lipid-regulating drugs,8511711.0,279536475.0,17189642.51
202508,2120,Venous Ulcer Compression System,8121.0,27279.0,464119.99
202508,2121,Dry Mouth Products,40764.0,4136657.0,262079.56
202508,2122,Emollients,827063.0,440349959.0,5048773.63
202508,2123,Vaginal Moisturisers,27226.0,1276744.0,268284.56
202508,2124,Nasal Products,24844.0,1792796.0,105800.08
202508,2125,Vaginal Dilators,198.0,202.0,6206.31
202508,2127,Lymphoedema Garments,56721.0,151649.0,4402337.58
202508,2128,Anal Irrigation System,20265.0,62402.0,4045499.19
202508,2129,Pressure Offloading Device,2083.0,3480.0,76305.58
202508,2130,Eye Products,755538.0,11064557.0,5932241.08
202508,2131,Cycloidal Vibration Accessories,1.0,60.0,300.0
202508,2132,Inhalation Solutions,8428.0,565783.0,209680.93
202508,2133,Indwelling Pleural Cath Drain System,817.0,8735.0,279788.08
202508,2134,Vaginal PH Correction Products,447.0,7134.0,4508.28
202508,2135,Acne Treatment,5.0,125.0,65.0
202508,2136,Adhesive Dressing Remover Ster Silicone,1435.0,105606.0,40069.84
202508,2137,Pelvic Toning Devices,1.0,1.0,15.0
202508,2138,Low Friction Products,1949.0,4605.0,54899.21
202508,2139,Prosthetic Adhesives,10.0,204.0,161.67000000000002
202508,2140,Bacterial Decolonisation Products,235.0,24152.0,1145.03
202508,2141,Debridement Device,6670.0,79984.0,403369.54
202508,2142,Jaw Rehabilitation Device,98.0,525.0,4364.27
202508,2143,Micro-Enema - Sodium Citrate,41.0,575.0,249.64
202508,2147,Dev For Fungal Nail Infections,36.0,79.0,674.9799999999999
202508,2148,Detection Sensor Interstitial Fluid/Gluc,359067.0,810405.0,29257457.01
202508,2149,Pulsed Electromagnetic Stimulator,4.0,4.0,55.8
202508,2202,Anal Plugs,794.0,30704.0,76661.0
202508,2205,Catheter Valves,13029.0,91709.0,231728.91
202508,2210,Drainable Dribbling Appliances,1.0,1.0,14.3
202508,2215,Faecal Collectors,312.0,6165.0,15506.84
202508,2230,Incontinence Sheaths,11269.0,458322.0,853230.48
202508,2240,Incontinence Sheath Fixing Strips & Adh,1353.0,43203.0,29377.620000000003
202508,2250,Leg Bags,63040.0,743018.0,2171051.06
202508,2260,Night Drainage Bags,91574.0,2344165.0,1473648.9
202508,2270,Suspensory Systems,2018.0,17233.0,104654.92
202508,2280,Tubing And Accessories,36117.0,260711.0,548004.21
202508,2285,Insert For Female Stress Incont,1018.0,1164.0,48297.46000000001
202508,2290,Urinal Systems,1185.0,8898.0,63577.6
202508,2305,Adhesive Discs/Rings/Pads/Plasters,27320.0,1906039.0,1283672.65
202508,2310,Adhesive (Pastes/Sprays/Solutions),42.0,3158.0,822.99
202508,2315,Adhesive Removers (Sprays/Liquids/Wipes),109971.0,15403438.0,2390769.34
202508,2320,Bag Closures,254.0,11241.0,3484.83
202508,2325,Bag Covers,297.0,1026.0,9000.83
202508,2330,Belts,10841.0,15532.0,581818.72
202508,2335,Colostomy Bags,39225.0,2815299.0,9338457.87
202508,2345,Deodorants,6988.0,1456692.0,95210.9
202508,2346,Discharge Solidifying Agents,2303.0,435370.0,143296.18
202508,2350,Filters/Bridges,217.0,13580.0,12093.43
202508,2355,Flanges,9.0,50.0,903.3
202508,2360,Ileostomy Bags,67537.0,2644904.0,11498123.43
202508,2370,Irrigation Washout Appliances,3179.0,65270.0,122910.22
202508,2375,Pressure Plates/Shields,91.0,351.0,3513.5400000000004
202508,2380,Skin Fillers And Protectives,321790.0,34966515.0,3630984.16
202508,2385,Skin Protectors,28631.0,1178904.0,2485532.75
202508,2390,Stoma Caps/Dressings,1328.0,61120.0,90126.81
202508,2392,Tubing & Accessories,329.0,5648.0,15692.81
202508,2394,Two Piece Ostomy Systems,19023.0,751273.0,1999705.6
202508,2396,Urostomy Bags,13917.0,414371.0,2679919.6
202508,2399,Leakage Notification System,357.0,9955.0,32022.22
202508,301,Bronchodilators,1719676.0,8989292.0,17786627.69
202508,302,Corticosteroids (respiratory),2057160.0,2989395.0,67515842.35
202508,303,"Cromoglycate, leukotriene and phosphodesterase type-4 inhib",388335.0,11488321.0,479034.18
202508,304,"Antihistamines, hyposensitisation and allergic emergencies",1367341.0,64866118.0,11733573.97
202508,307,Mucolytics,359200.0,44219476.0,1862435.77
202508,309,Cough preparations,7598.0,2199912.0,128590.74
202508,310,Systemic nasal decongestants,706.0,42587.0,6612.41
202508,401,Hypnotics and anxiolytics,1078528.0,33266862.0,6775942.66
202508,402,Drugs used in psychoses and related disorders,1130647.0,37624885.0,13229037.35
202508,403,Antidepressant drugs,7597746.0,276954712.0,16746513.94
202508,404,CNS stimulants and drugs used for ADHD,314215.0,11758282.0,14208218.59
202508,405,Drugs used in the treatment of obesity,46797.0,4336706.0,1103400.59
202508,406,Drugs used in nausea and vertigo,519540.0,31336922.0,2729735.67
202508,407,Analgesics,4814217.0,528890389.4,35366888.36
202508,408,Antiepileptic drugs,2723554.0,215207126.0,24337869.62
202508,409,Drugs used in parkinsonism and related disorders,452128.0,35414179.0,8787646.1
202508,410,Drugs used in substance dependence,280138.0,98527566.2,5001119.85
202508,411,Drugs for dementia,402966.0,10202080.0,2785742.54
202508,501,Antibacterial drugs,2495417.0,84980465.5,13270736.63
202508,502,Antifungal drugs,160655.0,4777772.0,1304252.78
202508,503,Antiviral drugs,107991.0,5291300.0,1535385.52
202508,504,Antiprotozoal drugs,167289.0,4511687.0,585291.44
202508,505,Anthelmintics,11190.0,148579.0,504973.7
202508,601,Drugs used in diabetes,6277734.0,329223833.0,146968322.72
202508,602,Thyroid and antithyroid drugs,2881005.0,102115050.0,4781062.62
202508,603,Corticosteroids (endocrine),552644.0,28311079.0,2874856.23
202508,604,Sex Hormones,1487505.0,95379836.0,22653031.13
202508,605,"Hypothalamic and pituitary hormones and anti, oestrogens",29742.0,1552394.0,2898768.55
202508,606,Drugs affecting bone metabolism,490776.0,2502089.0,2785198.43
202508,607,Other endocrine drugs,11436.0,280398.0,710296.77
202508,702,Treatment of vaginal and vulval conditions,378860.0,7410244.0,5710708.279999999
202508,703,Contraceptives,534388.0,47548718.0,4709102.37
202508,704,Drugs for genito-urinary disorders,2037663.0,60925259.0,13350731.84
202508,705,Other drugs for gynaecological conditions,179.0,6356.0,10169.6
202508,801,Cytotoxic drugs,20000.0,760757.0,599125.8
202508,802,Drugs affecting the immune response,83369.0,6287970.0,2154368.41
202508,803,Sex hormones and hormone antagonists in malignant disease,271461.0,7503079.0,11759926.76
202508,901,Anaemias and some other blood disorders,2089540.0,82516911.0,4657420.12
202508,902,Fluids and electrolytes,116665.0,8070569.0,2015148.25
202508,904,Oral nutrition (OLD - DO NOT USE),2.0,6500.0,85.75
202508,905,Minerals,192630.0,31195292.0,4167041.57
202508,906,Vitamins,2889397.0,126609878.9,12107620.01
202508,908,Metabolic disorders,212.0,57057.0,135554.68
202508,909,Foods,1.0,12000.0,145.8
202508,910,Compound vitamin and mineral formulations,11578.0,354060.0,32037.0
202508,911,Health supplements,963.0,107041.0,49899.5
202508,912,Other health supplements,9107.0,283518.0,43576.65
202508,913,Oral nutrition,556015.0,2173552803.5,40781126.05
202508,914,Enteral nutrition,30559.0,606305817.0,12919935.03
202509,1001,Drugs used in rheumatic diseases and gout,1992636.0,87040533.0,8101785.99
202509,1002,Drugs used in neuromuscular disorders,157665.0,25209702.0,852569.26
202509,1003,Drugs for soft-tissue disorders and topical pain relief,629552.0,68256660.0,3969250.32
202509,101,Dyspepsia and gastro-oesophageal reflux disease,374186.0,195761779.0,3367173.67
202509,102,Antispasmodics and other drugs altering gut motility,430151.0,36450175.0,4965339.47
202509,103,Antisecretory drugs and mucosal protectants,7046366.0,247312611.0,20318992.17
202509,104,Acute diarrhoea,144966.0,12784675.0,779638.0
202509,105,Chronic bowel disorders,223369.0,26072505.0,11228437.87
202509,106,Laxatives,1778706.0,214733554.0,14859125.86
202509,107,Local preparations for anal and rectal disorders,115304.0,3045682.0,883036.88
202509,109,Drugs affecting intestinal secretions,101456.0,22585791.0,7524835.48
202509,110,Drugs for hepatic disorders,8.0,684.0,4963.42
202509,1103,Anti-infective eye preparations,78590.0,779322.5,550713.3
202509,1104,Corticosteroids and other anti-inflammatory preparations,169983.0,3233643.0,2742968.15
202509,1105,Mydriatics and cycloplegics,7640.0,185947.0,208804.72
202509,1106,Treatment of glaucoma,851298.0,15813969.5,9411410.73
202509,1107,Local anaesthetics,35.0,670.0,439.79
202509,1108,Miscellaneous ophthalmic preparations,166660.0,5134944.0,1834568.21
202509,1201,Drugs acting on the ear,155126.0,1085802.0,925781.44
202509,1202,Drugs acting on the nose,703703.0,3012816.0,6608681.619999999
202509,1203,Drugs acting on the oropharynx,74384.0,16378090.9,414190.36
202509,1301,Management of skin conditions,2797.0,1597440.0,14859.89
202509,1302,Emollient and barrier preparations,492838.0,261230426.0,4261161.970000001
202509,1303,Topical local anaesthetics and antipruritics,31227.0,8832585.0,362149.91
202509,1304,Topical corticosteroids,890606.0,47963016.0,6827877.03
202509,1305,Preparations for eczema and psoriasis,159500.0,12561371.0,7036172.13
202509,1306,Acne and rosacea,158619.0,7883596.0,3274005.87
202509,1307,Preparations for warts and calluses,13287.0,173553.0,308434.31999999995
202509,1308,Sunscreens and camouflagers,37009.0,2247739.0,1359702.41
202509,1309,Shampoo and other preparations for scalp and hair conditions,111417.0,20890566.0,2310085.63
202509,1310,Anti-infective skin preparations,317422.0,10438679.5,1896042.09
202509,1311,"Skin cleansers,antiseptics and desloughing agents",21360.0,9958542.0,219148.17
202509,1312,Antiperspirants,4268.0,245872.0,35729.08
202509,1313,Wound management products,1359.0,14365.0,79276.75
202509,1314,Topical circulatory preparations,6293.0,401218.0,35229.44
202509,1315,Miscellaneous topical preparations,136.0,17800.0,17640.53
202509,1404,Vaccines and antisera,199153.0,200556.0,2993360.98
202509,1405,Immunoglobulins,9.0,9.0,4500.0
202509,1501,General anaesthesia,32945.0,6602561.0,347039.21
202509,1502,Local anaesthesia,119193.0,1945391.5,1823070.57
202509,1803,X-Ray contrast media,5.0,6500.0,1137.5
202509,1902,Selective preparations,45185.0,12111782.0,879587.63
202509,1904,Single substances,96.0,99345.0,1056.76
202509,1905,Other preparations,695.0,33447.0,9035.35
202509,1906,Acids,379.0,136224.0,16858.13
202509,1907,"Base,diluent, suspending agents and stabilisers",3.0,1260.0,3.39
202509,1908,"Colouring,flavouring and sweetening agents",9.0,1200.0,758.4399999999999
202509,1914,Waters,986.0,9790450.0,10250.98
202509,2001,Absorbent Cottons,64.0,52750.0,697.88
202509,2002,Arm Sling/Bandages,38039.0,502760.0,1019414.72
202509,2003,Wound Management & Other Dressings,309550.0,5591737.4,11986308.73
202509,2004,Gauzes & Gauze Tissue,7925.0,305426.0,221632.76
202509,2005,Tracheostomy & Laryngectomy Appliances,18947.0,1070049.0,1878817.22
202509,2006,Foam,1.0,4.0,22.47
202509,2007,Lints,13.0,24300.0,676.96
202509,2009,Stockinette,34555.0,296823.5,500621.7
202509,201,Positive inotropic drugs,216336.0,5632620.0,285540.51
202509,2010,Surgical Adhesive Tape,15749.0,218120.5,84638.2
202509,2011,Surgical Sutures,7816.0,10491.0,21201.85
202509,2012,Swabs,20303.0,4048120.0,91665.03
202509,2014,"Skin Closure Strips, Sterile",6228.0,28473.0,7327.51
202509,2015,"Skin Adhesive, Sterile",70.0,73.5,1007.87
202509,202,Diuretics,2595690.0,84315560.0,8056450.32
202509,2020,Silk Garments,403.0,1324.0,27121.19
202509,203,Anti-arrhythmic drugs,78020.0,4265743.0,710593.91
202509,204,Beta-adrenoceptor blocking drugs,3850026.0,147745090.0,6083369.7
202509,205,Hypertension and heart failure,7076508.0,259814053.0,24867604.040000003
202509,206,"Nitrates, calcium-channel blockers & other antianginal drugs",5310508.0,186469798.0,13840570.69
202509,207,Sympathomimetics and other vasoconstrictor drugs,28155.0,2055811.0,323003.94
202509,208,Anticoagulants and protamine,1946889.0,86334934.4,23571930.18
202509,209,Antiplatelet drugs,2804961.0,83645380.0,5198330.83
202509,2101,Other Appliances,912347.0,76167992.0,5258619.11
202509,2102,Catheters,132725.0,8997882.0,17926518.82
202509,2103,Chiropody Appliances,144.0,2412.0,1953.15
202509,2104,Contraceptive Devices,2471.0,2513.0,30312.7
202509,2106,Trusses,22.0,23.0,797.31
202509,2107,Elastic Hosiery,38018.0,103409.0,757487.37
202509,211,Antifibrinolytic drugs and haemostatics,58323.0,3534928.0,265403.52
202509,2112,Peak Flow Meters,19266.0,19341.0,104043.39
202509,2113,Catheter Maintenance Products,21620.0,13630160.0,812079.6799999999
202509,2114,Lubricant Gels,28134.0,1947637.5,108595.74
202509,2116,Irrigation Solutions,36682.0,730201.0,303589.25
202509,2118,Erectile Dysfunction Devices,2318.0,5076.0,261017.39
202509,2119,Oral Film Forming Agents,1075.0,98193.0,39086.34
202509,212,Lipid-regulating drugs,8931111.0,293477163.0,18342828.34
202509,2120,Venous Ulcer Compression System,8465.0,28781.0,493680.95
202509,2121,Dry Mouth Products,42701.0,4282240.0,273945.2
202509,2122,Emollients,877768.0,468530807.0,5352091.54
202509,2123,Vaginal Moisturisers,28865.0,1373160.0,292562.59
202509,2124,Nasal Products,29186.0,1984822.0,117766.08
202509,2125,Vaginal Dilators,190.0,194.0,5737.08
202509,2127,Lymphoedema Garments,59002.0,157721.0,4567280.09
202509,2128,Anal Irrigation System,20985.0,66886.0,4211251.460000001
202509,2129,Pressure Offloading Device,2165.0,3519.0,76423.19
202509,2130,Eye Products,789369.0,11576642.5,6194426.109999999
202509,2132,Inhalation Solutions,9059.0,613324.0,225946.19
202509,2133,Indwelling Pleural Cath Drain System,941.0,9755.0,303806.91
202509,2134,Vaginal PH Correction Products,505.0,8431.0,5419.75
202509,2135,Acne Treatment,3.0,75.0,39.0
202509,2136,Adhesive Dressing Remover Ster Silicone,1439.0,120434.0,44634.55
202509,2137,Pelvic Toning Devices,3.0,3.0,45.0
202509,2138,Low Friction Products,2030.0,4638.0,54675.95
202509,2139,Prosthetic Adhesives,16.0,336.0,266.28
202509,2140,Bacterial Decolonisation Products,275.0,31736.0,1355.8200000000002
202509,2141,Debridement Device,7173.0,84776.0,425797.49
202509,2142,Jaw Rehabilitation Device,123.0,669.0,6210.76
202509,2143,Micro-Enema - Sodium Citrate,50.0,905.0,392.9
202509,2147,Dev For Fungal Nail Infections,27.0,85.0,514.25
202509,2148,Detection Sensor Interstitial Fluid/Gluc,374514.0,844871.0,30604076.04
202509,2202,Anal Plugs,864.0,32584.0,82034.72
202509,2205,Catheter Valves,13793.0,96109.0,243950.82
202509,2210,Drainable Dribbling Appliances,3.0,3.0,130.24
202509,2215,Faecal Collectors,291.0,6265.0,15241.12
202509,2230,Incontinence Sheaths,11746.0,475344.0,886235.47
202509,2240,Incontinence Sheath Fixing Strips & Adh,1433.0,45596.0,30877.13
202509,2250,Leg Bags,66896.0,785856.0,2292163.83
202509,2260,Night Drainage Bags,97209.0,2483348.0,1566322.43
202509,2270,Suspensory Systems,2171.0,19117.0,114952.54
202509,2280,Tubing And Accessories,39868.0,289078.0,605777.52
202509,2285,Insert For Female Stress Incont,1035.0,1240.0,51142.23
202509,2290,Urinal Systems,1232.0,8695.0,62781.32000000001
202509,2305,Adhesive Discs/Rings/Pads/Plasters,28616.0,2014389.0,1360619.01
202509,2310,Adhesive (Pastes/Sprays/Solutions),42.0,3834.0,966.69
202509,2315,Adhesive Removers (Sprays/Liquids/Wipes),115740.0,16203241.0,2524105.52
202509,2320,Bag Closures,245.0,9243.0,3009.87
202509,2325,Bag Covers,270.0,906.0,8465.279999999999
202509,2330,Belts,10976.0,15355.0,582910.87
202509,2335,Colostomy Bags,40165.0,2890868.0,9594090.49
202509,2345,Deodorants,7331.0,1513488.0,101209.85
202509,2346,Discharge Solidifying Agents,2474.0,486699.0,159336.30000000002
202509,2350,Filters/Bridges,257.0,16161.0,15291.89
202509,2355,Flanges,11.0,37.0,739.23
202509,2360,Ileostomy Bags,70793.0,2786612.0,12091848.39
202509,2370,Irrigation Washout Appliances,3407.0,66873.0,126641.2
202509,2375,Pressure Plates/Shields,90.0,526.0,4660.4
202509,2380,Skin Fillers And Protectives,340198.0,37139971.6,3834908.03
202509,2385,Skin Protectors,29962.0,1233395.0,2598405.47
202509,2390,Stoma Caps/Dressings,1394.0,65770.0,96938.07
202509,2392,Tubing & Accessories,471.0,7509.0,20118.300000000003
202509,2394,Two Piece Ostomy Systems,19880.0,770751.0,2060152.21
202509,2396,Urostomy Bags,14429.0,427933.0,2772869.19
202509,2399,Leakage Notification System,456.0,13053.0,41418.02
202509,301,Bronchodilators,1861696.0,9458344.0,18747461.84
202509,302,Corticosteroids (respiratory),2220850.0,3246194.0,72159336.4
202509,303,"Cromoglycate, leukotriene and phosphodesterase type-4 inhib",413652.0,12290062.0,517981.81
202509,304,"Antihistamines, hyposensitisation and allergic emergencies",1398605.0,66987221.0,12890839.58
202509,307,Mucolytics,379781.0,46725468.0,1974039.53
202509,308,Aromatic inhalations,1.0,15.0,2.6
202509,309,Cough preparations,9059.0,2540439.0,159347.33000000002
202509,310,Systemic nasal decongestants,819.0,50028.0,7784.66
202509,401,Hypnotics and anxiolytics,1144860.0,35722705.0,7381434.0
202509,402,Drugs used in psychoses and related disorders,1185511.0,39573376.0,13950548.69
202509,403,Antidepressant drugs,8020352.0,292506209.0,19156317.76
202509,404,CNS stimulants and drugs used for ADHD,350896.0,13055974.0,15573490.14
202509,405,Drugs used in the treatment of obesity,49224.0,4581092.0,1165210.5
202509,406,Drugs used in nausea and vertigo,548950.0,33049757.0,2882946.72
202509,407,Analgesics,5075036.0,557553800.2,37379077.7
202509,408,Antiepileptic drugs,2866461.0,227184692.0,26047888.31
202509,409,Drugs used in parkinsonism and related disorders,472403.0,37097008.0,9522873.47
202509,410,Drugs used in substance dependence,283694.0,99629951.2,5101317.4
202509,411,Drugs for dementia,425906.0,10731938.0,2877992.88
202509,501,Antibacterial drugs,2773457.0,97401526.5,14782613.47
202509,502,Antifungal drugs,168492.0,4990002.0,1438883.39
202509,503,Antiviral drugs,113809.0,5598538.0,1885187.38
202509,504,Antiprotozoal drugs,174103.0,4689846.0,605654.38
202509,505,Anthelmintics,14579.0,194524.0,642082.04
202509,601,Drugs used in diabetes,6668080.0,346255732.0,189511635.34
202509,602,Thyroid and antithyroid drugs,3027869.0,107556491.0,5092989.01
202509,603,Corticosteroids (endocrine),616314.0,30771928.0,3236560.34
202509,604,Sex Hormones,1563282.0,101421798.5,23669484.1
202509,605,"Hypothalamic and pituitary hormones and anti, oestrogens",32694.0,1727773.0,3179507.31
202509,606,Drugs affecting bone metabolism,510077.0,2604323.0,2977454.74
202509,607,Other endocrine drugs,12262.0,304418.0,766605.1799999999
202509,702,Treatment of vaginal and vulval conditions,404667.0,7894595.0,6090011.55
202509,703,Contraceptives,575600.0,51274971.0,5250729.04
202509,704,Drugs for genito-urinary disorders,2140512.0,64111384.0,14129117.48
202509,705,Other drugs for gynaecological conditions,196.0,6891.0,11025.6
202509,801,Cytotoxic drugs,22601.0,814601.0,669034.4
202509,802,Drugs affecting the immune response,87442.0,6659979.0,2312984.85
202509,803,Sex hormones and hormone antagonists in malignant disease,285289.0,7899721.0,12250539.75
202509,901,Anaemias and some other blood disorders,2211465.0,88204076.0,4928814.25
202509,902,Fluids and electrolytes,118732.0,8473489.0,2098143.0300000003
202509,904,Oral nutrition (OLD - DO NOT USE),2.0,8500.0,96.15
202509,905,Minerals,210363.0,34456446.0,4598729.1
202509,906,Vitamins,3044323.0,133472623.3,12804654.32
202509,908,Metabolic disorders,281.0,78634.0,154046.97999999998
202509,910,Compound vitamin and mineral formulations,12044.0,362145.0,32893.25
202509,911,Health supplements,1041.0,114563.0,46889.41
202509,912,Other health supplements,12526.0,454721.0,68683.11
202509,913,Oral nutrition,591319.0,2306303059.0,43395325.46
202509,914,Enteral nutrition,32298.0,636883493.0,13593435.96
202510,1001,Drugs used in rheumatic diseases and gout,2024995.0,88679158.0,7691616.16
202510,1002,Drugs used in neuromuscular disorders,162773.0,25905931.0,841785.28
202510,1003,Drugs for soft-tissue disorders and topical pain relief,640167.0,69494980.0,4052004.47
202510,101,Dyspepsia and gastro-oesophageal reflux disease,387279.0,202988615.0,3461483.47
202510,102,Antispasmodics and other drugs altering gut motility,438234.0,36902085.0,4865490.39
202510,103,Antisecretory drugs and mucosal protectants,7221023.0,252842106.0,16661456.71
202510,104,Acute diarrhoea,146787.0,13029999.0,773133.34
202510,105,Chronic bowel disorders,226948.0,26466615.0,11337986.49
202510,106,Laxatives,1826534.0,220241184.0,15092044.16
202510,107,Local preparations for anal and rectal disorders,120174.0,3171875.0,918460.93
202510,109,Drugs affecting intestinal secretions,106403.0,23746142.0,8093990.45
202510,110,Drugs for hepatic disorders,6.0,524.0,5096.18
202510,1103,Anti-infective eye preparations,85126.0,855003.5,593366.23
202510,1104,Corticosteroids and other anti-inflammatory preparations,168247.0,3225019.5,2733369.18
202510,1105,Mydriatics and cycloplegics,7959.0,189962.0,197766.88
202510,1106,Treatment of glaucoma,877138.0,16421385.0,9564977.75
202510,1107,Local anaesthetics,42.0,838.0,552.9
202510,1108,Miscellaneous ophthalmic preparations,172681.0,5198080.5,1886469.68
202510,1201,Drugs acting on the ear,161528.0,1138419.5,991907.12
202510,1202,Drugs acting on the nose,732699.0,3195143.0,6232183.02
202510,1203,Drugs acting on the oropharynx,83079.0,16749928.6,433063.98
202510,1301,Management of skin conditions,2717.0,1572490.0,13623.95
202510,1302,Emollient and barrier preparations,495944.0,262864290.0,4292068.57
202510,1303,Topical local anaesthetics and antipruritics,31930.0,9024943.0,372277.44000000006
202510,1304,Topical corticosteroids,922272.0,49971634.0,6965544.34
202510,1305,Preparations for eczema and psoriasis,165490.0,12942075.0,7260390.56
202510,1306,Acne and rosacea,158524.0,7875969.0,3323868.18
202510,1307,Preparations for warts and calluses,12193.0,162201.0,302035.37
202510,1308,Sunscreens and camouflagers,39323.0,2163620.0,1460538.49
202510,1309,Shampoo and other preparations for scalp and hair conditions,115055.0,21536985.0,1837613.41
202510,1310,Anti-infective skin preparations,327021.0,11033860.5,1935869.96
202510,1311,"Skin cleansers,antiseptics and desloughing agents",21828.0,10106147.0,220825.72
202510,1312,Antiperspirants,3874.0,221898.0,34941.81
202510,1313,Wound management products,1428.0,15047.0,82682.56999999999
202510,1314,Topical circulatory preparations,6057.0,389090.0,34174.6
202510,1315,Miscellaneous topical preparations,145.0,24981.0,16800.38
202510,1404,Vaccines and antisera,8711111.0,8712854.5,149772093.98000002
202510,1405,Immunoglobulins,6.0,7.0,2100.0
202510,1501,General anaesthesia,36362.0,33226764.5,334723.64
202510,1502,Local anaesthesia,118640.0,1969381.5,1859885.34
202510,1803,X-Ray contrast media,3.0,2500.0,437.5
202510,1902,Selective preparations,43585.0,11897812.0,844908.92
202510,1904,Single substances,108.0,116350.0,1238.54
202510,1905,Other preparations,818.0,42849.0,10520.21
202510,1906,Acids,390.0,142084.0,32930.31
202510,1908,"Colouring,flavouring and sweetening agents",6.0,800.0,142.57999999999998
202510,1914,Waters,1072.0,10808950.0,11294.1
202510,2001,Absorbent Cottons,52.0,45075.0,584.36
202510,2002,Arm Sling/Bandages,38276.0,500255.0,1037674.44
202510,2003,Wound Management & Other Dressings,311120.0,5591665.3,11964180.98
202510,2004,Gauzes & Gauze Tissue,8008.0,285553.0,225570.54
202510,2005,Tracheostomy & Laryngectomy Appliances,19741.0,1119520.0,1954678.54
202510,2006,Foam,1.0,4.0,22.47
202510,2007,Lints,10.0,19500.0,540.46
202510,2009,Stockinette,34908.0,299328.5,489735.81000000006
202510,201,Positive inotropic drugs,221103.0,5757889.0,247388.83
202510,2010,Surgical Adhesive Tape,16233.0,220996.5,82949.68000000001
202510,2011,Surgical Sutures,7000.0,9136.0,18974.64
202510,2012,Swabs,20245.0,4060885.0,94259.91
202510,2014,"Skin Closure Strips, Sterile",7493.0,30549.0,7860.07
202510,2015,"Skin Adhesive, Sterile",68.0,42.5,489.39
202510,202,Diuretics,2649785.0,85920898.0,7513676.05
202510,2020,Silk Garments,415.0,1506.0,28311.47
202510,203,Anti-arrhythmic drugs,77758.0,4300551.0,671186.99
202510,204,Beta-adrenoceptor blocking drugs,3960309.0,151803540.0,6590437.220000001
202510,205,Hypertension and heart failure,7284134.0,266944036.0,25215502.08
202510,206,"Nitrates, calcium-channel blockers & other antianginal drugs",5471436.0,191964118.0,13609172.53
202510,207,Sympathomimetics and other vasoconstrictor drugs,29603.0,2138192.0,284150.64
202510,208,Anticoagulants and protamine,2003232.0,89070972.8,22943393.96
202510,209,Antiplatelet drugs,2878999.0,85789174.0,5023420.14
202510,2101,Other Appliances,938310.0,77634222.0,5389101.51
202510,2102,Catheters,138375.0,9428711.0,18755034.880000003
202510,2103,Chiropody Appliances,128.0,2421.0,2195.07
202510,2104,Contraceptive Devices,2458.0,2494.0,30120.61
202510,2106,Trusses,49.0,53.0,1822.12
202510,2107,Elastic Hosiery,37607.0,102631.0,756578.37
202510,211,Antifibrinolytic drugs and haemostatics,58213.0,3528984.0,250866.27
202510,2112,Peak Flow Meters,21295.0,21409.0,115499.24
202510,2113,Catheter Maintenance Products,22862.0,14370160.0,859254.54
202510,2114,Lubricant Gels,30695.0,2030652.0,114969.11
202510,2116,Irrigation Solutions,37812.0,713513.0,315349.1
202510,2118,Erectile Dysfunction Devices,2308.0,4910.0,271551.9
202510,2119,Oral Film Forming Agents,1203.0,105569.0,44011.08
202510,212,Lipid-regulating drugs,9219558.0,302596680.0,18686454.97
202510,2120,Venous Ulcer Compression System,8465.0,28844.0,473304.73
202510,2121,Dry Mouth Products,43706.0,4428122.0,279997.22
202510,2122,Emollients,903190.0,481730270.0,5499265.0200000005
202510,2123,Vaginal Moisturisers,30589.0,1466286.0,308078.36
202510,2124,Nasal Products,32314.0,2133116.0,126912.23
202510,2125,Vaginal Dilators,248.0,248.0,7784.43
202510,2127,Lymphoedema Garments,62045.0,167217.0,4832931.93
202510,2128,Anal Irrigation System,22837.0,70206.0,4623667.66
202510,2129,Pressure Offloading Device,2165.0,3618.0,79213.67
202510,2130,Eye Products,804738.0,11816016.0,6336811.08
202510,2132,Inhalation Solutions,9540.0,632683.0,233634.01
202510,2133,Indwelling Pleural Cath Drain System,1001.0,10495.0,323322.13
202510,2134,Vaginal PH Correction Products,488.0,7552.0,4981.780000000001
202510,2136,Adhesive Dressing Remover Ster Silicone,1579.0,121232.0,46208.6
202510,2137,Pelvic Toning Devices,3.0,3.0,45.0
202510,2138,Low Friction Products,2292.0,5153.0,61696.11
202510,2139,Prosthetic Adhesives,11.0,192.0,152.16
202510,2140,Bacterial Decolonisation Products,287.0,29208.0,1383.05
202510,2141,Debridement Device,7554.0,87229.0,439638.62
202510,2142,Jaw Rehabilitation Device,122.0,734.0,6394.87
202510,2143,Micro-Enema - Sodium Citrate,46.0,586.0,254.39
202510,2147,Dev For Fungal Nail Infections,30.0,173.0,536.31
202510,2148,Detection Sensor Interstitial Fluid/Gluc,382141.0,861632.0,31334120.06
202510,2149,Pulsed Electromagnetic Stimulator,1.0,1.0,13.95
202510,2202,Anal Plugs,880.0,32370.0,81128.62
202510,2205,Catheter Valves,14169.0,98696.0,249634.46
202510,2215,Faecal Collectors,295.0,6447.0,15521.44
202510,2230,Incontinence Sheaths,11985.0,491146.0,918327.38
202510,2240,Incontinence Sheath Fixing Strips & Adh,1486.0,46191.0,31694.03
202510,2250,Leg Bags,68824.0,809534.0,2362207.04
202510,2260,Night Drainage Bags,100948.0,2561592.0,1629581.88
202510,2270,Suspensory Systems,2429.0,20900.0,125570.02
202510,2280,Tubing And Accessories,42022.0,306169.0,632657.0
202510,2285,Insert For Female Stress Incont,1165.0,1511.0,62174.23
202510,2290,Urinal Systems,1334.0,10153.0,68185.78
202510,2305,Adhesive Discs/Rings/Pads/Plasters,29771.0,2082324.0,1407425.0699999998
202510,2310,Adhesive (Pastes/Sprays/Solutions),50.0,4024.0,968.96
202510,2315,Adhesive Removers (Sprays/Liquids/Wipes),120384.0,16768670.0,2608680.17
202510,2320,Bag Closures,259.0,11080.0,3473.41
202510,2325,Bag Covers,269.0,921.0,8423.06
202510,2330,Belts,11648.0,16402.0,619429.47
202510,2335,Colostomy Bags,41684.0,3006588.0,9987684.54
202510,2345,Deodorants,7155.0,1525813.0,97739.61
202510,2346,Discharge Solidifying Agents,2479.0,478021.0,156944.49
202510,2350,Filters/Bridges,237.0,14010.0,12614.86
202510,2355,Flanges,14.0,90.0,1600.9
202510,2360,Ileostomy Bags,73271.0,2874698.0,12512630.76
202510,2370,Irrigation Washout Appliances,3688.0,75577.0,136995.85
202510,2375,Pressure Plates/Shields,87.0,363.0,3453.24
202510,2380,Skin Fillers And Protectives,351410.0,38157949.7,3973184.95
202510,2385,Skin Protectors,31574.0,1301410.0,2726079.59
202510,2390,Stoma Caps/Dressings,1439.0,67899.0,99989.16
202510,2392,Tubing & Accessories,428.0,6945.0,18803.13
202510,2394,Two Piece Ostomy Systems,20057.0,783110.0,2087030.18
202510,2396,Urostomy Bags,15229.0,452971.0,2938563.15
202510,2399,Leakage Notification System,436.0,12808.0,40234.4
202510,301,Bronchodilators,1905790.0,8615611.0,19080425.19
202510,302,Corticosteroids (respiratory),2322298.0,3430694.0,75534574.2
202510,303,"Cromoglycate, leukotriene and phosphodesterase type-4 inhib",423346.0,12517938.0,495515.04
202510,304,"Antihistamines, hyposensitisation and allergic emergencies",1358875.0,64081663.0,9431993.23
202510,307,Mucolytics,396022.0,48452562.0,2064313.85
202510,309,Cough preparations,11507.0,3055155.0,220889.73
202510,310,Systemic nasal decongestants,946.0,58938.0,7795.69
202510,311,Antifibrotics,4.0,588.0,5521.14
202510,401,Hypnotics and anxiolytics,1178682.0,36638205.0,7204020.98
202510,402,Drugs used in psychoses and related disorders,1220510.0,40541087.0,13886125.42
202510,403,Antidepressant drugs,8270958.0,301363147.0,19417769.72
202510,404,CNS stimulants and drugs used for ADHD,367027.0,13558124.0,15922667.34
202510,405,Drugs used in the treatment of obesity,48223.0,4469883.0,1015820.04
202510,406,Drugs used in nausea and vertigo,564896.0,33877166.0,2812700.43
202510,407,Analgesics,5228673.0,575236011.4,39312056.76
202510,408,Antiepileptic drugs,2951614.0,233788542.0,25185229.04
202510,409,Drugs used in parkinsonism and related disorders,487345.0,38404820.0,9622576.95
202510,410,Drugs used in substance dependence,289765.0,100869251.0,5146195.73
202510,411,Drugs for dementia,437518.0,11010130.0,2678848.21
202510,501,Antibacterial drugs,3131654.0,113544444.0,16435253.16
202510,502,Antifungal drugs,170590.0,5032717.0,1466132.11
202510,503,Antiviral drugs,117689.0,5750158.0,2143031.13
202510,504,Antiprotozoal drugs,177219.0,4757752.0,529824.52
202510,505,Anthelmintics,17060.0,217376.0,1490291.35
202510,601,Drugs used in diabetes,6825169.0,353669852.0,173725604.37
202510,602,Thyroid and antithyroid drugs,3096679.0,109749705.0,4840219.890000001
202510,603,Corticosteroids (endocrine),692191.0,33551770.0,3486896.82
202510,604,Sex Hormones,1617719.0,105163509.5,24369536.54
202510,605,"Hypothalamic and pituitary hormones and anti, oestrogens",33639.0,1753003.0,3191604.2800000003
202510,606,Drugs affecting bone metabolism,524321.0,2683272.0,3163099.2
202510,607,Other endocrine drugs,13228.0,333321.0,801728.01
202510,702,Treatment of vaginal and vulval conditions,425079.0,8308269.0,5993821.51
202510,703,Contraceptives,574292.0,51300636.0,5235943.35
202510,704,Drugs for genito-urinary disorders,2206355.0,66237538.0,14460680.65
202510,705,Other drugs for gynaecological conditions,227.0,8780.0,14048.0
202510,801,Cytotoxic drugs,23839.0,845239.0,710341.09
202510,802,Drugs affecting the immune response,89154.0,6785879.0,2350390.38
202510,803,Sex hormones and hormone antagonists in malignant disease,292957.0,8129192.0,12615410.66
202510,901,Anaemias and some other blood disorders,2250272.0,89629526.0,5260279.21
202510,902,Fluids and electrolytes,121219.0,8633213.0,2114460.12
202510,904,Oral nutrition (OLD - DO NOT USE),2.0,12696.0,108.22
202510,905,Minerals,218156.0,35511603.0,4633163.5600000005
202510,906,Vitamins,3147470.0,137875007.9,13218408.03
202510,908,Metabolic disorders,247.0,79175.0,177785.66
202510,910,Compound vitamin and mineral formulations,12108.0,367003.0,33240.96
202510,911,Health supplements,1042.0,126060.0,47218.130000000005
202510,912,Other health supplements,12297.0,429067.0,64220.56999999999
202510,913,Oral nutrition,603202.0,2376974664.0,44877908.260000005
202510,914,Enteral nutrition,37369.0,733706637.0,15473537.579999998
202511,1001,Drugs used in rheumatic diseases and gout,1858371.0,81151754.0,7115376.75
202511,1002,Drugs used in neuromuscular disorders,150868.0,24036383.0,779425.14
202511,1003,Drugs for soft-tissue disorders and topical pain relief,581309.0,63195587.0,3745848.39
202511,101,Dyspepsia and gastro-oesophageal reflux disease,358297.0,187467612.0,3204050.9
202511,102,Antispasmodics and other drugs altering gut motility,401692.0,33825526.0,4510658.720000001
202511,103,Antisecretory drugs and mucosal protectants,6633482.0,231854253.0,15477102.47
202511,104,Acute diarrhoea,134276.0,11931657.0,714779.9299999999
202511,105,Chronic bowel disorders,209920.0,24521095.0,10384836.26
202511,106,Laxatives,1695809.0,204367317.0,14003299.97
202511,107,Local preparations for anal and rectal disorders,109955.0,2881139.0,842509.92
202511,109,Drugs affecting intestinal secretions,97751.0,21742949.0,7517234.71
202511,110,Drugs for hepatic disorders,7.0,614.0,4012.35
202511,1103,Anti-infective eye preparations,82641.0,812369.5,545602.6699999999
202511,1104,Corticosteroids and other anti-inflammatory preparations,152942.0,2976630.5,2547922.23
202511,1105,Mydriatics and cycloplegics,7060.0,172277.0,179630.08000000002
202511,1106,Treatment of glaucoma,804349.0,15281368.0,8840035.74
202511,1107,Local anaesthetics,32.0,613.0,407.4
202511,1108,Miscellaneous ophthalmic preparations,159168.0,4748197.0,1716998.82
202511,1201,Drugs acting on the ear,161652.0,1154724.5,1369363.69
202511,1202,Drugs acting on the nose,674453.0,2951988.0,5773783.71
202511,1203,Drugs acting on the oropharynx,85651.0,15818114.9,459725.69
202511,1301,Management of skin conditions,2501.0,1426880.0,12369.17
202511,1302,Emollient and barrier preparations,452580.0,238975895.0,3935943.95
202511,1303,Topical local anaesthetics and antipruritics,30120.0,8459624.0,347525.2
202511,1304,Topical corticosteroids,867995.0,46857974.0,6511786.56
202511,1305,Preparations for eczema and psoriasis,154840.0,12029303.0,6783442.57
202511,1306,Acne and rosacea,146373.0,7291783.0,3086480.59
202511,1307,Preparations for warts and calluses,10312.0,135874.0,253301.99
202511,1308,Sunscreens and camouflagers,33506.0,1866164.0,1245594.56
202511,1309,Shampoo and other preparations for scalp and hair conditions,105327.0,19763390.0,1684266.4400000002
202511,1310,Anti-infective skin preparations,299859.0,10128724.5,1765159.43
202511,1311,"Skin cleansers,antiseptics and desloughing agents",19922.0,9287783.0,196888.33
202511,1312,Antiperspirants,3437.0,196775.0,27977.75
202511,1313,Wound management products,1291.0,13398.0,74279.58
202511,1314,Topical circulatory preparations,5550.0,355018.0,31173.08
202511,1315,Miscellaneous topical preparations,131.0,21560.0,18333.48
202511,1404,Vaccines and antisera,2623174.0,2624528.5,44264167.37
202511,1405,Immunoglobulins,6.0,6.0,3900.0
202511,1501,General anaesthesia,34979.0,19218069.5,334289.65
202511,1502,Local anaesthesia,115372.0,1826487.0,1718759.54
202511,1803,X-Ray contrast media,5.0,4500.0,787.5
202511,1902,Selective preparations,43162.0,11261243.0,927533.34
202511,1904,Single substances,97.0,91106.0,1633.9299999999998
202511,1905,Other preparations,710.0,34234.0,8966.669999999998
202511,1906,Acids,405.0,158556.0,39555.19
202511,1907,"Base,diluent, suspending agents and stabilisers",4.0,1680.0,4.52
202511,1908,"Colouring,flavouring and sweetening agents",9.0,1200.0,283.26
202511,1914,Waters,894.0,8994100.0,9462.69
202511,2001,Absorbent Cottons,50.0,31500.0,413.2
202511,2002,Arm Sling/Bandages,33852.0,451142.0,929664.48
202511,2003,Wound Management & Other Dressings,270739.0,4942287.4,10582134.41
202511,2004,Gauzes & Gauze Tissue,6930.0,295953.0,194673.53
202511,2005,Tracheostomy & Laryngectomy Appliances,18312.0,1064325.0,1873086.26
202511,2006,Foam,1.0,4.0,22.47
202511,2007,Lints,10.0,3900.0,112.28
202511,2009,Stockinette,30182.0,257834.5,430414.12
202511,201,Positive inotropic drugs,204139.0,5297975.0,227691.27
202511,2010,Surgical Adhesive Tape,14435.0,192977.5,72669.31
202511,2011,Surgical Sutures,7247.0,9334.0,18933.99
202511,2012,Swabs,18494.0,3697370.0,84875.07
202511,2014,"Skin Closure Strips, Sterile",5879.0,26082.0,6716.37
202511,2015,"Skin Adhesive, Sterile",72.0,50.5,580.4
202511,202,Diuretics,2439751.0,78957754.0,6345686.29
202511,2020,Silk Garments,340.0,1122.0,21949.23
202511,203,Anti-arrhythmic drugs,72158.0,4091750.0,680696.34
202511,204,Beta-adrenoceptor blocking drugs,3638038.0,139612117.0,7082148.699999999
202511,205,Hypertension and heart failure,6734439.0,246702833.0,23475843.56
202511,206,"Nitrates, calcium-channel blockers & other antianginal drugs",5062472.0,177642906.0,12739087.53
202511,207,Sympathomimetics and other vasoconstrictor drugs,27598.0,1974341.0,269525.06
202511,208,Anticoagulants and protamine,1849724.0,82190599.0,20820684.17
202511,209,Antiplatelet drugs,2652201.0,78810992.0,4601491.01
202511,2101,Other Appliances,874378.0,71494579.0,5045645.07
202511,2102,Catheters,128244.0,9011109.0,17876048.34
202511,2103,Chiropody Appliances,145.0,2227.0,2444.41
202511,2104,Contraceptive Devices,2468.0,2527.0,30647.32
202511,2106,Trusses,37.0,39.0,1281.38
202511,2107,Elastic Hosiery,33185.0,90967.0,666755.74
202511,211,Antifibrinolytic drugs and haemostatics,53955.0,3265050.0,231103.92
202511,2112,Peak Flow Meters,20778.0,20932.0,112619.82
202511,2113,Catheter Maintenance Products,21395.0,13683320.0,810966.81
202511,2114,Lubricant Gels,29119.0,1870055.0,108453.43
202511,2116,Irrigation Solutions,33103.0,679599.0,283564.3
202511,2118,Erectile Dysfunction Devices,2061.0,4493.0,237030.54
202511,2119,Oral Film Forming Agents,1035.0,87552.0,36403.46
202511,212,Lipid-regulating drugs,8536344.0,279999272.0,17679800.65
202511,2120,Venous Ulcer Compression System,7633.0,26242.0,424722.74
202511,2121,Dry Mouth Products,40241.0,4045679.0,257550.65
202511,2122,Emollients,854204.0,456097597.0,5193020.720000001
202511,2123,Vaginal Moisturisers,27666.0,1329749.0,279690.78
202511,2124,Nasal Products,30208.0,1968450.0,117274.1
202511,2125,Vaginal Dilators,211.0,213.0,6484.62
202511,2127,Lymphoedema Garments,55575.0,149541.0,4331649.02
202511,2128,Anal Irrigation System,20875.0,65024.0,4256904.98
202511,2129,Pressure Offloading Device,1964.0,3254.0,73801.65
202511,2130,Eye Products,747990.0,11010396.0,5867245.29
202511,2132,Inhalation Solutions,8854.0,590383.0,217758.38
202511,2133,Indwelling Pleural Cath Drain System,853.0,9065.0,285022.63
202511,2134,Vaginal PH Correction Products,455.0,7706.0,4803.4400000000005
202511,2135,Acne Treatment,2.0,50.0,26.0
202511,2136,Adhesive Dressing Remover Ster Silicone,1462.0,115419.0,42573.8
202511,2137,Pelvic Toning Devices,1.0,1.0,15.0
202511,2138,Low Friction Products,2130.0,4913.0,61020.39
202511,2139,Prosthetic Adhesives,10.0,204.0,161.67000000000002
202511,2140,Bacterial Decolonisation Products,294.0,32898.0,1515.35
202511,2141,Debridement Device,6775.0,79757.0,399888.1
202511,2142,Jaw Rehabilitation Device,101.0,583.0,5247.860000000001
202511,2143,Micro-Enema - Sodium Citrate,44.0,682.0,296.1
202511,2147,Dev For Fungal Nail Infections,31.0,203.0,556.31
202511,2148,Detection Sensor Interstitial Fluid/Gluc,357891.0,807938.0,29386795.35
202511,2149,Pulsed Electromagnetic Stimulator,1.0,1.0,13.95
202511,2202,Anal Plugs,812.0,30998.0,77567.38
202511,2205,Catheter Valves,13360.0,94594.0,239487.45
202511,2210,Drainable Dribbling Appliances,1.0,1.0,14.3
202511,2215,Faecal Collectors,263.0,5985.0,13978.27
202511,2230,Incontinence Sheaths,11078.0,456810.0,854189.28
202511,2240,Incontinence Sheath Fixing Strips & Adh,1366.0,44263.0,29229.91
202511,2250,Leg Bags,65265.0,768994.0,2246981.93
202511,2260,Night Drainage Bags,94303.0,2409529.0,1544017.09
202511,2270,Suspensory Systems,2276.0,19997.0,118027.18
202511,2280,Tubing And Accessories,39279.0,290792.0,601282.04
202511,2285,Insert For Female Stress Incont,992.0,1206.0,51642.47
202511,2290,Urinal Systems,1188.0,10047.0,67847.06999999999
202511,2305,Adhesive Discs/Rings/Pads/Plasters,27922.0,1972573.0,1332989.5499999998
202511,2310,Adhesive (Pastes/Sprays/Solutions),46.0,3756.0,981.48
202511,2315,Adhesive Removers (Sprays/Liquids/Wipes),112023.0,15879307.0,2448412.74
202511,2320,Bag Closures,239.0,9985.0,2971.61
202511,2325,Bag Covers,216.0,778.0,7095.02
202511,2330,Belts,10477.0,14978.0,567005.3
202511,2335,Colostomy Bags,39030.0,2865263.0,9521658.42
202511,2345,Deodorants,6674.0,1453596.0,92563.46
202511,2346,Discharge Solidifying Agents,2336.0,465956.0,152088.78
202511,2350,Filters/Bridges,215.0,13061.0,12489.09
202511,2355,Flanges,12.0,76.0,1430.54
202511,2360,Ileostomy Bags,68465.0,2728442.0,11896582.23
202511,2370,Irrigation Washout Appliances,3238.0,65965.0,124851.95
202511,2375,Pressure Plates/Shields,91.0,483.0,4369.04
202511,2380,Skin Fillers And Protectives,324242.0,35370394.400000006,3669902.43
202511,2385,Skin Protectors,29390.0,1222024.0,2584376.97
202511,2390,Stoma Caps/Dressings,1358.0,62490.0,92111.24
202511,2392,Tubing & Accessories,368.0,6034.0,15907.260000000002
202511,2394,Two Piece Ostomy Systems,19207.0,760155.0,2041138.21
202511,2396,Urostomy Bags,14358.0,435922.0,2830298.8
202511,2399,Leakage Notification System,430.0,12622.0,40001.68
202511,301,Bronchodilators,1742665.0,7964628.0,17567542.56
202511,302,Corticosteroids (respiratory),2155600.0,3218701.0,70169332.18
202511,303,"Cromoglycate, leukotriene and phosphodesterase type-4 inhib",390403.0,11538079.0,452703.9
202511,304,"Antihistamines, hyposensitisation and allergic emergencies",1234934.0,58295069.0,8050571.31
202511,307,Mucolytics,365504.0,44673957.0,2004921.64
202511,309,Cough preparations,11064.0,2942381.0,212170.08
202511,310,Systemic nasal decongestants,868.0,56420.0,7792.629999999999
202511,401,Hypnotics and anxiolytics,1083091.0,34032542.0,6925565.68
202511,402,Drugs used in psychoses and related disorders,1127750.0,37393012.0,12739463.53
202511,403,Antidepressant drugs,7631845.0,277662383.0,17988445.37
202511,404,CNS stimulants and drugs used for ADHD,348529.0,12840339.0,15135276.45
202511,405,Drugs used in the treatment of obesity,43127.0,3996941.0,909219.51
202511,406,Drugs used in nausea and vertigo,517836.0,31044845.0,2621285.54
202511,407,Analgesics,4769945.0,525279352.0,35691394.27
202511,408,Antiepileptic drugs,2710194.0,214812881.0,23275379.130000003
202511,409,Drugs used in parkinsonism and related disorders,448742.0,35512704.0,8871335.290000001
202511,410,Drugs used in substance dependence,267579.0,93334603.4,4707330.4
202511,411,Drugs for dementia,408768.0,10273920.0,2536750.99
202511,501,Antibacterial drugs,2981885.0,114689278.0,15552956.24
202511,502,Antifungal drugs,148793.0,4383221.0,1193933.98
202511,503,Antiviral drugs,112284.0,5427202.0,1485108.1
202511,504,Antiprotozoal drugs,161470.0,4330242.0,481901.93
202511,505,Anthelmintics,16988.0,211748.0,1727318.48
202511,601,Drugs used in diabetes,6320460.0,325633763.0,162096139.11
202511,602,Thyroid and antithyroid drugs,2860598.0,101311299.0,4530610.59
202511,603,Corticosteroids (endocrine),648997.0,31185412.0,3334057.58
202511,604,Sex Hormones,1504386.0,98090186.0,22583697.98
202511,605,"Hypothalamic and pituitary hormones and anti, oestrogens",30506.0,1605951.5,2913612.0
202511,606,Drugs affecting bone metabolism,482259.0,2462847.0,3169748.08
202511,607,Other endocrine drugs,12502.0,317197.0,767061.71
202511,701,Drugs used in obstetrics,1.0,4.0,32.0
202511,702,Treatment of vaginal and vulval conditions,398735.0,7877761.0,5590353.52
202511,703,Contraceptives,576468.0,49667220.0,5580782.97
202511,704,Drugs for genito-urinary disorders,2034680.0,61015859.0,13512325.19
202511,705,Other drugs for gynaecological conditions,183.0,6600.0,10560.0
202511,801,Cytotoxic drugs,21649.0,779597.0,640644.64
202511,802,Drugs affecting the immune response,82189.0,6227266.0,2155295.2
202511,803,Sex hormones and hormone antagonists in malignant disease,269757.0,7504877.0,11659441.08
202511,901,Anaemias and haematological disorders,2046241.0,80787386.0,4627320.32
202511,902,Fluids and electrolytes,112354.0,7962250.0,2009124.92
202511,905,Minerals,201841.0,33142199.0,4296584.76
202511,906,Vitamins,2926060.0,127583070.7,12444674.65
202511,908,Metabolic disorders,254.0,84616.0,140080.78999999998
202511,909,Foods,1.0,3200.0,108.96
202511,910,Compound vitamin and mineral formulations,11374.0,341987.0,30070.14
202511,911,Health supplements,1014.0,130349.0,57565.420000000006
202511,912,Other health supplements,11333.0,393270.0,57429.37
202511,913,Oral nutrition,550322.0,2154789322.5,40682722.97
202511,914,Enteral nutrition,30669.0,598791142.0,12620050.96
202512,1001,Drugs used in rheumatic diseases and gout,2014626.0,88461287.0,7791357.59
202512,1002,Drugs used in neuromuscular disorders,167061.0,26450850.0,863368.13
202512,1003,Drugs for soft-tissue disorders and topical pain relief,622767.0,67904179.0,4027081.01
202512,101,Dyspepsia and gastro-oesophageal reflux disease,397566.0,209803495.0,3611119.95
202512,102,Antispasmodics and other drugs altering gut motility,442446.0,37348562.0,4949172.7
202512,103,Antisecretory drugs and mucosal protectants,7334944.0,257611737.0,17355696.84
202512,104,Acute diarrhoea,149161.0,13314624.0,798274.31
202512,105,Chronic bowel disorders,232691.0,27080027.0,11537440.15
202512,106,Laxatives,1851548.0,224599804.0,15488694.03
202512,107,Local preparations for anal and rectal disorders,114488.0,3022157.0,858662.05
202512,109,Drugs affecting intestinal secretions,107595.0,24029132.0,8216533.47
202512,110,Drugs for hepatic disorders,17.0,1310.0,12263.46
202512,1103,Anti-infective eye preparations,99121.0,975598.0,614071.46
202512,1104,Corticosteroids and other anti-inflammatory preparations,161729.0,3222120.0,2796526.48
202512,1105,Mydriatics and cycloplegics,7821.0,189128.0,197807.31
202512,1106,Treatment of glaucoma,884618.0,16280532.0,9510008.82
202512,1107,Local anaesthetics,28.0,709.0,462.21
202512,1108,Miscellaneous ophthalmic preparations,175962.0,5323015.5,1855530.08
202512,1201,Drugs acting on the ear,177505.0,1343988.5,1552225.57
202512,1202,Drugs acting on the nose,740967.0,3314499.0,6339151.44
202512,1203,Drugs acting on the oropharynx,93983.0,16704546.4,501666.97
202512,1301,Management of skin conditions,2734.0,1569300.0,13595.69
202512,1302,Emollient and barrier preparations,482086.0,255346207.0,4233638.74
202512,1303,Topical local anaesthetics and antipruritics,31685.0,8961703.0,369299.46
202512,1304,Topical corticosteroids,894011.0,48662750.0,6711158.74
202512,1305,Preparations for eczema and psoriasis,162306.0,12605436.0,7140435.23
202512,1306,Acne and rosacea,146712.0,7284402.0,3097725.08
202512,1307,Preparations for warts and calluses,10039.0,141110.0,266674.4
202512,1308,Sunscreens and camouflagers,28284.0,1634836.0,1058006.56
202512,1309,Shampoo and other preparations for scalp and hair conditions,109107.0,20501015.0,1732267.53
202512,1310,Anti-infective skin preparations,293987.0,9957883.0,1739547.42
202512,1311,"Skin cleansers,antiseptics and desloughing agents",20628.0,9745331.0,206461.43
202512,1312,Antiperspirants,3340.0,193970.0,31902.58
202512,1313,Wound management products,1378.0,14724.0,82191.11
202512,1314,Topical circulatory preparations,5740.0,378754.0,33262.100000000006
202512,1315,Miscellaneous topical preparations,151.0,27360.0,14576.489999999998
202512,1404,Vaccines and antisera,1354926.0,1356115.0,22650530.95
202512,1405,Immunoglobulins,8.0,8.0,2604.6
202512,1501,General anaesthesia,39010.0,12957560.5,385508.69
202512,1502,Local anaesthesia,115047.0,1937525.5,1774886.41
202512,1803,X-Ray contrast media,5.0,7100.0,1242.5
202512,1902,Selective preparations,47177.0,12095315.0,1107158.18
202512,1904,Single substances,121.0,112540.0,5329.76
202512,1905,Other preparations,659.0,34126.0,8539.69
202512,1906,Acids,374.0,138687.0,33760.68
202512,1907,"Base,diluent, suspending agents and stabilisers",3.0,1260.0,3.39
202512,1908,"Colouring,flavouring and sweetening agents",12.0,1500.0,355.68
202512,1914,Waters,1050.0,10095800.0,9756.93
202512,2001,Absorbent Cottons,53.0,39950.0,512.28
202512,2002,Arm Sling/Bandages,33353.0,446792.0,919924.42
202512,2003,Wound Management & Other Dressings,273239.0,5090283.4,11129039.28
202512,2004,Gauzes & Gauze Tissue,7049.0,282134.0,192251.53
202512,2005,Tracheostomy & Laryngectomy Appliances,18982.0,1153525.0,2013291.69
202512,2006,Foam,2.0,8.0,44.94
202512,2007,Lints,13.0,16100.0,448.56000000000006
202512,2009,Stockinette,30866.0,262473.0,441133.95
202512,201,Positive inotropic drugs,226989.0,5928380.0,254625.7
202512,2010,Surgical Adhesive Tape,14723.0,202550.5,81566.72
202512,2011,Surgical Sutures,7971.0,12704.0,31039.41
202512,2012,Swabs,19532.0,4000931.0,89717.87
202512,2014,"Skin Closure Strips, Sterile",6274.0,27069.0,6970.72
202512,2015,"Skin Adhesive, Sterile",185.0,95.5,1072.49
202512,202,Diuretics,2697820.0,87625855.0,6503751.98
202512,2020,Silk Garments,373.0,1147.0,24937.96
202512,203,Anti-arrhythmic drugs,84597.0,4745936.0,962774.36
202512,204,Beta-adrenoceptor blocking drugs,4041480.0,157766800.0,6752067.87
202512,205,Hypertension and heart failure,7457911.0,274081887.0,26171447.87
202512,206,"Nitrates, calcium-channel blockers & other antianginal drugs",5612939.0,197573576.0,14157586.260000002
202512,207,Sympathomimetics and other vasoconstrictor drugs,30659.0,2196339.0,291929.18
202512,208,Anticoagulants and protamine,2063467.0,92519958.6,22910130.37
202512,209,Antiplatelet drugs,2917664.0,86882579.0,5354019.07
202512,2101,Other Appliances,936008.0,77714719.0,5393766.05
202512,2102,Catheters,131862.0,9151389.0,18178619.37
202512,2103,Chiropody Appliances,162.0,2141.0,1595.98
202512,2104,Contraceptive Devices,2213.0,2250.0,27179.41
202512,2107,Elastic Hosiery,32469.0,90002.0,653367.8999999999
202512,211,Antifibrinolytic drugs and haemostatics,55258.0,3348290.0,238422.66
202512,2112,Peak Flow Meters,20098.0,20274.0,108228.27
202512,2113,Catheter Maintenance Products,21828.0,14001030.0,837050.99
202512,2114,Lubricant Gels,29756.0,2034178.0,113896.84
202512,2116,Irrigation Solutions,34417.0,696529.0,296149.95
202512,2118,Erectile Dysfunction Devices,2450.0,5215.0,298348.1
202512,2119,Oral Film Forming Agents,1116.0,105367.0,37177.41
202512,212,Lipid-regulating drugs,9468796.0,311305872.0,19832049.44
202512,2120,Venous Ulcer Compression System,7396.0,25129.0,409555.38
202512,2121,Dry Mouth Products,43909.0,4453116.0,280674.53
202512,2122,Emollients,911000.0,486899430.0,5526458.89
202512,2123,Vaginal Moisturisers,30004.0,1442203.0,300980.69
202512,2124,Nasal Products,34536.0,2220597.0,132641.77
202512,2125,Vaginal Dilators,203.0,211.0,6369.69
202512,2127,Lymphoedema Garments,53553.0,146757.0,4223661.29
202512,2128,Anal Irrigation System,21756.0,65267.0,4424563.41
202512,2129,Pressure Offloading Device,1880.0,3146.0,69724.90000000001
202512,2130,Eye Products,838718.0,12257208.5,6524271.74
202512,2131,Cycloidal Vibration Accessories,1.0,60.0,300.0
202512,2132,Inhalation Solutions,10002.0,675355.0,249579.25
202512,2133,Indwelling Pleural Cath Drain System,947.0,10105.0,319795.14
202512,2134,Vaginal PH Correction Products,507.0,8004.0,5253.55
202512,2135,Acne Treatment,5.0,150.0,64.0
202512,2136,Adhesive Dressing Remover Ster Silicone,1390.0,108308.0,43242.2
202512,2137,Pelvic Toning Devices,1.0,1.0,15.0
202512,2138,Low Friction Products,2025.0,4351.0,53671.9
202512,2139,Prosthetic Adhesives,10.0,240.0,190.2
202512,2140,Bacterial Decolonisation Products,297.0,28942.0,1482.3200000000002
202512,2141,Debridement Device,6725.0,79905.0,403477.57
202512,2142,Jaw Rehabilitation Device,125.0,607.0,7783.07
202512,2143,Micro-Enema - Sodium Citrate,47.0,664.0,288.29
202512,2147,Dev For Fungal Nail Infections,40.0,171.0,772.92
202512,2148,Detection Sensor Interstitial Fluid/Gluc,397030.0,898044.0,32654564.79
202512,2149,Pulsed Electromagnetic Stimulator,2.0,2.0,27.9
202512,2202,Anal Plugs,826.0,32186.0,80579.31
202512,2205,Catheter Valves,13635.0,96412.0,243343.74
202512,2215,Faecal Collectors,294.0,6431.0,15695.05
202512,2230,Incontinence Sheaths,11455.0,475845.0,891545.5
202512,2240,Incontinence Sheath Fixing Strips & Adh,1442.0,47049.0,32041.82
202512,2250,Leg Bags,66602.0,789455.0,2297867.26
202512,2260,Night Drainage Bags,96647.0,2480323.0,1590431.85
202512,2270,Suspensory Systems,2432.0,21461.0,126325.82
202512,2280,Tubing And Accessories,38220.0,282312.0,575892.73
202512,2285,Insert For Female Stress Incont,935.0,1147.0,48629.88
202512,2290,Urinal Systems,1182.0,9502.0,64540.28
202512,2305,Adhesive Discs/Rings/Pads/Plasters,29960.0,2139232.0,1452663.2999999998
202512,2310,Adhesive (Pastes/Sprays/Solutions),41.0,2742.0,628.01
202512,2315,Adhesive Removers (Sprays/Liquids/Wipes),119820.0,17144757.0,2647634.39
202512,2320,Bag Closures,217.0,8324.0,2746.24
202512,2325,Bag Covers,195.0,634.0,5864.99
202512,2330,Belts,10357.0,14898.0,550538.48
202512,2335,Colostomy Bags,41146.0,3039793.0,10128404.81
202512,2345,Deodorants,7259.0,1564643.0,101350.79
202512,2346,Discharge Solidifying Agents,2439.0,491035.0,161103.72
202512,2350,Filters/Bridges,225.0,13830.0,12659.68
202512,2355,Flanges,15.0,104.0,1963.28
202512,2360,Ileostomy Bags,74077.0,2952335.0,12908791.53
202512,2370,Irrigation Washout Appliances,3346.0,53175.0,131960.98
202512,2375,Pressure Plates/Shields,98.0,501.0,4610.09
202512,2380,Skin Fillers And Protectives,347276.0,38136564.7,3950628.12
202512,2385,Skin Protectors,32227.0,1352557.0,2853255.59
202512,2390,Stoma Caps/Dressings,1427.0,69238.0,102068.85
202512,2392,Tubing & Accessories,408.0,7414.0,20357.74
202512,2394,Two Piece Ostomy Systems,20578.0,822317.0,2196851.64
202512,2396,Urostomy Bags,15700.0,477268.0,3108726.18
202512,2399,Leakage Notification System,503.0,14685.0,45945.16
202512,301,Bronchodilators,1968701.0,9453353.0,19945944.93
202512,302,Corticosteroids (respiratory),2415242.0,3621752.0,78653731.0
202512,303,"Cromoglycate, leukotriene and phosphodesterase type-4 inhib",432736.0,12831489.0,505696.52
202512,304,"Antihistamines, hyposensitisation and allergic emergencies",1332244.0,62685595.0,8213699.28
202512,307,Mucolytics,409276.0,50240259.0,2995265.08
202512,308,Aromatic inhalations,2.0,115.0,7.74
202512,309,Cough preparations,13518.0,3494683.0,233438.94
202512,310,Systemic nasal decongestants,997.0,62619.0,8777.42
202512,311,Antifibrotics,3.0,145.0,3131.05
202512,401,Hypnotics and anxiolytics,1199017.0,37744932.0,7758921.64
202512,402,Drugs used in psychoses and related disorders,1244309.0,41324944.0,14094640.36
202512,403,Antidepressant drugs,8408937.0,307389572.0,20626613.47
202512,404,CNS stimulants and drugs used for ADHD,381135.0,14047897.0,16670976.4
202512,405,Drugs used in the treatment of obesity,43641.0,4015493.0,913173.65
202512,406,Drugs used in nausea and vertigo,567190.0,34149252.0,2948107.41
202512,407,Analgesics,5280403.0,584247754.8,39427524.05
202512,408,Antiepileptic drugs,3021398.0,239732423.0,25981574.9
202512,409,Drugs used in parkinsonism and related disorders,495215.0,39215143.0,9869141.03
202512,410,Drugs used in substance dependence,297776.0,103091115.0,5164788.98
202512,411,Drugs for dementia,449146.0,11308442.0,2794871.27
202512,501,Antibacterial drugs,3525517.0,137404846.5,17605047.16
202512,502,Antifungal drugs,151255.0,4429547.0,1228904.86
202512,503,Antiviral drugs,135154.0,6150907.0,1660484.7
202512,504,Antiprotozoal drugs,178031.0,4782505.0,526815.13
202512,505,Anthelmintics,17840.0,213856.0,1986343.6
202512,601,Drugs used in diabetes,6981716.0,359419280.0,175077572.28
202512,602,Thyroid and antithyroid drugs,3157561.0,111958721.0,4982406.67
202512,603,Corticosteroids (endocrine),783216.0,37071836.0,3889777.5
202512,604,Sex Hormones,1636614.0,106229785.5,24078790.98
202512,605,"Hypothalamic and pituitary hormones and anti, oestrogens",33513.0,1778637.0,3199639.41
202512,606,Drugs affecting bone metabolism,532577.0,2727205.0,3326121.0900000003
202512,607,Other endocrine drugs,13464.0,348768.0,843627.85
202512,702,Treatment of vaginal and vulval conditions,428728.0,8515517.0,5998050.93
202512,703,Contraceptives,621542.0,52789852.0,5689053.5
202512,704,Drugs for genito-urinary disorders,2257678.0,68059401.0,15342313.170000002
202512,705,Other drugs for gynaecological conditions,238.0,9123.0,14596.8
202512,801,Cytotoxic drugs,24592.0,860540.0,717065.3799999999
202512,802,Drugs affecting the immune response,90259.0,6850780.0,2352136.01
202512,803,Sex hormones and hormone antagonists in malignant disease,297657.0,8357430.0,12562171.54
202512,901,Anaemias and haematological disorders,2192809.0,83608942.0,4910399.04
202512,902,Fluids and electrolytes,121957.0,8802681.0,2194351.8
202512,904,Oral nutrition (OLD - DO NOT USE),3.0,15200.0,323.28
202512,905,Minerals,203212.0,31950886.0,4243399.0
202512,906,Vitamins,3222027.0,140921450.3,13740031.53
202512,908,Metabolic disorders,265.0,95724.0,173660.66
202512,910,Compound vitamin and mineral formulations,12142.0,364539.0,32311.660000000003
202512,911,Health supplements,1066.0,154068.0,78921.01
202512,912,Other health supplements,12182.0,411661.0,63202.22
202512,913,Oral nutrition,592399.0,2340981896.0,44735267.05
202512,914,Enteral nutrition,34385.0,692135131.0,14739621.23
202601,1001,Drugs used in rheumatic diseases and gout,1960534.0,85588173.0,7734491.85
202601,1002,Drugs used in neuromuscular disorders,160758.0,25479677.0,790067.4199999999
202601,1003,Drugs for soft-tissue disorders and topical pain relief,608113.0,66088791.0,3877356.94
202601,101,Dyspepsia and gastro-oesophageal reflux disease,385708.0,202452056.0,3483696.72
202601,102,Antispasmodics and other drugs altering gut motility,427216.0,35880420.0,5215502.12
202601,103,Antisecretory drugs and mucosal protectants,7039958.0,245959039.0,16253452.65
202601,104,Acute diarrhoea,141535.0,12645916.0,756216.71
202601,105,Chronic bowel disorders,222928.0,25909283.0,11041725.56
202601,106,Laxatives,1814553.0,220101062.0,14848561.329999998
202601,107,Local preparations for anal and rectal disorders,118619.0,3117967.0,893422.75
202601,109,Drugs affecting intestinal secretions,102967.0,22907264.0,8072852.890000001
202601,110,Drugs for hepatic disorders,5.0,460.0,2755.0200000000004
202601,1103,Anti-infective eye preparations,103451.0,1006809.5,678875.68
202601,1104,Corticosteroids and other anti-inflammatory preparations,157319.0,3165135.5,2672544.5
202601,1105,Mydriatics and cycloplegics,7624.0,182145.0,180927.44
202601,1106,Treatment of glaucoma,864754.0,15889993.5,8852328.82
202601,1107,Local anaesthetics,37.0,946.0,632.3199999999999
202601,1108,Miscellaneous ophthalmic preparations,168535.0,5049204.5,1735375.75
202601,1201,Drugs acting on the ear,166531.0,1232576.0,1461301.16
202601,1202,Drugs acting on the nose,753677.0,3387747.0,5986315.640000001
202601,1203,Drugs acting on the oropharynx,85797.0,16047565.8,453969.88
202601,1301,Management of skin conditions,2579.0,1475134.0,8890.75
202601,1302,Emollient and barrier preparations,495206.0,262277363.0,4282405.529999999
202601,1303,Topical local anaesthetics and antipruritics,33081.0,9318273.0,381836.59
202601,1304,Topical corticosteroids,956708.0,51721550.0,6787832.109999999
202601,1305,Preparations for eczema and psoriasis,168493.0,12911997.0,7320057.300000001
202601,1306,Acne and rosacea,157531.0,7853460.0,3417168.97
202601,1307,Preparations for warts and calluses,11413.0,153518.0,286145.73
202601,1308,Sunscreens and camouflagers,25481.0,1555200.0,966525.38
202601,1309,Shampoo and other preparations for scalp and hair conditions,112190.0,20987302.0,1476701.98
202601,1310,Anti-infective skin preparations,309912.0,10702079.0,1834806.52
202601,1311,"Skin cleansers,antiseptics and desloughing agents",20866.0,9715081.0,211765.11
202601,1312,Antiperspirants,3445.0,199107.0,30479.45
202601,1313,Wound management products,1355.0,13725.0,75890.81
202601,1314,Topical circulatory preparations,5820.0,369654.0,34754.64
202601,1315,Miscellaneous topical preparations,130.0,19710.0,19964.08
202601,1404,Vaccines and antisera,549394.0,550766.5,8988065.78
202601,1405,Immunoglobulins,13.0,13.0,6000.0
202601,1501,General anaesthesia,40965.0,16568750.5,286078.17
202601,1502,Local anaesthesia,121499.0,2017064.0,1759021.37
202601,1803,X-Ray contrast media,4.0,5500.0,962.5
202601,1902,Selective preparations,49864.0,12713783.0,1110033.08
202601,1904,Single substances,119.0,102725.0,1263.89
202601,1905,Other preparations,595.0,31644.0,7528.25
202601,1906,Acids,430.0,144320.0,33262.770000000004
202601,1907,"Base,diluent, suspending agents and stabilisers",2.0,840.0,2.26
202601,1908,"Colouring,flavouring and sweetening agents",6.0,800.0,188.84
202601,1914,Waters,1020.0,9818950.0,9924.7
202601,2001,Absorbent Cottons,42.0,31275.0,407.81
202601,2002,Arm Sling/Bandages,36833.0,486655.0,986275.79
202601,2003,Wound Management & Other Dressings,291330.0,5340196.6,11632032.3
202601,2004,Gauzes & Gauze Tissue,7495.0,247520.0,208092.18
202601,2005,Tracheostomy & Laryngectomy Appliances,18532.0,1064681.0,1837532.71
202601,2006,Foam,1.0,4.0,22.47
202601,2007,Lints,8.0,11300.0,325.86
202601,2009,Stockinette,33319.0,286950.5,485943.31
202601,201,Positive inotropic drugs,215009.0,5562442.0,209831.93
202601,2010,Surgical Adhesive Tape,15473.0,209260.5,80824.23
202601,2011,Surgical Sutures,7487.0,10000.0,21223.26
202601,2012,Swabs,19125.0,3758869.0,87762.09000000001
202601,2014,"Skin Closure Strips, Sterile",6265.0,27588.0,7102.369999999999
202601,2015,"Skin Adhesive, Sterile",73.0,49.86,563.01
202601,202,Diuretics,2570378.0,83019243.0,6296726.470000001
202601,2020,Silk Garments,390.0,1321.0,22892.9
202601,203,Anti-arrhythmic drugs,77332.0,4292545.0,817491.22
202601,204,Beta-adrenoceptor blocking drugs,3872702.0,151289674.0,6679922.720000001
202601,205,Hypertension and heart failure,7138659.0,261441888.0,26425277.17
202601,206,"Nitrates, calcium-channel blockers & other antianginal drugs",5390940.0,189190523.0,13169448.67
202601,207,Sympathomimetics and other vasoconstrictor drugs,29722.0,2124241.0,263700.94
202601,208,Anticoagulants and protamine,1957379.0,87266489.2,21017263.65
202601,209,Antiplatelet drugs,2799542.0,83236293.0,6661049.37
202601,2101,Other Appliances,921019.0,75336667.0,5313607.68
202601,2102,Catheters,140769.0,9338305.0,18736556.7
202601,2103,Chiropody Appliances,137.0,2092.0,1931.76
202601,2104,Contraceptive Devices,2667.0,2724.0,32789.22
202601,2107,Elastic Hosiery,33044.0,91709.0,673138.18
202601,211,Antifibrinolytic drugs and haemostatics,58150.0,3506709.0,229143.59
202601,2112,Peak Flow Meters,21618.0,21748.0,116525.26
202601,2113,Catheter Maintenance Products,23543.0,14922970.0,900127.51
202601,2114,Lubricant Gels,33814.0,2156835.0,125603.26
202601,2116,Irrigation Solutions,35614.0,718682.0,301744.75
202601,2118,Erectile Dysfunction Devices,2179.0,4734.0,253456.88
202601,2119,Oral Film Forming Agents,1131.0,96265.0,37961.14
202601,212,Lipid-regulating drugs,9082549.0,297799197.0,20412285.69
202601,2120,Venous Ulcer Compression System,7517.0,25859.0,434397.68000000005
202601,2121,Dry Mouth Products,42461.0,4231585.0,272022.39
202601,2122,Emollients,958793.0,511504803.0,5815819.8100000005
202601,2123,Vaginal Moisturisers,29450.0,1417249.0,295682.26
202601,2124,Nasal Products,32559.0,2158887.0,128504.21
202601,2125,Vaginal Dilators,203.0,207.0,6412.5
202601,2127,Lymphoedema Garments,53971.0,146286.0,4272938.03
202601,2128,Anal Irrigation System,22906.0,72346.0,4645478.7700000005
202601,2129,Pressure Offloading Device,1532.0,2478.0,55244.77
202601,2130,Eye Products,814611.0,11870662.0,6309308.550000001
202601,2132,Inhalation Solutions,9559.0,638188.0,234841.71
202601,2133,Indwelling Pleural Cath Drain System,941.0,10120.0,322235.45
202601,2134,Vaginal PH Correction Products,508.0,7887.0,5473.09
202601,2135,Acne Treatment,2.0,50.0,26.0
202601,2136,Adhesive Dressing Remover Ster Silicone,1516.0,114302.0,45008.64
202601,2137,Pelvic Toning Devices,2.0,2.0,30.0
202601,2138,Low Friction Products,2423.0,5337.0,65452.28
202601,2139,Prosthetic Adhesives,13.0,240.0,190.2
202601,2140,Bacterial Decolonisation Products,320.0,39706.0,1606.56
202601,2141,Debridement Device,7164.0,87273.0,437613.9
202601,2142,Jaw Rehabilitation Device,94.0,520.0,5356.9800000000005
202601,2143,Micro-Enema - Sodium Citrate,40.0,514.0,223.17
202601,2147,Dev For Fungal Nail Infections,41.0,205.0,868.8
202601,2148,Detection Sensor Interstitial Fluid/Gluc,388507.0,878373.0,31927004.44
202601,2149,Pulsed Electromagnetic Stimulator,1.0,1.0,13.95
202601,2202,Anal Plugs,846.0,32405.0,81038.4
202601,2205,Catheter Valves,14506.0,100932.0,256007.97
202601,2215,Faecal Collectors,296.0,5840.0,13855.78
202601,2230,Incontinence Sheaths,11710.0,484803.0,912008.57
202601,2240,Incontinence Sheath Fixing Strips & Adh,1383.0,43848.0,29364.800000000003
202601,2250,Leg Bags,71968.0,846243.0,2480331.7800000003
202601,2260,Night Drainage Bags,103212.0,2664056.0,1689380.3199999998
202601,2270,Suspensory Systems,2082.0,18362.0,110681.86
202601,2280,Tubing And Accessories,42250.0,309975.0,645094.44
202601,2285,Insert For Female Stress Incont,1056.0,1238.0,53598.85
202601,2290,Urinal Systems,1238.0,8828.0,62431.4
202601,2305,Adhesive Discs/Rings/Pads/Plasters,29364.0,2057873.0,1399989.25
202601,2310,Adhesive (Pastes/Sprays/Solutions),38.0,2922.0,724.17
202601,2315,Adhesive Removers (Sprays/Liquids/Wipes),117047.0,16505390.0,2548646.66
202601,2320,Bag Closures,243.0,10650.0,3183.34
202601,2325,Bag Covers,223.0,778.0,7208.88
202601,2330,Belts,10401.0,14935.0,557443.87
202601,2335,Colostomy Bags,40556.0,2895898.0,9687728.98
202601,2345,Deodorants,6897.0,1471004.0,96088.81
202601,2346,Discharge Solidifying Agents,2338.0,452162.0,148919.39
202601,2350,Filters/Bridges,223.0,13640.0,12401.5
202601,2355,Flanges,11.0,82.0,1498.7999999999995
202601,2360,Ileostomy Bags,70787.0,2789445.0,12220886.169999998
202601,2370,Irrigation Washout Appliances,3317.0,51190.0,131029.87
202601,2375,Pressure Plates/Shields,84.0,587.0,5255.53
202601,2380,Skin Fillers And Protectives,344414.0,37571117.9,3858492.77
202601,2385,Skin Protectors,31102.0,1284646.0,2724373.38
202601,2390,Stoma Caps/Dressings,1315.0,58060.0,85956.36
202601,2392,Tubing & Accessories,378.0,6519.0,17727.65
202601,2394,Two Piece Ostomy Systems,19351.0,752278.0,2021582.53
202601,2396,Urostomy Bags,14556.0,432637.0,2828970.0700000003
202601,2399,Leakage Notification System,485.0,14294.0,45335.64
202601,301,Bronchodilators,1840464.0,9241049.0,19198900.24
202601,302,Corticosteroids (respiratory),2313637.0,3511311.0,75532300.47
202601,303,"Cromoglycate, leukotriene and phosphodesterase type-4 inhib",414856.0,12239314.0,413167.61
202601,304,"Antihistamines, hyposensitisation and allergic emergencies",1330873.0,62685127.0,10049107.59
202601,307,Mucolytics,396404.0,48346089.0,2862636.21
202601,308,Aromatic inhalations,1.0,50.0,2.89
202601,309,Cough preparations,12713.0,3316675.0,212027.35
202601,310,Systemic nasal decongestants,977.0,58644.0,8986.369999999999
202601,311,Antifibrotics,1.0,84.0,2007.7
202601,401,Hypnotics and anxiolytics,1165207.0,36871797.0,7734479.98
202601,402,Drugs used in psychoses and related disorders,1197066.0,39520855.0,13087661.55
202601,403,Antidepressant drugs,8154925.0,297167718.0,18615178.14
202601,404,CNS stimulants and drugs used for ADHD,385126.0,14014856.0,16557042.43
202601,405,Drugs used in the treatment of obesity,44183.0,4111359.0,827576.5900000001
202601,406,Drugs used in nausea and vertigo,549309.0,32726348.0,2789260.2800000003
202601,407,Analgesics,5051468.0,555947022.2,36222246.26
202601,408,Antiepileptic drugs,2878288.0,228023213.0,23736448.1
202601,409,Drugs used in parkinsonism and related disorders,472742.0,37355299.0,9331361.83
202601,410,Drugs used in substance dependence,281918.0,96616553.2,4743441.17
202601,411,Drugs for dementia,432016.0,10824448.0,2668276.58
202601,501,Antibacterial drugs,3286397.0,117347072.0,16025793.62
202601,502,Antifungal drugs,147031.0,4340573.0,1114533.4
202601,503,Antiviral drugs,128948.0,5963481.0,1527433.71
202601,504,Antiprotozoal drugs,166762.0,4450532.0,417525.19
202601,505,Anthelmintics,20040.0,235978.0,2182573.67
202601,601,Drugs used in diabetes,6703697.0,343103343.0,166272645.66
202601,602,Thyroid and antithyroid drugs,3024436.0,107096498.0,4496286.0600000005
202601,603,Corticosteroids (endocrine),724871.0,34522448.0,3214162.32
202601,604,Sex Hormones,1602827.0,104554170.5,24196719.6
202601,605,"Hypothalamic and pituitary hormones and anti, oestrogens",32456.0,1701600.0,3063162.08
202601,606,Drugs affecting bone metabolism,504913.0,2570888.0,3269846.49
202601,607,Other endocrine drugs,13779.0,358289.0,847760.02
202601,701,Drugs used in obstetrics,2.0,2.0,34.0
202601,702,Treatment of vaginal and vulval conditions,423040.0,8443683.0,5647576.65
202601,703,Contraceptives,639470.0,54223907.0,6254795.33
202601,704,Drugs for genito-urinary disorders,2172364.0,65284695.0,14808954.44
202601,705,Other drugs for gynaecological conditions,205.0,7813.0,12500.8
202601,801,Cytotoxic drugs,26950.0,920991.0,850705.4400000001
202601,802,Drugs affecting the immune response,86688.0,6585209.0,2090559.72
202601,803,Sex hormones and hormone antagonists in malignant disease,289587.0,7985041.0,12715760.1
202601,901,Anaemias and haematological disorders,2114087.0,80291081.0,4453905.42
202601,902,Fluids and electrolytes,120083.0,8523116.0,2194888.09
202601,904,Oral nutrition (OLD - DO NOT USE),1.0,150.0,0.01
202601,905,Minerals,209843.0,34060013.0,4404788.35
202601,906,Vitamins,3111706.0,135442864.8,13229779.9
202601,908,Metabolic disorders,280.0,81927.0,145789.34
202601,909,Foods,1.0,3200.0,217.92
202601,910,Compound vitamin and mineral formulations,12042.0,365028.0,32072.62
202601,911,Health supplements,1002.0,129224.0,52713.72
202601,912,Other health supplements,12236.0,418374.0,63441.030000000006
202601,913,Oral nutrition,579028.0,2269008631.5,43067790.27
202601,914,Enteral nutrition,30568.0,607209677.0,12900144.09
202602,1001,Drugs used in rheumatic diseases and gout,1807226.0,78375786.0,6952135.15
202602,1002,Drugs used in neuromuscular disorders,148471.0,23611350.0,732053.97
202602,1003,Drugs for soft-tissue disorders and topical pain relief,563933.0,61189668.0,3531380.71
202602,101,Dyspepsia and gastro-oesophageal reflux disease,352350.0,184822483.0,3174440.74
202602,102,Antispasmodics and other drugs altering gut motility,391865.0,32816831.0,4693883.83
202602,103,Antisecretory drugs and mucosal protectants,6472680.0,224998604.0,14864363.66
202602,104,Acute diarrhoea,128936.0,11472949.0,701861.36
202602,105,Chronic bowel disorders,203138.0,23581882.0,9986353.43
202602,106,Laxatives,1673657.0,201029812.0,13517008.79
202602,107,Local preparations for anal and rectal disorders,109852.0,2886564.0,837883.66
202602,109,Drugs affecting intestinal secretions,95476.0,21417300.0,7509709.42
202602,110,Drugs for hepatic disorders,7.0,514.0,6553.18
202602,1103,Anti-infective eye preparations,117034.0,1142287.0,747491.27
202602,1104,Corticosteroids and other anti-inflammatory preparations,152830.0,3035961.0,2534382.34
202602,1105,Mydriatics and cycloplegics,7114.0,164739.0,165021.66
202602,1106,Treatment of glaucoma,802604.0,15216903.5,8330761.52
202602,1107,Local anaesthetics,31.0,596.0,395.79
202602,1108,Miscellaneous ophthalmic preparations,151642.0,4608344.5,1601700.86
202602,1201,Drugs acting on the ear,156605.0,1183291.5,1380995.21
202602,1202,Drugs acting on the nose,694228.0,3091398.0,5536363.02
202602,1203,Drugs acting on the oropharynx,81550.0,15024196.3,478333.74
202602,1301,Management of skin conditions,2457.0,1404700.0,8398.16
202602,1302,Emollient and barrier preparations,446515.0,236173987.0,3906210.75
202602,1303,Topical local anaesthetics and antipruritics,30423.0,8583289.0,348829.69
202602,1304,Topical corticosteroids,872237.0,46858672.0,6203052.17
202602,1305,Preparations for eczema and psoriasis,154918.0,11806383.0,6691880.19
202602,1306,Acne and rosacea,146556.0,7316220.0,3220323.42
202602,1307,Preparations for warts and calluses,11067.0,150654.0,296267.65
202602,1308,Sunscreens and camouflagers,22063.0,1391496.0,855875.6
202602,1309,Shampoo and other preparations for scalp and hair conditions,104109.0,19371763.0,1364667.86
202602,1310,Anti-infective skin preparations,286782.0,9799554.5,1695461.34
202602,1311,"Skin cleansers,antiseptics and desloughing agents",19730.0,9224105.0,201174.52
202602,1312,Antiperspirants,3292.0,191240.0,28798.56
202602,1313,Wound management products,1218.0,13364.0,74282.79000000001
202602,1314,Topical circulatory preparations,5328.0,342668.0,32213.18
202602,1315,Miscellaneous topical preparations,127.0,17315.0,10962.84
202602,1404,Vaccines and antisera,377903.0,379303.0,5914268.62
202602,1405,Immunoglobulins,12.0,12.0,3600.0
202602,1501,General anaesthesia,35480.0,22120973.5,251656.3
202602,1502,Local anaesthesia,119017.0,1864525.0,1652884.05
202602,1803,X-Ray contrast media,6.0,9000.0,1575.0
202602,1902,Selective preparations,46734.0,12963085.0,1017819.89
202602,1904,Single substances,93.0,95335.0,1149.7600000000002
202602,1905,Other preparations,537.0,28601.0,6400.99
202602,1906,Acids,359.0,135800.0,36707.8
202602,1908,"Colouring,flavouring and sweetening agents",6.0,600.0,133.56
202602,1914,Waters,946.0,8820600.0,8334.09
202602,2001,Absorbent Cottons,41.0,30425.0,395.65
202602,2002,Arm Sling/Bandages,31449.0,418926.0,854856.52
202602,2003,Wound Management & Other Dressings,254998.0,4664708.4,10053417.48
202602,2004,Gauzes & Gauze Tissue,6774.0,245944.0,193821.86
202602,2005,Tracheostomy & Laryngectomy Appliances,17398.0,1028736.0,1785830.48
202602,2006,Foam,1.0,4.0,22.47
202602,2007,Lints,10.0,6600.0,233.46
202602,2009,Stockinette,29076.0,245987.5,431993.83
202602,201,Positive inotropic drugs,198068.0,5119421.0,193294.95
202602,2010,Surgical Adhesive Tape,13692.0,183406.5,72542.11
202602,2011,Surgical Sutures,8057.0,12016.0,28341.38
202602,2012,Swabs,17411.0,3474376.0,79927.14
202602,2014,"Skin Closure Strips, Sterile",7678.0,31227.0,8040.89
202602,2015,"Skin Adhesive, Sterile",72.0,51.28,665.32
202602,202,Diuretics,2374476.0,76318540.0,5753124.69
202602,2020,Silk Garments,328.0,1137.0,22798.03
202602,203,Anti-arrhythmic drugs,70293.0,3869639.0,703981.05
202602,204,Beta-adrenoceptor blocking drugs,3575095.0,139613948.0,6300751.430000001
202602,205,Hypertension and heart failure,6597721.0,240939029.0,24910644.79
202602,206,"Nitrates, calcium-channel blockers & other antianginal drugs",4994444.0,174664788.0,12795165.36
202602,207,Sympathomimetics and other vasoconstrictor drugs,27320.0,1936832.0,232654.06
202602,208,Anticoagulants and protamine,1808080.0,80582220.2,19226538.85
202602,209,Antiplatelet drugs,2591844.0,76822813.0,6218927.25
202602,2101,Other Appliances,850161.0,68876836.0,4904369.48
202602,2102,Catheters,125618.0,8441497.0,16906322.7
202602,2103,Chiropody Appliances,140.0,2341.0,2804.23
202602,2104,Contraceptive Devices,2555.0,2609.0,31419.18
202602,2107,Elastic Hosiery,31984.0,87847.0,646562.66
202602,211,Antifibrinolytic drugs and haemostatics,55298.0,3331993.0,219642.8
202602,2112,Peak Flow Meters,20161.0,20252.0,108297.85
202602,2113,Catheter Maintenance Products,20578.0,12933700.0,779384.24
202602,2114,Lubricant Gels,29424.0,1929899.0,110248.15
202602,2116,Irrigation Solutions,31098.0,633339.0,267688.41000000003
202602,2118,Erectile Dysfunction Devices,2408.0,5111.0,285630.53
202602,2119,Oral Film Forming Agents,1042.0,99414.0,38377.15
202602,212,Lipid-regulating drugs,8425393.0,275538088.0,19099870.52
202602,2120,Venous Ulcer Compression System,7351.0,25240.0,419894.74
202602,2121,Dry Mouth Products,41001.0,3993897.0,259254.18
202602,2122,Emollients,872725.0,465096179.0,5285206.61
202602,2123,Vaginal Moisturisers,27846.0,1361582.0,277773.81
202602,2124,Nasal Products,30852.0,2014346.0,120304.02
202602,2125,Vaginal Dilators,215.0,227.0,6617.58
202602,2127,Lymphoedema Garments,58361.0,158854.0,4612229.16
202602,2128,Anal Irrigation System,21117.0,63669.0,4308686.279999999
202602,2129,Pressure Offloading Device,1244.0,2064.0,45432.23
202602,2130,Eye Products,752404.0,10952067.5,5835087.42
202602,2131,Cycloidal Vibration Accessories,1.0,60.0,300.0
202602,2132,Inhalation Solutions,8870.0,591313.0,219162.14
202602,2133,Indwelling Pleural Cath Drain System,882.0,9300.0,291888.18
202602,2134,Vaginal PH Correction Products,474.0,6631.0,4918.14
202602,2135,Acne Treatment,1.0,25.0,13.0
202602,2136,Adhesive Dressing Remover Ster Silicone,1369.0,108280.0,41203.21
202602,2137,Pelvic Toning Devices,3.0,3.0,45.0
202602,2138,Low Friction Products,2187.0,4903.0,58534.74
202602,2139,Prosthetic Adhesives,12.0,216.0,171.17999999999998
202602,2140,Bacterial Decolonisation Products,237.0,23886.0,1146.5700000000002
202602,2141,Debridement Device,6272.0,72961.0,369159.5
202602,2142,Jaw Rehabilitation Device,116.0,697.0,8282.189999999999
202602,2143,Micro-Enema - Sodium Citrate,46.0,498.0,216.18
202602,2147,Dev For Fungal Nail Infections,42.0,138.0,970.56
202602,2148,Detection Sensor Interstitial Fluid/Gluc,359435.0,812396.0,29507091.42
202602,2149,Pulsed Electromagnetic Stimulator,2.0,2.0,27.9
202602,2202,Anal Plugs,764.0,29301.0,73063.22
202602,2205,Catheter Valves,13107.0,91342.0,231524.24
202602,2210,Drainable Dribbling Appliances,1.0,1.0,14.3
202602,2215,Faecal Collectors,252.0,5390.0,13429.39
202602,2230,Incontinence Sheaths,10471.0,431140.0,811866.53
202602,2240,Incontinence Sheath Fixing Strips & Adh,1336.0,41104.0,27867.72
202602,2250,Leg Bags,62605.0,734592.0,2146911.69
202602,2260,Night Drainage Bags,91099.0,2327726.0,1484056.77
202602,2270,Suspensory Systems,2474.0,21953.0,129721.59
202602,2280,Tubing And Accessories,38399.0,287639.0,586954.79
202602,2285,Insert For Female Stress Incont,1005.0,1238.0,52841.95
202602,2290,Urinal Systems,1147.0,8723.0,57970.1
202602,2305,Adhesive Discs/Rings/Pads/Plasters,26722.0,1882019.0,1278732.23
202602,2310,Adhesive (Pastes/Sprays/Solutions),40.0,2964.0,801.89
202602,2315,Adhesive Removers (Sprays/Liquids/Wipes),107035.0,15121656.0,2325991.61
202602,2320,Bag Closures,199.0,8960.0,2615.92
202602,2325,Bag Covers,269.0,944.0,8678.67
202602,2330,Belts,10582.0,15161.0,577487.25
202602,2335,Colostomy Bags,37823.0,2701868.0,9027445.91
202602,2345,Deodorants,6464.0,1371223.0,88528.76
202602,2346,Discharge Solidifying Agents,2218.0,426061.0,139687.37
202602,2350,Filters/Bridges,203.0,12390.0,10848.65
202602,2355,Flanges,14.0,105.0,1723.5100000000002
202602,2360,Ileostomy Bags,65551.0,2586090.0,11335825.75
202602,2370,Irrigation Washout Appliances,3180.0,46308.0,118788.52
202602,2375,Pressure Plates/Shields,88.0,437.0,4098.63
202602,2380,Skin Fillers And Protectives,314697.0,34197732.8,3512584.7
202602,2385,Skin Protectors,28702.0,1183866.0,2513004.45
202602,2390,Stoma Caps/Dressings,1222.0,57740.0,85406.37
202602,2392,Tubing & Accessories,386.0,6247.0,16659.08
202602,2394,Two Piece Ostomy Systems,17807.0,693721.0,1868572.58
202602,2396,Urostomy Bags,13644.0,408127.0,2666403.27
202602,2399,Leakage Notification System,468.0,13795.0,43026.02
202602,301,Bronchodilators,1627906.0,8192700.0,17337591.73
202602,302,Corticosteroids (respiratory),2097107.0,3204551.0,68718808.83
202602,303,"Cromoglycate, leukotriene and phosphodesterase type-4 inhib",379497.0,11155718.0,377674.02
202602,304,"Antihistamines, hyposensitisation and allergic emergencies",1238653.0,58350993.0,9479053.21
202602,305,Respiratory stimulants and pulmonary surfactants,1.0,7.0,177.1
202602,307,Mucolytics,365296.0,44565157.0,2321352.2800000003
202602,308,Aromatic inhalations,1.0,12.0,3.78
202602,309,Cough preparations,10560.0,2755960.0,174042.04
202602,310,Systemic nasal decongestants,833.0,58893.0,7601.34
202602,311,Antifibrotics,1.0,504.0,4015.4
202602,401,Hypnotics and anxiolytics,1074678.0,33953024.0,7182044.44
202602,402,Drugs used in psychoses and related disorders,1101992.0,36291486.0,11819519.22
202602,403,Antidepressant drugs,7509864.0,272547642.0,18987360.05
202602,404,CNS stimulants and drugs used for ADHD,366718.0,13264830.0,15787141.41
202602,405,Drugs used in the treatment of obesity,41230.0,3814122.0,768487.8
202602,406,Drugs used in nausea and vertigo,505534.0,30103283.0,2602485.02
202602,407,Analgesics,4640142.0,509618183.6,34677590.74
202602,408,Antiepileptic drugs,2652236.0,209246394.0,22091711.86
202602,409,Drugs used in parkinsonism and related disorders,432980.0,34063162.0,8334557.609999999
202602,410,Drugs used in substance dependence,261540.0,89643853.0,4492644.33
202602,411,Drugs for dementia,397849.0,9932464.0,2416267.54
202602,501,Antibacterial drugs,2934497.0,112306920.0,14739511.11
202602,502,Antifungal drugs,135235.0,4029030.0,1046182.78
202602,503,Antiviral drugs,110543.0,5355905.0,1276934.49
202602,504,Antiprotozoal drugs,152352.0,4058416.0,406995.18
202602,505,Anthelmintics,17761.0,215553.0,1905849.36
202602,601,Drugs used in diabetes,6197747.0,315637151.0,152386942.74
202602,602,Thyroid and antithyroid drugs,2774469.0,97871837.0,4184443.6
202602,603,Corticosteroids (endocrine),618888.0,30010506.0,2886891.6
202602,604,Sex Hormones,1488472.0,96865091.0,22492529.08
202602,605,"Hypothalamic and pituitary hormones and anti, oestrogens",29845.0,1545274.0,2778922.3
202602,606,Drugs affecting bone metabolism,462488.0,2365463.0,2964550.54
202602,607,Other endocrine drugs,13158.0,357160.0,855580.1799999999
202602,701,Drugs used in obstetrics,1.0,1.0,17.0
202602,702,Treatment of vaginal and vulval conditions,394346.0,7882623.0,5162441.359999999
202602,703,Contraceptives,566961.0,46481139.0,5701446.3
202602,704,Drugs for genito-urinary disorders,2003790.0,59999936.0,13554975.85
202602,705,Other drugs for gynaecological conditions,215.0,7588.0,12140.8
202602,801,Cytotoxic drugs,29783.0,955238.0,928509.47
202602,802,Drugs affecting the immune response,78668.0,5972712.0,1848131.83
202602,803,Sex hormones and hormone antagonists in malignant disease,265435.0,7356802.0,11425231.37
202602,901,Anaemias and haematological disorders,1949305.0,74874331.0,4217351.93
202602,902,Fluids and electrolytes,109783.0,7709628.0,2128022.7
202602,904,Oral nutrition (OLD - DO NOT USE),4.0,10550.0,98.2
202602,905,Minerals,201836.0,33619413.0,4278931.25
202602,906,Vitamins,2891165.0,124882497.9,12383408.91
202602,908,Metabolic disorders,248.0,76696.0,119014.9
202602,909,Foods,1.0,3200.0,54.48
202602,910,Compound vitamin and mineral formulations,10971.0,323792.0,28139.11
202602,911,Health supplements,914.0,101453.0,40229.94
202602,912,Other health supplements,11132.0,381576.0,53148.69
202602,913,Oral nutrition,534409.0,2086770566.5,39838356.84
202602,914,Enteral nutrition,29425.0,586113984.0,12750896.04
202603,1001,Drugs used in rheumatic diseases and gout,1991034.0,86452821.0,7712714.0
202603,1002,Drugs used in neuromuscular disorders,162295.0,25643144.0,796333.76
202603,1003,Drugs for soft-tissue disorders and topical pain relief,626815.0,67882135.0,3873265.47
202603,101,Dyspepsia and gastro-oesophageal reflux disease,384845.0,201744213.0,3760751.64
202603,102,Antispasmodics and other drugs altering gut motility,428010.0,36006645.0,5228089.970000001
202603,103,Antisecretory drugs and mucosal protectants,7083582.0,246813083.0,16453054.0
202603,104,Acute diarrhoea,141345.0,12623519.0,795287.9199999999
202603,105,Chronic bowel disorders,221961.0,25837342.0,10978752.85
202603,106,Laxatives,1809997.0,218321786.0,15043469.49
202603,107,Local preparations for anal and rectal disorders,115965.0,3047279.0,860356.6200000001
202603,109,Drugs affecting intestinal secretions,105313.0,23529424.0,8093749.87
202603,110,Drugs for hepatic disorders,7.0,538.0,6719.26
202603,1103,Anti-infective eye preparations,118781.0,1163456.0,789304.07
202603,1104,Corticosteroids and other anti-inflammatory preparations,189541.0,3634497.5,2935142.6300000004
202603,1105,Mydriatics and cycloplegics,7615.0,180305.0,179390.75
202603,1106,Treatment of glaucoma,869840.0,16578892.0,9057999.32
202603,1107,Local anaesthetics,42.0,1140.0,739.85
202603,1108,Miscellaneous ophthalmic preparations,160542.0,4974758.5,1715044.42
202603,1201,Drugs acting on the ear,161915.0,1209329.0,1438582.82
202603,1202,Drugs acting on the nose,801982.0,3431254.0,6331371.0200000005
202603,1203,Drugs acting on the oropharynx,88771.0,16141988.1,437046.29
202603,1301,Management of skin conditions,2620.0,1518350.0,9080.83
202603,1302,Emollient and barrier preparations,491205.0,259530063.0,4281549.28
202603,1303,Topical local anaesthetics and antipruritics,32977.0,9346473.0,376469.36
202603,1304,Topical corticosteroids,975033.0,51807721.0,6868536.73
202603,1305,Preparations for eczema and psoriasis,171749.0,12974810.0,7396619.640000001
202603,1306,Acne and rosacea,164253.0,8192788.0,3640153.07
202603,1307,Preparations for warts and calluses,12001.0,164369.0,327552.52
202603,1308,Sunscreens and camouflagers,24247.0,1705481.0,933781.55
202603,1309,Shampoo and other preparations for scalp and hair conditions,114247.0,21145143.0,1495658.15
202603,1310,Anti-infective skin preparations,321742.0,10889905.0,1912087.98
202603,1311,"Skin cleansers,antiseptics and desloughing agents",21331.0,9862122.0,213208.09
202603,1312,Antiperspirants,3783.0,215705.0,36065.09
202603,1313,Wound management products,1393.0,15044.0,83571.98
202603,1314,Topical circulatory preparations,5963.0,377254.0,35470.78
202603,1315,Miscellaneous topical preparations,127.0,24766.0,7333.95
202603,1404,Vaccines and antisera,288347.0,289503.0,4544086.4
202603,1405,Immunoglobulins,5.0,5.0,2900.0
202603,1501,General anaesthesia,35561.0,6623384.5,248508.3
202603,1502,Local anaesthesia,124572.0,1972273.0,1755829.99
202603,1803,X-Ray contrast media,2.0,2000.0,350.0
202603,1902,Selective preparations,50691.0,14798361.0,1115795.21
202603,1904,Single substances,119.0,109335.0,7376.34
202603,1905,Other preparations,569.0,33220.0,6925.12
202603,1906,Acids,406.0,142484.0,34822.869999999995
202603,1908,"Colouring,flavouring and sweetening agents",5.0,700.0,141.3
202603,1914,Waters,1039.0,10526100.0,11732.62
202603,2001,Absorbent Cottons,56.0,40425.0,516.73
202603,2002,Arm Sling/Bandages,34739.0,450934.0,922962.26
202603,2003,Wound Management & Other Dressings,280092.0,5081082.5,11059364.4
202603,2004,Gauzes & Gauze Tissue,7435.0,265156.0,202360.66
202603,2005,Tracheostomy & Laryngectomy Appliances,19139.0,1124735.0,1962621.75
202603,2006,Foam,1.0,4.0,22.47
202603,2007,Lints,10.0,7800.0,215.88
202603,2009,Stockinette,31704.0,263940.5,466745.15
202603,201,Positive inotropic drugs,216574.0,5612692.0,211875.82
202603,2010,Surgical Adhesive Tape,14707.0,196392.5,77793.45
202603,2011,Surgical Sutures,7396.0,10470.0,21634.02
202603,2012,Swabs,18987.0,3809320.0,86529.17
202603,2014,"Skin Closure Strips, Sterile",8272.0,31959.0,8207.96
202603,2015,"Skin Adhesive, Sterile",91.0,46.56,567.17
202603,202,Diuretics,2606754.0,84129668.0,6452953.59
202603,2020,Silk Garments,438.0,1432.0,27030.370000000003
202603,203,Anti-arrhythmic drugs,75761.0,4203633.0,727961.95
202603,204,Beta-adrenoceptor blocking drugs,3913885.0,153735759.0,7144640.8100000005
202603,205,Hypertension and heart failure,7275444.0,266808739.0,27314238.18
202603,206,"Nitrates, calcium-channel blockers & other antianginal drugs",5488732.0,192507511.0,13725401.62
202603,207,Sympathomimetics and other vasoconstrictor drugs,30358.0,2177961.0,264995.47
202603,208,Anticoagulants and protamine,1979008.0,88566603.6,21697635.09
202603,209,Antiplatelet drugs,2829786.0,84203171.0,6434650.55
202603,2101,Other Appliances,910626.0,74642457.0,5241645.79
202603,2102,Catheters,136773.0,9016785.0,18110008.31
202603,2103,Chiropody Appliances,157.0,2398.0,2345.42
202603,2104,Contraceptive Devices,2517.0,2550.0,31258.120000000003
202603,2107,Elastic Hosiery,34166.0,93804.0,687361.03
202603,211,Antifibrinolytic drugs and haemostatics,59992.0,3624857.0,238779.99
202603,2112,Peak Flow Meters,20357.0,20426.0,109367.93
202603,2113,Catheter Maintenance Products,22630.0,14055180.0,862588.87
202603,2114,Lubricant Gels,31677.0,2068979.0,119709.62
202603,2116,Irrigation Solutions,34671.0,685850.0,293254.42
202603,2118,Erectile Dysfunction Devices,2447.0,5076.0,298024.58
202603,2119,Oral Film Forming Agents,1165.0,105786.0,41015.29
202603,212,Lipid-regulating drugs,9270031.0,304144095.0,20784197.74
202603,2120,Venous Ulcer Compression System,7693.0,26584.0,444535.34
202603,2121,Dry Mouth Products,44505.0,4402179.0,283592.81
202603,2122,Emollients,965280.0,514730724.0,5837645.59
202603,2123,Vaginal Moisturisers,30354.0,1494224.0,304808.29
202603,2124,Nasal Products,33527.0,2220562.0,132279.33
202603,2125,Vaginal Dilators,236.0,243.0,7653.42
202603,2127,Lymphoedema Garments,60101.0,163437.0,4812988.970000001
202603,2128,Anal Irrigation System,23813.0,69296.0,4891507.07
202603,2129,Pressure Offloading Device,1917.0,3189.0,69840.29000000001
202603,2130,Eye Products,825156.0,12019205.5,6427271.5
202603,2132,Inhalation Solutions,9743.0,652814.0,239350.48
202603,2133,Indwelling Pleural Cath Drain System,920.0,9705.0,299013.86
202603,2134,Vaginal PH Correction Products,477.0,6610.0,4795.34
202603,2135,Acne Treatment,1.0,25.0,13.0
202603,2136,Adhesive Dressing Remover Ster Silicone,1523.0,119541.0,43796.21
202603,2137,Pelvic Toning Devices,3.0,3.0,45.0
202603,2138,Low Friction Products,2230.0,4893.0,60319.35
202603,2139,Prosthetic Adhesives,16.0,372.0,294.81
202603,2140,Bacterial Decolonisation Products,299.0,35706.0,1556.2799999999995
202603,2141,Debridement Device,6830.0,80187.0,396940.12
202603,2142,Jaw Rehabilitation Device,101.0,649.0,6935.31
202603,2143,Micro-Enema - Sodium Citrate,3.0,38.0,20.86
202603,2147,Dev For Fungal Nail Infections,47.0,182.0,981.59
202603,2148,Detection Sensor Interstitial Fluid/Gluc,397191.0,899664.0,32682253.35
202603,2202,Anal Plugs,861.0,33791.0,85003.98
202603,2205,Catheter Valves,14234.0,98375.0,249006.61
202603,2215,Faecal Collectors,287.0,5612.0,13543.45
202603,2220,Incontinence Belts,1.0,1.0,6.9
202603,2230,Incontinence Sheaths,11112.0,453685.0,855224.26
202603,2240,Incontinence Sheath Fixing Strips & Adh,1508.0,46981.0,31939.37
202603,2250,Leg Bags,68636.0,802967.0,2354549.16
202603,2260,Night Drainage Bags,99437.0,2516578.0,1621782.98
202603,2270,Suspensory Systems,2482.0,21727.0,132039.48
202603,2280,Tubing And Accessories,43437.0,317789.0,662203.27
202603,2285,Insert For Female Stress Incont,1143.0,1375.0,58074.85
202603,2290,Urinal Systems,1272.0,8598.0,63147.72
202603,2305,Adhesive Discs/Rings/Pads/Plasters,29701.0,2095217.0,1426414.54
202603,2310,Adhesive (Pastes/Sprays/Solutions),47.0,5098.0,1079.29
202603,2315,Adhesive Removers (Sprays/Liquids/Wipes),118672.0,16772458.0,2581992.23
202603,2320,Bag Closures,218.0,8847.0,2558.02
202603,2325,Bag Covers,265.0,946.0,9227.23
202603,2330,Belts,11882.0,16947.0,671868.03
202603,2335,Colostomy Bags,41225.0,2947613.0,9862382.3
202603,2345,Deodorants,6793.0,1422181.5,94337.48
202603,2346,Discharge Solidifying Agents,2402.0,467287.0,154048.83000000002
202603,2350,Filters/Bridges,236.0,14711.0,14338.27
202603,2355,Flanges,12.0,57.0,967.87
202603,2360,Ileostomy Bags,72470.0,2846362.0,12509398.05
202603,2370,Irrigation Washout Appliances,3245.0,51550.0,128256.64
202603,2375,Pressure Plates/Shields,76.0,481.0,4022.68
202603,2380,Skin Fillers And Protectives,341503.0,37049922.0,3844899.69
202603,2385,Skin Protectors,32199.0,1338380.0,2838607.68
202603,2390,Stoma Caps/Dressings,1309.0,60698.0,90313.33
202603,2392,Tubing & Accessories,422.0,7336.0,20162.82
202603,2394,Two Piece Ostomy Systems,19356.0,750729.0,2018600.63
202603,2396,Urostomy Bags,14948.0,446131.0,2923966.72
202603,2399,Leakage Notification System,548.0,15959.0,50050.1
202603,301,Bronchodilators,1741198.0,8725433.0,18706680.67
202603,302,Corticosteroids (respiratory),2286058.0,3518775.0,75131423.92999999
202603,303,"Cromoglycate, leukotriene and phosphodesterase type-4 inhib",417235.0,12308667.0,417875.95
202603,304,"Antihistamines, hyposensitisation and allergic emergencies",1457774.0,70985375.0,10782322.62
202603,307,Mucolytics,399689.0,48454083.0,2340589.0700000003
202603,309,Cough preparations,10876.0,2874770.0,179753.95
202603,310,Systemic nasal decongestants,836.0,68412.0,7375.72
202603,311,Antifibrotics,3.0,273.0,3848.04
202603,401,Hypnotics and anxiolytics,1162742.0,36914440.0,7681725.9
202603,402,Drugs used in psychoses and related disorders,1196304.0,39421741.0,13013789.79
202603,403,Antidepressant drugs,8229367.0,299700316.0,20263695.73
202603,404,CNS stimulants and drugs used for ADHD,414986.0,14886842.0,17861202.7
202603,405,Drugs used in the treatment of obesity,46284.0,4313529.0,868866.3400000001
202603,406,Drugs used in nausea and vertigo,549323.0,32657848.0,2889444.36
202603,407,Analgesics,5083816.0,556861572.8,37696912.98
202603,408,Antiepileptic drugs,2906053.0,229301968.0,25086277.67
202603,409,Drugs used in parkinsonism and related disorders,472872.0,37479807.0,9170129.54
202603,410,Drugs used in substance dependence,285438.0,97419601.4,4879419.86
202603,411,Drugs for dementia,428982.0,10706371.0,2979305.88
202603,501,Antibacterial drugs,3129649.0,120410844.0,16167425.53
202603,502,Antifungal drugs,150519.0,4496490.0,1184946.23
202603,503,Antiviral drugs,120139.0,5866423.0,1333523.11
202603,504,Antiprotozoal drugs,164940.0,4398053.0,438201.54
202603,505,Anthelmintics,19152.0,226999.0,2131937.42
202603,601,Drugs used in diabetes,6806977.0,345992863.0,169043075.16
202603,602,Thyroid and antithyroid drugs,3050516.0,107938447.0,4594924.89
202603,603,Corticosteroids (endocrine),656915.0,32126846.0,3134068.74
202603,604,Sex Hormones,1641979.0,107245278.5,24823873.89
202603,605,"Hypothalamic and pituitary hormones and anti, oestrogens",33262.0,1734710.0,3134190.77
202603,606,Drugs affecting bone metabolism,506356.0,2594989.0,3242123.66
202603,607,Other endocrine drugs,14657.0,397515.0,957881.71
202603,701,Drugs used in obstetrics,1.0,8.0,106.23
202603,702,Treatment of vaginal and vulval conditions,438426.0,8809689.0,5642008.22
202603,703,Contraceptives,606138.0,49947912.0,6041427.72
202603,704,Drugs for genito-urinary disorders,2188814.0,65659088.0,14893553.77
202603,705,Other drugs for gynaecological conditions,422.0,15105.0,24168.0
202603,801,Cytotoxic drugs,35391.0,1111256.0,1101758.92
202603,802,Drugs affecting the immune response,85722.0,6528756.0,2057369.9
202603,803,Sex hormones and hormone antagonists in malignant disease,290782.0,8145441.0,12340316.23
202603,901,Anaemias and haematological disorders,2100919.0,81602814.0,4568960.32
202603,902,Fluids and electrolytes,120934.0,8593961.0,2329353.23
202603,904,Oral nutrition (OLD - DO NOT USE),1.0,150.0,0.01
202603,905,Minerals,214860.0,35310338.0,4553802.18
202603,906,Vitamins,3154004.0,136746300.8,13578008.29
202603,908,Metabolic disorders,284.0,89780.0,177328.54
202603,909,Foods,1.0,16800.0,204.12
202603,910,Compound vitamin and mineral formulations,12063.0,356675.0,31753.27
202603,911,Health supplements,991.0,126427.0,57818.17999999999
202603,912,Other health supplements,11212.0,372724.0,59033.380000000005
202603,913,Oral nutrition,575612.0,2266430084.5,43072762.54
202603,914,Enteral nutrition,32742.0,652832654.0,14209636.57
202604,1001,Drugs used in rheumatic diseases and gout,1950977.0,84686599.0,7831293.6
202604,1002,Drugs used in neuromuscular disorders,161252.0,25741626.0,805997.63
202604,1003,Drugs for soft-tissue disorders and topical pain relief,625102.0,67668452.0,3903664.54
202604,101,Dyspepsia and gastro-oesophageal reflux disease,376296.0,198541837.0,3680772.86
202604,102,Antispasmodics and other drugs altering gut motility,420099.0,35359296.0,4949547.87
202604,103,Antisecretory drugs and mucosal protectants,6949297.0,241527618.0,16094240.61
202604,104,Acute diarrhoea,138504.0,12398793.0,783979.54
202604,105,Chronic bowel disorders,217041.0,25251943.0,10618330.08
202604,106,Laxatives,1804445.0,217676463.0,15139013.19
202604,107,Local preparations for anal and rectal disorders,112053.0,2953965.0,856037.0700000001
202604,109,Drugs affecting intestinal secretions,102422.0,22820864.0,8112069.19
202604,110,Drugs for hepatic disorders,14.0,1032.0,14556.43
202604,1103,Anti-infective eye preparations,97902.0,970653.5,671820.31
202604,1104,Corticosteroids and other anti-inflammatory preparations,196297.0,3712146.0,2919763.6500000004
202604,1105,Mydriatics and cycloplegics,7719.0,181836.0,172862.69
202604,1106,Treatment of glaucoma,852869.0,16201945.5,8464953.59
202604,1107,Local anaesthetics,21.0,394.0,250.39
202604,1108,Miscellaneous ophthalmic preparations,157469.0,4887684.0,1759483.9200000002
202604,1201,Drugs acting on the ear,139678.0,1021373.5,1242446.76
202604,1202,Drugs acting on the nose,805100.0,3434425.0,6135878.83
202604,1203,Drugs acting on the oropharynx,79820.0,15615392.5,440353.23
202604,1301,Management of skin conditions,2537.0,1468052.0,10627.080000000002
202604,1302,Emollient and barrier preparations,488593.0,257758849.0,4306576.99
202604,1303,Topical local anaesthetics and antipruritics,32839.0,9372246.0,378912.96
202604,1304,Topical corticosteroids,944782.0,50183161.0,6611303.99
202604,1305,Preparations for eczema and psoriasis,168791.0,12762036.0,7293308.189999999
202604,1306,Acne and rosacea,158397.0,7974352.0,3469323.7
202604,1307,Preparations for warts and calluses,12088.0,167508.0,300362.1
202604,1308,Sunscreens and camouflagers,24512.0,1819298.0,919907.22
202604,1309,Shampoo and other preparations for scalp and hair conditions,111527.0,20664055.0,1068205.7000000002
202604,1310,Anti-infective skin preparations,304302.0,10285869.5,1868332.32
202604,1311,"Skin cleansers,antiseptics and desloughing agents",20354.0,9350943.0,201093.04
202604,1312,Antiperspirants,3853.0,219695.0,34784.59
202604,1313,Wound management products,1256.0,13415.0,73453.48
202604,1314,Topical circulatory preparations,5781.0,371450.0,34916.3
202604,1315,Miscellaneous topical preparations,127.0,21680.0,6629.299999999999
202604,1404,Vaccines and antisera,184400.0,185436.0,2879449.36
202604,1501,General anaesthesia,34916.0,20620904.5,241954.0
202604,1502,Local anaesthesia,111672.0,1864367.5,1669670.69
202604,1902,Selective preparations,51087.0,14506303.0,1209781.03
202604,1904,Single substances,104.0,95705.0,1186.47
202604,1905,Other preparations,598.0,33234.0,7134.349999999999
202604,1906,Acids,347.0,121911.0,29190.32
202604,1908,"Colouring,flavouring and sweetening agents",3.0,400.0,81.78
202604,1914,Waters,1063.0,10246150.0,10404.87
202604,2001,Absorbent Cottons,44.0,44000.0,585.14
202604,2002,Arm Sling/Bandages,33727.0,442357.0,905225.29
202604,2003,Wound Management & Other Dressings,269863.0,4954890.0,10800846.71
202604,2004,Gauzes & Gauze Tissue,6906.0,277397.0,197025.61
202604,2005,Tracheostomy & Laryngectomy Appliances,18508.0,1071288.0,1870640.42
202604,2006,Foam,2.0,8.0,44.94
202604,2007,Lints,6.0,11700.0,322.54
202604,2009,Stockinette,30780.0,258447.5,454131.68
202604,201,Positive inotropic drugs,213354.0,5515329.0,216609.21
202604,2010,Surgical Adhesive Tape,14317.0,189908.5,74304.06
202604,2011,Surgical Sutures,6414.0,8557.0,18858.88
202604,2012,Swabs,18474.0,3677017.0,85387.6
202604,2014,"Skin Closure Strips, Sterile",6206.0,26019.0,6702.09
202604,2015,"Skin Adhesive, Sterile",59.0,35.36,425.22
202604,202,Diuretics,2569514.0,82677070.0,7717465.41
202604,2020,Silk Garments,373.0,1215.0,23210.34
202604,203,Anti-arrhythmic drugs,74595.0,4118742.0,817621.64
202604,204,Beta-adrenoceptor blocking drugs,3848698.0,150844120.0,9553819.63
202604,205,Hypertension and heart failure,7127731.0,260478897.0,28666851.01
202604,206,"Nitrates, calcium-channel blockers & other antianginal drugs",5382099.0,188217612.0,13779530.31
202604,207,Sympathomimetics and other vasoconstrictor drugs,30362.0,2172412.0,245565.06
202604,208,Anticoagulants and protamine,1957640.0,87864589.0,23724040.5
202604,209,Antiplatelet drugs,2780653.0,82538744.0,6331529.7
202604,2101,Other Appliances,862093.0,72020688.0,4941032.65
202604,2102,Catheters,136356.0,9127060.0,18274227.43
202604,2103,Chiropody Appliances,160.0,2577.0,2334.77
202604,2104,Contraceptive Devices,2191.0,2228.0,27065.58
202604,2107,Elastic Hosiery,32577.0,89687.0,650712.36
202604,211,Antifibrinolytic drugs and haemostatics,57155.0,3461274.0,204415.91
202604,2112,Peak Flow Meters,18352.0,18444.0,98491.52
202604,2113,Catheter Maintenance Products,22335.0,13892230.0,844353.63
202604,2114,Lubricant Gels,31382.0,2017548.0,115402.62
202604,2116,Irrigation Solutions,33149.0,665241.0,284223.73
202604,2118,Erectile Dysfunction Devices,2199.0,4802.0,253508.09000000003
202604,2119,Oral Film Forming Agents,1130.0,97384.0,38880.95
202604,212,Lipid-regulating drugs,9111196.0,297951453.0,20435005.47
202604,2120,Venous Ulcer Compression System,7289.0,25415.0,421226.5
202604,2121,Dry Mouth Products,44189.0,4403136.0,288569.71
202604,2122,Emollients,971329.0,517204621.0,5854926.41
202604,2123,Vaginal Moisturisers,29817.0,1464364.0,298140.29
202604,2124,Nasal Products,31456.0,2116803.0,127507.19
202604,2125,Vaginal Dilators,192.0,200.0,6072.0
202604,2127,Lymphoedema Garments,55524.0,150164.0,4530351.93
202604,2128,Anal Irrigation System,21499.0,65599.0,4404273.61
202604,2129,Pressure Offloading Device,2213.0,3694.0,78876.13
202604,2130,Eye Products,810823.0,11800299.5,6305108.87
202604,2131,Cycloidal Vibration Accessories,1.0,60.0,300.0
202604,2132,Inhalation Solutions,9482.0,638994.0,234620.77
202604,2133,Indwelling Pleural Cath Drain System,975.0,10420.0,321807.54
202604,2134,Vaginal PH Correction Products,506.0,7351.0,5333.79
202604,2135,Acne Treatment,5.0,125.0,65.0
202604,2136,Adhesive Dressing Remover Ster Silicone,1444.0,121024.0,43362.93
202604,2138,Low Friction Products,2160.0,4952.0,59249.8
202604,2139,Prosthetic Adhesives,16.0,312.0,247.26
202604,2140,Bacterial Decolonisation Products,263.0,35170.0,1323.81
202604,2141,Debridement Device,6052.0,71440.0,334539.53
202604,2142,Jaw Rehabilitation Device,123.0,607.0,7783.070000000001
202604,2143,Micro-Enema - Sodium Citrate,2.0,14.0,11.82
202604,2147,Dev For Fungal Nail Infections,44.0,296.0,947.77
202604,2148,Detection Sensor Interstitial Fluid/Gluc,387380.0,877121.0,31920714.48
202604,2202,Anal Plugs,778.0,29670.0,74903.48999999999
202604,2205,Catheter Valves,13917.0,95607.0,241761.0
202604,2210,Drainable Dribbling Appliances,1.0,1.0,57.97
202604,2215,Faecal Collectors,291.0,6095.0,14681.55
202604,2220,Incontinence Belts,1.0,1.0,14.27
202604,2230,Incontinence Sheaths,11062.0,450914.0,854905.51
202604,2240,Incontinence Sheath Fixing Strips & Adh,1385.0,42026.0,28983.2
202604,2250,Leg Bags,66887.0,781290.0,2290465.64
202604,2260,Night Drainage Bags,96743.0,2466129.0,1578435.0
202604,2270,Suspensory Systems,2498.0,22027.0,132194.28
202604,2280,Tubing And Accessories,41791.0,308154.0,637282.08
202604,2285,Insert For Female Stress Incont,1113.0,1242.0,51961.45
202604,2290,Urinal Systems,1224.0,8812.0,61939.53
202604,2305,Adhesive Discs/Rings/Pads/Plasters,29005.0,2042808.0,1398591.11
202604,2310,Adhesive (Pastes/Sprays/Solutions),45.0,3444.0,911.36
202604,2315,Adhesive Removers (Sprays/Liquids/Wipes),114646.0,16209758.0,2499604.29
202604,2320,Bag Closures,222.0,10346.0,3218.4700000000003
202604,2325,Bag Covers,273.0,904.0,8417.36
202604,2330,Belts,9315.0,13118.0,456658.85
202604,2335,Colostomy Bags,39781.0,2826502.0,9480209.26
202604,2345,Deodorants,6749.0,1408228.0,93473.9
202604,2346,Discharge Solidifying Agents,2331.0,452812.0,147678.4
202604,2350,Filters/Bridges,226.0,14131.0,12808.14
202604,2355,Flanges,14.0,56.0,1023.82
202604,2360,Ileostomy Bags,70143.0,2749221.0,12076034.09
202604,2370,Irrigation Washout Appliances,3151.0,48482.0,121290.82
202604,2375,Pressure Plates/Shields,74.0,318.0,3035.49
202604,2380,Skin Fillers And Protectives,341461.0,37206675.0,3806821.03
202604,2385,Skin Protectors,30740.0,1282696.0,2728465.68
202604,2390,Stoma Caps/Dressings,1282.0,59230.0,88196.19
202604,2392,Tubing & Accessories,359.0,6212.0,16884.83
202604,2394,Two Piece Ostomy Systems,19207.0,750024.0,2030424.24
202604,2396,Urostomy Bags,14275.0,430189.0,2823130.36
202604,2399,Leakage Notification System,575.0,16188.0,50671.84
202604,301,Bronchodilators,1667843.0,8391415.0,18061207.87
202604,302,Corticosteroids (respiratory),2221041.0,3425878.0,73350705.56
202604,303,"Cromoglycate, leukotriene and phosphodesterase type-4 inhib",408122.0,11991151.0,437001.12
202604,304,"Antihistamines, hyposensitisation and allergic emergencies",1509246.0,74447021.0,10732902.11
202604,307,Mucolytics,394336.0,47982039.0,2277084.01
202604,309,Cough preparations,9958.0,2703626.0,185945.83
202604,310,Systemic nasal decongestants,746.0,47971.0,7189.51
202604,311,Antifibrotics,3.0,210.0,2342.27
202604,401,Hypnotics and anxiolytics,1137661.0,36251376.0,7675761.63
202604,402,Drugs used in psychoses and related disorders,1178987.0,38793513.0,12779679.68
202604,403,Antidepressant drugs,8069018.0,293196087.0,18980569.92
202604,404,CNS stimulants and drugs used for ADHD,414668.0,14797601.0,17831381.06
202604,405,Drugs used in the treatment of obesity,46533.0,4327355.0,711501.37
202604,406,Drugs used in nausea and vertigo,534002.0,31907745.0,3149645.09
202604,407,Analgesics,5022707.0,553150215.4,38160337.9
202604,408,Antiepileptic drugs,2872470.0,226562762.0,24581879.72
202604,409,Drugs used in parkinsonism and related disorders,464294.0,36912081.0,9036373.35
202604,410,Drugs used in substance dependence,276662.0,94089443.4,4288259.53
202604,411,Drugs for dementia,429633.0,10791292.0,2896115.55
202604,501,Antibacterial drugs,2829193.0,103056498.5,15893065.18
202604,502,Antifungal drugs,145646.0,4393065.0,1164490.78
202604,503,Antiviral drugs,118161.0,5770094.0,1294110.9300000002
202604,504,Antiprotozoal drugs,160580.0,4247674.0,414517.51
202604,505,Anthelmintics,17052.0,200007.0,2082136.23
202604,601,Drugs used in diabetes,6703772.0,339350478.0,166166058.34
202604,602,Thyroid and antithyroid drugs,2983997.0,105237566.0,4495531.43
202604,603,Corticosteroids (endocrine),625256.0,30982074.0,3166793.17
202604,604,Sex Hormones,1616103.0,105653292.0,24109324.55
202604,605,"Hypothalamic and pituitary hormones and anti, oestrogens",32111.0,1673257.0,3028292.49
202604,606,Drugs affecting bone metabolism,496033.0,2520515.0,3075508.21
202604,607,Other endocrine drugs,14386.0,383653.0,891985.2
202604,701,Drugs used in obstetrics,1.0,28.0,224.0
202604,702,Treatment of vaginal and vulval conditions,425454.0,8572826.0,5964769.029999999
202604,703,Contraceptives,602296.0,50153448.0,5809640.17
202604,704,Drugs for genito-urinary disorders,2158811.0,64726395.0,14707797.13
202604,705,Other drugs for gynaecological conditions,676.0,23026.0,36841.6
202604,801,Cytotoxic drugs,34186.0,1058473.0,1069015.96
202604,802,Drugs affecting the immune response,84161.0,6371465.0,2047359.7
202604,803,Sex hormones and hormone antagonists in malignant disease,285046.0,7924049.0,12210731.1
202604,901,Anaemias and haematological disorders,2047755.0,79089761.0,4739785.09
202604,902,Fluids and electrolytes,118394.0,8392018.0,2296293.96
202604,904,Oral nutrition (OLD - DO NOT USE),1.0,6000.0,71.4
202604,905,Minerals,205804.0,33709927.0,4424764.79
202604,906,Vitamins,3105817.0,134379961.4,13455539.89
202604,908,Metabolic disorders,251.0,62330.0,125377.04
202604,909,Foods,2.0,6400.0,106.68
202604,910,Compound vitamin and mineral formulations,12081.0,361257.0,31499.25
202604,911,Health supplements,996.0,120903.0,48804.36
202604,912,Other health supplements,8418.0,271581.0,42916.53
202604,913,Oral nutrition,571790.0,2242317422.5,42403745.96
202604,914,Enteral nutrition,30643.0,612193335.0,13283401.17
202605,1001,Drugs used in rheumatic diseases and gout,1921659.0,83026958.0,7664211.35
202605,1002,Drugs used in neuromuscular disorders,156744.0,24929562.0,785245.3200000001
202605,1003,Drugs for soft-tissue disorders and topical pain relief,607587.0,65676766.0,3803163.3
202605,101,Dyspepsia and gastro-oesophageal reflux disease,359773.0,190049771.0,3539242.39
202605,102,Antispasmodics and other drugs altering gut motility,408622.0,34467113.0,4804303.08
202605,103,Antisecretory drugs and mucosal protectants,6780644.0,236087824.0,15670355.96
202605,104,Acute diarrhoea,135524.0,12126606.0,787313.2999999999
202605,105,Chronic bowel disorders,212283.0,24734958.0,10459015.87
202605,106,Laxatives,1739019.0,208780736.0,14562020.46
202605,107,Local preparations for anal and rectal disorders,107068.0,2832903.0,819633.25
202605,109,Drugs affecting intestinal secretions,100884.0,22438310.0,8053782.7
202605,110,Drugs for hepatic disorders,14.0,1434.0,19143.4
202605,1103,Anti-infective eye preparations,90990.0,910991.0,649040.56
202605,1104,Corticosteroids and other anti-inflammatory preparations,196256.0,3733182.0,2933248.75
202605,1105,Mydriatics and cycloplegics,7555.0,177210.0,168320.33
202605,1106,Treatment of glaucoma,832192.0,15776932.5,8252939.630000001
202605,1107,Local anaesthetics,31.0,648.0,432.55
202605,1108,Miscellaneous ophthalmic preparations,152795.0,4732538.5,1662747.31
202605,1201,Drugs acting on the ear,137160.0,1019621.0,1216633.04
202605,1202,Drugs acting on the nose,776948.0,3317505.0,5938977.67
202605,1203,Drugs acting on the oropharynx,78104.0,15224892.5,413021.76
202605,1301,Management of skin conditions,2431.0,1406200.0,10134.36
202605,1302,Emollient and barrier preparations,471219.0,249291251.0,4165632.09
202605,1303,Topical local anaesthetics and antipruritics,32404.0,9297857.0,375757.84
202605,1304,Topical corticosteroids,903269.0,48606825.0,6409951.27
202605,1305,Preparations for eczema and psoriasis,163069.0,12326599.0,7046876.640000001
202605,1306,Acne and rosacea,148778.0,7484825.0,3260451.8
202605,1307,Preparations for warts and calluses,11478.0,155479.0,277021.64
202605,1308,Sunscreens and camouflagers,29754.0,2134000.0,1083265.96
202605,1309,Shampoo and other preparations for scalp and hair conditions,107023.0,19870231.0,1032357.46
202605,1310,Anti-infective skin preparations,290022.0,9565443.5,1736034.01
202605,1311,"Skin cleansers,antiseptics and desloughing agents",19322.0,8894873.0,197527.72
202605,1312,Antiperspirants,4033.0,234685.0,41756.13
202605,1313,Wound management products,1227.0,13331.0,73350.74999999999
202605,1314,Topical circulatory preparations,5888.0,380622.0,35790.34
202605,1315,Miscellaneous topical preparations,129.0,23100.0,8949.41
202605,1404,Vaccines and antisera,165398.0,166499.0,2553823.6
202605,1405,Immunoglobulins,4.0,4.0,1200.0
202605,1501,General anaesthesia,35219.0,18524773.5,246981.35
202605,1502,Local anaesthesia,114060.0,1872409.5,1628773.7199999995
202605,1803,X-Ray contrast media,3.0,2200.0,385.0
202605,1902,Selective preparations,52762.0,14710615.0,1209070.2
202605,1904,Single substances,97.0,104510.0,1837.12
202605,1905,Other preparations,532.0,30631.0,6395.7
202605,1906,Acids,380.0,117295.0,28655.77
202605,1907,"Base,diluent, suspending agents and stabilisers",3.0,900.0,2.42
202605,1908,"Colouring,flavouring and sweetening agents",4.0,500.0,94.12
202605,1914,Waters,1018.0,10124100.0,10165.61
202605,2001,Absorbent Cottons,50.0,46900.0,617.75
202605,2002,Arm Sling/Bandages,32046.0,418610.0,856595.3400000001
202605,2003,Wound Management & Other Dressings,261828.0,4793678.3,10363706.12
202605,2004,Gauzes & Gauze Tissue,6966.0,235326.0,198800.58
202605,2005,Tracheostomy & Laryngectomy Appliances,15813.0,943642.0,1611942.16
202605,2006,Foam,1.0,4.0,22.47
202605,2007,Lints,13.0,10400.0,297.56
202605,2009,Stockinette,28942.0,241684.5,413285.16
202605,201,Positive inotropic drugs,206665.0,5353460.0,467578.26
202605,2010,Surgical Adhesive Tape,13864.0,183119.0,70401.13
202605,2011,Surgical Sutures,6826.0,9897.0,21070.63
202605,2012,Swabs,17721.0,3459428.0,80008.8
202605,2014,"Skin Closure Strips, Sterile",6604.0,27891.0,7282.87
202605,2015,"Skin Adhesive, Sterile",70.0,43.36,498.29
202605,202,Diuretics,2518158.0,81190150.0,7697754.9
202605,2020,Silk Garments,349.0,1070.0,20884.97
202605,203,Anti-arrhythmic drugs,73414.0,4090753.0,811942.2
202605,204,Beta-adrenoceptor blocking drugs,3764238.0,148146216.0,11346506.52
202605,205,Hypertension and heart failure,6987210.0,256088044.0,29442741.32
202605,206,"Nitrates, calcium-channel blockers & other antianginal drugs",5262315.0,184505129.0,13378769.49
202605,207,Sympathomimetics and other vasoconstrictor drugs,29855.0,2125942.0,241427.81
202605,208,Anticoagulants and protamine,1915911.0,86497142.2,22824706.62
202605,209,Antiplatelet drugs,2716046.0,80820439.0,6209601.53
202605,2101,Other Appliances,848323.0,70718387.0,4871249.05
202605,2102,Catheters,136647.0,9200370.0,18520841.84
202605,2103,Chiropody Appliances,146.0,2130.0,1762.2
202605,2104,Contraceptive Devices,2538.0,2591.0,31355.07
202605,2107,Elastic Hosiery,33110.0,90984.0,671036.36
202605,211,Antifibrinolytic drugs and haemostatics,57646.0,3481891.0,228589.14
202605,2112,Peak Flow Meters,17373.0,17527.0,93301.83
202605,2113,Catheter Maintenance Products,22575.0,14160370.0,860720.48
202605,2114,Lubricant Gels,31382.0,2066778.5,118237.47
202605,2116,Irrigation Solutions,32915.0,626253.0,281440.51
202605,2118,Erectile Dysfunction Devices,2185.0,4662.0,256725.9
202605,2119,Oral Film Forming Agents,1090.0,95340.0,37597.22
202605,212,Lipid-regulating drugs,8923102.0,292510487.0,20083309.12
202605,2120,Venous Ulcer Compression System,7373.0,25415.0,428899.5
202605,2121,Dry Mouth Products,43741.0,4342695.0,285403.29
202605,2122,Emollients,933045.0,497626646.0,5661593.65
202605,2123,Vaginal Moisturisers,29047.0,1450531.0,291516.89
202605,2124,Nasal Products,30296.0,2075630.0,124833.25
202605,2125,Vaginal Dilators,207.0,224.0,6925.8
202605,2127,Lymphoedema Garments,54045.0,147544.0,4379580.53
202605,2128,Anal Irrigation System,23068.0,70305.0,4734541.71
202605,2129,Pressure Offloading Device,1931.0,3207.0,71250.09
202605,2130,Eye Products,798444.0,11654879.5,6248657.57
202605,2132,Inhalation Solutions,9116.0,619123.0,226440.34
202605,2133,Indwelling Pleural Cath Drain System,1002.0,10765.0,335676.72
202605,2134,Vaginal PH Correction Products,422.0,5850.0,4278.2
202605,2135,Acne Treatment,2.0,50.0,26.0
202605,2136,Adhesive Dressing Remover Ster Silicone,1489.0,119804.0,44808.95
202605,2137,Pelvic Toning Devices,3.0,3.0,45.0
202605,2138,Low Friction Products,2083.0,4617.0,59678.97
202605,2139,Prosthetic Adhesives,10.0,264.0,209.22
202605,2140,Bacterial Decolonisation Products,213.0,24594.0,1027.83
202605,2141,Debridement Device,6100.0,72347.0,343362.57
202605,2142,Jaw Rehabilitation Device,96.0,581.0,5531.29
202605,2143,Micro-Enema - Sodium Citrate,12.0,114.0,88.24000000000001
202605,2147,Dev For Fungal Nail Infections,47.0,157.0,1056.4399999999998
202605,2148,Detection Sensor Interstitial Fluid/Gluc,392919.0,891900.0,32432880.95
202605,2149,Pulsed Electromagnetic Stimulator,1.0,1.0,13.95
202605,2202,Anal Plugs,848.0,31722.0,80290.34000000001
202605,2205,Catheter Valves,14284.0,98383.0,248570.93
202605,2215,Faecal Collectors,296.0,5706.0,13666.5
202605,2230,Incontinence Sheaths,10958.0,454325.0,861313.75
202605,2240,Incontinence Sheath Fixing Strips & Adh,1403.0,45285.0,30091.83
202605,2250,Leg Bags,67653.0,795520.0,2341393.84
202605,2260,Night Drainage Bags,97331.0,2463115.0,1597191.63
202605,2270,Suspensory Systems,2507.0,21752.0,132454.19
202605,2280,Tubing And Accessories,43947.0,326924.0,674445.0499999999
202605,2285,Insert For Female Stress Incont,1100.0,1236.0,51893.33
202605,2290,Urinal Systems,1194.0,8272.0,63678.73
202605,2305,Adhesive Discs/Rings/Pads/Plasters,29417.0,2049026.0,1412490.72
202605,2310,Adhesive (Pastes/Sprays/Solutions),48.0,4020.0,954.15
202605,2315,Adhesive Removers (Sprays/Liquids/Wipes),115448.0,16373246.0,2522891.48
202605,2320,Bag Closures,205.0,8561.0,2627.63
202605,2325,Bag Covers,208.0,735.0,6998.65
202605,2330,Belts,10032.0,14283.0,498228.4
202605,2335,Colostomy Bags,39972.0,2842655.0,9553012.09
202605,2345,Deodorants,6663.0,1411922.0,92040.68
202605,2346,Discharge Solidifying Agents,2250.0,446560.0,146907.24
202605,2350,Filters/Bridges,201.0,12961.0,12294.31
202605,2355,Flanges,10.0,91.0,1740.4499999999998
202605,2360,Ileostomy Bags,70480.0,2764362.0,12191285.95
202605,2370,Irrigation Washout Appliances,3375.0,50740.0,129632.91
202605,2375,Pressure Plates/Shields,84.0,486.0,4195.0
202605,2380,Skin Fillers And Protectives,330911.0,36098271.0,3740037.22
202605,2385,Skin Protectors,31328.0,1298995.0,2761257.2299999995
202605,2390,Stoma Caps/Dressings,1273.0,59337.0,88474.81
202605,2392,Tubing & Accessories,367.0,6355.0,17005.440000000002
202605,2394,Two Piece Ostomy Systems,18721.0,727728.0,1970154.43
202605,2396,Urostomy Bags,14505.0,434709.0,2861547.6900000004
202605,2399,Leakage Notification System,596.0,17632.0,55387.15
202605,301,Bronchodilators,1598185.0,8161193.0,17543307.5
202605,302,Corticosteroids (respiratory),2170376.0,3390366.0,71893372.68
202605,303,"Cromoglycate, leukotriene and phosphodesterase type-4 inhib",398346.0,11730050.0,428756.47
202605,304,"Antihistamines, hyposensitisation and allergic emergencies",1496779.0,74445798.0,10634799.81
202605,307,Mucolytics,383253.0,46553136.0,2229542.1
202605,309,Cough preparations,9190.0,2544131.0,175901.02000000002
202605,310,Systemic nasal decongestants,721.0,42640.0,6669.49
202605,401,Hypnotics and anxiolytics,1105142.0,35230942.0,7561945.79
202605,402,Drugs used in psychoses and related disorders,1147274.0,37798625.0,12447385.74
202605,403,Antidepressant drugs,7886765.0,287256458.0,19388173.86
202605,404,CNS stimulants and drugs used for ADHD,430386.0,15242282.0,18476090.47
202605,405,Drugs used in the treatment of obesity,45764.0,4280031.0,703411.3200000001
202605,406,Drugs used in nausea and vertigo,519478.0,31060839.0,3177558.65
202605,407,Analgesics,4867833.0,535545510.4,38960751.48
202605,408,Antiepileptic drugs,2795844.0,220286461.0,23982425.42
202605,409,Drugs used in parkinsonism and related disorders,455335.0,36177369.0,8804060.43
202605,410,Drugs used in substance dependence,270073.0,90700702.6,4145783.92
202605,411,Drugs for dementia,417203.0,10501899.0,2965370.35
202605,501,Antibacterial drugs,2704494.0,100906020.5,15769990.38
202605,502,Antifungal drugs,142624.0,4367942.0,1174423.52
202605,503,Antiviral drugs,117594.0,5777435.0,1234401.13
202605,504,Antiprotozoal drugs,161524.0,4353250.0,492627.5500000001
202605,505,Anthelmintics,15933.0,195100.0,1908529.73
202605,601,Drugs used in diabetes,6592411.0,332773076.0,163268680.62
202605,602,Thyroid and antithyroid drugs,2929631.0,103630880.0,4408439.96
202605,603,Corticosteroids (endocrine),595606.0,29700083.0,3074773.88
202605,604,Sex Hormones,1619573.0,106189955.5,25162585.9
202605,605,"Hypothalamic and pituitary hormones and anti, oestrogens",31632.0,1647205.0,2949639.03
202605,606,Drugs affecting bone metabolism,481862.0,2459256.0,3022965.97
202605,607,Other endocrine drugs,14643.0,392920.0,921668.8
202605,701,Drugs used in obstetrics,2.0,48.0,384.0
202605,702,Treatment of vaginal and vulval conditions,421567.0,8500712.0,5889996.75
202605,703,Contraceptives,604849.0,50116804.0,5898922.380000001
202605,704,Drugs for genito-urinary disorders,2107167.0,63171087.0,14827024.2
202605,705,Other drugs for gynaecological conditions,828.0,28865.0,46184.0
202605,801,Cytotoxic drugs,31333.0,971768.0,959964.14
202605,802,Drugs affecting the immune response,82480.0,6270317.0,1956019.03
202605,803,Sex hormones and hormone antagonists in malignant disease,279265.0,7839340.0,12156236.46
202605,901,Anaemias and haematological disorders,2009647.0,77442440.0,4694786.46
202605,902,Fluids and electrolytes,118594.0,8366703.0,2286055.39
202605,905,Minerals,198594.0,32198400.0,4291151.75
202605,906,Vitamins,3011556.0,130823141.9,12989465.57
202605,908,Metabolic disorders,254.0,79305.0,140015.87
202605,909,Foods,1.0,2400.0,40.77
202605,910,Compound vitamin and mineral formulations,12297.0,367214.0,31581.65
202605,911,Health supplements,960.0,111898.0,43835.19
202605,912,Other health supplements,6975.0,228951.0,34196.04
202605,913,Oral nutrition,548490.0,2165194849.5,41007954.18
202605,914,Enteral nutrition,29451.0,585230333.0,12897473.52
202606,1001,Drugs used in rheumatic diseases and gout,2019308.0,86965240.0,8025216.04
202606,1002,Drugs used in neuromuscular disorders,165708.0,26175361.0,838747.55
202606,1003,Drugs for soft-tissue disorders and topical pain relief,644253.0,69561193.0,3980517.49
202606,101,Dyspepsia and gastro-oesophageal reflux disease,373777.0,197940818.0,3673458.64
202606,102,Antispasmodics and other drugs altering gut motility,431952.0,36327123.0,5209736.8100000005
202606,103,Antisecretory drugs and mucosal protectants,7083958.0,245447986.0,16367410.9
202606,104,Acute diarrhoea,142408.0,12730116.0,815980.5
202606,105,Chronic bowel disorders,222500.0,25838166.0,10967304.71
202606,106,Laxatives,1842943.0,220404187.0,15557510.579999998
202606,107,Local preparations for anal and rectal disorders,113526.0,3002320.0,869481.23
202606,109,Drugs affecting intestinal secretions,106633.0,23651397.0,8307887.96
202606,110,Drugs for hepatic disorders,6.0,510.0,6835.74
202606,1103,Anti-infective eye preparations,97779.0,977060.0,740347.3099999999
202606,1104,Corticosteroids and other anti-inflammatory preparations,246822.0,4430234.0,3292486.59
202606,1105,Mydriatics and cycloplegics,7887.0,182997.0,177294.58000000002
202606,1106,Treatment of glaucoma,869080.0,16351151.0,8594072.8
202606,1107,Local anaesthetics,36.0,711.0,479.91
202606,1108,Miscellaneous ophthalmic preparations,159447.0,4963772.0,1759805.04
202606,1201,Drugs acting on the ear,162764.0,1193499.5,1444896.72
202606,1202,Drugs acting on the nose,849311.0,3576506.0,6480312.149999999
202606,1203,Drugs acting on the oropharynx,81895.0,16133322.7,437673.9900000001
202606,1301,Management of skin conditions,2554.0,1472270.0,10677.61
202606,1302,Emollient and barrier preparations,492469.0,260943356.0,4398456.87
202606,1303,Topical local anaesthetics and antipruritics,35374.0,10066698.0,410116.8000000001
202606,1304,Topical corticosteroids,956361.0,50927407.0,6724973.369999999
202606,1305,Preparations for eczema and psoriasis,168143.0,12677434.0,7270929.119999999
202606,1306,Acne and rosacea,159686.0,8131676.0,3514254.96
202606,1307,Preparations for warts and calluses,12909.0,171008.0,298864.96
202606,1308,Sunscreens and camouflagers,31070.0,2478115.0,1130966.04
202606,1309,Shampoo and other preparations for scalp and hair conditions,114005.0,21045143.0,1111365.11
202606,1310,Anti-infective skin preparations,316391.0,10273356.0,1842299.5
202606,1311,"Skin cleansers,antiseptics and desloughing agents",22384.0,10400117.0,225977.69
202606,1312,Antiperspirants,4726.0,272545.0,42669.35
202606,1313,Wound management products,1402.0,15279.0,83759.94
202606,1314,Topical circulatory preparations,6546.0,415386.0,39052.22
202606,1315,Miscellaneous topical preparations,135.0,28144.0,13161.43
202606,1404,Vaccines and antisera,153678.0,154903.0,2319587.67
202606,1405,Immunoglobulins,4.0,4.0,1900.0
202606,1501,General anaesthesia,36444.0,8037877.0,254759.68
202606,1502,Local anaesthesia,119164.0,1925135.0,1704279.43
202606,1902,Selective preparations,49064.0,14691685.0,1222769.34
202606,1904,Single substances,114.0,99555.0,1311.74
202606,1905,Other preparations,554.0,33392.0,7164.0
202606,1906,Acids,423.0,147817.0,34069.7
202606,1907,"Base,diluent, suspending agents and stabilisers",5.0,2100.0,5.65
202606,1908,"Colouring,flavouring and sweetening agents",8.0,1000.0,188.24
202606,1914,Waters,1060.0,10625710.0,11156.59
202606,2001,Absorbent Cottons,30.0,31800.0,468.50999999999993
202606,2002,Arm Sling/Bandages,37591.0,495373.0,1007746.78
202606,2003,Wound Management & Other Dressings,307619.0,5560936.300000001,11946623.79
202606,2004,Gauzes & Gauze Tissue,8651.0,279344.0,238324.11
202606,2005,Tracheostomy & Laryngectomy Appliances,17143.0,1006705.0,1778697.52
202606,2006,Foam,1.0,4.0,22.75
202606,2007,Lints,13.0,13125.0,376.38000000000005
202606,2009,Stockinette,34173.0,289012.5,483479.5500000001
202606,201,Positive inotropic drugs,218068.0,5656032.0,648655.15
202606,2010,Surgical Adhesive Tape,16035.0,211705.5,79648.37
202606,2011,Surgical Sutures,6924.0,8707.0,17834.18
202606,2012,Swabs,20083.0,3933079.0,92897.77
202606,2014,"Skin Closure Strips, Sterile",4955.0,21978.0,5709.33
202606,2015,"Skin Adhesive, Sterile",52.0,28.22,362.05
202606,2018,Cellulose Wadding BP 1988,1.0,500.0,2.2
202606,202,Diuretics,2640165.0,84644037.0,8771568.01
202606,2020,Silk Garments,393.0,1340.0,24427.83
202606,203,Anti-arrhythmic drugs,75798.0,4166625.0,784794.26
202606,204,Beta-adrenoceptor blocking drugs,3923553.0,153913742.0,11274247.08
202606,205,Hypertension and heart failure,7267971.0,265594986.0,34241464.730000004
202606,206,"Nitrates, calcium-channel blockers & other antianginal drugs",5458148.0,190589693.0,13922716.81
202606,207,Sympathomimetics and other vasoconstrictor drugs,31920.0,2294537.0,266751.94
202606,208,Anticoagulants and protamine,2003081.0,90180409.4,21160098.05
202606,209,Antiplatelet drugs,2832915.0,83835058.0,5774398.92
202606,2101,Other Appliances,902852.0,74784815.0,5158636.41
202606,2102,Catheters,140433.0,9280513.0,18644384.39
202606,2103,Chiropody Appliances,142.0,2072.0,1495.04
202606,2104,Contraceptive Devices,2482.0,2511.0,30550.79
202606,2107,Elastic Hosiery,37304.0,101851.0,757047.01
202606,211,Antifibrinolytic drugs and haemostatics,61839.0,3731094.0,223941.58
202606,2112,Peak Flow Meters,18627.0,18684.0,99907.56
202606,2113,Catheter Maintenance Products,24172.0,15270860.0,924638.9
202606,2114,Lubricant Gels,32239.0,2067751.5,122861.56
202606,2116,Irrigation Solutions,37736.0,734660.0,310825.09
202606,2118,Erectile Dysfunction Devices,2516.0,5374.0,292032.34
202606,2119,Oral Film Forming Agents,1254.0,108730.0,44778.04
202606,212,Lipid-regulating drugs,9312893.0,304045476.0,26590745.93
202606,2120,Venous Ulcer Compression System,8264.0,28760.0,486548.28
202606,2121,Dry Mouth Products,45280.0,4568302.0,297566.83
202606,2122,Emollients,967162.0,517211693.0,5892499.87
202606,2123,Vaginal Moisturisers,31111.0,1558799.0,310609.52
202606,2124,Nasal Products,30975.0,2151172.0,129127.94
202606,2125,Vaginal Dilators,241.0,254.0,7758.96
202606,2126,Leg Ulcer Wrap,1.0,2.0,27.6
202606,2127,Lymphoedema Garments,66528.0,181756.0,5271168.35
202606,2128,Anal Irrigation System,23156.0,68231.0,4775778.37
202606,2129,Pressure Offloading Device,2250.0,3772.0,82219.53
202606,2130,Eye Products,847545.0,12369322.0,6665383.34
202606,2132,Inhalation Solutions,9693.0,661222.0,242887.74
202606,2133,Indwelling Pleural Cath Drain System,1031.0,11125.0,357288.94
202606,2134,Vaginal PH Correction Products,492.0,7347.0,5343.53
202606,2135,Acne Treatment,3.0,75.0,39.0
202606,2136,Adhesive Dressing Remover Ster Silicone,1629.0,131794.0,48264.630000000005
202606,2137,Pelvic Toning Devices,2.0,2.0,30.0
202606,2138,Low Friction Products,2339.0,5125.0,62359.44
202606,2139,Prosthetic Adhesives,7.0,84.0,66.57000000000001
202606,2140,Bacterial Decolonisation Products,246.0,31164.0,1313.73
202606,2141,Debridement Device,7254.0,84822.0,418700.55
202606,2142,Jaw Rehabilitation Device,105.0,575.0,5272.200000000001
202606,2143,Micro-Enema - Sodium Citrate,4.0,48.0,122.95
202606,2147,Dev For Fungal Nail Infections,44.0,166.0,952.62
202606,2148,Detection Sensor Interstitial Fluid/Gluc,426393.0,968923.0,35216366.86
202606,2202,Anal Plugs,974.0,37487.0,95520.76
202606,2205,Catheter Valves,15074.0,103497.0,260499.77
202606,2215,Faecal Collectors,305.0,5960.0,14198.37
202606,2220,Incontinence Belts,1.0,1.0,6.9
202606,2230,Incontinence Sheaths,11225.0,460018.0,869926.8500000001
202606,2240,Incontinence Sheath Fixing Strips & Adh,1366.0,42910.0,30074.65
202606,2250,Leg Bags,70208.0,820857.0,2403185.49
202606,2260,Night Drainage Bags,102496.0,2584070.0,1674553.85
202606,2270,Suspensory Systems,2680.0,23244.0,137364.27
202606,2280,Tubing And Accessories,45009.0,333527.0,690688.45
202606,2285,Insert For Female Stress Incont,1152.0,1395.0,61245.55
202606,2290,Urinal Systems,1278.0,8637.0,65324.31
202606,2305,Adhesive Discs/Rings/Pads/Plasters,30548.0,2142739.0,1470156.38
202606,2310,Adhesive (Pastes/Sprays/Solutions),46.0,3292.0,822.0699999999999
202606,2315,Adhesive Removers (Sprays/Liquids/Wipes),123175.0,17484335.0,2690777.26
202606,2320,Bag Closures,221.0,9696.0,2853.7
202606,2325,Bag Covers,264.0,947.0,8528.14
202606,2330,Belts,15132.0,21050.0,921898.38
202606,2335,Colostomy Bags,42025.0,2998380.0,10068133.63
202606,2345,Deodorants,6859.0,1451067.0,96455.57
202606,2346,Discharge Solidifying Agents,2331.0,456960.0,149869.11000000002
202606,2350,Filters/Bridges,220.0,12321.0,12192.66
202606,2355,Flanges,10.0,81.0,1487.13
202606,2360,Ileostomy Bags,74445.0,2922756.0,12882743.09
202606,2370,Irrigation Washout Appliances,3409.0,52309.0,132982.91
202606,2375,Pressure Plates/Shields,82.0,332.0,3179.21
202606,2380,Skin Fillers And Protectives,357132.0,39002722.8,4020503.08
202606,2385,Skin Protectors,33501.0,1389527.0,2963436.39
202606,2390,Stoma Caps/Dressings,1383.0,62854.0,93378.62
202606,2392,Tubing & Accessories,399.0,6801.0,18377.58
202606,2394,Two Piece Ostomy Systems,19725.0,766823.0,2071261.76
202606,2396,Urostomy Bags,15463.0,461959.0,3035138.79
202606,2399,Leakage Notification System,625.0,17977.0,56879.57
202606,301,Bronchodilators,1654601.0,8347271.0,18437400.03
202606,302,Corticosteroids (respiratory),2267633.0,3566834.0,75129323.97
202606,303,"Cromoglycate, leukotriene and phosphodesterase type-4 inhib",417553.0,12273303.0,445218.76
202606,304,"Antihistamines, hyposensitisation and allergic emergencies",1674198.0,84772633.0,11964976.52
202606,307,Mucolytics,404614.0,48814116.0,2290778.13
202606,309,Cough preparations,8941.0,2529069.0,176921.66
202606,310,Systemic nasal decongestants,687.0,44944.0,7195.69
202606,311,Antifibrotics,1.0,40.0,956.05
202606,401,Hypnotics and anxiolytics,1155434.0,37152742.0,8154351.75
202606,402,Drugs used in psychoses and related disorders,1201763.0,39491944.0,13249450.79
202606,403,Antidepressant drugs,8244180.0,299605479.0,20424195.52
202606,404,CNS stimulants and drugs used for ADHD,462353.0,16227414.0,19788865.84
202606,405,Drugs used in the treatment of obesity,50756.0,4748013.0,781407.53
202606,406,Drugs used in nausea and vertigo,550080.0,32781244.0,3675254.43
202606,407,Analgesics,5062981.0,555087167.8,41146837.75
202606,408,Antiepileptic drugs,2925617.0,231010076.0,25563558.73
202606,409,Drugs used in parkinsonism and related disorders,475858.0,37815336.0,9280835.11
202606,410,Drugs used in substance dependence,274189.0,92871957.6,4322312.35
202606,411,Drugs for dementia,441130.0,11057792.0,3239701.64
202606,501,Antibacterial drugs,2834096.0,103902513.0,16698891.52
202606,502,Antifungal drugs,156594.0,4803034.0,1262716.29
202606,503,Antiviral drugs,125144.0,6128084.0,1310155.77
202606,504,Antiprotozoal drugs,166302.0,4440753.0,523110.21
202606,505,Anthelmintics,15304.0,193539.0,1702509.64
202606,601,Drugs used in diabetes,6942789.0,347606943.0,171008643.35
202606,602,Thyroid and antithyroid drugs,3055551.0,107751493.0,4647795.25
202606,603,Corticosteroids (endocrine),609426.0,30546239.0,3201993.0700000003
202606,604,Sex Hormones,1702396.0,111685079.0,26451610.33
202606,605,"Hypothalamic and pituitary hormones and anti, oestrogens",33185.0,1719267.0,3123343.67
202606,606,Drugs affecting bone metabolism,503289.0,2565055.0,3003652.56
202606,607,Other endocrine drugs,15615.0,429606.0,1009332.0
202606,702,Treatment of vaginal and vulval conditions,446930.0,8996437.0,6440252.69
202606,703,Contraceptives,635714.0,53277785.0,6156610.45
202606,704,Drugs for genito-urinary disorders,2215408.0,66507671.0,15794028.16
202606,705,Other drugs for gynaecological conditions,1158.0,40059.0,64094.4
202606,801,Cytotoxic drugs,34380.0,1069397.0,1071995.28
202606,802,Drugs affecting the immune response,85553.0,6491622.0,2058226.85
202606,803,Sex hormones and hormone antagonists in malignant disease,291142.0,8166373.0,12724803.11
202606,901,Anaemias and haematological disorders,2107161.0,82684876.0,4933334.79
202606,902,Fluids and electrolytes,131965.0,8971213.0,2525492.41
202606,905,Minerals,212859.0,34742034.0,4619189.28
202606,906,Vitamins,3149551.0,136455108.8,13452764.44
202606,908,Metabolic disorders,250.0,70886.0,193373.17
202606,910,Compound vitamin and mineral formulations,12933.0,381256.0,32931.2
202606,911,Health supplements,1033.0,116536.0,49783.34
202606,912,Other health supplements,6417.0,213423.0,33953.85
202606,913,Oral nutrition,581806.0,2299939263.0,43623582.1
202606,914,Enteral nutrition,32251.0,640687675.0,14211189.21
