pcds,bua24cd,lat,long,imd20ind,ruc21ind,bua_nombre,bua_poblacion,bua_tamano,objetos_500m,objetos_1000m,objetos_2000m,dist_centro_salud_m
AL1 2QU,E63011552,51.744212,-0.342275,27694,UN1,St Albans,75540.0,Large,0,3,17,902.0
AL1 3DH,E63011552,51.752601,-0.339070,15120,UN1,St Albans,75540.0,Large,6,13,18,116.0
AL1 3ET,E63011552,51.756076,-0.335494,29815,UN1,St Albans,75540.0,Large,8,12,18,110.0
AL1 3FY,E63011552,51.747468,-0.326496,27026,UN1,St Albans,75540.0,Large,1,3,18,0.0
AL1 3HD,E63011552,51.756605,-0.334142,28829,UN1,St Albans,75540.0,Large,5,12,18,0.0
AL1 3JB,E63011552,51.751856,-0.337895,15120,UN1,St Albans,75540.0,Large,5,14,19,0.0
AL1 4SU,E63011552,51.751475,-0.311165,28912,UN1,St Albans,75540.0,Large,0,1,13,1146.0
AL1 5PX,E63011552,51.743706,-0.312454,17955,UN1,St Albans,75540.0,Large,0,2,6,1053.0
AL10 0JP,E63011549,51.763353,-0.227469,6540,UN1,Hatfield,41560.0,Medium,8,8,11,139.0
AL10 0JT,E63011549,51.763221,-0.226474,6540,UN1,Hatfield,41560.0,Medium,8,8,11,125.0
AL10 0LD,E63011549,51.764107,-0.225570,6540,UN1,Hatfield,41560.0,Medium,8,8,11,106.0
AL10 0LP,E63011549,51.764146,-0.226974,6540,UN1,Hatfield,41560.0,Medium,8,8,11,49.0
AL10 8HR,E63011549,51.748445,-0.233500,11751,UN1,Hatfield,41560.0,Medium,1,1,10,1495.0
AL10 8HZ,E63011549,51.748318,-0.233433,11751,UN1,Hatfield,41560.0,Medium,1,1,10,1507.0
AL2 1BG,E63011616,51.718539,-0.286449,22327,RLN1,London Colney,7930.0,Small,0,0,3,1027.0
AL2 1EJ,E63011616,51.726635,-0.299045,14738,RLN1,London Colney,7930.0,Small,2,2,3,291.0
AL2 2RA,E63011632,51.719731,-0.350278,20555,UN1,Chiswell Green,6680.0,Small,0,0,3,1610.0
AL2 3EB,E63011632,51.729544,-0.359464,32734,UN1,Chiswell Green,6680.0,Small,0,1,3,555.0
AL2 3QB,E63011666,51.708376,-0.367133,31739,UN1,Bricket Wood,4625.0,Minor,0,0,1,2662.0
AL3 4JZ,E63011552,51.746437,-0.360490,29470,UN1,St Albans,75540.0,Large,0,0,11,1442.0
AL3 5AS,E63011552,51.767072,-0.323409,28886,UN1,St Albans,75540.0,Large,1,1,17,341.0
AL3 5ES,E63011552,51.754036,-0.340075,29815,UN1,St Albans,75540.0,Large,9,12,17,14.0
AL3 5PE,E63011552,51.760213,-0.340660,28426,UN1,St Albans,75540.0,Large,3,12,17,75.0
AL3 7LW,E63011473,51.799427,-0.395651,32309,RLN1,Redbourn,5185.0,Small,0,0,0,3103.0
AL3 8PB,E63011402,51.837581,-0.462399,24296,RLN1,Markyate,3175.0,Minor,0,0,0,3009.0
AL4 0AZ,E63011552,51.744701,-0.301582,14487,UN1,St Albans,75540.0,Large,0,1,4,1743.0
AL4 8AA,E63011447,51.812919,-0.293738,30440,RLN1,Wheathampstead,4525.0,Minor,0,0,0,4059.0
AL4 9RB,E63011552,51.764228,-0.306950,26281,UN1,St Albans,75540.0,Large,0,1,4,1046.0
AL4 9RG,E63011552,51.769779,-0.297771,30837,UN1,St Albans,75540.0,Large,0,1,3,1521.0
AL5 1PU,E63011425,51.807168,-0.343070,32505,UN1,Harpenden,30965.0,Medium,0,0,7,1254.0
AL5 2RT,E63011425,51.814975,-0.354752,29552,UN1,Harpenden,30965.0,Medium,6,6,7,134.0
AL5 2RU,E63011425,51.815980,-0.355267,29552,UN1,Harpenden,30965.0,Medium,6,6,7,54.0
AL5 2TE,E63011425,51.815066,-0.356098,29552,UN1,Harpenden,30965.0,Medium,5,6,7,130.0
AL5 4SE,E63011425,51.815112,-0.353616,29552,UN1,Harpenden,30965.0,Medium,6,6,7,135.0
AL6 9EF,E63011412,51.830009,-0.215971,27770,UN1,Welwyn,3905.0,Minor,3,5,6,0.0
AL6 9EQ,E63011412,51.830329,-0.215117,27770,UN1,Welwyn,3905.0,Minor,3,5,6,0.0
AL7 1AN,E63011463,51.803847,-0.189213,27552,UN1,Welwyn Garden City,51505.0,Medium,1,6,15,382.0
AL7 2AA,E63011463,51.797674,-0.181976,20388,UN1,Welwyn Garden City,51505.0,Medium,0,5,15,542.0
AL7 2BQ,E63011463,51.801201,-0.172204,9435,UN1,Welwyn Garden City,51505.0,Medium,0,1,10,1229.0
AL7 3PP,E63011463,51.791746,-0.194062,9709,UN1,Welwyn Garden City,51505.0,Medium,0,5,15,647.0
AL7 3UJ,E63011463,51.797048,-0.197955,7164,UN1,Welwyn Garden City,51505.0,Medium,2,10,15,0.0
AL7 3XW,E63011463,51.795727,-0.199791,12788,UN1,Welwyn Garden City,51505.0,Medium,2,9,15,194.0
AL8 6AB,E63011463,51.803602,-0.204322,19249,UN1,Welwyn Garden City,51505.0,Medium,2,8,13,571.0
AL8 6HA,E63011463,51.801213,-0.204548,19249,UN1,Welwyn Garden City,51505.0,Medium,2,8,13,555.0
AL8 6SA,E63011463,51.800897,-0.208563,19249,UN1,Welwyn Garden City,51505.0,Medium,3,7,13,419.0
AL8 7RH,E63011463,51.815322,-0.203349,21489,UN1,Welwyn Garden City,51505.0,Medium,0,0,12,1004.0
AL9 5JY,E63011549,51.776339,-0.220378,18334,UN1,Hatfield,41560.0,Medium,0,0,9,1209.0
AL9 7DY,E63011583,51.734668,-0.218557,22000,RLN1,Welham Green,2965.0,Minor,0,0,4,1101.0
AL9 7QR,E63011606,51.722309,-0.201841,31254,RLN1,Brookmans Park,4035.0,Minor,0,1,2,692.0
B1 2JF,E63010038,52.478085,-1.914526,2667,UN1,Birmingham,1121375.0,Major,0,10,31,731.0
B1 2PZ,E63010038,52.483645,-1.920744,1291,UN1,Birmingham,1121375.0,Major,4,8,37,247.0
B10 0AU,E63010038,52.465737,-1.861398,604,UN1,Birmingham,1121375.0,Major,3,16,50,0.0
B10 0HH,E63010038,52.463771,-1.842432,2779,UN1,Birmingham,1121375.0,Major,2,8,41,392.0
B10 0LG,E63010038,52.467378,-1.857993,2067,UN1,Birmingham,1121375.0,Major,4,17,44,290.0
B10 0SW,E63010038,52.471565,-1.863647,70,UN1,Birmingham,1121375.0,Major,5,15,42,164.0
B10 0UF,E63010038,52.471356,-1.861969,894,UN1,Birmingham,1121375.0,Major,6,18,44,135.0
B10 0UU,E63010038,52.467071,-1.849721,3096,UN1,Birmingham,1121375.0,Major,4,14,43,0.0
B10 0XA,E63010038,52.474283,-1.866554,894,UN1,Birmingham,1121375.0,Major,4,12,54,370.0
B10 9NW,E63010038,52.467753,-1.848453,3096,UN1,Birmingham,1121375.0,Major,4,15,40,115.0
B10 9QE,E63010038,52.472570,-1.861877,894,UN1,Birmingham,1121375.0,Major,5,15,46,0.0
B11 1AA,E63010038,52.459527,-1.871381,824,UN1,Birmingham,1121375.0,Major,4,16,52,350.0
B11 1LU,E63010038,52.462673,-1.871328,687,UN1,Birmingham,1121375.0,Major,3,12,50,0.0
B11 1RD,E63010038,52.464145,-1.877211,178,UN1,Birmingham,1121375.0,Major,2,11,48,431.0
B11 1UW,E63010038,52.458156,-1.867838,824,UN1,Birmingham,1121375.0,Major,4,16,54,139.0
B11 2AA,E63010038,52.456269,-1.839191,3516,UN1,Birmingham,1121375.0,Major,0,2,42,1008.0
B11 3DJ,E63010038,52.444808,-1.840042,4791,UN1,Birmingham,1121375.0,Major,1,7,22,783.0
B11 3NQ,E63010038,52.452662,-1.858702,3837,UN1,Birmingham,1121375.0,Major,3,14,42,88.0
B11 4AN,E63010038,52.451617,-1.864561,2093,UN1,Birmingham,1121375.0,Major,6,16,42,0.0
B11 4BS,E63010038,52.445210,-1.859122,4647,UN1,Birmingham,1121375.0,Major,4,11,27,43.0
B11 4DA,E63010038,52.443977,-1.858523,4647,UN1,Birmingham,1121375.0,Major,4,10,29,67.0
B11 4DG,E63010038,52.444968,-1.859623,4647,UN1,Birmingham,1121375.0,Major,4,11,28,0.0
B11 4LD,E63010038,52.455055,-1.867715,1538,UN1,Birmingham,1121375.0,Major,7,15,54,208.0
B11 4LE,E63010038,52.454353,-1.867055,1538,UN1,Birmingham,1121375.0,Major,7,15,51,288.0
B11 4LP,E63010038,52.453399,-1.866322,1538,UN1,Birmingham,1121375.0,Major,6,13,49,231.0
B12 0UF,E63010038,52.464201,-1.888677,818,UN1,Birmingham,1121375.0,Major,5,12,41,0.0
B12 0YU,E63010038,52.465879,-1.884860,441,UN1,Birmingham,1121375.0,Major,4,10,46,242.0
B12 8AN,E63010038,52.452255,-1.872976,3235,UN1,Birmingham,1121375.0,Major,5,14,41,451.0
B12 8JU,E63010038,52.455271,-1.876926,1201,UN1,Birmingham,1121375.0,Major,2,18,45,383.0
B12 9AH,E63010038,52.456763,-1.885252,1626,UN1,Birmingham,1121375.0,Major,3,14,40,203.0
B12 9BH,E63010038,52.460818,-1.886007,749,UN1,Birmingham,1121375.0,Major,6,12,41,404.0
B12 9LP,E63010038,52.457404,-1.888061,749,UN1,Birmingham,1121375.0,Major,4,12,35,0.0
B12 9LY,E63010038,52.458203,-1.896492,2653,UN1,Birmingham,1121375.0,Major,0,13,35,552.0
B13 0HY,E63010038,52.425984,-1.871021,907,UN1,Birmingham,1121375.0,Major,1,1,14,274.0
B13 8JP,E63010038,52.445934,-1.889281,8032,UN1,Birmingham,1121375.0,Major,5,8,32,244.0
B13 8PX,E63010038,52.443186,-1.892525,8032,UN1,Birmingham,1121375.0,Major,2,7,28,307.0
B13 9AG,E63010038,52.450789,-1.880220,1375,UN1,Birmingham,1121375.0,Major,1,14,41,167.0
B13 9EZ,E63010038,52.445119,-1.882913,13030,UN1,Birmingham,1121375.0,Major,3,7,34,0.0
B14 4BW,E63010038,52.414521,-1.869717,6615,UN1,Birmingham,1121375.0,Major,1,5,13,123.0
B14 4DU,E63010038,52.418662,-1.859162,3089,UN1,Birmingham,1121375.0,Major,2,5,16,0.0
B14 4LR,E63010038,52.409782,-1.869010,5769,UN1,Birmingham,1121375.0,Major,1,3,12,227.0
B14 5EZ,E63010038,52.411553,-1.886161,2926,UN1,Birmingham,1121375.0,Major,1,2,16,223.0
B14 5JA,E63010038,52.406025,-1.887116,12913,UN1,Birmingham,1121375.0,Major,1,4,12,446.0
B14 5SB,E63010038,52.405307,-1.898789,362,UN1,Birmingham,1121375.0,Major,1,4,9,0.0
B14 6AA,E63010038,52.427292,-1.893004,13341,UN1,Birmingham,1121375.0,Major,1,5,16,0.0
B14 6TA,E63010038,52.424720,-1.902363,7509,UN1,Birmingham,1121375.0,Major,1,3,15,696.0
B14 7AG,E63010038,52.436325,-1.890320,6978,UN1,Birmingham,1121375.0,Major,3,4,23,0.0
B14 7DG,E63010038,52.434115,-1.892546,6978,UN1,Birmingham,1121375.0,Major,3,5,20,288.0
B14 7LG,E63010038,52.434026,-1.893179,6978,UN1,Birmingham,1121375.0,Major,3,5,20,321.0
B14 7NH,E63010038,52.427609,-1.906680,4595,UN1,Birmingham,1121375.0,Major,1,4,20,774.0
B15 1LZ,E63010038,52.472642,-1.908471,7607,UN1,Birmingham,1121375.0,Major,1,5,34,0.0
B16 8RP,E63010038,52.477714,-1.923625,10899,UN1,Birmingham,1121375.0,Major,0,9,32,566.0
B16 9AL,E63010038,52.474635,-1.931654,6200,UN1,Birmingham,1121375.0,Major,2,6,29,0.0
B16 9NX,E63010038,52.471591,-1.936767,22502,UN1,Birmingham,1121375.0,Major,2,5,32,484.0
B17 8DP,E63010038,52.473866,-1.959421,2695,UN1,Birmingham,1121375.0,Major,2,5,33,0.0
B17 9DB,E63010038,52.459069,-1.961215,15039,UN1,Birmingham,1121375.0,Major,1,5,17,0.0
B17 9NN,E63010038,52.459091,-1.947278,17441,UN1,Birmingham,1121375.0,Major,4,8,18,87.0
B17 9NP,E63010038,52.459145,-1.948602,24042,UN1,Birmingham,1121375.0,Major,4,8,17,169.0
B17 9NR,E63010038,52.459819,-1.946806,17441,UN1,Birmingham,1121375.0,Major,4,8,20,141.0
B17 9QE,E63010038,52.458723,-1.949751,24042,UN1,Birmingham,1121375.0,Major,4,8,18,236.0
B18 4HJ,E63010038,52.486698,-1.944211,2203,UN1,Birmingham,1121375.0,Major,5,12,41,95.0
B18 4HL,E63010038,52.486292,-1.942003,2203,UN1,Birmingham,1121375.0,Major,5,11,39,0.0
B18 6NZ,E63010038,52.487193,-1.915848,14019,UN1,Birmingham,1121375.0,Major,2,5,46,144.0
B18 7AL,E63010038,52.487701,-1.937348,987,UN1,Birmingham,1121375.0,Major,7,9,40,0.0
B18 7BA,E63010038,52.482794,-1.924117,1291,UN1,Birmingham,1121375.0,Major,3,9,31,0.0
B18 7NZ,E63010038,52.486756,-1.921298,1851,UN1,Birmingham,1121375.0,Major,5,7,43,413.0
B19 1BP,E63010038,52.501203,-1.920535,828,UN1,Birmingham,1121375.0,Major,4,17,45,0.0
B19 1HJ,E63010038,52.505367,-1.910672,981,UN1,Birmingham,1121375.0,Major,8,22,42,117.0
B19 1HL,E63010038,52.506356,-1.910081,981,UN1,Birmingham,1121375.0,Major,8,22,43,0.0
B19 1HS,E63010038,52.503785,-1.910469,981,UN1,Birmingham,1121375.0,Major,9,22,42,0.0
B19 1LH,E63010038,52.505756,-1.901743,1559,UN1,Birmingham,1121375.0,Major,7,23,39,380.0
B19 1LL,E63010038,52.507374,-1.902521,2477,UN1,Birmingham,1121375.0,Major,2,23,39,524.0
B19 1SU,E63010038,52.503497,-1.899524,707,UN1,Birmingham,1121375.0,Major,9,25,41,216.0
B19 2ET,E63010038,52.500938,-1.903168,707,UN1,Birmingham,1121375.0,Major,8,20,48,0.0
B19 2SX,E63010038,52.502813,-1.909454,1606,UN1,Birmingham,1121375.0,Major,11,21,45,90.0
B19 2TP,E63010038,52.503127,-1.908319,981,UN1,Birmingham,1121375.0,Major,11,21,44,163.0
B19 2TR,E63010038,52.503045,-1.906581,981,UN1,Birmingham,1121375.0,Major,13,21,44,216.0
B2 4BE,E63010038,52.495968,-1.894209,2153,UN1,Birmingham,1121375.0,Major,0,10,52,764.0
B2 4HQ,E63010038,52.479045,-1.900345,9525,UN1,Birmingham,1121375.0,Major,4,10,33,356.0
B20 2ES,E63010038,52.513048,-1.928191,4838,UN1,Birmingham,1121375.0,Major,0,3,32,779.0
B20 2JU,E63010038,52.521532,-1.923756,17936,UN1,Birmingham,1121375.0,Major,1,2,17,285.0
B20 2QL,E63010038,52.515196,-1.903063,2408,UN1,Birmingham,1121375.0,Major,1,4,40,1092.0
B20 2QR,E63010038,52.504501,-1.918983,612,UN1,Birmingham,1121375.0,Major,3,14,47,0.0
B20 3HY,E63010038,52.514072,-1.891852,1611,UN1,Birmingham,1121375.0,Major,1,7,35,639.0
B20 3PS,E63010038,52.512226,-1.910290,3558,UN1,Birmingham,1121375.0,Major,0,9,45,653.0
B21 0HH,E63010038,52.506865,-1.950109,3036,UN1,Birmingham,1121375.0,Major,2,5,19,177.0
B21 0LG,E63010038,52.506217,-1.948356,1283,UN1,Birmingham,1121375.0,Major,4,7,24,56.0
B21 9LN,E63010038,52.503026,-1.932082,2540,UN1,Birmingham,1121375.0,Major,4,11,39,194.0
B21 9NH,E63010038,52.505414,-1.941580,2034,UN1,Birmingham,1121375.0,Major,4,10,24,0.0
B21 9PP,E63010038,52.514169,-1.939535,4436,UN1,Birmingham,1121375.0,Major,0,3,19,983.0
B21 9RY,E63010038,52.503109,-1.934939,3240,UN1,Birmingham,1121375.0,Major,4,11,35,0.0
B21 9SA,E63010038,52.503550,-1.936618,3240,UN1,Birmingham,1121375.0,Major,6,10,33,124.0
B21 9SN,E63010038,52.500990,-1.924705,828,UN1,Birmingham,1121375.0,Major,2,10,44,283.0
B23 5DD,E63010038,52.535170,-1.864599,2535,UN1,Birmingham,1121375.0,Major,2,6,17,0.0
B23 6DJ,E63010038,52.523897,-1.857324,2615,UN1,Birmingham,1121375.0,Major,1,2,20,0.0
B23 6RH,E63010038,52.526594,-1.836664,2432,UN1,Birmingham,1121375.0,Major,5,10,25,390.0
B23 6RS,E63010038,52.524304,-1.837984,2432,UN1,Birmingham,1121375.0,Major,5,11,26,274.0
B23 6RY,E63010038,52.523881,-1.838192,2432,UN1,Birmingham,1121375.0,Major,5,11,26,233.0
B23 6SA,E63010038,52.524771,-1.838262,2432,UN1,Birmingham,1121375.0,Major,5,9,25,300.0
B23 6SS,E63010038,52.522754,-1.841881,2432,UN1,Birmingham,1121375.0,Major,4,11,25,64.0
B23 7AB,E63010038,52.532769,-1.863501,2535,UN1,Birmingham,1121375.0,Major,3,6,22,277.0
B23 7AL,E63010038,52.530821,-1.858863,2587,UN1,Birmingham,1121375.0,Major,1,5,24,620.0
B24 0PP,E63010038,52.522078,-1.804756,4344,UN1,Birmingham,1121375.0,Major,0,7,16,619.0
B24 0SY,E63010038,52.519817,-1.813123,4344,UN1,Birmingham,1121375.0,Major,1,2,28,0.0
B24 8EH,E63010038,52.509640,-1.837626,1929,UN1,Birmingham,1121375.0,Major,0,6,17,637.0
B24 8NT,E63010038,52.518159,-1.841559,1561,UN1,Birmingham,1121375.0,Major,4,10,20,0.0
B24 8RD,E63010038,52.515333,-1.838710,3661,UN1,Birmingham,1121375.0,Major,3,8,20,0.0
B24 9FP,E63010038,52.508937,-1.823263,3019,UN1,Birmingham,1121375.0,Major,2,3,25,1264.0
B24 9JN,E63010038,52.528655,-1.831998,3179,UN1,Birmingham,1121375.0,Major,2,12,24,0.0
B24 9QS,E63010038,52.511232,-1.825080,3019,UN1,Birmingham,1121375.0,Major,1,3,24,1029.0
B25 8AA,E63010038,52.462594,-1.817591,2764,UN1,Birmingham,1121375.0,Major,2,9,23,0.0
B25 8BY,E63010038,52.463203,-1.828392,3204,UN1,Birmingham,1121375.0,Major,1,5,33,0.0
B25 8EP,E63010038,52.458680,-1.827188,2764,UN1,Birmingham,1121375.0,Major,0,5,26,510.0
B25 8RE,E63010038,52.468687,-1.810441,3924,UN1,Birmingham,1121375.0,Major,2,8,18,436.0
B25 8UP,E63010038,52.465875,-1.811660,3924,UN1,Birmingham,1121375.0,Major,4,8,17,208.0
B26 1AD,E63010038,52.462551,-1.813087,4415,UN1,Birmingham,1121375.0,Major,5,8,26,305.0
B26 1PB,E63010038,52.460429,-1.802014,10765,UN1,Birmingham,1121375.0,Major,2,5,26,184.0
B26 2DD,E63010038,52.474376,-1.793309,4230,UN1,Birmingham,1121375.0,Major,0,2,27,728.0
B26 2JN,E63010038,52.467585,-1.791354,13299,UN1,Birmingham,1121375.0,Major,1,5,25,205.0
B26 3DN,E63010038,52.458560,-1.782110,5991,UN1,Birmingham,1121375.0,Major,3,9,21,99.0
B26 3JB,E63010038,52.452891,-1.784183,5991,UN1,Birmingham,1121375.0,Major,2,8,19,500.0
B26 3JH,E63010038,52.451868,-1.780303,12173,UN1,Birmingham,1121375.0,Major,2,8,18,303.0
B26 3YH,E63010038,52.463449,-1.776566,4615,UN1,Birmingham,1121375.0,Major,3,7,17,202.0
B27 6BH,E63010038,52.446608,-1.822409,5173,UN1,Birmingham,1121375.0,Major,3,6,24,304.0
B27 6BP,E63010038,52.446377,-1.818467,5173,UN1,Birmingham,1121375.0,Major,2,5,22,227.0
B27 6QJ,E63010038,52.449495,-1.829313,3310,UN1,Birmingham,1121375.0,Major,2,7,22,0.0
B27 6QT,E63010038,52.447540,-1.826157,5164,UN1,Birmingham,1121375.0,Major,3,7,23,305.0
B27 7AJ,E63010106,52.433734,-1.816533,18471,UN1,Solihull,107735.0,Large,1,3,18,134.0
B27 7RR,E63010038,52.443587,-1.834411,1562,UN1,Birmingham,1121375.0,Major,1,5,23,742.0
B28 0BX,E63010038,52.421976,-1.856093,12164,UN1,Birmingham,1121375.0,Major,2,2,15,423.0
B28 0XB,E63010038,52.414149,-1.844312,17378,UN1,Birmingham,1121375.0,Major,1,3,16,136.0
B28 8AD,E63010038,52.439991,-1.848209,6932,UN1,Birmingham,1121375.0,Major,2,8,21,147.0
B28 8BG,E63010038,52.440946,-1.849706,6932,UN1,Birmingham,1121375.0,Major,2,8,22,0.0
B28 8PA,E63010038,52.432836,-1.835643,13286,UN1,Birmingham,1121375.0,Major,0,0,20,1297.0
B28 9ET,E63010038,52.421598,-1.835008,13222,UN1,Birmingham,1121375.0,Major,2,4,15,956.0
B28 9JA,E63010038,52.421177,-1.835847,15539,UN1,Birmingham,1121375.0,Major,2,3,15,1003.0
B29 4HH,E63010038,52.426448,-1.973890,1123,UN1,Birmingham,1121375.0,Major,1,4,20,0.0
B29 5PT,E63010038,52.437198,-1.968383,2256,UN1,Birmingham,1121375.0,Major,2,3,17,110.0
B29 5QH,E63010038,52.438062,-1.970971,2256,UN1,Birmingham,1121375.0,Major,2,3,14,277.0
B29 6BD,E63010038,52.446191,-1.931065,18398,UN1,Birmingham,1121375.0,Major,2,6,27,95.0
B29 6BE,E63010038,52.445392,-1.933597,18398,UN1,Birmingham,1121375.0,Major,2,9,27,253.0
B29 6HQ,E63010038,52.437909,-1.927886,19358,UN1,Birmingham,1121375.0,Major,1,13,24,190.0
B29 6JE,E63010038,52.438787,-1.939667,13406,UN1,Birmingham,1121375.0,Major,6,10,24,68.0
B29 6SN,E63010038,52.442421,-1.942413,13406,UN1,Birmingham,1121375.0,Major,1,10,29,513.0
B29 7LS,E63010038,52.440579,-1.915348,11643,UN1,Birmingham,1121375.0,Major,3,6,28,394.0
B30 1JA,E63010038,52.416523,-1.930140,12718,UN1,Birmingham,1121375.0,Major,4,6,17,223.0
B30 2AA,E63010038,52.431142,-1.933132,14309,UN1,Birmingham,1121375.0,Major,0,7,25,562.0
B30 2NW,E63010038,52.424177,-1.921334,9315,UN1,Birmingham,1121375.0,Major,0,0,26,1110.0
B30 3DJ,E63010038,52.416441,-1.929023,12718,UN1,Birmingham,1121375.0,Major,4,6,18,287.0
B30 3EE,E63010038,52.415912,-1.931258,12718,UN1,Birmingham,1121375.0,Major,4,6,17,124.0
B30 3QG,E63010038,52.411275,-1.908155,14399,UN1,Birmingham,1121375.0,Major,1,3,21,286.0
B31 1DJ,E63010038,52.430315,-1.983963,683,UN1,Birmingham,1121375.0,Major,1,5,17,0.0
B31 1QT,E63010038,52.412774,-1.975780,3761,UN1,Birmingham,1121375.0,Major,3,6,19,0.0
B31 2JR,E63010038,52.418382,-1.965896,11548,UN1,Birmingham,1121375.0,Major,2,7,17,373.0
B31 2JU,E63010038,52.416585,-1.968926,5929,UN1,Birmingham,1121375.0,Major,2,8,17,629.0
B31 2PA,E63010038,52.413484,-1.972589,3761,UN1,Birmingham,1121375.0,Major,4,7,16,230.0
B31 3AU,E63010038,52.409179,-1.949424,1118,UN1,Birmingham,1121375.0,Major,1,5,28,227.0
B31 3JP,E63010038,52.398656,-1.960810,8246,UN1,Birmingham,1121375.0,Major,3,4,15,360.0
B31 3JW,E63010038,52.398045,-1.960928,8246,UN1,Birmingham,1121375.0,Major,3,4,15,425.0
B31 3UD,E63010038,52.408627,-1.962537,3980,UN1,Birmingham,1121375.0,Major,1,7,19,181.0
B31 4LJ,E63010038,52.395136,-1.979462,8991,UN1,Birmingham,1121375.0,Major,0,1,12,899.0
B31 5AA,E63010038,52.412666,-1.974383,3761,UN1,Birmingham,1121375.0,Major,3,7,19,96.0
B31 5ER,E63010038,52.403993,-1.998816,3063,UN1,Birmingham,1121375.0,Major,1,2,9,0.0
B32 1JP,E63010038,52.456837,-1.991768,2396,UN1,Birmingham,1121375.0,Major,2,6,12,469.0
B32 1RJ,E63010038,52.455749,-2.002893,14137,UN1,Birmingham,1121375.0,Major,0,3,15,958.0
B32 2BX,E63010038,52.455846,-1.978391,959,UN1,Birmingham,1121375.0,Major,0,3,11,974.0
B32 2TJ,E63010038,52.460927,-1.990104,18086,UN1,Birmingham,1121375.0,Major,3,5,13,0.0
B32 3LA,E63010038,52.435935,-1.995434,3294,UN1,Birmingham,1121375.0,Major,2,8,14,98.0
B32 3LE,E63010038,52.436816,-1.995405,3294,UN1,Birmingham,1121375.0,Major,2,6,14,0.0
B32 3SD,E63010038,52.442677,-1.991417,1584,UN1,Birmingham,1121375.0,Major,1,4,14,0.0
B32 4HD,E63010038,52.433508,-2.005230,2148,UN1,Birmingham,1121375.0,Major,1,4,8,339.0
B33 0AP,E63010038,52.481275,-1.770968,1066,UN1,Birmingham,1121375.0,Major,0,3,18,746.0
B33 0HS,E63010038,52.473175,-1.761618,6763,UN1,Birmingham,1121375.0,Major,0,2,17,986.0
B33 8BA,E63010038,52.484284,-1.810345,2601,UN1,Birmingham,1121375.0,Major,0,3,21,847.0
B33 8QF,E63010038,52.477440,-1.814276,2018,UN1,Birmingham,1121375.0,Major,2,3,30,229.0
B33 8TL,E63010038,52.476930,-1.815795,2018,UN1,Birmingham,1121375.0,Major,2,4,30,169.0
B33 9EJ,E63010038,52.487187,-1.793823,1381,UN1,Birmingham,1121375.0,Major,3,4,24,0.0
B33 9LY,E63010038,52.488202,-1.793097,961,UN1,Birmingham,1121375.0,Major,3,4,23,123.0
B33 9LZ,E63010038,52.488393,-1.794097,961,UN1,Birmingham,1121375.0,Major,3,3,24,135.0
B33 9SB,E63010038,52.483054,-1.780030,1066,UN1,Birmingham,1121375.0,Major,2,3,19,103.0
B33 9SD,E63010038,52.482174,-1.780314,1066,UN1,Birmingham,1121375.0,Major,2,3,20,136.0
B34 6QU,E63010038,52.498392,-1.790308,616,UN1,Birmingham,1121375.0,Major,1,9,22,316.0
B34 7AZ,E63010038,52.495356,-1.776889,1107,UN1,Birmingham,1121375.0,Major,2,5,27,62.0
B34 7BP,E63010038,52.495438,-1.777802,1107,UN1,Birmingham,1121375.0,Major,2,5,26,0.0
B35 6DL,E63010038,52.517639,-1.795212,2518,UN1,Birmingham,1121375.0,Major,4,6,18,98.0
B35 6ED,E63010038,52.517693,-1.795241,2518,UN1,Birmingham,1121375.0,Major,4,6,18,97.0
B35 7PR,E63010038,52.521170,-1.784039,414,UN1,Birmingham,1121375.0,Major,0,6,12,754.0
B35 7QX,E63010038,52.516846,-1.794464,2518,UN1,Birmingham,1121375.0,Major,4,6,17,0.0
B36 0BU,E63010038,52.506637,-1.757915,26034,UN1,Birmingham,1121375.0,Major,1,5,15,405.0
B36 0HH,E63010038,52.501287,-1.757650,19490,UN1,Birmingham,1121375.0,Major,3,6,15,0.0
B36 0JG,E63010038,52.501457,-1.761655,19490,UN1,Birmingham,1121375.0,Major,3,6,15,272.0
B36 8AP,E63010038,52.500798,-1.804233,8501,UN1,Birmingham,1121375.0,Major,4,6,26,318.0
B36 8GH,E63010038,52.502878,-1.801012,3163,UN1,Birmingham,1121375.0,Major,4,6,27,0.0
B36 8ND,E63010038,52.502537,-1.801220,3163,UN1,Birmingham,1121375.0,Major,4,6,27,40.0
B36 8TY,E63010038,52.506483,-1.817571,812,UN1,Birmingham,1121375.0,Major,1,2,24,1088.0
B36 9AD,E63010038,52.501893,-1.773291,21688,UN1,Birmingham,1121375.0,Major,0,8,20,775.0
B36 9EJ,E63010038,52.509279,-1.775816,10097,UN1,Birmingham,1121375.0,Major,1,2,23,0.0
B37 5BU,E63010038,52.480584,-1.753626,564,UN1,Birmingham,1121375.0,Major,1,5,16,0.0
B37 5EX,E63010038,52.478976,-1.741576,1627,UN1,Birmingham,1121375.0,Major,3,8,12,307.0
B37 5TL,E63010038,52.479242,-1.739646,1115,UN1,Birmingham,1121375.0,Major,2,8,12,182.0
B37 6BA,E63010038,52.493712,-1.750415,4429,UN1,Birmingham,1121375.0,Major,1,3,17,182.0
B37 7BA,E63010038,52.467162,-1.749639,18184,UN1,Birmingham,1121375.0,Major,0,1,12,587.0
B37 7TW,E63010038,52.477550,-1.727053,1369,UN1,Birmingham,1121375.0,Major,1,4,9,59.0
B38 8SD,E63010038,52.406921,-1.929390,9832,UN1,Birmingham,1121375.0,Major,1,8,19,274.0
B38 9BL,E63010038,52.401956,-1.925973,454,UN1,Birmingham,1121375.0,Major,3,4,20,0.0
B38 9TU,E63010038,52.394500,-1.935817,295,UN1,Birmingham,1121375.0,Major,1,1,14,155.0
B4 7TA,E63010038,52.480101,-1.894851,9525,UN1,Birmingham,1121375.0,Major,5,8,32,0.0
B42 1AA,E63010038,52.517723,-1.903073,8742,UN1,Birmingham,1121375.0,Major,1,5,36,891.0
B42 1BT,E63010038,52.530117,-1.910666,7771,UN1,Birmingham,1121375.0,Major,1,5,13,0.0
B42 1EZ,E63010038,52.534717,-1.919812,6604,UN1,Birmingham,1121375.0,Major,0,4,18,803.0
B42 1NL,E63010038,52.531567,-1.928220,6604,UN1,Birmingham,1121375.0,Major,0,1,14,1198.0
B42 1TN,E63010038,52.545099,-1.931649,10389,UN1,Birmingham,1121375.0,Major,4,4,11,499.0
B42 1TQ,E63010038,52.545199,-1.933138,19563,UN1,Birmingham,1121375.0,Major,2,4,10,587.0
B42 1TY,E63010038,52.525698,-1.904352,8742,UN1,Birmingham,1121375.0,Major,1,4,14,0.0
B42 2PW,E63010038,52.536201,-1.907381,12794,UN1,Birmingham,1121375.0,Major,0,3,20,712.0
B43 5BB,E63009944,52.538842,-1.950014,10639,UN1,West Bromwich,103110.0,Large,0,0,7,1923.0
B43 6EE,E63009944,52.547136,-1.925068,18632,UN1,West Bromwich,103110.0,Large,2,6,14,0.0
B43 6NR,E63009944,52.546899,-1.934860,18510,UN1,West Bromwich,103110.0,Large,2,4,10,663.0
B43 7DY,E63009892,52.557517,-1.898028,16910,UN1,Pheasey,9495.0,Small,3,8,20,0.0
B43 7HA,E63010038,52.550083,-1.910020,9948,UN1,Birmingham,1121375.0,Major,2,7,25,379.0
B43 7HB,E63010038,52.549017,-1.915346,9948,UN1,Birmingham,1121375.0,Major,2,4,20,0.0
B43 7JW,E63009892,52.557721,-1.906155,17526,UN1,Pheasey,9495.0,Small,1,8,18,219.0
B44 0DX,E63010038,52.542869,-1.876047,909,UN1,Birmingham,1121375.0,Major,2,9,25,0.0
B44 0HL,E63010038,52.536781,-1.874207,2535,UN1,Birmingham,1121375.0,Major,2,9,22,0.0
B44 0NN,E63010038,52.544646,-1.864747,1250,UN1,Birmingham,1121375.0,Major,1,7,19,0.0
B44 0UY,E63010038,52.553959,-1.881458,8041,UN1,Birmingham,1121375.0,Major,2,6,28,0.0
B44 8SF,E63010038,52.541648,-1.886534,12081,UN1,Birmingham,1121375.0,Major,1,8,26,558.0
B44 8TS,E63010038,52.542879,-1.895142,11213,UN1,Birmingham,1121375.0,Major,1,4,28,46.0
B44 9ER,E63010038,52.552454,-1.895827,1831,UN1,Birmingham,1121375.0,Major,4,12,24,0.0
B44 9ET,E63010038,52.551699,-1.896965,1831,UN1,Birmingham,1121375.0,Major,3,11,26,114.0
B44 9HN,E63010038,52.554013,-1.890322,11547,UN1,Birmingham,1121375.0,Major,4,10,23,254.0
B44 9SA,E63010038,52.542636,-1.885780,10750,UN1,Birmingham,1121375.0,Major,1,6,27,537.0
B44 9SU,E63010038,52.552307,-1.883808,433,UN1,Birmingham,1121375.0,Major,3,7,28,243.0
B45 0JA,E63010038,52.403056,-2.016234,2068,UN1,Birmingham,1121375.0,Major,0,0,8,1186.0
B45 8NE,E63010221,52.361398,-1.990505,32304,UN1,Barnt Green,3820.0,Minor,1,1,1,159.0
B45 9HY,E63010038,52.392321,-2.022092,15345,UN1,Birmingham,1121375.0,Major,3,4,6,0.0
B45 9JA,E63010038,52.393248,-2.017596,15345,UN1,Birmingham,1121375.0,Major,4,4,8,322.0
B45 9NY,E63010038,52.396324,-2.003298,11740,UN1,Birmingham,1121375.0,Major,0,3,9,805.0
B46 1SP,E63009958,52.517950,-1.742497,22205,UN1,Water Orton,3480.0,Minor,1,1,3,338.0
B46 3BJ,E63009945,52.497791,-1.706143,14796,UN1,Coleshill (North Warwickshire),6745.0,Small,2,2,2,100.0
B46 3BL,E63009945,52.498575,-1.706786,14796,UN1,Coleshill (North Warwickshire),6745.0,Small,2,2,2,178.0
B47 5PA,E63010158,52.391102,-1.878866,21185,UN1,Hollywood,6945.0,Small,1,1,5,279.0
B47 6ET,E63010181,52.377993,-1.869044,29431,UN1,Wythall,2080.0,Minor,1,1,3,0.0
B48 7LA,E63010254,52.351880,-1.959398,21135,RLN1,Alvechurch,3410.0,Minor,0,0,0,2330.0
B49 5AF,E63010560,52.214183,-1.870609,28064,RLN1,Alcester,6425.0,Small,1,3,3,790.0
B49 5BX,E63010560,52.215586,-1.871131,28310,RLN1,Alcester,6425.0,Small,1,3,3,737.0
B49 6QR,E63010560,52.218533,-1.861433,13537,RLN1,Alcester,6425.0,Small,1,3,3,0.0
B5 4BE,E63010038,52.477620,-1.894871,10295,UN1,Birmingham,1121375.0,Major,4,7,31,276.0
B5 7NX,E63010038,52.463646,-1.900909,2883,UN1,Birmingham,1121375.0,Major,2,8,30,196.0
B5 7PF,E63010038,52.459153,-1.904304,3817,UN1,Birmingham,1121375.0,Major,0,5,29,734.0
B5 7TU,E63010038,52.463890,-1.903455,11804,UN1,Birmingham,1121375.0,Major,2,5,28,244.0
B50 4BQ,E63010672,52.164627,-1.855342,25244,RLN1,Bidford-on-Avon,5825.0,Small,0,0,2,1604.0
B50 4LX,,52.171802,-1.834935,25244,RSN1,,,,1,1,2,0.0
B6 5HA,E63010038,52.502677,-1.896638,707,UN1,Birmingham,1121375.0,Major,8,25,47,0.0
B6 5HP,E63010038,52.501868,-1.887198,827,UN1,Birmingham,1121375.0,Major,2,14,45,0.0
B6 5UP,E63010038,52.503330,-1.875232,827,UN1,Birmingham,1121375.0,Major,1,9,38,0.0
B6 6EH,E63010038,52.505621,-1.891372,1902,UN1,Birmingham,1121375.0,Major,7,17,43,73.0
B6 6HT,E63010038,52.504754,-1.887721,827,UN1,Birmingham,1121375.0,Major,6,15,42,311.0
B6 6HZ,E63010038,52.508118,-1.889451,1902,UN1,Birmingham,1121375.0,Major,5,14,40,79.0
B6 6LE,E63010038,52.504007,-1.896458,707,UN1,Birmingham,1121375.0,Major,6,25,42,148.0
B6 6QN,E63010038,52.512198,-1.887481,1611,UN1,Birmingham,1121375.0,Major,3,6,37,472.0
B6 7SJ,E63010038,52.506349,-1.865558,1122,UN1,Birmingham,1121375.0,Major,0,5,28,572.0
B60 2JS,E63010298,52.330610,-2.056284,31591,UN1,Bromsgrove,34755.0,Medium,1,8,10,0.0
B60 3DX,E63010298,52.314964,-2.063878,21655,UN1,Bromsgrove,34755.0,Medium,0,0,2,1815.0
B61 0AZ,E63010298,52.337611,-2.059728,12851,UN1,Bromsgrove,34755.0,Medium,6,9,10,0.0
B61 0DD,E63010298,52.338980,-2.055429,9249,UN1,Bromsgrove,34755.0,Medium,4,9,10,0.0
B61 0JZ,E63010235,52.364034,-2.058765,15228,UN1,Catshill,10170.0,Small,1,1,2,411.0
B61 8DA,E63010298,52.336676,-2.059389,9249,UN1,Bromsgrove,34755.0,Medium,6,9,10,106.0
B61 8EX,E63010298,52.334896,-2.060458,12851,UN1,Bromsgrove,34755.0,Medium,4,8,10,306.0
B61 8HD,E63010298,52.334950,-2.060370,12851,UN1,Bromsgrove,34755.0,Medium,4,8,10,299.0
B62 0HN,E63010055,52.458319,-2.017861,24351,UN1,Halesowen,60110.0,Medium,1,4,15,123.0
B62 8AF,E63010055,52.466267,-2.047229,29217,UN1,Halesowen,60110.0,Medium,0,0,24,1007.0
B62 8PY,E63010055,52.454452,-2.023348,29439,UN1,Halesowen,60110.0,Medium,0,4,10,679.0
B62 9AA,E63010055,52.462228,-2.026546,22927,UN1,Halesowen,60110.0,Medium,1,5,16,70.0
B62 9LR,E63010055,52.472097,-2.033824,6439,UN1,Halesowen,60110.0,Medium,2,7,19,0.0
B63 1AU,E63010055,52.447799,-2.070604,31415,UN1,Halesowen,60110.0,Medium,1,5,13,141.0
B63 2BU,E63010055,52.459906,-2.086812,10664,UN1,Halesowen,60110.0,Medium,2,3,22,217.0
B63 2DB,E63010055,52.457734,-2.082202,10664,UN1,Halesowen,60110.0,Medium,2,3,14,374.0
B63 3AW,E63010055,52.448834,-2.049667,1640,UN1,Halesowen,60110.0,Medium,3,6,11,41.0
B63 3UD,E63010055,52.453189,-2.061298,12429,UN1,Halesowen,60110.0,Medium,1,7,15,154.0
B63 4AB,E63010055,52.449463,-2.051743,1640,UN1,Halesowen,60110.0,Medium,3,7,11,178.0
B63 4AG,E63010055,52.448959,-2.052522,1640,UN1,Halesowen,60110.0,Medium,3,7,11,226.0
B63 4WD,E63010055,52.444056,-2.059137,28387,UN1,Halesowen,60110.0,Medium,1,7,10,0.0
B64 5HE,E63010032,52.471380,-2.084259,4177,UN1,Cradley Heath,18820.0,Small,3,6,21,872.0
B64 5HF,E63010032,52.471272,-2.084524,4177,UN1,Cradley Heath,18820.0,Small,3,6,21,871.0
B64 5HJ,E63010032,52.471992,-2.082876,4177,UN1,Cradley Heath,18820.0,Small,3,6,21,883.0
B64 6AG,E63010032,52.470129,-2.085302,4177,UN1,Cradley Heath,18820.0,Small,3,6,20,913.0
B64 6HF,E63010032,52.476236,-2.067779,7808,UN1,Cradley Heath,18820.0,Small,4,4,21,155.0
B64 6HN,E63010032,52.475697,-2.067999,5578,UN1,Cradley Heath,18820.0,Small,4,4,21,121.0
B64 6JD,E63010032,52.474088,-2.066068,7808,UN1,Cradley Heath,18820.0,Small,4,6,22,46.0
B64 7HG,E63010032,52.466362,-2.073327,6277,UN1,Cradley Heath,18820.0,Small,1,7,19,0.0
B65 0BA,E63010026,52.475168,-2.044486,3858,UN1,Blackheath,6950.0,Small,4,7,18,0.0
B65 0DR,E63010026,52.475511,-2.042013,3858,UN1,Blackheath,6950.0,Small,4,7,21,172.0
B65 0HG,E63010026,52.475080,-2.039510,3858,UN1,Blackheath,6950.0,Small,4,7,21,337.0
B65 0JF,E63010055,52.474002,-2.037536,3858,UN1,Halesowen,60110.0,Medium,6,7,19,329.0
B65 0QH,E63009970,52.486950,-2.027931,3704,UN1,Rowley Regis,39050.0,Medium,0,5,16,934.0
B65 8JH,E63009970,52.487374,-2.051273,5692,UN1,Rowley Regis,39050.0,Medium,0,1,17,1433.0
B65 9EN,E63009970,52.482909,-2.043345,8625,UN1,Rowley Regis,39050.0,Medium,0,5,20,864.0
B66 1DT,E63010015,52.497847,-1.975086,6128,UN1,Smethwick,56340.0,Medium,1,11,30,574.0
B66 1QZ,E63010015,52.501904,-1.991126,2633,UN1,Smethwick,56340.0,Medium,3,4,35,214.0
B66 2DD,E63010015,52.501522,-1.967262,4078,UN1,Smethwick,56340.0,Medium,1,5,27,0.0
B66 3BQ,E63010015,52.494896,-1.968121,1394,UN1,Smethwick,56340.0,Medium,3,11,32,0.0
B66 3EN,E63010015,52.487693,-1.959614,3910,UN1,Smethwick,56340.0,Medium,7,13,35,147.0
B66 3NL,E63010015,52.491966,-1.968535,829,UN1,Smethwick,56340.0,Medium,3,11,36,222.0
B66 3NR,E63010015,52.488419,-1.954253,7488,UN1,Smethwick,56340.0,Medium,7,12,37,0.0
B66 3PR,E63010015,52.487495,-1.960675,3910,UN1,Smethwick,56340.0,Medium,7,13,35,200.0
B66 3PZ,E63010015,52.489743,-1.960128,4438,UN1,Smethwick,56340.0,Medium,7,11,38,0.0
B66 4BH,E63010038,52.474912,-1.969077,10435,UN1,Birmingham,1121375.0,Major,4,9,24,85.0
B66 4DH,E63010038,52.477591,-1.969870,10721,UN1,Birmingham,1121375.0,Major,6,9,28,253.0
B66 4ES,E63010015,52.482059,-1.969470,8946,UN1,Smethwick,56340.0,Medium,2,12,35,0.0
B66 4QJ,E63010015,52.485607,-1.959807,3910,UN1,Smethwick,56340.0,Medium,7,13,35,192.0
B67 5BS,E63010015,52.477350,-1.974361,17042,UN1,Smethwick,56340.0,Medium,3,6,28,79.0
B67 6LY,E63010000,52.479887,-1.991042,5110,UN1,Oldbury (Sandwell),45180.0,Medium,0,4,24,507.0
B67 6NX,E63010000,52.486818,-1.991232,4992,UN1,Oldbury (Sandwell),45180.0,Medium,2,5,29,413.0
B67 7RA,E63010015,52.496048,-1.972347,829,UN1,Smethwick,56340.0,Medium,3,8,30,313.0
B68 0BZ,E63010000,52.463526,-1.996918,13492,UN1,Oldbury (Sandwell),45180.0,Medium,1,7,15,152.0
B68 0RT,E63010000,52.468137,-2.006751,6137,UN1,Oldbury (Sandwell),45180.0,Medium,1,3,22,0.0
B68 8JB,E63010000,52.494110,-1.999685,3878,UN1,Oldbury (Sandwell),45180.0,Medium,1,5,24,0.0
B68 8LS,E63010000,52.483293,-2.016487,11729,UN1,Oldbury (Sandwell),45180.0,Medium,2,4,25,188.0
B68 8LY,E63010000,52.482278,-2.016236,11729,UN1,Oldbury (Sandwell),45180.0,Medium,2,3,25,276.0
B68 9DU,E63010000,52.478503,-1.998169,15625,UN1,Oldbury (Sandwell),45180.0,Medium,2,3,21,0.0
B68 9EX,E63010000,52.476031,-1.996152,5888,UN1,Oldbury (Sandwell),45180.0,Medium,2,3,22,307.0
B69 1DF,E63009970,52.492738,-2.033590,4450,UN1,Rowley Regis,39050.0,Medium,0,2,15,584.0
B69 1RZ,E63009970,52.504452,-2.058246,8456,UN1,Rowley Regis,39050.0,Medium,1,2,13,979.0
B69 1SB,E63009970,52.504083,-2.058909,18830,UN1,Rowley Regis,39050.0,Medium,1,1,13,1016.0
B69 2JQ,E63009970,52.506204,-2.037770,4669,UN1,Rowley Regis,39050.0,Medium,0,0,10,1081.0
B69 3BH,E63010000,52.508969,-2.016334,3245,UN1,Oldbury (Sandwell),45180.0,Medium,0,4,21,601.0
B69 3DB,E63010000,52.504240,-2.017791,3245,UN1,Oldbury (Sandwell),45180.0,Medium,3,4,18,254.0
B69 4DB,E63010000,52.503548,-2.014137,3245,UN1,Oldbury (Sandwell),45180.0,Medium,3,4,22,21.0
B69 4DE,E63010000,52.503737,-2.014123,3245,UN1,Oldbury (Sandwell),45180.0,Medium,3,4,22,0.0
B69 4PU,E63010000,52.492814,-2.017462,2017,UN1,Oldbury (Sandwell),45180.0,Medium,1,3,17,935.0
B69 4SN,E63010000,52.491079,-2.012793,2017,UN1,Oldbury (Sandwell),45180.0,Medium,1,5,21,734.0
B7 4EJ,E63010038,52.486349,-1.884616,9761,UN1,Birmingham,1121375.0,Major,1,10,31,137.0
B7 4LG,E63010038,52.486969,-1.876220,1176,UN1,Birmingham,1121375.0,Major,0,6,51,651.0
B7 4NY,E63010038,52.492300,-1.875602,1254,UN1,Birmingham,1121375.0,Major,3,9,50,176.0
B7 5DT,E63010038,52.493757,-1.876614,1254,UN1,Birmingham,1121375.0,Major,3,9,54,0.0
B7 5PR,E63010038,52.498198,-1.867970,1612,UN1,Birmingham,1121375.0,Major,2,12,41,0.0
B70 0BF,E63009944,52.527792,-2.027751,3346,UN1,West Bromwich,103110.0,Large,6,7,16,0.0
B70 0EN,E63009944,52.529679,-2.029639,3346,UN1,West Bromwich,103110.0,Large,7,7,17,137.0
B70 0HN,E63009944,52.536937,-2.012763,8809,UN1,West Bromwich,103110.0,Large,3,3,25,0.0
B70 0RT,E63009944,52.537791,-2.011776,8809,UN1,West Bromwich,103110.0,Large,3,3,28,116.0
B70 6JX,E63009944,52.512745,-1.984390,366,UN1,West Bromwich,103110.0,Large,2,8,23,0.0
B70 6NZ,E63009944,52.514966,-1.987351,366,UN1,West Bromwich,103110.0,Large,2,11,22,318.0
B70 7AD,E63009944,52.516396,-1.997887,3541,UN1,West Bromwich,103110.0,Large,7,14,26,42.0
B70 7AR,E63009944,52.515874,-1.998226,3541,UN1,West Bromwich,103110.0,Large,6,14,26,23.0
B70 7NG,E63009944,52.518715,-1.991875,366,UN1,West Bromwich,103110.0,Large,4,14,21,510.0
B70 7PP,E63009944,52.519515,-1.991182,366,UN1,West Bromwich,103110.0,Large,2,15,20,602.0
B70 7RW,E63009944,52.515946,-1.995898,3541,UN1,West Bromwich,103110.0,Large,7,13,27,141.0
B70 8ET,E63009944,52.518877,-1.996237,3343,UN1,West Bromwich,103110.0,Large,8,12,20,339.0
B70 8PA,E63009944,52.518347,-2.000599,5331,UN1,West Bromwich,103110.0,Large,8,12,23,314.0
B70 9LW,E63009944,52.523857,-2.003960,3466,UN1,West Bromwich,103110.0,Large,2,10,26,961.0
B70 9QG,E63009944,52.522347,-1.999980,3343,UN1,West Bromwich,103110.0,Large,4,12,24,717.0
B70 9QL,E63009944,52.522779,-2.000791,3343,UN1,West Bromwich,103110.0,Large,3,12,24,776.0
B71 3HP,E63009944,52.544785,-1.984026,7542,UN1,West Bromwich,103110.0,Large,3,4,11,118.0
B71 3HR,E63009944,52.544848,-1.983127,7542,UN1,West Bromwich,103110.0,Large,3,4,11,74.0
B71 3NX,E63009944,52.545467,-1.975385,1776,UN1,West Bromwich,103110.0,Large,1,4,12,494.0
B71 4DH,E63009944,52.530950,-1.986551,9144,UN1,West Bromwich,103110.0,Large,2,2,23,65.0
B72 1AX,E63009880,52.535490,-1.826944,13538,UN1,Royal Sutton Coldfield,93375.0,Large,4,7,18,169.0
B72 1ND,E63009880,52.557943,-1.824643,11470,UN1,Royal Sutton Coldfield,93375.0,Large,3,3,5,74.0
B72 1NE,E63009880,52.557302,-1.822610,21990,UN1,Royal Sutton Coldfield,93375.0,Large,2,3,5,118.0
B72 1PD,E63009880,52.562132,-1.824376,11470,UN1,Royal Sutton Coldfield,93375.0,Large,2,3,5,443.0
B72 1YH,E63009880,52.536326,-1.827265,13538,UN1,Royal Sutton Coldfield,93375.0,Large,4,6,16,239.0
B72 1YJ,E63009880,52.535096,-1.828007,13538,UN1,Royal Sutton Coldfield,93375.0,Large,4,7,17,94.0
B73 5DF,E63009880,52.548332,-1.857170,15847,UN1,Royal Sutton Coldfield,93375.0,Large,1,3,17,656.0
B73 5TJ,E63009880,52.548770,-1.841609,20154,UN1,Royal Sutton Coldfield,93375.0,Large,0,0,13,1536.0
B73 6RB,E63009880,52.551103,-1.859299,24649,UN1,Royal Sutton Coldfield,93375.0,Large,1,3,17,807.0
B73 6SP,E63009880,52.564492,-1.878553,25355,UN1,Royal Sutton Coldfield,93375.0,Large,1,1,16,0.0
B74 2HE,E63009841,52.576571,-1.883419,22845,UN1,Streetly,16785.0,Small,0,2,4,680.0
B74 2UE,E63009880,52.583318,-1.827834,23012,UN1,Royal Sutton Coldfield,93375.0,Large,3,3,6,0.0
B74 3PW,E63009841,52.579319,-1.889949,31030,UN1,Streetly,16785.0,Small,1,2,4,143.0
B74 4QY,E63009880,52.589979,-1.847248,27741,UN1,Royal Sutton Coldfield,93375.0,Large,0,0,4,1506.0
B75 5BP,E63009880,52.587024,-1.829163,23012,UN1,Royal Sutton Coldfield,93375.0,Large,3,3,6,422.0
B75 5BT,E63009880,52.587449,-1.825146,10309,UN1,Royal Sutton Coldfield,93375.0,Large,3,3,6,494.0
B75 6DX,E63009880,52.577370,-1.806681,30549,UN1,Royal Sutton Coldfield,93375.0,Large,1,2,8,0.0
B75 7LD,E63009880,52.563182,-1.790000,19831,UN1,Royal Sutton Coldfield,93375.0,Large,0,0,4,1108.0
B76 1AJ,E63009880,52.529351,-1.783807,18575,UN1,Royal Sutton Coldfield,93375.0,Large,1,2,10,1426.0
B76 1NQ,E63009880,52.540204,-1.800798,25906,UN1,Royal Sutton Coldfield,93375.0,Large,1,1,8,84.0
B76 1XL,E63010038,52.532696,-1.779707,18575,UN1,Birmingham,1121375.0,Major,1,1,7,1631.0
B77 1PQ,E63009752,52.598631,-1.681022,29732,UN1,Tamworth,76090.0,Large,0,0,1,2845.0
B77 2ED,E63009752,52.621983,-1.663803,2898,UN1,Tamworth,76090.0,Large,1,5,9,0.0
B77 2LA,E63009752,52.619367,-1.680117,2527,UN1,Tamworth,76090.0,Large,0,0,13,1139.0
B77 3DQ,E63009752,52.635967,-1.659293,17539,UN1,Tamworth,76090.0,Large,1,1,5,342.0
B77 4DP,E63009752,52.624885,-1.653662,10325,UN1,Tamworth,76090.0,Large,1,5,8,0.0
B77 4JA,E63009752,52.617686,-1.651222,2906,UN1,Tamworth,76090.0,Large,1,5,7,0.0
B77 5BB,E63009752,52.608973,-1.669545,18770,UN1,Tamworth,76090.0,Large,0,0,6,1498.0
B78 1DT,E63009759,52.619264,-1.614977,14560,RLN1,Polesworth,1955.0,Minor,0,0,2,1694.0
B78 1QA,E63009784,52.604042,-1.614151,10731,RLN1,Polesworth and Dordon,7555.0,Small,1,1,2,0.0
B78 2LL,E63009877,52.565168,-1.680245,18951,RLN1,Kingsbury,3550.0,Minor,1,1,1,162.0
B78 3HB,E63009752,52.627236,-1.701984,4266,UN1,Tamworth,76090.0,Large,2,7,18,593.0
B78 3HD,E63009752,52.627851,-1.706974,16342,UN1,Tamworth,76090.0,Large,2,4,17,710.0
B78 3JD,E63009752,52.626972,-1.700657,4266,UN1,Tamworth,76090.0,Large,2,7,18,603.0
B78 3RB,E63009778,52.614077,-1.698869,14687,UN1,Fazeley,7570.0,Small,0,0,5,1840.0
B79 7DH,E63009752,52.633992,-1.696412,4266,UN1,Tamworth,76090.0,Large,8,14,16,108.0
B79 7DJ,E63009752,52.634794,-1.697308,4266,UN1,Tamworth,76090.0,Large,9,13,15,0.0
B79 7EB,E63009752,52.636723,-1.695684,11371,UN1,Tamworth,76090.0,Large,10,12,15,40.0
B79 7JN,E63009752,52.636599,-1.693025,11371,UN1,Tamworth,76090.0,Large,10,12,16,0.0
B79 7LQ,E63009752,52.632680,-1.693378,4266,UN1,Tamworth,76090.0,Large,8,13,17,354.0
B79 8AX,E63009752,52.639507,-1.694601,16955,UN1,Tamworth,76090.0,Large,6,12,15,0.0
B79 8JA,E63009752,52.643453,-1.701756,6394,UN1,Tamworth,76090.0,Large,0,7,15,636.0
B8 1BY,E63010038,52.483198,-1.856322,1760,UN1,Birmingham,1121375.0,Major,1,18,58,462.0
B8 1HU,E63010038,52.489585,-1.852635,1967,UN1,Birmingham,1121375.0,Major,15,19,47,139.0
B8 1JA,E63010038,52.490786,-1.856254,1242,UN1,Birmingham,1121375.0,Major,12,19,45,0.0
B8 1LR,E63010038,52.490868,-1.857402,956,UN1,Birmingham,1121375.0,Major,11,19,44,78.0
B8 1ND,E63010038,52.489939,-1.854666,956,UN1,Birmingham,1121375.0,Major,16,19,48,143.0
B8 1NJ,E63010038,52.489027,-1.852136,2562,UN1,Birmingham,1121375.0,Major,16,19,47,141.0
B8 1RE,E63010038,52.494255,-1.855859,1150,UN1,Birmingham,1121375.0,Major,7,19,38,0.0
B8 2HB,E63010038,52.493832,-1.834680,1407,UN1,Birmingham,1121375.0,Major,1,7,33,0.0
B8 2JL,E63010038,52.492993,-1.826273,4079,UN1,Birmingham,1121375.0,Major,2,8,29,24.0
B8 2NA,E63010038,52.492990,-1.818614,1965,UN1,Birmingham,1121375.0,Major,1,3,25,533.0
B8 2NB,E63010038,52.493370,-1.819850,3762,UN1,Birmingham,1121375.0,Major,3,4,25,449.0
B8 3BH,E63010038,52.488593,-1.849810,3490,UN1,Birmingham,1121375.0,Major,14,20,47,38.0
B8 3HX,E63010038,52.487183,-1.837076,512,UN1,Birmingham,1121375.0,Major,1,15,41,578.0
B8 3PP,E63010038,52.488307,-1.831314,1475,UN1,Birmingham,1121375.0,Major,2,8,37,324.0
B8 3QD,E63010038,52.489916,-1.850660,1967,UN1,Birmingham,1121375.0,Major,16,20,44,0.0
B8 3SW,E63010038,52.487504,-1.849048,3490,UN1,Birmingham,1121375.0,Major,12,20,48,0.0
B80 7QU,E63010445,52.270794,-1.896705,25031,UN1,Studley,6040.0,Small,1,1,4,0.0
B9 4QA,E63010038,52.478495,-1.870737,6951,UN1,Birmingham,1121375.0,Major,1,6,56,486.0
B9 5DP,E63010038,52.474050,-1.851876,2253,UN1,Birmingham,1121375.0,Major,4,20,49,221.0
B9 5DT,E63010038,52.474461,-1.849843,2253,UN1,Birmingham,1121375.0,Major,5,19,51,255.0
B9 5EP,E63010038,52.476939,-1.854281,1234,UN1,Birmingham,1121375.0,Major,3,12,50,66.0
B9 5PT,E63010038,52.475468,-1.842905,2304,UN1,Birmingham,1121375.0,Major,4,9,50,261.0
B9 5PU,E63010038,52.475723,-1.839077,2386,UN1,Birmingham,1121375.0,Major,3,6,46,0.0
B9 5QE,E63010038,52.476272,-1.839310,2386,UN1,Birmingham,1121375.0,Major,3,6,50,63.0
B90 1UA,E63010166,52.385002,-1.836935,29964,RLN1,Dickens Heath,4800.0,Minor,0,0,3,1380.0
B90 2EH,E63010106,52.411224,-1.835458,18232,UN1,Solihull,107735.0,Large,0,4,18,817.0
B90 3AH,E63010106,52.411877,-1.826517,26707,UN1,Solihull,107735.0,Large,0,5,16,937.0
B90 3BT,E63010106,52.405560,-1.822661,17736,UN1,Solihull,107735.0,Large,1,6,17,836.0
B90 3ER,E63010106,52.403582,-1.810777,24003,UN1,Solihull,107735.0,Large,3,5,12,0.0
B90 3LU,E63010106,52.419292,-1.832164,4597,UN1,Solihull,107735.0,Large,2,6,15,740.0
B90 3LX,E63010106,52.419672,-1.821266,4597,UN1,Solihull,107735.0,Large,1,4,17,0.0
B90 4AJ,E63010106,52.402006,-1.820691,24003,UN1,Solihull,107735.0,Large,2,7,12,695.0
B90 4DD,E63010106,52.395171,-1.825288,13324,UN1,Solihull,107735.0,Large,1,3,12,0.0
B90 4EH,E63010106,52.391374,-1.784878,30730,UN1,Solihull,107735.0,Large,0,1,2,2116.0
B90 4EN,E63010106,52.384022,-1.790732,30898,UN1,Solihull,107735.0,Large,0,1,3,2517.0
B90 4JA,E63010176,52.378309,-1.815409,29493,RLN1,Cheswick Green,2740.0,Minor,0,0,5,1991.0
B90 4NR,E63010106,52.394635,-1.804276,13832,UN1,Solihull,107735.0,Large,0,0,11,1073.0
B90 4QY,E63010106,52.401379,-1.816578,24003,UN1,Solihull,107735.0,Large,3,7,10,464.0
B91 1BQ,E63010106,52.429272,-1.797873,31592,UN1,Solihull,107735.0,Large,0,0,12,1165.0
B91 2AG,E63010106,52.419657,-1.775228,24570,UN1,Solihull,107735.0,Large,5,10,12,0.0
B91 2NX,E63010106,52.421041,-1.765780,29489,UN1,Solihull,107735.0,Large,1,7,11,46.0
B91 3AZ,E63010106,52.413321,-1.776318,26307,UN1,Solihull,107735.0,Large,4,8,11,321.0
B91 3BQ,E63010106,52.413038,-1.773894,26307,UN1,Solihull,107735.0,Large,4,9,11,310.0
B91 3GS,E63010106,52.412326,-1.778176,31990,UN1,Solihull,107735.0,Large,3,8,11,483.0
B92 0AY,E63010097,52.425552,-1.701108,29660,RLN1,Hampton in Arden,1865.0,Minor,1,1,1,158.0
B92 7AR,E63010106,52.438032,-1.805659,7210,UN1,Solihull,107735.0,Large,1,3,12,116.0
B92 7QP,E63010106,52.449072,-1.794825,22789,UN1,Solihull,107735.0,Large,1,4,20,335.0
B92 8JL,E63010106,52.443813,-1.785081,4137,UN1,Solihull,107735.0,Large,1,4,14,264.0
B92 9AG,E63010106,52.445649,-1.776612,18496,UN1,Solihull,107735.0,Large,0,5,12,691.0
B93 0LN,E63010165,52.388512,-1.734433,23769,UN1,Knowle and Dorridge,19320.0,Small,1,1,4,360.0
B93 8JA,E63010165,52.372775,-1.753079,32626,UN1,Knowle and Dorridge,19320.0,Small,1,3,3,69.0
B95 5AZ,E63010397,52.292464,-1.779901,30367,RLN1,Henley-in-Arden,3000.0,Minor,1,1,1,214.0
B96 6AA,E63010473,52.259000,-1.937550,27773,UN1,Astwood Bank,3250.0,Minor,1,1,1,179.0
B97 4AB,E63010407,52.307875,-1.942203,7847,UN1,Redditch,81635.0,Large,8,10,12,0.0
B97 4AJ,E63010407,52.307425,-1.942439,7847,UN1,Redditch,81635.0,Large,8,10,12,0.0
B97 4DU,E63010407,52.308189,-1.941132,7847,UN1,Redditch,81635.0,Large,7,10,12,81.0
B97 4EY,E63010407,52.306032,-1.942939,7847,UN1,Redditch,81635.0,Large,8,10,12,159.0
B97 4JX,E63010407,52.293294,-1.945786,19044,UN1,Redditch,81635.0,Large,1,2,15,47.0
B97 4RN,E63010407,52.305568,-1.951153,14386,UN1,Redditch,81635.0,Large,1,10,12,0.0
B97 5JB,E63010407,52.282917,-1.943145,13556,UN1,Redditch,81635.0,Large,1,2,5,172.0
B98 0EP,E63010407,52.295886,-1.896309,17876,UN1,Redditch,81635.0,Large,0,2,6,838.0
B98 0HU,E63010407,52.283478,-1.905412,22188,UN1,Redditch,81635.0,Large,1,3,6,454.0
B98 0NR,E63010407,52.303347,-1.894547,2391,UN1,Redditch,81635.0,Large,1,3,4,0.0
B98 0RE,E63010407,52.309091,-1.893858,11097,UN1,Redditch,81635.0,Large,0,2,4,640.0
B98 7RU,E63010407,52.288434,-1.936834,19044,UN1,Redditch,81635.0,Large,0,4,9,861.0
B98 7RY,E63010407,52.287361,-1.915461,1286,UN1,Redditch,81635.0,Large,0,3,6,722.0
B98 9AA,E63010407,52.316420,-1.906647,13188,UN1,Redditch,81635.0,Large,0,0,3,1670.0
BA1 1AT,E63012364,51.378495,-2.358532,16329,UN1,Bath,94080.0,Large,7,13,19,0.0
BA1 1EL,E63012364,51.381562,-2.361027,12188,UN1,Bath,94080.0,Large,6,14,19,43.0
BA1 1EQ,E63012364,51.381336,-2.361528,12188,UN1,Bath,94080.0,Large,7,14,19,0.0
BA1 2DR,E63012364,51.381188,-2.368554,9836,UN1,Bath,94080.0,Large,2,13,23,488.0
BA1 2TU,E63012364,51.388508,-2.368296,18210,UN1,Bath,94080.0,Large,0,6,24,722.0
BA1 3PT,E63012364,51.387649,-2.394574,31452,UN1,Bath,94080.0,Large,1,4,11,0.0
BA1 4DF,E63012364,51.396670,-2.391230,19081,UN1,Bath,94080.0,Large,0,1,6,557.0
BA1 6EH,E63012364,51.394994,-2.352983,29295,UN1,Bath,94080.0,Large,1,2,14,27.0
BA1 6RT,E63012364,51.396833,-2.345106,30867,UN1,Bath,94080.0,Large,0,2,8,559.0
BA1 7NB,E63012278,51.405615,-2.317756,23644,UN1,Batheaston,3880.0,Minor,1,1,2,53.0
BA10 0AH,E63013083,51.112023,-2.455020,18860,RLF1,Bruton,2815.0,Minor,1,1,1,228.0
BA11 1AB,E63012765,51.231630,-2.321194,4252,UF1,Frome,27905.0,Medium,1,4,7,49.0
BA11 1NG,E63012765,51.224890,-2.319729,11757,UF1,Frome,27905.0,Medium,0,2,7,802.0
BA11 2FH,E63012765,51.237312,-2.311565,24880,UF1,Frome,27905.0,Medium,1,4,6,0.0
BA11 2TU,E63012765,51.240565,-2.305743,24940,UF1,Frome,27905.0,Medium,0,2,6,543.0
BA11 4DH,E63012765,51.216827,-2.331758,16465,UF1,Frome,27905.0,Medium,0,0,3,1831.0
BA11 5LA,E63012765,51.227386,-2.304481,25464,UF1,Frome,27905.0,Medium,0,0,6,1209.0
BA12 6DL,E63013132,51.090497,-2.268811,17097,RLF1,Mere (Wiltshire),2805.0,Minor,1,1,1,253.0
BA12 8EX,E63012845,51.200603,-2.197974,21976,UF1,Warminster,18020.0,Small,0,0,4,1496.0
BA12 9AA,E63012845,51.206317,-2.178530,17347,UF1,Warminster,18020.0,Small,3,3,5,0.0
BA12 9AZ,E63012845,51.204680,-2.179412,17347,UF1,Warminster,18020.0,Small,3,3,5,192.0
BA12 9BX,E63012845,51.205094,-2.179041,17347,UF1,Warminster,18020.0,Small,3,3,5,141.0
BA13 3BN,E63012691,51.260737,-2.184375,19390,UF1,Westbury (Wiltshire),16395.0,Small,0,0,2,1601.0
BA13 3FQ,E63012691,51.252792,-2.203558,18550,UF1,Westbury (Wiltshire),16395.0,Small,1,1,2,0.0
BA14 7AQ,E63012505,51.316681,-2.202765,9938,UN1,Trowbridge,43750.0,Medium,2,6,12,213.0
BA14 7EG,E63012505,51.320009,-2.202694,11175,UN1,Trowbridge,43750.0,Medium,5,9,12,157.0
BA14 7GW,E63012505,51.323745,-2.183480,31121,UN1,Trowbridge,43750.0,Medium,0,0,9,1442.0
BA14 8AT,E63012505,51.320330,-2.209053,7153,UN1,Trowbridge,43750.0,Medium,5,11,12,445.0
BA14 8DE,E63012505,51.321327,-2.204867,11175,UN1,Trowbridge,43750.0,Medium,4,9,12,184.0
BA14 8FZ,E63012505,51.319307,-2.212722,7153,UN1,Trowbridge,43750.0,Medium,1,11,11,694.0
BA14 8LU,E63012505,51.326607,-2.208966,7153,UN1,Trowbridge,43750.0,Medium,2,8,12,147.0
BA14 9DL,E63012505,51.320484,-2.222830,19161,UN1,Trowbridge,43750.0,Medium,1,3,11,1047.0
BA14 9EN,E63012505,51.317466,-2.221021,19161,UN1,Trowbridge,43750.0,Medium,1,3,11,1165.0
BA15 1DQ,E63012462,51.345213,-2.253130,27325,RLN1,Bradford-on-Avon,9865.0,Small,2,2,2,0.0
BA15 1JX,E63012462,51.347530,-2.250343,27325,RLN1,Bradford-on-Avon,9865.0,Small,2,2,2,322.0
BA16 0EN,E63013059,51.126505,-2.740749,20798,UF1,Street,12710.0,Small,2,2,2,205.0
BA16 0ET,E63013059,51.126181,-2.737857,16028,UF1,Street,12710.0,Small,2,2,3,0.0
BA2 0HT,E63012513,51.326116,-2.477272,18715,RSN1,Timsbury (Bath and North East Somerset),2505.0,Minor,1,1,1,181.0
BA2 1DE,E63012364,51.380065,-2.395946,3774,UN1,Bath,94080.0,Large,1,4,11,316.0
BA2 1LN,E63012364,51.371665,-2.396204,15206,UN1,Bath,94080.0,Large,0,2,9,736.0
BA2 2PP,E63012364,51.359398,-2.378073,19118,UN1,Bath,94080.0,Large,1,1,8,403.0
BA2 3HT,E63012364,51.376361,-2.373946,26970,UN1,Bath,94080.0,Large,2,4,24,0.0
BA2 3PN,E63012364,51.377030,-2.378348,31764,UN1,Bath,94080.0,Large,2,4,23,314.0
BA2 4BQ,E63012364,51.383193,-2.357146,12188,UN1,Bath,94080.0,Large,7,13,20,329.0
BA2 4BY,E63012364,51.385329,-2.352550,16329,UN1,Bath,94080.0,Large,3,9,20,0.0
BA2 4JT,E63012364,51.376368,-2.354320,26007,UN1,Bath,94080.0,Large,4,9,21,0.0
BA2 4QW,E63012364,51.374559,-2.366561,28870,UN1,Bath,94080.0,Large,0,12,20,550.0
BA2 5BP,E63012364,51.359077,-2.360161,28318,UN1,Bath,94080.0,Large,0,1,7,871.0
BA2 5EG,E63012364,51.361000,-2.345598,32497,UN1,Bath,94080.0,Large,1,1,6,0.0
BA2 6UL,E63012329,51.393274,-2.322428,30918,UN1,Bathampton,1700.0,Minor,0,0,4,1461.0
BA2 8DH,E63012545,51.315019,-2.428617,9106,RLN1,Peasedown St John,6670.0,Small,1,2,3,400.0
BA20 1DL,E63013483,50.942115,-2.637309,5349,UF1,Yeovil,50170.0,Medium,10,12,16,353.0
BA20 1LS,E63013483,50.941500,-2.629657,5349,UF1,Yeovil,50170.0,Medium,5,9,17,202.0
BA20 1QE,E63013483,50.940596,-2.632164,5349,UF1,Yeovil,50170.0,Medium,8,11,17,0.0
BA20 1RQ,E63013483,50.941161,-2.632343,5349,UF1,Yeovil,50170.0,Medium,7,11,17,64.0
BA20 1UJ,E63013483,50.938030,-2.637609,5349,UF1,Yeovil,50170.0,Medium,6,11,14,0.0
BA20 2BQ,E63013483,50.941842,-2.644279,22147,UF1,Yeovil,50170.0,Medium,2,11,16,0.0
BA20 2HB,E63013483,50.942806,-2.668092,22008,UF1,Yeovil,50170.0,Medium,0,1,5,1460.0
BA20 2JD,E63013483,50.929541,-2.649033,20716,UF1,Yeovil,50170.0,Medium,0,0,14,1238.0
BA21 3BA,E63013483,50.951825,-2.640873,20099,UF1,Yeovil,50170.0,Medium,0,2,16,777.0
BA21 3TL,E63013483,50.949876,-2.664520,17988,UF1,Yeovil,50170.0,Medium,0,1,5,1208.0
BA21 5BT,E63013483,50.940973,-2.606934,23980,RSF1,Yeovil,50170.0,Medium,0,0,9,1647.0
BA21 5NJ,E63013483,50.953890,-2.618122,5651,UF1,Yeovil,50170.0,Medium,1,1,11,63.0
BA22 8NH,E63013316,51.001051,-2.683424,18785,RSF1,Ilchester,2060.0,Minor,0,0,0,2831.0
BA3 2DE,E63012633,51.287452,-2.479238,24284,UN1,Midsomer Norton,13745.0,Small,2,3,7,172.0
BA3 2UH,E63012633,51.287830,-2.476847,24284,UN1,Midsomer Norton,13745.0,Small,2,3,7,0.0
BA3 3PL,E63012615,51.291794,-2.447647,15177,UN1,Radstock,9980.0,Small,1,1,3,161.0
BA3 3SX,E63012615,51.286662,-2.465463,11976,UN1,Radstock,9980.0,Small,1,4,6,488.0
BA3 5NH,E63012734,51.242922,-2.450279,12633,RLN1,Coleford (Somerset),,,1,1,1,177.0
BA4 5RT,E63012883,51.186031,-2.546721,19773,RLF1,Shepton Mallet,9645.0,Small,2,3,4,0.0
BA4 5TZ,E63012883,51.187763,-2.553238,14683,RLF1,Shepton Mallet,9645.0,Small,3,4,4,318.0
BA4 6JP,E63013001,51.148252,-2.505543,22078,RLF1,Evercreech,2165.0,Minor,0,0,0,5088.0
BA5 1XJ,E63012824,51.203403,-2.655326,13597,UF1,Wells,12105.0,Small,2,3,3,0.0
BA5 2AA,E63012824,51.208804,-2.646355,19787,UF1,Wells,12105.0,Small,1,3,3,867.0
BA5 2DZ,E63012824,51.207552,-2.653223,10764,UF1,Wells,12105.0,Small,3,3,3,484.0
BA6 9DS,E63013000,51.148183,-2.713546,3233,RLF1,Glastonbury,8300.0,Small,2,4,5,76.0
BA6 9DU,E63013000,51.147443,-2.716966,3233,RLF1,Glastonbury,8300.0,Small,4,5,5,318.0
BA6 9LP,E63013000,51.148456,-2.721857,14845,RLF1,Glastonbury,8300.0,Small,2,5,5,0.0
BA6 9XE,E63013000,51.142909,-2.728932,14845,RLF1,Glastonbury,8300.0,Small,0,3,7,790.0
BA7 7BG,E63013129,51.088821,-2.514163,16108,RLF1,Castle Cary,3450.0,Minor,1,1,1,249.0
BA9 9FQ,E63013217,51.053194,-2.419588,14686,RLF1,Wincanton,6745.0,Small,1,3,3,0.0
BA9 9JN,E63013217,51.056571,-2.410573,14686,RLF1,Wincanton,6745.0,Small,1,3,3,734.0
BA9 9JU,E63013217,51.056912,-2.408407,14686,RLF1,Wincanton,6745.0,Small,1,3,3,884.0
BB1 1TG,E63007969,53.744990,-2.463758,5088,UN1,Blackburn (Blackburn with Darwen),124955.0,Large,2,10,40,180.0
BB1 2AF,E63007969,53.748442,-2.454259,3369,UN1,Blackburn (Blackburn with Darwen),124955.0,Large,3,9,31,189.0
BB1 2AQ,E63007969,53.747496,-2.450124,2472,UN1,Blackburn (Blackburn with Darwen),124955.0,Large,4,9,23,433.0
BB1 2AW,E63007969,53.747151,-2.443827,2472,UN1,Blackburn (Blackburn with Darwen),124955.0,Large,2,4,14,112.0
BB1 2EE,E63007969,53.730697,-2.452581,6820,UN1,Blackburn (Blackburn with Darwen),124955.0,Large,1,2,16,343.0
BB1 2HR,E63007969,53.739837,-2.452862,544,UN1,Blackburn (Blackburn with Darwen),124955.0,Large,1,7,22,0.0
BB1 2QH,E63007969,53.730071,-2.444541,6820,UN1,Blackburn (Blackburn with Darwen),124955.0,Large,0,2,9,805.0
BB1 3HF,E63007969,53.751326,-2.459233,3369,UN1,Blackburn (Blackburn with Darwen),124955.0,Large,2,7,33,452.0
BB1 4LA,E63007935,53.768459,-2.414211,3396,RLN1,Rishton,6655.0,Small,2,2,5,0.0
BB1 4LD,E63007935,53.767936,-2.417392,10207,RLN1,Rishton,6655.0,Small,2,2,4,217.0
BB1 5AZ,E63007969,53.748093,-2.479320,2110,UN1,Blackburn (Blackburn with Darwen),124955.0,Large,5,18,43,219.0
BB1 5DG,E63007969,53.750528,-2.474844,2110,UN1,Blackburn (Blackburn with Darwen),124955.0,Large,5,18,41,230.0
BB1 5PA,E63007969,53.758738,-2.466928,6475,UN1,Blackburn (Blackburn with Darwen),124955.0,Large,2,8,29,23.0
BB1 6DX,E63007969,53.753797,-2.479992,2110,UN1,Blackburn (Blackburn with Darwen),124955.0,Large,9,17,38,321.0
BB1 6EA,E63007969,53.754583,-2.479182,4071,UN1,Blackburn (Blackburn with Darwen),124955.0,Large,7,18,38,330.0
BB1 6JY,E63007969,53.757442,-2.472162,1939,UN1,Blackburn (Blackburn with Darwen),124955.0,Large,4,12,33,253.0
BB1 6NL,E63007969,53.756528,-2.475852,4071,UN1,Blackburn (Blackburn with Darwen),124955.0,Large,5,16,36,87.0
BB1 7JD,E63007969,53.748517,-2.483374,7612,UN1,Blackburn (Blackburn with Darwen),124955.0,Large,7,18,43,52.0
BB1 7JJ,E63007969,53.749528,-2.482278,7612,UN1,Blackburn (Blackburn with Darwen),124955.0,Large,9,20,42,116.0
BB1 7LG,E63007969,53.752876,-2.481194,2110,UN1,Blackburn (Blackburn with Darwen),124955.0,Large,8,16,40,206.0
BB1 8DZ,E63007969,53.757865,-2.487743,14639,UN1,Blackburn (Blackburn with Darwen),124955.0,Large,0,11,32,659.0
BB1 9BA,E63007969,53.775290,-2.479327,12498,UN1,Blackburn (Blackburn with Darwen),124955.0,Large,1,2,4,0.0
BB1 9SP,E63007969,53.767322,-2.475990,3763,UN1,Blackburn (Blackburn with Darwen),124955.0,Large,1,3,17,294.0
BB10 1LG,E63007907,53.798607,-2.238731,1497,UN1,Burnley,78255.0,Large,3,10,21,316.0
BB10 1QR,E63007907,53.800329,-2.240123,1497,UN1,Burnley,78255.0,Large,2,9,21,237.0
BB10 2HJ,E63007907,53.811475,-2.206306,14433,UN1,Burnley,78255.0,Large,1,1,3,447.0
BB10 2NZ,E63007907,53.809810,-2.222243,8300,UN1,Burnley,78255.0,Large,1,2,12,377.0
BB10 3BF,E63007907,53.800679,-2.231683,1403,UN1,Burnley,78255.0,Large,2,5,21,0.0
BB10 3JU,E63007907,53.787209,-2.210420,27072,UN1,Burnley,78255.0,Large,1,1,9,0.0
BB10 4DX,E63007907,53.786672,-2.228540,500,UN1,Burnley,78255.0,Large,2,9,21,494.0
BB11 1BS,E63007907,53.792471,-2.246226,180,UN1,Burnley,78255.0,Large,6,12,22,433.0
BB11 1QL,E63007907,53.789308,-2.241046,180,UN1,Burnley,78255.0,Large,7,13,22,269.0
BB11 2DE,E63007907,53.789751,-2.239683,180,UN1,Burnley,78255.0,Large,5,14,24,191.0
BB11 2DL,E63007907,53.791442,-2.239131,180,UN1,Burnley,78255.0,Large,7,15,24,0.0
BB11 2HE,E63007907,53.785307,-2.241661,61,UN1,Burnley,78255.0,Large,3,11,22,407.0
BB11 3BT,E63007907,53.789132,-2.234807,15,UN1,Burnley,78255.0,Large,6,11,21,0.0
BB11 3ND,E63007907,53.783342,-2.235670,61,UN1,Burnley,78255.0,Large,2,9,21,97.0
BB11 4NW,E63007907,53.784473,-2.258350,504,UN1,Burnley,78255.0,Large,0,2,21,800.0
BB11 5AL,E63007907,53.787387,-2.265654,17,UN1,Burnley,78255.0,Large,0,5,18,678.0
BB12 0EQ,E63007907,53.794887,-2.247014,180,UN1,Burnley,78255.0,Large,2,10,22,380.0
BB12 6HX,E63007907,53.788538,-2.281082,3914,UN1,Burnley,78255.0,Large,3,5,9,112.0
BB12 6LH,E63007907,53.795189,-2.288626,9062,UN1,Burnley,78255.0,Large,0,4,12,684.0
BB12 6PR,E63007907,53.793474,-2.268744,4529,UN1,Burnley,78255.0,Large,1,4,17,97.0
BB12 7PN,E63007877,53.805998,-2.356713,28292,UN1,Read,2050.0,Minor,0,0,0,2843.0
BB12 8BA,E63007886,53.799191,-2.309529,2230,UN1,Padiham,10125.0,Small,4,4,7,320.0
BB12 8BL,E63007886,53.800243,-2.312695,2230,UN1,Padiham,10125.0,Small,4,4,5,81.0
BB12 8DQ,E63007886,53.801489,-2.310579,2230,UN1,Padiham,10125.0,Small,4,4,5,236.0
BB18 5DR,E63007744,53.915866,-2.185994,7557,UN1,Barnoldswick,10915.0,Small,2,2,2,0.0
BB18 6UN,E63007745,53.916202,-2.144312,12990,RLN1,Earby,4415.0,Minor,1,1,1,34.0
BB2 1AX,E63007969,53.750392,-2.488673,1795,UN1,Blackburn (Blackburn with Darwen),124955.0,Large,7,18,43,0.0
BB2 1HD,E63007969,53.748640,-2.495036,1795,UN1,Blackburn (Blackburn with Darwen),124955.0,Large,4,15,39,462.0
BB2 1HY,E63007969,53.747901,-2.497802,2219,UN1,Blackburn (Blackburn with Darwen),124955.0,Large,3,11,39,458.0
BB2 1NT,E63007969,53.743511,-2.492049,35,UN1,Blackburn (Blackburn with Darwen),124955.0,Large,1,13,43,782.0
BB2 1SN,E63007969,53.746464,-2.493176,35,UN1,Blackburn (Blackburn with Darwen),124955.0,Large,3,16,42,528.0
BB2 1UW,E63007969,53.742599,-2.503835,5073,UN1,Blackburn (Blackburn with Darwen),124955.0,Large,4,10,33,0.0
BB2 2SS,E63007969,53.740434,-2.507963,22756,UN1,Blackburn (Blackburn with Darwen),124955.0,Large,4,6,26,34.0
BB2 2ST,E63007969,53.739640,-2.508605,4170,UN1,Blackburn (Blackburn with Darwen),124955.0,Large,4,7,25,97.0
BB2 3DY,E63007969,53.742425,-2.478285,4445,UN1,Blackburn (Blackburn with Darwen),124955.0,Large,3,15,49,465.0
BB2 3HS,E63007969,53.738526,-2.475709,744,UN1,Blackburn (Blackburn with Darwen),124955.0,Large,3,6,40,0.0
BB2 3PF,E63007969,53.734776,-2.485095,2250,UN1,Blackburn (Blackburn with Darwen),124955.0,Large,1,6,35,431.0
BB2 3PX,E63007969,53.741798,-2.482265,4445,UN1,Blackburn (Blackburn with Darwen),124955.0,Large,1,13,48,564.0
BB2 3UY,E63007969,53.728446,-2.472200,1667,UN1,Blackburn (Blackburn with Darwen),124955.0,Large,1,2,16,0.0
BB2 4DT,E63007969,53.734092,-2.502793,1810,UN1,Blackburn (Blackburn with Darwen),124955.0,Large,3,9,22,451.0
BB2 4DY,E63007969,53.732715,-2.501185,1810,UN1,Blackburn (Blackburn with Darwen),124955.0,Large,3,8,24,409.0
BB2 4HY,E63007969,53.728380,-2.490872,10382,UN1,Blackburn (Blackburn with Darwen),124955.0,Large,0,3,19,1042.0
BB2 4PN,E63007969,53.731140,-2.505941,760,UN1,Blackburn (Blackburn with Darwen),124955.0,Large,4,5,17,64.0
BB2 4QL,E63007969,53.728207,-2.504541,2074,UN1,Blackburn (Blackburn with Darwen),124955.0,Large,2,5,14,289.0
BB2 5DX,E63007969,53.725318,-2.526164,28004,UN1,Blackburn (Blackburn with Darwen),124955.0,Large,0,0,6,1435.0
BB2 6HD,E63007969,53.752651,-2.500907,7810,UN1,Blackburn (Blackburn with Darwen),124955.0,Large,2,8,32,364.0
BB2 7BX,E63007969,53.764689,-2.500262,21806,UN1,Blackburn (Blackburn with Darwen),124955.0,Large,0,0,21,1367.0
BB2 7ER,E63007922,53.771283,-2.526164,30468,RLN1,Mellor,,,0,0,2,1996.0
BB3 0DA,E63008053,53.696877,-2.468484,929,UN1,Darwen,27900.0,Medium,5,6,7,230.0
BB3 1AZ,E63008053,53.696195,-2.468037,3360,UN1,Darwen,27900.0,Medium,5,6,7,228.0
BB3 1PS,E63008053,53.695817,-2.468351,3360,UN1,Darwen,27900.0,Medium,5,6,9,202.0
BB3 1PY,E63008053,53.695760,-2.471425,5373,UN1,Darwen,27900.0,Medium,5,6,7,0.0
BB3 2LZ,E63008053,53.679041,-2.457688,10129,UN1,Darwen,27900.0,Medium,1,1,4,0.0
BB3 2RE,E63008053,53.695241,-2.466073,3360,UN1,Darwen,27900.0,Medium,6,6,9,357.0
BB4 4HD,E63008045,53.689991,-2.328199,8672,UN1,Haslingden,16005.0,Small,0,1,3,1571.0
BB4 5SL,E63008045,53.703968,-2.324673,6524,UN1,Haslingden,16005.0,Small,1,1,3,0.0
BB4 6DD,E63008044,53.696225,-2.291279,18504,UN1,Rawtenstall,23680.0,Medium,0,5,9,866.0
BB4 6LY,E63008045,53.694031,-2.316721,23509,UN1,Haslingden,16005.0,Small,0,1,4,1223.0
BB4 6QS,E63008044,53.701179,-2.286920,21441,UN1,Rawtenstall,23680.0,Medium,5,8,8,288.0
BB4 7DN,E63008044,53.691326,-2.251826,9630,UN1,Rawtenstall,23680.0,Medium,2,2,3,0.0
BB4 7PL,E63008044,53.700825,-2.280662,10412,UN1,Rawtenstall,23680.0,Medium,3,6,8,0.0
BB4 8AJ,E63008044,53.725358,-2.286419,20952,UN1,Rawtenstall,23680.0,Medium,0,0,2,1833.0
BB4 8EL,E63008044,53.704030,-2.286334,15314,UN1,Rawtenstall,23680.0,Medium,3,8,8,144.0
BB4 8EQ,E63008044,53.705297,-2.286464,8271,UN1,Rawtenstall,23680.0,Medium,5,7,8,254.0
BB4 8HH,E63008044,53.708975,-2.289473,8271,UN1,Rawtenstall,23680.0,Medium,2,5,9,0.0
BB4 9AB,E63008044,53.692887,-2.253365,7684,UN1,Rawtenstall,23680.0,Medium,2,2,3,201.0
BB5 0AQ,E63007960,53.753023,-2.377404,1222,UN1,Accrington,34895.0,Medium,7,14,22,131.0
BB5 0RJ,E63007960,53.751503,-2.371976,364,UN1,Accrington,34895.0,Medium,6,16,21,269.0
BB5 1EA,E63007960,53.753633,-2.363214,241,UN1,Accrington,34895.0,Medium,7,13,17,210.0
BB5 1EH,E63007960,53.752057,-2.361107,1439,UN1,Accrington,34895.0,Medium,7,11,17,347.0
BB5 1EX,E63007960,53.754445,-2.365299,241,UN1,Accrington,34895.0,Medium,7,13,19,93.0
BB5 1LN,E63007960,53.752792,-2.367787,241,UN1,Accrington,34895.0,Medium,8,13,19,155.0
BB5 1PY,E63007960,53.756507,-2.372839,364,UN1,Accrington,34895.0,Medium,2,17,20,448.0
BB5 1QR,E63007960,53.753716,-2.362547,241,UN1,Accrington,34895.0,Medium,7,13,17,252.0
BB5 1RP,E63007960,53.752455,-2.383449,1222,UN1,Accrington,34895.0,Medium,4,9,22,0.0
BB5 1SA,E63007960,53.752750,-2.383953,1222,UN1,Accrington,34895.0,Medium,4,9,23,47.0
BB5 2EJ,E63007960,53.750892,-2.365996,241,UN1,Accrington,34895.0,Medium,8,12,19,0.0
BB5 2RG,E63007960,53.731699,-2.342940,29136,UN1,Accrington,34895.0,Medium,0,0,0,2618.0
BB5 3DD,E63007977,53.747296,-2.392030,5160,UN1,Oswaldtwistle,10810.0,Small,1,8,17,0.0
BB5 3JB,E63007977,53.743200,-2.396571,7361,UN1,Oswaldtwistle,10810.0,Small,2,4,11,305.0
BB5 3JD,E63007977,53.742038,-2.399972,7361,UN1,Oswaldtwistle,10810.0,Small,2,4,9,408.0
BB5 5AD,E63007960,53.761477,-2.369941,5851,UN1,Accrington,34895.0,Medium,1,7,20,288.0
BB5 5JB,E63007916,53.770364,-2.387618,9743,UN1,Clayton-le-Moors,7970.0,Small,1,2,9,502.0
BB5 5NS,E63007916,53.774736,-2.386415,2160,UN1,Clayton-le-Moors,7970.0,Small,2,2,13,163.0
BB5 6LS,E63007927,53.773525,-2.344268,13746,UN1,Huncoat,1255.0,Minor,0,0,0,2148.0
BB6 7AL,E63007905,53.786058,-2.403472,1953,UN1,Great Harwood,11015.0,Small,7,7,9,257.0
BB6 7AT,E63007905,53.786643,-2.400609,16913,UN1,Great Harwood,11015.0,Small,6,7,9,277.0
BB6 7AU,E63007905,53.786834,-2.399897,16913,UN1,Great Harwood,11015.0,Small,6,7,9,300.0
BB6 7DW,E63007905,53.784273,-2.407780,1953,UN1,Great Harwood,11015.0,Small,4,7,12,530.0
BB6 7QL,E63007905,53.786306,-2.407208,7960,UN1,Great Harwood,11015.0,Small,7,7,8,328.0
BB6 7QN,E63007905,53.786289,-2.407056,7960,UN1,Great Harwood,11015.0,Small,7,7,8,322.0
BB6 7QQ,E63007905,53.786022,-2.406173,1953,UN1,Great Harwood,11015.0,Small,7,7,9,309.0
BB6 8BX,E63007882,53.803854,-2.449179,22020,RSN1,Langho,1725.0,Minor,0,0,0,3325.0
BB7 1EU,E63007800,53.865415,-2.386384,19594,UN1,Clitheroe,16630.0,Small,0,3,4,1051.0
BB7 2BT,E63007800,53.871976,-2.392087,17064,UN1,Clitheroe,16630.0,Small,3,4,4,233.0
BB7 2EP,E63007800,53.873073,-2.391976,24123,UN1,Clitheroe,16630.0,Small,3,4,4,128.0
BB7 2EU,E63007800,53.873366,-2.392982,24123,UN1,Clitheroe,16630.0,Small,3,4,4,68.0
BB7 9SL,E63007858,53.819807,-2.406348,18603,RLN1,Whalley,3410.0,Minor,1,1,2,0.0
BB8 0HS,E63007813,53.856936,-2.165649,677,UN1,Colne,18910.0,Small,4,4,4,85.0
BB8 0LJ,E63007813,53.857347,-2.167369,2440,UN1,Colne,18910.0,Small,3,4,4,207.0
BB8 0QF,E63007813,53.857978,-2.159207,4986,UN1,Colne,18910.0,Small,2,4,5,380.0
BB8 0RY,E63007813,53.856044,-2.172973,677,UN1,Colne,18910.0,Small,2,4,6,559.0
BB8 8LU,E63007813,53.848467,-2.196852,13312,UN1,Colne,18910.0,Small,1,2,16,1242.0
BB8 8LW,E63007813,53.846522,-2.193559,13312,UN1,Colne,18910.0,Small,1,2,16,1227.0
BB9 0QW,E63007840,53.830518,-2.212386,2872,UN1,Nelson (Pendle),33805.0,Medium,0,8,14,939.0
BB9 5PH,E63007864,53.824078,-2.234532,2995,UN1,Brierfield,10720.0,Small,2,3,10,265.0
BB9 5SQ,E63007864,53.824828,-2.232486,2995,UN1,Brierfield,10720.0,Small,2,3,11,135.0
BB9 6EW,E63007819,53.852335,-2.215583,16821,UN1,Barrowford,5885.0,Small,0,2,15,683.0
BB9 7LS,E63007840,53.837547,-2.217345,1960,UN1,Nelson (Pendle),33805.0,Medium,5,11,19,116.0
BB9 7LU,E63007840,53.838494,-2.215770,1960,UN1,Nelson (Pendle),33805.0,Medium,6,11,18,213.0
BB9 7NB,E63007840,53.839404,-2.214498,1410,UN1,Nelson (Pendle),33805.0,Medium,7,11,17,327.0
BB9 7SR,E63007840,53.838030,-2.218913,1960,UN1,Nelson (Pendle),33805.0,Medium,6,10,19,0.0
BB9 7TZ,E63007840,53.842385,-2.220759,1410,UN1,Nelson (Pendle),33805.0,Medium,2,10,17,499.0
BB9 8EH,E63007840,53.841946,-2.205210,2560,UN1,Nelson (Pendle),33805.0,Medium,2,11,16,334.0
BB9 8NT,E63007819,53.848139,-2.219847,16821,UN1,Barrowford,5885.0,Small,1,3,15,262.0
BB9 9EU,E63007840,53.836636,-2.203756,937,UN1,Nelson (Pendle),33805.0,Medium,2,8,16,400.0
BB9 9SL,E63007840,53.836142,-2.213676,1410,UN1,Nelson (Pendle),33805.0,Medium,6,11,19,403.0
BB9 9UA,E63007840,53.839180,-2.208798,2560,UN1,Nelson (Pendle),33805.0,Medium,6,11,16,70.0
BD1 1RX,E63007920,53.793451,-1.753319,6594,UN1,Bradford,333950.0,Major,9,14,45,151.0
BD1 1TQ,E63007920,53.795280,-1.755449,6594,UN1,Bradford,333950.0,Major,12,16,48,84.0
BD1 1US,E63007920,53.794073,-1.750007,6594,UN1,Bradford,333950.0,Major,9,15,48,92.0
BD1 2AW,E63007920,53.794602,-1.757837,789,UN1,Bradford,333950.0,Major,8,20,50,203.0
BD1 3HN,E63007920,53.796035,-1.755384,6594,UN1,Bradford,333950.0,Major,12,17,50,0.0
BD1 3RA,E63007920,53.797289,-1.757806,789,UN1,Bradford,333950.0,Major,8,19,50,206.0
BD1 4AG,E63007920,53.798124,-1.752867,384,UN1,Bradford,333950.0,Major,8,19,52,285.0
BD1 4AU,E63007920,53.796130,-1.745121,3962,UN1,Bradford,333950.0,Major,5,17,42,281.0
BD1 4RB,E63007920,53.804877,-1.754574,384,UN1,Bradford,333950.0,Major,0,11,42,606.0
BD10 0BU,E63007920,53.831042,-1.710345,13622,UN1,Bradford,333950.0,Major,1,5,13,892.0
BD10 0JE,E63007920,53.823092,-1.712131,1052,UN1,Bradford,333950.0,Major,1,7,14,0.0
BD10 8DP,E63007920,53.827527,-1.725273,1518,UN1,Bradford,333950.0,Major,2,9,15,706.0
BD10 8EW,E63007920,53.825860,-1.731421,1156,UN1,Bradford,333950.0,Major,1,6,18,646.0
BD10 8JH,E63007920,53.842784,-1.735431,18316,UN1,Bradford,333950.0,Major,0,3,8,739.0
BD10 8RU,E63007920,53.836184,-1.734151,17051,UN1,Bradford,333950.0,Major,2,3,13,0.0
BD10 9AP,E63007920,53.831661,-1.713638,13622,UN1,Bradford,333950.0,Major,2,6,14,958.0
BD10 9HT,E63007920,53.828323,-1.723612,1393,UN1,Bradford,333950.0,Major,1,10,15,804.0
BD10 9PT,E63007920,53.835340,-1.730358,12121,UN1,Bradford,333950.0,Major,2,6,15,266.0
BD10 9TQ,E63007920,53.833012,-1.718521,13622,UN1,Bradford,333950.0,Major,1,5,13,1085.0
BD11 1AU,E63007951,53.756347,-1.663598,18103,UN1,Drighlington,5280.0,Small,2,2,4,102.0
BD11 1EJ,E63007951,53.754721,-1.657499,18103,UN1,Drighlington,5280.0,Small,2,2,5,399.0
BD11 2HX,E63007957,53.753037,-1.692818,18920,UN1,Gomersal and Birkenshaw,13955.0,Small,0,0,2,1949.0
BD12 0AD,E63007920,53.755883,-1.767629,11599,UN1,Bradford,333950.0,Major,3,3,12,270.0
BD12 0NY,E63007920,53.755518,-1.760306,11551,UN1,Bradford,333950.0,Major,1,3,12,657.0
BD12 0TH,E63007920,53.753865,-1.769900,8448,UN1,Bradford,333950.0,Major,2,3,13,0.0
BD12 7DT,E63007963,53.746935,-1.738822,17666,UN1,Oakenshaw,1570.0,Minor,0,1,3,959.0
BD12 8AD,E63007920,53.743138,-1.767487,5476,UN1,Bradford,333950.0,Major,0,1,6,1203.0
BD12 9JQ,E63007920,53.737701,-1.768123,1533,UN1,Bradford,333950.0,Major,0,1,4,1801.0
BD13 1QA,E63007939,53.768031,-1.843371,6179,UN1,Queensbury,9705.0,Small,2,2,2,2035.0
BD13 2GD,E63007939,53.768650,-1.849437,15713,UN1,Queensbury,9705.0,Small,2,2,2,2429.0
BD13 2PA,E63007939,53.768429,-1.845357,6179,UN1,Queensbury,9705.0,Small,2,2,2,2162.0
BD13 3LF,E63007899,53.790416,-1.847447,5816,UN1,Thornton (Bradford),5410.0,Small,0,0,1,2497.0
BD13 4BL,E63007885,53.802403,-1.894244,9536,RLN1,Denholme,2960.0,Minor,0,0,0,2795.0
BD13 5DE,E63007860,53.825856,-1.899275,20493,RLN1,Cullingworth,3095.0,Minor,0,0,0,2623.0
BD14 6AN,E63007920,53.782522,-1.819035,11771,UN1,Bradford,333950.0,Major,2,2,7,475.0
BD14 6NF,E63007920,53.779180,-1.814543,9989,UN1,Bradford,333950.0,Major,2,3,7,0.0
BD15 0NJ,E63007866,53.818377,-1.861380,20193,RLN1,Wilsden,3750.0,Minor,1,1,1,0.0
BD15 7BN,E63007920,53.805661,-1.822064,5697,UN1,Bradford,333950.0,Major,0,1,6,1187.0
BD15 7WA,E63007920,53.798341,-1.825951,2637,UN1,Bradford,333950.0,Major,0,2,6,1854.0
BD16 1AJ,E63007817,53.847279,-1.837072,13956,UN1,Bingley,21330.0,Medium,0,2,6,607.0
BD16 1JP,E63007834,53.840866,-1.870378,30409,RLN1,Harden,1600.0,Minor,0,0,0,2569.0
BD16 1RP,E63007817,53.829886,-1.829709,9619,UN1,Bingley,21330.0,Medium,0,0,4,1902.0
BD16 2EZ,E63007817,53.861823,-1.845820,18003,UN1,Bingley,21330.0,Medium,0,0,2,2031.0
BD16 3PA,E63007817,53.854799,-1.816352,32445,UN1,Bingley,21330.0,Medium,1,1,4,0.0
BD16 4RP,E63007817,53.846951,-1.827832,7752,UN1,Bingley,21330.0,Medium,1,2,5,0.0
BD17 6BP,E63007825,53.852708,-1.766379,25950,UN1,Baildon,17050.0,Small,2,3,5,172.0
BD17 6LR,E63007825,53.853337,-1.766603,23641,UN1,Baildon,17050.0,Small,2,3,5,155.0
BD17 6NX,E63007825,53.848113,-1.770144,5775,UN1,Baildon,17050.0,Small,0,3,12,558.0
BD18 1AX,E63007845,53.822183,-1.760899,4807,UN1,Shipley,,,0,2,21,911.0
BD18 1QB,E63007845,53.835412,-1.764926,1647,UN1,Shipley,,,1,3,21,0.0
BD18 3EE,E63007845,53.830481,-1.781103,18864,UN1,Shipley,,,5,9,16,0.0
BD18 3EG,E63007845,53.832630,-1.781411,18864,UN1,Shipley,,,6,10,17,0.0
BD18 3HH,E63007845,53.835687,-1.782231,4153,UN1,Shipley,,,5,9,15,344.0
BD18 3HZ,E63007845,53.836171,-1.786179,11743,UN1,Shipley,,,3,9,13,422.0
BD18 3QJ,E63007845,53.833306,-1.777837,4153,UN1,Shipley,,,6,11,16,246.0
BD18 3RY,E63007845,53.832419,-1.778921,4153,UN1,Shipley,,,6,11,17,165.0
BD18 3TB,E63007845,53.825858,-1.779168,6934,UN1,Shipley,,,0,8,18,530.0
BD18 4RS,E63007845,53.834769,-1.791383,19785,UN1,Shipley,,,1,9,12,577.0
BD19 3RQ,E63008002,53.724067,-1.710624,14676,UN1,Cleckheaton,11605.0,Small,6,6,10,0.0
BD19 4PY,E63007957,53.729049,-1.683004,22858,UN1,Gomersal and Birkenshaw,13955.0,Small,0,0,10,1072.0
BD19 5AJ,E63008002,53.723830,-1.712989,4528,UN1,Cleckheaton,11605.0,Small,6,6,9,136.0
BD19 5AN,E63008002,53.722609,-1.713179,14676,UN1,Cleckheaton,11605.0,Small,6,6,9,0.0
BD19 5DL,E63008002,53.722434,-1.711408,14676,UN1,Cleckheaton,11605.0,Small,6,6,9,118.0
BD2 1QG,E63007920,53.823012,-1.744412,11724,UN1,Bradford,333950.0,Major,1,2,18,0.0
BD2 2HY,E63007920,53.820807,-1.726866,8453,UN1,Bradford,333950.0,Major,1,6,19,95.0
BD2 3AA,E63007920,53.809599,-1.730902,2952,UN1,Bradford,333950.0,Major,3,4,26,0.0
BD2 3LS,E63007920,53.806363,-1.722890,6642,UN1,Bradford,333950.0,Major,0,9,20,594.0
BD2 4RA,E63007920,53.806806,-1.731907,2952,UN1,Bradford,333950.0,Major,3,6,29,0.0
BD20 0DG,E63007750,53.911836,-1.944144,19142,RLN1,Silsden,8395.0,Small,1,1,3,1966.0
BD20 0PA,E63007750,53.913774,-1.937519,15247,RLN1,Silsden,8395.0,Small,1,1,1,2413.0
BD20 5LN,E63007806,53.870645,-1.864691,23189,UN1,Keighley,48750.0,Medium,0,0,2,2019.0
BD20 6NU,E63007767,53.894916,-1.953586,19334,UN1,Cross Hills and Steeton,,,1,2,3,415.0
BD20 7HX,E63007774,53.894735,-1.986804,26379,UF1,Sutton-in-Craven,2720.0,Minor,0,2,4,1618.0
BD20 7LG,E63007767,53.900245,-1.990988,15855,UN1,Cross Hills and Steeton,,,1,2,3,1869.0
BD20 8TB,E63007767,53.901710,-1.990866,15855,UN1,Cross Hills and Steeton,,,1,2,3,1890.0
BD21 1AD,E63007806,53.863534,-1.911273,125,UN1,Keighley,48750.0,Medium,4,11,18,539.0
BD21 1HD,E63007806,53.859940,-1.913728,85,UN1,Keighley,48750.0,Medium,1,9,17,671.0
BD21 1LA,E63007806,53.855730,-1.921065,5085,UN1,Keighley,48750.0,Medium,2,3,14,0.0
BD21 1ND,E63007806,53.856440,-1.920683,4952,UN1,Keighley,48750.0,Medium,2,3,15,83.0
BD21 2EH,E63007806,53.869585,-1.914788,125,UN1,Keighley,48750.0,Medium,5,10,17,319.0
BD21 2JH,E63007806,53.868351,-1.910396,125,UN1,Keighley,48750.0,Medium,8,12,18,0.0
BD21 2LD,E63007806,53.866169,-1.913640,1324,UN1,Keighley,48750.0,Medium,6,12,18,323.0
BD21 3AU,E63007806,53.871020,-1.909812,3650,UN1,Keighley,48750.0,Medium,7,12,18,299.0
BD21 3ER,E63007806,53.870413,-1.903791,2306,UN1,Keighley,48750.0,Medium,6,13,18,490.0
BD21 3PP,E63007806,53.866003,-1.907907,125,UN1,Keighley,48750.0,Medium,6,12,18,308.0
BD21 3PY,E63007806,53.866875,-1.907936,125,UN1,Keighley,48750.0,Medium,8,12,18,230.0
BD21 3RU,E63007806,53.868832,-1.904905,125,UN1,Keighley,48750.0,Medium,7,13,18,364.0
BD21 4HX,E63007806,53.868540,-1.899264,2306,UN1,Keighley,48750.0,Medium,2,11,16,655.0
BD21 4UX,E63007806,53.859650,-1.888079,17236,UN1,Keighley,48750.0,Medium,0,0,14,1669.0
BD22 7HN,E63007826,53.846199,-1.947013,22022,UN1,Oakworth,3685.0,Minor,0,0,2,1732.0
BD22 8NQ,E63007850,53.831774,-1.947775,9677,UN1,Haworth,5680.0,Small,1,1,2,469.0
BD22 9JJ,E63007871,53.811022,-1.950929,20896,RLN1,Oxenhope,1900.0,Minor,1,1,1,251.0
BD23 1DA,E63007713,53.960229,-2.017022,27995,UF1,Skipton,15050.0,Small,7,8,9,184.0
BD23 1JP,E63007713,53.961595,-2.017160,27995,UF1,Skipton,15050.0,Small,6,8,9,226.0
BD23 2AG,E63007713,53.957568,-2.021685,15766,UF1,Skipton,15050.0,Small,4,8,9,155.0
BD23 2JB,E63007713,53.960580,-2.014035,27995,UF1,Skipton,15050.0,Small,5,8,9,16.0
BD23 2JE,E63007713,53.960813,-2.014858,27995,UF1,Skipton,15050.0,Small,6,8,9,52.0
BD23 3DT,E63007719,53.942849,-2.044056,24985,RLN1,Carleton-in-Craven,1060.0,Minor,0,0,1,1806.0
BD23 3RB,E63007697,53.983759,-2.104670,24091,RLF1,Gargrave,1505.0,Minor,0,0,0,5973.0
BD23 5LS,E63007644,54.071011,-1.999908,29144,RLF1,Grassington,1110.0,Minor,0,0,0,12238.0
BD24 9ED,E63007648,54.068766,-2.277414,19608,RLF1,Settle,2710.0,Minor,1,2,2,201.0
BD3 0BS,E63007920,53.798241,-1.740296,240,UN1,Bradford,333950.0,Major,2,9,38,0.0
BD3 0HX,E63007920,53.802525,-1.743124,2499,UN1,Bradford,333950.0,Major,1,9,35,0.0
BD3 7HZ,E63007920,53.802829,-1.710554,2045,UN1,Bradford,333950.0,Major,1,6,15,0.0
BD3 8AB,E63007920,53.796848,-1.720022,1227,UN1,Bradford,333950.0,Major,4,6,23,0.0
BD3 8QJ,E63007920,53.798309,-1.722290,1753,UN1,Bradford,333950.0,Major,4,7,24,59.0
BD3 8QN,E63007920,53.797655,-1.723387,3652,UN1,Bradford,333950.0,Major,4,5,26,103.0
BD4 6AX,E63007920,53.766744,-1.730493,3055,UN1,Bradford,333950.0,Major,0,5,10,677.0
BD4 7HX,E63007920,53.782833,-1.734942,1043,UN1,Bradford,333950.0,Major,1,1,35,1144.0
BD4 7SR,E63007920,53.772204,-1.732612,5255,UN1,Bradford,333950.0,Major,2,3,14,133.0
BD4 7SS,E63007920,53.772829,-1.730893,5255,UN1,Bradford,333950.0,Major,2,5,14,0.0
BD4 8DP,E63007920,53.787568,-1.718338,2893,UN1,Bradford,333950.0,Major,1,3,20,1038.0
BD4 8ET,E63007920,53.790432,-1.705812,7370,UN1,Bradford,333950.0,Major,0,1,13,1175.0
BD4 8SH,E63007920,53.784713,-1.719906,2893,UN1,Bradford,333950.0,Major,1,3,16,1349.0
BD4 8TQ,E63007920,53.782625,-1.730285,1740,UN1,Bradford,333950.0,Major,1,3,27,1090.0
BD4 9EJ,E63007920,53.777802,-1.712273,83,UN1,Bradford,333950.0,Major,0,4,12,864.0
BD4 9QA,E63007920,53.770505,-1.716799,2956,UN1,Bradford,333950.0,Major,2,6,11,0.0
BD4 9QJ,E63007920,53.769839,-1.716196,2956,UN1,Bradford,333950.0,Major,2,3,11,84.0
BD5 0NX,E63007920,53.782437,-1.764887,647,UN1,Bradford,333950.0,Major,2,12,41,0.0
BD5 0SG,E63007920,53.786009,-1.757537,647,UN1,Bradford,333950.0,Major,1,9,42,404.0
BD5 7AT,E63007920,53.775090,-1.758388,1193,UN1,Bradford,333950.0,Major,1,6,27,863.0
BD5 8EL,E63007920,53.775198,-1.753881,1193,UN1,Bradford,333950.0,Major,1,3,26,832.0
BD5 8NN,E63007920,53.768601,-1.763114,2508,UN1,Bradford,333950.0,Major,1,4,22,1102.0
BD5 9BP,E63007920,53.769958,-1.767521,4806,UN1,Bradford,333950.0,Major,1,5,25,857.0
BD6 1TD,E63007920,53.767239,-1.779718,9366,UN1,Bradford,333950.0,Major,2,5,21,0.0
BD6 1TP,E63007920,53.766497,-1.776566,9366,UN1,Bradford,333950.0,Major,2,6,20,223.0
BD6 2DD,E63007920,53.761040,-1.781070,12024,UN1,Bradford,333950.0,Major,1,5,13,0.0
BD6 2DW,E63007920,53.759329,-1.794093,9787,UN1,Bradford,333950.0,Major,0,3,12,877.0
BD6 3LX,E63007920,53.764027,-1.797847,1088,UN1,Bradford,333950.0,Major,0,1,10,1130.0
BD7 1PS,E63007920,53.789247,-1.768340,5985,UN1,Bradford,333950.0,Major,3,15,51,435.0
BD7 1QJ,E63007920,53.787021,-1.774287,1650,UN1,Bradford,333950.0,Major,8,15,50,218.0
BD7 2NB,E63007920,53.794636,-1.790808,4493,UN1,Bradford,333950.0,Major,1,6,39,800.0
BD7 2RD,E63007920,53.784210,-1.795595,8069,UN1,Bradford,333950.0,Major,0,2,26,1097.0
BD7 3AQ,E63007920,53.788187,-1.777681,7079,UN1,Bradford,333950.0,Major,6,13,48,65.0
BD7 3BG,E63007920,53.786142,-1.775263,1495,UN1,Bradford,333950.0,Major,7,15,46,195.0
BD7 3DZ,E63007920,53.782064,-1.781765,1495,UN1,Bradford,333950.0,Major,2,12,32,179.0
BD7 3EG,E63007920,53.785175,-1.772794,1495,UN1,Bradford,333950.0,Major,6,15,43,0.0
BD7 3JX,E63007920,53.780910,-1.779859,302,UN1,Bradford,333950.0,Major,2,13,30,0.0
BD7 4EY,E63007920,53.779173,-1.788502,679,UN1,Bradford,333950.0,Major,0,4,27,600.0
BD7 4PL,E63007920,53.774493,-1.806021,7891,UN1,Bradford,333950.0,Major,0,3,13,712.0
BD8 0AZ,E63007920,53.800929,-1.796501,5481,UN1,Bradford,333950.0,Major,0,9,32,576.0
BD8 0QB,E63007920,53.796265,-1.814057,1098,UN1,Bradford,333950.0,Major,0,1,17,1604.0
BD8 7RS,E63007920,53.801192,-1.763310,643,UN1,Bradford,333950.0,Major,2,20,52,373.0
BD8 8AD,E63007920,53.805714,-1.768478,228,UN1,Bradford,333950.0,Major,3,14,50,242.0
BD8 8JT,E63007920,53.798364,-1.769535,643,UN1,Bradford,333950.0,Major,1,18,58,0.0
BD8 8RA,E63007920,53.807310,-1.776244,726,UN1,Bradford,333950.0,Major,6,16,42,0.0
BD8 9DJ,E63007920,53.803427,-1.776249,738,UN1,Bradford,333950.0,Major,6,20,49,113.0
BD8 9DP,E63007920,53.803800,-1.778616,2400,UN1,Bradford,333950.0,Major,6,18,47,0.0
BD8 9DW,E63007920,53.803583,-1.777949,1307,UN1,Bradford,333950.0,Major,6,19,48,0.0
BD8 9LB,E63007920,53.801125,-1.785538,2752,UN1,Bradford,333950.0,Major,4,16,43,0.0
BD8 9NS,E63007920,53.802838,-1.788141,2752,UN1,Bradford,333950.0,Major,5,16,35,15.0
BD8 9TP,E63007920,53.797615,-1.787863,1729,UN1,Bradford,333950.0,Major,3,13,45,419.0
BD9 4BB,E63007920,53.815849,-1.786283,7526,UN1,Bradford,333950.0,Major,0,4,32,547.0
BD9 4LH,E63007920,53.818873,-1.773600,3908,UN1,Bradford,333950.0,Major,1,4,32,0.0
BD9 4PU,E63007920,53.808923,-1.768840,228,UN1,Bradford,333950.0,Major,2,11,43,435.0
BD9 5HB,E63007920,53.805996,-1.789856,2328,UN1,Bradford,333950.0,Major,4,17,32,0.0
BD9 5PZ,E63007920,53.812597,-1.792542,8500,UN1,Bradford,333950.0,Major,1,6,26,0.0
BD9 6NJ,E63007920,53.816185,-1.815746,7022,UN1,Bradford,333950.0,Major,0,1,7,989.0
BH1 4AN,E63013847,50.726339,-1.839620,528,UN1,Bournemouth,196455.0,Large,7,7,16,362.0
BH1 4BH,E63013847,50.726681,-1.839873,528,UN1,Bournemouth,196455.0,Large,7,8,16,321.0
BH1 4BP,E63013847,50.727307,-1.837562,4568,UN1,Bournemouth,196455.0,Large,6,7,16,402.0
BH1 4JT,E63013847,50.729509,-1.843137,1528,UN1,Bournemouth,196455.0,Large,5,8,18,69.0
BH10 4BX,E63013847,50.748877,-1.908925,18073,UN1,Bournemouth,196455.0,Large,2,2,8,0.0
BH10 4DZ,E63013847,50.751880,-1.887019,19516,UN1,Bournemouth,196455.0,Large,0,3,15,938.0
BH10 5BG,E63013847,50.756861,-1.885958,24388,UN1,Bournemouth,196455.0,Large,0,3,18,811.0
BH10 5EY,E63013847,50.767423,-1.901417,10427,UN1,Bournemouth,196455.0,Large,1,1,5,0.0
BH11 8DU,E63013847,50.758131,-1.909744,2462,UN1,Bournemouth,196455.0,Large,0,0,10,1031.0
BH11 9HS,E63013847,50.766941,-1.917569,22836,UN1,Bournemouth,196455.0,Large,0,1,5,1137.0
BH11 9TF,E63013811,50.768210,-1.932116,21479,UN1,Bearwood,4135.0,Minor,1,1,3,2161.0
BH11 9TW,E63013811,50.767606,-1.929948,21479,UN1,Bearwood,4135.0,Minor,1,2,3,2007.0
BH12 1AU,E63013860,50.724833,-1.913632,16557,UN1,Poole,141005.0,Large,0,5,8,734.0
BH12 1DN,E63013860,50.728912,-1.920823,24461,UN1,Poole,141005.0,Large,0,1,10,1365.0
BH12 3HF,E63013860,50.739656,-1.947122,9437,UN1,Poole,141005.0,Large,3,4,15,0.0
BH12 3LY,E63013860,50.740772,-1.948836,9437,UN1,Poole,141005.0,Large,3,5,14,173.0
BH12 3PG,E63013860,50.741824,-1.948807,9437,UN1,Poole,141005.0,Large,3,5,13,269.0
BH12 4BA,E63013860,50.738555,-1.911680,20483,UN1,Poole,141005.0,Large,0,1,11,1101.0
BH12 4HY,E63013860,50.744374,-1.940342,7712,UN1,Poole,141005.0,Large,0,5,12,709.0
BH12 4NX,E63013860,50.748623,-1.949622,9874,UN1,Poole,141005.0,Large,0,3,9,1012.0
BH12 5BF,E63013860,50.741106,-1.896568,27812,UN1,Poole,141005.0,Large,1,1,12,0.0
BH12 5BU,E63013860,50.746415,-1.911424,18650,UN1,Poole,141005.0,Large,2,3,7,325.0
BH13 7LP,E63013860,50.705541,-1.921514,26773,UN1,Poole,141005.0,Large,1,1,1,46.0
BH14 0AD,E63013860,50.729214,-1.942982,13176,UN1,Poole,141005.0,Large,3,4,11,89.0
BH14 0DJ,E63013860,50.728476,-1.942487,20568,UN1,Poole,141005.0,Large,3,4,11,0.0
BH14 8EE,E63013860,50.711728,-1.953938,32379,UN1,Poole,141005.0,Large,0,0,6,1367.0
BH14 8UB,E63013860,50.723148,-1.951221,25978,UN1,Poole,141005.0,Large,1,4,13,488.0
BH14 9DQ,E63013860,50.728932,-1.938080,12001,UN1,Poole,141005.0,Large,3,3,12,314.0
BH15 1JQ,E63013860,50.717322,-1.985833,5194,UN1,Poole,141005.0,Large,1,3,8,779.0
BH15 1SX,E63013860,50.718975,-1.980973,5194,UN1,Poole,141005.0,Large,3,5,7,398.0
BH15 2HR,E63013860,50.723568,-1.971083,22274,UN1,Poole,141005.0,Large,1,5,10,227.0
BH15 2PG,E63013860,50.719712,-1.975434,18574,UN1,Poole,141005.0,Large,3,5,9,0.0
BH15 3DH,E63013860,50.732311,-1.978035,29395,UN1,Poole,141005.0,Large,0,1,13,862.0
BH15 4JQ,E63013860,50.720865,-2.010538,20242,UN1,Poole,141005.0,Large,1,1,3,0.0
BH16 5NJ,E63013853,50.738478,-2.030595,15424,UN1,Upton (Dorset),8400.0,Small,0,0,0,2046.0
BH16 6BG,E63013816,50.757880,-2.078314,15176,RLN1,Lytchett Matravers,3455.0,Minor,0,0,0,5586.0
BH17 7XW,E63013860,50.740209,-1.998454,15524,UN1,Poole,141005.0,Large,1,1,3,0.0
BH17 8SA,E63013860,50.742028,-1.964524,22914,UN1,Poole,141005.0,Large,2,3,11,34.0
BH17 8UE,E63013860,50.741741,-1.964354,22914,UN1,Poole,141005.0,Large,2,3,11,0.0
BH17 9DW,E63013860,50.751516,-1.966601,6851,UN1,Poole,141005.0,Large,0,0,9,1098.0
BH18 8DP,E63013860,50.760145,-1.994186,27060,UN1,Poole,141005.0,Large,1,1,1,107.0
BH19 1AB,E63013963,50.609229,-1.957784,18607,RLF1,Swanage,9110.0,Small,3,3,3,180.0
BH19 1AE,E63013963,50.609580,-1.957840,22959,RLF1,Swanage,9110.0,Small,3,3,3,164.0
BH19 1AF,E63013963,50.609868,-1.958956,22959,RLF1,Swanage,9110.0,Small,3,3,3,82.0
BH2 5NL,E63013847,50.720219,-1.881103,11627,UN1,Bournemouth,196455.0,Large,0,2,9,827.0
BH2 5QR,E63013847,50.720419,-1.892605,13567,UN1,Bournemouth,196455.0,Large,0,5,8,835.0
BH20 4AF,E63013901,50.686380,-2.109832,15410,RLN1,Wareham,5880.0,Small,2,2,2,450.0
BH20 4LR,E63013901,50.685148,-2.109433,15410,RLN1,Wareham,5880.0,Small,1,2,2,517.0
BH20 6EJ,E63013889,50.678356,-2.228914,19929,RLN1,Wool,5040.0,Small,1,1,1,262.0
BH20 7AX,E63013879,50.706345,-2.097841,20178,RLN1,Sandford (Dorset),2000.0,Minor,1,1,1,285.0
BH21 1AP,E63013755,50.798102,-1.982744,21488,UN1,Wimborne Minster,16630.0,Small,1,3,4,0.0
BH21 1NL,E63013755,50.805270,-1.989184,29927,UN1,Wimborne Minster,16630.0,Small,1,3,3,0.0
BH21 1SQ,E63013788,50.784485,-1.969755,27692,RLN1,Merley,5490.0,Small,0,0,2,1768.0
BH21 2SE,E63013755,50.809562,-1.959151,32638,UN1,Wimborne Minster,16630.0,Small,0,0,0,2091.0
BH21 3LN,E63013806,50.763714,-2.022998,25527,UN1,Corfe Mullen,10035.0,Small,0,0,0,2095.0
BH21 4AY,E63013765,50.796066,-2.073539,29083,RLN1,Sturminster Marshall,1505.0,Minor,0,0,0,6016.0
BH21 6SZ,E63013659,50.841189,-1.863428,13434,RLN1,Three Legged Cross,1130.0,Minor,0,0,1,2564.0
BH22 0HX,E63013729,50.826163,-1.889737,19114,UN1,West Moors,10425.0,Small,1,1,2,250.0
BH22 8EB,E63013782,50.780535,-1.882213,28276,UN1,West Parley,3660.0,Minor,0,0,2,1987.0
BH22 9AG,E63013751,50.800356,-1.892139,21968,UN1,Ferndown,13265.0,Small,4,4,6,229.0
BH22 9AL,E63013729,50.811661,-1.875451,19784,UN1,West Moors,10425.0,Small,1,1,8,467.0
BH22 9HB,E63013751,50.801779,-1.894492,21968,UN1,Ferndown,13265.0,Small,4,4,6,0.0
BH22 9HU,E63013751,50.803242,-1.891040,21968,UN1,Ferndown,13265.0,Small,4,4,6,292.0
BH22 9TH,E63013751,50.801812,-1.891441,21968,UN1,Ferndown,13265.0,Small,4,4,6,214.0
BH23 1EU,E63013839,50.736053,-1.761508,13975,UN1,"Christchurch (Bournemouth, Christchurch and Poole)",48985.0,Medium,2,2,9,0.0
BH23 1QB,E63013839,50.735238,-1.776929,27253,UN1,"Christchurch (Bournemouth, Christchurch and Poole)",48985.0,Medium,2,2,9,380.0
BH23 1QU,E63013839,50.737128,-1.782461,18001,UN1,"Christchurch (Bournemouth, Christchurch and Poole)",48985.0,Medium,2,2,9,123.0
BH23 2FQ,E63013839,50.744581,-1.790930,22449,UN1,"Christchurch (Bournemouth, Christchurch and Poole)",48985.0,Medium,1,1,7,0.0
BH23 3QG,E63013839,50.741323,-1.744815,4649,UN1,"Christchurch (Bournemouth, Christchurch and Poole)",48985.0,Medium,1,1,6,1164.0
BH23 4AS,E63013839,50.728324,-1.742604,29616,UN1,"Christchurch (Bournemouth, Christchurch and Poole)",48985.0,Medium,0,0,5,1498.0
BH23 4RY,E63013839,50.744276,-1.742035,26911,UN1,"Christchurch (Bournemouth, Christchurch and Poole)",48985.0,Medium,1,1,6,1503.0
BH23 5ET,E63013839,50.741222,-1.701831,28237,UN1,"Christchurch (Bournemouth, Christchurch and Poole)",48985.0,Medium,2,2,2,0.0
BH23 5EY,E63013839,50.741666,-1.699405,24468,UN1,"Christchurch (Bournemouth, Christchurch and Poole)",48985.0,Medium,2,2,2,178.0
BH23 7JN,E63013839,50.752839,-1.764853,23684,UN1,"Christchurch (Bournemouth, Christchurch and Poole)",48985.0,Medium,0,0,5,1855.0
BH23 8AB,E63013785,50.781295,-1.736441,31874,RLN1,Bransgore,3685.0,Minor,3,3,3,38.0
BH23 8AD,E63013785,50.781297,-1.737732,31874,RLN1,Bransgore,3685.0,Minor,3,3,3,0.0
BH24 1HB,E63013685,50.846683,-1.790986,16788,UN1,Ringwood,12785.0,Small,4,6,8,123.0
BH24 1HE,E63013685,50.847635,-1.790016,16788,UN1,Ringwood,12785.0,Small,4,5,8,172.0
BH24 1JY,E63013685,50.846123,-1.789483,16788,UN1,Ringwood,12785.0,Small,4,6,8,0.0
BH24 1SD,E63013685,50.854056,-1.771008,27620,UN1,Ringwood,12785.0,Small,1,1,8,0.0
BH24 1WL,E63013685,50.841177,-1.779749,20704,UN1,Ringwood,12785.0,Small,1,4,8,877.0
BH24 2HP,E63013709,50.840868,-1.837979,30236,RLN1,Ashley Heath,7150.0,Small,0,0,1,3215.0
BH24 3AL,E63013685,50.839856,-1.784967,20704,UN1,Ringwood,12785.0,Small,1,5,8,766.0
BH25 5BS,E63013820,50.757572,-1.638313,11114,UN1,Ashley (New Forest),7725.0,Small,1,3,9,0.0
BH25 5JP,E63013822,50.756435,-1.657985,7888,UN1,New Milton,11870.0,Small,5,5,9,0.0
BH25 6BP,E63013822,50.750454,-1.645583,18972,UN1,New Milton,11870.0,Small,0,6,10,870.0
BH25 6HX,E63013822,50.754728,-1.655602,22442,UN1,New Milton,11870.0,Small,5,6,9,48.0
BH25 6HY,E63013822,50.753989,-1.655097,22442,UN1,New Milton,11870.0,Small,5,7,9,94.0
BH25 6JX,E63013822,50.754496,-1.656171,22442,UN1,New Milton,11870.0,Small,5,7,9,0.0
BH25 6QA,E63013822,50.747100,-1.664205,27963,UN1,New Milton,11870.0,Small,0,3,7,998.0
BH31 6DW,E63013626,50.881169,-1.879601,29369,UN1,Verwood,13710.0,Small,3,4,5,109.0
BH31 6EH,E63013626,50.869656,-1.869001,13434,UN1,Verwood,13710.0,Small,0,1,5,1588.0
BH31 6UQ,E63013626,50.876767,-1.875419,27984,UN1,Verwood,13710.0,Small,1,5,5,679.0
BH31 6US,E63013626,50.877696,-1.877464,27984,UN1,Verwood,13710.0,Small,2,4,5,519.0
BH31 7PY,E63013626,50.881935,-1.880566,29369,UN1,Verwood,13710.0,Small,2,4,5,0.0
BH4 9BB,E63013847,50.722973,-1.903365,10396,UN1,Bournemouth,196455.0,Large,3,5,8,59.0
BH4 9DZ,E63013847,50.723035,-1.902303,10396,UN1,Bournemouth,196455.0,Large,3,5,8,94.0
BH4 9HJ,E63013847,50.723504,-1.903421,10396,UN1,Bournemouth,196455.0,Large,3,5,8,0.0
BH5 1LX,E63013847,50.723823,-1.834443,4568,UN1,Bournemouth,196455.0,Large,4,7,16,0.0
BH6 3DB,E63013847,50.722827,-1.806525,25105,UN1,Bournemouth,196455.0,Large,1,5,10,0.0
BH6 3JX,E63013847,50.728399,-1.794006,26859,UN1,Bournemouth,196455.0,Large,1,1,13,1077.0
BH6 3LA,E63013847,50.728666,-1.792276,26859,UN1,Bournemouth,196455.0,Large,1,1,13,1085.0
BH6 3RA,E63013847,50.726466,-1.816016,13860,UN1,Bournemouth,196455.0,Large,3,5,15,204.0
BH6 5AJ,E63013847,50.728137,-1.814834,13860,UN1,Bournemouth,196455.0,Large,3,6,16,0.0
BH7 6BW,E63013847,50.735520,-1.814521,18601,UN1,Bournemouth,196455.0,Large,0,3,15,821.0
BH8 8BL,E63013847,50.732747,-1.850154,8189,UN1,Bournemouth,196455.0,Large,0,4,16,676.0
BH8 8DL,E63013847,50.726488,-1.865219,11120,UN1,Bournemouth,196455.0,Large,1,3,18,561.0
BH8 8EH,E63013847,50.722900,-1.865754,12504,UN1,Bournemouth,196455.0,Large,3,3,12,295.0
BH8 8UU,E63013847,50.736146,-1.865418,11967,UN1,Bournemouth,196455.0,Large,0,2,16,700.0
BH8 9QR,E63013847,50.741620,-1.862342,18427,UN1,Bournemouth,196455.0,Large,1,3,18,111.0
BH8 9UD,E63013847,50.750920,-1.842102,12378,UN1,Bournemouth,196455.0,Large,3,3,11,87.0
BH8 9UW,E63013847,50.752129,-1.844649,12378,UN1,Bournemouth,196455.0,Large,3,3,11,261.0
BH8 9UY,E63013847,50.753197,-1.843497,12378,UN1,Bournemouth,196455.0,Large,3,3,11,341.0
BH9 1SE,E63013847,50.748809,-1.865765,26728,UN1,Bournemouth,196455.0,Large,0,4,19,754.0
BH9 2AB,E63013847,50.739974,-1.879083,13151,UN1,Bournemouth,196455.0,Large,3,4,15,130.0
BH9 2AQ,E63013847,50.741790,-1.878639,13151,UN1,Bournemouth,196455.0,Large,3,4,15,329.0
BH9 2DG,E63013847,50.755114,-1.874947,19999,UN1,Bournemouth,196455.0,Large,1,5,14,125.0
BH9 2HE,E63013847,50.741395,-1.879419,11839,UN1,Bournemouth,196455.0,Large,3,4,15,274.0
BH9 3RE,E63013847,50.760467,-1.860983,25913,UN1,Bournemouth,196455.0,Large,2,2,11,0.0
BL0 0JQ,E63008096,53.670269,-2.305236,24584,UN1,Edenfield,2050.0,Minor,0,0,0,2561.0
BL0 9AJ,E63008134,53.649192,-2.318865,19788,UN1,Ramsbottom,17075.0,Small,2,2,2,52.0
BL0 9HX,E63008134,53.647844,-2.318885,19788,UN1,Ramsbottom,17075.0,Small,2,2,2,109.0
BL1 1DF,E63008201,53.579266,-2.427581,5003,UN1,Bolton (Bolton),184090.0,Large,8,16,48,139.0
BL1 1NE,E63008201,53.577167,-2.428874,5003,UN1,Bolton (Bolton),184090.0,Large,9,18,51,38.0
BL1 1SQ,E63008201,53.577119,-2.432060,1423,UN1,Bolton (Bolton),184090.0,Large,10,21,54,0.0
BL1 2AL,E63008201,53.581308,-2.429656,1423,UN1,Bolton (Bolton),184090.0,Large,8,19,48,295.0
BL1 2AY,E63008201,53.578963,-2.434238,1423,UN1,Bolton (Bolton),184090.0,Large,9,18,52,128.0
BL1 3BG,E63008201,53.585543,-2.448717,862,UN1,Bolton (Bolton),184090.0,Large,4,10,39,91.0
BL1 3QS,E63008201,53.589185,-2.431080,737,UN1,Bolton (Bolton),184090.0,Large,3,7,42,104.0
BL1 3RG,E63008201,53.588338,-2.431736,737,UN1,Bolton (Bolton),184090.0,Large,3,8,46,0.0
BL1 4AP,E63008201,53.582194,-2.442941,1948,UN1,Bolton (Bolton),184090.0,Large,2,15,50,108.0
BL1 4JP,E63008201,53.588183,-2.451811,862,UN1,Bolton (Bolton),184090.0,Large,5,11,39,0.0
BL1 5PU,E63008201,53.587999,-2.469348,19669,UN1,Bolton (Bolton),184090.0,Large,2,5,14,0.0
BL1 5SN,E63008201,53.591364,-2.477574,10239,UN1,Bolton (Bolton),184090.0,Large,0,3,11,659.0
BL1 6AB,E63008201,53.588954,-2.461745,9399,UN1,Bolton (Bolton),184090.0,Large,2,9,17,135.0
BL1 7AL,E63008201,53.602196,-2.432361,7694,UN1,Bolton (Bolton),184090.0,Large,1,3,15,933.0
BL1 8AN,E63008201,53.594495,-2.443977,3838,UN1,Bolton (Bolton),184090.0,Large,0,4,30,538.0
BL1 8QG,E63008201,53.600141,-2.433761,7694,UN1,Bolton (Bolton),184090.0,Large,1,3,18,1038.0
BL1 8SW,E63008201,53.596485,-2.428208,3545,UN1,Bolton (Bolton),184090.0,Large,1,10,25,499.0
BL1 8UP,E63008201,53.597502,-2.415224,5417,UN1,Bolton (Bolton),184090.0,Large,1,5,16,0.0
BL2 1AD,E63008201,53.578597,-2.418271,1707,UN1,Bolton (Bolton),184090.0,Large,1,12,40,194.0
BL2 2HH,E63008201,53.592701,-2.420540,1837,UN1,Bolton (Bolton),184090.0,Large,1,9,32,271.0
BL2 2LS,E63008201,53.589140,-2.410640,2502,UN1,Bolton (Bolton),184090.0,Large,0,4,31,978.0
BL2 3HP,E63008201,53.604842,-2.395030,25063,UN1,Bolton (Bolton),184090.0,Large,2,2,5,222.0
BL2 3HQ,E63008201,53.604085,-2.398151,18283,UN1,Bolton (Bolton),184090.0,Large,2,2,7,0.0
BL2 5JG,E63008201,53.590194,-2.385874,401,UN1,Bolton (Bolton),184090.0,Large,0,2,10,876.0
BL2 6BH,E63008201,53.580288,-2.404966,6855,UN1,Bolton (Bolton),184090.0,Large,1,4,29,139.0
BL2 6HZ,E63008201,53.580961,-2.394626,8023,UN1,Bolton (Bolton),184090.0,Large,0,5,10,701.0
BL2 6NT,E63008201,53.582370,-2.384277,3014,UN1,Bolton (Bolton),184090.0,Large,2,4,8,0.0
BL2 6PA,E63008201,53.580694,-2.385652,8023,UN1,Bolton (Bolton),184090.0,Large,2,3,8,207.0
BL3 1HH,E63008250,53.562266,-2.371957,4496,UN1,Little Lever,12525.0,Small,4,4,5,0.0
BL3 1HQ,E63008250,53.560852,-2.369740,4496,UN1,Little Lever,12525.0,Small,4,4,5,0.0
BL3 1LR,E63008250,53.561153,-2.368384,12524,UN1,Little Lever,12525.0,Small,4,4,5,96.0
BL3 1SX,E63008201,53.570812,-2.394879,9485,UN1,Bolton (Bolton),184090.0,Large,0,0,17,1172.0
BL3 2EH,E63008201,53.560673,-2.428827,4195,UN1,Bolton (Bolton),184090.0,Large,0,7,39,565.0
BL3 2JS,E63008201,53.563489,-2.417865,1441,UN1,Bolton (Bolton),184090.0,Large,2,6,33,115.0
BL3 2QS,E63008201,53.567850,-2.417545,5003,UN1,Bolton (Bolton),184090.0,Large,2,4,37,422.0
BL3 3AQ,E63008201,53.563740,-2.443111,7060,UN1,Bolton (Bolton),184090.0,Large,5,13,42,361.0
BL3 3AT,E63008201,53.560161,-2.441216,8053,UN1,Bolton (Bolton),184090.0,Large,1,13,38,760.0
BL3 3NP,E63008201,53.565007,-2.448122,2738,UN1,Bolton (Bolton),184090.0,Large,8,17,42,285.0
BL3 3PH,E63008201,53.563386,-2.451456,2738,UN1,Bolton (Bolton),184090.0,Large,5,15,32,0.0
BL3 3RP,E63008201,53.560582,-2.456122,2539,UN1,Bolton (Bolton),184090.0,Large,4,12,28,160.0
BL3 4BU,E63008201,53.567285,-2.451860,3027,UN1,Bolton (Bolton),184090.0,Large,3,20,39,434.0
BL3 4EB,E63008201,53.562127,-2.453904,2539,UN1,Bolton (Bolton),184090.0,Large,5,15,29,214.0
BL3 4LU,E63008201,53.567776,-2.464443,4041,UN1,Bolton (Bolton),184090.0,Large,3,9,23,0.0
BL3 4PZ,E63008201,53.570407,-2.476507,20147,UN1,Bolton (Bolton),184090.0,Large,0,3,12,849.0
BL3 5DL,E63008201,53.573436,-2.441491,3604,UN1,Bolton (Bolton),184090.0,Large,6,21,56,86.0
BL3 5DP,E63008201,53.573058,-2.444009,3604,UN1,Bolton (Bolton),184090.0,Large,5,19,55,0.0
BL3 5HP,E63008201,53.572744,-2.446346,3604,UN1,Bolton (Bolton),184090.0,Large,5,14,53,0.0
BL3 5QU,E63008201,53.567611,-2.463128,4041,UN1,Bolton (Bolton),184090.0,Large,3,10,24,89.0
BL3 6DH,E63008201,53.573038,-2.432245,986,UN1,Bolton (Bolton),184090.0,Large,4,24,50,222.0
BL3 6LH,E63008201,53.567509,-2.442380,1972,UN1,Bolton (Bolton),184090.0,Large,4,20,47,61.0
BL3 6RN,E63008201,53.565640,-2.432441,1441,UN1,Bolton (Bolton),184090.0,Large,2,12,45,0.0
BL3 6TL,E63008201,53.566961,-2.442389,7060,UN1,Bolton (Bolton),184090.0,Large,4,20,47,0.0
BL4 0BR,E63008278,53.548859,-2.419803,5593,UN1,Farnworth,28760.0,Medium,0,3,22,653.0
BL4 0NX,E63008278,53.546603,-2.427447,2814,UN1,Farnworth,28760.0,Medium,1,3,18,435.0
BL4 7LE,E63008278,53.554448,-2.401926,2244,UN1,Farnworth,28760.0,Medium,0,5,22,964.0
BL4 9AH,E63008278,53.546138,-2.397758,859,UN1,Farnworth,28760.0,Medium,8,10,17,0.0
BL4 9AL,E63008278,53.546210,-2.392386,4282,UN1,Farnworth,28760.0,Medium,5,11,15,355.0
BL4 9BX,E63008293,53.542724,-2.383692,8306,UN1,Kearsley,11115.0,Small,1,4,13,79.0
BL4 9DR,E63008278,53.547947,-2.394469,859,UN1,Farnworth,28760.0,Medium,5,12,15,296.0
BL4 9DS,E63008278,53.547578,-2.394587,859,UN1,Farnworth,28760.0,Medium,5,12,15,264.0
BL4 9DT,E63008278,53.547750,-2.397018,859,UN1,Farnworth,28760.0,Medium,5,10,15,186.0
BL4 9LS,E63008278,53.542063,-2.399032,5610,UN1,Farnworth,28760.0,Medium,5,10,23,286.0
BL4 9QJ,E63008278,53.542184,-2.405794,1116,UN1,Farnworth,28760.0,Medium,3,11,24,275.0
BL4 9QZ,E63008278,53.543651,-2.402443,5612,UN1,Farnworth,28760.0,Medium,5,10,20,0.0
BL5 1ER,E63008308,53.546039,-2.470077,21836,UN1,Atherton,27575.0,Medium,0,0,2,1708.0
BL5 2JU,E63008271,53.534907,-2.520770,23495,UN1,Westhoughton,21960.0,Medium,0,0,7,1555.0
BL5 3AN,E63008271,53.548900,-2.521213,15843,UN1,Westhoughton,21960.0,Medium,2,5,6,416.0
BL5 3SF,E63008271,53.552405,-2.523430,15843,UN1,Westhoughton,21960.0,Medium,3,3,6,0.0
BL5 3SX,E63008271,53.553907,-2.523192,15843,UN1,Westhoughton,21960.0,Medium,2,3,5,168.0
BL5 3UB,E63008271,53.550474,-2.508554,29453,UN1,Westhoughton,21960.0,Medium,1,2,6,0.0
BL6 4SA,E63008208,53.574945,-2.524282,21251,UN1,Horwich,20700.0,Medium,0,1,3,1748.0
BL6 5EE,E63008204,53.594374,-2.584821,25859,UN1,Blackrod,5340.0,Small,1,1,1,2496.0
BL6 5EW,E63008204,53.594937,-2.587261,25859,UN1,Blackrod,5340.0,Small,1,1,1,2383.0
BL6 5NP,E63008208,53.594496,-2.545721,7187,UN1,Horwich,20700.0,Medium,4,6,8,42.0
BL6 5NW,E63008208,53.594804,-2.545363,14877,UN1,Horwich,20700.0,Medium,4,6,8,0.0
BL6 5PY,E63008208,53.598485,-2.542327,14877,UN1,Horwich,20700.0,Medium,6,6,7,0.0
BL6 6JA,E63008208,53.583370,-2.535715,21281,UN1,Horwich,20700.0,Medium,1,1,8,1422.0
BL6 6JS,E63008208,53.581553,-2.531855,21281,UN1,Horwich,20700.0,Medium,1,2,5,1722.0
BL6 7AR,E63008208,53.601146,-2.548149,12290,UN1,Horwich,20700.0,Medium,3,6,6,485.0
BL6 7BP,E63008208,53.599370,-2.545225,12290,UN1,Horwich,20700.0,Medium,3,6,7,215.0
BL7 0AZ,E63008120,53.646806,-2.393032,32389,RSN1,Edgworth,1650.0,Minor,1,1,1,55.0
BL7 9RG,E63008201,53.617605,-2.426381,13632,UN1,Bolton (Bolton),184090.0,Large,1,2,3,0.0
BL8 1HS,E63008197,53.608687,-2.313602,28350,UN1,Bury (Bury),81095.0,Large,0,3,11,511.0
BL8 1SW,E63008197,53.600546,-2.319435,16859,UN1,Bury (Bury),81095.0,Large,0,2,19,864.0
BL8 2JR,E63008197,53.587829,-2.335247,29702,UN1,Bury (Bury),81095.0,Large,1,1,3,0.0
BL8 4AD,E63008197,53.614768,-2.341446,26224,UN1,Bury (Bury),81095.0,Large,1,1,6,0.0
BL8 4DD,E63008134,53.624943,-2.331655,31017,UN1,Ramsbottom,17075.0,Small,1,2,5,517.0
BL8 4DS,E63008134,53.625107,-2.337432,32455,UN1,Ramsbottom,17075.0,Small,1,2,5,677.0
BL9 0NJ,E63008197,53.595546,-2.288589,1199,UN1,Bury (Bury),81095.0,Large,5,18,23,0.0
BL9 0QL,E63008197,53.591665,-2.295256,1199,UN1,Bury (Bury),81095.0,Large,8,18,25,252.0
BL9 0QQ,E63008197,53.592518,-2.295488,1199,UN1,Bury (Bury),81095.0,Large,8,17,24,261.0
BL9 0RE,E63008197,53.590832,-2.290234,1199,UN1,Bury (Bury),81095.0,Large,3,16,27,535.0
BL9 0RN,E63008197,53.589890,-2.289503,1199,UN1,Bury (Bury),81095.0,Large,3,16,27,627.0
BL9 0SN,E63008197,53.590325,-2.298978,4929,UN1,Bury (Bury),81095.0,Large,6,14,24,0.0
BL9 5AS,E63008197,53.600302,-2.291704,1177,UN1,Bury (Bury),81095.0,Large,4,12,25,149.0
BL9 5BY,E63008197,53.596757,-2.296983,1177,UN1,Bury (Bury),81095.0,Large,2,17,25,223.0
BL9 6DP,E63008197,53.598375,-2.289545,3666,UN1,Bury (Bury),81095.0,Large,6,15,25,169.0
BL9 6JA,E63008197,53.600217,-2.278587,1891,UN1,Bury (Bury),81095.0,Large,1,9,22,0.0
BL9 6LL,E63008197,53.602453,-2.290646,1177,UN1,Bury (Bury),81095.0,Large,3,9,24,293.0
BL9 7BB,E63008197,53.593033,-2.283194,3809,UN1,Bury (Bury),81095.0,Large,2,13,25,453.0
BL9 8JR,E63008197,53.560672,-2.273089,21738,UN1,Bury (Bury),81095.0,Large,1,2,10,0.0
BL9 8QA,E63008197,53.574203,-2.283415,18590,UN1,Bury (Bury),81095.0,Large,1,3,11,0.0
BL9 8RS,E63008197,53.577875,-2.273396,18590,UN1,Bury (Bury),81095.0,Large,1,3,11,179.0
BL9 9AA,E63008197,53.585479,-2.292297,10181,UN1,Bury (Bury),81095.0,Large,1,10,26,644.0
BL9 9AX,E63008197,53.583318,-2.297781,4929,UN1,Bury (Bury),81095.0,Large,1,9,23,607.0
BN1 2AA,E63013666,50.824879,-0.153812,18573,UN1,Brighton and Hove,277105.0,Major,4,11,32,166.0
BN1 2BE,E63013666,50.823808,-0.142964,4311,UN1,Brighton and Hove,277105.0,Major,3,17,30,284.0
BN1 2HA,E63013666,50.824246,-0.149620,10046,UN1,Brighton and Hove,277105.0,Major,4,13,35,324.0
BN1 3JD,E63013666,50.830267,-0.147010,19407,UN1,Brighton and Hove,277105.0,Major,3,16,40,82.0
BN1 4GU,E63013666,50.828640,-0.135757,4174,UN1,Brighton and Hove,277105.0,Major,4,19,41,269.0
BN1 4LA,E63013666,50.831021,-0.135094,4174,UN1,Brighton and Hove,277105.0,Major,4,14,42,0.0
BN1 5BF,E63013666,50.843633,-0.157887,30046,UN1,Brighton and Hove,277105.0,Major,1,4,22,417.0
BN1 5EG,E63013666,50.857811,-0.156490,31899,UN1,Brighton and Hove,277105.0,Major,0,0,5,1764.0
BN1 6AG,E63013666,50.838372,-0.148266,18950,UN1,Brighton and Hove,277105.0,Major,1,11,36,0.0
BN1 6DD,E63013666,50.837380,-0.140210,8957,UN1,Brighton and Hove,277105.0,Major,1,11,42,55.0
BN1 6LB,E63013666,50.843973,-0.144209,30066,UN1,Brighton and Hove,277105.0,Major,1,8,27,174.0
BN1 7GE,E63013666,50.844037,-0.130158,25892,UN1,Brighton and Hove,277105.0,Major,1,9,28,198.0
BN1 8AS,E63013666,50.867948,-0.123858,8879,UN1,Brighton and Hove,277105.0,Major,0,3,5,668.0
BN1 8DD,E63013666,50.862192,-0.126604,8879,UN1,Brighton and Hove,277105.0,Major,1,3,7,0.0
BN1 8TA,E63013666,50.864000,-0.144693,24064,UN1,Brighton and Hove,277105.0,Major,0,0,4,1285.0
BN1 9BU,E63013666,50.859158,-0.111948,13363,UN1,Brighton and Hove,277105.0,Major,0,1,10,1017.0
BN1 9ED,E63013666,50.863906,-0.113021,13363,UN1,Brighton and Hove,277105.0,Major,0,4,7,972.0
BN1 9RW,E63013666,50.869431,-0.088864,22497,UN1,Brighton and Hove,277105.0,Major,1,1,3,96.0
BN10 7LX,E63013745,50.794571,-0.014144,11919,UN1,Telscombe Cliffs,4235.0,Minor,0,3,7,954.0
BN10 8LD,E63013741,50.791312,-0.002378,13994,UN1,Peacehaven,15700.0,Small,1,5,5,544.0
BN10 8LN,E63013741,50.789868,-0.001035,13994,UN1,Peacehaven,15700.0,Small,1,4,5,693.0
BN10 8LW,E63013741,50.794055,0.006579,16526,UN1,Peacehaven,15700.0,Small,0,4,5,565.0
BN10 8NF,E63013741,50.796097,-0.000783,6771,UN1,Peacehaven,15700.0,Small,1,5,5,0.0
BN11 1JA,E63013691,50.816031,-0.374642,3779,UN1,Worthing,111620.0,Large,4,13,24,162.0
BN11 1LL,E63013691,50.813749,-0.367723,9256,UN1,Worthing,111620.0,Large,4,15,23,178.0
BN11 1UY,E63013691,50.817835,-0.377574,10381,UN1,Worthing,111620.0,Large,3,11,25,116.0
BN11 2EN,E63013691,50.812361,-0.359779,15307,UN1,Worthing,111620.0,Large,2,9,19,133.0
BN11 2LL,E63013691,50.813504,-0.359242,15307,UN1,Worthing,111620.0,Large,3,9,19,0.0
BN11 2QY,E63013691,50.816076,-0.351586,11648,UN1,Worthing,111620.0,Large,0,5,18,609.0
BN11 3HB,E63013691,50.810323,-0.372228,9256,UN1,Worthing,111620.0,Large,5,15,22,333.0
BN11 3HE,E63013691,50.810221,-0.373964,8676,UN1,Worthing,111620.0,Large,4,11,22,252.0
BN11 3LA,E63013691,50.809765,-0.384526,13801,UN1,Worthing,111620.0,Large,0,6,22,559.0
BN11 4BS,E63013691,50.811415,-0.377016,8676,UN1,Worthing,111620.0,Large,4,11,26,0.0
BN12 4AP,E63013691,50.813246,-0.402192,21947,UN1,Worthing,111620.0,Large,1,5,17,313.0
BN12 4FD,E63013691,50.806603,-0.404420,23707,UN1,Worthing,111620.0,Large,0,1,11,1006.0
BN12 4PE,E63013691,50.812455,-0.421382,13929,UN1,Worthing,111620.0,Large,1,4,11,350.0
BN12 4UP,E63013691,50.815491,-0.431117,25974,UN1,Worthing,111620.0,Large,0,2,10,976.0
BN12 5JP,E63013691,50.815475,-0.446761,30051,UN1,Worthing,111620.0,Large,1,1,5,175.0
BN12 6DJ,E63013691,50.819669,-0.411570,20871,UN1,Worthing,111620.0,Large,2,5,16,143.0
BN12 6PN,,50.818139,-0.462559,23858,UN1,,,,0,0,5,1168.0
BN13 2JP,E63013691,50.835314,-0.411251,19798,UN1,Worthing,111620.0,Large,0,2,12,555.0
BN13 3FG,E63013691,50.832250,-0.425428,4070,UN1,Worthing,111620.0,Large,1,3,8,884.0
BN13 3PB,E63013691,50.833011,-0.421128,13696,UN1,Worthing,111620.0,Large,1,3,7,627.0
BN14 0DL,E63013691,50.848809,-0.395834,31240,UN1,Worthing,111620.0,Large,1,1,2,0.0
BN14 7JL,E63013691,50.823979,-0.390026,30715,UN1,Worthing,111620.0,Large,2,2,25,0.0
BN14 7PA,E63013691,50.822525,-0.392192,27294,UN1,Worthing,111620.0,Large,2,2,27,222.0
BN14 8JE,E63013691,50.827642,-0.374650,11306,UN1,Worthing,111620.0,Large,2,2,22,0.0
BN14 9DA,E63013691,50.828657,-0.374586,24359,UN1,Worthing,111620.0,Large,2,2,17,113.0
BN14 9LA,E63013691,50.836568,-0.364696,29273,UN1,Worthing,111620.0,Large,0,0,6,1214.0
BN15 0AN,E63013689,50.833188,-0.337406,19544,UN1,Lancing and Sompting,27930.0,Medium,1,1,9,187.0
BN15 8AN,E63013689,50.824904,-0.322266,11491,UN1,Lancing and Sompting,27930.0,Medium,3,5,8,0.0
BN15 9AH,E63013689,50.827817,-0.322829,4639,UN1,Lancing and Sompting,27930.0,Medium,4,4,8,108.0
BN15 9PJ,E63013689,50.832022,-0.321883,17525,UN1,Lancing and Sompting,27930.0,Medium,2,5,8,473.0
BN16 1JN,E63013712,50.810100,-0.480466,28271,UN1,Rustington,33885.0,Medium,0,2,7,892.0
BN16 3AE,E63013712,50.815787,-0.490403,8759,UN1,Rustington,33885.0,Medium,1,3,10,136.0
BN16 3DJ,E63013712,50.810809,-0.507526,20429,UN1,Rustington,33885.0,Medium,3,4,10,442.0
BN16 3DN,E63013712,50.809998,-0.506019,16505,UN1,Rustington,33885.0,Medium,2,4,10,447.0
BN16 3NX,E63013712,50.811481,-0.513722,16505,UN1,Rustington,33885.0,Medium,2,4,12,0.0
BN16 3RT,E63013712,50.818038,-0.497557,8759,UN1,Rustington,33885.0,Medium,0,2,9,599.0
BN16 4HL,E63013712,50.828100,-0.484993,29392,UN1,Rustington,33885.0,Medium,0,0,4,1557.0
BN17 5DX,E63013725,50.809248,-0.541300,4204,UN1,Littlehampton,19065.0,Small,2,3,8,397.0
BN17 5JR,E63013725,50.806531,-0.537624,4371,UN1,Littlehampton,19065.0,Small,3,4,8,0.0
BN17 5RA,E63013703,50.815337,-0.558727,2720,UN1,Wick (Arun),13225.0,Small,0,0,5,1482.0
BN17 6RA,E63013725,50.806794,-0.524218,22363,UN1,Littlehampton,19065.0,Small,0,5,9,566.0
BN17 7JQ,E63013703,50.819326,-0.544663,7434,UN1,Wick (Arun),13225.0,Small,0,0,5,1490.0
BN18 0DU,E63013721,50.822678,-0.613859,15033,UN1,Yapton,6340.0,Small,2,2,2,0.0
BN18 0EY,E63013721,50.819482,-0.610574,9417,UN1,Yapton,6340.0,Small,2,2,2,424.0
BN18 9AB,E63013653,50.855822,-0.553402,14775,RLN1,Arundel,3040.0,Minor,0,0,2,1026.0
BN18 9HG,E63013653,50.852872,-0.567246,18101,RLN1,Arundel,3040.0,Minor,1,1,2,0.0
BN2 1EA,E63013666,50.819134,-0.123472,8844,UN1,Brighton and Hove,277105.0,Major,0,5,24,703.0
BN2 1RF,E63013666,50.820987,-0.134145,4978,UN1,Brighton and Hove,277105.0,Major,4,10,34,92.0
BN2 1TH,E63013666,50.820827,-0.135358,4978,UN1,Brighton and Hove,277105.0,Major,5,10,30,97.0
BN2 3DD,E63013666,50.831634,-0.126762,12262,UN1,Brighton and Hove,277105.0,Major,3,12,39,212.0
BN2 3HP,E63013666,50.832576,-0.129394,15692,UN1,Brighton and Hove,277105.0,Major,5,14,43,0.0
BN2 3QA,E63013666,50.837635,-0.124676,17403,UN1,Brighton and Hove,277105.0,Major,3,11,34,376.0
BN2 4AD,E63013666,50.839703,-0.122405,19745,UN1,Brighton and Hove,277105.0,Major,2,11,29,620.0
BN2 4EA,E63013666,50.839779,-0.119832,19745,UN1,Brighton and Hove,277105.0,Major,2,8,26,502.0
BN2 4GB,E63013666,50.844750,-0.116890,7623,UN1,Brighton and Hove,277105.0,Major,1,8,23,249.0
BN2 4LW,E63013666,50.842543,-0.096170,3548,UN1,Brighton and Hove,277105.0,Major,0,0,10,1216.0
BN2 5FB,E63013666,50.818737,-0.106139,10455,UN1,Brighton and Hove,277105.0,Major,0,3,9,750.0
BN2 5FL,E63013666,50.825439,-0.107359,434,UN1,Brighton and Hove,277105.0,Major,1,4,17,0.0
BN2 5UT,E63013666,50.812930,-0.105721,17041,UN1,Brighton and Hove,277105.0,Major,0,1,4,1396.0
BN2 6PH,E63013666,50.837502,-0.073977,8966,UN1,Brighton and Hove,277105.0,Major,1,1,3,454.0
BN2 6TD,E63013666,50.828062,-0.062750,18290,UN1,Brighton and Hove,277105.0,Major,0,0,2,1489.0
BN2 7HP,E63013666,50.803455,-0.058417,25410,UN1,Brighton and Hove,277105.0,Major,0,0,3,1597.0
BN2 8FA,E63013666,50.807214,-0.041172,23457,UN1,Brighton and Hove,277105.0,Major,0,2,3,666.0
BN2 8LG,E63013666,50.800982,-0.037445,21407,UN1,Brighton and Hove,277105.0,Major,1,2,4,187.0
BN2 9SL,E63013666,50.828466,-0.125512,24979,UN1,Brighton and Hove,277105.0,Major,1,11,39,532.0
BN20 7RG,E63013776,50.755979,0.267906,26169,UN1,Eastbourne,99180.0,Large,1,2,14,299.0
BN20 8NH,E63013776,50.777446,0.255496,18824,UN1,Eastbourne,99180.0,Large,4,4,12,0.0
BN20 8QJ,E63013776,50.779687,0.254952,8716,UN1,Eastbourne,99180.0,Large,4,4,7,252.0
BN20 9PL,E63013715,50.807935,0.248051,25741,UN1,Lower Willingdon,6130.0,Small,1,1,5,1299.0
BN21 1DH,E63013776,50.768184,0.277587,13274,UN1,Eastbourne,99180.0,Large,7,13,22,0.0
BN21 1HR,E63013776,50.772868,0.267999,23852,UN1,Eastbourne,99180.0,Large,0,8,24,850.0
BN21 1SD,E63013776,50.777541,0.256607,31653,UN1,Eastbourne,99180.0,Large,4,5,13,79.0
BN21 3JU,E63013776,50.767796,0.285496,11536,UN1,Eastbourne,99180.0,Large,9,14,20,376.0
BN21 3NL,E63013776,50.769044,0.284692,4750,UN1,Eastbourne,99180.0,Large,8,14,20,317.0
BN21 3TZ,E63013776,50.771409,0.288367,4750,UN1,Eastbourne,99180.0,Large,4,13,18,377.0
BN21 4EJ,E63013776,50.760478,0.282545,8826,UN1,Eastbourne,99180.0,Large,0,9,18,543.0
BN21 4EY,E63013776,50.765870,0.279559,11536,UN1,Eastbourne,99180.0,Large,7,13,19,132.0
BN21 4TX,E63013776,50.767622,0.278765,13274,UN1,Eastbourne,99180.0,Large,9,13,22,0.0
BN22 0PS,E63013715,50.806728,0.253301,25741,UN1,Lower Willingdon,6130.0,Small,1,1,5,1567.0
BN22 7PG,E63013776,50.781493,0.302876,8377,UN1,Eastbourne,99180.0,Large,1,2,9,0.0
BN22 7QP,E63013776,50.772316,0.294851,3944,UN1,Eastbourne,99180.0,Large,2,5,18,139.0
BN22 9NG,E63013776,50.797000,0.278122,6431,UN1,Eastbourne,99180.0,Large,1,4,7,255.0
BN22 9PW,E63013776,50.792096,0.280069,6431,UN1,Eastbourne,99180.0,Large,2,5,8,331.0
BN23 6JH,E63013776,50.795079,0.322616,5418,UN1,Eastbourne,99180.0,Large,0,2,5,529.0
BN23 6QD,E63013776,50.787012,0.303076,11850,UN1,Eastbourne,99180.0,Large,0,2,9,614.0
BN23 7RT,E63013776,50.803337,0.303921,8709,UN1,Eastbourne,99180.0,Large,0,1,10,1232.0
BN23 8ED,E63013776,50.807517,0.294900,3885,UN1,Eastbourne,99180.0,Large,0,1,6,1084.0
BN24 5DZ,E63013695,50.816752,0.289972,29481,UN1,Stone Cross,5035.0,Small,1,1,3,0.0
BN24 5NP,E63013696,50.811838,0.324711,19120,UN1,Westham,1860.0,Minor,0,0,5,1400.0
BN24 6ET,E63013701,50.812238,0.350965,16093,UN1,Pevensey Bay,2890.0,Minor,0,0,1,2138.0
BN25 1DL,E63013766,50.771819,0.099251,12157,UN1,Seaford,23865.0,Medium,5,5,5,95.0
BN25 1LL,E63013766,50.772523,0.100105,12157,UN1,Seaford,23865.0,Medium,5,5,5,59.0
BN25 1LS,E63013766,50.771687,0.102578,12157,UN1,Seaford,23865.0,Medium,5,5,5,137.0
BN25 1ND,E63013766,50.772270,0.102661,18399,UN1,Seaford,23865.0,Medium,5,5,5,138.0
BN26 5AB,E63013690,50.820846,0.243602,15586,UN1,Polegate,10065.0,Small,3,3,5,205.0
BN26 6AH,E63013690,50.822204,0.244093,15586,UN1,Polegate,10065.0,Small,3,3,5,81.0
BN27 1AN,E63013616,50.863998,0.258548,12418,UN1,Hailsham,22550.0,Medium,3,3,6,296.0
BN27 1BG,E63013616,50.863718,0.259544,12418,UN1,Hailsham,22550.0,Medium,3,3,6,320.0
BN27 1BH,E63013616,50.864066,0.262019,12418,UN1,Hailsham,22550.0,Medium,3,3,6,484.0
BN27 1UL,E63013616,50.877333,0.260558,23642,UN1,Hailsham,22550.0,Medium,1,2,6,154.0
BN27 4JX,E63013559,50.887451,0.316970,17394,RLN1,Herstmonceux,1220.0,Minor,1,1,1,0.0
BN3 1GA,E63013666,50.825913,-0.159479,10910,UN1,Brighton and Hove,277105.0,Major,2,8,32,249.0
BN3 1RF,E63013666,50.831248,-0.156713,17451,UN1,Brighton and Hove,277105.0,Major,1,10,37,0.0
BN3 2AF,E63013666,50.828020,-0.171665,14301,UN1,Brighton and Hove,277105.0,Major,3,6,19,358.0
BN3 3AT,E63013666,50.831228,-0.172008,18011,UN1,Brighton and Hove,277105.0,Major,3,5,23,0.0
BN3 3YD,E63013666,50.830438,-0.173303,14301,UN1,Brighton and Hove,277105.0,Major,3,5,23,126.0
BN3 5DP,E63013666,50.833164,-0.182569,16137,UN1,Brighton and Hove,277105.0,Major,0,7,17,507.0
BN3 5JA,E63013666,50.834021,-0.189665,19177,UN1,Brighton and Hove,277105.0,Major,1,4,17,0.0
BN3 5TD,E63013666,50.834251,-0.206343,16652,UN1,Brighton and Hove,277105.0,Major,1,2,11,488.0
BN3 6HP,E63013666,50.835749,-0.170156,20456,UN1,Brighton and Hove,277105.0,Major,0,6,24,519.0
BN3 7BZ,E63013666,50.842476,-0.176995,28023,UN1,Brighton and Hove,277105.0,Major,0,3,18,896.0
BN3 7LU,E63013666,50.844637,-0.195121,14273,UN1,Brighton and Hove,277105.0,Major,3,5,12,46.0
BN3 8GP,E63013666,50.851569,-0.187480,3220,UN1,Brighton and Hove,277105.0,Major,0,3,8,915.0
BN3 8JG,E63013666,50.844989,-0.193474,14273,UN1,Brighton and Hove,277105.0,Major,3,5,13,133.0
BN41 1LA,E63013666,50.832688,-0.214086,7162,UN1,Brighton and Hove,277105.0,Major,1,2,10,125.0
BN41 2WF,E63013666,50.851288,-0.226546,5839,UN1,Brighton and Hove,277105.0,Major,1,1,3,0.0
BN42 4FB,E63013674,50.834633,-0.235528,19683,UN1,Southwick (Adur),12240.0,Small,0,1,9,1570.0
BN42 4QB,E63013674,50.840451,-0.233078,18260,UN1,Southwick (Adur),12240.0,Small,0,1,10,1289.0
BN43 5DA,E63013678,50.831887,-0.275607,13057,UN1,Shoreham-by-Sea,23660.0,Medium,4,4,7,232.0
BN43 5WB,E63013678,50.833605,-0.272646,13057,UN1,Shoreham-by-Sea,23660.0,Medium,4,4,8,121.0
BN43 5ZA,E63013678,50.833246,-0.273299,13057,UN1,Shoreham-by-Sea,23660.0,Medium,4,4,8,96.0
BN43 5ZE,E63013678,50.832167,-0.274475,13057,UN1,Shoreham-by-Sea,23660.0,Medium,4,4,8,183.0
BN43 6BT,E63013678,50.840948,-0.260217,21567,UN1,Shoreham-by-Sea,23660.0,Medium,1,3,10,0.0
BN43 6QB,E63013678,50.833824,-0.258281,8250,UN1,Shoreham-by-Sea,23660.0,Medium,0,2,10,804.0
BN43 6TD,E63013678,50.841814,-0.251321,30006,UN1,Shoreham-by-Sea,23660.0,Medium,0,2,9,632.0
BN44 3HZ,E63013596,50.882376,-0.305788,20647,RLN1,Upper Beeding,3100.0,Minor,0,0,2,1931.0
BN44 3RJ,E63013586,50.890666,-0.329972,29495,RLN1,Steyning,5510.0,Small,1,1,2,0.0
BN5 9DB,E63013479,50.930258,-0.272086,31185,RLN1,Henfield,5635.0,Small,0,1,1,694.0
BN6 8AG,E63013478,50.924157,-0.140138,21209,UN1,Hassocks and Hurstpierpoint,14215.0,Small,1,1,2,2681.0
BN6 8QA,E63013478,50.923466,-0.139625,32475,UN1,Hassocks and Hurstpierpoint,14215.0,Small,1,1,2,2745.0
BN6 8UQ,E63013490,50.920328,-0.115008,29868,RSN1,Ditchling,1125.0,Minor,0,0,2,3645.0
BN6 9PX,E63013478,50.932389,-0.175062,17878,UN1,Hassocks and Hurstpierpoint,14215.0,Small,1,1,1,148.0
BN7 1RP,E63013601,50.872949,-0.000893,23576,UN1,Lewes,16060.0,Small,2,6,8,308.0
BN7 2DD,E63013601,50.873135,0.010756,23548,UN1,Lewes,16060.0,Small,4,6,8,0.0
BN7 2JU,E63013601,50.871794,0.011849,23548,UN1,Lewes,16060.0,Small,4,6,8,168.0
BN7 2LP,E63013601,50.874430,0.014450,23548,UN1,Lewes,16060.0,Small,5,5,8,197.0
BN8 4LA,E63013369,50.974492,0.019203,21858,RLF1,Newick,2685.0,Minor,2,2,2,101.0
BN8 5QN,E63013563,50.892345,0.060840,24846,RLN1,Ringmer,3220.0,Minor,0,0,0,3547.0
BN9 0AG,E63013735,50.798458,0.059914,13805,UN1,Newhaven,12850.0,Small,0,3,4,884.0
BN9 9PD,E63013735,50.794124,0.048613,5223,UN1,Newhaven,12850.0,Small,2,4,4,48.0
BN9 9QD,E63013735,50.792430,0.051334,7680,UN1,Newhaven,12850.0,Small,2,4,4,245.0
BR1 1DN,E63012282,51.403890,0.016607,13716,UN1,Bromley,,,7,9,20,0.0
BR1 1HD,E63012282,51.403890,0.016607,13716,UN1,Bromley,,,7,9,20,0.0
BR1 1JY,E63012282,51.402027,0.016180,24305,UN1,Bromley,,,7,10,19,128.0
BR1 1LF,E63012282,51.400525,0.017264,24305,UN1,Bromley,,,6,9,18,112.0
BR1 1RL,E63012282,51.406192,0.016105,13716,UN1,Bromley,,,5,12,19,258.0
BR1 2RG,E63012282,51.405615,0.035433,26185,UN1,Bromley,,,0,1,16,646.0
BR1 4HE,E63012282,51.414677,0.014767,20757,UN1,Bromley,,,2,7,24,0.0
BR1 4JX,E63012161,51.420947,-0.001627,8806,UN1,Lewisham,,,1,3,18,957.0
BR1 4PH,E63012161,51.425199,-0.004132,5046,UN1,Lewisham,,,1,5,19,930.0
BR1 4PQ,E63012161,51.423878,-0.003139,5046,UN1,Lewisham,,,2,5,20,958.0
BR1 5AB,E63012282,51.421271,0.021472,9866,UN1,Bromley,,,1,5,23,489.0
BR1 5HS,E63012161,51.427745,0.013127,7764,UN1,Lewisham,,,2,6,19,249.0
BR2 0TY,E63012282,51.392415,0.002448,30326,UN1,Bromley,,,0,0,17,1257.0
BR2 7EQ,E63012282,51.377275,0.011229,28050,UN1,Bromley,,,3,3,9,49.0
BR2 8AR,E63012282,51.389857,0.049539,29124,UN1,Bromley,,,0,2,6,853.0
BR2 9QE,E63012282,51.391454,0.036357,26111,UN1,Bromley,,,1,3,13,479.0
BR3 1AH,E63012282,51.406432,-0.030270,24549,UN1,Bromley,,,8,11,22,242.0
BR3 1AY,E63012282,51.409597,-0.025446,24549,UN1,Bromley,,,7,11,20,85.0
BR3 1ED,E63012282,51.408329,-0.025457,24549,UN1,Bromley,,,7,12,18,169.0
BR3 1EW,E63012282,51.407481,-0.027938,24549,UN1,Bromley,,,9,12,21,180.0
BR3 3DY,E63012282,51.391530,-0.038844,20877,UN1,Bromley,,,0,4,22,886.0
BR3 3HN,E63012282,51.398741,-0.040333,25304,UN1,Bromley,,,4,8,28,99.0
BR3 3PR,E63012282,51.405765,-0.033404,30037,UN1,Bromley,,,6,14,22,61.0
BR3 3PS,E63012282,51.402656,-0.036801,30037,UN1,Bromley,,,5,10,25,377.0
BR3 3RA,E63012282,51.398818,-0.042285,25304,UN1,Bromley,,,3,8,27,84.0
BR3 5NT,E63012282,51.406664,-0.015766,28816,UN1,Bromley,,,2,9,20,313.0
BR3 6QH,E63012282,51.400613,-0.018515,29445,UN1,Bromley,,,0,5,20,725.0
BR4 0ND,E63012282,51.377095,-0.019961,27931,UN1,Bromley,,,4,5,12,254.0
BR4 0PU,E63012282,51.377081,-0.014860,27931,UN1,Bromley,,,3,4,12,0.0
BR4 0PX,E63012282,51.376388,-0.014301,27931,UN1,Bromley,,,3,4,12,86.0
BR4 9JB,E63012282,51.369403,0.001416,25692,UN1,Bromley,,,1,1,10,374.0
BR5 1DQ,E63012282,51.388420,0.072989,29408,UN1,Bromley,,,2,3,7,379.0
BR5 1LY,E63012282,51.389696,0.075576,29408,UN1,Bromley,,,2,3,7,222.0
BR5 2DD,E63012282,51.389854,0.106473,11642,UN1,Bromley,,,2,7,22,0.0
BR5 2RG,E63012282,51.403974,0.104907,3993,UN1,Bromley,,,1,1,9,301.0
BR5 3NJ,E63012282,51.393949,0.114812,3421,UN1,Bromley,,,0,5,11,736.0
BR5 4AD,E63012282,51.386367,0.112364,9089,UN1,Bromley,,,2,7,20,110.0
BR5 4PE,E63012282,51.373703,0.117988,15361,UN1,Bromley,,,1,2,18,0.0
BR6 0JB,E63012282,51.382395,0.107208,19463,UN1,Bromley,,,0,12,20,620.0
BR6 0JN,E63012282,51.377185,0.099927,20322,UN1,Bromley,,,7,10,23,213.0
BR6 0LS,E63012282,51.376314,0.099327,20322,UN1,Bromley,,,7,10,22,157.0
BR6 0NH,E63012282,51.374012,0.096836,20322,UN1,Bromley,,,7,9,22,94.0
BR6 0NQ,E63012282,51.373658,0.097496,20322,UN1,Bromley,,,7,9,23,128.0
BR6 0PF,E63012282,51.376417,0.100108,20322,UN1,Bromley,,,7,10,22,130.0
BR6 0PS,E63012282,51.375259,0.098000,20322,UN1,Bromley,,,7,9,22,69.0
BR6 6BG,E63012282,51.354367,0.090023,28847,UN1,Bromley,,,1,4,7,0.0
BR6 6EY,E63012282,51.356350,0.105324,21456,UN1,Bromley,,,1,2,7,114.0
BR6 7AZ,E63012282,51.359710,0.072756,26565,UN1,Bromley,,,1,2,8,213.0
BR6 8DG,E63012282,51.378563,0.081640,27768,UN1,Bromley,,,0,1,17,684.0
BR6 8NZ,E63012282,51.366071,0.055229,30572,UN1,Bromley,,,1,2,5,275.0
BR6 9LP,E63012282,51.360794,0.088175,31181,UN1,Bromley,,,0,3,16,522.0
BR7 5AF,E63012282,51.418043,0.067338,28643,UN1,Bromley,,,3,3,10,184.0
BR7 5AG,E63012282,51.419394,0.065673,28643,UN1,Bromley,,,3,3,10,93.0
BR7 5NP,E63012282,51.407679,0.055827,31919,UN1,Bromley,,,0,0,5,1541.0
BR8 7RB,E63012227,51.409182,0.182999,30523,UN1,Hextable,4100.0,Minor,0,0,6,1612.0
BR8 7TG,E63012264,51.396267,0.174362,5623,UN1,Swanley,17210.0,Small,5,5,6,60.0
BR8 7TL,E63012264,51.396322,0.173818,5623,UN1,Swanley,17210.0,Small,5,5,6,50.0
BR8 7TQ,E63012264,51.396744,0.173824,5623,UN1,Swanley,17210.0,Small,5,5,6,97.0
BR8 7UN,E63012264,51.397043,0.174700,6734,UN1,Swanley,17210.0,Small,4,5,6,145.0
BR8 8HS,E63012264,51.393083,0.170028,23741,UN1,Swanley,17210.0,Small,4,5,5,404.0
BS1 3ED,E63012168,51.457740,-2.589716,12787,UN1,Bristol,425215.0,Major,6,11,35,42.0
BS1 3EU,E63012168,51.457738,-2.588263,12154,UN1,Bristol,425215.0,Major,5,10,36,93.0
BS1 3QD,E63012168,51.461667,-2.590242,3323,UN1,Bristol,425215.0,Major,6,12,35,110.0
BS1 4UR,E63012168,51.453515,-2.598196,18522,UN1,Bristol,425215.0,Major,0,9,38,551.0
BS1 6TB,E63012168,51.446635,-2.591488,12154,UN1,Bristol,425215.0,Major,3,9,30,334.0
BS10 5DW,E63012168,51.493276,-2.603557,14010,UN1,Bristol,425215.0,Major,0,5,19,883.0
BS10 5PY,E63012168,51.500078,-2.608027,5368,UN1,Bristol,425215.0,Major,1,4,16,231.0
BS10 6AT,E63012168,51.503722,-2.602240,613,UN1,Bristol,425215.0,Major,0,3,13,540.0
BS10 6SP,E63012168,51.510305,-2.617630,7858,UN1,Bristol,425215.0,Major,2,4,11,0.0
BS10 7NY,E63012168,51.510116,-2.627844,4647,UN1,Bristol,425215.0,Major,0,3,8,631.0
BS10 7TT,E63012018,51.521294,-2.617303,14305,UN1,Patchway,16520.0,Small,0,1,9,1222.0
BS10 7UD,E63012018,51.526381,-2.605754,14305,UN1,Patchway,16520.0,Small,0,4,6,750.0
BS11 0DJ,E63012168,51.489719,-2.677040,5986,UN1,Bristol,425215.0,Major,3,3,9,73.0
BS11 0DX,E63012168,51.488943,-2.675833,5986,UN1,Bristol,425215.0,Major,3,3,9,63.0
BS11 0QB,E63012168,51.501948,-2.657987,1587,UN1,Bristol,425215.0,Major,0,0,4,1930.0
BS11 9EG,E63012066,51.499186,-2.695635,11235,UN1,Avonmouth,2645.0,Minor,1,2,6,91.0
BS11 9SB,E63012168,51.489091,-2.676713,5986,UN1,Bristol,425215.0,Major,3,3,9,0.0
BS11 9YE,E63012066,51.506780,-2.691659,7473,UN1,Avonmouth,2645.0,Minor,0,2,2,969.0
BS13 0BE,E63012168,51.404888,-2.598236,226,UN1,Bristol,425215.0,Major,2,3,9,372.0
BS13 0JP,E63012168,51.407624,-2.601334,91,UN1,Bristol,425215.0,Major,2,4,9,0.0
BS13 7LU,E63012168,51.418522,-2.616882,20116,UN1,Bristol,425215.0,Major,0,3,12,634.0
BS13 7TJ,E63012168,51.415661,-2.599858,22534,UN1,Bristol,425215.0,Major,0,3,15,659.0
BS13 8JZ,E63012168,51.413218,-2.619959,7965,UN1,Bristol,425215.0,Major,1,3,9,40.0
BS14 0ST,E63012168,51.413917,-2.570947,3118,UN1,Bristol,425215.0,Major,2,3,8,83.0
BS14 0SU,E63012168,51.413543,-2.571977,21270,UN1,Bristol,425215.0,Major,2,3,9,0.0
BS14 8PG,E63012168,51.411975,-2.546278,2676,UN1,Bristol,425215.0,Major,1,1,4,155.0
BS14 9DB,E63012168,51.423894,-2.570021,16919,UN1,Bristol,425215.0,Major,0,0,13,1159.0
BS15 1NH,E63012145,51.467208,-2.517368,13524,UN1,Kingswood and Fishponds,160270.0,Large,1,5,21,206.0
BS15 1XL,E63012145,51.473175,-2.499367,24217,UN1,Kingswood and Fishponds,160270.0,Large,0,1,15,510.0
BS15 3HY,E63012145,51.443583,-2.512008,27983,UN1,Kingswood and Fishponds,160270.0,Large,2,3,9,0.0
BS15 3QY,E63012145,51.447863,-2.511955,15565,UN1,Kingswood and Fishponds,160270.0,Large,2,3,16,476.0
BS15 4EJ,E63012145,51.462895,-2.499974,14694,UN1,Kingswood and Fishponds,160270.0,Large,2,4,15,0.0
BS15 4ND,E63012145,51.459944,-2.478870,14459,UN1,Kingswood and Fishponds,160270.0,Large,2,2,9,304.0
BS15 8LP,E63012145,51.463073,-2.508785,12351,UN1,Kingswood and Fishponds,160270.0,Large,1,6,18,168.0
BS16 1HD,E63012145,51.489584,-2.540162,11704,UN1,Kingswood and Fishponds,160270.0,Large,0,1,10,722.0
BS16 2JD,E63012145,51.481903,-2.528710,9254,UN1,Kingswood and Fishponds,160270.0,Large,5,6,16,0.0
BS16 2SF,E63012145,51.493278,-2.510447,32142,UN1,Kingswood and Fishponds,160270.0,Large,0,2,12,976.0
BS16 3RD,E63012145,51.472182,-2.524926,10326,UN1,Kingswood and Fishponds,160270.0,Large,0,6,20,712.0
BS16 3TD,E63012145,51.479683,-2.526567,9254,UN1,Kingswood and Fishponds,160270.0,Large,5,7,16,0.0
BS16 3TT,E63012145,51.480447,-2.528678,9254,UN1,Kingswood and Fishponds,160270.0,Large,5,7,16,162.0
BS16 3US,E63012145,51.478714,-2.532071,8149,UN1,Kingswood and Fishponds,160270.0,Large,5,7,15,396.0
BS16 5FJ,E63012145,51.485261,-2.497108,26811,UN1,Kingswood and Fishponds,160270.0,Large,0,5,12,568.0
BS16 5HH,E63012145,51.480990,-2.507473,4858,UN1,Kingswood and Fishponds,160270.0,Large,2,5,18,482.0
BS16 5HL,E63012145,51.481058,-2.508482,4858,UN1,Kingswood and Fishponds,160270.0,Large,1,5,18,501.0
BS16 6BB,E63012145,51.488848,-2.503542,27455,UN1,Kingswood and Fishponds,160270.0,Large,1,5,16,433.0
BS16 6UG,E63012145,51.496503,-2.487910,10870,UN1,Kingswood and Fishponds,160270.0,Large,1,4,9,0.0
BS16 7AE,E63012145,51.493221,-2.474738,31632,UN1,Kingswood and Fishponds,160270.0,Large,1,4,6,166.0
BS2 0AN,E63012168,51.457546,-2.572687,1657,UN1,Bristol,425215.0,Major,3,7,29,0.0
BS2 0SP,E63012168,51.448005,-2.559789,1634,UN1,Bristol,425215.0,Major,0,4,16,813.0
BS2 8DB,E63012168,51.460958,-2.602310,22489,UN1,Bristol,425215.0,Major,3,15,31,197.0
BS20 0EJ,E63012130,51.478948,-2.684655,27410,UN1,Pill and Easton-in-Gordano,,,1,1,5,362.0
BS20 6AB,E63012124,51.483824,-2.768300,26103,UN1,Portishead,26355.0,Medium,4,6,6,132.0
BS20 6AQ,E63012124,51.482805,-2.767318,26103,UN1,Portishead,26355.0,Medium,4,6,6,0.0
BS20 6EL,E63012124,51.483838,-2.768890,26103,UN1,Portishead,26355.0,Medium,4,6,6,158.0
BS20 6LT,E63012124,51.481409,-2.781349,14677,UN1,Portishead,26355.0,Medium,0,4,6,984.0
BS20 7DE,E63012124,51.485968,-2.763612,26103,UN1,Portishead,26355.0,Medium,5,5,6,406.0
BS21 6BP,E63012211,51.437740,-2.845547,28890,UN1,Clevedon,21085.0,Medium,3,5,6,29.0
BS21 6HX,E63012211,51.435308,-2.852393,19067,UN1,Clevedon,21085.0,Medium,0,6,6,509.0
BS21 6LH,E63012211,51.429065,-2.852752,20504,UN1,Clevedon,21085.0,Medium,0,1,6,1030.0
BS21 7TA,E63012211,51.437906,-2.858556,19067,UN1,Clevedon,21085.0,Medium,0,4,6,878.0
BS22 6BT,E63012444,51.362250,-2.911793,25803,UN1,Weston-super-Mare,84605.0,Large,0,0,5,1086.0
BS22 6HG,E63012444,51.359963,-2.928207,11904,UN1,Weston-super-Mare,84605.0,Large,1,1,8,302.0
BS22 7GF,E63012444,51.372043,-2.914085,31922,UN1,Weston-super-Mare,84605.0,Large,0,0,3,1781.0
BS22 8EF,E63012444,51.353815,-2.945776,26526,UN1,Weston-super-Mare,84605.0,Large,2,2,7,270.0
BS22 8EN,E63012444,51.353830,-2.944038,17895,UN1,Weston-super-Mare,84605.0,Large,2,2,7,381.0
BS23 1EN,E63012444,51.339728,-2.976108,4656,UN1,Weston-super-Mare,84605.0,Large,0,7,17,562.0
BS23 1JA,E63012444,51.348141,-2.978642,1069,UN1,Weston-super-Mare,84605.0,Large,5,6,13,405.0
BS23 1LA,E63012444,51.350227,-2.978701,1813,UN1,Weston-super-Mare,84605.0,Large,3,5,12,307.0
BS23 1XG,E63012444,51.346362,-2.975230,1069,UN1,Weston-super-Mare,84605.0,Large,5,6,15,197.0
BS23 1YA,E63012444,51.344670,-2.974390,4656,UN1,Weston-super-Mare,84605.0,Large,3,6,15,0.0
BS23 3HQ,E63012444,51.345793,-2.958059,7498,UN1,Weston-super-Mare,84605.0,Large,2,3,18,0.0
BS23 3SS,E63012444,51.332734,-2.964907,156,UN1,Weston-super-Mare,84605.0,Large,1,5,17,161.0
BS23 3UZ,E63012444,51.341378,-2.958140,7498,UN1,Weston-super-Mare,84605.0,Large,2,2,19,491.0
BS23 4HP,E63012444,51.333940,-2.978914,4317,UN1,Weston-super-Mare,84605.0,Large,2,4,18,300.0
BS23 4JP,E63012444,51.332396,-2.975378,15641,UN1,Weston-super-Mare,84605.0,Large,2,5,17,0.0
BS24 7AY,E63012444,51.352893,-2.913617,10701,UN1,Weston-super-Mare,84605.0,Large,1,2,4,86.0
BS24 8AR,E63012485,51.333224,-2.915194,19039,RLN1,Locking,3820.0,Minor,0,0,0,2153.0
BS24 8ES,E63012444,51.335670,-2.946795,6019,UN1,Weston-super-Mare,84605.0,Large,0,0,8,1254.0
BS24 9DA,E63012444,51.323189,-2.956756,3307,UN1,Weston-super-Mare,84605.0,Large,1,1,9,405.0
BS25 1AG,E63012546,51.314230,-2.833720,27133,RLN1,Winscombe and Sandford,4605.0,Minor,1,1,1,246.0
BS26 2AR,E63012618,51.287055,-2.817181,21868,RLN1,Axbridge,1995.0,Minor,1,1,1,247.0
BS27 3RB,E63012638,51.274475,-2.776200,20770,RLN1,Cheddar,5840.0,Small,1,1,1,50.0
BS28 4AB,E63012779,51.227733,-2.809528,25333,RLN1,Wedmore,1425.0,Minor,0,0,0,5730.0
BS29 6AD,E63012499,51.328207,-2.870342,12966,RLN1,Banwell,2180.0,Minor,0,0,0,3122.0
BS3 1BN,E63012168,51.441299,-2.601045,4598,UN1,Bristol,425215.0,Major,6,10,25,0.0
BS3 1HF,E63012168,51.440488,-2.606674,22763,UN1,Bristol,425215.0,Major,4,9,20,400.0
BS3 1JD,E63012168,51.441146,-2.611488,25217,UN1,Bristol,425215.0,Major,1,7,20,724.0
BS3 2NS,E63012168,51.434457,-2.618161,24197,UN1,Bristol,425215.0,Major,0,1,16,1013.0
BS3 4AT,E63012168,51.444157,-2.594218,3472,UN1,Bristol,425215.0,Major,5,9,28,0.0
BS3 4EJ,E63012168,51.440855,-2.600046,4598,UN1,Bristol,425215.0,Major,5,10,23,85.0
BS3 4HD,E63012168,51.442348,-2.596353,3472,UN1,Bristol,425215.0,Major,7,9,25,250.0
BS3 4JY,E63012168,51.443757,-2.595120,3472,UN1,Bristol,425215.0,Major,8,9,27,77.0
BS3 5JL,E63012168,51.434271,-2.589775,9837,UN1,Bristol,425215.0,Major,0,2,21,763.0
BS30 7DY,E63012145,51.448089,-2.497107,29917,UN1,Kingswood and Fishponds,160270.0,Large,1,3,15,592.0
BS30 7ES,E63012145,51.446264,-2.499059,29917,UN1,Kingswood and Fishponds,160270.0,Large,1,5,12,730.0
BS30 8EN,E63012145,51.446103,-2.483963,8030,UN1,Kingswood and Fishponds,160270.0,Large,1,2,12,351.0
BS30 9BA,E63012145,51.436535,-2.494867,26701,UN1,Kingswood and Fishponds,160270.0,Large,0,0,9,1273.0
BS30 9QG,E63012145,51.440064,-2.469928,21363,UN1,Kingswood and Fishponds,160270.0,Large,0,0,5,1098.0
BS31 1DP,E63012283,51.416737,-2.498621,25118,UN1,Keynsham,19255.0,Small,2,4,5,588.0
BS31 1DX,E63012283,51.415343,-2.498663,25118,UN1,Keynsham,19255.0,Small,3,4,5,450.0
BS31 1PW,E63012283,51.408392,-2.488092,26401,UN1,Keynsham,19255.0,Small,0,0,6,1049.0
BS31 2BH,E63012283,51.417788,-2.498891,25118,UN1,Keynsham,19255.0,Small,2,4,5,635.0
BS31 2ED,,51.392123,-2.477929,32555,RLN1,,,,0,0,2,2355.0
BS31 3HQ,E63012306,51.401785,-2.456309,32115,RLN1,Saltford,4135.0,Minor,0,0,2,1872.0
BS32 8EF,E63012020,51.535424,-2.547886,31725,UN1,Bradley Stoke,25200.0,Medium,0,2,9,824.0
BS32 9DS,E63012020,51.540210,-2.560647,30646,UN1,Bradley Stoke,25200.0,Medium,0,2,10,579.0
BS34 5LP,E63012018,51.538429,-2.582787,8636,UN1,Patchway,16520.0,Small,1,4,10,608.0
BS34 5PG,E63012018,51.531980,-2.575928,19933,UN1,Patchway,16520.0,Small,1,4,12,171.0
BS34 5TF,E63012018,51.538603,-2.584043,8636,UN1,Patchway,16520.0,Small,1,3,10,693.0
BS34 5TL,E63012018,51.530525,-2.597202,14305,UN1,Patchway,16520.0,Small,1,3,9,0.0
BS34 5UP,E63012018,51.525607,-2.595394,14305,UN1,Patchway,16520.0,Small,0,3,8,561.0
BS34 6BQ,E63012020,51.529420,-2.554878,12285,UN1,Bradley Stoke,25200.0,Medium,1,2,9,0.0
BS34 7DA,E63012058,51.511110,-2.570563,22095,UN1,Filton,10960.0,Small,0,0,7,1217.0
BS34 8SS,E63012050,51.507904,-2.552916,26260,UN1,Stoke Gifford,13470.0,Small,0,1,5,707.0
BS34 8UE,E63012050,51.517726,-2.546492,32210,UN1,Stoke Gifford,13470.0,Small,1,1,7,0.0
BS35 1DS,E63011889,51.612694,-2.515021,32419,UN1,Thornbury,14485.0,Small,1,4,5,188.0
BS35 2AR,E63011889,51.607521,-2.525793,11707,UN1,Thornbury,14485.0,Small,2,5,5,100.0
BS35 2AZ,E63011889,51.607770,-2.524481,11707,UN1,Thornbury,14485.0,Small,2,5,5,143.0
BS35 3LU,E63011925,51.589985,-2.532288,21849,RLN1,Alveston,2065.0,Minor,0,0,2,1803.0
BS35 4JF,E63011972,51.563921,-2.641355,24277,RSN1,Pilning,1400.0,Minor,0,0,0,4807.0
BS36 1JY,E63012037,51.522881,-2.507693,13532,UN1,Frampton Cotterell and Winterbourne,14970.0,Small,0,0,2,1458.0
BS36 2DE,E63012037,51.533232,-2.494761,30827,UN1,Frampton Cotterell and Winterbourne,14970.0,Small,1,1,3,0.0
BS36 2LE,E63012037,51.531357,-2.471905,32562,UN1,Frampton Cotterell and Winterbourne,14970.0,Small,0,0,2,1595.0
BS37 4AA,E63012007,51.539619,-2.415136,21059,UN1,Yate,28350.0,Medium,7,8,13,0.0
BS37 4AP,E63012007,51.540740,-2.413502,21059,UN1,Yate,28350.0,Medium,7,10,13,60.0
BS37 4AS,E63012007,51.540322,-2.412201,21059,UN1,Yate,28350.0,Medium,7,8,13,0.0
BS37 4DQ,E63012007,51.539224,-2.415161,19953,UN1,Yate,28350.0,Medium,7,8,13,0.0
BS37 4NG,E63012007,51.529121,-2.424137,13660,UN1,Yate,28350.0,Medium,1,1,10,0.0
BS37 5UY,E63012007,51.548907,-2.417759,31824,UN1,Yate,28350.0,Medium,1,4,11,0.0
BS37 6BA,E63012013,51.538384,-2.395328,16277,UN1,Chipping Sodbury,8025.0,Small,0,0,10,1187.0
BS39 7SF,E63012574,51.300542,-2.492758,17055,RLN1,Paulton,6505.0,Small,2,2,5,0.0
BS4 1JL,E63012168,51.424816,-2.585380,477,UN1,Bristol,425215.0,Major,0,2,15,874.0
BS4 1WH,E63012168,51.428745,-2.596291,6107,UN1,Bristol,425215.0,Major,1,3,21,0.0
BS4 2AL,E63012168,51.439892,-2.573200,16246,UN1,Bristol,425215.0,Major,1,3,23,149.0
BS4 2QB,E63012168,51.434724,-2.567150,9416,UN1,Bristol,425215.0,Major,1,4,10,97.0
BS4 4EW,E63012168,51.445538,-2.549024,14247,UN1,Bristol,425215.0,Major,1,2,17,109.0
BS4 4WW,E63012168,51.454674,-2.544988,21215,UN1,Bristol,425215.0,Major,0,2,14,959.0
BS4 5AY,E63012168,51.432554,-2.554623,20248,UN1,Bristol,425215.0,Major,0,2,11,811.0
BS4 5PF,E63012168,51.431786,-2.538085,4726,UN1,Bristol,425215.0,Major,2,2,6,1747.0
BS4 5QR,E63012168,51.435695,-2.536577,4726,UN1,Bristol,425215.0,Major,2,2,7,1413.0
BS4 5QW,E63012168,51.434589,-2.534809,4726,UN1,Bristol,425215.0,Major,2,2,7,1584.0
BS40 5QE,E63012407,51.361195,-2.762412,31110,RLN1,Wrington,1995.0,Minor,0,0,0,2732.0
BS40 8SH,E63012388,51.365936,-2.610169,28239,RSN1,Chew Magna,1250.0,Minor,0,0,1,1709.0
BS41 9AA,E63012226,51.428913,-2.665049,27585,RLN1,Long Ashton,5180.0,Small,0,0,0,3618.0
BS48 1AS,E63012229,51.434512,-2.754655,27099,UN1,Nailsea,15925.0,Small,3,3,3,419.0
BS48 1RQ,E63012229,51.433473,-2.759629,18838,UN1,Nailsea,15925.0,Small,3,3,3,72.0
BS48 2XX,E63012229,51.432903,-2.760123,18838,UN1,Nailsea,15925.0,Small,3,3,3,0.0
BS48 3HA,E63012262,51.413185,-2.740327,25523,RLN1,Backwell,4345.0,Minor,0,0,0,2587.0
BS49 4EG,E63012341,51.387147,-2.819594,29220,UN1,Yatton,7705.0,Small,1,1,1,5590.0
BS49 4ER,E63012341,51.384200,-2.823148,19900,UN1,Yatton,7705.0,Small,1,1,2,5407.0
BS49 5DG,E63012386,51.370129,-2.810054,26336,UN1,Congresbury,2795.0,Minor,0,0,1,3599.0
BS5 0BT,E63012168,51.458173,-2.565743,743,UN1,Bristol,425215.0,Major,4,8,27,468.0
BS5 0NY,E63012168,51.464256,-2.570395,2334,UN1,Bristol,425215.0,Major,2,9,28,163.0
BS5 0PS,E63012168,51.461852,-2.572827,1881,UN1,Bristol,425215.0,Major,4,7,28,409.0
BS5 6HX,E63012168,51.467718,-2.564709,4274,UN1,Bristol,425215.0,Major,3,8,25,296.0
BS5 6HY,E63012168,51.468599,-2.564820,4274,UN1,Bristol,425215.0,Major,3,8,23,208.0
BS5 6SA,E63012168,51.470242,-2.563372,8449,UN1,Bristol,425215.0,Major,5,7,19,0.0
BS5 6XU,E63012168,51.473472,-2.562951,13351,UN1,Bristol,425215.0,Major,3,5,18,360.0
BS5 6XX,E63012168,51.473092,-2.567151,13351,UN1,Bristol,425215.0,Major,3,6,24,411.0
BS5 7PD,E63012168,51.458998,-2.531438,7789,UN1,Bristol,425215.0,Major,3,3,13,0.0
BS5 7PH,E63012168,51.460575,-2.528707,8389,UN1,Bristol,425215.0,Major,3,3,11,0.0
BS5 9HL,E63012168,51.459467,-2.554632,8649,UN1,Bristol,425215.0,Major,0,4,22,634.0
BS5 9QY,E63012168,51.455283,-2.560842,10881,UN1,Bristol,425215.0,Major,2,6,20,0.0
BS6 5PT,E63012168,51.466526,-2.589456,5787,UN1,Bristol,425215.0,Major,2,9,37,0.0
BS6 6LD,E63012168,51.464269,-2.608889,18383,UN1,Bristol,425215.0,Major,6,10,28,0.0
BS6 7PT,E63012168,51.479491,-2.614176,28213,UN1,Bristol,425215.0,Major,0,3,20,511.0
BS6 7XR,E63012168,51.481044,-2.604318,30062,UN1,Bristol,425215.0,Major,1,4,22,426.0
BS7 0PB,E63012168,51.496295,-2.580966,11439,UN1,Bristol,425215.0,Major,1,5,15,187.0
BS7 0QE,E63012058,51.501220,-2.570368,21034,UN1,Filton,10960.0,Small,0,3,9,803.0
BS7 8AA,E63012168,51.470761,-2.593052,16268,UN1,Bristol,425215.0,Major,1,4,36,533.0
BS7 8AD,E63012168,51.471475,-2.592313,16268,UN1,Bristol,425215.0,Major,1,4,35,585.0
BS7 8SA,E63012168,51.484950,-2.587648,23494,UN1,Bristol,425215.0,Major,1,5,17,0.0
BS7 9JT,E63012168,51.480445,-2.582219,26948,UN1,Bristol,425215.0,Major,0,3,24,626.0
BS7 9RR,E63012168,51.489997,-2.576277,6222,UN1,Bristol,425215.0,Major,1,6,14,0.0
BS7 9XA,E63012168,51.491054,-2.564047,4499,UN1,Bristol,425215.0,Major,0,3,14,855.0
BS8 1QU,E63012168,51.457181,-2.607471,18266,UN1,Bristol,425215.0,Major,0,13,37,620.0
BS8 2NN,E63012168,51.464007,-2.610743,27927,UN1,Bristol,425215.0,Major,5,10,28,132.0
BS8 2PU,E63012168,51.465096,-2.612384,27302,UN1,Bristol,425215.0,Major,5,10,28,0.0
BS8 2XU,E63012168,51.470312,-2.615550,27302,UN1,Bristol,425215.0,Major,0,6,24,620.0
BS8 4BP,E63012168,51.454852,-2.619601,25141,UN1,Bristol,425215.0,Major,1,3,21,796.0
BS8 4HW,E63012168,51.453691,-2.618017,25141,UN1,Bristol,425215.0,Major,1,3,27,660.0
BS9 1EW,E63012168,51.481289,-2.634563,22463,UN1,Bristol,425215.0,Major,0,0,8,1744.0
BS9 2HL,E63012168,51.484585,-2.649932,4593,UN1,Bristol,425215.0,Major,0,0,6,1921.0
BS9 3AA,E63012168,51.493005,-2.617685,26487,UN1,Bristol,425215.0,Major,1,5,16,0.0
BS9 3RL,E63012168,51.488504,-2.625402,31914,UN1,Bristol,425215.0,Major,0,3,11,732.0
BS9 4JT,E63012168,51.485220,-2.612208,29738,UN1,Bristol,425215.0,Major,1,6,15,302.0
CA1 1DU,E63007229,54.893341,-2.928892,6285,UN1,Carlisle,77730.0,Large,7,8,18,57.0
CA1 2HE,E63007229,54.890628,-2.922874,3720,UN1,Carlisle,77730.0,Large,2,8,20,376.0
CA1 2SB,E63007229,54.895511,-2.898474,18174,UN1,Carlisle,77730.0,Large,1,1,8,407.0
CA1 3AH,E63007229,54.875701,-2.908616,1157,UN1,Carlisle,77730.0,Large,0,1,7,1105.0
CA1 3QB,E63007229,54.881361,-2.901589,8610,UN1,Carlisle,77730.0,Large,1,2,8,462.0
CA1 3SR,E63007229,54.875951,-2.888159,20443,UN1,Carlisle,77730.0,Large,0,0,4,1435.0
CA11 7AY,E63007347,54.663162,-2.751267,8695,UN1,Penrith,16700.0,Small,3,5,5,907.0
CA11 7BT,E63007347,54.663291,-2.752107,8695,UN1,Penrith,16700.0,Small,3,5,5,949.0
CA11 7FG,E63007347,54.661505,-2.751733,8695,UN1,Penrith,16700.0,Small,3,5,5,776.0
CA11 7JU,E63007347,54.664691,-2.756799,17200,UN1,Penrith,16700.0,Small,3,3,5,1257.0
CA11 8HW,E63007347,54.656225,-2.743839,10799,UN1,Penrith,16700.0,Small,1,4,5,0.0
CA12 5BL,E63007387,54.600751,-3.137726,25083,RLF1,Keswick,4465.0,Minor,2,2,2,395.0
CA12 5HH,E63007387,54.600881,-3.135330,25083,RLF1,Keswick,4465.0,Minor,2,2,2,357.0
CA13 9HT,E63007346,54.667192,-3.358501,27950,RLF1,Cockermouth,8860.0,Small,1,3,3,0.0
CA13 9LE,E63007346,54.663631,-3.363514,17108,RLF1,Cockermouth,8860.0,Small,1,3,3,511.0
CA13 9LU,E63007346,54.663873,-3.365956,17108,RLF1,Cockermouth,8860.0,Small,1,3,3,605.0
CA14 1JE,E63007345,54.662104,-3.525461,21666,UF1,Seaton (Cumberland),,,0,0,1,2497.0
CA14 1NQ,E63007362,54.657013,-3.552725,2530,UF1,Workington,21275.0,Medium,0,0,9,1363.0
CA14 2AB,E63007362,54.643951,-3.546570,1912,UF1,Workington,21275.0,Medium,6,7,9,259.0
CA14 2AL,E63007362,54.643476,-3.550736,1912,UF1,Workington,21275.0,Medium,6,7,9,95.0
CA14 2RW,E63007362,54.642695,-3.551342,1912,UF1,Workington,21275.0,Medium,7,7,9,0.0
CA14 3BT,E63007362,54.641694,-3.545989,6560,UF1,Workington,21275.0,Medium,7,7,9,362.0
CA14 3EF,E63007362,54.639450,-3.546415,12179,UF1,Workington,21275.0,Medium,4,7,9,480.0
CA14 3EG,E63007362,54.639484,-3.547268,12179,UF1,Workington,21275.0,Medium,6,7,9,443.0
CA14 3RW,E63007362,54.629466,-3.551969,4271,UF1,Workington,21275.0,Medium,0,0,9,1472.0
CA14 5QA,E63007362,54.613364,-3.564256,17659,UF1,Workington,21275.0,Medium,0,0,1,2491.0
CA15 6BL,E63007315,54.714213,-3.498885,5977,RLF1,Maryport,8525.0,Small,1,3,3,909.0
CA15 6LN,E63007315,54.713911,-3.495676,12054,RLF1,Maryport,8525.0,Small,1,3,3,834.0
CA15 8EL,E63007315,54.706439,-3.494532,12458,RLF1,Maryport,8525.0,Small,1,3,3,0.0
CA16 6XF,E63007400,54.577291,-2.490621,15069,RLF1,Appleby-in-Westmorland,3235.0,Minor,1,1,1,177.0
CA17 4QS,E63007458,54.473985,-2.348867,13135,RLF1,Kirkby Stephen,1895.0,Minor,1,1,1,116.0
CA2 4EQ,E63007229,54.881792,-2.928969,9506,UN1,Carlisle,77730.0,Large,0,2,17,668.0
CA2 5HB,E63007229,54.886167,-2.940948,10304,UN1,Carlisle,77730.0,Large,0,4,19,1051.0
CA2 5TF,E63007229,54.894728,-2.947073,8579,UN1,Carlisle,77730.0,Large,2,8,18,350.0
CA2 6PD,E63007229,54.882771,-2.964812,4239,UN1,Carlisle,77730.0,Large,0,1,7,1494.0
CA2 7AJ,E63007229,54.894174,-2.952455,6419,UN1,Carlisle,77730.0,Large,4,5,17,0.0
CA2 7AY,E63007229,54.891163,-2.953678,4890,UN1,Carlisle,77730.0,Large,2,6,17,344.0
CA2 7HA,E63007229,54.888759,-2.965641,1110,UN1,Carlisle,77730.0,Large,0,3,8,997.0
CA20 1PR,E63007475,54.396328,-3.480414,15231,RLF1,Seascale,1710.0,Minor,1,1,1,80.0
CA22 2AG,E63007447,54.481395,-3.529176,10061,RLF1,Egremont,5795.0,Small,3,3,3,199.0
CA22 2DB,E63007447,54.483155,-3.528594,10061,RLF1,Egremont,5795.0,Small,3,3,3,0.0
CA25 5HP,E63007432,54.522192,-3.516904,5872,RLF1,Cleator Moor,6670.0,Small,0,0,0,4406.0
CA26 3SA,E63007417,54.541520,-3.494187,3297,RLF1,Frizington,1755.0,Minor,0,0,0,5961.0
CA28 7DG,E63007416,54.547879,-3.588280,943,UF1,Whitehaven,22945.0,Medium,5,6,7,214.0
CA28 7JG,E63007416,54.547523,-3.591374,943,UF1,Whitehaven,22945.0,Medium,4,6,7,258.0
CA28 7JN,E63007416,54.547906,-3.589641,943,UF1,Whitehaven,22945.0,Medium,5,6,7,231.0
CA28 7RW,E63007416,54.544089,-3.583263,12511,UF1,Whitehaven,22945.0,Medium,2,5,7,229.0
CA28 7XY,E63007416,54.552196,-3.590102,11583,UF1,Whitehaven,22945.0,Medium,2,5,6,703.0
CA28 8ER,E63007416,54.525901,-3.571386,9060,UF1,Whitehaven,22945.0,Medium,0,0,1,2340.0
CA28 9PG,E63007416,54.533832,-3.597764,8633,UF1,Whitehaven,22945.0,Medium,0,0,7,1448.0
CA3 0JQ,E63007229,54.928192,-2.954257,19856,UN1,Carlisle,77730.0,Large,0,0,0,3531.0
CA3 8EU,E63007229,54.893668,-2.934294,6285,UN1,Carlisle,77730.0,Large,7,10,17,242.0
CA3 8JU,E63007229,54.893190,-2.934548,6285,UN1,Carlisle,77730.0,Large,7,10,17,287.0
CA3 8NX,E63007229,54.895257,-2.934471,8579,UN1,Carlisle,77730.0,Large,6,9,17,216.0
CA3 9JZ,E63007229,54.910153,-2.943068,15336,UN1,Carlisle,77730.0,Large,0,0,9,1648.0
CA5 7LW,E63007256,54.842908,-2.983528,22596,RLN1,Dalston,1540.0,Minor,1,1,1,213.0
CA6 5SD,E63007166,55.007622,-2.971544,3547,RLN1,Longtown,2175.0,Minor,0,1,1,564.0
CA7 3HH,E63007287,54.762157,-3.337948,15841,RLN1,Aspatria,2170.0,Minor,1,1,1,0.0
CA7 4AE,E63007239,54.868125,-3.389123,9335,RLF1,Silloth,2540.0,Minor,1,1,1,335.0
CA7 9DT,E63007262,54.825070,-3.160478,11016,RLN1,Wigton,5395.0,Small,0,2,2,535.0
CA7 9QD,E63007262,54.820330,-3.159035,11016,RLN1,Wigton,5395.0,Small,1,2,2,0.0
CA8 1RW,E63007197,54.941951,-2.734230,15219,RLN1,Brampton (Cumberland),,,1,1,1,61.0
CA9 3QP,E63007271,54.812461,-2.439492,15136,RLF1,Alston,1075.0,Minor,1,1,1,196.0
CB1 1ER,E63010556,52.206920,0.130490,26070,UN1,Cambridge (Cambridge),152740.0,Large,1,12,25,595.0
CB1 1PS,E63010556,52.206950,0.133302,26070,UN1,Cambridge (Cambridge),152740.0,Large,2,13,26,419.0
CB1 2AS,E63010556,52.200484,0.135816,28115,UN1,Cambridge (Cambridge),152740.0,Large,1,11,26,181.0
CB1 2PY,E63010556,52.205514,0.141605,22223,UN1,Cambridge (Cambridge),152740.0,Large,3,9,26,0.0
CB1 3AN,E63010556,52.197479,0.145842,22349,UN1,Cambridge (Cambridge),152740.0,Large,2,8,24,327.0
CB1 3ER,E63010556,52.205930,0.145430,25127,UN1,Cambridge (Cambridge),152740.0,Large,3,8,27,265.0
CB1 3HP,E63010556,52.197843,0.156952,14147,UN1,Cambridge (Cambridge),152740.0,Large,2,3,22,391.0
CB1 7AJ,E63010556,52.188028,0.142885,24282,UN1,Cambridge (Cambridge),152740.0,Large,1,2,17,966.0
CB1 7DA,E63010556,52.187749,0.147817,27135,UN1,Cambridge (Cambridge),152740.0,Large,1,4,16,634.0
CB1 8RE,E63010556,52.180533,0.153013,24770,UN1,Cambridge (Cambridge),152740.0,Large,1,3,13,198.0
CB1 9BF,E63010556,52.186856,0.188108,20387,UN1,Cambridge (Cambridge),152740.0,Large,0,2,3,723.0
CB1 9HU,E63010556,52.187850,0.173732,31941,UN1,Cambridge (Cambridge),152740.0,Large,2,3,10,263.0
CB1 9HX,E63010556,52.186622,0.173057,31261,UN1,Cambridge (Cambridge),152740.0,Large,2,2,10,321.0
CB10 1ED,E63010974,52.022969,0.241770,29240,UF1,Saffron Walden,16610.0,Small,2,3,3,163.0
CB10 1HR,E63010974,52.024016,0.241589,29240,UF1,Saffron Walden,16610.0,Small,2,2,3,265.0
CB11 3QY,E63011052,51.984650,0.214805,25834,RSN1,Newport (Uttlesford),2945.0,Minor,1,1,1,445.0
CB2 1LA,E63010556,52.196862,0.129263,15434,UN1,Cambridge (Cambridge),152740.0,Large,2,6,25,187.0
CB2 1QZ,E63010556,52.200289,0.120193,19395,UN1,Cambridge (Cambridge),152740.0,Large,2,10,21,279.0
CB2 3HX,E63010556,52.206702,0.120103,19395,UN1,Cambridge (Cambridge),152740.0,Large,3,7,23,147.0
CB2 3ND,E63010556,52.205530,0.120779,19395,UN1,Cambridge (Cambridge),152740.0,Large,3,9,24,283.0
CB2 9FN,E63010556,52.173486,0.122603,20058,UN1,Cambridge (Cambridge),152740.0,Large,0,0,1,1242.0
CB21 4HS,E63010790,52.097150,0.275931,31437,RLN1,Linton (South Cambridgeshire),4455.0,Minor,0,0,0,7560.0
CB21 5DH,E63010588,52.183646,0.221772,31995,UN1,Fulbourn,3740.0,Minor,0,0,0,3045.0
CB22 3BG,E63010720,52.123104,0.169469,27290,RLN1,Sawston,7270.0,Small,0,2,2,883.0
CB22 3GN,,52.148526,0.194195,24936,RSN1,,,,0,0,0,3107.0
CB22 3HU,E63010720,52.115169,0.169201,31869,RLN1,Sawston,7270.0,Small,1,2,2,0.0
CB22 5LZ,E63010670,52.146609,0.135006,32840,UN1,Great Shelford and Stapleford,6160.0,Small,0,0,0,2959.0
CB23 3QQ,E63010487,52.252085,-0.117469,21422,RLN1,Papworth Everard,3820.0,Minor,1,1,1,0.0
CB23 6DP,E63010527,52.221018,-0.072343,32360,UN1,Cambourne,11075.0,Small,2,3,3,435.0
CB23 6JX,E63010527,52.218431,-0.068619,32360,UN1,Cambourne,11075.0,Small,2,3,3,186.0
CB23 8EL,E63010440,52.254566,0.015953,21901,RLN1,Bar Hill,3900.0,Minor,1,1,1,244.0
CB24 5LB,E63010318,52.313112,0.061305,29088,RLN1,Willingham,3915.0,Minor,1,1,1,0.0
CB24 5NZ,E63010310,52.314825,0.012044,30807,RLN1,Over,2895.0,Minor,1,1,1,0.0
CB24 6AY,E63010465,52.239065,0.154352,25377,UN1,Milton (South Cambridgeshire),4150.0,Minor,0,1,4,639.0
CB24 8RZ,E63010358,52.286983,0.125121,32735,RLN1,Cottenham,6155.0,Small,0,0,0,4424.0
CB24 9LQ,E63010455,52.249906,0.107204,32516,UN1,Histon and Impington,7780.0,Small,0,2,2,542.0
CB24 9NP,E63010455,52.245342,0.110006,28108,UN1,Histon and Impington,7780.0,Small,1,2,2,0.0
CB25 0HD,E63010366,52.272711,0.327408,30454,RLN1,Burwell,5915.0,Small,1,1,1,311.0
CB25 9DQ,E63010500,52.223508,0.257819,28521,RLN1,Bottisham,1990.0,Minor,1,1,1,196.0
CB25 9HW,E63010385,52.266590,0.189995,31700,RLN1,Waterbeach,5375.0,Small,0,2,2,578.0
CB3 9JG,E63010556,52.194205,0.109500,30209,UN1,Cambridge (Cambridge),152740.0,Large,0,2,11,570.0
CB4 1EP,E63010556,52.214565,0.127431,12107,UN1,Cambridge (Cambridge),152740.0,Large,1,5,22,126.0
CB4 1GL,E63010556,52.225208,0.152861,9347,UN1,Cambridge (Cambridge),152740.0,Large,2,2,12,0.0
CB4 1TF,E63010556,52.227419,0.152455,9347,UN1,Cambridge (Cambridge),152740.0,Large,2,2,10,247.0
CB4 1XE,E63010556,52.220472,0.133438,28198,UN1,Cambridge (Cambridge),152740.0,Large,0,4,19,682.0
CB4 2JQ,E63010556,52.224574,0.128334,7654,UN1,Cambridge (Cambridge),152740.0,Large,1,2,13,145.0
CB4 3HL,E63010556,52.220756,0.111593,16508,UN1,Cambridge (Cambridge),152740.0,Large,0,1,9,753.0
CB5 8RG,E63010556,52.211177,0.163395,5217,UN1,Cambridge (Cambridge),152740.0,Large,1,2,14,406.0
CB5 8SR,E63010556,52.216179,0.168659,4183,UN1,Cambridge (Cambridge),152740.0,Large,1,2,7,264.0
CB5 8WR,E63010556,52.209370,0.146650,16929,UN1,Cambridge (Cambridge),152740.0,Large,1,5,25,546.0
CB6 1DN,E63010102,52.413145,0.275488,29025,UF1,Ely,19185.0,Small,1,1,4,0.0
CB6 1JU,E63010025,52.458072,0.299000,13950,RLF1,Littleport,9165.0,Small,1,1,1,0.0
CB6 2RB,E63010127,52.388967,0.124194,31207,RLF1,Sutton (East Cambridgeshire),3880.0,Minor,1,1,1,0.0
CB6 3XD,E63010196,52.361198,0.149710,28317,RSF1,Haddenham (East Cambridgeshire),3050.0,Minor,1,1,1,384.0
CB7 4AS,E63010102,52.398165,0.269808,24804,UF1,Ely,19185.0,Small,1,5,7,793.0
CB7 4DJ,E63010102,52.391143,0.265082,24804,UF1,Ely,19185.0,Small,0,5,5,933.0
CB7 4EY,E63010102,52.398926,0.258704,15173,UF1,Ely,19185.0,Small,3,5,7,72.0
CB7 4HF,E63010102,52.398380,0.258132,26027,UF1,Ely,19185.0,Small,2,5,5,0.0
CB7 4PB,E63010102,52.399658,0.265577,26027,UF1,Ely,19185.0,Small,2,5,7,525.0
CB7 5HA,E63010242,52.332432,0.338144,19385,UF1,Soham,10615.0,Small,2,2,2,404.0
CB7 5JD,E63010242,52.335206,0.341974,24808,UF1,Soham,10615.0,Small,2,2,2,0.0
CB8 7AH,E63010443,52.260075,0.397585,13719,UN1,Newmarket,18855.0,Small,1,1,7,1033.0
CB8 7SG,E63010443,52.259664,0.395688,13719,UN1,Newmarket,18855.0,Small,1,1,7,1017.0
CB8 8EQ,E63010443,52.244814,0.405611,7834,UN1,Newmarket,18855.0,Small,4,5,7,40.0
CB8 8HT,E63010443,52.245492,0.405882,7834,UN1,Newmarket,18855.0,Small,4,5,7,40.0
CB8 8JX,E63010443,52.244218,0.405754,7834,UN1,Newmarket,18855.0,Small,4,5,7,107.0
CB9 0BQ,E63010824,52.085042,0.438888,9007,UF1,Haverhill,26705.0,Medium,4,4,7,433.0
CB9 7YL,E63010824,52.090164,0.408904,30425,UF1,Haverhill,26705.0,Medium,0,0,4,1915.0
CB9 8AD,E63010824,52.082379,0.439370,13123,UF1,Haverhill,26705.0,Medium,4,4,7,365.0
CB9 8BD,E63010824,52.081857,0.436773,13123,UF1,Haverhill,26705.0,Medium,4,7,7,202.0
CB9 8HF,E63010824,52.082534,0.434037,11535,UF1,Haverhill,26705.0,Medium,4,7,8,0.0
CB9 8LU,E63010824,52.076384,0.427047,7122,UF1,Haverhill,26705.0,Medium,2,5,8,0.0
CB9 8NF,E63010824,52.076123,0.427456,7122,UF1,Haverhill,26705.0,Medium,2,5,7,40.0
CH1 1NA,K08000011,53.191380,-2.886611,11045,UN1,Chester,92760.0,Large,4,14,21,291.0
CH1 2HA,K08000011,53.191084,-2.891409,11045,UN1,Chester,92760.0,Large,7,12,21,311.0
CH1 3JS,K08000011,53.192421,-2.888144,11045,UN1,Chester,92760.0,Large,6,14,22,184.0
CH1 4DS,K08000011,53.195108,-2.892974,11045,UN1,Chester,92760.0,Large,7,10,23,0.0
CH1 4QG,K08000011,53.196933,-2.914358,23334,UN1,Chester,92760.0,Large,0,1,18,1213.0
CH1 4QT,K08000011,53.193688,-2.928299,23334,UN1,Chester,92760.0,Large,0,3,5,946.0
CH1 5HN,K08000011,53.208460,-2.926701,2409,UN1,Chester,92760.0,Large,0,2,7,805.0
CH1 5PN,K08000011,53.201342,-2.934647,4180,UN1,Chester,92760.0,Large,1,3,4,194.0
CH1 6EP,E63008737,53.225295,-2.956527,30137,RLN1,Saughall,2660.0,Minor,0,0,0,3073.0
CH2 1BT,K08000011,53.210899,-2.889813,21965,UN1,Chester,92760.0,Large,2,5,17,488.0
CH2 1HD,K08000011,53.213799,-2.884303,22227,UN1,Chester,92760.0,Large,2,3,12,0.0
CH2 2DX,K08000011,53.199520,-2.889683,7928,UN1,Chester,92760.0,Large,0,12,26,537.0
CH2 2LJ,K08000011,53.208113,-2.870216,5984,UN1,Chester,92760.0,Large,0,1,15,634.0
CH2 3BD,K08000011,53.199526,-2.876629,12604,UN1,Chester,92760.0,Large,3,8,27,87.0
CH2 3DP,K08000011,53.192862,-2.875925,10818,UN1,Chester,92760.0,Large,2,11,23,0.0
CH2 4LU,E63008666,53.274165,-2.814181,20309,UN1,Elton (Cheshire West and Chester),3295.0,Minor,0,0,0,2932.0
CH3 5LB,K08000011,53.196496,-2.854473,29176,UN1,Chester,92760.0,Large,0,0,11,1043.0
CH3 5QJ,K08000011,53.182996,-2.855537,30390,UN1,Chester,92760.0,Large,0,2,6,865.0
CH3 5ST,K08000011,53.188235,-2.863304,15061,UN1,Chester,92760.0,Large,1,4,17,90.0
CH3 6PT,E63008915,53.084873,-2.876162,29961,RLN1,Farndon (Cheshire West and Chester),2230.0,Minor,0,0,0,6486.0
CH3 7NX,E63008792,53.173240,-2.813512,30501,UN1,Christleton and Waverton,2670.0,Minor,0,0,0,3783.0
CH3 8EE,E63008772,53.197493,-2.764691,28822,RLN1,Tarvin,2745.0,Minor,0,0,0,3289.0
CH3 9PX,E63008859,53.120638,-2.768587,22465,RLN1,Tattenhall,2295.0,Minor,0,0,0,7881.0
CH4 7JE,K08000011,53.184251,-2.887945,23099,UN1,Chester,92760.0,Large,1,5,21,118.0
CH4 7QD,K08000011,53.172453,-2.905190,31688,UN1,Chester,92760.0,Large,0,1,5,622.0
CH4 8BJ,K08000011,53.179935,-2.916630,19369,UN1,Chester,92760.0,Large,0,1,7,719.0
CH4 9QT,K08000011,53.158567,-2.902490,20543,RSN1,Chester,92760.0,Large,0,0,2,1850.0
CH41 0DD,E63008503,53.396826,-3.051628,11377,UN1,Birkenhead,109835.0,Large,4,5,18,0.0
CH41 0DF,E63008503,53.395264,-3.056417,17038,UN1,Birkenhead,109835.0,Large,2,5,20,362.0
CH41 2PF,E63008503,53.389303,-3.027806,80,UN1,Birkenhead,109835.0,Large,5,14,25,200.0
CH41 2PH,E63008503,53.389109,-3.029380,80,UN1,Birkenhead,109835.0,Large,5,14,25,104.0
CH41 2TF,E63008503,53.387327,-3.029698,84,UN1,Birkenhead,109835.0,Large,5,14,27,0.0
CH41 3SJ,E63008503,53.396375,-3.030157,200,UN1,Birkenhead,109835.0,Large,1,8,26,0.0
CH41 6AN,E63008503,53.392763,-3.018385,200,UN1,Birkenhead,109835.0,Large,3,11,22,30.0
CH41 6EB,E63008503,53.389249,-3.029849,80,UN1,Birkenhead,109835.0,Large,5,14,25,101.0
CH41 7BX,E63008503,53.402067,-3.061745,233,UN1,Birkenhead,109835.0,Large,0,4,11,889.0
CH41 8DB,E63008503,53.398264,-3.046550,637,UN1,Birkenhead,109835.0,Large,3,4,26,0.0
CH42 0LQ,E63008503,53.380046,-3.026531,444,UN1,Birkenhead,109835.0,Large,3,12,26,0.0
CH42 2AG,E63008503,53.372021,-3.006197,715,UN1,Birkenhead,109835.0,Large,2,6,16,0.0
CH42 2AT,E63008503,53.372104,-3.011309,927,UN1,Birkenhead,109835.0,Large,5,7,16,339.0
CH42 3TD,E63008503,53.375560,-3.015029,1008,UN1,Birkenhead,109835.0,Large,3,10,26,0.0
CH42 3XD,E63008503,53.374578,-3.015306,1008,UN1,Birkenhead,109835.0,Large,4,10,25,111.0
CH42 4QF,E63008503,53.365058,-3.016357,27570,UN1,Birkenhead,109835.0,Large,0,3,22,1027.0
CH42 4QJ,E63008503,53.371993,-3.020099,9010,UN1,Birkenhead,109835.0,Large,1,10,23,520.0
CH42 5AB,E63008503,53.381082,-3.024120,444,UN1,Birkenhead,109835.0,Large,2,14,26,197.0
CH42 7LX,E63008503,53.376038,-3.026389,4747,UN1,Birkenhead,109835.0,Large,2,7,25,446.0
CH42 8PE,E63008503,53.373574,-3.045119,18224,UN1,Birkenhead,109835.0,Large,0,0,18,1023.0
CH43 0TX,E63008503,53.372746,-3.060475,18827,UN1,Birkenhead,109835.0,Large,2,3,9,0.0
CH43 3DB,E63008503,53.364283,-3.051819,548,UN1,Birkenhead,109835.0,Large,1,2,8,0.0
CH43 5RE,E63008503,53.385228,-3.037390,84,UN1,Birkenhead,109835.0,Large,1,10,28,0.0
CH43 7AA,E63008503,53.408014,-3.070211,157,UN1,Birkenhead,109835.0,Large,0,1,15,1684.0
CH43 7ZJ,E63008503,53.397771,-3.084648,174,UN1,Birkenhead,109835.0,Large,0,0,15,1439.0
CH43 9JW,E63008503,53.378708,-3.064291,16360,UN1,Birkenhead,109835.0,Large,0,3,17,710.0
CH43 9SE,E63008503,53.387417,-3.082476,13115,UN1,Birkenhead,109835.0,Large,0,4,11,534.0
CH44 4SP,E63008456,53.410136,-3.041636,2379,UN1,Wallasey,85610.0,Large,1,5,23,23.0
CH44 5TP,E63008456,53.419613,-3.043433,5340,UN1,Wallasey,85610.0,Large,3,5,20,167.0
CH44 5UF,E63008456,53.415672,-3.045864,5340,UN1,Wallasey,85610.0,Large,2,6,23,0.0
CH44 7AL,E63008456,53.408966,-3.025180,95,UN1,Wallasey,85610.0,Large,1,2,17,1105.0
CH44 8AT,E63008456,53.418817,-3.027343,215,UN1,Wallasey,85610.0,Large,1,3,14,0.0
CH44 9DG,E63008456,53.411998,-3.034310,2379,UN1,Wallasey,85610.0,Large,1,8,16,550.0
CH44 9DQ,E63008456,53.412240,-3.028148,273,UN1,Wallasey,85610.0,Large,2,6,15,733.0
CH45 2JF,E63008456,53.438256,-3.042324,2118,UN1,Wallasey,85610.0,Large,0,2,8,556.0
CH45 3HW,E63008456,53.429599,-3.062837,19133,UN1,Wallasey,85610.0,Large,3,5,14,65.0
CH45 3LR,E63008456,53.427202,-3.067593,11496,UN1,Wallasey,85610.0,Large,3,5,13,225.0
CH45 3NA,E63008456,53.422206,-3.061358,12609,UN1,Wallasey,85610.0,Large,1,6,16,0.0
CH45 4NZ,E63008456,53.425396,-3.049173,12103,UN1,Wallasey,85610.0,Large,0,7,19,580.0
CH45 5BG,E63008456,53.433208,-3.045030,11336,UN1,Wallasey,85610.0,Large,1,4,16,63.0
CH45 5DL,E63008456,53.426781,-3.041953,7753,UN1,Wallasey,85610.0,Large,0,5,20,681.0
CH46 0SJ,E63008456,53.401078,-3.112136,1770,UN1,Wallasey,85610.0,Large,8,8,11,75.0
CH46 1QT,E63008456,53.411937,-3.103393,22001,UN1,Wallasey,85610.0,Large,1,3,12,93.0
CH46 2QQ,E63008456,53.416639,-3.094472,400,UN1,Wallasey,85610.0,Large,1,3,7,0.0
CH46 6AF,E63008456,53.400134,-3.115000,11482,UN1,Wallasey,85610.0,Large,8,8,10,140.0
CH46 7TE,E63008456,53.400725,-3.112338,1770,UN1,Wallasey,85610.0,Large,8,8,11,34.0
CH46 7TH,E63008456,53.401980,-3.111754,6423,UN1,Wallasey,85610.0,Large,8,8,13,145.0
CH46 8SA,E63008456,53.403285,-3.111622,6423,UN1,Wallasey,85610.0,Large,6,8,13,0.0
CH47 2AF,E63008494,53.391973,-3.177585,22425,UN1,Hoylake,5315.0,Small,0,0,3,1702.0
CH47 8XA,E63008482,53.399865,-3.155587,28302,UN1,Meols,5020.0,Small,1,1,2,0.0
CH48 0QA,E63008518,53.372586,-3.186475,18257,UN1,West Kirby,13380.0,Small,5,5,5,356.0
CH48 4DZ,E63008518,53.372982,-3.183675,21434,UN1,West Kirby,13380.0,Small,5,5,5,195.0
CH48 4EF,E63008518,53.372749,-3.182691,21434,UN1,West Kirby,13380.0,Small,5,5,5,196.0
CH48 4HL,E63008518,53.372467,-3.183946,21434,UN1,West Kirby,13380.0,Small,5,5,5,253.0
CH48 4HW,E63008518,53.372446,-3.184261,21434,UN1,West Kirby,13380.0,Small,5,5,5,266.0
CH49 0TF,E63008503,53.385168,-3.089591,24579,UN1,Birkenhead,109835.0,Large,3,4,12,0.0
CH49 3NQ,E63008512,53.377024,-3.120590,23787,UN1,Greasby,9180.0,Small,2,2,5,87.0
CH49 3PH,E63008512,53.378027,-3.120045,21271,UN1,Greasby,9180.0,Small,2,2,5,101.0
CH49 5PD,E63008503,53.370186,-3.076298,1807,UN1,Birkenhead,109835.0,Large,0,2,17,1023.0
CH49 5PE,E63008503,53.369640,-3.096815,16734,UN1,Birkenhead,109835.0,Large,1,2,14,0.0
CH49 5PL,E63008568,53.359056,-3.091329,23028,UN1,Heswall,29075.0,Medium,1,1,9,0.0
CH49 6QG,E63008503,53.379976,-3.102853,8290,UN1,Birkenhead,109835.0,Large,0,2,12,899.0
CH49 7LP,E63008503,53.370203,-3.086368,16734,UN1,Birkenhead,109835.0,Large,0,4,16,696.0
CH49 8EG,E63008503,53.376106,-3.084730,421,UN1,Birkenhead,109835.0,Large,0,4,16,679.0
CH49 9DA,E63008503,53.381492,-3.089542,4075,UN1,Birkenhead,109835.0,Large,3,6,12,0.0
CH60 0AL,E63008568,53.328356,-3.098353,27167,UN1,Heswall,29075.0,Medium,3,3,5,370.0
CH60 1XF,E63008568,53.329759,-3.074664,31123,UN1,Heswall,29075.0,Medium,0,0,4,1861.0
CH60 7SG,E63008568,53.329184,-3.100161,27167,UN1,Heswall,29075.0,Medium,3,3,5,219.0
CH60 7SL,E63008568,53.328530,-3.102862,27167,UN1,Heswall,29075.0,Medium,3,3,5,217.0
CH61 3UE,E63008568,53.352658,-3.117262,23125,UN1,Heswall,29075.0,Medium,0,0,4,1862.0
CH61 9ND,E63008568,53.343692,-3.094451,25684,UN1,Heswall,29075.0,Medium,1,1,8,1568.0
CH61 9PF,E63008568,53.347848,-3.095114,16951,UN1,Heswall,29075.0,Medium,1,1,5,1271.0
CH62 3PN,E63008589,53.340990,-2.977019,14404,UN1,Bebington,57600.0,Medium,1,2,7,524.0
CH62 3QP,E63008589,53.340007,-2.976335,20913,UN1,Bebington,57600.0,Medium,2,4,8,499.0
CH62 5BQ,E63008589,53.360683,-2.997920,6219,UN1,Bebington,57600.0,Medium,2,3,15,303.0
CH62 5HS,E63008589,53.363092,-3.000050,3147,UN1,Bebington,57600.0,Medium,2,3,16,0.0
CH62 6BB,E63008589,53.322357,-2.984505,23557,UN1,Bebington,57600.0,Medium,0,2,7,838.0
CH62 6EE,E63008589,53.322299,-2.971892,27304,UN1,Bebington,57600.0,Medium,1,2,8,0.0
CH62 7HP,E63008589,53.331660,-2.978112,7900,UN1,Bebington,57600.0,Medium,1,3,9,59.0
CH62 9AE,E63008589,53.313230,-2.965142,17987,UN1,Bebington,57600.0,Medium,1,1,4,230.0
CH63 2LR,E63008589,53.350109,-3.023678,6700,UN1,Bebington,57600.0,Medium,2,4,12,0.0
CH63 3AL,E63008589,53.345413,-3.011473,23800,UN1,Bebington,57600.0,Medium,0,6,12,696.0
CH63 5NH,E63008589,53.361650,-3.027020,22545,UN1,Bebington,57600.0,Medium,0,2,21,1036.0
CH63 7PD,E63008589,53.356193,-3.003795,12344,UN1,Bebington,57600.0,Medium,0,5,17,665.0
CH63 7PG,E63008589,53.349677,-3.002651,16044,UN1,Bebington,57600.0,Medium,1,5,15,157.0
CH63 8QT,E63008589,53.355174,-3.024280,18166,UN1,Bebington,57600.0,Medium,1,4,13,294.0
CH63 9JP,E63008589,53.340994,-3.003678,30165,UN1,Bebington,57600.0,Medium,1,3,14,0.0
CH64 2TL,E63008627,53.292850,-3.008670,26506,RLN1,Willaston (Cheshire West and Chester),2470.0,Minor,1,1,1,198.0
CH64 3RA,E63008634,53.291818,-3.064350,9084,UN1,Neston (Cheshire West and Chester),14960.0,Small,3,3,5,0.0
CH64 4BN,E63008634,53.285256,-3.053221,15608,UN1,Neston (Cheshire West and Chester),14960.0,Small,1,3,5,0.0
CH64 9TZ,E63008634,53.289346,-3.063283,9084,UN1,Neston (Cheshire West and Chester),14960.0,Small,3,5,5,90.0
CH65 0AP,E63008655,53.277629,-2.900076,2435,UN1,Ellesmere Port,65430.0,Medium,8,10,17,133.0
CH65 0AW,E63008655,53.278217,-2.900748,2435,UN1,Ellesmere Port,65430.0,Medium,8,10,17,121.0
CH65 0BZ,E63008655,53.276593,-2.897970,2469,UN1,Ellesmere Port,65430.0,Medium,8,8,16,155.0
CH65 0DB,E63008655,53.278876,-2.899307,2525,UN1,Ellesmere Port,65430.0,Medium,8,10,16,0.0
CH65 2ER,E63008655,53.285557,-2.896598,2895,UN1,Ellesmere Port,65430.0,Medium,1,5,12,0.0
CH65 6TG,E63008655,53.267526,-2.910629,20208,UN1,Ellesmere Port,65430.0,Medium,1,5,17,0.0
CH65 7AN,E63008655,53.273827,-2.920106,5625,UN1,Ellesmere Port,65430.0,Medium,0,5,19,942.0
CH65 9AE,E63008655,53.275147,-2.902588,2469,UN1,Ellesmere Port,65430.0,Medium,8,8,19,170.0
CH65 9HD,E63008655,53.264708,-2.886131,4967,UN1,Ellesmere Port,65430.0,Medium,1,3,14,329.0
CH65 9HN,E63008655,53.263161,-2.879038,2490,UN1,Ellesmere Port,65430.0,Medium,1,3,5,326.0
CH66 1JN,E63008655,53.285391,-2.924269,4444,UN1,Ellesmere Port,65430.0,Medium,0,0,16,1238.0
CH66 2RG,E63008655,53.265854,-2.922408,26722,UN1,Ellesmere Port,65430.0,Medium,2,5,14,100.0
CH66 2WW,E63008655,53.265207,-2.923444,26722,UN1,Ellesmere Port,65430.0,Medium,2,5,12,0.0
CH66 3PB,E63008655,53.275924,-2.937007,12556,UN1,Ellesmere Port,65430.0,Medium,2,2,11,120.0
CH66 3RF,E63008655,53.285190,-2.946330,10407,UN1,Ellesmere Port,65430.0,Medium,1,1,5,1131.0
CH66 3RQ,E63008655,53.283835,-2.944965,10407,UN1,Ellesmere Port,65430.0,Medium,1,3,6,956.0
CH66 3SP,E63008655,53.277008,-2.937481,12556,UN1,Ellesmere Port,65430.0,Medium,2,3,9,73.0
CM0 7AA,E63011724,51.662386,0.828765,17740,RLF1,Southminster,4545.0,Minor,1,1,1,137.0
CM0 8BL,E63011791,51.632508,0.809665,25111,RLF1,Burnham-on-Crouch,7805.0,Small,3,4,4,339.0
CM0 8BQ,E63011791,51.631468,0.815540,25111,RLF1,Burnham-on-Crouch,7805.0,Small,3,4,4,102.0
CM0 8SJ,E63011791,51.632148,0.814542,25111,RLF1,Burnham-on-Crouch,7805.0,Small,3,4,4,0.0
CM1 1DD,E63011563,51.733435,0.472970,14202,UN1,Chelmsford,110625.0,Large,6,11,23,172.0
CM1 1TR,E63011563,51.740855,0.472912,24690,UN1,Chelmsford,110625.0,Large,1,7,22,0.0
CM1 2DW,E63011563,51.748944,0.452970,8031,UN1,Chelmsford,110625.0,Large,2,5,10,87.0
CM1 3DU,E63011575,51.730831,0.427484,31096,RLN1,Writtle,4705.0,Minor,1,1,1,194.0
CM1 3RW,E63011563,51.726484,0.455749,27058,UN1,Chelmsford,110625.0,Large,1,2,17,0.0
CM1 4DP,E63011563,51.751204,0.468740,17947,UN1,Chelmsford,110625.0,Large,0,2,15,667.0
CM1 4JW,E63011563,51.747699,0.463478,6710,UN1,Chelmsford,110625.0,Large,1,4,17,326.0
CM1 4UX,E63011563,51.755022,0.446561,32214,UN1,Chelmsford,110625.0,Large,1,3,6,72.0
CM1 6GL,E63011563,51.754557,0.493527,24150,UN1,Chelmsford,110625.0,Large,0,2,6,627.0
CM1 6NF,E63011563,51.746889,0.488280,32035,UN1,Chelmsford,110625.0,Large,0,2,19,764.0
CM11 2RB,E63011818,51.613602,0.430167,17233,UN1,Billericay,34075.0,Medium,0,0,7,1328.0
CM12 0AH,E63011818,51.630345,0.421105,31165,UN1,Billericay,34075.0,Medium,5,10,12,0.0
CM12 0UA,E63011818,51.637340,0.413774,30593,UN1,Billericay,34075.0,Medium,1,5,11,0.0
CM12 9AX,E63011818,51.626458,0.418167,28980,UN1,Billericay,34075.0,Medium,6,8,12,137.0
CM12 9BS,E63011818,51.625429,0.417925,28980,UN1,Billericay,34075.0,Medium,4,8,12,230.0
CM13 1LZ,E63011830,51.632988,0.351244,17124,UN1,Brentwood,55340.0,Medium,0,0,4,1384.0
CM13 2BN,E63011830,51.612145,0.327677,11939,UN1,Brentwood,55340.0,Medium,0,0,8,1488.0
CM14 4RG,E63011830,51.621234,0.304578,24441,UN1,Brentwood,55340.0,Medium,7,10,15,173.0
CM14 4RH,E63011830,51.620806,0.303025,24441,UN1,Brentwood,55340.0,Medium,7,10,15,290.0
CM14 4WQ,E63011830,51.620143,0.298759,24441,UN1,Brentwood,55340.0,Medium,2,9,12,590.0
CM14 5WF,E63011830,51.608569,0.292758,26324,UN1,Brentwood,55340.0,Medium,1,1,10,0.0
CM15 0NG,E63011738,51.667810,0.298120,26638,RLN1,Doddinghurst,4065.0,Minor,0,1,1,685.0
CM15 8AG,E63011830,51.621982,0.306769,24441,UN1,Brentwood,55340.0,Medium,6,10,17,0.0
CM15 8AP,E63011830,51.621104,0.306147,27052,UN1,Brentwood,55340.0,Medium,6,9,16,106.0
CM15 8NL,E63011830,51.630416,0.327326,32500,UN1,Brentwood,55340.0,Medium,3,3,12,34.0
CM15 8PA,E63011830,51.631188,0.329678,32500,UN1,Brentwood,55340.0,Medium,3,3,10,129.0
CM15 9DZ,E63011830,51.627923,0.296378,30335,UN1,Brentwood,55340.0,Medium,1,7,10,209.0
CM16 4BL,E63011674,51.699288,0.111131,15300,UN1,Epping,10695.0,Small,3,3,7,231.0
CM16 4DA,E63011674,51.700812,0.113402,15300,UN1,Epping,10695.0,Small,3,6,7,0.0
CM16 6BU,E63011603,51.714254,0.165377,26104,RLN1,North Weald Bassett,4325.0,Minor,0,0,0,2981.0
CM16 6TL,E63011674,51.706176,0.124117,19725,UN1,Epping,10695.0,Small,2,5,6,0.0
CM16 7EY,E63011747,51.671993,0.101691,26585,RLN1,Theydon Bois,3540.0,Minor,0,0,0,2063.0
CM17 0DN,E63011534,51.783598,0.133827,18109,UN1,Harlow,93580.0,Large,1,1,7,52.0
CM17 9BG,E63011534,51.757966,0.133517,12099,UN1,Harlow,93580.0,Large,0,1,10,1059.0
CM17 9TE,E63011534,51.766095,0.132553,21799,UN1,Harlow,93580.0,Large,2,3,14,154.0
CM17 9TG,E63011534,51.767476,0.132734,21799,UN1,Harlow,93580.0,Large,2,2,14,0.0
CM18 6NS,E63011534,51.757462,0.113149,6901,UN1,Harlow,93580.0,Large,3,3,14,109.0
CM18 6NW,E63011534,51.756620,0.112951,6901,UN1,Harlow,93580.0,Large,3,3,14,118.0
CM18 6PA,E63011534,51.757731,0.112669,6901,UN1,Harlow,93580.0,Large,3,3,15,152.0
CM18 6YJ,E63011534,51.754515,0.090365,11563,UN1,Harlow,93580.0,Large,1,1,14,0.0
CM19 5EE,E63011521,51.771930,0.039916,20872,RSN1,Roydon (Epping Forest),1585.0,Minor,0,0,2,3380.0
CM19 5GU,E63011534,51.770612,0.064888,10907,UN1,Harlow,93580.0,Large,1,1,9,1660.0
CM19 5QE,E63011534,51.767655,0.059710,10907,UN1,Harlow,93580.0,Large,1,1,2,2048.0
CM19 5RD,E63011534,51.748945,0.072273,16192,UN1,Harlow,93580.0,Large,0,0,2,1391.0
CM2 0DL,E63011563,51.729617,0.477034,14057,UN1,Chelmsford,110625.0,Large,5,9,20,42.0
CM2 0HY,E63011563,51.729587,0.472022,14057,UN1,Chelmsford,110625.0,Large,5,9,20,261.0
CM2 5PA,E63011563,51.752455,0.513233,22201,UN1,Chelmsford,110625.0,Large,2,2,6,265.0
CM2 6QT,E63011563,51.733705,0.477634,14202,UN1,Chelmsford,110625.0,Large,5,12,22,248.0
CM2 6RF,E63011563,51.736526,0.506584,21936,UN1,Chelmsford,110625.0,Large,1,2,9,177.0
CM2 6XE,E63011563,51.732639,0.495723,25778,UN1,Chelmsford,110625.0,Large,0,3,18,724.0
CM2 7LJ,E63011563,51.723632,0.490000,11098,UN1,Chelmsford,110625.0,Large,0,1,19,558.0
CM2 7QS,E63011563,51.717640,0.501123,29322,UN1,Chelmsford,110625.0,Large,1,1,8,248.0
CM2 8BW,E63011563,51.714903,0.463388,30472,UN1,Chelmsford,110625.0,Large,0,3,11,832.0
CM2 8PU,E63011650,51.700417,0.470547,22220,UN1,Galleywood,6410.0,Small,0,0,3,1824.0
CM2 9LG,E63011563,51.716571,0.475162,31458,UN1,Chelmsford,110625.0,Large,1,2,17,0.0
CM2 9XW,E63011563,51.720576,0.462162,21541,UN1,Chelmsford,110625.0,Large,0,3,16,792.0
CM20 1AN,E63011534,51.767119,0.095614,14255,UN1,Harlow,93580.0,Large,1,8,19,520.0
CM20 1BL,E63011534,51.771463,0.093032,6346,UN1,Harlow,93580.0,Large,7,8,16,91.0
CM20 1FT,E63011534,51.771419,0.089943,14388,UN1,Harlow,93580.0,Large,7,8,16,87.0
CM20 1FW,E63011534,51.771526,0.090528,14388,UN1,Harlow,93580.0,Large,7,8,16,97.0
CM20 1JA,E63011534,51.769632,0.094383,6346,UN1,Harlow,93580.0,Large,8,8,19,246.0
CM20 1QR,E63011534,51.772005,0.090361,14388,UN1,Harlow,93580.0,Large,7,8,16,136.0
CM20 2AG,E63011534,51.773996,0.093207,14388,UN1,Harlow,93580.0,Large,7,8,14,330.0
CM20 3AH,E63011534,51.775669,0.114304,11094,UN1,Harlow,93580.0,Large,2,4,19,169.0
CM20 3AS,E63011534,51.775702,0.114958,11094,UN1,Harlow,93580.0,Large,2,4,18,201.0
CM20 3NG,E63011534,51.768807,0.112346,9708,UN1,Harlow,93580.0,Large,1,4,21,48.0
CM21 9AR,E63011422,51.812739,0.149407,30704,UN1,Sawbridgeworth,10475.0,Small,2,2,3,114.0
CM21 9QD,E63011422,51.812547,0.148585,30704,UN1,Sawbridgeworth,10475.0,Small,2,2,3,56.0
CM22 6SH,E63011302,51.867898,0.267721,18384,RLN1,Takeley and Little Canfield,5550.0,Small,0,0,0,3131.0
CM23 3AL,E63011309,51.866911,0.161125,25270,UN1,Bishop's Stortford,40915.0,Medium,3,5,8,17.0
CM23 3UL,E63011309,51.870341,0.159444,25270,UN1,Bishop's Stortford,40915.0,Medium,3,3,8,59.0
CM23 4DD,E63011309,51.875068,0.135496,32637,UN1,Bishop's Stortford,40915.0,Medium,0,0,5,1675.0
CM23 4EG,E63011309,51.858644,0.144579,30187,UN1,Bishop's Stortford,40915.0,Medium,0,0,5,1447.0
CM23 5EP,E63011309,51.877107,0.173920,27688,UN1,Bishop's Stortford,40915.0,Medium,0,0,6,1292.0
CM23 5JH,E63011309,51.865489,0.174347,28089,UN1,Bishop's Stortford,40915.0,Medium,1,3,6,0.0
CM24 8BZ,E63011222,51.904739,0.194342,32737,RLN1,Stansted Mountfitchet,8625.0,Small,2,2,2,497.0
CM24 8XG,E63011222,51.902094,0.200188,27311,RSN1,Stansted Mountfitchet,8625.0,Small,2,2,2,0.0
CM3 2HD,E63011486,51.775544,0.594207,18540,RLN1,Hatfield Peverel,3620.0,Minor,0,0,0,3564.0
CM3 3DX,E63011517,51.758525,0.544191,16212,RLN1,Boreham,3565.0,Minor,1,1,1,0.0
CM3 3LL,E63011464,51.787586,0.477501,15470,UN1,Little Waltham,1035.0,Minor,1,1,4,0.0
CM3 4QF,E63011587,51.717059,0.581983,30538,RLN1,Danbury,6195.0,Small,1,1,1,389.0
CM3 5NG,E63011777,51.650532,0.607346,31259,UN1,South Woodham Ferrers,16025.0,Small,1,1,3,327.0
CM3 5TD,E63011777,51.644170,0.617591,23175,UN1,South Woodham Ferrers,16025.0,Small,1,1,3,1315.0
CM3 5XB,E63011777,51.644361,0.619929,23175,UN1,South Woodham Ferrers,16025.0,Small,1,1,3,1411.0
CM3 6AH,E63011669,51.686967,0.754565,27371,RLF1,Mayland,3740.0,Minor,1,1,1,455.0
CM4 9DW,E63011732,51.671339,0.385829,29814,RLN1,Ingatestone,5410.0,Small,1,1,1,203.0
CM5 9JG,E63011660,51.704683,0.245480,13221,RLN1,Chipping Ongar,3925.0,Minor,1,1,2,1364.0
CM5 9JJ,E63011660,51.704630,0.245883,13221,RLN1,Chipping Ongar,3925.0,Minor,1,1,2,1369.0
CM6 1AB,E63011271,51.872304,0.363216,21988,UN1,Great Dunmow,10395.0,Small,3,3,3,58.0
CM6 1AX,E63011271,51.873293,0.361887,29106,UN1,Great Dunmow,10395.0,Small,3,3,3,155.0
CM6 2LD,E63011122,51.953244,0.344097,25008,RLF1,Thaxted,3115.0,Minor,1,1,1,221.0
CM7 1AA,E63011255,51.867989,0.555060,19925,UN1,Braintree,43190.0,Medium,0,0,11,1075.0
CM7 1RB,E63011255,51.878699,0.550102,12585,UN1,Braintree,43190.0,Medium,6,10,12,58.0
CM7 1TX,E63011255,51.878700,0.551729,12585,UN1,Braintree,43190.0,Medium,6,10,12,118.0
CM7 1UA,E63011255,51.878541,0.552025,15597,UN1,Braintree,43190.0,Medium,6,10,12,129.0
CM7 1UB,E63011255,51.878526,0.551879,15597,UN1,Braintree,43190.0,Medium,6,10,12,119.0
CM7 2AE,E63011255,51.878904,0.541061,12585,UN1,Braintree,43190.0,Medium,1,8,12,0.0
CM7 3JN,E63011255,51.877142,0.560097,20247,UN1,Braintree,43190.0,Medium,1,8,12,0.0
CM7 9BY,E63011255,51.879954,0.554024,12585,UN1,Braintree,43190.0,Medium,6,10,12,0.0
CM77 7WW,E63011304,51.857568,0.522445,25745,UN1,Great Notley,7660.0,Small,0,0,0,2695.0
CM8 1BA,E63011416,51.797633,0.637001,14922,UN1,Witham,27395.0,Medium,6,8,11,43.0
CM8 1NE,E63011416,51.805018,0.625261,10404,UN1,Witham,27395.0,Medium,1,2,11,348.0
CM8 2AF,E63011416,51.800577,0.641249,21298,UN1,Witham,27395.0,Medium,8,8,11,114.0
CM8 2AR,E63011416,51.800185,0.640313,14922,UN1,Witham,27395.0,Medium,8,8,11,130.0
CM8 2ZJ,E63011416,51.814224,0.647881,16926,UN1,Witham,27395.0,Medium,0,0,10,1400.0
CM8 3RQ,E63011330,51.846483,0.622608,14463,RLN1,Silver End,3915.0,Minor,1,1,1,0.0
CM9 4GD,E63011577,51.740700,0.689545,8767,UN1,Maldon,23380.0,Medium,0,1,7,1462.0
CM9 4LE,E63011577,51.735501,0.679358,13755,UN1,Maldon,23380.0,Medium,1,7,7,686.0
CM9 5DF,E63011577,51.729342,0.678863,13755,UN1,Maldon,23380.0,Medium,5,6,7,0.0
CM9 5GP,E63011577,51.728386,0.680979,13755,UN1,Maldon,23380.0,Medium,4,6,7,0.0
CM9 5PN,E63011577,51.731402,0.677261,13755,UN1,Maldon,23380.0,Medium,6,6,7,254.0
CM9 8LZ,E63011491,51.765711,0.749008,14436,RSN1,Tolleshunt Major,445.0,Minor,0,0,0,4955.0
CM9 8QD,E63011509,51.758594,0.834690,26170,RLN1,Tollesbury,2810.0,Minor,1,1,1,210.0
CO1 1LG,E63011220,51.888832,0.902925,7622,UN1,Colchester,130245.0,Large,6,9,17,132.0
CO1 1LX,E63011220,51.888313,0.900624,7622,UN1,Colchester,130245.0,Large,5,11,17,232.0
CO1 2AR,E63011220,51.881544,0.911770,18294,UN1,Colchester,130245.0,Large,0,5,16,959.0
CO1 2PJ,E63011220,51.888916,0.903875,11046,UN1,Colchester,130245.0,Large,7,10,18,82.0
CO1 2QW,E63011220,51.890085,0.910796,11046,UN1,Colchester,130245.0,Large,4,8,22,99.0
CO10 0GL,E63010924,52.035147,0.747479,7697,UF1,Sudbury,23920.0,Medium,0,1,8,1199.0
CO10 1GL,E63010924,52.040118,0.730153,12601,UF1,Sudbury,23920.0,Medium,5,6,9,363.0
CO10 1GY,E63010924,52.053485,0.732748,25386,RSF1,Sudbury,23920.0,Medium,0,0,8,1185.0
CO10 1RB,E63010924,52.040254,0.730482,12601,UF1,Sudbury,23920.0,Medium,5,6,9,390.0
CO10 1RF,E63010924,52.040209,0.730873,12601,UF1,Sudbury,23920.0,Medium,5,6,9,409.0
CO10 2EA,E63010924,52.038649,0.730312,12601,UF1,Sudbury,23920.0,Medium,4,6,9,310.0
CO10 2XB,E63010924,52.036240,0.739162,11370,UF1,Sudbury,23920.0,Medium,0,7,9,790.0
CO10 7RF,E63010764,52.102819,0.666951,15896,RLF1,Glemsford,3690.0,Minor,0,0,0,6509.0
CO10 8NY,E63010817,52.078259,0.580469,22945,RLF1,Clare,2280.0,Minor,1,1,1,0.0
CO10 9JL,E63010823,52.078498,0.717870,25386,RLF1,Long Melford,3895.0,Minor,0,0,0,3931.0
CO10 9PX,E63010740,52.108076,0.795180,21385,RLF1,Lavenham,1225.0,Minor,0,0,0,7318.0
CO11 1AA,E63011110,51.945737,1.060762,21205,RLN1,Lawford,4490.0,Minor,1,2,2,0.0
CO12 3AJ,E63011115,51.937469,1.281115,2050,UN1,Harwich,20215.0,Medium,1,2,4,809.0
CO12 3AX,E63011115,51.937213,1.281271,2050,UN1,Harwich,20215.0,Medium,1,2,4,797.0
CO12 4EX,E63011115,51.933450,1.260684,6412,UN1,Harwich,20215.0,Medium,1,2,5,0.0
CO12 4QZ,E63011115,51.929183,1.243251,16473,UN1,Harwich,20215.0,Medium,0,0,2,1286.0
CO13 0AU,E63011326,51.843982,1.249621,13697,UF1,Frinton-on-Sea,4865.0,Minor,0,2,7,804.0
CO13 0LE,E63011307,51.842084,1.223857,15831,UF1,Kirby Cross,6035.0,Small,1,1,6,1477.0
CO13 0LN,E63011307,51.842405,1.220003,15831,UF1,Kirby Cross,6035.0,Small,1,1,3,1739.0
CO13 9NE,E63011326,51.837408,1.245053,19435,UF1,Frinton-on-Sea,4865.0,Minor,2,4,6,69.0
CO13 9PT,E63011326,51.833363,1.245285,17345,UF1,Frinton-on-Sea,4865.0,Minor,3,3,5,479.0
CO13 9PW,E63011326,51.831034,1.245887,17345,UF1,Frinton-on-Sea,4865.0,Minor,1,3,5,741.0
CO14 8BB,E63011285,51.848757,1.270732,3647,UF1,Walton-on-the-Naze,6990.0,Small,1,1,2,141.0
CO15 1JA,E63011409,51.789395,1.150553,14,UN1,Clacton-on-Sea,53200.0,Medium,8,10,13,233.0
CO15 1NH,E63011409,51.790368,1.151143,236,UN1,Clacton-on-Sea,53200.0,Medium,7,10,13,120.0
CO15 1NJ,E63011409,51.791701,1.149742,236,UN1,Clacton-on-Sea,53200.0,Medium,8,10,14,0.0
CO15 1QE,E63011409,51.789215,1.151570,14,UN1,Clacton-on-Sea,53200.0,Medium,8,10,13,249.0
CO15 1QN,E63011409,51.789276,1.152299,14,UN1,Clacton-on-Sea,53200.0,Medium,8,10,13,252.0
CO15 2HN,E63011450,51.773146,1.112276,1,UN1,Jaywick,5085.0,Small,0,2,2,919.0
CO15 2NB,E63011450,51.780632,1.117925,1514,UN1,Jaywick,5085.0,Small,1,2,2,0.0
CO15 3AY,E63011409,51.795305,1.148833,236,UN1,Clacton-on-Sea,53200.0,Medium,4,9,14,32.0
CO15 4DA,E63011409,51.805139,1.154756,1299,UN1,Clacton-on-Sea,53200.0,Medium,2,2,14,1158.0
CO15 4DB,E63011409,51.805258,1.154692,6985,UN1,Clacton-on-Sea,53200.0,Medium,2,2,14,1169.0
CO15 4DD,E63011409,51.805814,1.155413,6985,UN1,Clacton-on-Sea,53200.0,Medium,2,2,14,1245.0
CO15 5UH,E63011409,51.803431,1.183086,12911,UN1,Clacton-on-Sea,53200.0,Medium,0,0,3,2156.0
CO16 0DY,E63011269,51.857223,1.162888,7289,RLN1,Thorpe-le-Soken,1590.0,Minor,1,1,1,120.0
CO16 8DS,E63011409,51.804340,1.131531,5789,UN1,Clacton-on-Sea,53200.0,Medium,0,0,8,1525.0
CO16 8PA,E63011414,51.799484,1.078709,1253,RLN1,St Osyth,2250.0,Minor,0,0,0,3416.0
CO16 9LQ,E63011352,51.826437,1.142717,11960,RSN1,Little Clacton,2455.0,Minor,0,0,1,1651.0
CO2 7GH,E63011220,51.881830,0.892547,14226,UN1,Colchester,130245.0,Large,1,6,18,0.0
CO2 7UW,E63011220,51.877499,0.898604,23311,UN1,Colchester,130245.0,Large,1,3,18,0.0
CO2 8JB,E63011220,51.882422,0.926025,6467,UN1,Colchester,130245.0,Large,1,2,15,1129.0
CO2 8JY,E63011220,51.882047,0.929895,18696,UN1,Colchester,130245.0,Large,1,2,11,860.0
CO2 8RB,E63011278,51.862361,0.907392,9029,UN1,Berechurch,7705.0,Small,0,0,4,1040.0
CO2 9EB,E63011220,51.871281,0.872706,6502,UN1,Colchester,130245.0,Large,0,2,10,928.0
CO3 0JX,E63011220,51.878258,0.846922,28502,UN1,Colchester,130245.0,Large,0,1,9,732.0
CO3 3EZ,E63011220,51.887841,0.891684,7622,UN1,Colchester,130245.0,Large,1,8,17,236.0
CO3 4LN,E63011220,51.880642,0.862825,29398,UN1,Colchester,130245.0,Large,2,3,7,0.0
CO3 4NW,E63011220,51.880659,0.865079,29398,UN1,Colchester,130245.0,Large,3,3,10,155.0
CO3 4PG,E63011220,51.876717,0.868504,17283,UN1,Colchester,130245.0,Large,1,4,8,585.0
CO3 8AA,E63011220,51.885223,0.828106,24811,UN1,Colchester,130245.0,Large,2,3,4,159.0
CO3 8RG,E63011220,51.883781,0.833102,21167,UN1,Colchester,130245.0,Large,2,3,4,315.0
CO4 0NA,E63011220,51.902900,0.931123,28168,UN1,Colchester,130245.0,Large,0,1,9,1242.0
CO4 3GW,E63011220,51.891655,0.936277,1927,UN1,Colchester,130245.0,Large,0,1,8,1308.0
CO4 3HP,E63011220,51.897217,0.934343,13608,UN1,Colchester,130245.0,Large,0,2,11,1780.0
CO4 5EG,E63011220,51.912186,0.891694,15684,UN1,Colchester,130245.0,Large,1,5,9,303.0
CO4 5TU,E63011220,51.901507,0.900966,23531,UN1,Colchester,130245.0,Large,0,3,19,612.0
CO4 9ED,E63011220,51.910162,0.919745,22155,UN1,Colchester,130245.0,Large,2,4,14,145.0
CO5 0HB,E63011403,51.810249,0.751269,19512,RLN1,Tiptree,9300.0,Small,2,2,2,0.0
CO5 0HF,E63011403,51.810469,0.751108,19512,RLN1,Tiptree,9300.0,Small,2,2,2,27.0
CO5 8QT,E63011460,51.777955,0.914923,13820,RLN1,West Mersea,7065.0,Small,3,3,3,306.0
CO5 8QX,E63011460,51.778076,0.917308,27322,RLN1,West Mersea,7065.0,Small,3,3,3,142.0
CO5 8RA,E63011460,51.778305,0.919338,26994,RLN1,West Mersea,7065.0,Small,3,3,3,0.0
CO5 9AE,E63011348,51.835671,0.699397,30363,RLN1,Kelvedon and Feering,4770.0,Minor,1,1,1,183.0
CO6 1EB,E63011245,51.879195,0.783712,16239,UN1,Copford,1795.0,Minor,0,0,0,3272.0
CO6 1NJ,E63011258,51.871061,0.685623,23647,RLN1,Coggeshall,3765.0,Minor,1,1,1,214.0
CO6 2PB,E63011153,51.927552,0.700750,15398,RLN1,Earls Colne,3360.0,Minor,1,1,1,391.0
CO6 3JB,E63011173,51.913034,0.853676,24483,RLN1,West Bergholt,3175.0,Minor,0,0,0,2910.0
CO7 0AB,E63011388,51.811138,1.025439,14466,RLN1,Brightlingsea,8680.0,Small,1,1,1,305.0
CO7 6DE,E63011090,51.959013,0.992562,21899,RSN1,Dedham,810.0,Minor,0,0,0,3077.0
CO7 6SE,E63011038,51.972235,1.012607,26737,RSN1,East Bergholt,2210.0,Minor,0,0,1,1092.0
CO7 8PJ,E63011284,51.855115,1.063814,20063,RLN1,Great Bentley,1745.0,Minor,1,1,1,0.0
CO7 9HA,E63011276,51.869471,0.963757,22925,RLN1,Wivenhoe,7350.0,Small,0,0,3,1500.0
CO9 1EX,E63011128,51.941436,0.638158,15538,UN1,Halstead (Braintree),13900.0,Small,3,4,4,0.0
CO9 2JD,E63011128,51.944177,0.636646,16732,UN1,Halstead (Braintree),13900.0,Small,4,4,4,322.0
CO9 2JN,E63011128,51.943438,0.636340,16732,UN1,Halstead (Braintree),13900.0,Small,3,4,4,255.0
CO9 3PP,E63011054,51.978031,0.592732,26174,RLF1,Sible Hedingham,4260.0,Minor,0,0,1,1406.0
CR0 0JB,E63012338,51.342086,-0.015727,5461,UN1,Croydon,,,2,2,7,322.0
CR0 0JD,E63012338,51.340960,-0.014009,5461,UN1,Croydon,,,2,2,6,495.0
CR0 0QF,E63012338,51.352169,-0.017963,4623,UN1,Croydon,,,2,3,7,187.0
CR0 1BJ,E63012338,51.363855,-0.098005,7324,UN1,Croydon,,,2,7,24,405.0
CR0 1DP,E63012338,51.365737,-0.099249,7324,UN1,Croydon,,,2,9,26,466.0
CR0 1LG,E63012338,51.374536,-0.096169,5615,UN1,Croydon,,,7,16,39,375.0
CR0 1RB,E63012338,51.373668,-0.103073,7895,UN1,Croydon,,,6,13,37,413.0
CR0 1RN,E63012338,51.373722,-0.104738,5333,UN1,Croydon,,,4,14,37,427.0
CR0 1US,E63012338,51.376540,-0.101043,8534,UN1,Croydon,,,8,18,41,490.0
CR0 2BX,E63012338,51.377332,-0.096111,5615,UN1,Croydon,,,4,18,38,540.0
CR0 2BZ,E63012338,51.381806,-0.093080,3477,UN1,Croydon,,,3,17,45,0.0
CR0 2JG,E63012338,51.385020,-0.097746,4115,UN1,Croydon,,,3,16,45,98.0
CR0 2TA,E63012338,51.378892,-0.103044,2836,UN1,Croydon,,,4,17,41,206.0
CR0 2TG,E63012338,51.383437,-0.107714,9323,UN1,Croydon,,,3,12,43,224.0
CR0 3EW,E63012338,51.388870,-0.120684,13775,UN1,Croydon,,,0,5,32,612.0
CR0 4NH,E63012369,51.362451,-0.121852,18662,UN1,Sutton (Sutton),,,0,2,22,993.0
CR0 4QR,E63012369,51.367277,-0.131825,20472,UN1,Sutton (Sutton),,,0,2,22,1143.0
CR0 4UQ,E63012338,51.375803,-0.123963,3792,UN1,Croydon,,,3,4,25,740.0
CR0 4XS,E63012369,51.376935,-0.128443,15853,UN1,Sutton (Sutton),,,2,4,25,559.0
CR0 4XT,E63012338,51.375829,-0.117755,7895,UN1,Croydon,,,1,5,33,986.0
CR0 4YJ,E63012338,51.379126,-0.126529,3792,UN1,Croydon,,,3,4,23,331.0
CR0 6AA,E63012338,51.380444,-0.087862,10317,UN1,Croydon,,,3,15,39,351.0
CR0 6HE,E63012338,51.384598,-0.075760,19959,UN1,Croydon,,,3,8,33,326.0
CR0 6RB,E63012338,51.380021,-0.074098,20498,UN1,Croydon,,,3,8,30,152.0
CR0 6RD,E63012338,51.380774,-0.072342,21003,UN1,Croydon,,,4,8,30,295.0
CR0 6RF,E63012338,51.382072,-0.069801,21934,UN1,Croydon,,,4,9,28,458.0
CR0 7RA,E63012338,51.388880,-0.053000,3024,UN1,Croydon,,,0,2,23,767.0
CR0 8BJ,E63012338,51.374942,-0.047111,28486,UN1,Croydon,,,3,4,16,113.0
CR0 8NG,E63012338,51.369777,-0.030248,25246,UN1,Croydon,,,1,3,13,0.0
CR0 8SS,E63012338,51.376593,-0.059858,24671,UN1,Croydon,,,0,6,19,680.0
CR0 8TE,E63012338,51.374687,-0.050168,24648,UN1,Croydon,,,3,5,15,308.0
CR0 9AS,E63012338,51.350869,-0.038025,18054,UN1,Croydon,,,1,1,9,1532.0
CR0 9DX,E63012338,51.355769,-0.020809,4553,UN1,Croydon,,,2,2,10,439.0
CR2 0EJ,E63012338,51.347235,-0.083543,31701,UN1,Croydon,,,0,1,12,1107.0
CR2 0PH,E63012338,51.348328,-0.094325,19092,UN1,Croydon,,,2,3,16,389.0
CR2 6ES,E63012338,51.350746,-0.099266,19477,UN1,Croydon,,,2,3,14,53.0
CR2 8JJ,E63012338,51.351437,-0.039724,11605,UN1,Croydon,,,1,1,11,1666.0
CR2 8LB,E63012338,51.343650,-0.061896,22109,UN1,Croydon,,,5,5,9,230.0
CR2 8LG,E63012338,51.342408,-0.064547,22109,UN1,Croydon,,,5,5,8,0.0
CR2 8LH,E63012338,51.344058,-0.062123,22109,UN1,Croydon,,,5,5,9,249.0
CR2 9BY,E63012338,51.319714,-0.064268,21553,UN1,Croydon,,,0,1,5,962.0
CR2 9LA,E63012338,51.334100,-0.076655,28156,UN1,Croydon,,,0,0,10,1249.0
CR3 0EL,E63012526,51.309238,-0.079616,26231,UN1,Whyteleafe,3175.0,Minor,0,0,3,1595.0
CR3 5UA,E63012578,51.286657,-0.088976,22735,UN1,Caterham,22755.0,Medium,1,5,7,427.0
CR3 5XL,E63012578,51.290560,-0.102797,18984,UN1,Caterham,22755.0,Medium,0,0,5,1446.0
CR3 6JU,E63012578,51.280487,-0.079024,26360,UN1,Caterham,22755.0,Medium,3,6,7,330.0
CR3 6QA,E63012578,51.282246,-0.076656,26360,UN1,Caterham,22755.0,Medium,3,6,6,160.0
CR3 6RT,E63012578,51.281554,-0.077230,26360,UN1,Caterham,22755.0,Medium,3,6,6,212.0
CR4 1DL,E63012245,51.401255,-0.146212,19804,UN1,Merton,,,1,4,21,0.0
CR4 1LU,E63012245,51.399761,-0.132485,16455,UN1,Merton,,,1,5,20,266.0
CR4 2JB,E63012245,51.408182,-0.162957,6427,UN1,Merton,,,6,8,32,283.0
CR4 2JS,E63012245,51.406365,-0.163504,6427,UN1,Merton,,,6,8,32,142.0
CR4 2PA,E63012245,51.404684,-0.162968,12084,UN1,Merton,,,4,8,25,53.0
CR4 3DA,E63012245,51.404578,-0.174000,15791,UN1,Merton,,,1,11,30,0.0
CR4 3NA,E63012245,51.405436,-0.164462,7481,UN1,Merton,,,4,8,29,116.0
CR4 3PR,E63012245,51.407323,-0.181684,10678,UN1,Merton,,,1,10,34,0.0
CR4 4DQ,E63012245,51.398550,-0.178452,11998,UN1,Merton,,,1,6,32,0.0
CR4 4NA,E63012245,51.393116,-0.164437,15124,UN1,Merton,,,0,0,27,1123.0
CR5 1EH,E63012338,51.306024,-0.118760,28945,UN1,Croydon,,,1,2,2,94.0
CR5 1EN,E63012338,51.300136,-0.116648,5720,UN1,Croydon,,,0,2,3,725.0
CR5 2ND,E63012338,51.321375,-0.137896,11765,UN1,Croydon,,,2,3,3,334.0
CR5 2RA,E63012338,51.320822,-0.139339,11765,UN1,Croydon,,,2,3,3,314.0
CR5 3BR,E63012338,51.318849,-0.149321,23880,UN1,Croydon,,,0,3,3,721.0
CR6 9DY,E63012521,51.307613,-0.042810,30215,UN1,Warlingham,8920.0,Small,0,2,3,501.0
CR6 9NA,E63012521,51.309384,-0.056279,28922,UN1,Warlingham,8920.0,Small,2,3,5,328.0
CR7 6JE,E63012338,51.399131,-0.117272,13038,UN1,Croydon,,,2,6,29,0.0
CR7 7HQ,E63012338,51.388313,-0.111163,3607,UN1,Croydon,,,3,10,45,0.0
CR7 7JG,E63012338,51.398231,-0.099426,3291,UN1,Croydon,,,6,13,38,239.0
CR7 7JN,E63012338,51.395100,-0.109359,12648,UN1,Croydon,,,2,13,36,0.0
CR7 8JF,E63012338,51.403949,-0.099908,5158,UN1,Croydon,,,4,10,32,223.0
CR7 8LX,E63012338,51.403982,-0.101373,4019,UN1,Croydon,,,4,10,31,282.0
CR7 8LZ,E63012338,51.403543,-0.101463,4019,UN1,Croydon,,,4,10,32,236.0
CR7 8RU,E63012338,51.398034,-0.093957,8530,UN1,Croydon,,,4,12,40,150.0
CR7 8RX,E63012338,51.398481,-0.100408,8917,UN1,Croydon,,,6,13,38,254.0
CR7 8SN,E63012338,51.397500,-0.097041,3291,UN1,Croydon,,,5,14,39,73.0
CR8 1HR,E63012338,51.333267,-0.098883,29727,UN1,Croydon,,,0,1,11,1363.0
CR8 2AF,E63012338,51.338404,-0.115699,12443,UN1,Croydon,,,4,6,11,274.0
CR8 2BP,E63012338,51.339080,-0.115786,12443,UN1,Croydon,,,4,6,11,207.0
CR8 2HA,E63012338,51.338026,-0.116245,12443,UN1,Croydon,,,4,6,11,327.0
CR8 2YL,E63012338,51.340740,-0.114440,12443,UN1,Croydon,,,4,6,12,0.0
CR8 3EE,E63012338,51.342242,-0.126281,14497,UN1,Croydon,,,1,6,7,0.0
CR8 5AA,E63012338,51.325658,-0.100475,22665,UN1,Croydon,,,0,1,7,1937.0
CR9 1SN,E63012338,51.377089,-0.100546,8534,UN1,Croydon,,,9,19,42,445.0
CR9 2ER,E63012338,51.376333,-0.096626,5615,UN1,Croydon,,,4,17,39,576.0
CT1 1BW,E63012524,51.284518,1.085476,6191,UF1,Canterbury,55090.0,Medium,1,6,14,88.0
CT1 1DG,E63012524,51.290621,1.096515,9192,UF1,Canterbury,55090.0,Medium,0,1,11,975.0
CT1 1WJ,,51.281640,1.104501,5129,UF1,,,,0,0,10,1273.0
CT1 2SS,E63012524,51.277426,1.082218,19875,UF1,Canterbury,55090.0,Medium,5,9,16,161.0
CT1 2TF,E63012524,51.276829,1.080629,19875,UF1,Canterbury,55090.0,Medium,4,9,16,168.0
CT1 3HZ,E63012524,51.274455,1.084686,28381,UF1,Canterbury,55090.0,Medium,6,8,16,121.0
CT1 3TQ,E63012524,51.272325,1.062045,4014,UF1,Canterbury,55090.0,Medium,0,0,10,1472.0
CT10 1LH,E63012280,51.358748,1.441171,13959,UF1,Broadstairs,25775.0,Medium,3,5,7,0.0
CT10 1NQ,E63012280,51.359612,1.435977,23202,UF1,Broadstairs,25775.0,Medium,5,5,7,0.0
CT10 2AD,E63012280,51.360130,1.432094,23202,UF1,Broadstairs,25775.0,Medium,3,5,9,89.0
CT10 2BF,E63012334,51.359563,1.392642,7827,UF1,Ramsgate,42030.0,Medium,1,5,10,951.0
CT10 2NR,E63012280,51.360583,1.401180,19961,UF1,Broadstairs,25775.0,Medium,3,5,10,401.0
CT10 2QJ,E63012280,51.358898,1.400049,19961,UF1,Broadstairs,25775.0,Medium,3,5,10,434.0
CT10 2TP,E63012280,51.365274,1.419546,17698,UF1,Broadstairs,25775.0,Medium,1,1,12,190.0
CT11 7PR,E63012334,51.337101,1.415552,5669,UF1,Ramsgate,42030.0,Medium,2,5,9,833.0
CT11 8AD,E63012334,51.338738,1.427249,12487,UF1,Ramsgate,42030.0,Medium,1,4,6,0.0
CT11 8NN,E63012334,51.333770,1.420259,1038,UF1,Ramsgate,42030.0,Medium,2,4,8,735.0
CT11 9AB,E63012334,51.333681,1.419304,5669,UF1,Ramsgate,42030.0,Medium,2,4,8,788.0
CT11 9PR,E63012334,51.336420,1.404962,12415,UF1,Ramsgate,42030.0,Medium,0,3,9,865.0
CT12 4AD,E63012335,51.334505,1.314341,10483,UF1,Minster (Thanet),4740.0,Minor,1,1,1,40.0
CT12 5FJ,E63012334,51.356279,1.393591,7827,UF1,Ramsgate,42030.0,Medium,1,4,9,930.0
CT12 6EW,E63012334,51.343316,1.399211,4709,UF1,Ramsgate,42030.0,Medium,1,4,13,0.0
CT12 6NT,E63012334,51.340372,1.388437,2242,UF1,Ramsgate,42030.0,Medium,0,2,6,817.0
CT13 0HE,E63012609,51.246321,1.307893,16323,RLF1,Eastry,2390.0,Minor,1,1,1,3707.0
CT13 0HG,E63012609,51.244550,1.307522,16323,RLF1,Eastry,2390.0,Minor,1,1,1,3886.0
CT13 9DA,E63012535,51.275321,1.339878,28240,UF1,Sandwich,4260.0,Minor,1,1,2,221.0
CT14 6EL,E63012692,51.223771,1.402567,14964,UF1,Deal,28985.0,Medium,2,6,9,685.0
CT14 6EY,E63012692,51.222670,1.400552,14964,UF1,Deal,28985.0,Medium,2,6,9,590.0
CT14 6PY,E63012692,51.229964,1.399342,21917,UF1,Deal,28985.0,Medium,1,4,9,0.0
CT14 7AA,E63012692,51.222637,1.402598,14964,UF1,Deal,28985.0,Medium,2,6,9,559.0
CT14 7DP,E63012692,51.215975,1.402480,22103,UF1,Deal,28985.0,Medium,3,6,12,190.0
CT14 7EQ,E63012692,51.213306,1.399304,22103,UF1,Deal,28985.0,Medium,2,4,12,0.0
CT14 7NX,E63012692,51.200669,1.388394,26541,UF1,Deal,28985.0,Medium,0,0,6,1522.0
CT14 9LF,E63012692,51.211956,1.376033,13745,UF1,Deal,28985.0,Medium,1,2,7,0.0
CT16 1BH,E63012893,51.127086,1.311227,2105,UF1,Dover,36360.0,Medium,4,8,10,62.0
CT16 1BW,E63012893,51.127416,1.311952,2105,UF1,Dover,36360.0,Medium,3,8,10,0.0
CT16 1EG,E63012893,51.130402,1.305303,4790,UF1,Dover,36360.0,Medium,2,10,10,57.0
CT16 3PS,E63012844,51.153622,1.298796,14745,UF1,Whitfield (Dover),6510.0,Small,0,0,1,1806.0
CT17 0QB,E63012893,51.144279,1.273105,31698,UF1,Dover,36360.0,Medium,0,0,2,1816.0
CT17 0SP,E63012893,51.133003,1.302387,7893,UF1,Dover,36360.0,Medium,2,9,10,411.0
CT17 9SG,E63012893,51.124181,1.301671,3655,UF1,Dover,36360.0,Medium,1,7,10,0.0
CT18 7BS,E63012973,51.115800,1.164306,11264,RLN1,Hawkinge,8500.0,Small,0,1,1,2522.0
CT18 7SU,E63012973,51.111129,1.161400,28254,RLN1,Hawkinge,8500.0,Small,0,1,3,1964.0
CT18 8HQ,E63012931,51.125691,1.090782,20950,RLN1,Lyminge,1920.0,Minor,2,2,2,161.0
CT19 4DX,E63013049,51.087547,1.147281,15677,UN1,Folkestone,51995.0,Medium,2,3,11,84.0
CT19 4ET,E63013049,51.087955,1.145166,15677,UN1,Folkestone,51995.0,Medium,2,3,10,87.0
CT19 4QJ,E63013049,51.090437,1.129752,12408,UN1,Folkestone,51995.0,Medium,0,0,5,1189.0
CT19 5GA,E63013049,51.095089,1.165791,15040,UN1,Folkestone,51995.0,Medium,0,0,17,1037.0
CT19 5NJ,E63013049,51.087375,1.184846,4540,UN1,Folkestone,51995.0,Medium,2,8,12,286.0
CT19 5NR,E63013049,51.088916,1.181438,7651,UN1,Folkestone,51995.0,Medium,2,6,12,41.0
CT2 0BD,E63012465,51.300131,1.121819,22869,UF1,Sturry,4860.0,Minor,0,1,1,762.0
CT2 7AB,E63012524,51.291579,1.078633,25989,UF1,Canterbury,55090.0,Medium,0,2,12,981.0
CT2 7PB,E63012524,51.296203,1.062158,29794,UF1,Canterbury,55090.0,Medium,1,1,3,0.0
CT2 8BN,E63012524,51.282289,1.073795,22141,UF1,Canterbury,55090.0,Medium,0,5,16,927.0
CT20 1AU,E63013049,51.079822,1.178144,4635,UN1,Folkestone,51995.0,Medium,6,9,14,284.0
CT20 1DP,E63013049,51.079625,1.179773,4635,UN1,Folkestone,51995.0,Medium,6,9,14,333.0
CT20 1DW,E63013049,51.079103,1.178766,4635,UN1,Folkestone,51995.0,Medium,6,8,14,368.0
CT20 1ES,E63013049,51.082864,1.177410,1761,UN1,Folkestone,51995.0,Medium,7,11,14,63.0
CT20 2HN,E63013049,51.076579,1.159045,11441,UN1,Folkestone,51995.0,Medium,1,1,14,0.0
CT20 2QN,E63013049,51.082358,1.171549,8797,UN1,Folkestone,51995.0,Medium,4,8,18,251.0
CT21 5JH,E63013077,51.071778,1.085934,17605,UN1,Hythe,14620.0,Small,6,6,6,39.0
CT21 5LE,E63013077,51.071509,1.085573,17605,UN1,Hythe,14620.0,Small,6,6,6,0.0
CT21 6BD,E63013077,51.069106,1.082530,17605,UN1,Hythe,14620.0,Small,6,6,6,0.0
CT3 2EW,E63012523,51.279065,1.278077,11716,RLF1,Ash (Dover),2530.0,Minor,1,1,1,108.0
CT3 3BB,E63012666,51.225483,1.202984,4622,RLF1,Aylesham,5785.0,Small,1,1,1,0.0
CT4 5JY,E63012624,51.247670,1.123293,26752,RLF1,Bridge,1540.0,Minor,1,1,1,427.0
CT5 1AP,E63012333,51.359433,1.024468,18652,UF1,Whitstable,32195.0,Medium,1,2,5,1791.0
CT5 1AY,E63012333,51.357973,1.024918,18652,UF1,Whitstable,32195.0,Medium,1,2,5,1788.0
CT5 2AJ,E63012333,51.363888,1.042779,29739,UF1,Whitstable,32195.0,Medium,0,2,8,579.0
CT5 2BJ,E63012333,51.363314,1.031592,16948,UF1,Whitstable,32195.0,Medium,0,3,5,1302.0
CT5 2QT,E63012333,51.360794,1.066883,9133,UF1,Whitstable,32195.0,Medium,0,2,4,1168.0
CT5 3EE,E63012333,51.346715,1.042877,18094,UF1,Whitstable,32195.0,Medium,0,0,6,1704.0
CT5 3QS,E63012333,51.357529,1.061407,23113,UF1,Whitstable,32195.0,Medium,1,3,5,895.0
CT5 3QT,E63012333,51.356497,1.056483,23113,UF1,Whitstable,32195.0,Medium,1,3,6,701.0
CT5 3SE,E63012333,51.340841,1.012616,29881,UF1,Whitstable,32195.0,Medium,1,2,2,0.0
CT5 4AR,E63012333,51.345185,1.001442,22816,UF1,Whitstable,32195.0,Medium,0,2,2,914.0
CT6 5EB,E63012287,51.371845,1.129572,5419,UF1,Herne Bay,24870.0,Medium,2,5,8,386.0
CT6 5NE,E63012287,51.371448,1.121195,2768,UF1,Herne Bay,24870.0,Medium,4,6,7,0.0
CT6 5RE,E63012287,51.369704,1.125187,5419,UF1,Herne Bay,24870.0,Medium,5,6,7,0.0
CT6 6PD,E63012287,51.369956,1.154691,20416,UF1,Herne Bay,24870.0,Medium,0,1,5,849.0
CT6 6SR,E63012287,51.369171,1.170127,20131,UF1,Herne Bay,24870.0,Medium,1,1,3,0.0
CT6 7LY,E63012314,51.354508,1.143487,25402,UF1,Herne,14875.0,Small,0,0,2,1489.0
CT6 8QQ,E63012287,51.366715,1.111778,14107,UF1,Herne Bay,24870.0,Medium,0,5,6,828.0
CT7 9RE,E63012241,51.376065,1.304365,14940,UF1,Margate,63320.0,Medium,2,2,2,466.0
CT7 9SF,E63012241,51.376712,1.298318,14940,UF1,Margate,63320.0,Medium,2,2,2,75.0
CT8 8RF,E63012241,51.382067,1.337241,10914,UF1,Margate,63320.0,Medium,1,1,3,142.0
CT9 1JN,E63012241,51.387330,1.381140,67,UF1,Margate,63320.0,Medium,2,4,9,202.0
CT9 1PU,E63012241,51.388830,1.382746,139,UF1,Margate,63320.0,Medium,3,4,9,303.0
CT9 2NA,E63012241,51.382614,1.397682,4057,UF1,Margate,63320.0,Medium,0,4,11,600.0
CT9 2PN,E63012241,51.386882,1.402168,3804,UF1,Margate,63320.0,Medium,0,6,11,549.0
CT9 2QN,E63012241,51.388222,1.394763,1033,UF1,Margate,63320.0,Medium,0,6,10,717.0
CT9 3EZ,E63012241,51.386409,1.424587,16111,UF1,Margate,63320.0,Medium,0,2,6,804.0
CT9 3NR,E63012241,51.390284,1.414813,12870,UF1,Margate,63320.0,Medium,1,3,7,0.0
CT9 3RB,E63012241,51.382294,1.406542,3259,UF1,Margate,63320.0,Medium,1,3,12,45.0
CT9 5JW,E63012241,51.380059,1.354630,14826,UF1,Margate,63320.0,Medium,1,1,3,264.0
CV1 1DL,E63010120,52.407193,-1.513425,13010,UN1,Coventry,344285.0,Major,6,14,42,218.0
CV1 1DN,E63010120,52.407655,-1.514155,13010,UN1,Coventry,344285.0,Major,6,14,41,208.0
CV1 1DS,E63010120,52.408033,-1.514371,13010,UN1,Coventry,344285.0,Major,6,14,39,184.0
CV1 1LF,E63010120,52.406745,-1.511563,13010,UN1,Coventry,344285.0,Major,5,12,41,97.0
CV1 2HW,E63010120,52.407113,-1.494169,10491,UN1,Coventry,344285.0,Major,3,11,41,256.0
CV1 2HZ,E63010120,52.406836,-1.492482,10491,UN1,Coventry,344285.0,Major,3,12,41,149.0
CV1 3HQ,E63010120,52.407844,-1.527633,14593,UN1,Coventry,344285.0,Major,1,11,31,0.0
CV1 4FS,E63010120,52.413455,-1.507828,1511,UN1,Coventry,344285.0,Major,4,13,44,0.0
CV1 5AE,E63010120,52.415254,-1.501589,232,UN1,Coventry,344285.0,Major,4,10,50,468.0
CV1 5AX,E63010120,52.415642,-1.491469,2911,UN1,Coventry,344285.0,Major,0,11,44,666.0
CV1 5EA,E63010120,52.407879,-1.494498,10491,UN1,Coventry,344285.0,Major,3,13,44,327.0
CV1 5JF,E63010120,52.413418,-1.499184,232,UN1,Coventry,344285.0,Major,1,10,43,519.0
CV10 0JH,E63009949,52.537247,-1.516310,5466,UN1,Nuneaton,88815.0,Large,1,3,5,0.0
CV10 7NJ,E63009949,52.515642,-1.498657,18823,UN1,Nuneaton,88815.0,Large,1,3,12,120.0
CV10 8BW,E63009949,52.521597,-1.490925,11817,UN1,Nuneaton,88815.0,Large,1,3,22,173.0
CV10 9FB,E63009949,52.530727,-1.505001,1762,UN1,Nuneaton,88815.0,Large,1,1,9,290.0
CV10 9NH,E63009949,52.523910,-1.535322,23332,UN1,Nuneaton,88815.0,Large,0,0,2,1963.0
CV11 4EA,E63009949,52.522545,-1.467362,2157,UN1,Nuneaton,88815.0,Large,9,17,23,86.0
CV11 4EE,E63009949,52.522558,-1.468202,2157,UN1,Nuneaton,88815.0,Large,8,17,23,91.0
CV11 4FL,E63009949,52.526965,-1.466571,2157,UN1,Nuneaton,88815.0,Large,2,13,23,414.0
CV11 4JG,E63009949,52.517975,-1.458811,10413,UN1,Nuneaton,88815.0,Large,1,12,21,478.0
CV11 5HY,E63009949,52.527266,-1.475766,3395,UN1,Nuneaton,88815.0,Large,1,10,21,134.0
CV11 5LE,E63009949,52.522137,-1.474515,3395,UN1,Nuneaton,88815.0,Large,8,15,24,0.0
CV11 5NU,E63009949,52.519017,-1.474405,11373,UN1,Nuneaton,88815.0,Large,8,15,24,56.0
CV11 5QU,E63009949,52.517881,-1.469703,9458,UN1,Nuneaton,88815.0,Large,7,14,25,128.0
CV11 5RE,E63009949,52.520103,-1.472196,3395,UN1,Nuneaton,88815.0,Large,12,16,25,192.0
CV11 5TW,E63009949,52.519012,-1.467449,5484,UN1,Nuneaton,88815.0,Large,9,14,23,0.0
CV11 6DG,E63009949,52.536127,-1.445289,30825,UN1,Nuneaton,88815.0,Large,0,0,2,1353.0
CV11 6PF,E63009949,52.506200,-1.435957,30065,UN1,Nuneaton,88815.0,Large,1,1,4,274.0
CV11 6SG,E63009949,52.514405,-1.444841,25899,UN1,Nuneaton,88815.0,Large,1,2,15,337.0
CV12 0BJ,E63010016,52.473167,-1.492942,11165,UN1,Bedworth,31090.0,Medium,0,1,9,706.0
CV12 8LP,E63010016,52.479694,-1.472400,8042,UN1,Bedworth,31090.0,Medium,5,6,8,118.0
CV12 8LY,E63010016,52.479906,-1.473620,8042,UN1,Bedworth,31090.0,Medium,5,6,8,155.0
CV12 8NF,E63010016,52.478945,-1.471806,8042,UN1,Bedworth,31090.0,Medium,5,6,8,66.0
CV12 8SX,E63010016,52.481488,-1.473586,8042,UN1,Bedworth,31090.0,Medium,5,6,8,323.0
CV12 9BG,E63010016,52.485068,-1.463854,4232,UN1,Bedworth,31090.0,Medium,0,5,7,930.0
CV12 9NH,E63010022,52.475619,-1.425291,12049,UN1,Bulkington,5670.0,Small,3,3,3,173.0
CV12 9NQ,E63010022,52.475694,-1.424127,12049,UN1,Bulkington,5670.0,Small,3,3,3,108.0
CV13 0JN,E63009754,52.624870,-1.401608,29632,RLN1,Market Bosworth,2105.0,Minor,1,1,1,4080.0
CV13 0JR,E63009754,52.623682,-1.401432,29632,RLN1,Market Bosworth,2105.0,Minor,1,1,1,4106.0
CV2 1AB,E63010120,52.428387,-1.454276,94,UN1,Coventry,344285.0,Major,2,5,23,0.0
CV2 1DB,E63010120,52.431955,-1.457836,2588,UN1,Coventry,344285.0,Major,2,5,23,464.0
CV2 1LQ,E63010120,52.435727,-1.472970,398,UN1,Coventry,344285.0,Major,1,4,30,595.0
CV2 1LS,E63010120,52.436653,-1.473032,398,UN1,Coventry,344285.0,Major,1,5,29,610.0
CV2 1XA,E63010120,52.435660,-1.464189,242,UN1,Coventry,344285.0,Major,1,5,21,0.0
CV2 2GG,E63010120,52.438520,-1.450665,18633,UN1,Coventry,344285.0,Major,2,5,16,437.0
CV2 2PN,E63010120,52.430186,-1.437016,13715,UN1,Coventry,344285.0,Major,0,5,16,760.0
CV2 2RH,E63010120,52.437583,-1.444410,23486,UN1,Coventry,344285.0,Major,2,3,17,0.0
CV2 2SH,E63010120,52.434189,-1.430111,23486,UN1,Coventry,344285.0,Major,0,1,12,1040.0
CV2 2TS,E63010120,52.413429,-1.441096,21484,UN1,Coventry,344285.0,Major,0,2,17,830.0
CV2 3AS,E63010120,52.421419,-1.452156,13220,UN1,Coventry,344285.0,Major,1,9,24,463.0
CV2 3LA,E63010120,52.425467,-1.470548,13879,UN1,Coventry,344285.0,Major,0,4,34,660.0
CV2 3NE,E63010120,52.419739,-1.470322,13818,UN1,Coventry,344285.0,Major,1,6,33,36.0
CV2 4BA,E63010120,52.411391,-1.481271,6767,UN1,Coventry,344285.0,Major,3,12,34,188.0
CV2 4BL,E63010120,52.411168,-1.473629,14416,UN1,Coventry,344285.0,Major,0,11,27,650.0
CV2 4HH,E63010120,52.410790,-1.483616,6767,UN1,Coventry,344285.0,Major,3,12,37,229.0
CV2 4LJ,E63010120,52.412791,-1.482828,3463,UN1,Coventry,344285.0,Major,3,12,36,0.0
CV2 4PR,E63010120,52.421018,-1.483055,6685,UN1,Coventry,344285.0,Major,0,9,42,907.0
CV2 5EP,E63010120,52.416835,-1.458315,16464,UN1,Coventry,344285.0,Major,1,5,24,0.0
CV2 5FS,E63010120,52.408563,-1.459989,19533,UN1,Coventry,344285.0,Major,2,5,24,456.0
CV2 5LX,E63010120,52.407907,-1.465980,19533,UN1,Coventry,344285.0,Major,2,4,28,199.0
CV21 1LT,E63010190,52.390017,-1.245217,20661,UN1,Rugby,78120.0,Large,1,2,8,263.0
CV21 1RG,E63010190,52.387528,-1.256691,17285,UN1,Rugby,78120.0,Large,1,4,19,845.0
CV21 1RW,E63010190,52.385231,-1.258860,17285,UN1,Rugby,78120.0,Large,1,5,19,563.0
CV21 2AS,E63010190,52.372765,-1.266591,6507,UN1,Rugby,78120.0,Large,6,11,18,65.0
CV21 2JR,E63010190,52.373085,-1.263162,6507,UN1,Rugby,78120.0,Large,6,15,18,173.0
CV21 3AQ,E63010190,52.370602,-1.251409,16326,UN1,Rugby,78120.0,Large,3,12,19,0.0
CV21 3BX,E63010190,52.371755,-1.263214,18808,UN1,Rugby,78120.0,Large,6,15,18,153.0
CV21 3EB,E63010190,52.372611,-1.263479,18808,UN1,Rugby,78120.0,Large,6,15,18,147.0
CV21 3HX,E63010190,52.377521,-1.253774,7521,UN1,Rugby,78120.0,Large,2,13,20,0.0
CV21 3QF,E63010190,52.371937,-1.252150,16625,UN1,Rugby,78120.0,Large,3,14,19,0.0
CV21 3SP,E63010190,52.371760,-1.265461,18808,UN1,Rugby,78120.0,Large,6,12,18,0.0
CV21 3XH,E63010190,52.380660,-1.242673,18753,UN1,Rugby,78120.0,Large,0,2,19,830.0
CV22 5BP,E63010190,52.360928,-1.230352,27191,UN1,Rugby,78120.0,Large,0,0,4,1789.0
CV22 6HU,E63010190,52.352216,-1.272951,29268,UN1,Rugby,78120.0,Large,0,0,3,1735.0
CV22 6NU,E63010280,52.337139,-1.289239,26762,RLN1,Dunchurch,2605.0,Minor,1,1,1,105.0
CV22 7LZ,E63010190,52.359104,-1.290958,25600,UN1,Rugby,78120.0,Large,0,0,1,2231.0
CV23 0LN,E63010118,52.410822,-1.361285,18502,RSN1,Brinklow,1120.0,Minor,1,1,1,164.0
CV3 1AT,E63010120,52.403341,-1.486671,11990,UN1,Coventry,344285.0,Major,2,10,36,328.0
CV3 1DP,E63010120,52.398454,-1.475220,4380,UN1,Coventry,344285.0,Major,1,3,25,127.0
CV3 1HU,E63010120,52.406359,-1.477831,15734,UN1,Coventry,344285.0,Major,1,12,26,459.0
CV3 2JF,E63010120,52.399863,-1.443089,21614,UN1,Coventry,344285.0,Major,1,3,12,229.0
CV3 2JL,E63010150,52.390586,-1.419004,27700,UN1,Binley Woods,2570.0,Minor,0,0,3,2126.0
CV3 2JU,E63010120,52.394118,-1.454742,7595,UN1,Coventry,344285.0,Major,0,5,14,796.0
CV3 2RL,E63010120,52.391959,-1.440735,7630,UN1,Coventry,344285.0,Major,0,4,8,954.0
CV3 2SB,E63010120,52.397677,-1.433373,29448,UN1,Coventry,344285.0,Major,0,3,6,918.0
CV3 3AD,E63010120,52.385235,-1.472467,1274,UN1,Coventry,344285.0,Major,1,4,8,0.0
CV3 3DP,E63010120,52.389005,-1.463121,1832,UN1,Coventry,344285.0,Major,2,5,12,0.0
CV3 4AR,E63010120,52.391411,-1.486839,17445,UN1,Coventry,344285.0,Major,0,1,22,1000.0
CV3 5GU,E63010120,52.394857,-1.500084,22861,UN1,Coventry,344285.0,Major,3,6,27,470.0
CV3 5HD,E63010120,52.394488,-1.506451,22861,UN1,Coventry,344285.0,Major,4,7,29,390.0
CV3 5HW,E63010120,52.393926,-1.507369,29539,UN1,Coventry,344285.0,Major,3,7,27,371.0
CV3 5PZ,E63010120,52.391340,-1.503915,11801,UN1,Coventry,344285.0,Major,4,6,22,0.0
CV3 6BP,E63010120,52.385054,-1.532018,24466,UN1,Coventry,344285.0,Major,1,1,11,445.0
CV3 6EJ,E63010120,52.375257,-1.519136,30189,UN1,Coventry,344285.0,Major,0,1,5,954.0
CV3 6FQ,E63010120,52.384723,-1.514626,32380,UN1,Coventry,344285.0,Major,0,3,12,592.0
CV3 6GQ,E63010120,52.390021,-1.515420,31124,UN1,Coventry,344285.0,Major,1,6,21,0.0
CV3 6TA,E63010120,52.402498,-1.519311,9434,UN1,Coventry,344285.0,Major,1,13,36,109.0
CV31 1NL,E63010375,52.282843,-1.516618,15895,UN1,Royal Leamington Spa,51310.0,Medium,1,9,20,437.0
CV31 1YD,E63010375,52.276205,-1.515810,20750,UN1,Royal Leamington Spa,51310.0,Medium,1,2,16,388.0
CV31 2BB,E63010375,52.283186,-1.530496,16392,UN1,Royal Leamington Spa,51310.0,Medium,5,11,26,0.0
CV31 2DT,E63010375,52.281760,-1.531200,16392,UN1,Royal Leamington Spa,51310.0,Medium,5,9,26,166.0
CV31 2LY,E63010452,52.268977,-1.529474,27194,UN1,Whitnash,8915.0,Small,0,4,18,627.0
CV31 3AG,E63010375,52.284559,-1.532094,16533,UN1,Royal Leamington Spa,51310.0,Medium,5,15,26,147.0
CV31 3BH,E63010375,52.277695,-1.533324,8562,UN1,Royal Leamington Spa,51310.0,Medium,1,6,28,640.0
CV32 4BL,E63010375,52.291531,-1.535334,12996,UN1,Royal Leamington Spa,51310.0,Medium,7,12,24,220.0
CV32 4BT,E63010375,52.291021,-1.536043,19635,UN1,Royal Leamington Spa,51310.0,Medium,7,12,24,208.0
CV32 4DE,E63010375,52.292727,-1.535527,19635,UN1,Royal Leamington Spa,51310.0,Medium,7,10,24,199.0
CV32 4PN,E63010375,52.293213,-1.531167,24925,UN1,Royal Leamington Spa,51310.0,Medium,7,9,21,100.0
CV32 4RA,E63010375,52.292905,-1.532607,19635,UN1,Royal Leamington Spa,51310.0,Medium,7,9,23,0.0
CV32 6DS,E63010375,52.292349,-1.549342,24456,UN1,Royal Leamington Spa,51310.0,Medium,0,5,20,748.0
CV32 7AG,E63010375,52.302600,-1.522284,14817,UN1,Royal Leamington Spa,51310.0,Medium,2,2,13,344.0
CV32 7SH,E63010375,52.302171,-1.518578,14817,UN1,Royal Leamington Spa,51310.0,Medium,2,2,12,100.0
CV33 9HW,E63010519,52.236717,-1.455367,32825,RLN1,Harbury,2750.0,Minor,1,1,1,189.0
CV34 4DH,E63010420,52.281264,-1.591406,23846,UN1,Warwick,36680.0,Medium,4,5,11,443.0
CV34 4NA,E63010420,52.283444,-1.585023,26241,UN1,Warwick,36680.0,Medium,4,6,11,0.0
CV34 4SA,E63010420,52.281880,-1.590095,23846,UN1,Warwick,36680.0,Medium,4,5,11,373.0
CV34 5QJ,E63010420,52.286946,-1.566344,21375,UN1,Warwick,36680.0,Medium,1,2,14,470.0
CV34 5RN,E63010420,52.294526,-1.586489,24283,UN1,Warwick,36680.0,Medium,1,3,10,110.0
CV34 6BT,E63010420,52.268952,-1.608782,32252,UN1,Warwick,36680.0,Medium,1,1,4,17.0
CV34 6DZ,E63010420,52.268681,-1.538679,29165,UN1,Warwick,36680.0,Medium,2,3,14,0.0
CV34 6RH,E63010420,52.278337,-1.548165,29165,UN1,Warwick,36680.0,Medium,0,1,24,859.0
CV34 7BR,E63010420,52.266481,-1.553282,31507,UN1,Warwick,36680.0,Medium,0,1,8,907.0
CV35 0HN,E63010694,52.157029,-1.512017,19918,RLN1,Kineton,2235.0,Minor,1,1,1,156.0
CV35 9RH,E63010618,52.196340,-1.593808,21420,RLN1,Wellesbourne,7020.0,Small,1,1,1,0.0
CV36 4AF,E63010939,52.063579,-1.624959,20775,RLF1,Shipston-on-Stour,5850.0,Small,1,2,2,419.0
CV36 4FF,E63010939,52.069435,-1.631723,31597,RSF1,Shipston-on-Stour,5850.0,Small,0,2,2,610.0
CV37 0BT,E63010611,52.199290,-1.714199,13014,UN1,Stratford-upon-Avon,28120.0,Medium,2,9,10,501.0
CV37 0UA,E63010611,52.202761,-1.714441,13014,UN1,Stratford-upon-Avon,28120.0,Medium,1,5,10,886.0
CV37 6AB,E63010611,52.192435,-1.704894,17145,UN1,Stratford-upon-Avon,28120.0,Medium,2,9,11,402.0
CV37 6AU,E63010611,52.192007,-1.706462,17145,UN1,Stratford-upon-Avon,28120.0,Medium,2,9,11,286.0
CV37 6HJ,E63010611,52.194836,-1.712721,19597,UN1,Stratford-upon-Avon,28120.0,Medium,5,10,11,0.0
CV37 6PP,E63010611,52.193742,-1.713737,19597,UN1,Stratford-upon-Avon,28120.0,Medium,6,9,11,0.0
CV37 8LU,,52.179491,-1.698589,26578,RSN1,,,,0,0,8,1452.0
CV37 9DA,E63010611,52.195863,-1.717177,9586,UN1,Stratford-upon-Avon,28120.0,Medium,6,10,10,302.0
CV4 7AL,E63010120,52.385682,-1.564820,23686,UN1,Coventry,344285.0,Major,0,1,4,1059.0
CV4 7EH,E63010120,52.387830,-1.554867,17768,UN1,Coventry,344285.0,Major,0,4,10,816.0
CV4 8FT,E63010120,52.394616,-1.559428,4828,UN1,Coventry,344285.0,Major,2,3,13,0.0
CV4 9AE,E63010120,52.411673,-1.597909,16198,UN1,Coventry,344285.0,Major,0,0,5,1358.0
CV4 9DR,E63010120,52.404339,-1.560508,17212,UN1,Coventry,344285.0,Major,2,3,18,0.0
CV4 9DU,E63010120,52.403702,-1.563336,17212,UN1,Coventry,344285.0,Major,2,3,15,205.0
CV4 9HS,E63010120,52.398845,-1.595718,23533,UN1,Coventry,344285.0,Major,0,0,4,1454.0
CV4 9PP,E63010120,52.406719,-1.577139,3195,UN1,Coventry,344285.0,Major,2,3,14,97.0
CV47 0HE,E63010491,52.252382,-1.388141,28351,RLN1,Southam (Stratford-on-Avon),8110.0,Small,2,3,3,164.0
CV5 6BT,E63010120,52.396466,-1.553987,25389,UN1,Coventry,344285.0,Major,2,5,17,423.0
CV5 6EP,E63010120,52.399005,-1.531827,16552,UN1,Coventry,344285.0,Major,2,4,28,152.0
CV5 6GX,E63010120,52.404140,-1.534492,16580,UN1,Coventry,344285.0,Major,2,7,29,224.0
CV5 7NJ,E63010120,52.416224,-1.570270,30585,UN1,Coventry,344285.0,Major,0,2,13,952.0
CV5 8BX,E63010120,52.412554,-1.531964,16141,UN1,Coventry,344285.0,Major,0,7,30,600.0
CV5 8FJ,E63010120,52.408147,-1.538228,13579,UN1,Coventry,344285.0,Major,0,6,26,719.0
CV5 8HU,E63010120,52.417473,-1.543924,22424,UN1,Coventry,344285.0,Major,0,4,20,918.0
CV5 9HA,E63010120,52.424624,-1.566452,17157,UN1,Coventry,344285.0,Major,1,2,6,134.0
CV5 9JE,E63010120,52.413031,-1.555334,29755,UN1,Coventry,344285.0,Major,2,3,19,0.0
CV5 9JG,E63010120,52.413132,-1.553525,29755,UN1,Coventry,344285.0,Major,2,3,20,123.0
CV6 1HQ,E63010120,52.417296,-1.526209,2128,UN1,Coventry,344285.0,Major,1,4,35,295.0
CV6 2BQ,E63010120,52.430552,-1.531846,18418,UN1,Coventry,344285.0,Major,0,6,18,829.0
CV6 2FL,E63010120,52.438011,-1.531076,8491,UN1,Coventry,344285.0,Major,1,3,17,0.0
CV6 2HT,E63010120,52.443280,-1.522208,16295,UN1,Coventry,344285.0,Major,2,9,15,839.0
CV6 3AA,E63010120,52.424133,-1.522915,6071,UN1,Coventry,344285.0,Major,3,8,37,64.0
CV6 3ET,E63010120,52.431281,-1.516352,9150,UN1,Coventry,344285.0,Major,2,6,33,103.0
CV6 3EX,E63010120,52.431637,-1.517701,9150,UN1,Coventry,344285.0,Major,2,6,33,32.0
CV6 4DD,E63010120,52.441056,-1.508316,9389,UN1,Coventry,344285.0,Major,1,8,34,0.0
CV6 4FR,E63010120,52.442932,-1.516254,4340,UN1,Coventry,344285.0,Major,2,7,22,577.0
CV6 4HF,E63010120,52.446234,-1.510347,6837,UN1,Coventry,344285.0,Major,2,7,26,317.0
CV6 4HN,E63010120,52.448999,-1.511508,13904,UN1,Coventry,344285.0,Major,3,7,20,0.0
CV6 4HZ,E63010120,52.446885,-1.517873,13904,UN1,Coventry,344285.0,Major,4,7,15,491.0
CV6 5EA,E63010120,52.423549,-1.494673,3194,UN1,Coventry,344285.0,Major,3,14,45,299.0
CV6 5ED,E63010120,52.425820,-1.493735,1530,UN1,Coventry,344285.0,Major,4,13,42,137.0
CV6 5FL,E63010120,52.428822,-1.495672,3127,UN1,Coventry,344285.0,Major,7,13,41,230.0
CV6 5HP,E63010120,52.433881,-1.495129,2041,UN1,Coventry,344285.0,Major,3,12,33,289.0
CV6 5JR,E63010120,52.430998,-1.497838,2041,UN1,Coventry,344285.0,Major,6,13,37,133.0
CV6 5LL,E63010120,52.432159,-1.498325,2041,UN1,Coventry,344285.0,Major,6,12,35,0.0
CV6 5NN,E63010120,52.433158,-1.502874,6607,UN1,Coventry,344285.0,Major,3,13,39,328.0
CV6 5SF,E63010120,52.426650,-1.503108,3806,UN1,Coventry,344285.0,Major,3,13,36,215.0
CV6 6AS,E63010120,52.444469,-1.492507,4964,UN1,Coventry,344285.0,Major,1,7,27,547.0
CV6 6DR,E63010120,52.449950,-1.485543,12303,UN1,Coventry,344285.0,Major,2,7,17,0.0
CV6 6DX,E63010120,52.444943,-1.487837,5452,UN1,Coventry,344285.0,Major,2,7,26,232.0
CV6 6PA,,52.455768,-1.494349,19946,UN1,,,,0,3,16,513.0
CV6 7NB,E63010120,52.439606,-1.486472,10746,UN1,Coventry,344285.0,Major,1,6,32,583.0
CV6 7ND,E63010120,52.440062,-1.485893,10746,UN1,Coventry,344285.0,Major,1,7,30,525.0
CV6 7NS,E63010120,52.427973,-1.484372,6251,UN1,Coventry,344285.0,Major,0,8,35,729.0
CV7 7FD,E63010157,52.391660,-1.648816,32334,RLN1,Balsall Common,7095.0,Small,2,2,2,499.0
CV7 7LN,E63010083,52.437698,-1.648614,17405,RLN1,Meriden,2205.0,Minor,0,0,0,3906.0
CV7 7RW,E63010157,52.394972,-1.643852,32334,RLN1,Balsall Common,7095.0,Small,2,2,2,0.0
CV7 8JX,E63010050,52.460903,-1.536440,14281,UN1,Keresley Newlands,3630.0,Minor,0,0,0,2146.0
CV7 8PF,E63009961,52.510670,-1.584439,9282,RSN1,Old Arley,550.0,Minor,1,1,1,71.0
CV8 1JB,E63010277,52.342288,-1.577736,25893,UN1,Kenilworth,22235.0,Medium,4,4,5,79.0
CV8 1JD,E63010277,52.342979,-1.577451,25893,UN1,Kenilworth,22235.0,Medium,4,4,5,0.0
CV8 1JP,E63010277,52.341508,-1.575821,25893,UN1,Kenilworth,22235.0,Medium,4,4,5,0.0
CV8 2DE,E63010277,52.347313,-1.557958,30223,UN1,Kenilworth,22235.0,Medium,0,0,5,1374.0
CV8 3HF,E63010183,52.376562,-1.392348,28130,RLN1,Wolston,2695.0,Minor,2,2,2,37.0
CV8 3HG,E63010183,52.376806,-1.392727,17036,RLN1,Wolston,2695.0,Minor,2,2,2,0.0
CV9 1BB,E63009850,52.577330,-1.547212,5646,UN1,Atherstone,8665.0,Small,3,3,3,101.0
CV9 1EU,E63009850,52.578507,-1.542359,5646,UN1,Atherstone,8665.0,Small,3,3,3,0.0
CV9 2EW,E63009823,52.585951,-1.599682,14668,RLN1,Grendon (North Warwickshire),2430.0,Minor,0,0,0,2236.0
CV9 2JA,E63009888,52.559753,-1.641326,12560,RLN1,Hurley (North Warwickshire),1420.0,Minor,0,0,0,2660.0
CW1 2DD,E63008902,53.094666,-2.437500,8079,UN1,Crewe,74120.0,Medium,5,12,19,359.0
CW1 2EX,E63008902,53.098276,-2.440822,8079,UN1,Crewe,74120.0,Medium,7,15,19,124.0
CW1 2NG,E63008902,53.099650,-2.441150,8079,UN1,Crewe,74120.0,Medium,5,15,18,249.0
CW1 2PT,E63008902,53.099712,-2.443988,2475,UN1,Crewe,74120.0,Medium,6,13,18,267.0
CW1 2RP,E63008902,53.096924,-2.434596,8079,UN1,Crewe,74120.0,Medium,2,10,18,508.0
CW1 3AW,E63008902,53.098829,-2.453970,5472,UN1,Crewe,74120.0,Medium,4,10,18,0.0
CW1 3AX,E63008902,53.098855,-2.449595,5472,UN1,Crewe,74120.0,Medium,6,11,19,284.0
CW1 3HH,E63008902,53.102128,-2.454050,2564,UN1,Crewe,74120.0,Medium,4,9,18,29.0
CW1 4NL,E63008902,53.112256,-2.442743,13762,UN1,Crewe,74120.0,Medium,0,0,15,1327.0
CW1 5HA,E63008902,53.097886,-2.427004,15053,UN1,Crewe,74120.0,Medium,1,5,17,0.0
CW1 5QY,E63008898,53.097700,-2.394938,25522,RLN1,Haslington,5040.0,Small,1,1,1,0.0
CW10 0DJ,E63008785,53.180005,-2.438247,19294,UN1,Middlewich,14425.0,Small,0,0,5,1277.0
CW10 9AG,E63008785,53.192656,-2.446862,17475,UN1,Middlewich,14425.0,Small,4,4,5,195.0
CW10 9BE,E63008785,53.190456,-2.446210,15710,UN1,Middlewich,14425.0,Small,4,4,5,0.0
CW11 1AH,E63008835,53.143871,-2.363218,8813,UN1,Sandbach,11290.0,Small,4,4,6,198.0
CW11 1DH,E63008835,53.144839,-2.366785,11630,UN1,Sandbach,11290.0,Small,4,4,6,45.0
CW11 1EG,E63008835,53.144882,-2.361777,8813,UN1,Sandbach,11290.0,Small,4,4,5,86.0
CW11 3BD,E63008834,53.149984,-2.391365,23620,UN1,Elworth,7645.0,Small,0,0,5,1705.0
CW11 3PA,E63008818,53.158484,-2.402928,17509,RSN1,Stud Green (Cheshire East),,,0,0,1,2824.0
CW11 4TA,,53.139397,-2.341071,14634,RSN1,,,,0,0,5,1578.0
CW12 1AU,E63008814,53.163292,-2.212855,9469,UN1,Congleton,30005.0,Medium,7,10,13,98.0
CW12 1AY,E63008814,53.163174,-2.213483,17786,UN1,Congleton,30005.0,Medium,6,10,13,142.0
CW12 1JN,E63008814,53.163538,-2.216117,9469,UN1,Congleton,30005.0,Medium,6,10,13,52.0
CW12 1JP,E63008814,53.163779,-2.216791,9469,UN1,Congleton,30005.0,Medium,7,10,12,0.0
CW12 1LJ,E63008814,53.169314,-2.217792,9469,UN1,Congleton,30005.0,Medium,1,8,12,619.0
CW12 1LR,E63008814,53.167919,-2.218817,9469,UN1,Congleton,30005.0,Medium,3,8,12,480.0
CW12 2AT,E63008814,53.172450,-2.198045,11683,UN1,Congleton,30005.0,Medium,0,0,12,1165.0
CW12 3DN,E63008814,53.161868,-2.204473,30021,UN1,Congleton,30005.0,Medium,1,8,12,159.0
CW12 3LG,E63008814,53.155637,-2.189549,29829,UN1,Congleton,30005.0,Medium,0,0,8,1362.0
CW12 4NB,E63008814,53.164973,-2.236272,20135,UN1,Congleton,30005.0,Medium,0,0,9,1305.0
CW2 5DA,E63008953,53.066550,-2.453958,26024,UN1,Shavington,4975.0,Minor,1,1,2,0.0
CW2 6DF,E63008902,53.088100,-2.443346,10035,UN1,Crewe,74120.0,Medium,1,4,18,426.0
CW2 6NA,E63008902,53.081136,-2.445111,9391,UN1,Crewe,74120.0,Medium,0,1,12,1179.0
CW2 8HY,E63008902,53.080110,-2.475836,32020,UN1,Crewe,74120.0,Medium,0,0,1,2100.0
CW2 8UR,E63008902,53.089313,-2.464785,10119,UN1,Crewe,74120.0,Medium,0,0,16,1281.0
CW3 0AH,E63009055,52.989631,-2.508717,19889,RLN1,Audlem,1835.0,Minor,1,1,1,0.0
CW3 9JP,E63009033,53.003542,-2.335559,29366,RLN1,Madeley,3290.0,Minor,0,1,1,773.0
CW4 7AP,E63008767,53.201052,-2.356201,25772,RLN1,Holmes Chapel,6670.0,Small,1,1,1,95.0
CW4 8JP,E63008738,53.227740,-2.340918,21468,RSN1,Goostrey,1950.0,Minor,0,0,0,3217.0
CW5 5LN,E63008946,53.068143,-2.523387,11284,UN1,Nantwich,18740.0,Small,4,4,5,326.0
CW5 5NF,E63008946,53.069075,-2.519876,11284,UN1,Nantwich,18740.0,Small,4,4,5,137.0
CW5 5NX,E63008946,53.068155,-2.518507,9887,UN1,Nantwich,18740.0,Small,4,4,5,0.0
CW5 5SP,E63008946,53.064763,-2.519212,13339,UN1,Nantwich,18740.0,Small,4,4,5,380.0
CW5 6PH,E63008946,53.078032,-2.514893,25979,UN1,Nantwich,18740.0,Small,0,0,5,1124.0
CW6 0AB,E63008825,53.158424,-2.667936,32514,RLN1,Tarporley,3210.0,Minor,1,1,1,173.0
CW6 0RZ,E63008758,53.208848,-2.715152,32280,RLN1,Kelsall,2995.0,Minor,1,1,1,273.0
CW7 1AT,E63008784,53.191333,-2.530289,7134,UF1,Winsford,32530.0,Medium,4,5,10,0.0
CW7 1BA,E63008784,53.191777,-2.527510,7134,UF1,Winsford,32530.0,Medium,4,5,10,118.0
CW7 1BD,E63008784,53.190560,-2.528333,7134,UF1,Winsford,32530.0,Medium,4,5,10,156.0
CW7 1QS,E63008784,53.184217,-2.543654,3611,UF1,Winsford,32530.0,Medium,1,1,7,145.0
CW7 3GY,E63008784,53.195554,-2.504340,9183,UF1,Winsford,32530.0,Medium,2,2,8,0.0
CW8 1QL,E63008707,53.245000,-2.545712,26255,UN1,Hartford,6695.0,Small,0,0,3,1126.0
CW8 2NT,E63008721,53.233887,-2.600359,17606,RLN1,Cuddington (Cheshire West and Chester),5860.0,Small,0,0,0,3507.0
CW8 3DE,E63008689,53.257225,-2.568728,8647,RLN1,Weaverham,6265.0,Small,0,2,3,812.0
CW8 3EU,E63008689,53.262306,-2.577506,25553,RLN1,Weaverham,6265.0,Small,1,2,2,0.0
CW8 4AZ,E63008690,53.253820,-2.537386,22115,UN1,Northwich,18640.0,Small,1,1,11,0.0
CW8 4EY,E63008672,53.269989,-2.547681,17114,UN1,Barnton,6255.0,Small,2,2,5,298.0
CW8 4LF,E63008672,53.271695,-2.544224,17114,UN1,Barnton,6255.0,Small,2,2,2,0.0
CW9 5DH,E63008690,53.262110,-2.512439,4975,UN1,Northwich,18640.0,Small,6,10,16,87.0
CW9 5HN,E63008690,53.257934,-2.511475,4975,UN1,Northwich,18640.0,Small,6,10,17,57.0
CW9 5HQ,E63008690,53.256654,-2.512419,4975,UN1,Northwich,18640.0,Small,3,10,17,175.0
CW9 5LY,E63008690,53.262654,-2.496405,7904,UN1,Northwich,18640.0,Small,1,7,13,524.0
CW9 5QY,E63008690,53.262445,-2.503448,4975,UN1,Northwich,18640.0,Small,4,11,14,55.0
CW9 5RT,E63008690,53.263269,-2.508256,4975,UN1,Northwich,18640.0,Small,6,11,13,225.0
CW9 7DA,E63008690,53.257451,-2.489569,7904,UN1,Northwich,18640.0,Small,1,3,14,30.0
CW9 7QB,E63008674,53.271927,-2.461649,15123,UN1,Lostock Gralam,2720.0,Minor,0,0,0,2432.0
CW9 8BQ,E63008725,53.244930,-2.506494,4999,UN1,Davenham,13835.0,Small,0,2,14,1525.0
CW9 8NE,E63008725,53.236341,-2.509749,32570,UN1,Davenham,13835.0,Small,0,2,2,2438.0
CW9 8UW,E63008725,53.243139,-2.519555,32794,UN1,Davenham,13835.0,Small,0,2,9,1679.0
DA1 1DE,E63012157,51.444237,0.219426,9952,UN1,Dartford,69130.0,Medium,5,10,16,366.0
DA1 1HP,E63012157,51.441837,0.215568,9952,UN1,Dartford,69130.0,Medium,5,8,15,0.0
DA1 1YD,E63012157,51.441722,0.232529,18108,UN1,Dartford,69130.0,Medium,1,2,16,325.0
DA1 2EF,E63012157,51.445490,0.208765,22488,UN1,Dartford,69130.0,Medium,2,10,16,125.0
DA1 2EU,E63012157,51.445626,0.209218,22488,UN1,Dartford,69130.0,Medium,2,10,15,151.0
DA1 2HS,E63012157,51.443721,0.216292,9952,UN1,Dartford,69130.0,Medium,5,8,15,166.0
DA1 2JP,E63012157,51.442468,0.214980,9952,UN1,Dartford,69130.0,Medium,5,8,15,0.0
DA1 3EN,E63012157,51.447252,0.198286,24604,UN1,Dartford,69130.0,Medium,1,4,14,0.0
DA1 3QA,E63012138,51.449660,0.181533,13369,UN1,Bexley,,,3,3,13,55.0
DA1 4HW,E63012138,51.449410,0.178556,13369,UN1,Bexley,,,3,3,12,201.0
DA1 4LD,E63012138,51.451254,0.181465,13369,UN1,Bexley,,,3,3,13,128.0
DA1 4RA,E63012138,51.463910,0.181766,22206,UN1,Bexley,,,0,2,18,921.0
DA1 5FP,E63012157,51.461473,0.226683,13281,UN1,Dartford,69130.0,Medium,0,1,3,985.0
DA1 5HY,E63012157,51.450932,0.227739,2133,UN1,Dartford,69130.0,Medium,1,2,13,269.0
DA10 0BF,E63012148,51.442058,0.312097,9421,UN1,Swanscombe,15460.0,Small,1,2,3,2328.0
DA10 0HF,E63012148,51.445537,0.310329,14105,UN1,Swanscombe,15460.0,Small,1,1,3,2596.0
DA10 1AD,E63012171,51.437037,0.304015,19091,UN1,Ebbsfleet Valley,2990.0,Minor,0,1,3,1798.0
DA11 0AY,E63012186,51.443130,0.369240,6523,UN1,Gravesend,58105.0,Medium,7,10,19,104.0
DA11 0DQ,E63012186,51.444195,0.360560,6523,UN1,Gravesend,58105.0,Medium,4,10,23,372.0
DA11 0HN,E63012186,51.440346,0.363225,12144,UN1,Gravesend,58105.0,Medium,5,12,20,0.0
DA11 0LJ,E63012186,51.433507,0.367879,19162,UN1,Gravesend,58105.0,Medium,1,8,26,48.0
DA11 0TA,E63012186,51.443058,0.366991,6523,UN1,Gravesend,58105.0,Medium,10,10,20,92.0
DA11 7QA,E63012186,51.428209,0.367504,21992,UN1,Gravesend,58105.0,Medium,0,5,26,606.0
DA11 8BS,E63012158,51.432850,0.348680,11584,UN1,Northfleet,29900.0,Medium,3,4,20,175.0
DA11 8BZ,E63012158,51.434831,0.343617,11584,UN1,Northfleet,29900.0,Medium,2,4,15,0.0
DA11 8LG,E63012158,51.425910,0.342671,12264,UN1,Northfleet,29900.0,Medium,0,3,9,994.0
DA11 9EU,E63012158,51.442920,0.336202,6113,UN1,Northfleet,29900.0,Medium,0,0,10,1036.0
DA12 1AS,E63012186,51.440482,0.369434,3918,UN1,Gravesend,58105.0,Medium,9,12,21,152.0
DA12 2EN,E63012186,51.443933,0.370016,3550,UN1,Gravesend,58105.0,Medium,7,10,17,0.0
DA12 2RE,E63012186,51.442118,0.371677,3550,UN1,Gravesend,58105.0,Medium,7,12,19,96.0
DA12 4NG,E63012186,51.418330,0.393803,28906,UN1,Gravesend,58105.0,Medium,0,1,7,1625.0
DA12 4TY,E63012186,51.431785,0.394205,5911,UN1,Gravesend,58105.0,Medium,1,2,11,456.0
DA12 5BW,E63012186,51.420966,0.370754,16064,UN1,Gravesend,58105.0,Medium,1,4,10,0.0
DA12 5DZ,E63012186,51.418273,0.382035,9288,UN1,Gravesend,58105.0,Medium,0,4,11,838.0
DA12 5HY,E63012186,51.426183,0.375613,24243,UN1,Gravesend,58105.0,Medium,0,6,19,671.0
DA12 5RT,E63012186,51.428561,0.385160,18980,UN1,Gravesend,58105.0,Medium,0,3,14,817.0
DA13 0HP,E63012298,51.384989,0.357525,30869,RLN1,Meopham,4350.0,Minor,0,0,1,1796.0
DA13 0TD,E63012439,51.330307,0.359455,27785,RLN1,Vigo Village,2005.0,Minor,0,0,0,4292.0
DA13 9JF,E63012236,51.406009,0.352970,28837,UN1,Istead Rise,3395.0,Minor,1,1,2,124.0
DA14 5BN,E63012138,51.412562,0.122846,13215,UN1,Bexley,,,0,2,8,1468.0
DA14 5DP,E63012138,51.415581,0.115047,3835,UN1,Bexley,,,1,2,11,1003.0
DA14 6ED,E63012138,51.426179,0.103827,22056,UN1,Bexley,,,4,6,11,228.0
DA14 6EH,E63012138,51.425763,0.103980,22056,UN1,Bexley,,,4,6,12,264.0
DA14 6EQ,E63012138,51.425834,0.104530,22056,UN1,Bexley,,,4,6,12,243.0
DA14 6JR,E63012138,51.418859,0.117298,3835,UN1,Bexley,,,1,3,11,944.0
DA14 6QL,E63012138,51.430459,0.085767,24090,UN1,Bexley,,,0,1,19,917.0
DA15 7DU,E63012138,51.431463,0.102574,22056,UN1,Bexley,,,1,5,14,446.0
DA15 8DJ,E63012138,51.441117,0.087217,29332,UN1,Bexley,,,1,1,13,193.0
DA15 8PW,E63012138,51.450569,0.101768,26633,UN1,Bexley,,,2,4,19,415.0
DA15 9ER,E63012138,51.445116,0.102438,27197,UN1,Bexley,,,0,3,16,995.0
DA15 9PS,E63012138,51.450941,0.103599,23374,UN1,Bexley,,,2,4,19,343.0
DA16 1LN,E63012138,51.468871,0.121659,27021,UN1,Bexley,,,0,5,20,816.0
DA16 1TJ,E63012138,51.462158,0.108434,12119,UN1,Bexley,,,6,10,22,149.0
DA16 1TU,E63012138,51.462207,0.110739,12119,UN1,Bexley,,,6,8,22,243.0
DA16 1TY,E63012138,51.462486,0.108708,12119,UN1,Bexley,,,6,10,22,189.0
DA16 2PL,E63012138,51.456725,0.094494,27698,UN1,Bexley,,,0,8,18,732.0
DA16 3HQ,E63012138,51.465832,0.109683,13478,UN1,Bexley,,,5,10,21,0.0
DA16 3PY,E63012138,51.463225,0.104149,20333,UN1,Bexley,,,8,11,17,376.0
DA16 3QS,E63012138,51.463462,0.100460,20333,UN1,Bexley,,,4,11,16,220.0
DA16 3RQ,E63012138,51.464504,0.093482,25650,UN1,Bexley,,,3,5,16,162.0
DA17 5JE,E63012138,51.483020,0.147176,10270,UN1,Bexley,,,2,4,17,198.0
DA17 5JG,E63012138,51.482365,0.145661,10270,UN1,Bexley,,,2,2,17,90.0
DA17 5QQ,E63012138,51.491451,0.150885,7373,UN1,Bexley,,,1,2,8,55.0
DA18 4DR,E63012138,51.496233,0.129284,11745,UN1,Bexley,,,1,5,16,472.0
DA2 7NJ,E63012202,51.423648,0.171576,29913,UN1,Joyden's Wood,4910.0,Minor,0,0,4,1205.0
DA2 7WX,E63012157,51.434229,0.177143,18022,UN1,Dartford,69130.0,Medium,2,2,7,155.0
DA2 8DA,E63012157,51.434952,0.258673,19893,UN1,Dartford,69130.0,Medium,1,2,6,0.0
DA3 7QA,E63012295,51.396389,0.300735,21842,UN1,"Longfield, New Ash Green and Hartley",16075.0,Small,2,2,2,162.0
DA3 7QD,E63012295,51.397818,0.300304,21842,UN1,"Longfield, New Ash Green and Hartley",16075.0,Small,2,2,2,0.0
DA3 8JB,E63012295,51.366065,0.304760,16378,UN1,"Longfield, New Ash Green and Hartley",16075.0,Small,0,0,0,3544.0
DA4 9AF,E63012246,51.403734,0.246681,24067,RLN1,South Darenth and Sutton at Hone,4090.0,Minor,0,0,1,1919.0
DA5 1AD,E63012138,51.441553,0.147200,24076,UN1,Bexley,,,3,3,8,242.0
DA5 1BT,E63012138,51.447966,0.121480,19159,UN1,Bexley,,,0,0,17,1330.0
DA5 1LQ,E63012138,51.442069,0.150476,24076,UN1,Bexley,,,3,3,8,168.0
DA5 3HP,E63012138,51.436091,0.125678,29687,UN1,Bexley,,,0,0,12,1499.0
DA6 7BN,E63012138,51.457189,0.141931,15534,UN1,Bexley,,,1,4,18,522.0
DA6 7JJ,E63012138,51.455838,0.145999,21457,UN1,Bexley,,,2,3,17,229.0
DA6 8DT,E63012138,51.458057,0.132831,15534,UN1,Bexley,,,1,4,23,154.0
DA7 4QW,E63012138,51.464321,0.133066,27128,UN1,Bexley,,,0,5,21,672.0
DA7 5AH,E63012138,51.465805,0.146813,29282,UN1,Bexley,,,0,6,23,878.0
DA7 5HH,E63012138,51.473313,0.140499,30492,UN1,Bexley,,,1,4,21,133.0
DA7 5QR,E63012138,51.473765,0.126566,29254,UN1,Bexley,,,1,4,21,175.0
DA7 6HD,E63012138,51.465513,0.157856,22899,UN1,Bexley,,,2,5,17,478.0
DA7 6HN,E63012138,51.465732,0.157651,22899,UN1,Bexley,,,1,6,17,504.0
DA7 6NA,E63012138,51.460449,0.161288,29599,UN1,Bexley,,,1,3,19,195.0
DA8 1DB,E63012138,51.484546,0.164920,11865,UN1,Bexley,,,0,2,13,835.0
DA8 1QY,E63012138,51.481658,0.181029,8247,UN1,Bexley,,,2,2,11,224.0
DA8 1RE,E63012138,51.480354,0.180045,8247,UN1,Bexley,,,2,3,11,92.0
DA8 2NU,E63012138,51.468348,0.190703,11135,UN1,Bexley,,,1,2,8,248.0
DA8 3EX,E63012138,51.473327,0.162790,11510,UN1,Bexley,,,3,6,20,459.0
DA8 3HD,E63012138,51.474089,0.162423,11510,UN1,Bexley,,,3,5,20,402.0
DA8 3JH,E63012138,51.472634,0.170101,8063,UN1,Bexley,,,0,4,17,552.0
DA9 9BT,E63012148,51.452528,0.275215,16705,UN1,Swanscombe,15460.0,Small,0,0,2,2266.0
DA9 9DF,E63012152,51.445409,0.259722,4961,UN1,Stone (Dartford),6440.0,Small,0,0,6,1165.0
DA9 9SJ,E63012152,51.438039,0.270625,16705,UN1,Stone (Dartford),6440.0,Small,0,2,5,897.0
DE1 1DZ,E63009183,52.924758,-1.486618,9400,UN1,Derby,275575.0,Major,5,18,40,0.0
DE1 1FP,E63009183,52.925053,-1.490452,6593,UN1,Derby,275575.0,Major,5,15,37,53.0
DE1 1FR,E63009183,52.924576,-1.490502,6593,UN1,Derby,275575.0,Major,5,16,37,0.0
DE1 1JX,E63009183,52.921150,-1.481767,2150,UN1,Derby,275575.0,Major,7,26,46,0.0
DE1 1PG,E63009183,52.919174,-1.480140,2150,UN1,Derby,275575.0,Major,11,24,48,0.0
DE1 1QH,E63009183,52.922083,-1.477160,2150,UN1,Derby,275575.0,Major,11,23,47,247.0
DE1 1TH,E63009183,52.917065,-1.478886,563,UN1,Derby,275575.0,Major,12,22,52,0.0
DE1 2AB,E63009183,52.920025,-1.475355,2150,UN1,Derby,275575.0,Major,13,20,48,161.0
DE1 2AH,E63009183,52.920062,-1.473540,2150,UN1,Derby,275575.0,Major,11,18,48,175.0
DE1 2PG,E63009183,52.919383,-1.472507,2150,UN1,Derby,275575.0,Major,9,22,48,165.0
DE1 2PQ,E63009183,52.919420,-1.472700,2150,UN1,Derby,275575.0,Major,11,22,48,157.0
DE1 2PR,E63009183,52.921007,-1.473767,2150,UN1,Derby,275575.0,Major,9,20,47,245.0
DE1 3AZ,E63009183,52.929326,-1.480747,6393,UN1,Derby,275575.0,Major,1,15,37,0.0
DE11 0AD,E63009392,52.773294,-1.560824,5229,UN1,Swadlincote,34565.0,Medium,5,5,13,206.0
DE11 0HU,E63009392,52.785163,-1.573961,13432,UN1,Swadlincote,34565.0,Medium,1,1,7,0.0
DE11 0PP,E63009392,52.775817,-1.562503,13199,UN1,Swadlincote,34565.0,Medium,4,5,12,0.0
DE11 7JE,E63009392,52.770702,-1.536497,17652,UN1,Swadlincote,34565.0,Medium,2,2,8,0.0
DE11 8JE,E63009392,52.773518,-1.555811,5229,UN1,Swadlincote,34565.0,Medium,3,5,10,282.0
DE11 9DG,E63009392,52.773275,-1.558082,5229,UN1,Swadlincote,34565.0,Medium,5,5,12,200.0
DE11 9GB,E63009392,52.760480,-1.579831,30164,UN1,Swadlincote,34565.0,Medium,2,3,4,204.0
DE11 9HS,E63009496,52.753960,-1.584072,16993,UN1,Overseal and Castle Gresley,5055.0,Small,0,3,3,901.0
DE11 9JT,E63009392,52.760775,-1.576835,30164,UN1,Swadlincote,34565.0,Medium,2,3,8,0.0
DE12 7HZ,E63009583,52.706958,-1.505721,26641,RLN1,Measham,5370.0,Small,1,1,1,289.0
DE13 0DZ,E63009304,52.833369,-1.625724,22544,UN1,Stretton (East Staffordshire),4650.0,Minor,0,0,2,1992.0
DE13 0UN,E63009360,52.822247,-1.648791,8088,UN1,Burton upon Trent,76255.0,Large,2,3,9,109.0
DE13 0UW,E63009360,52.821483,-1.648559,8088,UN1,Burton upon Trent,76255.0,Large,2,3,9,48.0
DE13 7AE,E63009514,52.732557,-1.747235,32074,RLN1,Alrewas,2830.0,Minor,1,1,1,138.0
DE13 8AA,E63009442,52.764840,-1.723707,25329,RLN1,Barton-under-Needwood,4715.0,Minor,1,1,1,358.0
DE13 9LP,E63009271,52.857741,-1.685278,15001,RLN1,Tutbury,3675.0,Minor,1,3,3,109.0
DE14 1AA,E63009360,52.802919,-1.636486,6080,UN1,Burton upon Trent,76255.0,Large,6,10,21,122.0
DE14 1DG,E63009360,52.802160,-1.632532,6080,UN1,Burton upon Trent,76255.0,Large,5,11,23,296.0
DE14 1LD,E63009360,52.805606,-1.627430,6080,UN1,Burton upon Trent,76255.0,Large,1,9,20,288.0
DE14 1SN,E63009360,52.810249,-1.626204,12436,UN1,Burton upon Trent,76255.0,Large,1,7,20,243.0
DE14 2AR,E63009360,52.794325,-1.664052,18620,UN1,Burton upon Trent,76255.0,Large,1,2,7,356.0
DE14 2NQ,E63009360,52.811380,-1.643211,5222,UN1,Burton upon Trent,76255.0,Large,1,6,21,102.0
DE14 2PP,E63009360,52.815771,-1.638575,5846,UN1,Burton upon Trent,76255.0,Large,2,7,18,144.0
DE14 2PR,E63009360,52.814680,-1.637412,5846,UN1,Burton upon Trent,76255.0,Large,2,6,18,0.0
DE14 2WS,E63009360,52.802615,-1.658412,6384,UN1,Burton upon Trent,76255.0,Large,0,1,18,1079.0
DE14 3BT,E63009360,52.794805,-1.640691,8129,UN1,Burton upon Trent,76255.0,Large,3,8,22,327.0
DE14 3EY,E63009360,52.786512,-1.673513,22998,UN1,Burton upon Trent,76255.0,Large,1,1,3,0.0
DE14 3LS,E63009360,52.794382,-1.643587,6852,UN1,Burton upon Trent,76255.0,Large,2,6,21,145.0
DE14 3RJ,E63009360,52.796699,-1.634046,2685,UN1,Burton upon Trent,76255.0,Large,3,11,20,294.0
DE14 3TN,E63009360,52.800708,-1.633701,6080,UN1,Burton upon Trent,76255.0,Large,5,11,23,153.0
DE15 0EP,E63009360,52.805932,-1.595238,5464,UN1,Burton upon Trent,76255.0,Large,1,1,1,0.0
DE15 9AW,E63009360,52.795149,-1.621335,10777,UN1,Burton upon Trent,76255.0,Large,1,3,17,0.0
DE15 9QD,E63009360,52.785542,-1.624903,15946,UN1,Burton upon Trent,76255.0,Large,1,1,11,0.0
DE21 2HT,E63009183,52.941603,-1.432954,13437,UN1,Derby,275575.0,Major,0,1,6,1424.0
DE21 4HW,E63009183,52.937305,-1.440345,12918,UN1,Derby,275575.0,Major,0,1,8,1077.0
DE21 4RY,E63009183,52.943708,-1.462331,13596,UN1,Derby,275575.0,Major,0,0,8,1705.0
DE21 5DJ,E63009090,52.970994,-1.461085,29929,RLN1,Little Eaton,1875.0,Minor,0,0,1,2126.0
DE21 6AH,E63009183,52.926725,-1.457826,4328,UN1,Derby,275575.0,Major,1,4,36,12.0
DE21 6FB,E63009183,52.930459,-1.450876,12038,UN1,Derby,275575.0,Major,0,3,19,616.0
DE21 6LA,E63009183,52.928801,-1.432644,16431,UN1,Derby,275575.0,Major,1,2,10,0.0
DE21 6NA,E63009183,52.924978,-1.439745,17759,UN1,Derby,275575.0,Major,0,4,14,638.0
DE21 6NZ,E63009183,52.917139,-1.435979,6534,UN1,Derby,275575.0,Major,0,2,12,1316.0
DE21 7FH,E63009183,52.919861,-1.404339,27957,UN1,Derby,275575.0,Major,2,2,5,135.0
DE21 7JP,E63009183,52.921193,-1.404648,27957,UN1,Derby,275575.0,Major,2,2,4,27.0
DE21 7LW,E63009183,52.918183,-1.421183,13518,UN1,Derby,275575.0,Major,1,2,8,1177.0
DE21 7UY,E63009183,52.916918,-1.419831,13518,UN1,Derby,275575.0,Major,1,1,8,1140.0
DE22 1FX,E63009183,52.932692,-1.492207,19552,UN1,Derby,275575.0,Major,1,9,32,40.0
DE22 2DL,E63009183,52.956144,-1.477241,31832,UN1,Derby,275575.0,Major,1,1,6,184.0
DE22 2GP,E63009183,52.953678,-1.495311,27687,UN1,Derby,275575.0,Major,0,0,4,1059.0
DE22 2QN,E63009183,52.944097,-1.495869,27422,UN1,Derby,275575.0,Major,1,1,8,0.0
DE22 3FA,E63009183,52.919971,-1.504790,9307,UN1,Derby,275575.0,Major,0,4,27,549.0
DE22 3PR,E63009183,52.915467,-1.494044,8187,UN1,Derby,275575.0,Major,2,5,46,861.0
DE22 3WH,E63009183,52.915851,-1.493386,8187,UN1,Derby,275575.0,Major,2,13,47,832.0
DE22 3WZ,E63009183,52.919878,-1.493398,6073,UN1,Derby,275575.0,Major,2,13,44,503.0
DE22 4BG,E63009183,52.928323,-1.518157,5283,UN1,Derby,275575.0,Major,0,0,9,1205.0
DE23 1JB,E63009183,52.902203,-1.486661,2647,UN1,Derby,275575.0,Major,2,10,28,597.0
DE23 3TZ,E63009183,52.892662,-1.531514,17367,UN1,Derby,275575.0,Major,2,2,6,93.0
DE23 4AL,E63009183,52.891741,-1.535031,17367,UN1,Derby,275575.0,Major,2,2,6,228.0
DE23 6DF,E63009183,52.906104,-1.505543,26074,UN1,Derby,275575.0,Major,0,1,18,719.0
DE23 6LQ,E63009183,52.906075,-1.486095,5887,UN1,Derby,275575.0,Major,3,11,39,343.0
DE23 6UU,E63009183,52.909718,-1.478156,839,UN1,Derby,275575.0,Major,4,16,48,420.0
DE23 6UX,E63009183,52.912912,-1.476854,563,UN1,Derby,275575.0,Major,4,24,51,330.0
DE23 6WY,E63009183,52.908855,-1.480219,3040,UN1,Derby,275575.0,Major,3,17,47,284.0
DE23 8AL,E63009183,52.896392,-1.485778,3108,UN1,Derby,275575.0,Major,1,6,17,0.0
DE23 8BP,E63009183,52.905835,-1.482440,1295,UN1,Derby,275575.0,Major,6,11,40,112.0
DE23 8JX,E63009183,52.911093,-1.467998,666,UN1,Derby,275575.0,Major,4,17,45,0.0
DE23 8RJ,E63009183,52.900970,-1.477949,4577,UN1,Derby,275575.0,Major,3,13,29,0.0
DE23 8SX,E63009183,52.902752,-1.478359,2506,UN1,Derby,275575.0,Major,5,13,36,200.0
DE24 0HL,E63009183,52.888190,-1.435329,4887,UN1,Derby,275575.0,Major,0,2,8,734.0
DE24 0JG,E63009183,52.896396,-1.427567,3676,UN1,Derby,275575.0,Major,2,3,7,318.0
DE24 0RY,E63009183,52.891535,-1.416884,8010,UN1,Derby,275575.0,Major,0,2,5,891.0
DE24 3DS,E63009183,52.877082,-1.493941,4494,UN1,Derby,275575.0,Major,1,1,1,2216.0
DE24 3ND,E63009183,52.877478,-1.493922,4494,UN1,Derby,275575.0,Major,1,1,1,2173.0
DE24 8EB,E63009183,52.895497,-1.474298,2001,UN1,Derby,275575.0,Major,0,6,20,656.0
DE24 8GJ,E63009183,52.900809,-1.468065,1461,UN1,Derby,275575.0,Major,0,6,28,663.0
DE24 8GT,E63009183,52.895652,-1.456637,2072,UN1,Derby,275575.0,Major,0,3,18,1315.0
DE24 8NH,E63009183,52.893436,-1.444045,3485,UN1,Derby,275575.0,Major,0,5,10,968.0
DE24 8QH,E63009183,52.898088,-1.431781,3676,UN1,Derby,275575.0,Major,2,3,8,497.0
DE24 9AA,E63009183,52.890887,-1.452698,5219,UN1,Derby,275575.0,Major,0,2,10,1582.0
DE24 9EF,E63009183,52.878943,-1.445672,17739,UN1,Derby,275575.0,Major,0,0,7,1974.0
DE3 9GH,E63009183,52.906201,-1.543425,21079,UN1,Derby,275575.0,Major,3,4,7,220.0
DE3 9HD,E63009183,52.913791,-1.537129,29519,UN1,Derby,275575.0,Major,0,3,6,700.0
DE3 9NH,E63009183,52.903478,-1.541224,21079,UN1,Derby,275575.0,Major,1,3,7,518.0
DE4 2EU,E63008813,53.160917,-1.587020,30683,UN1,Darley Dale,3990.0,Minor,1,1,1,0.0
DE4 3AR,E63008843,53.137980,-1.552979,20712,UN1,Matlock,11990.0,Small,2,2,2,119.0
DE4 3NF,E63008843,53.139995,-1.553541,15557,UN1,Matlock,11990.0,Small,2,2,2,113.0
DE4 4ET,E63008928,53.082486,-1.574065,22198,RLF1,Wirksworth,4900.0,Minor,0,1,1,570.0
DE4 5PB,E63008919,53.084861,-1.483358,20563,RSN1,Crich,2070.0,Minor,1,1,1,0.0
DE45 1ES,E63008755,53.212657,-1.674108,26380,RLN1,Bakewell,3275.0,Minor,2,2,2,185.0
DE45 1ET,E63008755,53.211422,-1.672964,19529,RLN1,Bakewell,3275.0,Minor,2,2,2,229.0
DE5 3AA,E63008982,53.049409,-1.406629,10752,UN1,Ripley (Amber Valley),20180.0,Medium,3,4,4,268.0
DE5 3AB,E63008982,53.049679,-1.406685,10752,UN1,Ripley (Amber Valley),20180.0,Medium,3,4,4,298.0
DE5 3AG,E63008982,53.049558,-1.405851,10752,UN1,Ripley (Amber Valley),20180.0,Medium,3,4,4,278.0
DE5 9QB,E63008982,53.043345,-1.375657,8824,UN1,Ripley (Amber Valley),20180.0,Medium,0,0,1,1820.0
DE55 1AB,E63008933,53.075933,-1.398696,15952,UN1,Somercotes and Swanwick,15100.0,Small,0,0,4,1777.0
DE55 1LU,E63008933,53.074367,-1.372224,24349,UN1,Somercotes and Swanwick,15100.0,Small,1,3,4,0.0
DE55 2BN,E63008897,53.106280,-1.342513,11304,UN1,South Normanton,,,1,1,3,114.0
DE55 2DS,E63008897,53.107217,-1.318837,20273,UN1,South Normanton,,,0,0,3,1696.0
DE55 4JJ,E63008933,53.082351,-1.372601,4428,UN1,Somercotes and Swanwick,15100.0,Small,1,3,7,0.0
DE55 5JJ,E63008857,53.121214,-1.356137,14184,RLN1,Newton and Blackwell,3055.0,Minor,0,0,2,1871.0
DE55 5PS,E63008842,53.146234,-1.338823,12041,RLN1,Tibshelf,4350.0,Minor,1,1,1,0.0
DE55 6LD,E63008856,53.129833,-1.393626,22061,RLN1,Shirland and Stonebroom,3990.0,Minor,0,0,0,3449.0
DE55 7BD,E63008899,53.096796,-1.393253,7806,UN1,Alfreton,8795.0,Small,7,7,7,192.0
DE55 7BL,E63008899,53.097266,-1.388513,7806,UN1,Alfreton,8795.0,Small,7,7,9,145.0
DE55 7BS,E63008899,53.095423,-1.388374,8699,UN1,Alfreton,8795.0,Small,7,7,9,345.0
DE55 7BT,E63008899,53.095586,-1.386864,7806,UN1,Alfreton,8795.0,Small,7,7,9,332.0
DE55 7DW,E63008899,53.098512,-1.387883,7806,UN1,Alfreton,8795.0,Small,7,7,7,0.0
DE56 0JB,E63009007,53.031079,-1.455178,29845,UN1,Belper,19075.0,Small,1,1,2,0.0
DE56 1AY,E63009007,53.024119,-1.484994,14352,UN1,Belper,19075.0,Small,4,5,5,0.0
DE56 1PS,E63009007,53.022971,-1.483487,14352,UN1,Belper,19075.0,Small,5,5,5,163.0
DE56 1QA,E63009007,53.023448,-1.479516,14352,UN1,Belper,19075.0,Small,3,5,7,374.0
DE56 1YA,E63009007,53.020924,-1.486270,14352,UN1,Belper,19075.0,Small,4,5,5,220.0
DE56 4GG,E63009061,52.985123,-1.486916,27772,RLN1,Duffield,,,1,1,1,0.0
DE6 1DR,E63009021,53.012879,-1.737585,18044,RLN1,Ashbourne,8855.0,Small,2,3,3,0.0
DE6 1GH,E63009021,53.017514,-1.731863,27840,RLN1,Ashbourne,8855.0,Small,0,3,3,595.0
DE65 5EL,E63009253,52.865911,-1.681446,15893,RLN1,Hatton (South Derbyshire),2560.0,Minor,1,3,3,0.0
DE65 5GZ,E63009249,52.868363,-1.630890,28972,RLN1,Hilton (South Derbyshire),8275.0,Small,2,2,2,0.0
DE65 5JR,E63009249,52.871613,-1.629436,28972,RLN1,Hilton (South Derbyshire),8275.0,Small,2,2,3,374.0
DE65 6NG,E63009231,52.879693,-1.604077,26687,RLN1,Etwall,3075.0,Minor,0,0,1,2197.0
DE65 6QT,E63009276,52.850285,-1.566835,31974,RLN1,Willington (South Derbyshire),2715.0,Minor,1,1,1,0.0
DE7 4NU,E63009082,52.958310,-1.322070,8830,UN1,Ilkeston,38725.0,Medium,0,0,9,1453.0
DE7 4RA,E63009082,52.951465,-1.301176,16218,UN1,Ilkeston,38725.0,Medium,0,0,7,1246.0
DE7 5NL,E63009082,52.966034,-1.303740,9834,UN1,Ilkeston,38725.0,Medium,5,7,11,88.0
DE7 5QJ,E63009082,52.968248,-1.308856,7556,UN1,Ilkeston,38725.0,Medium,4,7,11,55.0
DE7 6AX,E63009028,53.001521,-1.422632,24938,RLN1,Kilburn and Horsley Woodhouse,4450.0,Minor,1,1,1,0.0
DE7 6GR,E63009087,52.966624,-1.359163,29988,RLN1,West Hallam,5910.0,Small,2,2,2,0.0
DE7 6JA,E63009087,52.967180,-1.358961,29988,RLN1,West Hallam,5910.0,Small,2,2,2,63.0
DE7 8AH,E63009082,52.972887,-1.308990,7556,UN1,Ilkeston,38725.0,Medium,2,8,10,456.0
DE7 8ES,E63009082,52.978912,-1.312469,7556,UN1,Ilkeston,38725.0,Medium,1,3,10,0.0
DE7 8FD,E63009082,52.973829,-1.308678,6875,UN1,Ilkeston,38725.0,Medium,1,8,10,557.0
DE7 8SX,E63009082,52.993332,-1.309559,227,UN1,Ilkeston,38725.0,Medium,0,0,3,1615.0
DE72 3EA,E63009205,52.898063,-1.312915,30900,RLN1,Breaston and Draycott,7395.0,Small,1,1,3,0.0
DE72 3HD,E63009188,52.907202,-1.381004,26049,UN1,Borrowash,7165.0,Small,0,1,1,596.0
DE72 3QB,E63009205,52.894821,-1.337240,21719,RLN1,Breaston and Draycott,7395.0,Small,0,0,2,1671.0
DE73 5BG,E63009183,52.867256,-1.449371,31742,UN1,Derby,275575.0,Major,0,1,2,3237.0
DE73 5SA,E63009183,52.869042,-1.439008,15290,UN1,Derby,275575.0,Major,0,1,2,2826.0
DE73 8HW,E63009319,52.823475,-1.428018,24448,RLN1,Melbourne (South Derbyshire),4865.0,Minor,1,1,1,219.0
DE74 2ED,E63009295,52.835678,-1.278391,27343,RLN1,Kegworth,4290.0,Minor,1,1,1,96.0
DE74 2LB,E63009292,52.842692,-1.337379,17946,RLN1,Castle Donington,7345.0,Small,2,2,2,0.0
DE74 2NJ,E63009292,52.846141,-1.336866,17946,RLN1,Castle Donington,7345.0,Small,2,2,2,385.0
DE75 7AA,E63009017,53.013894,-1.353351,14970,UN1,Heanor,24260.0,Medium,4,6,7,296.0
DE75 7AL,E63009017,53.017188,-1.342614,15201,UN1,Heanor,24260.0,Medium,1,6,7,0.0
DE75 7DT,E63009017,53.010324,-1.349723,15733,UN1,Heanor,24260.0,Medium,4,6,7,165.0
DE75 7HA,E63009017,53.013206,-1.349083,15201,UN1,Heanor,24260.0,Medium,4,6,7,0.0
DH1 1AR,E63007282,54.787518,-1.529244,14948,UN1,Durham,50510.0,Medium,3,4,8,166.0
DH1 1QW,E63007282,54.778709,-1.567171,26229,UN1,Durham,50510.0,Medium,1,6,11,0.0
DH1 2AA,E63007282,54.786279,-1.524889,31529,UN1,Durham,50510.0,Medium,3,4,8,96.0
DH1 2LG,E63007282,54.779832,-1.547290,14773,UN1,Durham,50510.0,Medium,2,3,13,1281.0
DH1 2RP,E63007282,54.780826,-1.537002,12232,UN1,Durham,50510.0,Medium,2,7,9,820.0
DH1 2XH,E63007282,54.780144,-1.541861,12232,UN1,Durham,50510.0,Medium,3,3,11,1103.0
DH1 2XQ,E63007282,54.778402,-1.542238,12232,UN1,Durham,50510.0,Medium,3,3,11,1248.0
DH1 3NB,E63007282,54.776877,-1.575259,26229,UN1,Durham,50510.0,Medium,2,6,10,0.0
DH1 4SH,E63007282,54.776624,-1.580081,20843,UN1,Durham,50510.0,Medium,2,6,9,311.0
DH1 5EE,E63007282,54.796484,-1.590562,29212,UN1,Durham,50510.0,Medium,1,3,7,233.0
DH1 5GB,E63007282,54.806797,-1.581574,21346,RSN1,Durham,50510.0,Medium,1,2,6,1278.0
DH1 5GD,E63007282,54.806766,-1.580330,21346,UN1,Durham,50510.0,Medium,1,2,6,1299.0
DH1 5LT,E63007282,54.799050,-1.576163,26971,UN1,Durham,50510.0,Medium,0,4,8,793.0
DH2 1EZ,E63007240,54.872655,-1.602164,4607,UN1,Pelton,,,1,2,4,116.0
DH2 1SS,E63007253,54.871971,-1.588131,27562,UN1,Chester-le-Street,23560.0,Medium,0,2,6,999.0
DH2 2NR,E63007250,54.857435,-1.608311,6018,RLN1,Whitehill (County Durham),1680.0,Minor,1,3,5,107.0
DH2 3DJ,E63007253,54.851730,-1.597698,19801,UN1,Chester-le-Street,23560.0,Medium,1,2,10,0.0
DH3 1LG,E63007223,54.896818,-1.577789,6751,UN1,Birtley,13835.0,Small,2,3,3,555.0
DH3 2PE,E63007223,54.892562,-1.576071,10264,UN1,Birtley,13835.0,Small,3,3,3,79.0
DH3 2QG,E63007223,54.893691,-1.577837,6751,UN1,Birtley,13835.0,Small,3,3,3,219.0
DH3 3BD,E63007253,54.857004,-1.573704,24802,UN1,Chester-le-Street,23560.0,Medium,5,5,9,156.0
DH3 3QD,E63007253,54.855645,-1.573126,24802,UN1,Chester-le-Street,23560.0,Medium,5,6,8,0.0
DH3 3RE,E63007253,54.859143,-1.573806,25599,UN1,Chester-le-Street,23560.0,Medium,5,5,9,28.0
DH3 3YQ,E63007253,54.857161,-1.575088,6616,UN1,Chester-le-Street,23560.0,Medium,5,5,9,210.0
DH3 4QP,E63007260,54.837296,-1.543878,14453,RLN1,Great Lumley,3630.0,Minor,1,1,1,48.0
DH4 4AR,E63007258,54.844876,-1.471724,5325,UN1,Houghton-le-Spring,12555.0,Small,5,6,7,285.0
DH4 4DN,E63007258,54.841762,-1.468479,5325,UN1,Houghton-le-Spring,12555.0,Small,2,6,7,0.0
DH4 4LE,E63007244,54.865694,-1.483340,7740,UN1,Shiney Row and Penshaw,16900.0,Small,1,4,5,0.0
DH4 4RB,E63007244,54.866432,-1.498755,15603,UN1,Shiney Row and Penshaw,16900.0,Small,2,5,5,0.0
DH4 5EQ,E63007258,54.845059,-1.478636,6580,UN1,Houghton-le-Spring,12555.0,Small,3,5,7,0.0
DH4 6AW,E63007257,54.848317,-1.512435,14442,UN1,Fence Houses,6945.0,Small,0,0,1,2194.0
DH4 6LP,E63007257,54.842242,-1.496844,4212,UN1,Fence Houses,6945.0,Small,0,0,7,1207.0
DH4 6SQ,E63007270,54.809868,-1.504434,16260,RLN1,West Rainton,2325.0,Minor,1,1,1,143.0
DH4 7QS,E63007244,54.874594,-1.492779,2335,UN1,Shiney Row and Penshaw,16900.0,Small,0,3,5,875.0
DH5 0JR,E63007272,54.809311,-1.438316,3836,UN1,Easington Lane,4170.0,Minor,0,0,4,1914.0
DH5 8EL,E63007258,54.838988,-1.460917,10081,UN1,Houghton-le-Spring,12555.0,Small,0,3,10,574.0
DH5 9DY,E63007269,54.825072,-1.447981,3380,UN1,Hetton-le-Hole,8970.0,Small,3,3,5,80.0
DH5 9EQ,E63007269,54.825424,-1.450093,3380,UN1,Hetton-le-Hole,8970.0,Small,3,3,5,62.0
DH5 9PE,E63007269,54.821795,-1.452570,7931,UN1,Hetton-le-Hole,8970.0,Small,3,3,5,453.0
DH6 1DS,E63007285,54.776737,-1.505071,11528,RLN1,Sherburn (County Durham),2795.0,Minor,0,0,4,1657.0
DH6 2BL,E63007281,54.783608,-1.417075,3766,RLN1,Haswell,1185.0,Minor,0,0,2,1904.0
DH6 2LT,E63007293,54.763245,-1.386161,4744,UN1,Shotton Colliery,4945.0,Minor,2,2,3,0.0
DH6 2TH,E63007274,54.800253,-1.410100,6237,UN1,South Hetton,2880.0,Minor,1,1,2,0.0
DH6 3ES,E63007297,54.749758,-1.438643,7529,RLN1,Thornley,2545.0,Minor,0,0,1,3469.0
DH6 3NR,E63007304,54.745421,-1.418353,1217,RLN1,Wheatley Hill,3150.0,Minor,0,0,1,2590.0
DH6 4DF,E63007319,54.714973,-1.502951,27108,RLN1,Coxhoe,4545.0,Minor,1,1,5,97.0
DH6 4PE,E63007314,54.719846,-1.473659,6168,RLN1,Kelloe,1435.0,Minor,0,0,1,2054.0
DH6 5AS,E63007306,54.734132,-1.525312,18673,RLN1,Bowburn,4845.0,Minor,1,1,1,269.0
DH7 0LA,E63007266,54.822379,-1.743259,28226,RLN1,Lanchester,3510.0,Minor,1,1,1,409.0
DH7 6JW,E63007268,54.819620,-1.628363,10328,RLN1,Sacriston,5190.0,Small,2,2,2,0.0
DH7 6JX,E63007268,54.818607,-1.626396,10328,RLN1,Sacriston,5190.0,Small,2,2,2,169.0
DH7 7LD,E63007283,54.778764,-1.645046,11156,RLN1,Ushaw Moor and Bearpark,6480.0,Small,0,1,1,772.0
DH7 8NH,E63007295,54.748305,-1.628922,17322,UN1,Brandon (County Durham),9505.0,Small,1,2,2,0.0
DH7 8PL,E63007295,54.755253,-1.626496,4279,UN1,Brandon (County Durham),9505.0,Small,0,2,2,788.0
DH7 9JU,E63007286,54.770629,-1.704774,15414,RLF1,Esh Winning,3880.0,Minor,0,0,0,3997.0
DH7 9SA,E63007276,54.799656,-1.670264,22280,RLN1,Langley Park,4030.0,Minor,1,1,1,85.0
DH8 0BW,E63007247,54.866986,-1.843798,16646,UN1,Consett,29885.0,Medium,2,2,6,0.0
DH8 5QW,E63007247,54.852945,-1.833260,9124,UN1,Consett,29885.0,Medium,3,3,9,395.0
DH8 5RL,E63007247,54.851530,-1.829902,13933,UN1,Consett,29885.0,Medium,3,3,8,139.0
DH8 5YA,E63007247,54.851320,-1.827769,13933,UN1,Consett,29885.0,Medium,3,3,6,0.0
DH8 6DP,E63007246,54.860570,-1.805999,5817,UN1,Leadgate,3340.0,Minor,1,1,7,0.0
DH8 6SY,E63007247,54.862834,-1.829388,17034,UN1,Consett,29885.0,Medium,0,0,10,1031.0
DH8 8ET,E63007247,54.839225,-1.863507,10998,UN1,Consett,29885.0,Medium,0,0,0,2654.0
DH9 0AB,E63007241,54.870038,-1.698065,11395,UN1,Stanley (County Durham),19415.0,Small,6,6,8,0.0
DH9 0NB,E63007241,54.867701,-1.701713,11395,UN1,Stanley (County Durham),19415.0,Small,6,7,8,251.0
DH9 0SY,E63007241,54.870149,-1.699373,11395,UN1,Stanley (County Durham),19415.0,Small,6,6,8,85.0
DH9 0TB,E63007241,54.869171,-1.700315,11395,UN1,Stanley (County Durham),19415.0,Small,6,7,8,110.0
DH9 6DD,E63007241,54.856738,-1.680656,5267,UN1,Stanley (County Durham),19415.0,Small,0,0,8,1852.0
DH9 7AN,E63007241,54.861141,-1.705438,1680,UN1,Stanley (County Durham),19415.0,Small,0,2,9,1013.0
DH9 7XA,E63007249,54.857720,-1.738081,10306,UN1,Annfield Plain,7785.0,Small,2,3,3,32.0
DH9 8AD,E63007241,54.869947,-1.701385,11395,UN1,Stanley (County Durham),19415.0,Small,6,6,8,0.0
DH9 9AD,E63007237,54.877815,-1.760798,9703,UN1,Dipton,2655.0,Minor,0,0,0,2689.0
DL1 1BA,E63007428,54.522680,-1.526915,16777,UN1,Darlington,93015.0,Large,0,1,13,1181.0
DL1 1TT,E63007428,54.527107,-1.554429,1586,UN1,Darlington,93015.0,Large,7,17,29,176.0
DL1 2JR,E63007428,54.545274,-1.548187,5976,UN1,Darlington,93015.0,Large,0,3,10,763.0
DL1 2PS,E63007428,54.539677,-1.551293,552,UN1,Darlington,93015.0,Large,2,3,24,112.0
DL1 3RB,E63007428,54.545366,-1.523113,24424,UN1,Darlington,93015.0,Large,2,2,4,159.0
DL1 3RT,E63007428,54.546281,-1.525004,18088,UN1,Darlington,93015.0,Large,2,2,6,0.0
DL1 4BN,E63007428,54.517894,-1.542032,8316,UN1,Darlington,93015.0,Large,1,6,18,80.0
DL1 4PJ,E63007428,54.520628,-1.501402,18125,UN1,Darlington,93015.0,Large,1,1,3,2689.0
DL1 4QZ,E63007428,54.522615,-1.508300,16777,UN1,Darlington,93015.0,Large,1,1,3,2296.0
DL1 4SU,E63007428,54.515537,-1.525005,10936,UN1,Darlington,93015.0,Large,0,1,10,1155.0
DL1 5JG,E63007428,54.521632,-1.553793,8984,UN1,Darlington,93015.0,Large,7,15,25,278.0
DL1 5JN,E63007428,54.521149,-1.549565,8984,UN1,Darlington,93015.0,Large,4,14,23,0.0
DL1 5JQ,E63007428,54.521659,-1.551537,1586,UN1,Darlington,93015.0,Large,5,15,25,139.0
DL10 4HP,E63007476,54.403864,-1.737477,16770,RLN1,Richmond,8075.0,Small,4,4,4,129.0
DL10 4HY,E63007476,54.403144,-1.737081,16770,RLN1,Richmond,8075.0,Small,4,4,4,213.0
DL10 4PX,E63007476,54.403605,-1.738126,16770,RLN1,Richmond,8075.0,Small,4,4,4,146.0
DL10 7LL,E63007484,54.377147,-1.631194,28452,RLN1,Catterick,2715.0,Minor,1,1,1,150.0
DL12 0QG,E63007374,54.624836,-2.083177,13603,RLF1,Middleton-in-Teesdale,880.0,Minor,1,1,1,296.0
DL12 8BJ,E63007418,54.546789,-1.920829,23119,RLN1,Barnard Castle,5785.0,Small,2,2,3,324.0
DL12 8NE,E63007418,54.543179,-1.923494,10939,RLN1,Barnard Castle,5785.0,Small,1,3,3,551.0
DL13 2TZ,E63007301,54.746480,-2.004203,11475,RLF1,Stanhope,1575.0,Minor,1,2,2,112.0
DL13 3AE,E63007310,54.730176,-1.882787,19086,RLF1,Wolsingham,2425.0,Minor,0,0,0,7894.0
DL13 4AZ,E63007299,54.748696,-1.816585,6236,RLF1,Tow Law,1795.0,Minor,0,1,1,5678.0
DL13 4DL,E63007299,54.743373,-1.814372,6236,RLF1,Tow Law,1795.0,Minor,0,1,1,5213.0
DL13 5DS,E63007379,54.613337,-1.808629,7570,RLN1,Cockfield,1350.0,Minor,1,1,1,297.0
DL14 6AB,E63007359,54.656611,-1.678241,11087,UN1,Bishop Auckland,23355.0,Medium,7,12,14,0.0
DL14 6RP,E63007359,54.648094,-1.679006,6014,UN1,Bishop Auckland,23355.0,Medium,1,7,17,0.0
DL14 7EJ,E63007359,54.659113,-1.676237,6624,UN1,Bishop Auckland,23355.0,Medium,7,10,14,0.0
DL14 7EL,E63007359,54.658448,-1.676072,6624,UN1,Bishop Auckland,23355.0,Medium,7,10,14,75.0
DL14 7EW,E63007359,54.662668,-1.674876,6624,UN1,Bishop Auckland,23355.0,Medium,5,10,14,295.0
DL14 7JQ,E63007359,54.664415,-1.676118,6624,UN1,Bishop Auckland,23355.0,Medium,2,9,13,128.0
DL14 7LB,E63007359,54.658031,-1.671332,6624,UN1,Bishop Auckland,23355.0,Medium,5,10,14,338.0
DL14 8NL,E63007352,54.661795,-1.627198,1184,RLN1,Coundon and Leeholme,2525.0,Minor,0,0,0,3062.0
DL14 9AB,E63007359,54.640783,-1.698323,7195,UN1,Bishop Auckland,23355.0,Medium,2,3,7,1485.0
DL14 9AE,E63007359,54.639266,-1.691610,7195,UN1,Bishop Auckland,23355.0,Medium,2,2,8,1273.0
DL14 9DN,E63007359,54.636854,-1.712295,7195,UN1,Bishop Auckland,23355.0,Medium,0,1,3,2480.0
DL14 9FA,E63007359,54.640983,-1.695470,7195,UN1,Bishop Auckland,23355.0,Medium,2,2,9,1322.0
DL15 0PG,E63007323,54.711110,-1.693767,794,RLN1,Willington (County Durham),5685.0,Small,1,1,1,99.0
DL15 9AZ,E63007322,54.715711,-1.744336,6459,RLF1,Crook,9715.0,Small,3,3,3,236.0
DL15 9HS,E63007322,54.715672,-1.746960,6459,RLF1,Crook,9715.0,Small,3,3,3,148.0
DL15 9HU,E63007322,54.716993,-1.747262,6459,RLF1,Crook,9715.0,Small,3,3,3,0.0
DL16 6DJ,E63007326,54.700241,-1.599459,4984,UN1,Spennymoor,20410.0,Medium,4,4,4,50.0
DL16 6QA,E63007326,54.699644,-1.598223,4984,UN1,Spennymoor,20410.0,Medium,4,4,4,0.0
DL16 6QB,E63007326,54.699193,-1.597840,4984,UN1,Spennymoor,20410.0,Medium,4,4,4,56.0
DL17 0HQ,E63007353,54.663707,-1.557092,15038,RLN1,Chilton (County Durham),4695.0,Minor,0,1,1,2907.0
DL17 0PD,E63007353,54.666789,-1.564532,15038,RLN1,Chilton (County Durham),4695.0,Minor,0,1,1,2611.0
DL17 8HX,E63007333,54.690125,-1.553827,8619,RLN1,Ferryhill,8860.0,Small,3,3,3,196.0
DL17 8LA,E63007333,54.688827,-1.557859,496,RLN1,Ferryhill,8860.0,Small,3,3,3,131.0
DL17 8LD,E63007333,54.690205,-1.558650,8619,RLN1,Ferryhill,8860.0,Small,3,3,3,123.0
DL17 9HR,E63007324,54.702192,-1.522551,4703,RLN1,Cornforth,2425.0,Minor,2,2,4,117.0
DL17 9LH,E63007324,54.703235,-1.522756,4703,RLN1,Cornforth,2425.0,Minor,2,2,4,0.0
DL2 1BN,E63007442,54.515328,-1.468365,21402,RLN1,Middleton St George,4755.0,Minor,0,0,1,1321.0
DL2 2BJ,E63007450,54.483626,-1.544128,31114,RSN1,Hurworth-on-Tees,2665.0,Minor,1,1,1,19.0
DL2 2GL,E63007428,54.547271,-1.586565,19732,UN1,Darlington,93015.0,Large,0,1,5,514.0
DL3 0PD,E63007428,54.538836,-1.552261,552,UN1,Darlington,93015.0,Large,2,3,27,0.0
DL3 6JA,E63007428,54.532578,-1.566315,12581,UN1,Darlington,93015.0,Large,3,14,27,32.0
DL3 7JJ,E63007428,54.526954,-1.559097,1586,UN1,Darlington,93015.0,Large,9,17,28,31.0
DL3 7JR,E63007428,54.527232,-1.559016,8334,UN1,Darlington,93015.0,Large,9,17,28,0.0
DL3 7QQ,E63007428,54.524659,-1.555830,1586,UN1,Darlington,93015.0,Large,11,15,29,301.0
DL3 7QW,E63007428,54.525557,-1.555573,1586,UN1,Darlington,93015.0,Large,9,15,29,281.0
DL3 8SD,E63007428,54.526367,-1.581167,28409,UN1,Darlington,93015.0,Large,1,6,20,212.0
DL3 9EJ,E63007428,54.534356,-1.578674,6301,UN1,Darlington,93015.0,Large,3,8,23,0.0
DL3 9EL,E63007428,54.535193,-1.578743,6301,UN1,Darlington,93015.0,Large,3,7,23,93.0
DL4 1AJ,E63007370,54.632751,-1.648888,4453,RLN1,Shildon,9645.0,Small,3,3,4,413.0
DL4 1DX,E63007370,54.634118,-1.646227,4453,RLN1,Shildon,9645.0,Small,3,3,4,187.0
DL4 2HP,E63007370,54.634893,-1.643649,4453,RLN1,Shildon,9645.0,Small,3,3,4,0.0
DL4 2RA,E63007370,54.624441,-1.640720,4500,RLN1,Shildon,9645.0,Small,0,0,4,1177.0
DL5 4DH,E63007385,54.620654,-1.570351,11354,UN1,Newton Aycliffe,25765.0,Medium,5,6,9,358.0
DL5 4DU,E63007385,54.619655,-1.572329,11354,UN1,Newton Aycliffe,25765.0,Medium,5,6,9,235.0
DL5 4SE,E63007385,54.629666,-1.580232,2561,UN1,Newton Aycliffe,25765.0,Medium,1,1,8,0.0
DL5 5DH,E63007385,54.615996,-1.564516,8589,UN1,Newton Aycliffe,25765.0,Medium,0,6,9,504.0
DL5 5LH,E63007385,54.617559,-1.571870,9519,UN1,Newton Aycliffe,25765.0,Medium,5,6,9,0.0
DL5 5NH,E63007385,54.618591,-1.576505,5395,UN1,Newton Aycliffe,25765.0,Medium,5,6,9,0.0
DL6 1NP,E63007492,54.338440,-1.431997,15438,UN1,Northallerton,13310.0,Small,3,5,9,271.0
DL7 8BN,E63007494,54.327354,-1.446465,32792,UF1,Romanby,3825.0,Minor,1,1,7,115.0
DL7 8FW,E63007492,54.335643,-1.439156,23406,UN1,Northallerton,13310.0,Small,1,6,9,0.0
DL7 8LW,E63007492,54.340503,-1.434907,15438,UN1,Northallerton,13310.0,Small,3,5,9,36.0
DL8 1AB,E63007513,54.289725,-1.593708,28917,RLN1,Bedale,3290.0,Minor,3,3,3,445.0
DL8 1AF,E63007513,54.290146,-1.593151,28917,RLN1,Bedale,3290.0,Minor,3,3,3,491.0
DL8 2AT,E63007513,54.285733,-1.593133,21937,RLN1,Bedale,3290.0,Minor,3,3,3,0.0
DL8 3QX,E63007504,54.303834,-2.198285,25519,RSF1,Hawes and Gayle,805.0,Minor,1,1,1,95.0
DL8 5BG,E63007500,54.309548,-1.829955,26484,RLF1,Leyburn,2410.0,Minor,1,1,1,284.0
DL9 3BA,E63007480,54.376289,-1.724275,25470,UN1,Catterick Garrison,14210.0,Small,3,3,5,159.0
DL9 3EN,E63007480,54.374777,-1.723238,25470,UN1,Catterick Garrison,14210.0,Small,2,3,5,185.0
DL9 4RF,E63007480,54.379462,-1.687166,7731,UN1,Catterick Garrison,14210.0,Small,0,0,0,2274.0
DN1 1HZ,E63008314,53.524259,-1.130634,2346,UN1,Doncaster,87455.0,Large,10,20,26,29.0
DN1 1LF,E63008314,53.523983,-1.138559,507,UN1,Doncaster,87455.0,Large,6,16,26,258.0
DN1 1PZ,E63008314,53.524141,-1.136731,2346,UN1,Doncaster,87455.0,Large,7,20,26,206.0
DN1 1QB,E63008314,53.524059,-1.136521,2346,UN1,Doncaster,87455.0,Large,7,20,26,193.0
DN1 2BJ,E63008314,53.516072,-1.127227,2346,UN1,Doncaster,87455.0,Large,0,11,29,584.0
DN1 2ES,E63008314,53.526198,-1.122886,1802,UN1,Doncaster,87455.0,Large,7,15,27,35.0
DN1 2QP,E63008314,53.526803,-1.128259,2019,UN1,Doncaster,87455.0,Large,8,18,26,315.0
DN1 3AP,E63008314,53.520485,-1.137122,55,UN1,Doncaster,87455.0,Large,5,17,30,0.0
DN10 4DL,,53.438512,-0.831787,14229,RSN1,,,,0,0,0,4298.0
DN10 6JE,E63008445,53.429512,-1.020740,17302,RLN1,Bawtry,3405.0,Minor,1,1,1,278.0
DN11 0LW,E63008389,53.474896,-1.076015,3629,UN1,New Rossington and Rossington,13910.0,Small,2,3,4,134.0
DN11 0PS,E63008389,53.482027,-1.085701,4566,UN1,New Rossington and Rossington,13910.0,Small,1,3,4,352.0
DN11 0SD,E63008389,53.475118,-1.076824,3629,UN1,New Rossington and Rossington,13910.0,Small,2,4,4,149.0
DN11 8DE,E63008461,53.417662,-1.057259,5626,RLN1,Harworth and Bircotes,8885.0,Small,1,2,2,2963.0
DN11 8JN,E63008461,53.416930,-1.061398,4830,RLN1,Harworth and Bircotes,8885.0,Small,1,2,2,3239.0
DN11 8JT,E63008461,53.416635,-1.069695,14322,RLN1,Harworth and Bircotes,8885.0,Small,0,2,2,3278.0
DN11 9HT,E63008442,53.433121,-1.109779,18492,RLN1,Tickhill,4915.0,Minor,1,1,1,66.0
DN12 1JD,E63008374,53.480846,-1.193951,2264,UN1,Warmsworth,11315.0,Small,1,1,2,0.0
DN12 3HR,E63008379,53.482185,-1.230815,9864,UN1,Conisbrough,11465.0,Small,2,2,4,445.0
DN12 3JW,E63008379,53.482255,-1.237534,3282,UN1,Conisbrough,11465.0,Small,2,2,4,0.0
DN12 4AB,E63008371,53.490631,-1.245749,1076,UN1,Denaby Main,4310.0,Minor,1,1,4,0.0
DN14 0LJ,E63008026,53.702378,-1.153660,16281,RLN1,Eggborough,2440.0,Minor,0,0,0,6056.0
DN14 5EZ,E63008028,53.705036,-0.871821,2824,UN1,Goole,20175.0,Medium,5,5,10,235.0
DN14 5RL,E63008028,53.695821,-0.872598,2824,UN1,Goole,20175.0,Medium,1,1,7,0.0
DN14 6AD,E63008028,53.704788,-0.876039,8314,UN1,Goole,20175.0,Medium,5,5,10,76.0
DN14 6BB,E63008028,53.705178,-0.876453,9095,UN1,Goole,20175.0,Medium,5,5,10,44.0
DN14 6JD,E63008028,53.707051,-0.872904,9095,UN1,Goole,20175.0,Medium,5,8,10,0.0
DN14 6RU,E63008028,53.714859,-0.875483,28758,UN1,Goole,20175.0,Medium,2,4,8,0.0
DN14 7AA,E63007955,53.746536,-0.866085,28036,RLF1,Howden,4575.0,Minor,1,1,1,340.0
DN14 9JP,E63008057,53.690245,-1.028257,27534,RLN1,Snaith,3555.0,Minor,1,1,1,274.0
DN15 6HX,E63008235,53.592443,-0.651828,4290,UN1,Scunthorpe,81265.0,Large,11,14,18,0.0
DN15 6SB,E63008235,53.591941,-0.645604,4290,UN1,Scunthorpe,81265.0,Large,6,13,16,101.0
DN15 7AN,E63008235,53.585480,-0.661778,21620,UN1,Scunthorpe,81265.0,Large,1,11,23,0.0
DN15 7DE,E63008235,53.590824,-0.662138,2606,UN1,Scunthorpe,81265.0,Large,0,12,19,576.0
DN15 7JN,E63008235,53.591712,-0.653982,4290,UN1,Scunthorpe,81265.0,Large,9,16,19,70.0
DN15 7NJ,E63008235,53.594633,-0.654780,1452,UN1,Scunthorpe,81265.0,Large,5,13,18,312.0
DN15 7PG,E63008235,53.588137,-0.653400,4290,UN1,Scunthorpe,81265.0,Large,8,16,21,0.0
DN15 7PT,E63008235,53.590299,-0.653800,4290,UN1,Scunthorpe,81265.0,Large,9,16,19,101.0
DN15 8AL,E63008235,53.593461,-0.678630,20868,UN1,Scunthorpe,81265.0,Large,0,0,15,1423.0
DN15 8GR,E63008235,53.590559,-0.693542,8962,UN1,Scunthorpe,81265.0,Large,1,1,4,1904.0
DN15 8TE,E63008235,53.588585,-0.695491,8962,UN1,Scunthorpe,81265.0,Large,1,1,4,1763.0
DN15 9SL,E63008099,53.652477,-0.607609,22971,RLN1,Winterton,4765.0,Minor,2,3,3,48.0
DN15 9TA,E63008099,53.652531,-0.606881,22971,RLN1,Winterton,4765.0,Minor,2,3,3,0.0
DN16 1LE,E63008235,53.584313,-0.649141,2817,UN1,Scunthorpe,81265.0,Large,1,13,24,463.0
DN16 2AB,E63008235,53.570935,-0.655290,28083,UN1,Scunthorpe,81265.0,Large,2,8,22,0.0
DN16 2AP,E63008235,53.574525,-0.655554,28083,UN1,Scunthorpe,81265.0,Large,2,5,26,400.0
DN16 2JP,E63008235,53.566893,-0.646811,11997,UN1,Scunthorpe,81265.0,Large,5,8,14,157.0
DN16 2SQ,E63008235,53.566946,-0.649905,11997,UN1,Scunthorpe,81265.0,Large,5,11,15,231.0
DN16 2SZ,E63008235,53.568282,-0.647235,11997,UN1,Scunthorpe,81265.0,Large,3,9,13,0.0
DN16 2UT,E63008235,53.565435,-0.653819,11997,UN1,Scunthorpe,81265.0,Large,3,10,15,0.0
DN16 3LG,E63008235,53.558384,-0.651853,24796,UN1,Scunthorpe,81265.0,Large,1,5,12,0.0
DN16 3UA,E63008235,53.564815,-0.616754,5970,UN1,Scunthorpe,81265.0,Large,0,0,2,1462.0
DN17 1QL,E63008235,53.570791,-0.677886,250,UN1,Scunthorpe,81265.0,Large,0,3,14,533.0
DN17 2DJ,E63008235,53.562200,-0.665109,6658,UN1,Scunthorpe,81265.0,Large,0,4,18,828.0
DN17 2XF,E63008235,53.565707,-0.683934,11888,UN1,Scunthorpe,81265.0,Large,1,3,10,533.0
DN17 2XG,E63008235,53.565346,-0.684639,11888,UN1,Scunthorpe,81265.0,Large,2,3,6,481.0
DN17 3RS,E63008299,53.529711,-0.654438,22418,RLN1,Messingham,3380.0,Minor,0,0,0,3193.0
DN17 4LB,E63008172,53.606426,-0.832842,25679,RLN1,Crowle (North Lincolnshire),3970.0,Minor,0,0,0,8844.0
DN18 5ES,E63008051,53.683418,-0.439405,12719,UN1,Barton-upon-Humber,11920.0,Small,4,4,4,93.0
DN18 5PA,E63008051,53.684938,-0.439455,12719,UN1,Barton-upon-Humber,11920.0,Small,4,4,4,76.0
DN19 7AA,E63008068,53.676790,-0.380106,21437,RLN1,Barrow upon Humber,2845.0,Minor,0,0,0,3996.0
DN19 7JD,E63008063,53.677532,-0.332674,25518,RLN1,Goxhill,2325.0,Minor,0,0,0,6399.0
DN2 4AD,E63008314,53.530296,-1.122892,2019,UN1,Doncaster,87455.0,Large,3,12,26,483.0
DN2 4PE,E63008314,53.543159,-1.099809,2193,UN1,Doncaster,87455.0,Large,1,1,6,1500.0
DN2 5AJ,E63008314,53.539959,-1.098640,17721,UN1,Doncaster,87455.0,Large,1,2,7,1225.0
DN2 5JA,E63008314,53.527181,-1.105216,12672,UN1,Doncaster,87455.0,Large,1,3,20,472.0
DN2 5JH,E63008314,53.533970,-1.098269,3329,UN1,Doncaster,87455.0,Large,0,4,11,788.0
DN2 5PS,E63008314,53.545590,-1.076743,11545,UN1,Doncaster,87455.0,Large,0,0,10,1181.0
DN2 6QP,E63008314,53.528762,-1.093145,3329,UN1,Doncaster,87455.0,Large,0,2,9,1069.0
DN20 0DY,E63008229,53.568340,-0.552340,17286,RLN1,Broughton (North Lincolnshire),4495.0,Minor,0,0,0,4207.0
DN20 8AS,E63008254,53.553605,-0.491827,7273,RLN1,Brigg,5635.0,Small,4,4,4,0.0
DN20 8EQ,E63008254,53.552445,-0.493936,7273,RLN1,Brigg,5635.0,Small,4,4,4,114.0
DN20 8JH,E63008254,53.552392,-0.491115,7273,RLN1,Brigg,5635.0,Small,4,4,4,143.0
DN21 1SN,E63008483,53.398849,-0.760183,1547,UN1,Gainsborough,21910.0,Medium,0,0,6,1161.0
DN21 1XY,E63008483,53.391596,-0.748197,2690,UN1,Gainsborough,21910.0,Medium,0,0,1,2129.0
DN21 2BL,E63008483,53.399984,-0.775160,1333,UN1,Gainsborough,21910.0,Medium,2,2,6,189.0
DN21 2BY,E63008483,53.399448,-0.776424,1333,UN1,Gainsborough,21910.0,Medium,2,2,6,88.0
DN21 2UQ,E63008483,53.411797,-0.780584,5248,UN1,Gainsborough,21910.0,Medium,2,2,6,0.0
DN21 3SB,E63008351,53.492696,-0.664248,28963,RLN1,Scotter,2950.0,Minor,0,0,0,5082.0
DN21 4LU,E63008375,53.476553,-0.587696,21821,RLN1,Kirton in Lindsey,3065.0,Minor,0,1,1,502.0
DN22 6AA,E63008595,53.323710,-0.943560,9380,UN1,Retford,23740.0,Medium,5,7,8,74.0
DN22 6BZ,E63008595,53.321755,-0.941987,5822,UN1,Retford,23740.0,Medium,5,7,8,302.0
DN22 6DY,E63008595,53.320931,-0.942292,9380,UN1,Retford,23740.0,Medium,5,7,8,387.0
DN22 6FB,E63008595,53.324356,-0.943319,9380,UN1,Retford,23740.0,Medium,5,7,8,0.0
DN22 7RP,E63008595,53.308190,-0.950066,6891,UN1,Retford,23740.0,Medium,0,0,8,1853.0
DN22 7UZ,E63008595,53.324427,-0.946260,9380,UN1,Retford,23740.0,Medium,7,7,8,195.0
DN22 7XF,E63008595,53.325592,-0.950991,19406,UN1,Retford,23740.0,Medium,2,7,8,0.0
DN3 1AX,E63008227,53.578450,-1.069549,28636,UN1,Barnby Dun,,,0,0,1,3272.0
DN3 1JR,E63008258,53.562308,-1.068544,10032,UN1,Kirk Sandall and Edenthorpe,13085.0,Small,0,0,4,2549.0
DN3 2JA,E63008258,53.552687,-1.067020,16451,UN1,Kirk Sandall and Edenthorpe,13085.0,Small,1,1,6,1481.0
DN3 2JE,E63008258,53.553115,-1.067690,16451,UN1,Kirk Sandall and Edenthorpe,13085.0,Small,1,1,6,1538.0
DN3 3AG,E63008294,53.535237,-1.056253,3833,UN1,Armthorpe,14160.0,Small,2,3,4,204.0
DN3 3AH,E63008294,53.536450,-1.058564,21123,UN1,Armthorpe,14160.0,Small,3,3,6,0.0
DN31 1EL,E63008243,53.566083,-0.086855,345,UN1,Grimsby,85925.0,Large,8,11,28,367.0
DN31 1QQ,E63008243,53.566123,-0.086536,345,UN1,Grimsby,85925.0,Large,8,11,28,348.0
DN31 1QR,E63008243,53.566013,-0.085876,345,UN1,Grimsby,85925.0,Large,8,11,30,303.0
DN31 1QS,E63008243,53.570766,-0.077839,345,UN1,Grimsby,85925.0,Large,3,14,22,476.0
DN31 1QZ,E63008243,53.563229,-0.091679,3364,UN1,Grimsby,85925.0,Large,4,9,29,0.0
DN31 1UF,E63008243,53.570715,-0.085860,345,UN1,Grimsby,85925.0,Large,0,15,27,609.0
DN31 2BH,E63008243,53.567843,-0.108808,9156,UN1,Grimsby,85925.0,Large,3,3,22,0.0
DN31 3AE,E63008243,53.573306,-0.058663,53,UN1,Grimsby,85925.0,Large,1,7,20,0.0
DN32 0LT,E63008243,53.562883,-0.081789,3364,UN1,Grimsby,85925.0,Large,6,11,28,0.0
DN32 7AE,E63008243,53.572379,-0.073054,104,UN1,Grimsby,85925.0,Large,5,12,22,171.0
DN32 7JR,E63008243,53.566779,-0.063583,78,UN1,Grimsby,85925.0,Large,0,8,26,698.0
DN32 9DL,E63008243,53.568009,-0.076891,104,UN1,Grimsby,85925.0,Large,3,15,23,240.0
DN32 9SW,E63008243,53.557292,-0.066190,8348,UN1,Grimsby,85925.0,Large,1,2,28,0.0
DN33 3JE,E63008243,53.535972,-0.094490,7681,UN1,Grimsby,85925.0,Large,2,3,4,51.0
DN33 3JF,E63008243,53.536424,-0.094605,7681,UN1,Grimsby,85925.0,Large,2,3,4,0.0
DN34 4GB,E63008243,53.564460,-0.112583,14094,UN1,Grimsby,85925.0,Large,3,7,19,0.0
DN34 5DA,E63008243,53.556365,-0.107765,12950,UN1,Grimsby,85925.0,Large,3,8,19,205.0
DN34 5DX,E63008243,53.557430,-0.105227,12950,UN1,Grimsby,85925.0,Large,3,8,22,0.0
DN34 5EN,E63008243,53.557308,-0.106606,12950,UN1,Grimsby,85925.0,Large,3,8,21,92.0
DN34 5LP,E63008243,53.550655,-0.113968,3167,UN1,Grimsby,85925.0,Large,2,7,12,0.0
DN34 5SU,E63008243,53.552011,-0.124731,2946,UN1,Grimsby,85925.0,Large,0,2,10,727.0
DN35 7DG,E63008238,53.569697,-0.049511,650,UN1,Cleethorpes,29670.0,Medium,0,5,21,657.0
DN35 7ES,E63008238,53.565702,-0.041072,8297,UN1,Cleethorpes,29670.0,Medium,1,7,15,65.0
DN35 8EB,E63008238,53.557025,-0.037668,5187,UN1,Cleethorpes,29670.0,Medium,3,7,11,0.0
DN35 8HF,E63008238,53.559127,-0.030958,3387,UN1,Cleethorpes,29670.0,Medium,2,6,9,129.0
DN35 8HL,E63008238,53.559487,-0.032088,3387,UN1,Cleethorpes,29670.0,Medium,4,7,9,83.0
DN35 9HB,E63008238,53.552254,-0.047715,8777,UN1,Cleethorpes,29670.0,Medium,0,3,14,510.0
DN35 9QR,E63008281,53.539458,-0.045844,28075,UN1,Humberston and New Waltham,14860.0,Small,0,0,4,1550.0
DN36 4UJ,E63008281,53.533912,-0.021791,20849,UN1,Humberston and New Waltham,14860.0,Small,1,1,2,0.0
DN36 4YE,E63008281,53.524328,-0.065761,26353,UN1,Humberston and New Waltham,14860.0,Small,0,0,1,2333.0
DN36 5AD,E63008324,53.506971,-0.063686,27022,RLN1,Holton le Clay,3825.0,Minor,0,0,1,3861.0
DN37 0LJ,E63008311,53.516560,-0.102164,12026,UN1,Waltham,6200.0,Small,0,0,0,2265.0
DN37 7HX,E63008264,53.540766,-0.168859,22843,RLN1,Laceby,3285.0,Minor,0,0,0,3790.0
DN37 9DR,E63008243,53.569917,-0.128107,4514,UN1,Grimsby,85925.0,Large,0,1,6,1191.0
DN37 9SF,E63008243,53.564911,-0.137978,25838,UN1,Grimsby,85925.0,Large,0,1,6,1678.0
DN4 0AJ,E63008314,53.518157,-1.147078,2793,UN1,Doncaster,87455.0,Large,0,7,31,707.0
DN4 0PT,E63008314,53.508932,-1.153099,4781,UN1,Doncaster,87455.0,Large,4,6,18,220.0
DN4 0RS,E63008314,53.503393,-1.161697,997,UN1,Doncaster,87455.0,Large,0,7,10,764.0
DN4 0TG,E63008314,53.507078,-1.151432,6077,UN1,Doncaster,87455.0,Large,4,7,16,0.0
DN4 0TH,E63008314,53.507072,-1.151945,6077,UN1,Doncaster,87455.0,Large,4,7,15,0.0
DN4 5FB,E63008314,53.512411,-1.133018,2325,UN1,Doncaster,87455.0,Large,0,3,28,938.0
DN4 5NW,E63008314,53.514519,-1.094821,19160,UN1,Doncaster,87455.0,Large,0,0,9,1636.0
DN4 6ED,E63008314,53.506006,-1.074812,3156,UN1,Doncaster,87455.0,Large,3,4,6,52.0
DN4 6JG,E63008314,53.511079,-1.072922,6757,UN1,Doncaster,87455.0,Large,2,4,6,499.0
DN4 6NJ,E63008314,53.508348,-1.076510,6757,UN1,Doncaster,87455.0,Large,4,4,6,256.0
DN4 7JA,E63008314,53.500211,-1.087978,18996,UN1,Doncaster,87455.0,Large,0,0,6,1135.0
DN4 8EU,E63008314,53.500862,-1.152038,4206,UN1,Doncaster,87455.0,Large,1,8,11,211.0
DN4 8SN,E63008314,53.491341,-1.137894,23421,UN1,Doncaster,87455.0,Large,0,1,7,660.0
DN4 9LS,E63008374,53.495642,-1.182064,4632,UN1,Warmsworth,11315.0,Small,0,0,4,1824.0
DN40 1JW,E63008138,53.618771,-0.205325,1046,UN1,Immingham,9770.0,Small,1,4,4,0.0
DN40 2AB,E63008138,53.615861,-0.213870,1046,UN1,Immingham,9770.0,Small,2,4,4,43.0
DN40 2AE,E63008138,53.615761,-0.213239,1046,UN1,Immingham,9770.0,Small,2,4,4,0.0
DN41 7RB,E63008207,53.581183,-0.161825,29166,RLN1,Healing,3200.0,Minor,0,1,1,766.0
DN5 0AP,E63008286,53.546821,-1.145793,8886,UN1,Bentley (Doncaster),12045.0,Small,1,2,9,103.0
DN5 7EP,E63008319,53.524506,-1.269932,14438,RLN1,Barnburgh and Harlington,1850.0,Minor,0,0,0,2740.0
DN5 7RF,E63008328,53.512514,-1.188721,30431,UN1,Sprotbrough,7550.0,Small,0,0,1,2060.0
DN5 8BP,E63008328,53.524748,-1.157640,10361,UN1,Sprotbrough,7550.0,Small,1,3,18,436.0
DN5 8JL,E63008289,53.535084,-1.165236,21040,UN1,Scawthorpe and Cusworth,13015.0,Small,2,5,11,246.0
DN5 8QE,E63008289,53.536764,-1.167662,21040,UN1,Scawthorpe and Cusworth,13015.0,Small,2,5,11,0.0
DN5 9PH,E63008289,53.542961,-1.165564,7586,UN1,Scawthorpe and Cusworth,13015.0,Small,2,5,10,108.0
DN5 9PQ,E63008289,53.543902,-1.165168,7586,UN1,Scawthorpe and Cusworth,13015.0,Small,2,5,9,0.0
DN6 0HZ,E63008167,53.615375,-1.149368,12952,RLN1,Askern,5435.0,Small,2,2,2,0.0
DN6 0PH,E63008167,53.617340,-1.152640,12952,RLN1,Askern,5435.0,Small,2,2,2,307.0
DN6 7HP,E63008212,53.563114,-1.194639,4843,UN1,Adwick le Street,18325.0,Small,2,2,2,2323.0
DN6 7JR,E63008212,53.561561,-1.198850,4843,UN1,Adwick le Street,18325.0,Small,2,2,2,2568.0
DN6 7LX,E63008212,53.562763,-1.191882,4843,UN1,Adwick le Street,18325.0,Small,2,2,2,2324.0
DN6 8AG,E63008212,53.583370,-1.186052,1025,UN1,Adwick le Street,18325.0,Small,2,3,3,0.0
DN6 8DN,E63008212,53.582920,-1.180698,7184,UN1,Adwick le Street,18325.0,Small,2,3,3,357.0
DN6 8JH,E63008212,53.585764,-1.194465,13966,UN1,Adwick le Street,18325.0,Small,0,3,3,616.0
DN7 4BX,E63008224,53.563224,-1.024498,18628,UN1,Dunscroft and Hatfield,14000.0,Small,1,1,3,232.0
DN7 4JS,E63008224,53.582065,-1.013552,17377,UN1,Dunscroft and Hatfield,14000.0,Small,0,2,2,874.0
DN7 5AF,E63008192,53.600285,-1.030052,1143,UN1,Stainforth,6000.0,Small,1,1,1,0.0
DN7 6JH,E63008224,53.574814,-1.008450,3205,UN1,Dunscroft and Hatfield,14000.0,Small,1,2,4,0.0
DN8 4BQ,E63008162,53.613648,-0.966348,8309,UN1,Thorne,12305.0,Small,2,2,3,0.0
DN8 4SB,E63008142,53.628283,-0.951051,2887,RLN1,Moorends,5195.0,Small,0,0,2,1915.0
DN8 5DE,E63008162,53.611205,-0.962418,8309,UN1,Thorne,12305.0,Small,2,2,2,376.0
DN9 1ER,E63008305,53.525565,-0.820357,28718,RLN1,Epworth,4360.0,Minor,1,1,1,142.0
DN9 2HY,E63008368,53.490037,-0.846650,29314,RSN1,Haxey,2045.0,Minor,0,0,0,4332.0
DN9 3JF,E63008352,53.502089,-1.018648,30325,RLN1,Auckley,1335.0,Minor,0,0,0,3691.0
DT1 1BQ,E63013878,50.714776,-2.437093,11222,UF1,Dorchester (Dorset),21360.0,Medium,3,6,9,447.0
DT1 1BS,E63013878,50.713356,-2.436740,11222,UF1,Dorchester (Dorset),21360.0,Medium,3,6,9,302.0
DT1 1QR,E63013878,50.710833,-2.438317,10392,UF1,Dorchester (Dorset),21360.0,Medium,3,7,9,0.0
DT1 2FD,E63013878,50.713492,-2.457605,21657,UF1,Dorchester (Dorset),21360.0,Medium,1,2,8,0.0
DT1 2LW,E63013878,50.710208,-2.446469,16895,UF1,Dorchester (Dorset),21360.0,Medium,1,8,9,326.0
DT1 2RY,E63013878,50.702735,-2.444260,25240,UF1,Dorchester (Dorset),21360.0,Medium,0,4,9,556.0
DT10 1AS,E63013507,50.926316,-2.305341,14551,RLF1,Sturminster Newton,3565.0,Minor,1,1,1,231.0
DT10 1PU,E63013422,50.969254,-2.312373,20332,RSF1,Marnhull,1465.0,Minor,0,0,0,4608.0
DT10 2LL,E63013444,50.960210,-2.378423,19242,RLF1,Stalbridge,2370.0,Minor,0,0,0,5868.0
DT11 7AR,E63013651,50.856619,-2.165058,12782,UN1,Blandford Forum,11800.0,Small,2,2,2,261.0
DT11 7DX,E63013651,50.855839,-2.163379,12782,UN1,Blandford Forum,11800.0,Small,2,2,2,371.0
DT2 7UA,E63013810,50.768292,-2.394101,19146,RSF1,Piddlehinton,450.0,Minor,0,0,0,4414.0
DT3 4DT,E63013955,50.624428,-2.500861,22887,RLF1,Chickerell,3970.0,Minor,0,0,1,3361.0
DT3 5AX,E63013964,50.635280,-2.466799,20815,UF1,Weymouth,55535.0,Medium,0,0,3,1937.0
DT3 6LD,E63013964,50.643873,-2.430706,30118,UF1,Weymouth,55535.0,Medium,0,0,1,2916.0
DT3 6NQ,E63013964,50.648181,-2.454155,1396,UF1,Weymouth,55535.0,Medium,0,0,2,3028.0
DT4 0AE,E63013964,50.612079,-2.461989,4723,UF1,Weymouth,55535.0,Medium,2,8,14,482.0
DT4 0LX,E63013964,50.610981,-2.471349,11540,UF1,Weymouth,55535.0,Medium,0,2,15,1081.0
DT4 7AW,E63013964,50.613157,-2.455498,1142,UF1,Weymouth,55535.0,Medium,6,9,13,123.0
DT4 7BX,E63013964,50.615504,-2.453189,1524,UF1,Weymouth,55535.0,Medium,4,8,13,124.0
DT4 7JJ,E63013964,50.619103,-2.452757,3531,UF1,Weymouth,55535.0,Medium,3,5,11,247.0
DT4 8JQ,E63013964,50.607386,-2.461646,4723,UF1,Weymouth,55535.0,Medium,0,8,15,622.0
DT4 8LY,E63013964,50.609884,-2.455453,1142,UF1,Weymouth,55535.0,Medium,3,7,12,482.0
DT4 8PJ,E63013964,50.609349,-2.454260,1142,UF1,Weymouth,55535.0,Medium,2,7,12,554.0
DT4 9BG,E63013964,50.592678,-2.474005,17712,UF1,Weymouth,55535.0,Medium,1,1,5,232.0
DT4 9DJ,E63013964,50.605763,-2.484877,11049,UF1,Weymouth,55535.0,Medium,0,0,7,1416.0
DT4 9PQ,E63013964,50.600416,-2.461776,24206,UF1,Weymouth,55535.0,Medium,1,2,13,292.0
DT4 9SS,E63013964,50.624502,-2.476899,25632,UF1,Weymouth,55535.0,Medium,0,0,10,1865.0
DT5 1BX,E63014002,50.544811,-2.436577,15997,RLF1,Weston (Dorset),5210.0,Small,1,1,4,102.0
DT5 1LZ,E63013988,50.559403,-2.442245,6203,RLF1,Fortuneswell,4555.0,Minor,1,1,4,445.0
DT6 3LF,E63013861,50.733199,-2.756995,14465,UF1,Bridport,12295.0,Small,1,3,3,786.0
DT6 3QJ,E63013861,50.733855,-2.758480,14034,UF1,Bridport,12295.0,Small,1,3,3,674.0
DT6 5BN,E63013861,50.734233,-2.768037,14465,UF1,Bridport,12295.0,Small,1,3,3,0.0
DT6 6PX,E63013843,50.738812,-2.900804,22919,RLF1,Charmouth,1335.0,Minor,0,0,0,3377.0
DT7 3LS,E63013858,50.729842,-2.946655,28011,RLF1,Lyme Regis,3740.0,Minor,1,2,2,0.0
DT7 3QF,E63013858,50.725035,-2.934982,28011,RLF1,Lyme Regis,3740.0,Minor,0,2,2,980.0
DT8 3AA,E63013746,50.809777,-2.740960,21735,RLF1,Beaminster,2995.0,Minor,2,2,2,0.0
DT9 3BA,E63013467,50.947546,-2.515419,27791,UF1,Sherborne,10360.0,Small,1,2,2,483.0
DT9 5AG,E63013423,50.966008,-2.461707,23007,RLF1,Milborne Port,3205.0,Minor,1,2,2,0.0
DY1 1PJ,E63009984,52.510281,-2.081859,635,UN1,Dudley (Dudley),64270.0,Medium,5,10,20,112.0
DY1 1RN,E63009984,52.510249,-2.089226,1010,UN1,Dudley (Dudley),64270.0,Medium,5,10,19,0.0
DY1 1RT,E63009984,52.509519,-2.090594,1010,UN1,Dudley (Dudley),64270.0,Medium,4,9,20,0.0
DY1 2BY,E63009984,52.514234,-2.097323,10642,UN1,Dudley (Dudley),64270.0,Medium,2,6,25,0.0
DY1 2ER,E63009984,52.501504,-2.107740,3226,UN1,Dudley (Dudley),64270.0,Medium,1,2,15,0.0
DY1 2TY,E63009984,52.515734,-2.118237,27542,UN1,Dudley (Dudley),64270.0,Medium,1,3,16,0.0
DY1 3QZ,E63009922,52.529021,-2.099169,2782,UN1,Coseley,25205.0,Medium,1,1,21,0.0
DY1 4EH,E63009984,52.521289,-2.088157,2448,UN1,Dudley (Dudley),64270.0,Medium,0,0,22,1000.0
DY1 4RP,E63009984,52.514408,-2.065863,5077,UN1,Dudley (Dudley),64270.0,Medium,1,3,22,435.0
DY10 1AA,E63010172,52.386978,-2.250440,5016,UN1,Kidderminster,57560.0,Medium,7,13,18,184.0
DY10 1QN,E63010172,52.385245,-2.240733,5016,UN1,Kidderminster,57560.0,Medium,1,10,18,403.0
DY10 2BG,E63010172,52.389054,-2.246485,5016,UN1,Kidderminster,57560.0,Medium,6,9,18,0.0
DY10 2JG,E63010172,52.388623,-2.250714,5016,UN1,Kidderminster,57560.0,Medium,8,13,18,0.0
DY10 3AA,E63010172,52.391152,-2.231464,23685,UN1,Kidderminster,57560.0,Medium,1,3,11,0.0
DY10 4DZ,E63010172,52.370409,-2.233177,9295,UN1,Kidderminster,57560.0,Medium,1,1,4,2092.0
DY10 4EX,E63010172,52.370555,-2.232017,9295,UN1,Kidderminster,57560.0,Medium,1,1,4,2109.0
DY11 5BJ,E63010172,52.399532,-2.269045,10801,UN1,Kidderminster,57560.0,Medium,1,1,13,1064.0
DY11 5HP,E63010172,52.397927,-2.263127,24563,UN1,Kidderminster,57560.0,Medium,1,3,15,831.0
DY11 6SF,E63010172,52.384204,-2.261091,16981,UN1,Kidderminster,57560.0,Medium,2,9,16,0.0
DY11 6SW,E63010172,52.384533,-2.250133,5016,UN1,Kidderminster,57560.0,Medium,4,12,19,456.0
DY11 6UU,E63010172,52.388191,-2.250888,12490,UN1,Kidderminster,57560.0,Medium,8,13,18,49.0
DY11 6XP,E63010172,52.391690,-2.254126,12779,UN1,Kidderminster,57560.0,Medium,3,13,18,412.0
DY11 7BQ,E63010172,52.374695,-2.260124,6258,UN1,Kidderminster,57560.0,Medium,0,0,16,1059.0
DY12 2AW,E63010191,52.376017,-2.315057,14133,RLF1,Bewdley,8280.0,Small,2,2,2,132.0
DY12 2EF,E63010191,52.376588,-2.316765,12372,RLF1,Bewdley,8280.0,Small,2,2,2,0.0
DY13 0AA,E63010267,52.335398,-2.283831,9548,UN1,Stourport-on-Severn,20305.0,Medium,1,4,5,0.0
DY13 0NQ,E63010267,52.326637,-2.293019,15429,UN1,Stourport-on-Severn,20305.0,Medium,0,0,5,1157.0
DY13 8DR,E63010267,52.341390,-2.278042,7071,UN1,Stourport-on-Severn,20305.0,Medium,2,4,5,774.0
DY13 8ND,E63010267,52.339604,-2.280379,7071,UN1,Stourport-on-Severn,20305.0,Medium,2,4,5,523.0
DY13 9EF,E63010267,52.338978,-2.279201,7071,UN1,Stourport-on-Severn,20305.0,Medium,2,4,5,507.0
DY14 8DB,E63010178,52.377534,-2.485591,12464,RLF1,Cleobury Mortimer,2960.0,Minor,1,2,2,0.0
DY14 8QE,E63010178,52.379846,-2.476332,26675,RLF1,Cleobury Mortimer,2960.0,Minor,0,2,2,679.0
DY2 0BH,E63009984,52.480501,-2.089224,2860,UN1,Dudley (Dudley),64270.0,Medium,1,1,20,381.0
DY2 7DJ,E63009984,52.506078,-2.074691,2385,UN1,Dudley (Dudley),64270.0,Medium,3,6,20,97.0
DY2 8TH,E63009984,52.505790,-2.076046,2385,UN1,Dudley (Dudley),64270.0,Medium,3,6,21,0.0
DY2 9PY,E63009984,52.490188,-2.082764,4191,UN1,Dudley (Dudley),64270.0,Medium,1,1,8,360.0
DY3 1AF,E63009922,52.538009,-2.100885,21898,UN1,Coseley,25205.0,Medium,1,2,15,0.0
DY3 1JE,E63009914,52.543515,-2.115598,6724,UN1,Sedgley,31990.0,Medium,0,4,16,662.0
DY3 1SB,E63009914,52.540668,-2.121710,13831,UN1,Sedgley,31990.0,Medium,1,4,11,164.0
DY3 2DA,E63009914,52.526803,-2.115584,5082,UN1,Sedgley,31990.0,Medium,1,1,18,117.0
DY3 2PG,E63009914,52.517312,-2.130679,12115,UN1,Sedgley,31990.0,Medium,1,3,7,189.0
DY3 3QY,E63009914,52.548048,-2.131006,29764,UN1,Sedgley,31990.0,Medium,1,1,8,0.0
DY3 3UH,E63009914,52.535824,-2.120856,24478,UN1,Sedgley,31990.0,Medium,2,5,12,0.0
DY3 4PP,,52.518993,-2.234862,17742,RSN1,,,,0,0,0,3048.0
DY4 0BP,E63009939,52.544961,-2.056413,913,UN1,Tipton,47200.0,Medium,2,4,8,471.0
DY4 0SN,E63009939,52.540603,-2.052898,268,UN1,Tipton,47200.0,Medium,3,4,17,0.0
DY4 0SZ,E63009939,52.540744,-2.057130,1892,UN1,Tipton,47200.0,Medium,4,4,14,0.0
DY4 7EN,E63009944,52.530001,-2.035889,8855,UN1,West Bromwich,103110.0,Large,5,8,18,254.0
DY4 7EW,E63009944,52.529993,-2.033074,669,UN1,West Bromwich,103110.0,Large,7,7,16,124.0
DY4 7HW,E63009944,52.531207,-2.031320,2785,UN1,West Bromwich,103110.0,Large,7,7,16,213.0
DY4 7PE,E63009939,52.526203,-2.047044,21008,UN1,Tipton,47200.0,Medium,0,3,20,742.0
DY4 8LY,E63009939,52.528861,-2.071177,6732,UN1,Tipton,47200.0,Medium,2,2,18,0.0
DY4 8RP,E63009939,52.523970,-2.056459,1145,UN1,Tipton,47200.0,Medium,1,2,20,67.0
DY5 1QT,E63010024,52.482505,-2.111256,3386,UN1,Brierley Hill,32305.0,Medium,2,11,19,60.0
DY5 1RG,E63010024,52.479844,-2.119539,3386,UN1,Brierley Hill,32305.0,Medium,7,12,20,176.0
DY5 2AA,E63010024,52.472469,-2.103855,12330,UN1,Brierley Hill,32305.0,Medium,2,3,35,122.0
DY5 2UA,E63010024,52.475647,-2.126624,5336,UN1,Brierley Hill,32305.0,Medium,0,13,24,565.0
DY5 3AP,E63010024,52.481344,-2.121074,3875,UN1,Brierley Hill,32305.0,Medium,9,12,20,21.0
DY5 3BJ,E63010024,52.483350,-2.119666,3875,UN1,Brierley Hill,32305.0,Medium,9,12,21,218.0
DY5 3DL,E63010024,52.483455,-2.122538,3875,UN1,Brierley Hill,32305.0,Medium,9,12,21,155.0
DY5 3DS,E63010024,52.483678,-2.124335,3070,UN1,Brierley Hill,32305.0,Medium,8,12,22,222.0
DY5 3EE,E63010024,52.482062,-2.122402,3875,UN1,Brierley Hill,32305.0,Medium,9,12,21,0.0
DY5 3JR,E63010024,52.467436,-2.129544,30469,UN1,Brierley Hill,32305.0,Medium,3,4,30,0.0
DY5 3RJ,E63010024,52.471363,-2.131101,26561,UN1,Brierley Hill,32305.0,Medium,3,4,30,0.0
DY5 4ED,E63010004,52.500687,-2.132397,15383,UN1,Kingswinford,51910.0,Medium,0,0,12,1005.0
DY6 0NP,E63010004,52.505733,-2.178703,15401,UN1,Kingswinford,51910.0,Medium,0,3,8,984.0
DY6 7SH,E63010004,52.506500,-2.164002,22782,UN1,Kingswinford,51910.0,Medium,0,5,8,956.0
DY6 8AW,E63010004,52.498105,-2.162704,19795,UN1,Kingswinford,51910.0,Medium,5,7,13,162.0
DY6 8PF,E63010004,52.486635,-2.148274,12756,UN1,Kingswinford,51910.0,Medium,1,2,22,123.0
DY6 9HS,E63010004,52.498688,-2.169895,21287,UN1,Kingswinford,51910.0,Medium,5,8,11,0.0
DY6 9JR,E63010004,52.496650,-2.168458,21287,UN1,Kingswinford,51910.0,Medium,5,6,13,214.0
DY6 9JS,E63010004,52.496875,-2.168076,21287,UN1,Kingswinford,51910.0,Medium,5,6,13,236.0
DY7 6HF,E63010059,52.448092,-2.228540,22730,RLN1,Kinver,4650.0,Minor,0,0,0,4441.0
DY8 1AT,E63010061,52.452608,-2.147630,9524,UN1,Stourbridge,56950.0,Medium,1,4,12,736.0
DY8 1HJ,E63010061,52.455954,-2.146390,9524,UN1,Stourbridge,56950.0,Medium,1,4,17,945.0
DY8 1QU,E63010061,52.449191,-2.141041,19259,UN1,Stourbridge,56950.0,Medium,2,5,16,191.0
DY8 2JH,E63010061,52.447484,-2.140756,25417,UN1,Stourbridge,56950.0,Medium,3,4,11,0.0
DY8 3HX,E63010061,52.446545,-2.164353,25721,UN1,Stourbridge,56950.0,Medium,0,0,9,1603.0
DY8 3NX,E63010061,52.460075,-2.164389,14951,UN1,Stourbridge,56950.0,Medium,2,2,10,495.0
DY8 3SS,E63010061,52.461226,-2.157328,14951,UN1,Stourbridge,56950.0,Medium,2,6,12,0.0
DY8 4BS,E63010061,52.470770,-2.153284,15718,UN1,Stourbridge,56950.0,Medium,0,3,17,703.0
DY8 4HZ,E63010061,52.464877,-2.149510,13372,UN1,Stourbridge,56950.0,Medium,2,5,14,0.0
DY8 4JB,E63010061,52.465421,-2.146392,13372,UN1,Stourbridge,56950.0,Medium,2,5,14,220.0
DY8 5PD,E63010004,52.480617,-2.164686,15476,UN1,Kingswinford,51910.0,Medium,1,2,10,0.0
DY9 0NJ,E63010107,52.419071,-2.143739,31439,UN1,Hagley,7010.0,Small,1,1,1,193.0
DY9 8LF,E63010061,52.457742,-2.114873,1486,UN1,Stourbridge,56950.0,Medium,7,8,19,106.0
DY9 8LN,E63010061,52.457141,-2.114120,1486,UN1,Stourbridge,56950.0,Medium,7,8,19,22.0
DY9 8LQ,E63010061,52.457114,-2.113355,1486,UN1,Stourbridge,56950.0,Medium,7,8,19,38.0
DY9 8QH,E63010061,52.462643,-2.104480,3509,UN1,Stourbridge,56950.0,Medium,0,6,22,894.0
DY9 9DS,E63010061,52.441573,-2.110976,5630,UN1,Stourbridge,56950.0,Medium,1,1,10,0.0
E1 0LB,E63012023,51.513566,-0.049749,7611,UN1,Tower Hamlets,,,5,18,57,54.0
E1 0SG,E63012023,51.514214,-0.050341,8047,UN1,Tower Hamlets,,,5,18,59,70.0
E1 1DB,E63012023,51.519174,-0.060939,10715,UN1,Tower Hamlets,,,7,32,70,76.0
E1 1DN,E63012023,51.518517,-0.063620,4749,UN1,Tower Hamlets,,,11,29,67,0.0
E1 1DT,E63012023,51.517757,-0.066102,4749,UN1,Tower Hamlets,,,13,27,73,155.0
E1 2LP,E63012023,51.513895,-0.062547,6345,UN1,Tower Hamlets,,,7,31,68,414.0
E1 2LX,E63012023,51.513360,-0.061763,6845,UN1,Tower Hamlets,,,7,30,66,456.0
E1 2PR,E63012023,51.513730,-0.056933,4740,UN1,Tower Hamlets,,,8,26,62,120.0
E1 2PS,E63012023,51.514498,-0.054984,10008,UN1,Tower Hamlets,,,7,22,63,85.0
E1 2QE,E63012023,51.511581,-0.056420,10599,UN1,Tower Hamlets,,,6,22,63,255.0
E1 3NN,E63012023,51.517797,-0.039781,4342,UN1,Tower Hamlets,,,3,12,60,133.0
E1 4FG,E63012023,51.518390,-0.038112,7366,UN1,Tower Hamlets,,,2,13,61,0.0
E1 4LR,E63012023,51.520943,-0.044518,6140,UN1,Tower Hamlets,,,3,16,68,244.0
E1 5LQ,E63012023,51.518578,-0.068950,5304,UN1,Tower Hamlets,,,10,26,77,143.0
E1 5NG,E63012023,51.517458,-0.069243,4749,UN1,Tower Hamlets,,,12,25,77,26.0
E1 5QJ,E63012023,51.523412,-0.054604,3602,UN1,Tower Hamlets,,,2,20,76,432.0
E1 5SD,E63012023,51.520763,-0.058061,10715,UN1,Tower Hamlets,,,7,29,68,88.0
E1 6RF,E63012023,51.518017,-0.070949,5304,UN1,Tower Hamlets,,,8,24,80,50.0
E1 8EJ,E63012023,51.514289,-0.070631,14542,UN1,Tower Hamlets,,,11,24,72,174.0
E1 8ZF,E63012023,51.513471,-0.068489,14542,UN1,Tower Hamlets,,,8,27,68,0.0
E10 5EL,E63011885,51.564278,-0.011291,8481,UN1,Waltham Forest,,,3,13,48,0.0
E10 5NF,E63011885,51.560214,-0.011858,11129,UN1,Waltham Forest,,,4,7,42,105.0
E10 5NH,E63011885,51.555510,-0.008139,11129,UN1,Waltham Forest,,,0,14,39,604.0
E10 6AE,E63011885,51.574820,-0.011480,8358,UN1,Waltham Forest,,,6,18,50,485.0
E10 6JP,E63011885,51.571247,-0.008144,9423,UN1,Waltham Forest,,,5,16,50,62.0
E10 6PP,E63011885,51.561975,-0.003831,13709,UN1,Waltham Forest,,,2,16,46,0.0
E10 6QE,E63011885,51.563267,-0.010556,10432,UN1,Waltham Forest,,,6,12,45,123.0
E10 7AA,E63011885,51.574423,-0.011368,3684,UN1,Waltham Forest,,,4,18,50,441.0
E10 7EA,E63011885,51.571645,-0.022052,5128,UN1,Waltham Forest,,,4,11,41,37.0
E10 7LA,E63011885,51.570855,-0.024280,5128,UN1,Waltham Forest,,,4,7,39,164.0
E11 1EA,E63011885,51.569204,-0.004842,12888,UN1,Waltham Forest,,,4,13,46,315.0
E11 1HH,E63011885,51.569524,0.012228,13609,UN1,Waltham Forest,,,3,7,37,293.0
E11 1HQ,E63011885,51.567971,0.010485,13609,UN1,Waltham Forest,,,3,7,40,503.0
E11 1HT,E63011885,51.570181,0.012199,13609,UN1,Waltham Forest,,,3,7,38,245.0
E11 2AE,E63011927,51.578330,0.026169,24959,UN1,Redbridge,,,2,2,20,48.0
E11 3HR,E63011885,51.556881,0.006419,11954,UN1,Waltham Forest,,,7,13,48,146.0
E11 3NJ,E63011885,51.555506,0.012099,11575,UN1,Waltham Forest,,,3,10,52,437.0
E11 4EA,E63011885,51.565088,0.002884,13836,UN1,Waltham Forest,,,2,15,41,253.0
E11 4HH,E63011885,51.553496,0.005044,4362,UN1,Waltham Forest,,,7,13,51,0.0
E11 4HX,E63011885,51.555416,0.002128,3432,UN1,Waltham Forest,,,6,13,47,0.0
E11 4RD,E63011885,51.563894,0.009642,10223,UN1,Waltham Forest,,,2,13,40,549.0
E12 5AD,E63012003,51.550020,0.045407,6209,UN1,Newham,,,0,13,50,602.0
E12 5JR,E63012003,51.554874,0.059401,4849,UN1,Newham,,,2,12,41,177.0
E12 6AQ,E63012003,51.547786,0.053860,8100,UN1,Newham,,,2,13,64,0.0
E12 6EA,E63012003,51.552662,0.052695,10059,UN1,Newham,,,2,7,48,239.0
E12 6PQ,E63012003,51.543851,0.049529,9696,UN1,Newham,,,5,16,62,256.0
E12 6RH,E63012003,51.545906,0.049246,10661,UN1,Newham,,,5,16,63,381.0
E12 6SA,E63012003,51.542422,0.050489,11784,UN1,Newham,,,7,17,63,139.0
E12 6SB,E63012003,51.540975,0.050943,8410,UN1,Newham,,,8,17,60,37.0
E13 0AL,E63012003,51.531355,0.018734,6130,UN1,Newham,,,5,16,61,0.0
E13 0HG,E63012003,51.525214,0.013460,6586,UN1,Newham,,,0,14,52,624.0
E13 0PB,E63012003,51.532991,0.023463,6110,UN1,Newham,,,6,18,70,209.0
E13 0QA,E63012003,51.537312,0.025255,8339,UN1,Newham,,,3,19,77,0.0
E13 0QU,E63012003,51.537993,0.032683,9189,UN1,Newham,,,6,20,72,61.0
E13 8EE,E63012003,51.521749,0.020889,4081,UN1,Newham,,,1,15,41,590.0
E13 8HL,E63012003,51.521147,0.020848,6282,UN1,Newham,,,1,16,37,654.0
E13 8QE,E63012003,51.525320,0.028673,10115,UN1,Newham,,,5,17,50,69.0
E13 8QG,E63012003,51.525260,0.029535,10115,UN1,Newham,,,6,15,51,128.0
E13 9AP,E63012003,51.536756,0.034531,9189,UN1,Newham,,,6,20,74,131.0
E13 9AR,E63012003,51.536501,0.035241,7833,UN1,Newham,,,6,20,72,187.0
E13 9ER,E63012003,51.530400,0.037535,8256,UN1,Newham,,,1,19,60,516.0
E13 9HH,E63012003,51.529542,0.024766,6130,UN1,Newham,,,6,18,58,225.0
E14 0BE,E63012023,51.508932,-0.009970,6380,UN1,Tower Hamlets,,,4,13,35,250.0
E14 0ED,E63012023,51.511435,-0.011735,3824,UN1,Tower Hamlets,,,10,12,40,122.0
E14 0NU,E63012023,51.513401,-0.005740,5485,UN1,Tower Hamlets,,,3,10,37,90.0
E14 0XA,E63012023,51.512639,-0.005312,5485,UN1,Tower Hamlets,,,3,10,36,0.0
E14 3BT,E63012023,51.494254,-0.013592,16624,UN1,Tower Hamlets,,,2,7,34,123.0
E14 3DN,E63012023,51.488710,-0.008072,12388,UN1,Tower Hamlets,,,1,6,33,0.0
E14 3PQ,E63012023,51.498210,-0.010899,15260,UN1,Tower Hamlets,,,3,5,34,68.0
E14 4QT,E63012023,51.505088,-0.020931,20860,UN1,Tower Hamlets,,,2,12,32,579.0
E14 5AX,E63012023,51.504937,-0.019439,20860,UN1,Tower Hamlets,,,2,12,32,631.0
E14 5NY,E63012023,51.503070,-0.018583,20860,UN1,Tower Hamlets,,,2,10,31,553.0
E14 6BT,E63012023,51.511725,-0.014547,3416,UN1,Tower Hamlets,,,6,16,40,193.0
E14 6GG,E63012023,51.514391,-0.014777,8057,UN1,Tower Hamlets,,,5,11,40,0.0
E14 7HG,E63012023,51.512327,-0.028904,15458,UN1,Tower Hamlets,,,3,9,43,0.0
E14 7PQ,E63012023,51.513730,-0.033758,15458,UN1,Tower Hamlets,,,3,7,58,370.0
E14 8JH,E63012023,51.500807,-0.025698,21416,UN1,Tower Hamlets,,,1,4,36,0.0
E14 9RL,E63012023,51.508085,-0.009906,6380,UN1,Tower Hamlets,,,3,13,35,325.0
E14 9WU,E63012023,51.491152,-0.021117,11260,UN1,Tower Hamlets,,,1,7,35,0.0
E15 1EN,E63012003,51.544965,0.004856,8296,UN1,Newham,,,3,16,49,0.0
E15 1JA,E63012003,51.546879,0.005503,8296,UN1,Newham,,,3,17,54,217.0
E15 1LH,E63012003,51.549965,0.004874,9394,UN1,Newham,,,4,15,53,393.0
E15 1UA,E63011885,51.551906,0.006012,8927,UN1,Waltham Forest,,,6,14,52,189.0
E15 1XD,E63012003,51.541516,-0.000617,8005,UN1,Newham,,,4,16,46,489.0
E15 1XE,E63012003,51.541817,-0.000387,8005,UN1,Newham,,,4,17,46,470.0
E15 2LS,E63012003,51.535444,-0.004762,6075,UN1,Newham,,,2,10,40,223.0
E15 2SP,E63012003,51.537328,-0.000267,5784,UN1,Newham,,,5,15,40,213.0
E15 3ET,E63012003,51.533626,0.012663,8101,UN1,Newham,,,5,15,59,485.0
E15 3HX,E63012003,51.535865,0.008003,6945,UN1,Newham,,,4,15,58,188.0
E15 3JF,E63012003,51.533073,0.007160,4440,UN1,Newham,,,4,13,53,209.0
E15 4ES,E63012003,51.541414,0.010050,9706,UN1,Newham,,,2,13,60,0.0
E16 1AH,E63012003,51.505982,0.015796,15262,UN1,Newham,,,0,4,24,558.0
E16 1EH,E63012003,51.516286,0.010702,4459,UN1,Newham,,,3,7,43,399.0
E16 2LL,E63012003,51.501185,0.063565,7348,UN1,Newham,,,0,4,29,723.0
E16 2TQ,E63012003,51.501290,0.029738,15262,UN1,Newham,,,0,0,17,1319.0
E16 3AR,E63012003,51.510717,0.025445,3005,UN1,Newham,,,1,6,25,233.0
E16 3JL,E63012003,51.515198,0.032043,4284,UN1,Newham,,,1,6,33,323.0
E16 4HP,E63012003,51.518654,0.012651,5384,UN1,Newham,,,3,8,44,191.0
E16 4PZ,E63012003,51.519761,0.011518,5384,UN1,Newham,,,3,7,44,58.0
E17 3LL,E63011885,51.588513,-0.003911,5047,UN1,Waltham Forest,,,3,10,34,100.0
E17 3LQ,E63011885,51.589215,-0.001844,6772,UN1,Waltham Forest,,,3,9,35,179.0
E17 3LX,E63011885,51.587109,-0.003308,5047,UN1,Waltham Forest,,,3,11,36,78.0
E17 4AZ,E63011885,51.595235,-0.003169,15993,UN1,Waltham Forest,,,1,5,36,139.0
E17 4PP,E63011885,51.590586,-0.018517,8097,UN1,Waltham Forest,,,1,10,41,325.0
E17 5BZ,E63011885,51.596623,-0.024073,7659,UN1,Waltham Forest,,,2,9,37,63.0
E17 5NB,E63011885,51.594116,-0.026824,3379,UN1,Waltham Forest,,,4,11,36,400.0
E17 5RQ,E63011885,51.594831,-0.034590,6798,UN1,Waltham Forest,,,3,10,28,0.0
E17 6HD,E63011885,51.588772,-0.031516,10047,UN1,Waltham Forest,,,3,16,32,385.0
E17 6JG,E63011885,51.588383,-0.031894,14422,UN1,Waltham Forest,,,3,16,33,423.0
E17 6JQ,E63011885,51.587708,-0.034536,14422,UN1,Waltham Forest,,,2,15,29,620.0
E17 7AD,E63011885,51.582030,-0.032139,10024,UN1,Waltham Forest,,,3,12,34,281.0
E17 7JH,E63011885,51.584478,-0.021034,9666,UN1,Waltham Forest,,,2,17,46,522.0
E17 7JR,E63011885,51.583368,-0.023478,9666,UN1,Waltham Forest,,,4,18,46,449.0
E17 7JS,E63011885,51.583586,-0.025215,9666,UN1,Waltham Forest,,,2,14,46,535.0
E17 7PJ,E63011885,51.580699,-0.032688,6152,UN1,Waltham Forest,,,3,11,36,173.0
E17 7PN,E63011885,51.579970,-0.032127,11752,UN1,Waltham Forest,,,3,11,36,209.0
E17 8EE,E63011885,51.571680,-0.026279,10740,UN1,Waltham Forest,,,4,7,40,297.0
E17 8PX,E63011885,51.579801,-0.020443,7369,UN1,Waltham Forest,,,2,17,50,0.0
E17 9AP,E63011885,51.576128,-0.014382,8358,UN1,Waltham Forest,,,4,17,51,416.0
E17 9BU,E63011885,51.579199,-0.010943,8814,UN1,Waltham Forest,,,6,17,53,0.0
E17 9DN,E63011885,51.578809,-0.005418,7069,UN1,Waltham Forest,,,5,14,50,342.0
E17 9DS,E63011885,51.580564,-0.002353,8188,UN1,Waltham Forest,,,3,15,44,64.0
E18 1AN,E63011927,51.592717,0.026736,25877,UN1,Redbridge,,,5,8,21,191.0
E18 1AY,E63011927,51.593833,0.024606,25801,UN1,Redbridge,,,6,7,23,68.0
E18 2LY,E63011927,51.595062,0.023231,25801,UN1,Redbridge,,,6,7,25,130.0
E18 2PB,E63011927,51.599197,0.020180,16827,UN1,Redbridge,,,1,7,23,224.0
E18 2QL,E63011927,51.593362,0.022693,25801,UN1,Redbridge,,,6,7,26,108.0
E1W 2AF,E63012023,51.508017,-0.066558,15535,UN1,Tower Hamlets,,,1,14,63,164.0
E1W 2RL,E63012023,51.506137,-0.058928,24676,UN1,Tower Hamlets,,,1,12,64,0.0
E2 0AH,E63012023,51.526571,-0.061793,7276,UN1,Tower Hamlets,,,4,20,79,173.0
E2 0DJ,E63012023,51.526780,-0.059737,7276,UN1,Tower Hamlets,,,3,21,77,311.0
E2 0PG,E63012023,51.528435,-0.048911,6995,UN1,Tower Hamlets,,,2,13,72,498.0
E2 0QY,E63012023,51.529503,-0.046126,9758,UN1,Tower Hamlets,,,2,11,69,300.0
E2 6AH,E63012023,51.526554,-0.065124,11032,UN1,Tower Hamlets,,,5,21,80,74.0
E2 7QB,E63012023,51.528462,-0.070637,13053,UN1,Tower Hamlets,,,3,17,79,267.0
E2 8AN,E63011969,51.534303,-0.077541,4241,UN1,Hackney,,,6,13,73,45.0
E2 9ED,E63012023,51.532517,-0.058656,9298,UN1,Tower Hamlets,,,6,20,73,198.0
E2 9EZ,E63012023,51.533912,-0.059260,10499,UN1,Tower Hamlets,,,8,20,74,331.0
E2 9NQ,E63012023,51.531374,-0.056456,9298,UN1,Tower Hamlets,,,4,20,81,0.0
E20 1AS,E63012003,51.547818,-0.006369,9402,UN1,Newham,,,2,10,38,0.0
E20 1EH,E63012003,51.543596,-0.006612,9402,UN1,Newham,,,4,11,38,470.0
E3 2AD,E63012023,51.527099,-0.026608,6874,UN1,Tower Hamlets,,,4,14,39,125.0
E3 2RN,E63012023,51.533986,-0.027593,4966,UN1,Tower Hamlets,,,5,10,44,254.0
E3 3DA,E63012023,51.527251,-0.010555,7688,UN1,Tower Hamlets,,,4,6,42,436.0
E3 3EW,E63012023,51.527355,-0.017730,8147,UN1,Tower Hamlets,,,4,8,45,448.0
E3 3FF,E63012023,51.523951,-0.014274,7688,UN1,Tower Hamlets,,,4,7,47,0.0
E3 4LH,E63012023,51.525874,-0.030236,6988,UN1,Tower Hamlets,,,4,16,41,289.0
E3 4PH,E63012023,51.525312,-0.032639,6988,UN1,Tower Hamlets,,,3,16,47,449.0
E3 4QA,E63012023,51.518100,-0.024604,5842,UN1,Tower Hamlets,,,0,16,47,708.0
E3 5EL,E63012023,51.533125,-0.029865,4966,UN1,Tower Hamlets,,,5,12,48,117.0
E3 5ES,E63012023,51.532709,-0.030272,8684,UN1,Tower Hamlets,,,5,12,48,68.0
E4 6LQ,E63011885,51.619111,0.006286,7043,UN1,Waltham Forest,,,0,2,17,516.0
E4 6SJ,E63011885,51.617955,-0.017224,13165,UN1,Waltham Forest,,,4,6,18,89.0
E4 7BH,E63011885,51.631453,0.003392,20330,UN1,Waltham Forest,,,1,2,7,502.0
E4 7BJ,E63011885,51.631162,0.003610,20330,UN1,Waltham Forest,,,2,2,7,471.0
E4 7PA,E63011885,51.637847,-0.012483,8698,UN1,Waltham Forest,,,1,1,8,251.0
E4 8JS,E63011885,51.613609,-0.016532,12004,UN1,Waltham Forest,,,5,8,19,172.0
E4 8LP,E63011885,51.615896,-0.017805,10862,UN1,Waltham Forest,,,5,6,18,263.0
E4 8SA,E63011885,51.605982,-0.017009,8328,UN1,Waltham Forest,,,2,5,27,726.0
E4 8ST,E63011885,51.604126,-0.021018,8328,UN1,Waltham Forest,,,2,6,29,799.0
E4 8TD,E63011885,51.607035,-0.023968,8328,UN1,Waltham Forest,,,2,6,26,723.0
E4 9AA,E63011885,51.610823,-0.017737,12004,UN1,Waltham Forest,,,2,9,20,186.0
E4 9BW,E63011885,51.607763,-0.001652,22382,UN1,Waltham Forest,,,3,3,23,174.0
E4 9LD,E63011885,51.608384,0.000412,14955,UN1,Waltham Forest,,,3,3,21,62.0
E5 0HD,E63011969,51.555080,-0.041366,9211,UN1,Hackney,,,1,12,38,584.0
E5 0LP,E63011969,51.552499,-0.044030,6917,UN1,Hackney,,,4,18,43,251.0
E5 0NS,E63011969,51.550890,-0.052754,5446,UN1,Hackney,,,7,17,57,277.0
E5 0RN,E63011969,51.552227,-0.052048,7320,UN1,Hackney,,,7,18,56,130.0
E5 8BY,E63011969,51.558262,-0.062408,8634,UN1,Hackney,,,1,12,57,0.0
E5 8EQ,E63011969,51.555155,-0.055082,6196,UN1,Hackney,,,3,13,53,130.0
E5 9BQ,E63011969,51.565297,-0.051201,5611,UN1,Hackney,,,1,5,36,0.0
E5 9BU,E63011969,51.563621,-0.059122,7202,UN1,Hackney,,,3,11,43,383.0
E5 9JZ,E63011969,51.564268,-0.059094,2917,UN1,Hackney,,,3,10,42,313.0
E6 1BX,E63012003,51.538648,0.043124,9258,UN1,Newham,,,2,29,68,188.0
E6 1HS,E63012003,51.534310,0.053080,8772,UN1,Newham,,,7,20,57,227.0
E6 2HT,E63012003,51.536788,0.052283,8772,UN1,Newham,,,8,19,58,145.0
E6 2JA,E63012003,51.538987,0.051517,9784,UN1,Newham,,,7,22,58,131.0
E6 2SA,E63012003,51.533704,0.061474,6357,UN1,Newham,,,2,11,45,407.0
E6 3BA,E63012003,51.532435,0.051799,7708,UN1,Newham,,,8,17,54,0.0
E6 3BD,E63012003,51.531234,0.044868,9393,UN1,Newham,,,5,17,62,0.0
E6 3BP,E63012003,51.530494,0.040365,9393,UN1,Newham,,,3,19,62,322.0
E6 3RL,E63012003,51.527037,0.056040,10573,UN1,Newham,,,2,9,41,452.0
E6 4JP,E63012003,51.514893,0.057785,2519,UN1,Newham,,,4,6,20,123.0
E6 5JP,E63012003,51.514893,0.057785,2519,UN1,Newham,,,4,6,20,123.0
E6 5JS,E63012003,51.515574,0.056389,2519,UN1,Newham,,,4,6,25,0.0
E6 5LX,E63012003,51.514483,0.057608,2519,UN1,Newham,,,4,6,18,148.0
E6 5NA,E63012003,51.509461,0.062959,8693,UN1,Newham,,,1,7,17,0.0
E6 6EN,E63012003,51.531475,0.055764,7996,UN1,Newham,,,7,12,54,132.0
E6 7ER,E63012003,51.517194,0.080317,9464,UN1,Newham,,,0,1,13,1477.0
E6 7FB,E63012003,51.511752,0.078858,9464,UN1,Newham,,,0,1,15,1129.0
E7 0EL,E63012003,51.548934,0.024531,5271,UN1,Newham,,,7,14,60,64.0
E7 0EW,E63012003,51.550906,0.025441,11912,UN1,Newham,,,5,13,54,57.0
E7 0QH,E63012003,51.548598,0.025280,3646,UN1,Newham,,,8,15,63,0.0
E7 8AB,E63012003,51.547500,0.033611,10282,UN1,Newham,,,4,18,57,0.0
E7 8BA,E63012003,51.547516,0.024929,3646,UN1,Newham,,,10,15,62,123.0
E7 8JG,E63012003,51.544202,0.031964,9039,UN1,Newham,,,8,26,68,214.0
E7 8LQ,E63012003,51.537957,0.034224,7833,UN1,Newham,,,6,20,72,96.0
E7 8NP,E63012003,51.543452,0.036791,10266,UN1,Newham,,,3,27,62,292.0
E7 9HZ,E63012003,51.545909,0.022695,4804,UN1,Newham,,,7,15,63,348.0
E7 9PA,E63012003,51.544938,0.026329,4804,UN1,Newham,,,9,21,70,183.0
E7 9PB,E63012003,51.543298,0.026487,9158,UN1,Newham,,,6,24,69,0.0
E8 1EJ,E63011969,51.546070,-0.055469,9543,UN1,Hackney,,,4,21,58,418.0
E8 1HP,E63011969,51.549233,-0.054772,4504,UN1,Hackney,,,7,18,61,469.0
E8 1HR,E63011969,51.548244,-0.054800,4504,UN1,Hackney,,,6,22,61,411.0
E8 1NH,E63011969,51.548389,-0.067904,6737,UN1,Hackney,,,3,15,70,85.0
E8 2JS,E63011969,51.547278,-0.075783,6411,UN1,Hackney,,,4,17,71,378.0
E8 2LX,E63011969,51.547711,-0.074265,6737,UN1,Hackney,,,6,16,73,308.0
E8 2NS,E63011969,51.549351,-0.074989,6411,UN1,Hackney,,,5,16,71,389.0
E8 4AA,E63011969,51.541525,-0.075939,6864,UN1,Hackney,,,3,16,73,310.0
E8 4AE,E63011969,51.543331,-0.075849,7953,UN1,Hackney,,,5,13,79,368.0
E8 4HU,E63011969,51.537245,-0.072169,4810,UN1,Hackney,,,3,18,75,438.0
E8 4PH,E63011969,51.536752,-0.061879,6490,UN1,Hackney,,,5,16,68,28.0
E8 4QJ,E63011969,51.536585,-0.061583,6490,UN1,Hackney,,,6,16,68,0.0
E9 5DG,E63011969,51.545292,-0.035209,4298,UN1,Hackney,,,2,13,41,352.0
E9 5QG,E63011969,51.551804,-0.034756,4889,UN1,Hackney,,,2,10,34,0.0
E9 6AS,E63011969,51.548897,-0.040550,6917,UN1,Hackney,,,4,19,45,189.0
E9 6ND,E63011969,51.546923,-0.052664,7474,UN1,Hackney,,,7,22,58,224.0
E9 6QT,E63011969,51.544133,-0.046610,9624,UN1,Hackney,,,3,21,57,211.0
E9 6RG,E63011969,51.544534,-0.046910,2897,UN1,Hackney,,,5,21,57,225.0
E9 7HD,E63011969,51.538448,-0.043767,10064,UN1,Hackney,,,0,11,64,629.0
E9 7PX,E63011969,51.539963,-0.053768,4640,UN1,Hackney,,,6,21,73,0.0
EC1M 3HA,E63011985,51.519287,-0.105821,14830,UN1,Camden,,,3,20,86,323.0
EC1M 7AA,E63011980,51.522478,-0.097385,14915,UN1,Islington,,,2,15,81,375.0
EC1N 2TD,E63011985,51.518071,-0.108495,5902,UN1,Camden,,,5,22,89,119.0
EC1R 1UR,E63011980,51.529472,-0.110617,7539,UN1,Islington,,,6,21,90,159.0
EC1R 4QE,E63011980,51.525848,-0.108893,11070,UN1,Islington,,,4,22,88,109.0
EC1R 4QL,E63011980,51.526092,-0.108969,11070,UN1,Islington,,,4,22,87,137.0
EC1V 9NP,E63011980,51.525657,-0.090491,12549,UN1,Islington,,,4,12,78,214.0
EC1Y 8NX,E63011980,51.521983,-0.092389,12549,UN1,Islington,,,5,14,76,461.0
EC2M 2AB,E63012025,51.518226,-0.083149,20391,UN1,City and County of the City of London,,,3,21,77,490.0
EC2M 4NR,E63012025,51.517954,-0.079701,20391,UN1,City and County of the City of London,,,1,21,75,544.0
EC2M 6XQ,E63012025,51.518945,-0.088048,20391,UN1,City and County of the City of London,,,3,18,77,408.0
EC2V 6DN,E63012025,51.514178,-0.093552,20391,UN1,City and County of the City of London,,,4,15,74,217.0
EC3M 5AL,E63012025,51.512131,-0.080522,20391,UN1,City and County of the City of London,,,4,21,76,738.0
EC3M 6BL,E63012025,51.511669,-0.082487,20391,UN1,City and County of the City of London,,,4,19,73,861.0
EC3N 1LH,E63012025,51.513547,-0.076369,8678,UN1,City and County of the City of London,,,4,20,74,420.0
EC3V 0HR,E63012025,51.512066,-0.084791,20391,UN1,City and County of the City of London,,,4,17,69,698.0
EC4A 2BE,E63012025,51.514357,-0.105665,18089,UN1,City and County of the City of London,,,3,17,82,536.0
EC4M 7DX,E63012025,51.514603,-0.098636,20391,UN1,City and County of the City of London,,,5,17,76,357.0
EC4M 9AG,E63012025,51.513882,-0.095769,20391,UN1,City and County of the City of London,,,4,18,77,175.0
EC4N 6AE,E63012025,51.511715,-0.091377,20391,UN1,City and County of the City of London,,,5,16,69,253.0
EC4R 9AD,E63012025,51.510712,-0.086116,20391,UN1,City and County of the City of London,,,4,16,66,634.0
EC4V 6JJ,E63012025,51.513331,-0.103978,20391,UN1,City and County of the City of London,,,2,17,88,639.0
EN1 1TH,E63011803,51.653507,-0.057264,6497,UN1,Enfield,,,0,4,23,988.0
EN1 1YY,E63011803,51.652183,-0.078947,15781,UN1,Enfield,,,6,8,16,290.0
EN1 2HB,E63011803,51.636811,-0.080956,24050,UN1,Enfield,,,0,5,20,927.0
EN1 2PT,E63011803,51.641797,-0.071308,11086,UN1,Enfield,,,0,2,26,1404.0
EN1 3EP,E63011803,51.654517,-0.080902,25045,UN1,Enfield,,,5,11,18,23.0
EN1 3EW,E63011803,51.654185,-0.080945,25045,UN1,Enfield,,,6,11,18,28.0
EN1 3LD,E63011803,51.662135,-0.078801,20608,UN1,Enfield,,,3,9,14,148.0
EN10 6FD,E63011524,51.723263,-0.030299,14620,UN1,Hoddesdon,40615.0,Medium,1,3,7,0.0
EN10 6HT,E63011524,51.733503,-0.023177,20595,UN1,Hoddesdon,40615.0,Medium,0,0,5,1240.0
EN10 7HX,E63011524,51.748301,-0.018649,27720,UN1,Hoddesdon,40615.0,Medium,1,1,7,266.0
EN11 0JL,E63011524,51.766989,-0.002800,13438,UN1,Hoddesdon,40615.0,Medium,0,1,7,1011.0
EN11 8EP,E63011524,51.759392,-0.010859,25696,UN1,Hoddesdon,40615.0,Medium,4,4,9,0.0
EN11 8HF,E63011524,51.761338,-0.010035,6919,UN1,Hoddesdon,40615.0,Medium,4,5,9,224.0
EN11 8TJ,E63011524,51.760170,-0.012753,19013,UN1,Hoddesdon,40615.0,Medium,4,4,9,47.0
EN11 9FF,E63011524,51.776850,-0.015831,19666,UN1,Hoddesdon,40615.0,Medium,1,1,8,0.0
EN2 0JH,E63011803,51.663865,-0.085062,17296,UN1,Enfield,,,2,5,14,199.0
EN2 6NL,E63011803,51.657525,-0.087801,15451,UN1,Enfield,,,1,12,16,0.0
EN2 6SN,E63011803,51.651258,-0.083468,13223,UN1,Enfield,,,6,8,20,134.0
EN2 7HW,E63011803,51.654481,-0.109181,23825,UN1,Enfield,,,1,3,17,159.0
EN3 4DN,E63011803,51.647900,-0.046157,4121,UN1,Enfield,,,4,8,17,0.0
EN3 4DP,E63011803,51.647993,-0.047917,4121,UN1,Enfield,,,4,7,17,122.0
EN3 4DR,E63011803,51.646758,-0.046669,4121,UN1,Enfield,,,4,9,16,82.0
EN3 4GE,E63011803,51.642740,-0.036551,2622,UN1,Enfield,,,2,9,17,819.0
EN3 4GS,E63011803,51.641830,-0.035954,2622,UN1,Enfield,,,2,8,17,811.0
EN3 4QA,E63011803,51.643277,-0.038551,2622,UN1,Enfield,,,2,9,17,669.0
EN3 5BH,E63011803,51.657673,-0.047645,5806,UN1,Enfield,,,1,3,13,1092.0
EN3 5JL,E63011803,51.660545,-0.046235,5806,UN1,Enfield,,,1,2,12,1368.0
EN3 5PT,E63011803,51.665095,-0.043509,5182,UN1,Enfield,,,0,4,10,828.0
EN3 6GS,E63011803,51.668588,-0.016966,9725,UN1,Enfield,,,0,0,5,1589.0
EN3 6PR,E63011803,51.674861,-0.037606,9083,UN1,Enfield,,,2,2,11,332.0
EN3 6UP,E63011803,51.671307,-0.040146,3165,UN1,Enfield,,,2,3,12,103.0
EN4 0DA,E63011803,51.648630,-0.148323,18476,UN1,Enfield,,,3,5,16,36.0
EN4 0DL,E63011803,51.648934,-0.147603,18476,UN1,Enfield,,,3,5,15,96.0
EN4 8QZ,E63011868,51.646387,-0.166425,14031,UN1,Barnet,,,4,6,17,0.0
EN4 8RQ,E63011868,51.649552,-0.171545,11210,UN1,Barnet,,,5,6,12,288.0
EN4 8RR,E63011868,51.650188,-0.174323,15365,UN1,Barnet,,,3,6,16,182.0
EN4 8TD,E63011868,51.642704,-0.163755,17685,UN1,Barnet,,,2,4,21,449.0
EN5 1ES,E63011868,51.646524,-0.186800,18670,UN1,Barnet,,,0,3,16,603.0
EN5 2TB,E63011868,51.647045,-0.214893,12242,UN1,Barnet,,,0,0,6,1127.0
EN5 5SZ,E63011868,51.656916,-0.201205,21023,UN1,Barnet,,,3,3,8,447.0
EN5 5UR,E63011868,51.654165,-0.201805,21023,UN1,Barnet,,,3,4,8,141.0
EN5 5XP,E63011868,51.655735,-0.201584,21023,UN1,Barnet,,,3,4,8,315.0
EN6 1AF,E63011685,51.699259,-0.190555,21449,UN1,Potters Bar,23400.0,Medium,0,2,6,886.0
EN6 2PB,E63011685,51.694000,-0.181331,29421,UN1,Potters Bar,23400.0,Medium,2,6,6,175.0
EN6 4HT,E63011639,51.707726,-0.112594,21236,RLN1,Cuffley,4350.0,Minor,1,1,2,60.0
EN6 5AT,E63011685,51.695472,-0.177090,29421,UN1,Potters Bar,23400.0,Medium,4,5,6,175.0
EN6 5DA,E63011685,51.698530,-0.174232,21406,UN1,Potters Bar,23400.0,Medium,2,4,6,0.0
EN7 5DJ,E63011653,51.701962,-0.051499,12243,UN1,Cheshunt,43680.0,Medium,1,1,11,100.0
EN7 5ET,E63011642,51.710107,-0.085846,25219,UN1,Goff's Oak,3500.0,Minor,0,0,2,1889.0
EN7 6QQ,E63011653,51.713772,-0.056015,16894,UN1,Cheshunt,43680.0,Medium,1,1,8,52.0
EN8 0AJ,E63011653,51.710176,-0.034414,13064,UN1,Cheshunt,43680.0,Medium,2,4,14,273.0
EN8 0BS,E63011653,51.709412,-0.036603,13064,UN1,Cheshunt,43680.0,Medium,2,6,14,109.0
EN8 0NN,E63011653,51.717381,-0.037228,17122,UN1,Cheshunt,43680.0,Medium,1,6,13,810.0
EN8 0TA,E63011653,51.718014,-0.037418,17122,UN1,Cheshunt,43680.0,Medium,1,5,13,762.0
EN8 7AP,E63011703,51.687364,-0.033492,11162,UN1,Waltham Cross,11940.0,Small,5,5,13,122.0
EN8 7BY,E63011703,51.686378,-0.032638,11162,UN1,Waltham Cross,11940.0,Small,5,5,12,0.0
EN8 7BZ,E63011703,51.686301,-0.032323,11162,UN1,Waltham Cross,11940.0,Small,5,5,12,23.0
EN8 8LF,E63011653,51.701059,-0.033955,6944,UN1,Cheshunt,43680.0,Medium,3,5,16,166.0
EN8 8NQ,E63011653,51.701019,-0.034810,19452,UN1,Cheshunt,43680.0,Medium,3,5,16,123.0
EN9 1EE,E63011699,51.686986,-0.001463,13781,UN1,Waltham Abbey,18645.0,Small,2,2,5,302.0
EN9 1NP,E63011699,51.685326,0.002008,13781,UN1,Waltham Abbey,18645.0,Small,2,2,4,0.0
EN9 2JL,E63011569,51.735606,0.010863,25717,UN1,Lower Nazeing,3630.0,Minor,0,0,0,2520.0
EN9 3EL,E63011699,51.686463,0.021720,6610,UN1,Waltham Abbey,18645.0,Small,1,1,4,142.0
EX1 1SB,E63013856,50.723732,-3.522746,21566,UN1,Exeter,126175.0,Large,7,13,27,0.0
EX1 2RJ,E63013856,50.721518,-3.504894,20506,UN1,Exeter,126175.0,Large,2,8,23,192.0
EX1 2RX,E63013856,50.723191,-3.505557,26823,UN1,Exeter,126175.0,Large,2,6,27,0.0
EX1 3PF,E63013856,50.732955,-3.481950,7475,UN1,Exeter,126175.0,Large,1,3,10,434.0
EX1 3SA,E63013856,50.739540,-3.469005,31397,UN1,Exeter,126175.0,Large,1,1,5,229.0
EX10 8AH,E63013893,50.679153,-3.237083,27792,UF1,Sidmouth,13265.0,Small,1,1,2,2383.0
EX10 8LD,E63013893,50.681544,-3.238009,27792,UF1,Sidmouth,13265.0,Small,1,1,2,2110.0
EX10 9UU,E63013893,50.693899,-3.239878,17985,UF1,Sidmouth,13265.0,Small,0,2,4,833.0
EX10 9YA,E63013893,50.699490,-3.247743,16908,UF1,Sidmouth,13265.0,Small,1,2,2,0.0
EX11 1BT,E63013817,50.751309,-3.279301,28301,RLN1,Ottery St Mary,6045.0,Small,2,2,2,304.0
EX11 1EQ,E63013817,50.751693,-3.283579,19675,RLN1,Ottery St Mary,6045.0,Small,2,2,2,0.0
EX12 2DU,E63013871,50.713063,-3.074122,23535,RLF1,Seaton (East Devon),7435.0,Small,1,3,4,0.0
EX12 2PB,E63013871,50.704578,-3.068660,15548,RLF1,Seaton (East Devon),7435.0,Small,1,2,5,542.0
EX12 2RB,E63013871,50.705670,-3.072154,15548,RLF1,Seaton (East Devon),7435.0,Small,2,4,5,323.0
EX12 3JJ,E63013888,50.699005,-3.093639,25883,RLF1,Beer,1280.0,Minor,0,0,3,1782.0
EX13 5AP,E63013779,50.782314,-2.998810,17779,RLF1,Axminster,6095.0,Small,1,1,1,161.0
EX14 1BX,E63013757,50.797491,-3.187305,11056,UN1,Honiton,12155.0,Small,3,3,4,329.0
EX14 1HR,E63013757,50.799401,-3.190419,11603,UN1,Honiton,12155.0,Small,1,3,4,562.0
EX14 2NY,E63013757,50.794569,-3.188054,22304,UN1,Honiton,12155.0,Small,2,3,4,0.0
EX14 2XD,E63013757,50.789964,-3.202196,26287,UN1,Honiton,12155.0,Small,0,0,4,1118.0
EX15 1AH,E63013654,50.859268,-3.391206,13938,RLN1,Cullompton,8895.0,Small,2,4,4,43.0
EX15 1BQ,E63013654,50.860159,-3.387340,13938,RLN1,Cullompton,8895.0,Small,2,4,4,289.0
EX15 1FE,E63013654,50.864169,-3.392717,26629,RLN1,Cullompton,8895.0,Small,1,4,4,0.0
EX15 2PL,E63013590,50.888978,-3.374049,32229,RLN1,Willand,3475.0,Minor,0,0,0,3054.0
EX16 6BL,E63013547,50.904192,-3.486529,10179,UN1,Tiverton (Mid Devon),,,3,6,6,117.0
EX16 6LN,E63013547,50.902329,-3.488005,12332,UN1,Tiverton (Mid Devon),,,3,6,6,289.0
EX16 6NJ,E63013547,50.904923,-3.487733,10179,UN1,Tiverton (Mid Devon),,,4,6,6,0.0
EX16 6RZ,E63013547,50.908555,-3.491333,10179,UN1,Tiverton (Mid Devon),,,4,6,6,114.0
EX16 9NB,E63013351,50.988753,-3.487291,13825,RLF1,Bampton (Mid Devon),1295.0,Minor,1,1,1,6842.0
EX16 9ND,E63013351,50.990640,-3.486696,13825,RLF1,Bampton (Mid Devon),1295.0,Minor,1,1,1,6699.0
EX17 3AH,E63013762,50.790428,-3.659148,15349,RLN1,Crediton,7975.0,Small,1,1,5,1336.0
EX17 3FD,E63013762,50.783644,-3.643459,12838,RLN1,Crediton,7975.0,Small,2,2,4,0.0
EX17 3JJ,E63013762,50.791235,-3.674443,24215,RLN1,Crediton,7975.0,Small,0,0,2,2336.0
EX17 3LQ,E63013762,50.790829,-3.658807,15349,RLN1,Crediton,7975.0,Small,1,1,5,1343.0
EX17 3PJ,E63013762,50.784381,-3.641002,12838,RLN1,Crediton,7975.0,Small,2,2,4,191.0
EX2 6NF,E63013856,50.713808,-3.499491,5662,UN1,Exeter,126175.0,Large,1,4,14,0.0
EX2 7BT,E63013856,50.696145,-3.491083,9970,UN1,Exeter,126175.0,Large,0,0,4,1863.0
EX2 7EZ,E63013856,50.708565,-3.482582,26869,UN1,Exeter,126175.0,Large,0,0,7,1326.0
EX2 8NH,E63013856,50.706632,-3.536000,22269,UN1,Exeter,126175.0,Large,0,2,11,801.0
EX2 8UP,E63013856,50.699460,-3.534987,26754,UN1,Exeter,126175.0,Large,1,3,7,0.0
EX20 1HB,E63013818,50.739063,-4.002474,13311,RLF1,Okehampton,9110.0,Small,2,2,2,0.0
EX20 2EW,E63013743,50.799992,-3.897775,17975,RLF1,North Tawton,1785.0,Minor,0,0,0,6419.0
EX22 6DL,E63013700,50.810144,-4.352971,9851,RLF1,Holsworthy,3470.0,Minor,2,4,4,985.0
EX22 6DR,E63013700,50.809416,-4.352494,9851,RLF1,Holsworthy,3470.0,Minor,2,2,4,1059.0
EX22 6DX,E63013700,50.809496,-4.352513,9851,RLF1,Holsworthy,3470.0,Minor,2,2,4,1050.0
EX22 6GH,E63013700,50.818825,-4.350199,9851,RLF1,Holsworthy,3470.0,Minor,1,2,4,0.0
EX23 8JL,E63013671,50.830103,-4.544820,15673,RLF1,Bude,7350.0,Small,2,2,2,157.0
EX23 8JS,E63013671,50.830942,-4.545093,15673,RLF1,Bude,7350.0,Small,2,2,2,223.0
EX23 9BP,E63013658,50.830050,-4.516157,16037,RLF1,Stratton (Cornwall),1930.0,Minor,1,1,1,0.0
EX24 6JS,E63013838,50.740916,-3.070053,21143,RLF1,Colyton,1940.0,Minor,0,0,0,3110.0
EX3 0HE,E63013895,50.683351,-3.465253,28099,UN1,Topsham,4190.0,Minor,1,1,1,227.0
EX31 1HX,E63013112,51.080842,-4.060748,2291,UF1,Barnstaple,31275.0,Medium,5,6,9,151.0
EX31 2AS,E63013112,51.073052,-4.058788,19203,UF1,Barnstaple,31275.0,Medium,1,6,10,533.0
EX31 3BG,E63013138,51.071434,-4.125538,22666,RLF1,Fremington,5230.0,Small,1,2,2,290.0
EX31 3NH,E63013112,51.067003,-4.083941,21447,UF1,Barnstaple,31275.0,Medium,1,1,2,2084.0
EX31 3NL,E63013112,51.066442,-4.081133,15048,UF1,Barnstaple,31275.0,Medium,1,1,3,1994.0
EX32 7DB,E63013112,51.081055,-4.057345,2291,UF1,Barnstaple,31275.0,Medium,5,6,9,100.0
EX32 8QB,E63013112,51.077251,-4.056819,8682,UF1,Barnstaple,31275.0,Medium,6,6,9,53.0
EX32 9LL,E63013112,51.069583,-4.041734,24951,UF1,Barnstaple,31275.0,Medium,1,1,8,0.0
EX33 1AA,E63013045,51.108653,-4.162590,17065,RLF1,Braunton,6610.0,Small,2,2,2,140.0
EX33 1LR,E63013045,51.107422,-4.163019,17065,RLF1,Braunton,6610.0,Small,2,2,2,0.0
EX34 0AN,E63012813,51.205866,-4.037304,17596,RSF1,Combe Martin,2705.0,Minor,0,0,0,6244.0
EX34 7BW,E63012869,51.172123,-4.205774,21565,RLF1,Woolacombe,700.0,Minor,0,0,0,6527.0
EX34 8EG,E63012798,51.203741,-4.126871,12145,UF1,Ilfracombe,9200.0,Small,1,2,2,0.0
EX34 9DA,E63012798,51.208300,-4.123416,4820,UF1,Ilfracombe,9200.0,Small,0,2,2,561.0
EX35 6BP,E63012728,51.230089,-3.837168,10194,RLF1,Lynton,,,0,0,0,20389.0
EX36 3AQ,E63013275,51.017878,-3.834799,14991,RLF1,South Molton,6225.0,Small,2,2,2,164.0
EX36 3BU,E63013275,51.018129,-3.833126,14991,RLF1,South Molton,6225.0,Small,2,2,2,44.0
EX38 8HN,E63013416,50.951857,-4.143569,14038,RLF1,Great Torrington,5955.0,Small,2,2,2,246.0
EX39 1AZ,E63013209,51.038077,-4.215490,21094,UF1,Northam,5190.0,Small,1,1,2,0.0
EX39 1LF,E63013207,51.039881,-4.238842,10680,UF1,Westward Ho!,3470.0,Minor,0,0,2,1645.0
EX39 2AA,E63013253,51.017921,-4.206073,3767,UF1,Bideford,19490.0,Small,4,4,4,372.0
EX39 3AF,E63013253,51.017192,-4.211784,11962,UF1,Bideford,19490.0,Small,2,4,4,0.0
EX39 3QU,E63013253,51.007678,-4.237718,16628,UF1,Bideford,19490.0,Small,0,0,0,2100.0
EX39 4AU,E63013253,51.017760,-4.200761,5207,UF1,Bideford,19490.0,Small,2,4,4,0.0
EX4 1AH,E63013856,50.717013,-3.537870,14140,UN1,Exeter,126175.0,Large,0,5,20,530.0
EX4 1HW,E63013856,50.714529,-3.544857,14140,UN1,Exeter,126175.0,Large,1,2,17,25.0
EX4 2AD,E63013856,50.728923,-3.547895,25813,UN1,Exeter,126175.0,Large,1,1,15,330.0
EX4 3HH,E63013856,50.723648,-3.533270,9203,UN1,Exeter,126175.0,Large,4,12,23,427.0
EX4 3HJ,E63013856,50.724055,-3.533071,9203,UN1,Exeter,126175.0,Large,4,12,23,394.0
EX4 3QD,E63013856,50.725490,-3.527946,5374,UN1,Exeter,126175.0,Large,9,11,25,0.0
EX4 6NS,E63013856,50.727331,-3.524024,10997,UN1,Exeter,126175.0,Large,5,14,23,62.0
EX4 7BW,E63013856,50.732814,-3.515955,17796,UN1,Exeter,126175.0,Large,1,4,22,0.0
EX4 8BU,E63013856,50.732925,-3.492052,13633,UN1,Exeter,126175.0,Large,2,3,14,277.0
EX5 4BL,,50.812476,-3.421101,17869,RSN1,,,,0,0,0,4398.0
EX5 7DR,E63013837,50.746361,-3.416305,19012,UN1,Cranbrook (East Devon),4935.0,Minor,1,1,1,0.0
EX6 8DF,E63013898,50.679131,-3.493771,31322,RLN1,Exminster,4385.0,Minor,1,1,2,0.0
EX6 8PA,E63013947,50.628763,-3.448610,21279,RLN1,Starcross,1690.0,Minor,0,0,0,2489.0
EX7 0PQ,E63013965,50.598355,-3.444977,9319,UN1,Dawlish Warren,1190.0,Minor,0,0,1,1645.0
EX7 9PS,E63013975,50.581354,-3.468243,9116,UN1,Dawlish,11800.0,Small,2,2,2,429.0
EX7 9QH,E63013975,50.579836,-3.473832,13823,UN1,Dawlish,11800.0,Small,2,2,2,0.0
EX8 1DB,E63013945,50.620337,-3.415597,11616,UN1,Exmouth,35500.0,Medium,5,8,9,82.0
EX8 1HA,E63013945,50.619477,-3.413055,11616,UN1,Exmouth,35500.0,Medium,5,8,9,232.0
EX8 1HW,E63013945,50.620075,-3.411956,11616,UN1,Exmouth,35500.0,Medium,6,8,9,269.0
EX8 1PY,E63013945,50.622399,-3.410894,11616,UN1,Exmouth,35500.0,Medium,6,8,10,0.0
EX8 1QD,E63013945,50.624195,-3.411132,12577,UN1,Exmouth,35500.0,Medium,3,9,10,200.0
EX8 2JW,E63013945,50.620940,-3.402920,20829,UN1,Exmouth,35500.0,Medium,1,9,10,102.0
EX8 2TS,E63013945,50.627719,-3.385788,20255,UN1,Exmouth,35500.0,Medium,0,0,7,1329.0
EX8 3AN,E63013945,50.629043,-3.400701,10143,UN1,Exmouth,35500.0,Medium,0,3,11,882.0
EX8 5NH,E63013945,50.640392,-3.393995,28700,UN1,Exmouth,35500.0,Medium,0,0,2,2207.0
EX9 6LD,E63013943,50.629212,-3.326248,29442,RLN1,Budleigh Salterton,5235.0,Small,2,2,2,140.0
EX9 6LQ,E63013943,50.629430,-3.326085,28408,RLN1,Budleigh Salterton,5235.0,Small,2,2,2,134.0
FY1 1LR,E63007890,53.819803,-3.051679,7,UN1,Blackpool,149070.0,Large,8,14,29,0.0
FY1 2HH,E63007890,53.828715,-3.053193,3,UN1,Blackpool,149070.0,Large,1,4,22,0.0
FY1 3JJ,E63007890,53.820737,-3.044532,16,UN1,Blackpool,149070.0,Large,10,14,31,59.0
FY1 4LN,E63007890,53.817351,-3.048397,7,UN1,Blackpool,149070.0,Large,12,15,30,72.0
FY1 4LS,E63007890,53.817539,-3.048447,7,UN1,Blackpool,149070.0,Large,12,15,30,92.0
FY1 4ND,E63007890,53.816946,-3.047460,7,UN1,Blackpool,149070.0,Large,11,17,34,31.0
FY1 4TE,E63007890,53.816087,-3.054092,28,UN1,Blackpool,149070.0,Large,7,13,28,325.0
FY1 5HU,E63007890,53.809458,-3.045452,8,UN1,Blackpool,149070.0,Large,1,16,31,484.0
FY1 6JN,E63007890,53.804043,-3.042811,698,UN1,Blackpool,149070.0,Large,5,12,34,70.0
FY1 6JW,E63007890,53.804431,-3.043641,698,UN1,Blackpool,149070.0,Large,3,12,34,0.0
FY2 0AS,E63007890,53.853386,-3.039050,12583,UN1,Blackpool,149070.0,Large,1,7,9,559.0
FY2 0HR,E63007890,53.851836,-3.038464,4131,UN1,Blackpool,149070.0,Large,3,7,9,412.0
FY2 0JG,E63007890,53.849569,-3.033498,4131,UN1,Blackpool,149070.0,Large,2,5,11,0.0
FY2 0TN,E63007890,53.832671,-3.040695,7295,UN1,Blackpool,149070.0,Large,0,5,29,931.0
FY2 9HH,E63007890,53.850037,-3.047905,8345,UN1,Blackpool,149070.0,Large,2,7,10,946.0
FY2 9HY,E63007890,53.849780,-3.049525,4349,UN1,Blackpool,149070.0,Large,2,5,10,1052.0
FY2 9HZ,E63007890,53.850362,-3.048704,4349,UN1,Blackpool,149070.0,Large,2,5,9,1001.0
FY2 9RS,E63007890,53.838177,-3.052473,2234,UN1,Blackpool,149070.0,Large,0,1,13,1053.0
FY3 7BH,E63007890,53.829176,-3.030155,1529,UN1,Blackpool,149070.0,Large,3,5,29,270.0
FY3 7BJ,E63007890,53.828328,-3.030560,2259,UN1,Blackpool,149070.0,Large,3,5,30,236.0
FY3 7EN,E63007890,53.827439,-3.027287,1529,UN1,Blackpool,149070.0,Large,3,6,29,0.0
FY3 7RW,E63007890,53.828879,-3.016625,87,UN1,Blackpool,149070.0,Large,2,8,13,429.0
FY3 8NX,E63007890,53.825257,-3.014395,21322,UN1,Blackpool,149070.0,Large,2,6,14,0.0
FY3 8QP,E63007890,53.827958,-3.006423,21214,UN1,Blackpool,149070.0,Large,0,3,8,603.0
FY3 9DG,E63007890,53.816119,-3.037172,1424,UN1,Blackpool,149070.0,Large,4,14,39,404.0
FY3 9DQ,E63007890,53.816357,-3.036600,1424,UN1,Blackpool,149070.0,Large,3,14,39,414.0
FY3 9ES,E63007890,53.812843,-3.034524,6047,UN1,Blackpool,149070.0,Large,4,11,38,0.0
FY3 9HF,E63007890,53.810783,-3.032651,8202,UN1,Blackpool,149070.0,Large,2,6,36,260.0
FY3 9JR,E63007890,53.805594,-3.028773,7168,UN1,Blackpool,149070.0,Large,0,8,34,890.0
FY4 1DP,E63007890,53.798464,-3.050750,6,UN1,Blackpool,149070.0,Large,2,9,22,630.0
FY4 1DS,E63007890,53.796436,-3.050305,6,UN1,Blackpool,149070.0,Large,2,8,21,693.0
FY4 1TJ,E63007890,53.781416,-3.047380,10917,UN1,Blackpool,149070.0,Large,2,3,10,0.0
FY4 2AE,E63007890,53.799157,-3.044421,2673,UN1,Blackpool,149070.0,Large,5,10,29,209.0
FY4 2AY,E63007890,53.779048,-3.035393,14022,UN1,Blackpool,149070.0,Large,0,3,8,830.0
FY4 2EF,E63007890,53.789695,-3.038023,1610,UN1,Blackpool,149070.0,Large,1,4,21,0.0
FY4 2JD,E63007890,53.785384,-3.045855,3584,UN1,Blackpool,149070.0,Large,2,5,15,452.0
FY4 3AD,E63007890,53.799804,-3.041431,2673,UN1,Blackpool,149070.0,Large,5,10,27,0.0
FY4 3AF,E63007890,53.800135,-3.037431,2571,UN1,Blackpool,149070.0,Large,4,12,27,265.0
FY4 3AG,E63007890,53.799957,-3.035179,2571,UN1,Blackpool,149070.0,Large,3,9,25,411.0
FY4 4QH,E63007890,53.797619,-3.018481,3780,UN1,Blackpool,149070.0,Large,1,2,21,324.0
FY4 4QQ,E63007890,53.797006,-3.008051,3780,UN1,Blackpool,149070.0,Large,0,3,10,629.0
FY4 4TR,E63007890,53.799564,-2.996695,239,UN1,Blackpool,149070.0,Large,1,3,5,478.0
FY4 4UJ,E63007890,53.794586,-2.990990,531,UN1,Blackpool,149070.0,Large,0,1,4,1121.0
FY4 5AX,E63007890,53.787714,-3.024769,4682,UN1,Blackpool,149070.0,Large,1,3,16,59.0
FY5 1BS,E63007780,53.877847,-3.044736,1483,UN1,Cleveleys,11120.0,Small,4,4,7,335.0
FY5 1RP,E63007890,53.857684,-3.047032,4349,UN1,Blackpool,149070.0,Large,0,5,10,1266.0
FY5 2TZ,E63007788,53.876839,-3.014547,11383,UN1,Thornton (Wyre),19270.0,Small,2,4,10,0.0
FY5 3DZ,E63007890,53.875125,-3.042538,11645,UN1,Blackpool,149070.0,Large,4,4,9,0.0
FY5 3JG,E63007890,53.873668,-3.042578,8390,UN1,Blackpool,149070.0,Large,4,4,9,162.0
FY5 3LT,E63007890,53.876256,-3.039555,13884,UN1,Blackpool,149070.0,Large,4,4,8,232.0
FY5 3TS,E63007890,53.873797,-3.024588,25784,UN1,Blackpool,149070.0,Large,0,3,10,740.0
FY5 4AF,E63007788,53.875849,-3.012577,11383,UN1,Thornton (Wyre),19270.0,Small,2,4,9,170.0
FY5 5HT,E63007788,53.870115,-3.000743,20919,UN1,Thornton (Wyre),19270.0,Small,0,1,6,569.0
FY6 0AE,E63007730,53.928431,-2.988537,10946,RLN1,Preesall and Knott End-on-Sea,4680.0,Minor,0,1,6,789.0
FY6 7AP,E63007827,53.847234,-2.992840,16237,UN1,Poulton-le-Fylde,12795.0,Small,3,3,4,182.0
FY6 7DF,E63007827,53.846798,-2.993377,16237,UN1,Poulton-le-Fylde,12795.0,Small,2,3,4,133.0
FY6 7NH,E63007811,53.853078,-3.004456,16237,UN1,Carleton,4790.0,Minor,0,2,8,936.0
FY6 9AH,E63007791,53.876154,-2.960245,20351,RLN1,Hambleton (Wyre),2430.0,Minor,0,0,0,3240.0
FY7 6DS,E63007749,53.922434,-3.011480,96,UN1,Fleetwood,26225.0,Medium,4,4,8,177.0
FY7 6HP,E63007749,53.920969,-3.010410,365,UN1,Fleetwood,26225.0,Medium,4,4,8,0.0
FY7 6JZ,E63007749,53.922309,-3.012513,365,UN1,Fleetwood,26225.0,Medium,4,4,8,203.0
FY7 6NU,E63007749,53.920232,-3.012493,1345,UN1,Fleetwood,26225.0,Medium,4,4,8,159.0
FY7 7LA,E63007749,53.919109,-3.031453,18623,UN1,Fleetwood,26225.0,Medium,0,2,7,732.0
FY7 8GU,E63007749,53.912680,-3.033837,3013,UN1,Fleetwood,26225.0,Medium,1,2,7,0.0
FY8 1JF,E63007950,53.745198,-3.022779,4507,UN1,Lytham St Anne's,42695.0,Medium,0,3,10,1182.0
FY8 1SB,E63007950,53.751720,-3.031597,5266,UN1,Lytham St Anne's,42695.0,Medium,5,6,8,338.0
FY8 1TH,E63007950,53.753116,-3.024973,2042,UN1,Lytham St Anne's,42695.0,Medium,5,6,10,420.0
FY8 2DH,E63007950,53.753601,-3.030308,5266,UN1,Lytham St Anne's,42695.0,Medium,5,5,8,128.0
FY8 2EP,E63007950,53.754721,-3.030760,5266,UN1,Lytham St Anne's,42695.0,Medium,5,6,8,0.0
FY8 2JE,E63007950,53.752992,-3.028959,5266,UN1,Lytham St Anne's,42695.0,Medium,5,6,8,226.0
FY8 2RW,E63007950,53.762799,-3.026862,28653,UN1,Lytham St Anne's,42695.0,Medium,0,2,9,934.0
FY8 3PU,E63007950,53.752569,-3.002544,24782,UN1,Lytham St Anne's,42695.0,Medium,0,2,10,615.0
FY8 4GW,E63007950,53.747522,-2.998709,16345,UN1,Lytham St Anne's,42695.0,Medium,1,2,4,0.0
FY8 5EE,E63007950,53.738492,-2.947327,29328,UN1,Lytham St Anne's,42695.0,Medium,2,3,6,233.0
FY8 5EW,E63007950,53.736983,-2.960801,22087,UN1,Lytham St Anne's,42695.0,Medium,3,6,6,191.0
FY8 5HA,E63007950,53.737442,-2.952852,22087,UN1,Lytham St Anne's,42695.0,Medium,2,6,6,288.0
FY8 5LW,E63007950,53.737027,-2.964334,20079,UN1,Lytham St Anne's,42695.0,Medium,3,5,6,0.0
GL1 1DS,E63011389,51.862952,-2.236365,4101,UN1,Gloucester,118555.0,Large,6,19,29,251.0
GL1 1LY,E63011389,51.860426,-2.244687,1183,UN1,Gloucester,118555.0,Large,6,22,29,0.0
GL1 1PU,E63011389,51.863944,-2.243951,1579,UN1,Gloucester,118555.0,Large,8,18,28,140.0
GL1 2DP,E63011389,51.864773,-2.246990,1579,UN1,Gloucester,118555.0,Large,6,17,28,146.0
GL1 2SG,E63011389,51.875974,-2.243667,11949,UN1,Gloucester,118555.0,Large,0,2,23,939.0
GL1 2TZ,E63011389,51.866202,-2.251588,1183,UN1,Gloucester,118555.0,Large,4,15,28,0.0
GL1 3EN,E63011389,51.868036,-2.239020,1456,UN1,Gloucester,118555.0,Large,4,22,28,0.0
GL1 3NE,E63011389,51.867171,-2.239655,1456,UN1,Gloucester,118555.0,Large,6,21,29,101.0
GL1 3PX,E63011389,51.865976,-2.225793,15803,UN1,Gloucester,118555.0,Large,3,11,31,0.0
GL1 4HR,E63011389,51.861214,-2.237561,4101,UN1,Gloucester,118555.0,Large,6,21,29,232.0
GL1 5HE,E63011389,51.850702,-2.251211,12729,UN1,Gloucester,118555.0,Large,0,5,22,655.0
GL1 5JJ,E63011389,51.853400,-2.242587,5238,UN1,Gloucester,118555.0,Large,2,7,29,0.0
GL1 5RZ,E63011389,51.855990,-2.250761,4897,UN1,Gloucester,118555.0,Large,0,8,26,631.0
GL10 2NA,E63011588,51.747050,-2.283399,18648,UN1,Stonehouse (Stroud),8300.0,Small,3,3,3,43.0
GL10 2NG,E63011588,51.747097,-2.282777,20634,UN1,Stonehouse (Stroud),8300.0,Small,3,3,3,0.0
GL11 4AA,E63011755,51.681550,-2.355252,26879,UN1,Dursley,7935.0,Small,3,4,4,226.0
GL11 4EA,E63011755,51.681984,-2.357280,26879,UN1,Dursley,7935.0,Small,3,4,4,217.0
GL11 4JN,E63011755,51.680033,-2.357424,26879,UN1,Dursley,7935.0,Small,3,4,4,0.0
GL11 5NU,E63011717,51.700139,-2.362850,15242,UN1,Cam,7730.0,Small,1,1,2,45.0
GL12 7BX,E63011845,51.637994,-2.352728,29592,RLF1,Wotton-under-Edge,4965.0,Minor,2,2,2,255.0
GL13 9BB,E63011733,51.691524,-2.458307,27195,RLN1,Berkeley,2255.0,Minor,0,0,0,5985.0
GL14 1BB,E63011482,51.804022,-2.449557,12901,RLN1,Newnham (Forest of Dean),1055.0,Minor,0,0,0,3701.0
GL14 2AQ,E63011445,51.823516,-2.496211,17472,UF1,Cinderford,8775.0,Small,2,3,4,474.0
GL14 2RT,E63011445,51.824022,-2.499916,10767,UF1,Cinderford,8775.0,Small,1,3,4,601.0
GL15 5RA,E63011620,51.727182,-2.529396,7578,RLF1,Lydney,9660.0,Small,3,3,3,88.0
GL15 5RB,E63011620,51.727395,-2.530151,7578,RLF1,Lydney,9660.0,Small,3,3,3,61.0
GL15 6JS,E63011579,51.752142,-2.573365,20686,RSF1,Bream,3120.0,Minor,0,0,0,3430.0
GL16 7AG,E63011466,51.811991,-2.618977,19336,UF1,Berry Hill,2205.0,Minor,0,0,0,2297.0
GL16 8RG,E63011499,51.791934,-2.615004,12384,UF1,Coleford (Forest of Dean),5020.0,Small,1,1,1,59.0
GL17 0AZ,E63011356,51.865818,-2.490402,14490,RLN1,Mitcheldean,2165.0,Minor,1,1,1,140.0
GL17 9JA,E63011370,51.853862,-2.517161,16756,UF1,Drybrook,2570.0,Minor,1,1,1,229.0
GL18 1AQ,E63011213,51.930867,-2.405694,17693,RLN1,Newent,5360.0,Small,1,1,1,117.0
GL2 0AS,E63011389,51.874571,-2.211151,30776,UN1,Gloucester,118555.0,Large,1,1,12,161.0
GL2 2FY,,51.817879,-2.270134,19017,UN1,,,,0,0,5,1521.0
GL2 4NF,E63011443,51.831320,-2.274220,19527,UN1,Quedgeley and Hardwicke,21125.0,Medium,1,3,7,0.0
GL2 4PF,E63011443,51.827198,-2.279651,24263,UN1,Quedgeley and Hardwicke,21125.0,Medium,1,3,5,591.0
GL2 4WD,E63011443,51.827033,-2.280840,24263,UN1,Quedgeley and Hardwicke,21125.0,Medium,1,3,5,659.0
GL2 5BD,E63011389,51.839771,-2.258509,621,UN1,Gloucester,118555.0,Large,0,1,9,1431.0
GL2 5SA,E63011389,51.858592,-2.257397,19357,UN1,Gloucester,118555.0,Large,0,9,24,822.0
GL2 9DH,E63011311,51.883457,-2.229092,14175,UN1,Longford,2535.0,Minor,0,0,12,1440.0
GL20 5EN,E63011104,51.985252,-2.151865,6963,UN1,Tewkesbury,14390.0,Small,0,2,3,790.0
GL20 5GJ,E63011104,51.992290,-2.153433,15638,UN1,Tewkesbury,14390.0,Small,2,3,4,0.0
GL20 5JZ,E63011104,51.995154,-2.156166,15638,UN1,Tewkesbury,14390.0,Small,2,2,4,369.0
GL20 8TW,E63011068,52.004727,-2.110865,11556,UN1,Northway,4860.0,Minor,0,0,1,1588.0
GL3 2BL,E63011300,51.884702,-2.185845,31802,UN1,Innsworth,,,0,0,3,1011.0
GL3 2JH,E63011328,51.882493,-2.171555,29918,UN1,Churchdown,13480.0,Small,1,1,2,0.0
GL3 3ES,E63011389,51.855396,-2.188556,19779,UN1,Gloucester,118555.0,Large,3,4,11,402.0
GL3 3HA,E63011389,51.857077,-2.193819,28079,UN1,Gloucester,118555.0,Large,4,4,11,15.0
GL3 4BJ,E63011404,51.848086,-2.171191,23915,UN1,Brockworth,12005.0,Small,1,2,8,250.0
GL3 4NY,E63011404,51.842649,-2.156074,13002,UN1,Brockworth,12005.0,Small,1,1,4,219.0
GL4 0EB,E63011389,51.831842,-2.249713,2801,UN1,Gloucester,118555.0,Large,0,1,4,1685.0
GL4 0QU,E63011389,51.830966,-2.259619,21424,UN1,Gloucester,118555.0,Large,0,2,7,1004.0
GL4 3RT,E63011389,51.864228,-2.202854,19179,UN1,Gloucester,118555.0,Large,1,3,11,0.0
GL4 4BL,E63011389,51.841487,-2.204319,20806,UN1,Gloucester,118555.0,Large,1,2,9,0.0
GL4 4SH,E63011389,51.848935,-2.222296,14918,UN1,Gloucester,118555.0,Large,0,0,16,1427.0
GL4 6LL,E63011389,51.835104,-2.214072,735,UN1,Gloucester,118555.0,Large,0,2,3,976.0
GL5 1AS,E63011599,51.745548,-2.216327,15490,UN1,Stroud,26080.0,Medium,5,8,10,147.0
GL5 3BE,E63011599,51.745659,-2.219485,15490,UN1,Stroud,26080.0,Medium,6,7,10,0.0
GL5 3HG,E63011599,51.739612,-2.240383,27857,UN1,Stroud,26080.0,Medium,0,1,8,1588.0
GL5 4AG,E63011599,51.747035,-2.223968,15490,UN1,Stroud,26080.0,Medium,5,6,10,258.0
GL5 4JG,E63011599,51.743959,-2.242521,25946,UN1,Stroud,26080.0,Medium,0,1,8,1578.0
GL50 1DB,E63011286,51.901306,-2.074405,13914,UN1,Cheltenham,115940.0,Large,8,18,30,220.0
GL50 1DP,E63011286,51.898997,-2.072017,13914,UN1,Cheltenham,115940.0,Large,4,15,31,205.0
GL50 1SW,E63011286,51.895618,-2.082781,19287,UN1,Cheltenham,115940.0,Large,5,17,28,417.0
GL50 3DT,E63011286,51.898964,-2.080040,22257,UN1,Cheltenham,115940.0,Large,11,22,27,0.0
GL50 3HW,E63011286,51.903344,-2.079277,9583,UN1,Cheltenham,115940.0,Large,10,20,28,184.0
GL50 3QD,E63011286,51.899414,-2.080099,22257,UN1,Cheltenham,115940.0,Large,11,21,27,50.0
GL50 3QW,E63011286,51.902523,-2.083113,22257,UN1,Cheltenham,115940.0,Large,11,18,26,286.0
GL50 4BJ,E63011286,51.906057,-2.082393,2368,UN1,Cheltenham,115940.0,Large,6,16,27,96.0
GL50 4DP,E63011286,51.906714,-2.081493,2368,UN1,Cheltenham,115940.0,Large,5,16,27,0.0
GL50 4RA,E63011286,51.916411,-2.086774,22797,UN1,Cheltenham,115940.0,Large,0,0,17,1072.0
GL51 0LG,E63011286,51.911446,-2.120114,13001,UN1,Cheltenham,115940.0,Large,1,1,6,1070.0
GL51 0LH,E63011286,51.912742,-2.118213,6078,UN1,Cheltenham,115940.0,Large,1,1,6,1195.0
GL51 0UE,E63011286,51.896127,-2.126686,26238,UN1,Cheltenham,115940.0,Large,0,1,6,937.0
GL51 3BW,E63011286,51.880573,-2.107872,18516,UN1,Cheltenham,115940.0,Large,0,1,4,1548.0
GL51 3PH,E63011286,51.887630,-2.109371,12924,UN1,Cheltenham,115940.0,Large,0,1,6,1667.0
GL51 7DB,E63011286,51.898327,-2.111577,15158,UN1,Cheltenham,115940.0,Large,1,2,12,552.0
GL51 7SA,E63011286,51.902380,-2.113869,2178,UN1,Cheltenham,115940.0,Large,2,2,10,214.0
GL51 8JQ,E63011286,51.905881,-2.089283,18566,UN1,Cheltenham,115940.0,Large,3,13,28,454.0
GL51 9RR,E63011286,51.918421,-2.103659,21876,UN1,Cheltenham,115940.0,Large,0,0,6,1901.0
GL52 2PW,E63011286,51.904582,-2.068334,25003,UN1,Cheltenham,115940.0,Large,0,12,28,698.0
GL52 3AR,E63011242,51.913657,-2.044636,25214,UN1,Prestbury (Cheltenham),4080.0,Minor,0,2,4,854.0
GL52 3EY,E63011286,51.910586,-2.056045,26381,UN1,Cheltenham,115940.0,Large,1,3,14,0.0
GL52 5NF,E63011286,51.904947,-2.058320,9522,UN1,Cheltenham,115940.0,Large,0,4,25,646.0
GL52 6AH,E63011286,51.899207,-2.066466,13914,UN1,Cheltenham,115940.0,Large,1,12,32,583.0
GL52 6HS,E63011286,51.888955,-2.053780,32797,UN1,Cheltenham,115940.0,Large,2,5,16,0.0
GL52 7YU,,51.955038,-2.071598,30802,UN1,,,,1,3,4,0.0
GL52 8LR,E63011181,51.947456,-2.061023,29288,UN1,Bishop's Cleeve,16325.0,Small,0,2,4,511.0
GL52 8RP,E63011181,51.946687,-2.068370,24146,UN1,Bishop's Cleeve,16325.0,Small,1,4,4,0.0
GL53 7LT,E63011286,51.890019,-2.078789,29062,UN1,Cheltenham,115940.0,Large,2,8,32,49.0
GL53 7NB,E63011286,51.887483,-2.079990,31131,UN1,Cheltenham,115940.0,Large,2,6,26,323.0
GL53 8EZ,E63011286,51.884315,-2.054545,25505,UN1,Cheltenham,115940.0,Large,2,5,11,0.0
GL54 1BQ,E63011206,51.929569,-1.722559,23544,RLF1,Stow-on-the-Wold,1905.0,Minor,0,1,1,507.0
GL54 2AN,E63011303,51.884735,-1.757413,30353,RLN1,Bourton-on-the-Water,4180.0,Minor,1,1,1,181.0
GL54 2FL,E63011344,51.873397,-1.702422,21752,RLF1,Upper Rissington,2000.0,Minor,0,0,0,3998.0
GL54 3EG,E63011434,51.830288,-1.837445,27273,RLN1,Northleach,1995.0,Minor,0,0,0,8337.0
GL54 5LJ,E63011154,51.953472,-1.964207,23853,RLN1,Winchcombe,4340.0,Minor,0,1,1,790.0
GL55 6HB,E63010958,52.051057,-1.779570,26611,RLF1,Chipping Campden,2120.0,Minor,1,1,1,228.0
GL56 0AL,E63011095,51.990023,-1.703646,17850,RLF1,Moreton-in-Marsh,5010.0,Small,0,1,1,735.0
GL6 0DU,E63011718,51.694723,-2.219195,29999,UN1,Nailsworth,5660.0,Small,1,1,1,409.0
GL6 6XH,E63011519,51.786640,-2.194256,29192,RLN1,Painswick,1835.0,Minor,1,1,1,485.0
GL6 8DE,E63011630,51.729711,-2.162374,27148,UN1,Chalford,6660.0,Small,1,1,1,0.0
GL6 9JA,E63011705,51.704955,-2.188363,15382,UN1,Minchinhampton,3410.0,Minor,0,0,1,1099.0
GL7 1HY,E63011683,51.715820,-1.967217,20463,UN1,Cirencester,17715.0,Small,4,7,8,309.0
GL7 1NP,E63011683,51.706752,-1.953707,20747,UN1,Cirencester,17715.0,Small,0,0,8,1037.0
GL7 1RB,E63011683,51.714589,-1.968506,20463,UN1,Cirencester,17715.0,Small,5,7,8,213.0
GL7 1XQ,E63011683,51.708278,-1.972027,12496,UN1,Cirencester,17715.0,Small,1,6,8,379.0
GL7 2NX,E63011683,51.717277,-1.966955,20463,UN1,Cirencester,17715.0,Small,4,5,8,402.0
GL7 3AA,E63011722,51.694480,-1.691644,18487,RLN1,Lechlade-on-Thames,2205.0,Minor,0,0,0,5865.0
GL7 4AB,E63011701,51.707789,-1.781036,29885,RLN1,Fairford,4240.0,Minor,2,2,2,0.0
GL7 5UA,E63011740,51.673176,-1.930733,28832,RLN1,South Cerney,4000.0,Minor,0,0,0,2303.0
GL8 8AA,E63011835,51.638046,-2.160774,31147,RLF1,Tetbury,6455.0,Small,0,1,1,525.0
GU1 1LL,E63012715,51.252211,-0.574060,14555,UN1,Guildford,77880.0,Large,1,1,11,204.0
GU1 2RE,E63012715,51.246253,-0.529311,31354,UN1,Guildford,77880.0,Large,0,2,2,578.0
GU1 3DP,E63012715,51.235753,-0.573208,22325,UN1,Guildford,77880.0,Large,2,5,12,364.0
GU1 3DS,E63012715,51.235547,-0.573987,22325,UN1,Guildford,77880.0,Large,2,5,12,386.0
GU1 3JH,E63012715,51.235819,-0.557276,29458,UN1,Guildford,77880.0,Large,2,2,7,0.0
GU1 4RP,E63012715,51.241983,-0.577542,22457,UN1,Guildford,77880.0,Large,2,5,15,0.0
GU10 3PX,E63012829,51.196303,-0.790270,32741,UN1,Farnham,20500.0,Medium,0,0,5,1013.0
GU11 1AY,E63012710,51.254362,-0.765632,17037,UN1,Aldershot,39825.0,Medium,2,5,7,0.0
GU11 1BH,E63012710,51.249878,-0.766770,5123,UN1,Aldershot,39825.0,Medium,2,5,9,63.0
GU11 1DB,E63012710,51.248994,-0.764830,5123,UN1,Aldershot,39825.0,Medium,2,5,10,193.0
GU11 1SQ,E63012710,51.251314,-0.776762,17037,UN1,Aldershot,39825.0,Medium,0,5,6,725.0
GU11 3RD,E63012710,51.234867,-0.758004,30853,UN1,Aldershot,39825.0,Medium,0,0,7,1393.0
GU12 4QB,E63012710,51.242832,-0.741772,22885,UN1,Aldershot,39825.0,Medium,2,2,6,222.0
GU12 4RG,E63012710,51.246563,-0.740037,12610,UN1,Aldershot,39825.0,Medium,1,2,9,620.0
GU12 5AZ,E63012682,51.257527,-0.720419,30732,UN1,Ash and Ash Vale,24285.0,Medium,0,0,2,2311.0
GU12 5NL,E63012682,51.273204,-0.722264,30430,UN1,Ash and Ash Vale,24285.0,Medium,0,0,4,1217.0
GU14 0HS,E63012582,51.292522,-0.769457,20864,UN1,Farnborough,60655.0,Medium,1,6,15,403.0
GU14 0NA,E63012582,51.291337,-0.787717,32837,UN1,Farnborough,60655.0,Medium,2,3,6,0.0
GU14 6BN,E63012582,51.279382,-0.749721,17376,UN1,Farnborough,60655.0,Medium,2,2,10,282.0
GU14 6EN,E63012582,51.275656,-0.747786,15764,UN1,Farnborough,60655.0,Medium,2,3,9,163.0
GU14 6YA,E63012582,51.291906,-0.757914,14324,UN1,Farnborough,60655.0,Medium,6,7,16,239.0
GU14 7GL,E63012582,51.292912,-0.756181,14324,UN1,Farnborough,60655.0,Medium,6,7,16,147.0
GU14 7JW,E63012582,51.293050,-0.753036,31468,UN1,Farnborough,60655.0,Medium,6,6,16,0.0
GU14 7LT,E63012582,51.291011,-0.757523,14324,UN1,Farnborough,60655.0,Medium,6,7,15,244.0
GU14 8BL,E63012582,51.307447,-0.748887,24475,UN1,Farnborough,60655.0,Medium,0,3,22,677.0
GU14 8EL,E63012582,51.310748,-0.757363,15318,UN1,Farnborough,60655.0,Medium,0,6,17,840.0
GU14 8PX,E63012582,51.298837,-0.770493,26168,UN1,Farnborough,60655.0,Medium,1,4,19,195.0
GU14 8TA,E63012582,51.308718,-0.767834,13128,UN1,Farnborough,60655.0,Medium,1,5,17,367.0
GU14 9BL,E63012582,51.312917,-0.774608,13923,UN1,Farnborough,60655.0,Medium,1,3,11,0.0
GU15 1AX,E63012475,51.329709,-0.702379,32485,UN1,Camberley,36785.0,Medium,0,0,0,2652.0
GU15 2HJ,E63012475,51.336851,-0.738799,23795,UN1,Camberley,36785.0,Medium,1,5,9,0.0
GU15 2NN,E63012475,51.333905,-0.744952,23795,UN1,Camberley,36785.0,Medium,1,5,10,0.0
GU15 2QN,E63012475,51.327119,-0.755285,24589,UN1,Camberley,36785.0,Medium,1,2,15,311.0
GU15 3SD,E63012475,51.338521,-0.746075,23795,UN1,Camberley,36785.0,Medium,1,5,9,519.0
GU15 3SJ,E63012475,51.338381,-0.746395,23795,UN1,Camberley,36785.0,Medium,1,5,10,508.0
GU15 3YN,E63012475,51.323313,-0.761846,24589,UN1,Camberley,36785.0,Medium,0,2,15,556.0
GU15 4HE,E63012475,51.348089,-0.725295,13334,UN1,Camberley,36785.0,Medium,0,0,4,1562.0
GU16 6LD,E63012520,51.303358,-0.728241,32494,UN1,Frimley,15100.0,Small,1,1,6,203.0
GU16 7JF,E63012520,51.313849,-0.744667,25686,UN1,Frimley,15100.0,Small,2,4,12,112.0
GU16 8UR,E63012520,51.312572,-0.725533,32006,UN1,Frimley,15100.0,Small,0,0,6,1094.0
GU17 0LL,E63012477,51.336936,-0.796364,31118,UN1,Blackwater (Hart),7170.0,Small,1,2,4,190.0
GU17 9AA,E63012477,51.331118,-0.779004,30257,UN1,Blackwater (Hart),7170.0,Small,0,1,7,1338.0
GU18 5SA,E63012431,51.350377,-0.664315,32611,UN1,Lightwater,6535.0,Small,2,2,4,171.0
GU18 5SD,E63012431,51.350831,-0.663886,32611,UN1,Lightwater,6535.0,Small,2,2,4,119.0
GU19 5AZ,E63012390,51.361195,-0.693001,18206,RLN1,Bagshot,5930.0,Small,1,1,1,76.0
GU2 7NT,E63012715,51.237900,-0.586364,32331,UN1,Guildford,77880.0,Large,0,5,15,764.0
GU2 7UN,E63012715,51.242194,-0.604714,30513,UN1,Guildford,77880.0,Large,2,3,10,231.0
GU2 8AF,E63012715,51.250003,-0.590005,29614,UN1,Guildford,77880.0,Large,2,4,15,166.0
GU2 8BE,E63012715,51.250250,-0.597090,16243,UN1,Guildford,77880.0,Large,1,3,12,627.0
GU2 9XA,E63012715,51.256335,-0.594598,26626,UN1,Guildford,77880.0,Large,0,3,10,930.0
GU20 6AF,E63012362,51.364310,-0.654358,29207,UN1,Windlesham,3705.0,Minor,1,1,4,0.0
GU21 2DR,E63012531,51.317546,-0.617814,26856,UN1,Woking,75660.0,Large,0,1,7,1519.0
GU21 2QT,E63012531,51.312338,-0.624614,25598,UN1,Woking,75660.0,Large,0,1,4,1665.0
GU21 3LG,E63012531,51.318796,-0.590697,28796,UN1,Woking,75660.0,Large,2,4,6,0.0
GU21 4SY,E63012531,51.324123,-0.574589,32285,UN1,Woking,75660.0,Large,0,0,14,1266.0
GU21 5DU,E63012531,51.323594,-0.548355,13147,UN1,Woking,75660.0,Large,2,8,18,520.0
GU21 5EN,E63012531,51.326952,-0.545737,13097,UN1,Woking,75660.0,Large,3,5,17,492.0
GU21 5GP,E63012440,51.332318,-0.530451,13753,UN1,"West Byfleet, Sheerwater and New Haw",,,2,3,10,205.0
GU21 5JR,E63012531,51.324485,-0.543389,13147,UN1,Woking,75660.0,Large,4,5,17,328.0
GU21 5PE,E63012440,51.333451,-0.529726,5986,UN1,"West Byfleet, Sheerwater and New Haw",,,2,2,10,105.0
GU21 6XS,E63012531,51.319480,-0.558215,24704,UN1,Woking,75660.0,Large,6,10,16,309.0
GU21 6XU,E63012531,51.318943,-0.559867,24704,UN1,Woking,75660.0,Large,7,10,16,411.0
GU21 8TB,E63012531,51.312077,-0.597331,26316,UN1,Woking,75660.0,Large,1,4,6,39.0
GU22 7QQ,E63012531,51.315313,-0.560813,22136,UN1,Woking,75660.0,Large,7,9,16,198.0
GU22 7XL,E63012531,51.315469,-0.555958,22136,UN1,Woking,75660.0,Large,8,9,16,0.0
GU22 9EH,E63012531,51.304024,-0.551841,21035,UN1,Woking,75660.0,Large,0,0,10,1205.0
GU23 7BP,E63012595,51.287180,-0.523731,30210,RSN1,Send,4095.0,Minor,1,1,1,0.0
GU24 8LA,E63012436,51.351544,-0.603910,24673,UN1,West End and Chobham,8875.0,Small,2,2,2,216.0
GU24 8PQ,E63012436,51.349921,-0.598330,17805,UN1,West End and Chobham,8875.0,Small,2,2,2,290.0
GU24 9LH,E63012436,51.338339,-0.639527,32783,UN1,West End and Chobham,8875.0,Small,0,0,1,1844.0
GU25 4DW,E63012285,51.403394,-0.567482,32196,UN1,Virginia Water,5185.0,Small,1,1,1,51.0
GU26 6LE,E63013064,51.110356,-0.752142,28616,UN1,Hindhead,6445.0,Small,1,1,2,457.0
GU26 6NL,E63013064,51.121672,-0.752524,28250,UN1,Hindhead,6445.0,Small,0,0,2,1376.0
GU27 1LE,E63013113,51.087638,-0.733563,25212,UN1,Haslemere,11900.0,Small,0,0,4,1825.0
GU27 2BQ,E63013113,51.092102,-0.707566,28463,UN1,Haslemere,11900.0,Small,3,3,4,0.0
GU27 2HJ,E63013113,51.088053,-0.708964,28463,UN1,Haslemere,11900.0,Small,3,3,4,413.0
GU27 3JL,E63013216,51.048278,-0.724493,28096,RLN1,Fernhurst,1825.0,Minor,0,0,0,4964.0
GU28 0AH,E63013365,50.986524,-0.610168,17800,RLF1,Petworth,2590.0,Minor,1,1,1,412.0
GU29 9AW,E63013346,50.993474,-0.735088,26820,RSF1,Easebourne,1395.0,Minor,1,3,3,0.0
GU29 9DH,E63013379,50.987560,-0.738711,20524,RLF1,Midhurst,5370.0,Small,1,3,3,705.0
GU29 9DJ,E63013379,50.987896,-0.738188,20524,RLF1,Midhurst,5370.0,Small,1,3,3,657.0
GU3 2DX,,51.267768,-0.660060,22625,RSN1,,,,0,0,0,2675.0
GU3 3NA,E63012669,51.263140,-0.622326,31945,UN1,Fairlands,1120.0,Minor,1,1,1,0.0
GU30 7AL,E63013155,51.076822,-0.801095,29066,RLN1,Liphook,7130.0,Small,0,0,0,5066.0
GU32 3AB,E63013327,51.004349,-0.942585,12879,UN1,Petersfield,14995.0,Small,5,5,5,0.0
GU32 3FB,E63013327,51.005475,-0.937813,24180,UN1,Petersfield,14995.0,Small,5,5,5,357.0
GU32 3JE,E63013327,51.004104,-0.936433,24180,UN1,Petersfield,14995.0,Small,5,5,5,336.0
GU33 7RL,E63013229,51.042560,-0.892189,13377,RLN1,Liss,4745.0,Minor,0,0,0,5521.0
GU34 1ET,E63012981,51.148265,-0.976717,12155,UN1,Alton (East Hampshire),17880.0,Small,0,2,4,913.0
GU34 1RJ,E63012981,51.140744,-0.989820,28943,UN1,Alton (East Hampshire),17880.0,Small,1,1,2,0.0
GU34 2QX,E63012981,51.153736,-0.966959,19762,UN1,Alton (East Hampshire),17880.0,Small,1,2,2,0.0
GU34 5HQ,E63013087,51.111607,-1.043226,27231,RLN1,Four Marks,5615.0,Small,1,2,2,69.0
GU35 0BP,E63013058,51.109125,-0.860586,24977,UN1,Bordon,9350.0,Small,3,3,3,156.0
GU35 0TN,E63013058,51.108849,-0.858065,16616,UN1,Bordon,9350.0,Small,2,3,3,88.0
GU35 8LH,E63013050,51.118979,-0.828596,28701,RSN1,Headley Down and Headley,4935.0,Minor,1,1,1,0.0
GU35 9QF,E63013058,51.108451,-0.866188,20076,UN1,Bordon,9350.0,Small,1,3,3,512.0
GU4 7EW,E63012715,51.251387,-0.530036,31354,UN1,Guildford,77880.0,Large,1,2,3,39.0
GU4 7JU,E63012715,51.260647,-0.547800,31064,UN1,Guildford,77880.0,Large,0,0,2,1579.0
GU4 8JU,E63012791,51.213134,-0.565617,24707,UN1,Shalford (Guildford),2510.0,Minor,0,0,0,2238.0
GU46 6FR,E63012469,51.338895,-0.846258,32378,UN1,Yateley,14685.0,Small,0,0,2,2974.0
GU46 7LR,E63012469,51.341963,-0.828321,31572,UN1,Yateley,14685.0,Small,1,1,2,2294.0
GU46 7SB,E63012469,51.343232,-0.830241,30810,UN1,Yateley,14685.0,Small,1,1,2,2468.0
GU47 0FD,E63012475,51.336126,-0.775469,30212,UN1,Camberley,36785.0,Medium,0,1,9,1302.0
GU47 0TF,E63012434,51.352671,-0.779696,21897,UN1,Sandhurst (Bracknell Forest),20215.0,Medium,0,0,6,1581.0
GU47 9BT,E63012434,51.345471,-0.798266,25776,UN1,Sandhurst (Bracknell Forest),20215.0,Medium,0,1,4,1135.0
GU5 0PE,E63012850,51.197393,-0.545609,31804,UN1,Bramley and Wonersh,4195.0,Minor,1,1,1,0.0
GU51 1HA,E63012593,51.290840,-0.857344,32667,UN1,Elvetham Heath,4915.0,Minor,0,3,6,676.0
GU51 3BN,E63012649,51.280828,-0.842365,28896,UN1,Fleet,37790.0,Medium,2,5,9,867.0
GU51 3LA,E63012649,51.280883,-0.841504,28896,UN1,Fleet,37790.0,Medium,2,5,9,893.0
GU51 4JX,E63012649,51.281887,-0.844791,30113,UN1,Fleet,37790.0,Medium,2,5,9,685.0
GU51 4PE,E63012649,51.288192,-0.848591,30146,UN1,Fleet,37790.0,Medium,2,6,6,0.0
GU52 7UL,E63012649,51.269397,-0.840344,32829,UN1,Fleet,37790.0,Medium,2,2,6,52.0
GU52 7US,E63012649,51.269324,-0.841077,32829,UN1,Fleet,37790.0,Medium,2,2,6,0.0
GU52 8JS,E63012649,51.262914,-0.829528,31663,UN1,Fleet,37790.0,Medium,0,0,3,1074.0
GU6 8AF,E63012992,51.140349,-0.487834,32440,UN1,Cranleigh,10425.0,Small,3,3,3,62.0
GU6 8AT,E63012992,51.140625,-0.488382,25811,UN1,Cranleigh,10425.0,Small,3,3,3,94.0
GU6 8RF,E63012992,51.141416,-0.491101,25811,UN1,Cranleigh,10425.0,Small,3,3,3,297.0
GU7 1DW,E63012878,51.185574,-0.615023,25259,UN1,Godalming,10450.0,Small,2,3,8,258.0
GU7 1DZ,E63012878,51.185786,-0.611654,25259,UN1,Godalming,10450.0,Small,3,3,8,471.0
GU7 1LQ,E63012878,51.185602,-0.605321,25259,UN1,Godalming,10450.0,Small,1,5,6,850.0
GU7 1NJ,E63012878,51.190668,-0.596539,22970,UN1,Godalming,10450.0,Small,1,3,8,20.0
GU7 3AZ,E63012833,51.196182,-0.604916,29403,UN1,Farncombe,13250.0,Small,0,2,8,854.0
GU7 3PR,E63012833,51.203148,-0.614525,19422,UN1,Farncombe,13250.0,Small,1,1,6,0.0
GU8 4TU,E63013065,51.109987,-0.628425,23501,RSN1,Chiddingfold,2160.0,Minor,0,1,1,970.0
GU8 5DR,E63012954,51.172936,-0.647045,31645,UN1,Milford and Witley,6485.0,Small,0,0,1,1846.0
GU8 6HR,E63012875,51.184090,-0.698801,23464,RLN1,Elstead,2265.0,Minor,1,1,1,150.0
GU9 7HH,E63012829,51.214496,-0.800818,26573,UN1,Farnham,20500.0,Medium,4,4,9,313.0
GU9 7NW,E63012829,51.214713,-0.799137,26573,UN1,Farnham,20500.0,Medium,4,4,9,213.0
GU9 7PB,E63012829,51.213447,-0.799356,26573,UN1,Farnham,20500.0,Medium,4,4,9,203.0
GU9 7PT,E63012829,51.213759,-0.796485,26573,UN1,Farnham,20500.0,Medium,4,5,11,0.0
GU9 9AW,E63012745,51.238770,-0.787151,26254,UN1,Weybourne (Waverley),11240.0,Small,0,0,5,1937.0
GU9 9NJ,E63012829,51.222204,-0.776661,32450,UN1,Farnham,20500.0,Medium,0,3,11,560.0
GU9 9QL,E63012829,51.220489,-0.784625,26593,UN1,Farnham,20500.0,Medium,2,3,9,0.0
HA0 1HX,E63011958,51.539141,-0.287688,11703,UN1,Brent,,,0,8,31,613.0
HA0 1PF,E63011958,51.538913,-0.303544,13473,UN1,Brent,,,3,9,29,442.0
HA0 2RH,E63011958,51.557608,-0.323536,13560,UN1,Brent,,,1,9,27,500.0
HA0 3EL,E63011958,51.555089,-0.315348,12668,UN1,Brent,,,2,7,36,353.0
HA0 3HU,E63011958,51.562345,-0.319639,11437,UN1,Brent,,,1,7,30,513.0
HA0 3NG,E63011958,51.562501,-0.305480,16724,UN1,Brent,,,3,11,34,892.0
HA0 4LL,E63011958,51.541612,-0.298064,15543,UN1,Brent,,,6,8,33,302.0
HA0 4LW,E63011958,51.541184,-0.297705,10632,UN1,Brent,,,7,8,33,307.0
HA0 4QD,E63011958,51.545551,-0.297441,15543,UN1,Brent,,,5,13,33,156.0
HA0 4QG,E63011958,51.544656,-0.297143,15543,UN1,Brent,,,5,13,31,59.0
HA0 4UZ,E63011958,51.549714,-0.306762,12061,UN1,Brent,,,1,10,35,0.0
HA1 1AS,E63011900,51.581023,-0.336775,16216,UN1,Harrow,,,6,14,35,246.0
HA1 1BE,E63011900,51.580230,-0.335996,16216,UN1,Harrow,,,4,12,34,246.0
HA1 1HS,E63011900,51.581467,-0.338953,16216,UN1,Harrow,,,6,16,36,289.0
HA1 1PG,E63011900,51.583770,-0.340890,16310,UN1,Harrow,,,5,14,35,0.0
HA1 2RW,E63011900,51.587412,-0.326971,11018,UN1,Harrow,,,2,12,34,708.0
HA1 2TA,E63011900,51.581749,-0.333415,11018,UN1,Harrow,,,5,13,32,0.0
HA1 2TU,E63011900,51.586338,-0.333651,11018,UN1,Harrow,,,3,14,37,279.0
HA1 2TY,E63011900,51.586914,-0.332374,19260,UN1,Harrow,,,3,14,35,353.0
HA1 3LP,E63011900,51.569973,-0.340065,25446,UN1,Harrow,,,0,4,37,755.0
HA1 3QN,E63011900,51.557844,-0.335717,18752,UN1,Harrow,,,2,6,28,465.0
HA1 3QS,E63011900,51.557425,-0.335372,18752,UN1,Harrow,,,2,6,27,498.0
HA1 3UA,E63011958,51.565428,-0.321445,25021,UN1,Brent,,,1,5,30,779.0
HA1 4JJ,E63011900,51.582017,-0.350509,20906,UN1,Harrow,,,3,12,37,185.0
HA2 0AJ,E63011900,51.572219,-0.354616,21233,UN1,Harrow,,,3,9,40,72.0
HA2 0DU,E63011900,51.564743,-0.351827,6641,UN1,Harrow,,,5,11,34,340.0
HA2 6EH,E63011900,51.588445,-0.363196,23409,UN1,Harrow,,,2,5,28,837.0
HA2 6ND,E63011900,51.601438,-0.355407,21403,UN1,Harrow,,,1,3,22,284.0
HA2 6PL,E63011900,51.592246,-0.346356,16353,UN1,Harrow,,,0,6,31,679.0
HA2 7SR,E63011900,51.585191,-0.362014,23409,UN1,Harrow,,,2,6,33,511.0
HA2 7SY,E63011900,51.586086,-0.361693,23409,UN1,Harrow,,,2,6,31,611.0
HA2 8DJ,E63011900,51.567992,-0.353268,16121,UN1,Harrow,,,5,12,39,416.0
HA2 8DU,E63011900,51.564751,-0.353630,16121,UN1,Harrow,,,5,10,38,247.0
HA2 8HB,E63011900,51.558578,-0.361052,17092,UN1,Harrow,,,1,13,37,373.0
HA2 8HR,E63011900,51.564247,-0.353605,14033,UN1,Harrow,,,5,10,37,208.0
HA2 8HX,E63011900,51.563276,-0.354924,14033,UN1,Harrow,,,4,10,35,73.0
HA2 8SW,E63011900,51.560567,-0.371526,19337,UN1,Harrow,,,2,10,35,136.0
HA2 9AJ,E63011900,51.561540,-0.374233,9693,UN1,Harrow,,,3,9,34,127.0
HA2 9BN,E63011900,51.564467,-0.365500,14594,UN1,Harrow,,,1,13,33,358.0
HA2 9SG,E63011900,51.573087,-0.371670,19969,UN1,Harrow,,,2,7,36,346.0
HA3 0HD,E63011900,51.583329,-0.314361,23043,UN1,Harrow,,,3,6,36,198.0
HA3 0JA,E63011958,51.581082,-0.315051,23043,UN1,Brent,,,3,6,31,154.0
HA3 0PS,E63011958,51.572268,-0.294986,16441,UN1,Brent,,,2,10,37,0.0
HA3 0XY,E63011958,51.586610,-0.298664,19152,UN1,Brent,,,3,5,31,111.0
HA3 5ES,E63011900,51.603504,-0.339939,14624,UN1,Harrow,,,3,4,18,184.0
HA3 5RN,E63011900,51.598583,-0.340393,16117,UN1,Harrow,,,1,7,31,366.0
HA3 6DN,E63011900,51.613056,-0.331849,18154,UN1,Harrow,,,0,0,11,1225.0
HA3 6EL,E63011900,51.604929,-0.340234,15873,UN1,Harrow,,,3,4,15,196.0
HA3 7AF,E63011900,51.594987,-0.334749,13474,UN1,Harrow,,,1,8,34,0.0
HA3 8BL,E63011900,51.583613,-0.314755,21152,UN1,Harrow,,,3,6,37,203.0
HA3 8DQ,E63011900,51.587157,-0.305400,22661,UN1,Harrow,,,2,8,36,358.0
HA3 8RP,E63011900,51.595798,-0.312860,24165,UN1,Harrow,,,1,6,30,396.0
HA3 8SA,E63011900,51.600809,-0.318031,20015,UN1,Harrow,,,2,4,31,180.0
HA3 8SB,E63011900,51.600897,-0.319169,20015,UN1,Harrow,,,2,3,31,101.0
HA3 9DA,E63011900,51.595929,-0.295804,15836,UN1,Harrow,,,4,7,37,148.0
HA3 9QX,E63011900,51.585457,-0.283724,19339,UN1,Harrow,,,5,8,32,354.0
HA4 0AL,E63012034,51.570911,-0.411734,23632,UN1,Hillingdon,,,3,8,23,466.0
HA4 0HQ,E63012034,51.557076,-0.396218,18915,UN1,Hillingdon,,,0,3,18,604.0
HA4 0QP,E63012034,51.560909,-0.381267,17182,UN1,Hillingdon,,,2,6,30,163.0
HA4 6ER,E63012034,51.571218,-0.425143,26634,UN1,Hillingdon,,,5,11,21,0.0
HA4 6LS,E63012034,51.562622,-0.413913,23956,UN1,Hillingdon,,,0,2,20,597.0
HA4 7AA,E63012034,51.574802,-0.425553,26634,UN1,Hillingdon,,,7,10,21,115.0
HA4 7YG,E63012034,51.585053,-0.439647,21973,UN1,Hillingdon,,,0,1,10,551.0
HA4 8JB,E63012034,51.574263,-0.424230,26634,UN1,Hillingdon,,,7,11,22,34.0
HA4 9AB,E63012034,51.572700,-0.412393,23632,UN1,Hillingdon,,,2,8,23,562.0
HA4 9BH,E63012034,51.571683,-0.411649,23632,UN1,Hillingdon,,,3,7,24,475.0
HA4 9DY,E63012034,51.567466,-0.396458,25809,UN1,Hillingdon,,,1,3,24,242.0
HA5 1QG,E63012034,51.580161,-0.399591,28738,UN1,Hillingdon,,,4,4,23,182.0
HA5 1QL,E63012034,51.578508,-0.399043,28738,UN1,Hillingdon,,,4,5,24,142.0
HA5 1QR,E63012034,51.577751,-0.398290,28738,UN1,Hillingdon,,,4,5,25,180.0
HA5 1QZ,E63012034,51.576932,-0.397525,28738,UN1,Hillingdon,,,4,5,24,260.0
HA5 2AG,E63011900,51.596992,-0.395404,15554,UN1,Harrow,,,0,4,17,936.0
HA5 2NJ,E63012034,51.590992,-0.411784,15178,UN1,Hillingdon,,,0,0,14,1499.0
HA5 3EE,E63011900,51.595209,-0.382155,29842,UN1,Harrow,,,5,6,16,0.0
HA5 3HR,E63011900,51.594618,-0.383634,29842,UN1,Harrow,,,5,6,19,121.0
HA5 3JF,E63011900,51.595214,-0.383815,29842,UN1,Harrow,,,5,6,17,115.0
HA5 4HR,E63011900,51.607856,-0.374585,23608,UN1,Harrow,,,3,4,15,54.0
HA5 4HS,E63011900,51.608243,-0.373286,23608,UN1,Harrow,,,3,4,15,96.0
HA5 5DY,E63011900,51.576879,-0.370842,24598,UN1,Harrow,,,1,6,35,608.0
HA5 5PB,E63011900,51.591404,-0.381366,28705,UN1,Harrow,,,5,5,21,427.0
HA5 5PJ,E63011900,51.594310,-0.380859,29842,UN1,Harrow,,,5,5,16,134.0
HA6 1BJ,E63012034,51.607788,-0.415602,23911,UN1,Hillingdon,,,2,7,11,398.0
HA6 1PF,E63012034,51.602276,-0.409643,25352,UN1,Hillingdon,,,2,3,13,276.0
HA6 2HJ,E63011852,51.629591,-0.434146,32666,UN1,Moor Park,5850.0,Small,0,0,4,1660.0
HA6 2QF,E63012034,51.611543,-0.425365,26768,UN1,Hillingdon,,,2,4,11,102.0
HA6 2XY,E63012034,51.611240,-0.424913,26768,UN1,Hillingdon,,,2,5,11,83.0
HA6 3NP,E63011852,51.615729,-0.414373,32679,UN1,Moor Park,5850.0,Small,0,5,10,509.0
HA7 1AR,E63011900,51.606226,-0.300819,27531,UN1,Harrow,,,2,3,30,0.0
HA7 1EY,E63011900,51.595258,-0.294804,15836,UN1,Harrow,,,4,8,38,194.0
HA7 4AL,E63011900,51.617085,-0.312330,14052,UN1,Harrow,,,2,2,11,1446.0
HA7 4DA,E63011900,51.617472,-0.311102,20044,UN1,Harrow,,,2,2,11,1438.0
HA7 4EB,E63011900,51.617968,-0.311200,20044,UN1,Harrow,,,2,2,11,1489.0
HA8 0EJ,E63011868,51.603019,-0.263480,7554,UN1,Barnet,,,3,12,45,107.0
HA8 5ED,E63011900,51.604785,-0.272944,18298,UN1,Harrow,,,4,16,41,198.0
HA8 5EN,E63011900,51.601792,-0.269303,16942,UN1,Harrow,,,5,12,49,229.0
HA8 5EP,E63011868,51.600783,-0.268013,16942,UN1,Barnet,,,4,12,49,345.0
HA8 5QL,E63011900,51.597639,-0.278615,18470,UN1,Harrow,,,1,9,45,0.0
HA8 6LD,E63011900,51.609604,-0.280849,15531,UN1,Harrow,,,4,13,39,189.0
HA8 6RW,E63011900,51.607657,-0.295927,17612,UN1,Harrow,,,2,3,35,373.0
HA8 7BD,E63011868,51.612430,-0.275485,17828,UN1,Barnet,,,9,12,36,306.0
HA8 7HF,E63011868,51.611580,-0.280024,14920,UN1,Barnet,,,7,12,35,176.0
HA8 7HX,E63011868,51.612363,-0.277654,14920,UN1,Barnet,,,8,12,33,229.0
HA8 7JG,E63011868,51.613802,-0.276401,18475,UN1,Barnet,,,8,13,34,197.0
HA8 7JH,E63011868,51.613385,-0.276821,18475,UN1,Barnet,,,8,14,33,252.0
HA8 7JX,E63011868,51.615297,-0.275969,18475,UN1,Barnet,,,7,11,34,78.0
HA8 8AE,E63011900,51.621341,-0.293291,29072,UN1,Harrow,,,0,0,19,1092.0
HA8 8JS,E63011868,51.621599,-0.275239,28527,UN1,Barnet,,,1,7,21,165.0
HA8 8TB,E63011868,51.626503,-0.269375,27204,UN1,Barnet,,,0,2,18,749.0
HA8 9BU,E63011868,51.610601,-0.258165,11811,UN1,Barnet,,,2,8,37,407.0
HA8 9QW,E63011868,51.616813,-0.261063,25991,UN1,Barnet,,,2,7,30,89.0
HA9 6BA,E63011958,51.553103,-0.286211,15999,UN1,Brent,,,1,8,39,404.0
HA9 6PG,E63011958,51.545833,-0.273057,10660,UN1,Brent,,,3,7,35,253.0
HA9 6PL,E63011958,51.546877,-0.274316,10660,UN1,Brent,,,3,5,37,108.0
HA9 7BH,E63011958,51.553278,-0.295162,8174,UN1,Brent,,,2,8,40,302.0
HA9 7BS,E63011958,51.552672,-0.296757,11067,UN1,Brent,,,2,8,40,189.0
HA9 7FP,E63011958,51.567077,-0.299812,16668,UN1,Brent,,,4,12,33,380.0
HA9 7NA,E63011958,51.563973,-0.301515,6835,UN1,Brent,,,4,10,34,594.0
HA9 7ND,E63011958,51.563445,-0.300453,6835,UN1,Brent,,,4,10,34,555.0
HA9 7NG,E63011958,51.564478,-0.299808,6835,UN1,Brent,,,5,12,34,465.0
HA9 8HF,E63011958,51.562000,-0.283352,8553,UN1,Brent,,,3,10,31,208.0
HA9 8HP,E63011958,51.561752,-0.283015,14149,UN1,Brent,,,3,11,30,174.0
HA9 8JU,E63011958,51.562409,-0.292325,17462,UN1,Brent,,,2,12,34,215.0
HA9 8PB,E63011958,51.571129,-0.294567,16668,UN1,Brent,,,3,12,37,130.0
HA9 8RB,E63011958,51.571072,-0.308062,23631,UN1,Brent,,,0,8,31,913.0
HA9 9AB,E63011958,51.564456,-0.277892,6542,UN1,Brent,,,4,7,36,113.0
HA9 9EX,E63011958,51.564700,-0.275560,6542,UN1,Brent,,,3,7,36,112.0
HD1 1RW,E63008114,53.650282,-1.782429,2928,UN1,Huddersfield,141675.0,Large,3,16,39,213.0
HD1 2HL,E63008114,53.645226,-1.784512,2928,UN1,Huddersfield,141675.0,Large,8,16,45,407.0
HD1 2QB,E63008114,53.645926,-1.779108,2928,UN1,Huddersfield,141675.0,Large,7,16,42,322.0
HD1 2QE,E63008114,53.645688,-1.781847,2928,UN1,Huddersfield,141675.0,Large,7,16,43,306.0
HD1 2RS,E63008114,53.644473,-1.780643,2928,UN1,Huddersfield,141675.0,Large,7,16,43,363.0
HD1 2TT,E63008114,53.643371,-1.782872,9558,UN1,Huddersfield,141675.0,Large,4,14,41,516.0
HD1 3JJ,E63008114,53.637807,-1.798206,2953,UN1,Huddersfield,141675.0,Large,2,10,36,142.0
HD1 3SG,E63008114,53.636980,-1.797787,1917,UN1,Huddersfield,141675.0,Large,3,10,34,151.0
HD1 3TG,E63008114,53.633891,-1.794384,5287,UN1,Huddersfield,141675.0,Large,5,9,29,185.0
HD1 3UP,E63008114,53.631812,-1.798053,1917,UN1,Huddersfield,141675.0,Large,3,9,23,0.0
HD1 4DN,E63008114,53.647708,-1.790550,3596,UN1,Huddersfield,141675.0,Large,6,17,46,146.0
HD1 4EL,E63008114,53.647167,-1.789403,3596,UN1,Huddersfield,141675.0,Large,6,16,45,108.0
HD1 4LE,E63008114,53.651740,-1.804101,14042,UN1,Huddersfield,141675.0,Large,3,12,44,0.0
HD1 4LF,E63008114,53.651529,-1.807249,14042,UN1,Huddersfield,141675.0,Large,4,10,41,99.0
HD1 4RB,E63008114,53.644393,-1.813256,3433,UN1,Huddersfield,141675.0,Large,0,9,32,572.0
HD1 4TR,E63008114,53.642275,-1.804099,3596,UN1,Huddersfield,141675.0,Large,1,8,43,91.0
HD1 5PS,E63008114,53.648778,-1.790817,4175,UN1,Huddersfield,141675.0,Large,5,16,47,72.0
HD1 6BL,E63008114,53.652588,-1.779860,2928,UN1,Huddersfield,141675.0,Large,3,18,35,475.0
HD1 6ND,E63008114,53.652819,-1.778739,2928,UN1,Huddersfield,141675.0,Large,2,17,33,521.0
HD1 6QR,E63008114,53.646765,-1.775851,2928,UN1,Huddersfield,141675.0,Large,5,14,36,293.0
HD2 1HG,E63008114,53.669738,-1.765891,910,UN1,Huddersfield,141675.0,Large,1,3,11,476.0
HD2 1SZ,E63008114,53.678021,-1.746090,5034,UN1,Huddersfield,141675.0,Large,0,0,3,1104.0
HD2 2DZ,E63008114,53.664260,-1.809658,24157,UN1,Huddersfield,141675.0,Large,0,4,19,670.0
HD2 2LQ,E63008114,53.672456,-1.777183,6758,UN1,Huddersfield,141675.0,Large,1,3,13,469.0
HD2 2QA,E63008114,53.662307,-1.781353,1926,UN1,Huddersfield,141675.0,Large,5,7,30,0.0
HD2 2RU,E63008114,53.659977,-1.785435,1926,UN1,Huddersfield,141675.0,Large,4,9,34,0.0
HD2 2RY,E63008114,53.660450,-1.783511,1926,UN1,Huddersfield,141675.0,Large,4,8,34,137.0
HD2 2TW,E63008114,53.660701,-1.793164,6109,UN1,Huddersfield,141675.0,Large,1,7,35,450.0
HD3 3BB,E63008114,53.656533,-1.817288,12159,UN1,Huddersfield,141675.0,Large,3,9,23,132.0
HD3 3JP,E63008114,53.661163,-1.823835,12926,UN1,Huddersfield,141675.0,Large,1,5,16,125.0
HD3 3XA,E63008114,53.657100,-1.843553,13855,UN1,Huddersfield,141675.0,Large,1,1,10,0.0
HD3 4AJ,E63008114,53.652448,-1.814355,26102,UN1,Huddersfield,141675.0,Large,5,9,30,292.0
HD3 4AL,E63008114,53.651955,-1.814902,8085,UN1,Huddersfield,141675.0,Large,3,9,32,312.0
HD3 4HZ,E63008114,53.641016,-1.826793,4243,UN1,Huddersfield,141675.0,Large,2,3,21,405.0
HD4 5RX,E63008114,53.638410,-1.809638,3970,UN1,Huddersfield,141675.0,Large,2,7,33,0.0
HD4 5SX,E63008114,53.637084,-1.830318,4243,UN1,Huddersfield,141675.0,Large,2,2,11,118.0
HD4 6JE,E63008114,53.628938,-1.784080,14889,UN1,Huddersfield,141675.0,Large,2,6,19,0.0
HD4 6JF,E63008114,53.629623,-1.784712,14889,UN1,Huddersfield,141675.0,Large,2,6,22,87.0
HD4 7EX,E63008174,53.614698,-1.814218,9645,UN1,Netherton (Kirklees),3150.0,Minor,0,0,1,2008.0
HD5 0JE,E63008106,53.658280,-1.728868,25308,UN1,Kirkheaton,3490.0,Minor,0,0,3,1140.0
HD5 8DQ,E63008114,53.645348,-1.759023,10954,UN1,Huddersfield,141675.0,Large,2,3,19,183.0
HD5 8RX,E63008114,53.633876,-1.748593,4447,UN1,Huddersfield,141675.0,Large,1,1,8,286.0
HD5 9BU,E63008114,53.645111,-1.761822,9283,UN1,Huddersfield,141675.0,Large,2,5,23,227.0
HD5 9XP,E63008114,53.645365,-1.737240,15762,UN1,Huddersfield,141675.0,Large,1,3,9,0.0
HD6 1AF,E63008058,53.702159,-1.780632,7439,UN1,Brighouse,33160.0,Medium,3,5,10,163.0
HD6 1AT,E63008058,53.703079,-1.782551,7439,UN1,Brighouse,33160.0,Medium,3,5,10,0.0
HD6 1RZ,E63008058,53.703688,-1.776201,9946,UN1,Brighouse,33160.0,Medium,3,5,10,423.0
HD6 3HT,E63008058,53.694061,-1.790730,12858,UN1,Brighouse,33160.0,Medium,1,4,10,0.0
HD6 3NA,E63008058,53.688832,-1.792179,15643,UN1,Brighouse,33160.0,Medium,1,4,9,0.0
HD6 3TR,E63008058,53.688155,-1.780674,32486,UN1,Brighouse,33160.0,Medium,0,4,11,761.0
HD6 4AB,E63008058,53.708356,-1.777873,9946,UN1,Brighouse,33160.0,Medium,1,5,8,663.0
HD6 4AU,E63008058,53.709367,-1.780580,2811,UN1,Brighouse,33160.0,Medium,1,5,8,711.0
HD6 4DN,E63008058,53.722016,-1.777317,18619,UN1,Brighouse,33160.0,Medium,0,0,3,2120.0
HD7 4QD,E63008114,53.639876,-1.855550,26412,UN1,Huddersfield,141675.0,Large,2,2,5,186.0
HD7 4QH,E63008114,53.642540,-1.851336,21077,UN1,Huddersfield,141675.0,Large,2,2,7,232.0
HD7 5AN,E63008157,53.622835,-1.880599,10245,UN1,Linthwaite and Slaithwaite,9245.0,Small,3,3,3,56.0
HD7 5JN,E63008157,53.622538,-1.879904,10245,UN1,Linthwaite and Slaithwaite,9245.0,Small,3,3,3,0.0
HD7 6BW,E63008185,53.600716,-1.926824,17393,RLN1,Marsden,3690.0,Minor,0,0,0,3933.0
HD8 0DS,E63008144,53.633504,-1.711121,12230,UN1,Lepton,4950.0,Minor,1,1,1,45.0
HD8 0SJ,E63008176,53.608447,-1.701151,31288,UN1,Kirkburton,4035.0,Minor,1,1,1,0.0
HD8 8DJ,E63008193,53.585743,-1.712202,27366,RLN1,Shepley and Shelley,,,1,1,1,0.0
HD8 8RX,E63008232,53.573623,-1.653102,24964,RLN1,Denby Dale,2735.0,Minor,0,0,0,2008.0
HD8 9DA,E63008203,53.591620,-1.650689,29963,RLN1,Skelmanthorpe and Clayton West,,,1,1,3,0.0
HD8 9JL,E63008203,53.588365,-1.626485,18858,RLN1,Skelmanthorpe and Clayton West,,,1,1,3,0.0
HD9 3AZ,E63008246,53.570664,-1.787064,23827,UN1,Holmfirth,4985.0,Minor,0,4,4,854.0
HD9 3TR,E63008225,53.578378,-1.783310,26563,UN1,Honley,14395.0,Small,3,4,6,0.0
HD9 4AE,E63008205,53.591953,-1.849986,15869,RLN1,Meltham,8325.0,Small,3,3,3,265.0
HD9 5NX,E63008205,53.593043,-1.851448,15869,RLN1,Meltham,8325.0,Small,3,3,3,195.0
HD9 5QQ,E63008205,53.594316,-1.849419,15869,RLN1,Meltham,8325.0,Small,3,3,3,0.0
HD9 6AA,E63008225,53.603625,-1.792732,9139,UN1,Honley,14395.0,Small,1,1,2,146.0
HD9 7JU,E63008225,53.576291,-1.754461,28681,UN1,Honley,14395.0,Small,1,1,4,1919.0
HD9 7JY,E63008225,53.576232,-1.755926,24399,UN1,Honley,14395.0,Small,1,1,5,1824.0
HG1 1NS,E63007692,53.993581,-1.540980,13392,UN1,Harrogate,75515.0,Large,8,13,22,233.0
HG1 1QH,E63007692,53.994185,-1.539097,13392,UN1,Harrogate,75515.0,Large,8,14,22,252.0
HG1 1RX,E63007692,53.993351,-1.539671,13392,UN1,Harrogate,75515.0,Large,8,13,22,294.0
HG1 1TX,E63007692,53.994201,-1.538701,13392,UN1,Harrogate,75515.0,Large,8,14,22,272.0
HG1 4HL,E63007692,54.005849,-1.533934,20401,UN1,Harrogate,75515.0,Large,2,3,19,121.0
HG1 5AR,E63007692,53.996369,-1.529799,18816,UN1,Harrogate,75515.0,Large,3,15,21,0.0
HG1 5BG,E63007692,53.994666,-1.535706,23448,UN1,Harrogate,75515.0,Large,10,12,22,290.0
HG1 5DE,E63007692,53.996151,-1.536193,18816,UN1,Harrogate,75515.0,Large,10,12,21,396.0
HG1 5HY,E63007692,54.001989,-1.537562,20312,UN1,Harrogate,75515.0,Large,2,13,21,465.0
HG1 5JP,E63007692,53.995554,-1.542163,13392,UN1,Harrogate,75515.0,Large,7,14,22,0.0
HG2 0NU,E63007692,53.988606,-1.549164,29231,UN1,Harrogate,75515.0,Large,1,7,16,494.0
HG2 7LY,E63007692,53.996459,-1.511813,21927,UN1,Harrogate,75515.0,Large,1,3,19,478.0
HG2 7SA,E63007692,53.991510,-1.517057,32403,UN1,Harrogate,75515.0,Large,2,5,21,0.0
HG2 8BE,E63007692,53.977906,-1.533895,29894,UN1,Harrogate,75515.0,Large,1,1,11,298.0
HG2 8QZ,E63007692,53.984851,-1.499612,29915,UN1,Harrogate,75515.0,Large,0,0,5,1360.0
HG3 2XQ,E63007692,54.003163,-1.567985,17506,UN1,Harrogate,75515.0,Large,0,0,4,1592.0
HG3 5AL,E63007633,54.086508,-1.759278,23783,RLN1,Pateley Bridge,1345.0,Minor,1,1,1,109.0
HG4 1BN,E63007605,54.136427,-1.524282,22685,UN1,Ripon,16590.0,Small,7,7,8,171.0
HG4 1DP,E63007605,54.138124,-1.523941,22685,UN1,Ripon,16590.0,Small,7,7,8,104.0
HG4 2AT,E63007605,54.136369,-1.525431,22685,UN1,Ripon,16590.0,Small,7,7,8,96.0
HG4 2SB,E63007605,54.121548,-1.525355,27246,UN1,Ripon,16590.0,Small,0,0,8,1551.0
HG4 4DZ,E63007549,54.221894,-1.656043,24373,RLF1,Masham,1110.0,Minor,1,1,1,0.0
HG5 0DH,E63007678,54.010830,-1.455079,23042,UN1,Knaresborough,15785.0,Small,0,6,7,675.0
HG5 0EQ,E63007678,54.008208,-1.465779,17891,UN1,Knaresborough,15785.0,Small,4,5,7,248.0
HG5 8AG,E63007678,54.008214,-1.466984,20270,UN1,Knaresborough,15785.0,Small,4,5,7,302.0
HG5 8LF,E63007678,54.004025,-1.448973,32303,UN1,Knaresborough,15785.0,Small,0,3,7,957.0
HG5 8PZ,E63007678,54.000000,-1.443321,32303,UN1,Knaresborough,15785.0,Small,0,1,6,1482.0
HG5 9JB,,54.036228,-1.489758,22642,RSN1,,,,0,0,0,3083.0
HP1 1BB,E63011565,51.751393,-0.471936,19045,UN1,Hemel Hempstead,95985.0,Large,6,6,22,239.0
HP1 1BH,E63011565,51.750388,-0.472824,19045,UN1,Hemel Hempstead,95985.0,Large,5,6,21,249.0
HP1 1QQ,E63011565,51.746308,-0.487592,30833,UN1,Hemel Hempstead,95985.0,Large,0,1,13,874.0
HP1 2HX,E63011565,51.749765,-0.501254,15655,UN1,Hemel Hempstead,95985.0,Large,0,2,6,783.0
HP1 2QF,E63011565,51.756098,-0.493698,15321,UN1,Hemel Hempstead,95985.0,Large,1,2,11,155.0
HP1 3LG,E63011565,51.765057,-0.489719,17587,UN1,Hemel Hempstead,95985.0,Large,0,0,8,1095.0
HP10 0EU,E63011907,51.588244,-0.683897,30179,UN1,Flackwell Heath and Wooburn Green,12435.0,Small,1,1,2,99.0
HP10 8LQ,E63011826,51.637537,-0.691863,31154,UN1,Hazlemere,20005.0,Medium,0,0,1,1918.0
HP10 9NB,E63011907,51.600630,-0.709398,31959,UN1,Flackwell Heath and Wooburn Green,12435.0,Small,0,0,2,2266.0
HP10 9QY,E63011907,51.604847,-0.696355,27317,UN1,Flackwell Heath and Wooburn Green,12435.0,Small,1,1,2,2021.0
HP10 9RT,E63011907,51.604870,-0.692701,27317,UN1,Flackwell Heath and Wooburn Green,12435.0,Small,1,1,4,1919.0
HP11 1BU,E63011847,51.625680,-0.736498,23625,UN1,High Wycombe,83535.0,Large,0,0,18,1115.0
HP11 1FY,E63011847,51.618646,-0.719677,13893,UN1,High Wycombe,83535.0,Large,0,0,2,1765.0
HP11 2AW,E63011847,51.629455,-0.752329,18218,UN1,High Wycombe,83535.0,Large,9,15,18,147.0
HP11 2BY,E63011847,51.629592,-0.755143,12204,UN1,High Wycombe,83535.0,Large,8,15,20,295.0
HP11 2DF,E63011847,51.630229,-0.752380,18218,UN1,High Wycombe,83535.0,Large,9,15,18,91.0
HP11 2DN,E63011847,51.632215,-0.754869,12204,UN1,High Wycombe,83535.0,Large,12,15,19,216.0
HP11 2LT,E63011847,51.633603,-0.763645,10066,UN1,High Wycombe,83535.0,Large,4,13,19,183.0
HP11 2RS,E63011847,51.632494,-0.761695,12204,UN1,High Wycombe,83535.0,Large,5,16,21,0.0
HP12 4AX,E63011847,51.638021,-0.779405,28261,UN1,High Wycombe,83535.0,Large,0,2,11,675.0
HP12 4NU,E63011847,51.611461,-0.780451,13182,UN1,High Wycombe,83535.0,Large,0,3,4,639.0
HP12 4PG,E63011847,51.615657,-0.771528,27778,UN1,High Wycombe,83535.0,Large,0,4,9,526.0
HP12 4RQ,E63011847,51.617863,-0.783038,14190,UN1,High Wycombe,83535.0,Large,1,4,4,305.0
HP13 5HS,E63011847,51.636247,-0.751839,17747,UN1,High Wycombe,83535.0,Large,3,14,19,320.0
HP13 5UW,E63011812,51.645399,-0.777285,30817,UN1,Downley,2655.0,Minor,0,1,7,1123.0
HP13 6JH,E63011847,51.637579,-0.723494,28830,UN1,High Wycombe,83535.0,Large,1,1,7,356.0
HP13 6SE,E63011847,51.630871,-0.751091,18218,UN1,High Wycombe,83535.0,Large,8,15,19,34.0
HP14 3JF,E63011866,51.618495,-0.833850,25269,RLN1,Lane End,3445.0,Minor,0,0,0,3805.0
HP14 3TA,E63011799,51.660646,-0.902670,25394,RLN1,Stokenchurch,4345.0,Minor,1,1,1,107.0
HP14 4LG,E63011782,51.661264,-0.751094,32834,UN1,Hughenden Valley,1815.0,Minor,1,1,1,0.0
HP15 6RN,E63011826,51.664117,-0.695102,32336,UN1,Hazlemere,20005.0,Medium,0,0,3,1910.0
HP15 7AA,E63011826,51.657875,-0.709594,32255,UN1,Hazlemere,20005.0,Medium,0,2,3,876.0
HP15 7LQ,E63011826,51.651523,-0.713360,32051,UN1,Hazlemere,20005.0,Medium,1,2,4,232.0
HP16 0AU,E63011697,51.703375,-0.707256,31394,RLN1,Prestwood and Great Missenden,7595.0,Small,1,1,1,278.0
HP16 9HF,E63011697,51.699701,-0.741569,32844,RLN1,Prestwood and Great Missenden,7595.0,Small,1,1,1,140.0
HP17 8JX,E63011533,51.777813,-0.921761,20501,RLN1,Haddenham (Buckinghamshire),5605.0,Small,1,1,1,0.0
HP18 1AS,E63011452,51.835746,-0.851394,22521,UN1,Aylesbury,87950.0,Large,1,1,5,99.0
HP19 8BU,E63011452,51.822888,-0.835833,10760,UN1,Aylesbury,87950.0,Large,2,3,11,287.0
HP19 8EN,E63011452,51.819398,-0.818614,10627,UN1,Aylesbury,87950.0,Large,1,4,18,0.0
HP19 8TF,E63011452,51.822171,-0.850724,22521,UN1,Aylesbury,87950.0,Large,0,1,6,928.0
HP19 8WB,E63011452,51.815286,-0.834520,31647,UN1,Aylesbury,87950.0,Large,0,2,12,617.0
HP19 9DZ,E63011452,51.835170,-0.820451,21561,UN1,Aylesbury,87950.0,Large,0,0,6,1758.0
HP19 9HZ,E63011452,51.826251,-0.835006,10760,UN1,Aylesbury,87950.0,Large,1,2,11,660.0
HP2 4ER,E63011565,51.756010,-0.450988,9362,UN1,Hemel Hempstead,95985.0,Large,2,3,21,160.0
HP2 4HY,E63011565,51.755442,-0.448849,9362,UN1,Hemel Hempstead,95985.0,Large,2,3,20,0.0
HP2 4JS,E63011565,51.747477,-0.455785,10761,UN1,Hemel Hempstead,95985.0,Large,0,4,20,831.0
HP2 5BL,E63011565,51.754646,-0.471811,19045,UN1,Hemel Hempstead,95985.0,Large,5,6,18,0.0
HP2 5NX,E63011565,51.765002,-0.453738,10551,UN1,Hemel Hempstead,95985.0,Large,0,3,15,850.0
HP2 5SB,E63011565,51.765379,-0.461898,6530,UN1,Hemel Hempstead,95985.0,Large,0,3,15,832.0
HP2 6BJ,E63011565,51.773195,-0.457270,10151,UN1,Hemel Hempstead,95985.0,Large,1,3,8,98.0
HP2 7QH,E63011565,51.780467,-0.435987,22716,UN1,Hemel Hempstead,95985.0,Large,1,1,5,108.0
HP20 1JR,E63011452,51.813127,-0.783773,30556,UN1,Aylesbury,87950.0,Large,0,2,10,659.0
HP20 1PQ,E63011452,51.816381,-0.800341,9731,UN1,Aylesbury,87950.0,Large,1,7,14,473.0
HP20 1ST,E63011452,51.816648,-0.811621,18084,UN1,Aylesbury,87950.0,Large,2,7,19,395.0
HP20 1XB,E63011452,51.822582,-0.793821,30909,UN1,Aylesbury,87950.0,Large,1,6,13,0.0
HP20 2AE,E63011452,51.826137,-0.802998,12934,UN1,Aylesbury,87950.0,Large,1,4,13,402.0
HP20 2HX,E63011452,51.815002,-0.816887,15553,UN1,Aylesbury,87950.0,Large,2,5,18,434.0
HP21 7ET,E63011452,51.806589,-0.784544,28904,UN1,Aylesbury,87950.0,Large,0,1,8,1300.0
HP21 8NP,E63011452,51.807367,-0.818566,9087,UN1,Aylesbury,87950.0,Large,0,4,12,587.0
HP21 8TJ,E63011452,51.801847,-0.822192,11494,UN1,Aylesbury,87950.0,Large,1,2,9,92.0
HP22 5LB,E63011474,51.797823,-0.711936,32248,RLN1,Aston Clinton,5510.0,Small,0,0,1,1421.0
HP22 6EA,E63011540,51.762577,-0.742891,25451,RLN1,Wendover,8730.0,Small,1,1,2,373.0
HP23 4AG,E63011478,51.793654,-0.663058,31224,UN1,Tring,11960.0,Small,2,3,3,512.0
HP23 5BN,E63011478,51.793911,-0.661876,31224,UN1,Tring,11960.0,Small,1,3,3,595.0
HP23 6BL,E63011478,51.790772,-0.668175,31621,UN1,Tring,11960.0,Small,2,3,3,52.0
HP27 0AW,E63011636,51.722982,-0.829656,23821,RLN1,Princes Risborough,7530.0,Small,2,3,4,110.0
HP27 0AX,E63011636,51.723660,-0.830825,17646,RLN1,Princes Risborough,7530.0,Small,3,3,4,0.0
HP3 0HG,E63011626,51.723904,-0.534091,32039,UN1,Bovingdon,5310.0,Small,1,2,2,185.0
HP3 8EW,E63011565,51.742197,-0.448868,11409,UN1,Hemel Hempstead,95985.0,Large,2,3,15,159.0
HP3 8QG,E63011565,51.748236,-0.431625,31249,UN1,Hemel Hempstead,95985.0,Large,0,0,9,1431.0
HP3 9LY,E63011565,51.740935,-0.449954,17533,UN1,Hemel Hempstead,95985.0,Large,2,3,15,0.0
HP3 9QZ,E63011565,51.736372,-0.465404,19922,UN1,Hemel Hempstead,95985.0,Large,2,3,12,281.0
HP3 9SQ,E63011565,51.737436,-0.469105,19922,UN1,Hemel Hempstead,95985.0,Large,2,2,15,0.0
HP4 1AQ,E63011542,51.761516,-0.567475,31011,UN1,Berkhamsted,21240.0,Medium,2,6,6,620.0
HP4 1BB,E63011542,51.761022,-0.566056,31011,UN1,Berkhamsted,21240.0,Medium,2,6,6,510.0
HP4 2BW,E63011542,51.758846,-0.559417,31011,UN1,Berkhamsted,21240.0,Medium,2,4,6,109.0
HP4 3AP,E63011542,51.760634,-0.564460,31011,UN1,Berkhamsted,21240.0,Medium,4,6,6,393.0
HP5 1EG,E63011668,51.706183,-0.612771,21085,UN1,Chesham,23695.0,Medium,3,6,6,400.0
HP5 1EP,E63011668,51.704801,-0.613045,21085,UN1,Chesham,23695.0,Medium,3,6,6,246.0
HP5 1ET,E63011668,51.702589,-0.613040,21085,UN1,Chesham,23695.0,Medium,3,3,6,0.0
HP5 3ET,E63011668,51.712190,-0.608260,17406,UN1,Chesham,23695.0,Medium,2,4,6,121.0
HP5 3EZ,E63011668,51.713277,-0.608226,17406,UN1,Chesham,23695.0,Medium,2,4,6,0.0
HP6 5AY,E63011753,51.675040,-0.604164,32439,UN1,Amersham,17380.0,Small,3,3,7,0.0
HP6 5DR,E63011753,51.677574,-0.606284,32439,UN1,Amersham,17380.0,Small,3,3,7,298.0
HP7 0HA,E63011753,51.666168,-0.611320,24568,UN1,Amersham,17380.0,Small,0,3,7,534.0
HP7 0HG,E63011753,51.669083,-0.617478,29873,UN1,Amersham,17380.0,Small,1,3,7,0.0
HP7 9PY,E63011775,51.666595,-0.565223,28354,UN1,Little Chalfont,6505.0,Small,1,2,2,158.0
HP8 4QH,E63011841,51.631302,-0.570514,29107,RLN1,Chalfont St Giles,4710.0,Minor,0,0,1,1855.0
HP9 1NL,E63011876,51.610828,-0.645680,30027,UN1,Beaconsfield,14145.0,Small,2,2,5,1448.0
HP9 1QD,E63011876,51.610438,-0.645388,30027,UN1,Beaconsfield,14145.0,Small,2,2,5,1422.0
HP9 1QH,E63011876,51.609576,-0.643146,30027,UN1,Beaconsfield,14145.0,Small,2,2,5,1434.0
HP9 1TX,E63011876,51.599594,-0.656294,32393,UN1,Beaconsfield,14145.0,Small,1,1,5,0.0
HP9 2JH,E63011876,51.601855,-0.634843,31882,UN1,Beaconsfield,14145.0,Small,0,0,5,1503.0
HR1 1BB,E63010929,52.061798,-2.711270,8153,UF1,Hereford,60480.0,Medium,5,18,23,0.0
HR1 1DN,E63010929,52.059522,-2.710082,8153,UF1,Hereford,60480.0,Medium,10,18,23,66.0
HR1 1UN,E63010929,52.051263,-2.682112,31845,UF1,Hereford,60480.0,Medium,0,0,2,1440.0
HR1 2JB,E63010929,52.055445,-2.712278,8153,UF1,Hereford,60480.0,Medium,14,21,24,0.0
HR1 2PR,E63010929,52.054649,-2.711551,8153,UF1,Hereford,60480.0,Medium,11,21,23,0.0
HR2 6BZ,E63010929,52.042675,-2.715793,8967,UF1,Hereford,60480.0,Medium,0,2,24,874.0
HR2 7JE,E63010929,52.049432,-2.722332,5958,UF1,Hereford,60480.0,Medium,1,13,27,0.0
HR2 7XS,E63010929,52.042265,-2.739960,24147,UF1,Hereford,60480.0,Medium,2,2,8,116.0
HR2 7XT,E63010929,52.041261,-2.739492,24147,UF1,Hereford,60480.0,Medium,2,2,8,0.0
HR4 0AG,E63010929,52.054721,-2.724824,21813,UF1,Hereford,60480.0,Medium,3,16,28,409.0
HR4 0BW,E63010929,52.056985,-2.719216,8153,UF1,Hereford,60480.0,Medium,8,22,25,192.0
HR4 0JF,E63010929,52.058821,-2.740701,18019,UF1,Hereford,60480.0,Medium,0,1,18,981.0
HR4 9AA,E63010929,52.056296,-2.717119,8153,UF1,Hereford,60480.0,Medium,12,22,24,169.0
HR4 9AE,E63010929,52.055827,-2.717345,8153,UF1,Hereford,60480.0,Medium,12,22,24,200.0
HR4 9AP,E63010929,52.055370,-2.717207,8153,UF1,Hereford,60480.0,Medium,12,22,24,199.0
HR4 9BW,E63010929,52.054294,-2.718137,8153,UF1,Hereford,60480.0,Medium,12,22,24,311.0
HR4 9NR,E63010929,52.069975,-2.736888,17699,UF1,Hereford,60480.0,Medium,0,0,7,1486.0
HR5 3BJ,E63010582,52.203350,-3.030112,11153,RLF1,Kington,2425.0,Minor,0,1,1,715.0
HR6 0LX,E63010538,52.216152,-2.731926,15213,RSF1,Leominster,11205.0,Small,0,0,5,1961.0
HR6 8EP,E63010538,52.226752,-2.740534,3288,UF1,Leominster,11205.0,Small,3,4,5,786.0
HR6 8HD,E63010538,52.225963,-2.744518,5154,UF1,Leominster,11205.0,Small,3,4,5,979.0
HR6 8LR,E63010538,52.227192,-2.737730,3288,UF1,Leominster,11205.0,Small,3,4,5,703.0
HR6 8LZ,E63010538,52.227319,-2.738918,3288,UF1,Leominster,11205.0,Small,3,4,5,698.0
HR7 4AE,E63010622,52.189540,-2.507925,6955,RLN1,Bromyard,3815.0,Minor,2,2,2,185.0
HR7 4AF,E63010622,52.189343,-2.507688,6955,RLN1,Bromyard,3815.0,Minor,2,2,2,160.0
HR8 1DS,E63010986,52.036379,-2.422334,13561,RLF1,Ledbury,8345.0,Small,2,2,2,227.0
HR8 2AA,E63010986,52.037065,-2.424046,13561,RLF1,Ledbury,8345.0,Small,2,2,2,138.0
HR9 5AD,E63011234,51.912560,-2.583402,15224,UF1,Ross-on-Wye,10990.0,Small,4,5,5,75.0
HR9 5AH,E63011234,51.910928,-2.584341,16298,UF1,Ross-on-Wye,10990.0,Small,4,5,5,0.0
HR9 5NX,E63011234,51.914489,-2.584212,13995,UF1,Ross-on-Wye,10990.0,Small,4,5,5,296.0
HU1 2HU,E63007930,53.743088,-0.335084,5294,UN1,Kingston upon Hull,270810.0,Major,2,9,25,335.0
HU1 2PQ,E63007930,53.742572,-0.339365,5294,UN1,Kingston upon Hull,270810.0,Major,4,12,25,441.0
HU1 2TX,E63007930,53.738477,-0.345516,254,UN1,Kingston upon Hull,270810.0,Major,3,9,23,420.0
HU1 3SA,E63007930,53.746241,-0.342102,5294,UN1,Kingston upon Hull,270810.0,Major,5,12,27,0.0
HU10 6AD,E63007942,53.756715,-0.443424,28044,UN1,"Willerby, Anlaby and Kirk Ella",,,0,0,4,1090.0
HU10 6UA,E63007942,53.744871,-0.430669,13410,UN1,"Willerby, Anlaby and Kirk Ella",,,1,2,10,472.0
HU11 4AL,E63007897,53.778425,-0.253644,21966,UN1,Bilton,3660.0,Minor,1,2,3,222.0
HU12 0RA,E63008043,53.683672,-0.012599,10074,RLF1,Patrington,1460.0,Minor,0,0,0,5907.0
HU12 8EX,E63007954,53.740164,-0.198764,16809,UN1,Hedon,8120.0,Small,1,2,2,623.0
HU12 8JA,E63007954,53.741230,-0.198506,16809,UN1,Hedon,8120.0,Small,1,2,2,503.0
HU12 9NE,E63007992,53.720388,-0.169115,22697,RLN1,Thorngumbald,2815.0,Minor,1,1,1,3381.0
HU12 9PD,E63007992,53.719495,-0.171261,22697,RLN1,Thorngumbald,2815.0,Minor,1,1,1,3390.0
HU13 0AA,E63007988,53.722872,-0.434731,14046,UN1,Hessle,15485.0,Small,2,3,7,346.0
HU13 9BB,E63007988,53.732200,-0.433126,21534,UN1,Hessle,15485.0,Small,2,3,9,0.0
HU13 9LZ,E63007988,53.723100,-0.429479,21210,UN1,Hessle,15485.0,Small,2,3,7,0.0
HU14 3BU,E63008000,53.719381,-0.503347,31321,RLN1,North Ferriby,3965.0,Minor,1,1,1,155.0
HU14 3LT,E63007967,53.737805,-0.492261,31390,RLN1,Swanland,3960.0,Minor,1,1,1,2036.0
HU14 3PE,E63007967,53.738161,-0.494098,31390,RLN1,Swanland,3960.0,Minor,1,1,1,2032.0
HU15 1AF,E63007982,53.729073,-0.571095,26812,UN1,Brough and Elloughton,,,1,1,2,229.0
HU15 1HU,E63007982,53.741299,-0.567435,32147,UN1,Brough and Elloughton,,,0,0,2,1374.0
HU15 2AS,E63007917,53.769779,-0.601152,32683,RLN1,South Cave,4820.0,Minor,0,0,1,1250.0
HU15 2UJ,E63007945,53.753415,-0.730872,25542,RLN1,Gilberdyke,3030.0,Minor,1,1,1,135.0
HU16 4BB,E63007898,53.781916,-0.415674,27761,UN1,Cottingham,14425.0,Small,3,3,3,2696.0
HU16 4BD,E63007898,53.782144,-0.415225,27761,UN1,Cottingham,14425.0,Small,3,3,3,2662.0
HU16 5QE,E63007898,53.780973,-0.413691,27172,UN1,Cottingham,14425.0,Small,3,3,3,2597.0
HU16 5QQ,E63007898,53.782702,-0.413959,27761,UN1,Cottingham,14425.0,Small,3,3,3,2567.0
HU17 0BS,E63007814,53.847138,-0.416969,5038,UN1,Beverley,30930.0,Medium,1,2,10,325.0
HU17 5NL,E63007765,53.890908,-0.312950,31805,RLN1,Leven (East Riding of Yorkshire),2350.0,Minor,1,1,1,0.0
HU17 7BZ,E63007814,53.845293,-0.432573,6704,UN1,Beverley,30930.0,Medium,3,6,10,0.0
HU17 7JY,E63007814,53.858015,-0.439017,32661,UN1,Beverley,30930.0,Medium,1,1,9,0.0
HU17 8JU,E63007814,53.840865,-0.435566,24702,UN1,Beverley,30930.0,Medium,3,5,11,25.0
HU17 8XE,E63007814,53.824583,-0.446412,31672,UN1,Beverley,30930.0,Medium,0,0,2,1957.0
HU17 9AA,E63007814,53.841895,-0.429843,24702,UN1,Beverley,30930.0,Medium,5,6,10,368.0
HU17 9AE,E63007814,53.842063,-0.429563,24702,UN1,Beverley,30930.0,Medium,5,6,10,391.0
HU18 1AB,E63007735,53.911250,-0.170963,11183,RLF1,Hornsea,8790.0,Small,4,4,4,484.0
HU18 1PA,E63007735,53.911968,-0.167993,11183,RLF1,Hornsea,8790.0,Small,3,4,4,371.0
HU18 1PB,E63007735,53.911740,-0.167745,11183,RLF1,Hornsea,8790.0,Small,3,4,4,397.0
HU18 1RE,E63007735,53.907073,-0.171755,11422,RLF1,Hornsea,8790.0,Small,1,4,4,943.0
HU19 2HB,E63007974,53.730499,0.032390,2206,RLF1,Withernsea,5765.0,Small,1,1,1,257.0
HU2 8LN,E63007930,53.745453,-0.347501,1085,UN1,Kingston upon Hull,270810.0,Major,4,15,26,363.0
HU3 1DS,E63007930,53.746195,-0.355070,1141,UN1,Kingston upon Hull,270810.0,Major,2,12,31,0.0
HU3 1TY,E63007930,53.756158,-0.349371,255,UN1,Kingston upon Hull,270810.0,Major,2,5,29,374.0
HU3 2AA,E63007930,53.737839,-0.351408,254,UN1,Kingston upon Hull,270810.0,Major,3,12,24,222.0
HU3 2HA,E63007930,53.740735,-0.350855,254,UN1,Kingston upon Hull,270810.0,Major,3,15,28,108.0
HU3 2SE,E63007930,53.743081,-0.361954,272,UN1,Kingston upon Hull,270810.0,Major,1,10,32,276.0
HU3 3BG,E63007930,53.736136,-0.360936,272,UN1,Kingston upon Hull,270810.0,Major,2,8,26,92.0
HU3 4BB,E63007930,53.735566,-0.361958,42,UN1,Kingston upon Hull,270810.0,Major,2,9,25,0.0
HU3 4PE,E63007930,53.733598,-0.373269,42,UN1,Kingston upon Hull,270810.0,Major,1,5,19,422.0
HU3 6EN,E63007930,53.743502,-0.377769,1458,UN1,Kingston upon Hull,270810.0,Major,3,3,27,482.0
HU3 6QP,E63007930,53.743926,-0.378511,1458,UN1,Kingston upon Hull,270810.0,Major,3,3,27,456.0
HU3 6SX,E63007930,53.743317,-0.385343,2364,UN1,Kingston upon Hull,270810.0,Major,3,6,23,150.0
HU4 6BH,E63007930,53.749248,-0.395276,4490,UN1,Kingston upon Hull,270810.0,Major,2,4,16,139.0
HU4 6NH,E63007930,53.736383,-0.397131,3511,UN1,Kingston upon Hull,270810.0,Major,0,2,14,510.0
HU4 6PJ,E63007930,53.732285,-0.387206,420,UN1,Kingston upon Hull,270810.0,Major,0,4,15,521.0
HU4 7EH,E63007930,53.730195,-0.415906,520,UN1,Kingston upon Hull,270810.0,Major,0,0,12,1154.0
HU4 7RA,E63007930,53.744409,-0.409184,28210,UN1,Kingston upon Hull,270810.0,Major,0,1,14,1200.0
HU5 1AH,E63007930,53.757967,-0.348876,1179,UN1,Kingston upon Hull,270810.0,Major,2,7,27,181.0
HU5 2ES,E63007930,53.764237,-0.359007,9753,UN1,Kingston upon Hull,270810.0,Major,2,7,17,200.0
HU5 3BG,E63007930,53.762206,-0.359071,5621,UN1,Kingston upon Hull,270810.0,Major,2,9,19,362.0
HU5 3QA,E63007930,53.753364,-0.359931,6904,UN1,Kingston upon Hull,270810.0,Major,0,11,34,500.0
HU5 3TG,E63007930,53.754931,-0.374037,11457,UN1,Kingston upon Hull,270810.0,Major,2,5,26,81.0
HU5 3TR,E63007930,53.756862,-0.373932,11457,UN1,Kingston upon Hull,270810.0,Major,2,5,27,136.0
HU5 4JB,E63007930,53.756679,-0.382327,23179,UN1,Kingston upon Hull,270810.0,Major,0,3,19,545.0
HU5 4QG,E63007930,53.767079,-0.387647,21639,UN1,Kingston upon Hull,270810.0,Major,0,1,12,1281.0
HU5 5BL,E63007930,53.750318,-0.393962,11591,UN1,Kingston upon Hull,270810.0,Major,2,4,16,61.0
HU5 5JW,E63007930,53.752808,-0.407365,12192,UN1,Kingston upon Hull,270810.0,Major,0,5,11,973.0
HU5 5JX,E63007930,53.753618,-0.415616,13171,UN1,Kingston upon Hull,270810.0,Major,0,1,9,1356.0
HU6 7HP,E63007930,53.780990,-0.357519,16491,UN1,Kingston upon Hull,270810.0,Major,0,1,13,1018.0
HU6 7LG,E63007930,53.769115,-0.353567,12641,UN1,Kingston upon Hull,270810.0,Major,1,4,13,490.0
HU6 7XP,E63007930,53.788536,-0.363782,15270,UN1,Kingston upon Hull,270810.0,Major,2,5,10,475.0
HU6 8AQ,E63007930,53.778309,-0.382528,1149,UN1,Kingston upon Hull,270810.0,Major,0,1,9,1122.0
HU6 8QE,E63007930,53.770221,-0.381352,8421,UN1,Kingston upon Hull,270810.0,Major,0,3,17,867.0
HU6 9BS,E63007930,53.786392,-0.370028,382,UN1,Kingston upon Hull,270810.0,Major,4,4,10,0.0
HU6 9BX,E63007930,53.787575,-0.375766,382,UN1,Kingston upon Hull,270810.0,Major,3,4,7,0.0
HU7 3DA,E63007930,53.795457,-0.348012,20657,UN1,Kingston upon Hull,270810.0,Major,0,2,12,799.0
HU7 3JQ,E63007930,53.802041,-0.352901,25878,UN1,Kingston upon Hull,270810.0,Major,1,2,5,0.0
HU7 4BJ,E63007930,53.783548,-0.342893,14660,UN1,Kingston upon Hull,270810.0,Major,0,0,12,1478.0
HU7 4EE,E63007930,53.786382,-0.321728,518,UN1,Kingston upon Hull,270810.0,Major,4,5,8,119.0
HU7 4EF,E63007930,53.786431,-0.322698,518,UN1,Kingston upon Hull,270810.0,Major,4,5,8,141.0
HU7 4NP,E63007930,53.789180,-0.314208,838,UN1,Kingston upon Hull,270810.0,Major,2,5,8,385.0
HU7 4PT,E63007930,53.785779,-0.315301,739,UN1,Kingston upon Hull,270810.0,Major,5,5,7,0.0
HU7 4TG,E63007930,53.780058,-0.301597,14705,UN1,Kingston upon Hull,270810.0,Major,0,0,10,1102.0
HU7 5BJ,E63007930,53.805239,-0.329313,405,UN1,Kingston upon Hull,270810.0,Major,1,1,4,186.0
HU8 0JE,E63007930,53.767670,-0.305314,26473,UN1,Kingston upon Hull,270810.0,Major,0,3,14,901.0
HU8 0TX,E63007930,53.771143,-0.289090,4512,UN1,Kingston upon Hull,270810.0,Major,0,2,12,800.0
HU8 7FB,E63007930,53.752086,-0.322807,938,UN1,Kingston upon Hull,270810.0,Major,0,6,24,962.0
HU8 9RW,E63007930,53.779101,-0.268626,1168,UN1,Kingston upon Hull,270810.0,Major,0,3,4,765.0
HU9 1AT,E63007930,53.747803,-0.327057,938,UN1,Kingston upon Hull,270810.0,Major,0,6,28,627.0
HU9 1TR,E63007930,53.742780,-0.320751,22023,UN1,Kingston upon Hull,270810.0,Major,0,2,21,1074.0
HU9 2BN,E63007930,53.752130,-0.314418,17194,UN1,Kingston upon Hull,270810.0,Major,3,9,22,475.0
HU9 2JX,E63007930,53.755146,-0.310929,995,UN1,Kingston upon Hull,270810.0,Major,6,9,17,128.0
HU9 2LJ,E63007930,53.754966,-0.309010,995,UN1,Kingston upon Hull,270810.0,Major,7,10,16,0.0
HU9 3AP,E63007930,53.757763,-0.295140,8209,UN1,Kingston upon Hull,270810.0,Major,0,9,19,568.0
HU9 3DA,E63007930,53.755919,-0.309609,995,UN1,Kingston upon Hull,270810.0,Major,5,10,16,113.0
HU9 3DL,E63007930,53.757558,-0.307329,8704,UN1,Kingston upon Hull,270810.0,Major,6,9,17,116.0
HU9 3DS,E63007930,53.760167,-0.303022,13655,UN1,Kingston upon Hull,270810.0,Major,2,11,17,472.0
HU9 3JA,E63007930,53.764302,-0.292842,11844,UN1,Kingston upon Hull,270810.0,Major,1,5,20,0.0
HU9 4AL,E63007930,53.771891,-0.267345,2698,UN1,Kingston upon Hull,270810.0,Major,0,2,10,999.0
HU9 5AQ,E63007930,53.757842,-0.272974,358,UN1,Kingston upon Hull,270810.0,Major,1,3,11,157.0
HU9 5HH,E63007930,53.756006,-0.265996,358,UN1,Kingston upon Hull,270810.0,Major,1,3,7,0.0
HX1 1PB,E63007966,53.722526,-1.858951,1974,UN1,Halifax,88115.0,Large,5,10,22,180.0
HX1 1SB,E63007966,53.725758,-1.855834,1974,UN1,Halifax,88115.0,Large,1,8,17,593.0
HX1 2ES,E63007966,53.717279,-1.868591,18647,UN1,Halifax,88115.0,Large,4,14,24,0.0
HX1 2YF,E63007966,53.712767,-1.868347,18647,UN1,Halifax,88115.0,Large,0,9,24,502.0
HX1 3JP,E63007966,53.715261,-1.881476,1414,UN1,Halifax,88115.0,Large,3,11,24,0.0
HX1 3TU,E63007966,53.714907,-1.877113,5329,UN1,Halifax,88115.0,Large,3,9,23,209.0
HX1 4JG,E63007966,53.721078,-1.892901,5049,UN1,Halifax,88115.0,Large,2,6,24,0.0
HX1 4JT,E63007966,53.723122,-1.886213,212,UN1,Halifax,88115.0,Large,4,10,23,495.0
HX1 4NE,E63007966,53.723180,-1.881484,212,UN1,Halifax,88115.0,Large,2,10,24,740.0
HX1 4NJ,E63007966,53.724780,-1.881601,212,UN1,Halifax,88115.0,Large,2,6,24,819.0
HX1 5AX,E63007966,53.722588,-1.865498,1974,UN1,Halifax,88115.0,Large,6,12,22,0.0
HX1 5UA,E63007966,53.725480,-1.871839,1095,UN1,Halifax,88115.0,Large,1,14,24,485.0
HX2 0QL,E63007966,53.730463,-1.894439,4010,UN1,Halifax,88115.0,Large,1,2,15,0.0
HX2 6PD,E63008010,53.726461,-1.943842,12319,RLN1,Luddenden,,,1,1,1,0.0
HX2 8AL,E63007966,53.743259,-1.881170,3504,UN1,Halifax,88115.0,Large,1,1,9,0.0
HX2 8EF,E63007966,53.748547,-1.893878,3337,UN1,Halifax,88115.0,Large,0,3,5,635.0
HX2 8RQ,E63007966,53.752907,-1.906394,2112,UN1,Halifax,88115.0,Large,0,3,5,834.0
HX2 9LL,E63007966,53.754254,-1.893909,8827,UN1,Halifax,88115.0,Large,1,3,5,0.0
HX3 6EL,E63007966,53.730220,-1.866944,5457,UN1,Halifax,88115.0,Large,1,5,26,0.0
HX3 7JE,E63007965,53.741347,-1.831189,29948,UN1,Shelf and Northowram,9195.0,Small,0,0,0,2256.0
HX3 7QY,E63007965,53.756477,-1.809106,19002,UN1,Shelf and Northowram,9195.0,Small,0,0,5,1449.0
HX3 8AF,E63008058,53.725953,-1.808850,18262,UN1,Brighouse,33160.0,Medium,2,2,2,0.0
HX3 8ND,E63008058,53.725760,-1.811382,18262,UN1,Brighouse,33160.0,Medium,2,2,2,168.0
HX3 9DG,E63007966,53.705823,-1.848827,12751,UN1,Halifax,88115.0,Large,0,1,9,582.0
HX3 9QB,E63007966,53.712308,-1.831699,15794,UN1,Halifax,88115.0,Large,0,0,2,1891.0
HX4 8BD,E63008069,53.685862,-1.857377,11216,UN1,Elland,15785.0,Small,2,2,8,0.0
HX4 9EH,E63008091,53.672887,-1.876856,10575,RLN1,Holywell Green and Stainland,2800.0,Minor,0,0,2,1931.0
HX5 0DQ,E63008069,53.684919,-1.837076,4089,UN1,Elland,15785.0,Small,4,5,7,203.0
HX5 0JH,E63008069,53.683284,-1.837219,3768,UN1,Elland,15785.0,Small,4,5,7,367.0
HX5 9BA,E63008069,53.686346,-1.835148,4089,UN1,Elland,15785.0,Small,4,4,7,0.0
HX5 9DW,E63008069,53.686366,-1.836389,4089,UN1,Elland,15785.0,Small,4,4,7,82.0
HX6 2EA,E63007966,53.708510,-1.911188,5666,UN1,Halifax,88115.0,Large,3,3,5,156.0
HX6 3AA,E63008036,53.707171,-1.911372,5666,UN1,Sowerby Bridge,4485.0,Minor,3,3,5,39.0
HX6 3AH,E63008036,53.707289,-1.912539,5666,UN1,Sowerby Bridge,4485.0,Minor,3,3,3,117.0
HX6 4BN,E63008092,53.675586,-1.939473,19816,RLN1,Ripponden,4775.0,Minor,1,1,1,0.0
HX7 5LL,E63007998,53.730787,-1.981714,20190,RLN1,Mytholmroyd,3855.0,Minor,0,0,0,2431.0
HX7 7BB,E63007972,53.743020,-2.012139,14403,RLN1,Hebden Bridge,5225.0,Small,3,3,3,83.0
HX7 7BZ,E63007972,53.743686,-2.011563,14403,RLN1,Hebden Bridge,5225.0,Small,3,3,3,0.0
HX7 8EL,E63007972,53.741402,-2.012988,12584,RLN1,Hebden Bridge,5225.0,Small,3,3,3,271.0
IG1 1DE,E63011927,51.558829,0.071222,7418,UN1,Redbridge,,,8,15,32,123.0
IG1 1HW,E63011927,51.556537,0.075763,7418,UN1,Redbridge,,,4,14,38,125.0
IG1 1PR,E63011927,51.552594,0.080041,13604,UN1,Redbridge,,,1,9,44,451.0
IG1 1TY,E63011927,51.561605,0.082083,18605,UN1,Redbridge,,,2,12,36,454.0
IG1 1XG,E63011927,51.559119,0.084292,7795,UN1,Redbridge,,,1,13,35,724.0
IG1 2RJ,E63011927,51.555345,0.071987,7418,UN1,Redbridge,,,4,16,40,254.0
IG1 2SN,E63011927,51.546446,0.076862,12747,UN1,Redbridge,,,3,11,52,0.0
IG1 3AL,E63011927,51.562503,0.063309,10363,UN1,Redbridge,,,2,12,28,412.0
IG1 3RD,E63011927,51.572940,0.064518,15629,UN1,Redbridge,,,3,4,30,435.0
IG1 4NF,E63011927,51.560035,0.070166,6193,UN1,Redbridge,,,7,14,34,245.0
IG1 4PU,E63011927,51.561592,0.068592,6193,UN1,Redbridge,,,7,14,33,240.0
IG10 1EZ,E63011787,51.648313,0.055538,25280,UN1,Loughton,33345.0,Medium,5,5,9,74.0
IG10 1HW,E63011787,51.648863,0.054941,25280,UN1,Loughton,33345.0,Medium,5,5,8,0.0
IG10 1RB,E63011787,51.649588,0.056680,25280,UN1,Loughton,33345.0,Medium,4,5,9,145.0
IG10 2NN,E63011787,51.656331,0.076706,12522,UN1,Loughton,33345.0,Medium,1,1,8,198.0
IG10 3EJ,E63011787,51.639248,0.061169,25673,UN1,Loughton,33345.0,Medium,0,1,12,1068.0
IG10 3ST,E63011787,51.647508,0.083848,10408,UN1,Loughton,33345.0,Medium,1,1,7,1003.0
IG10 3UD,E63011787,51.646273,0.088576,10408,UN1,Loughton,33345.0,Medium,1,1,4,1319.0
IG10 4LF,E63011787,51.645063,0.053180,30176,UN1,Loughton,33345.0,Medium,3,6,8,440.0
IG11 0FJ,E63011973,51.520668,0.108843,6348,UN1,Barking and Dagenham,,,1,4,10,878.0
IG11 0JU,E63011973,51.519395,0.099112,6348,UN1,Barking and Dagenham,,,0,2,15,1006.0
IG11 0LG,E63011973,51.527942,0.103888,2669,UN1,Barking and Dagenham,,,1,4,20,0.0
IG11 0TH,E63011973,51.520819,0.107928,6348,UN1,Barking and Dagenham,,,1,4,11,840.0
IG11 7BS,E63011973,51.536381,0.070823,5880,UN1,Barking and Dagenham,,,1,12,49,457.0
IG11 7NP,E63011973,51.537272,0.080972,6900,UN1,Barking and Dagenham,,,8,15,33,241.0
IG11 7PR,E63011973,51.533994,0.085293,5994,UN1,Barking and Dagenham,,,3,13,32,200.0
IG11 8DN,E63011973,51.538202,0.080250,6900,UN1,Barking and Dagenham,,,9,15,35,132.0
IG11 8EB,E63011973,51.539069,0.080564,7256,UN1,Barking and Dagenham,,,9,15,33,125.0
IG11 8ED,E63011973,51.538530,0.080020,6900,UN1,Barking and Dagenham,,,9,15,33,98.0
IG11 8EQ,E63011973,51.537535,0.079311,6900,UN1,Barking and Dagenham,,,8,13,36,162.0
IG11 8UN,E63011973,51.545311,0.093151,13531,UN1,Barking and Dagenham,,,2,6,38,347.0
IG11 8UW,E63011973,51.545854,0.094460,13531,UN1,Barking and Dagenham,,,2,5,41,355.0
IG11 9LX,E63011973,51.538565,0.098754,15370,UN1,Barking and Dagenham,,,4,10,33,0.0
IG11 9PN,E63011973,51.535768,0.094256,6028,UN1,Barking and Dagenham,,,4,9,32,38.0
IG2 6BN,E63011927,51.576822,0.083023,14895,UN1,Redbridge,,,4,11,34,168.0
IG2 6JX,E63011927,51.577215,0.066386,19591,UN1,Redbridge,,,3,8,27,141.0
IG2 6NE,E63011927,51.576767,0.065254,21747,UN1,Redbridge,,,3,8,27,57.0
IG2 7LT,E63011927,51.577094,0.086398,14895,UN1,Redbridge,,,5,9,33,71.0
IG2 7SH,E63011927,51.580818,0.087363,14102,UN1,Redbridge,,,4,9,24,427.0
IG3 8BS,E63011927,51.563599,0.097323,15160,UN1,Redbridge,,,5,9,37,36.0
IG3 8JB,E63011927,51.572180,0.095236,21046,UN1,Redbridge,,,0,9,30,706.0
IG3 8RA,E63011927,51.564485,0.098057,12449,UN1,Redbridge,,,5,10,34,141.0
IG3 8TG,E63011927,51.566799,0.109981,10920,UN1,Redbridge,,,4,8,31,92.0
IG3 9JX,E63011927,51.560709,0.098561,18836,UN1,Redbridge,,,4,6,35,143.0
IG3 9RT,E63011927,51.563351,0.118652,9264,UN1,Redbridge,,,4,9,38,352.0
IG3 9UB,E63011927,51.563489,0.110477,11868,UN1,Redbridge,,,4,11,32,214.0
IG4 5BQ,E63011927,51.577017,0.045854,19264,UN1,Redbridge,,,0,1,16,1284.0
IG4 5ET,E63011927,51.581242,0.057259,21747,UN1,Redbridge,,,0,4,19,696.0
IG5 0EW,E63011927,51.587206,0.069957,25780,UN1,Redbridge,,,0,6,27,660.0
IG5 0LQ,E63011927,51.590112,0.049864,24850,UN1,Redbridge,,,2,3,22,169.0
IG6 1HJ,E63011927,51.581508,0.074346,19591,UN1,Redbridge,,,4,13,27,79.0
IG6 1HY,E63011927,51.583950,0.077590,16400,UN1,Redbridge,,,4,10,25,430.0
IG6 1JN,E63011927,51.583140,0.074579,17738,UN1,Redbridge,,,4,11,26,244.0
IG6 2AH,E63011927,51.591386,0.082766,19660,UN1,Redbridge,,,4,8,25,367.0
IG6 2AJ,E63011927,51.592777,0.083941,19660,UN1,Redbridge,,,4,6,24,205.0
IG6 2EA,E63011927,51.592681,0.084760,17540,UN1,Redbridge,,,4,6,24,226.0
IG6 2JR,E63011927,51.594292,0.084703,16080,UN1,Redbridge,,,4,8,24,72.0
IG6 2LD,E63011927,51.602318,0.083916,15466,UN1,Redbridge,,,4,8,15,154.0
IG6 2TA,E63011927,51.605511,0.083903,17235,UN1,Redbridge,,,3,6,16,0.0
IG6 3BS,E63011927,51.604398,0.095896,20047,UN1,Redbridge,,,1,8,14,0.0
IG7 4DN,E63011927,51.608424,0.105600,7685,UN1,Redbridge,,,1,3,8,135.0
IG7 6PF,E63011857,51.619453,0.075108,18771,UN1,Chigwell,12250.0,Small,0,0,5,1665.0
IG8 0DY,E63011927,51.607113,0.032519,30568,UN1,Redbridge,,,3,6,20,170.0
IG8 0HL,E63011927,51.607947,0.033177,30568,UN1,Redbridge,,,3,6,19,69.0
IG8 0XE,E63011927,51.610131,0.021821,21971,UN1,Redbridge,,,1,5,22,222.0
IG8 7BN,E63011927,51.601576,0.039131,4343,UN1,Redbridge,,,0,4,21,873.0
IG8 7QF,E63011927,51.607532,0.035339,24380,UN1,Redbridge,,,3,5,20,178.0
IG8 8AL,E63011927,51.606687,0.055448,9053,UN1,Redbridge,,,0,0,16,1456.0
IG8 8GE,E63011927,51.592070,0.040192,25226,UN1,Redbridge,,,1,4,22,326.0
IG9 5BY,E63011833,51.625113,0.044636,29416,UN1,Buckhurst Hill,11750.0,Small,2,6,8,170.0
IG9 6LL,E63011833,51.617134,0.042746,26097,UN1,Buckhurst Hill,11750.0,Small,2,3,14,0.0
IP1 2EU,E63010852,52.059037,1.144290,4516,UN1,Ipswich,151565.0,Large,7,14,24,0.0
IP1 2LW,E63010852,52.062867,1.137920,3812,UN1,Ipswich,151565.0,Large,1,11,23,609.0
IP1 3AA,E63010852,52.057951,1.153960,5982,UN1,Ipswich,151565.0,Large,5,15,25,231.0
IP1 3ED,E63010852,52.058932,1.150250,5982,UN1,Ipswich,151565.0,Large,8,15,26,160.0
IP1 3EP,E63010852,52.060136,1.147271,5703,UN1,Ipswich,151565.0,Large,8,12,24,70.0
IP1 3EU,E63010852,52.059717,1.148803,5703,UN1,Ipswich,151565.0,Large,9,14,25,71.0
IP1 4BP,E63010852,52.067119,1.137328,11902,UN1,Ipswich,151565.0,Large,1,6,20,685.0
IP1 5AS,E63010852,52.065542,1.118830,17913,UN1,Ipswich,151565.0,Large,0,0,11,1095.0
IP1 5DX,E63010852,52.072013,1.132884,26628,UN1,Ipswich,151565.0,Large,2,3,17,127.0
IP1 5PD,E63010852,52.084600,1.115108,3563,UN1,Ipswich,151565.0,Large,0,0,4,1781.0
IP1 6DW,E63010852,52.076245,1.132042,16188,UN1,Ipswich,151565.0,Large,2,2,9,486.0
IP1 6PT,E63010852,52.082837,1.145862,26886,UN1,Ipswich,151565.0,Large,0,0,4,1581.0
IP11 2XD,E63011061,51.965374,1.327069,3303,UN1,Felixstowe,24220.0,Medium,1,1,9,0.0
IP11 7AD,E63011061,51.964032,1.352174,15763,UN1,Felixstowe,24220.0,Medium,4,6,9,262.0
IP11 7BL,E63011061,51.964620,1.351737,15763,UN1,Felixstowe,24220.0,Medium,4,6,9,305.0
IP11 7DD,E63011061,51.961504,1.349656,15763,UN1,Felixstowe,24220.0,Medium,3,4,9,0.0
IP11 9DU,E63011061,51.972041,1.339068,9199,UN1,Felixstowe,24220.0,Medium,0,2,9,780.0
IP11 9GA,E63011061,51.971789,1.350452,27086,UN1,Felixstowe,24220.0,Medium,1,5,9,0.0
IP12 1AA,E63010725,52.092956,1.317329,23153,UN1,Woodbridge,10145.0,Small,3,5,5,186.0
IP12 1AL,E63010725,52.093699,1.320013,23153,UN1,Woodbridge,10145.0,Small,3,5,5,57.0
IP12 2GA,E63010657,52.128510,1.415900,28741,RLN1,Rendlesham,3190.0,Minor,0,0,0,4408.0
IP12 4FD,E63010725,52.090208,1.308204,30784,UN1,Woodbridge,10145.0,Small,1,4,5,0.0
IP13 0QU,E63010596,52.153949,1.363277,19502,RLN1,Wickham Market,2230.0,Minor,1,1,1,234.0
IP13 9AY,E63010447,52.221805,1.344228,30346,RLF1,Framlingham,3830.0,Minor,0,1,1,906.0
IP14 1AH,E63010551,52.187116,0.996978,18095,UN1,Stowmarket,21535.0,Medium,1,5,7,765.0
IP14 1DE,E63010551,52.187540,0.994110,18095,UN1,Stowmarket,21535.0,Medium,1,5,7,820.0
IP14 1NL,E63010551,52.194685,0.990419,16515,UN1,Stowmarket,21535.0,Medium,1,3,6,0.0
IP14 2DA,E63010551,52.179614,0.996342,15921,UN1,Stowmarket,21535.0,Medium,1,3,6,75.0
IP14 5BE,E63010551,52.183895,1.018181,30221,UN1,Stowmarket,21535.0,Medium,0,0,4,1563.0
IP14 6RB,E63010448,52.225229,1.180790,23168,RLN1,Debenham,2295.0,Minor,1,1,1,362.0
IP15 5AR,E63010569,52.152117,1.600958,18299,RLF1,Aldeburgh,2425.0,Minor,1,1,1,368.0
IP16 4BZ,E63010477,52.205075,1.577762,15340,RLF1,Leiston,5920.0,Small,1,1,1,319.0
IP17 1DF,E63010449,52.214187,1.491926,18133,RLF1,Saxmundham,4780.0,Minor,1,1,1,453.0
IP18 6EQ,E63010169,52.325543,1.679613,16043,RLF1,Southwold,950.0,Minor,0,0,2,1498.0
IP18 6GY,E63010149,52.336367,1.666489,29793,RLF1,Reydon,2370.0,Minor,1,1,2,0.0
IP19 8AY,E63010137,52.343205,1.501386,11652,RLF1,Halesworth,4925.0,Minor,0,2,2,663.0
IP19 8SG,E63010137,52.347634,1.507920,21004,RLF1,Halesworth,4925.0,Minor,1,2,2,0.0
IP2 0BX,E63010852,52.058924,1.131982,9445,UN1,Ipswich,151565.0,Large,1,7,22,121.0
IP2 0QG,E63010852,52.045816,1.122999,5348,UN1,Ipswich,151565.0,Large,2,4,9,95.0
IP2 0QQ,E63010852,52.046409,1.121990,5348,UN1,Ipswich,151565.0,Large,2,4,9,0.0
IP2 8JS,E63010852,52.044620,1.155369,5253,UN1,Ipswich,151565.0,Large,0,2,23,607.0
IP2 9LF,E63010852,52.038775,1.118191,15179,UN1,Ipswich,151565.0,Large,1,4,6,888.0
IP2 9RR,E63010852,52.038833,1.117014,24900,UN1,Ipswich,151565.0,Large,1,4,6,909.0
IP2 9TH,E63010852,52.037874,1.136518,21367,UN1,Ipswich,151565.0,Large,0,0,7,1374.0
IP20 9AH,E63010072,52.402218,1.299207,17567,RLF1,Harleston,5075.0,Small,1,1,1,109.0
IP22 1AP,E63010132,52.364362,1.109949,18075,UF1,Palgrave,975.0,Minor,0,0,4,1419.0
IP22 4AB,E63010112,52.376475,1.108655,13154,UF1,Diss,9600.0,Small,3,3,4,80.0
IP22 4QQ,E63010112,52.379245,1.110686,12006,UF1,Diss,9600.0,Small,3,3,4,113.0
IP23 7AF,E63010220,52.320690,1.146218,18465,RLF1,Eye (Mid Suffolk),2210.0,Minor,2,2,2,482.0
IP24 1JD,E63010071,52.420643,0.749795,14274,UF1,Thetford,25510.0,Medium,0,8,8,588.0
IP24 2AG,E63010071,52.412463,0.749272,11977,UF1,Thetford,25510.0,Medium,7,8,9,0.0
IP24 2AN,E63010071,52.413719,0.749026,11977,UF1,Thetford,25510.0,Medium,7,8,9,141.0
IP24 2AP,E63010071,52.414124,0.748993,11977,UF1,Thetford,25510.0,Medium,7,8,9,186.0
IP24 2BQ,E63010071,52.413267,0.748336,11977,UF1,Thetford,25510.0,Medium,7,8,9,110.0
IP24 2HY,E63010071,52.415459,0.751502,11977,UF1,Thetford,25510.0,Medium,7,8,8,0.0
IP24 2RL,,52.423166,0.780328,18536,RSF1,,,,0,0,0,2134.0
IP24 3QL,E63010071,52.405316,0.723949,5362,UF1,Thetford,25510.0,Medium,0,0,6,1885.0
IP25 6FA,E63009797,52.570498,0.826891,6399,UF1,Watton,11545.0,Small,2,2,2,0.0
IP25 6XE,E63009797,52.571174,0.824588,6399,UF1,Watton,11545.0,Small,2,2,2,173.0
IP27 0AQ,E63010028,52.448508,0.623324,10331,RLF1,Brandon (West Suffolk),9225.0,Small,3,3,3,0.0
IP27 0BU,E63010028,52.445945,0.624128,10331,RLF1,Brandon (West Suffolk),9225.0,Small,3,3,3,0.0
IP27 9JS,E63010077,52.417559,0.518537,16496,RLF1,Lakenheath,4570.0,Minor,0,1,1,707.0
IP28 7EF,E63010162,52.343299,0.510586,22754,UF1,Mildenhall (West Suffolk),9685.0,Small,2,2,2,38.0
IP28 7EH,E63010162,52.344005,0.509921,22754,UF1,Mildenhall (West Suffolk),9685.0,Small,2,2,2,56.0
IP28 8XQ,E63010308,52.305141,0.496266,24236,RLN1,Red Lodge,5775.0,Small,0,1,1,579.0
IP29 5DX,E63010442,52.237765,0.585422,24312,RLF1,Barrow (West Suffolk),1960.0,Minor,0,0,0,7828.0
IP3 0AQ,E63010852,52.050683,1.165045,16693,UN1,Ipswich,151565.0,Large,0,8,28,649.0
IP3 0JL,E63010852,52.035587,1.179888,2999,UN1,Ipswich,151565.0,Large,0,4,14,861.0
IP3 8EB,E63010852,52.048286,1.180586,14122,UN1,Ipswich,151565.0,Large,2,3,25,116.0
IP3 8JU,E63010852,52.053719,1.173546,9971,UN1,Ipswich,151565.0,Large,0,9,28,741.0
IP3 8NQ,E63010852,52.049525,1.206173,30745,UN1,Ipswich,151565.0,Large,0,3,15,691.0
IP3 8TQ,E63010852,52.036652,1.208576,27258,UN1,Ipswich,151565.0,Large,1,3,11,398.0
IP3 9EX,E63010852,52.041037,1.189857,7149,UN1,Ipswich,151565.0,Large,1,4,18,525.0
IP3 9NA,E63010852,52.039080,1.186743,19456,UN1,Ipswich,151565.0,Large,2,4,18,475.0
IP3 9QJ,E63010852,52.030381,1.199407,14957,UN1,Ipswich,151565.0,Large,2,5,8,0.0
IP30 9HD,E63010436,52.238585,0.914473,31902,RLN1,Elmswell,4445.0,Minor,0,0,0,2233.0
IP30 9QU,E63010470,52.223544,0.892752,26815,RLN1,Woolpit,1840.0,Minor,1,1,1,0.0
IP31 2HD,E63010303,52.303284,0.831316,23578,RLF1,Ixworth,2295.0,Minor,1,1,1,0.0
IP31 3QU,E63010409,52.250575,0.810227,27746,RLF1,Thurston,3010.0,Minor,0,0,0,4640.0
IP32 6SP,E63010423,52.258822,0.695325,6558,UF1,Bury St Edmunds,41280.0,Medium,0,1,11,1528.0
IP32 7EJ,E63010423,52.239241,0.737658,32262,UF1,Bury St Edmunds,41280.0,Medium,0,2,14,746.0
IP32 7EW,E63010423,52.245213,0.742641,29836,UF1,Bury St Edmunds,41280.0,Medium,1,2,9,0.0
IP32 7JS,E63010423,52.254146,0.715321,21045,UF1,Bury St Edmunds,41280.0,Medium,0,8,16,612.0
IP33 1AE,E63010423,52.248776,0.717308,18760,UF1,Bury St Edmunds,41280.0,Medium,5,14,20,0.0
IP33 1BJ,E63010423,52.245324,0.712571,18085,UF1,Bury St Edmunds,41280.0,Medium,8,14,18,86.0
IP33 1BX,E63010423,52.245627,0.711520,18085,UF1,Bury St Edmunds,41280.0,Medium,8,14,18,63.0
IP33 1DX,E63010423,52.246315,0.712895,18085,UF1,Bury St Edmunds,41280.0,Medium,9,14,18,173.0
IP33 1ET,E63010423,52.245411,0.715052,18085,UF1,Bury St Edmunds,41280.0,Medium,10,14,19,0.0
IP33 3BB,E63010423,52.246159,0.704036,13637,UF1,Bury St Edmunds,41280.0,Medium,1,12,17,0.0
IP33 3SP,E63010423,52.251841,0.690726,30630,UF1,Bury St Edmunds,41280.0,Medium,0,1,15,1105.0
IP4 1HT,E63010852,52.056969,1.158384,1620,UN1,Ipswich,151565.0,Large,4,14,28,277.0
IP4 2PH,E63010852,52.059043,1.165899,12395,UN1,Ipswich,151565.0,Large,3,8,26,305.0
IP4 2PU,E63010852,52.057271,1.161864,1620,UN1,Ipswich,151565.0,Large,4,11,26,37.0
IP4 4EL,E63010852,52.061671,1.180487,16503,UN1,Ipswich,151565.0,Large,2,2,18,149.0
IP4 5NQ,E63010852,52.059213,1.183274,16503,UN1,Ipswich,151565.0,Large,2,5,18,454.0
IP4 5PB,E63010852,52.060266,1.195518,22546,UN1,Ipswich,151565.0,Large,2,5,12,0.0
IP5 1JS,E63010830,52.058079,1.229868,20457,UN1,Kesgrave,14950.0,Small,0,2,3,623.0
IP5 2FU,E63010830,52.062609,1.237156,20457,UN1,Kesgrave,14950.0,Small,1,2,2,89.0
IP5 3RU,E63010832,52.066628,1.278176,26580,UN1,Martlesham Heath,2730.0,Minor,0,2,2,721.0
IP5 3SL,E63010832,52.061329,1.272097,26871,UN1,Martlesham Heath,2730.0,Minor,1,2,2,0.0
IP6 0HS,E63010713,52.106978,1.108241,24347,RLN1,Claydon,3140.0,Minor,0,0,0,4198.0
IP6 8EZ,E63010629,52.146210,1.053522,28165,RLN1,Needham Market,5050.0,Small,1,1,1,0.0
IP7 5AF,E63010892,52.042789,0.954477,12824,RLN1,Hadleigh,8640.0,Small,2,2,2,112.0
IP7 5DN,E63010892,52.043018,0.952888,12824,RLN1,Hadleigh,8640.0,Small,2,2,2,0.0
IP8 3TS,E63010852,52.039865,1.098024,30005,UN1,Ipswich,151565.0,Large,0,0,5,1793.0
IP8 4DU,E63010797,52.075788,1.097299,19193,UN1,Bramford,2335.0,Minor,0,0,2,2346.0
IP9 2EE,E63010971,52.003326,1.051009,30978,RLN1,Capel St Mary,2990.0,Minor,0,0,0,3353.0
KT1 1RP,E63012249,51.409491,-0.305277,19427,UN1,Kingston upon Thames,,,1,8,17,533.0
KT1 1TR,E63012249,51.411381,-0.304747,19427,UN1,Kingston upon Thames,,,2,7,16,321.0
KT1 2HG,E63012249,51.401504,-0.303918,21096,UN1,Kingston upon Thames,,,0,1,20,1199.0
KT1 3DG,E63012249,51.408156,-0.293233,20357,UN1,Kingston upon Thames,,,0,8,20,679.0
KT1 3NS,E63012249,51.408498,-0.285226,20020,UN1,Kingston upon Thames,,,1,7,17,457.0
KT1 3RU,E63012249,51.408282,-0.274219,29368,UN1,Kingston upon Thames,,,0,5,18,760.0
KT10 0PD,E63012380,51.361062,-0.347267,32347,UN1,West Molesey,47150.0,Medium,1,2,8,536.0
KT10 0QX,E63012380,51.361860,-0.346463,32347,UN1,West Molesey,47150.0,Medium,2,2,8,491.0
KT10 0SH,E63012380,51.374707,-0.337926,30954,UN1,West Molesey,47150.0,Medium,2,2,11,101.0
KT10 0SJ,E63012380,51.374431,-0.338108,30954,UN1,West Molesey,47150.0,Medium,2,2,11,103.0
KT10 9QS,E63012351,51.369314,-0.366222,31896,UN1,Esher,9485.0,Small,2,4,7,95.0
KT10 9RL,E63012351,51.370434,-0.363409,32267,UN1,Esher,9485.0,Small,2,4,10,211.0
KT11 1HT,E63012470,51.334520,-0.408530,20413,UN1,Cobham (Elmbridge),17505.0,Small,2,5,5,0.0
KT11 1HW,E63012470,51.336360,-0.421631,10607,UN1,Cobham (Elmbridge),17505.0,Small,0,3,5,933.0
KT11 3DY,E63012470,51.328592,-0.411060,24591,UN1,Cobham (Elmbridge),17505.0,Small,1,4,5,682.0
KT11 3EB,E63012470,51.327895,-0.410697,24591,UN1,Cobham (Elmbridge),17505.0,Small,1,4,5,752.0
KT12 1AD,E63012324,51.384927,-0.422133,28622,UN1,Walton-on-Thames,27020.0,Medium,2,4,9,887.0
KT12 1DG,E63012324,51.385573,-0.418719,23561,UN1,Walton-on-Thames,27020.0,Medium,2,4,9,701.0
KT12 1GH,E63012324,51.385115,-0.420086,23561,UN1,Walton-on-Thames,27020.0,Medium,2,4,9,762.0
KT12 1RJ,E63012324,51.376124,-0.408914,30088,UN1,Walton-on-Thames,27020.0,Medium,1,4,11,475.0
KT12 2SA,E63012324,51.391238,-0.412027,17428,UN1,Walton-on-Thames,27020.0,Medium,0,4,9,999.0
KT12 3LJ,E63012324,51.383088,-0.401257,10336,UN1,Walton-on-Thames,27020.0,Medium,2,4,9,408.0
KT12 4HL,E63012365,51.365217,-0.399078,29269,UN1,Hersham,12625.0,Small,2,2,7,139.0
KT12 4HW,E63012365,51.365088,-0.399471,29269,UN1,Hersham,12625.0,Small,2,2,6,115.0
KT13 0XF,E63012397,51.344643,-0.475337,22704,UN1,Byfleet,14190.0,Small,0,1,2,2260.0
KT13 8AX,E63012349,51.372721,-0.457739,31206,UN1,Weybridge,15915.0,Small,2,3,4,163.0
KT13 8DX,E63012349,51.372550,-0.459742,31911,UN1,Weybridge,15915.0,Small,2,2,5,100.0
KT13 9HL,E63012349,51.373820,-0.438851,29789,UN1,Weybridge,15915.0,Small,0,1,7,1454.0
KT13 9UQ,E63012349,51.368194,-0.445837,31612,UN1,Weybridge,15915.0,Small,0,2,4,1131.0
KT14 6DH,E63012440,51.338062,-0.506120,26531,UN1,"West Byfleet, Sheerwater and New Haw",,,2,2,6,0.0
KT14 6NG,E63012440,51.338073,-0.504928,26531,UN1,"West Byfleet, Sheerwater and New Haw",,,2,2,6,83.0
KT14 7QX,E63012397,51.338794,-0.473649,30941,UN1,Byfleet,14190.0,Small,0,1,1,2257.0
KT15 2AD,E63012353,51.371362,-0.488645,27642,UN1,Addlestone,13745.0,Small,3,3,5,146.0
KT15 2AR,E63012353,51.371637,-0.489067,19573,UN1,Addlestone,13745.0,Small,3,3,5,117.0
KT15 2AS,E63012353,51.372288,-0.487279,19573,UN1,Addlestone,13745.0,Small,3,3,7,255.0
KT15 3NT,E63012440,51.348355,-0.501621,30299,UN1,"West Byfleet, Sheerwater and New Haw",,,0,0,4,1186.0
KT16 0HL,E63012440,51.364453,-0.530802,31502,UN1,"West Byfleet, Sheerwater and New Haw",,,1,1,2,436.0
KT16 8NF,E63012318,51.388574,-0.495020,27053,UN1,Chertsey,14560.0,Small,1,3,7,123.0
KT16 9AD,E63012318,51.390979,-0.504456,18649,UN1,Chertsey,14560.0,Small,1,3,3,260.0
KT17 1EQ,E63012452,51.340439,-0.258216,22670,UN1,Epsom,35850.0,Medium,0,3,13,695.0
KT17 1NP,E63012408,51.347099,-0.250741,30376,UN1,Ewell,27515.0,Medium,2,4,10,380.0
KT17 1SL,E63012408,51.349938,-0.250016,30376,UN1,Ewell,27515.0,Medium,2,3,8,165.0
KT17 2HS,E63012350,51.362351,-0.245377,30804,UN1,Worcester Park and Stoneleigh,15850.0,Small,0,1,15,962.0
KT18 5DB,E63012452,51.332157,-0.268550,17811,UN1,Epsom,35850.0,Medium,4,6,8,99.0
KT18 5QG,E63012534,51.309515,-0.240993,30230,UN1,Tadworth and Epsom Downs,27095.0,Medium,2,3,7,206.0
KT18 5QJ,E63012534,51.309977,-0.240588,30230,UN1,Tadworth and Epsom Downs,27095.0,Medium,2,2,6,147.0
KT19 0JA,E63012408,51.367916,-0.265881,24289,UN1,Ewell,27515.0,Medium,0,1,10,734.0
KT19 8EF,E63012452,51.332808,-0.268784,17811,UN1,Epsom,35850.0,Medium,4,6,9,167.0
KT19 8HJ,E63012452,51.346128,-0.284250,10887,UN1,Epsom,35850.0,Medium,0,0,9,1304.0
KT19 9UR,E63012408,51.349981,-0.260713,27908,UN1,Ewell,27515.0,Medium,1,4,12,587.0
KT19 9XA,E63012408,51.352236,-0.266056,30528,UN1,Ewell,27515.0,Medium,1,2,9,979.0
KT2 5BP,E63012249,51.416615,-0.301691,25602,UN1,Kingston upon Thames,,,2,8,17,331.0
KT2 5QG,E63012249,51.426965,-0.299221,30778,UN1,Kingston upon Thames,,,0,2,17,601.0
KT2 5QU,E63012191,51.430770,-0.307366,23338,UN1,Richmond upon Thames,,,0,2,13,1038.0
KT2 6JZ,E63012249,51.412993,-0.296850,30452,UN1,Kingston upon Thames,,,1,10,17,151.0
KT2 6PF,E63012249,51.413427,-0.288406,26771,UN1,Kingston upon Thames,,,2,8,19,15.0
KT20 5NZ,E63012534,51.308751,-0.222528,27411,UN1,Tadworth and Epsom Downs,27095.0,Medium,0,0,7,1217.0
KT20 5PU,E63012534,51.296938,-0.237630,31635,UN1,Tadworth and Epsom Downs,27095.0,Medium,1,4,9,456.0
KT20 5SR,E63012534,51.291262,-0.235108,31771,UN1,Tadworth and Epsom Downs,27095.0,Medium,0,3,5,628.0
KT20 7RT,E63012534,51.283362,-0.243842,29455,UN1,Tadworth and Epsom Downs,27095.0,Medium,0,0,5,1680.0
KT21 1AW,E63012530,51.309823,-0.298331,30426,UN1,Ashtead,14830.0,Small,1,3,4,377.0
KT21 1QL,E63012530,51.316468,-0.304428,30577,UN1,Ashtead,14830.0,Small,1,4,4,165.0
KT21 2DB,E63012530,51.313450,-0.310308,31989,UN1,Ashtead,14830.0,Small,0,4,6,572.0
KT22 0JN,E63012470,51.331581,-0.356582,32258,UN1,Cobham (Elmbridge),17505.0,Small,2,2,2,360.0
KT22 0JP,E63012470,51.332045,-0.356953,32258,UN1,Cobham (Elmbridge),17505.0,Small,2,2,2,303.0
KT22 7SR,E63012568,51.302204,-0.330030,17115,UN1,Leatherhead,11485.0,Small,0,3,8,643.0
KT22 8AH,E63012568,51.295718,-0.327928,17115,UN1,Leatherhead,11485.0,Small,0,3,7,538.0
KT22 9HX,E63012602,51.294719,-0.353294,32796,UN1,Great Bookham and Fetcham,21655.0,Medium,2,2,6,417.0
KT22 9LG,E63012602,51.295477,-0.349638,26803,UN1,Great Bookham and Fetcham,21655.0,Medium,2,2,6,187.0
KT23 4AA,E63012602,51.278778,-0.373436,24558,UN1,Great Bookham and Fetcham,21655.0,Medium,2,3,3,238.0
KT23 4LP,E63012602,51.276860,-0.373274,24558,UN1,Great Bookham and Fetcham,21655.0,Medium,2,3,3,290.0
KT24 6QN,E63012640,51.277303,-0.435484,31349,UN1,East Horsley,5840.0,Small,1,1,1,113.0
KT3 3ST,E63012249,51.402011,-0.270990,21448,UN1,Kingston upon Thames,,,0,1,17,1057.0
KT3 3TX,E63012249,51.410047,-0.262218,27855,UN1,Kingston upon Thames,,,1,3,16,0.0
KT3 4ET,E63012249,51.401145,-0.255640,23273,UN1,Kingston upon Thames,,,5,5,18,245.0
KT3 4EU,E63012249,51.400702,-0.255470,23273,UN1,Kingston upon Thames,,,5,5,18,295.0
KT3 4PJ,E63012245,51.402364,-0.240310,27014,UN1,Merton,,,0,4,20,699.0
KT3 5PD,E63012249,51.385445,-0.262948,22021,UN1,Kingston upon Thames,,,0,2,18,880.0
KT3 6DD,E63012249,51.398241,-0.255060,16828,UN1,Kingston upon Thames,,,4,5,17,80.0
KT3 6JF,E63012245,51.394887,-0.238211,25091,UN1,Merton,,,1,2,21,441.0
KT4 7NW,E63012249,51.385385,-0.252272,27790,UN1,Kingston upon Thames,,,0,4,13,579.0
KT4 8DY,E63012369,51.378579,-0.242127,26686,UN1,Sutton (Sutton),,,2,3,12,498.0
KT4 8HH,E63012369,51.379472,-0.242941,25116,UN1,Sutton (Sutton),,,2,4,13,404.0
KT5 9AG,E63012249,51.390010,-0.282884,30459,UN1,Kingston upon Thames,,,0,4,15,794.0
KT6 4JZ,E63012249,51.392519,-0.306334,15568,UN1,Kingston upon Thames,,,3,5,15,191.0
KT6 6AH,E63012249,51.390685,-0.297692,7999,UN1,Kingston upon Thames,,,3,6,16,156.0
KT6 6EZ,E63012249,51.390825,-0.299929,19575,UN1,Kingston upon Thames,,,5,6,16,0.0
KT6 6HA,E63012249,51.389811,-0.298227,19575,UN1,Kingston upon Thames,,,3,6,15,163.0
KT6 7BB,E63012249,51.382586,-0.287429,18639,UN1,Kingston upon Thames,,,3,6,16,217.0
KT6 7DJ,E63012249,51.381300,-0.282548,18341,UN1,Kingston upon Thames,,,2,6,16,528.0
KT6 7DW,E63012249,51.380470,-0.281746,18341,UN1,Kingston upon Thames,,,2,4,15,539.0
KT7 0RY,E63012380,51.390003,-0.333449,32400,UN1,West Molesey,47150.0,Medium,1,3,12,414.0
KT7 0UQ,E63012380,51.386294,-0.325635,32727,UN1,West Molesey,47150.0,Medium,1,3,13,256.0
KT8 0DL,E63012380,51.399600,-0.353917,31539,UN1,West Molesey,47150.0,Medium,4,4,9,0.0
KT8 0JX,E63012380,51.397381,-0.357936,31539,UN1,West Molesey,47150.0,Medium,3,4,9,0.0
KT8 2NA,E63012380,51.402115,-0.370490,13059,UN1,West Molesey,47150.0,Medium,0,3,10,529.0
KT8 2QZ,E63012380,51.397467,-0.379596,27843,UN1,West Molesey,47150.0,Medium,1,2,7,491.0
KT9 1AB,E63012249,51.367390,-0.306154,25233,UN1,Kingston upon Thames,,,1,3,7,265.0
KT9 1DR,E63012249,51.374604,-0.303748,23478,UN1,Kingston upon Thames,,,0,2,18,611.0
KT9 1EU,E63012249,51.368350,-0.288017,20667,UN1,Kingston upon Thames,,,0,1,12,1080.0
KT9 1QL,E63012249,51.363932,-0.299602,21310,UN1,Kingston upon Thames,,,0,3,6,637.0
KT9 2GY,E63012249,51.359148,-0.312060,16244,UN1,Kingston upon Thames,,,1,1,7,0.0
L1 1DA,E63008477,53.405497,-2.984559,11379,UN1,Liverpool,506565.0,Major,9,17,29,266.0
L1 1DJ,E63008477,53.405416,-2.982376,11379,UN1,Liverpool,506565.0,Major,10,17,30,210.0
L1 1QR,E63008477,53.405381,-2.981096,11379,UN1,Liverpool,506565.0,Major,9,18,30,221.0
L1 4JF,E63008477,53.401513,-2.976029,11173,UN1,Liverpool,506565.0,Major,5,19,35,173.0
L1 5DL,E63008477,53.401799,-2.984985,7525,UN1,Liverpool,506565.0,Major,7,14,30,106.0
L10 0AF,E63008390,53.467303,-2.914448,5076,UN1,Kirkby,45560.0,Medium,0,1,11,1108.0
L10 2JA,E63008378,53.485597,-2.948796,12761,UN1,Aintree,6215.0,Small,1,3,9,1562.0
L10 3LN,E63008412,53.491580,-2.950436,6267,RSN1,Bootle (Sefton),53720.0,Medium,0,1,9,1470.0
L10 6LB,E63008378,53.482960,-2.935506,12201,UN1,Aintree,6215.0,Small,0,2,8,1871.0
L10 9LA,E63008477,53.468987,-2.929173,4416,UN1,Liverpool,506565.0,Major,1,4,12,321.0
L11 0BL,E63008477,53.457166,-2.897513,566,UN1,Liverpool,506565.0,Major,2,4,12,0.0
L11 1AD,E63008477,53.440828,-2.927700,1040,UN1,Liverpool,506565.0,Major,3,9,26,0.0
L11 1BY,E63008477,53.441202,-2.929304,1068,UN1,Liverpool,506565.0,Major,3,8,26,114.0
L11 1EL,E63008477,53.437970,-2.913668,11227,UN1,Liverpool,506565.0,Major,2,7,21,181.0
L11 1EN,E63008477,53.437697,-2.914054,11227,UN1,Liverpool,506565.0,Major,2,7,22,142.0
L11 2SF,E63008477,53.448158,-2.910785,1104,UN1,Liverpool,506565.0,Major,0,4,19,565.0
L11 2YA,E63008477,53.445432,-2.919309,468,UN1,Liverpool,506565.0,Major,1,7,21,0.0
L11 4UG,E63008477,53.448645,-2.902288,1104,UN1,Liverpool,506565.0,Major,1,4,21,0.0
L11 7BY,E63008477,53.450087,-2.938006,4149,UN1,Liverpool,506565.0,Major,1,3,23,162.0
L11 8NB,E63008477,53.441480,-2.932878,1068,UN1,Liverpool,506565.0,Major,4,6,26,351.0
L12 0NB,E63008477,53.449780,-2.879077,16109,UN1,Liverpool,506565.0,Major,1,1,10,118.0
L12 2AJ,E63008477,53.420580,-2.895404,10735,UN1,Liverpool,506565.0,Major,0,2,30,686.0
L12 4YF,E63008477,53.435662,-2.888360,4213,UN1,Liverpool,506565.0,Major,0,3,19,700.0
L12 6QX,E63008477,53.432811,-2.879992,1898,UN1,Liverpool,506565.0,Major,0,5,17,548.0
L12 7JB,E63008477,53.431854,-2.910587,11443,UN1,Liverpool,506565.0,Major,0,5,25,622.0
L12 8TQ,E63008477,53.431273,-2.895944,12861,UN1,Liverpool,506565.0,Major,1,3,21,0.0
L13 2BY,E63008477,53.413138,-2.916611,1071,UN1,Liverpool,506565.0,Major,5,11,33,0.0
L13 3DW,E63008477,53.417583,-2.914916,4172,UN1,Liverpool,506565.0,Major,3,8,29,188.0
L13 5SA,E63008477,53.413087,-2.913902,1071,UN1,Liverpool,506565.0,Major,5,10,32,180.0
L13 5XE,E63008477,53.413567,-2.911084,1907,UN1,Liverpool,506565.0,Major,5,13,30,338.0
L13 6QE,E63008477,53.417981,-2.915737,4032,UN1,Liverpool,506565.0,Major,3,8,29,224.0
L13 7DT,E63008477,53.423873,-2.928053,763,UN1,Liverpool,506565.0,Major,2,5,38,48.0
L13 8AG,E63008477,53.425522,-2.929835,763,UN1,Liverpool,506565.0,Major,3,4,41,174.0
L14 0JE,E63008477,53.414000,-2.873585,1769,UN1,Liverpool,506565.0,Major,3,7,23,0.0
L14 0JF,E63008477,53.412967,-2.872180,1769,UN1,Liverpool,506565.0,Major,2,7,23,148.0
L14 4AE,E63008477,53.428208,-2.875276,245,UN1,Liverpool,506565.0,Major,2,5,21,70.0
L14 4AT,E63008477,53.428288,-2.872915,1277,UN1,Liverpool,506565.0,Major,2,5,21,157.0
L14 5PT,E63008477,53.415042,-2.897950,1676,UN1,Liverpool,506565.0,Major,2,6,26,431.0
L14 9PH,E63008477,53.419179,-2.876987,597,UN1,Liverpool,506565.0,Major,1,5,25,190.0
L15 3JR,E63008477,53.391870,-2.932981,13973,UN1,Liverpool,506565.0,Major,3,6,31,185.0
L15 4LF,E63008477,53.400220,-2.927193,3938,UN1,Liverpool,506565.0,Major,1,5,44,472.0
L15 6TS,E63008477,53.396212,-2.911916,20894,UN1,Liverpool,506565.0,Major,2,7,32,0.0
L15 6YG,E63008477,53.397577,-2.897884,25907,UN1,Liverpool,506565.0,Major,1,6,24,134.0
L15 7NE,E63008477,53.404589,-2.900137,6220,UN1,Liverpool,506565.0,Major,1,6,29,459.0
L15 8HF,E63008477,53.398620,-2.917893,4751,UN1,Liverpool,506565.0,Major,2,3,35,478.0
L15 9EH,E63008477,53.389420,-2.915004,13810,UN1,Liverpool,506565.0,Major,3,8,21,0.0
L16 0JN,E63008477,53.394338,-2.890988,23942,UN1,Liverpool,506565.0,Major,0,2,19,670.0
L17 0BJ,E63008477,53.373533,-2.934083,9780,UN1,Liverpool,506565.0,Major,1,3,15,135.0
L17 4JP,E63008477,53.380632,-2.952625,3448,UN1,Liverpool,506565.0,Major,4,6,24,0.0
L17 5AR,E63008477,53.369457,-2.938037,8753,UN1,Liverpool,506565.0,Major,1,3,11,0.0
L17 7BP,E63008477,53.379687,-2.951566,10594,UN1,Liverpool,506565.0,Major,4,5,25,126.0
L18 1HG,E63008477,53.387664,-2.924725,13148,UN1,Liverpool,506565.0,Major,2,9,26,0.0
L18 4QZ,E63008477,53.369681,-2.909095,23378,UN1,Liverpool,506565.0,Major,0,4,17,603.0
L18 6HF,E63008477,53.381527,-2.906867,24374,UN1,Liverpool,506565.0,Major,1,3,17,541.0
L18 6HG,E63008477,53.384056,-2.906394,18828,UN1,Liverpool,506565.0,Major,2,6,17,458.0
L19 2JP,E63008477,53.354251,-2.894253,7096,UN1,Liverpool,506565.0,Major,3,3,11,175.0
L19 2LP,E63008477,53.354856,-2.896204,2874,UN1,Liverpool,506565.0,Major,3,3,11,111.0
L19 2LW,E63008477,53.353926,-2.896830,2874,UN1,Liverpool,506565.0,Major,3,3,10,0.0
L19 3QG,E63008477,53.363162,-2.916335,25216,UN1,Liverpool,506565.0,Major,1,3,14,363.0
L19 4UG,E63008477,53.365393,-2.892382,5200,UN1,Liverpool,506565.0,Major,1,1,14,0.0
L19 9AD,E63008477,53.361709,-2.908865,11454,UN1,Liverpool,506565.0,Major,1,3,10,342.0
L2 7LA,E63008477,53.405832,-2.990719,25826,UN1,Liverpool,506565.0,Major,2,12,24,286.0
L20 0DX,E63008412,53.463847,-2.976343,667,UN1,Bootle (Sefton),53720.0,Medium,0,8,37,610.0
L20 3BY,E63008412,53.449428,-2.987426,508,UN1,Bootle (Sefton),53720.0,Medium,10,15,35,111.0
L20 3DF,E63008412,53.450324,-2.986679,508,UN1,Bootle (Sefton),53720.0,Medium,9,15,34,0.0
L20 3DY,E63008412,53.449709,-2.990414,443,UN1,Bootle (Sefton),53720.0,Medium,11,15,30,51.0
L20 4BB,E63008412,53.451100,-2.998216,57,UN1,Bootle (Sefton),53720.0,Medium,4,18,27,475.0
L20 4NJ,E63008412,53.459829,-3.001373,71,UN1,Bootle (Sefton),53720.0,Medium,4,11,31,144.0
L20 4SF,E63008412,53.458582,-3.002082,108,UN1,Bootle (Sefton),53720.0,Medium,4,10,30,34.0
L20 4SP,E63008412,53.451793,-2.991607,443,UN1,Bootle (Sefton),53720.0,Medium,10,18,34,254.0
L20 4SX,E63008412,53.451461,-2.991599,443,UN1,Bootle (Sefton),53720.0,Medium,10,18,34,244.0
L20 4XX,E63008412,53.452255,-2.992280,443,UN1,Bootle (Sefton),53720.0,Medium,10,20,32,192.0
L20 5DQ,E63008412,53.458408,-2.995993,108,UN1,Bootle (Sefton),53720.0,Medium,5,12,34,0.0
L20 5DW,E63008412,53.459412,-2.993080,2101,UN1,Bootle (Sefton),53720.0,Medium,2,13,34,223.0
L20 9DL,E63008412,53.456493,-2.981972,3752,UN1,Bootle (Sefton),53720.0,Medium,2,18,38,0.0
L20 9HH,E63008412,53.455783,-2.979787,1759,UN1,Bootle (Sefton),53720.0,Medium,2,16,38,165.0
L21 3TX,E63008384,53.465274,-3.006909,296,UN1,Crosby (Sefton),50215.0,Medium,3,10,27,75.0
L21 6PH,E63008391,53.467602,-3.001646,1956,UN1,Litherland,18750.0,Small,5,9,30,0.0
L21 7PG,E63008391,53.470494,-3.000810,4156,UN1,Litherland,18750.0,Small,4,7,27,92.0
L21 9HQ,E63008391,53.476293,-2.995342,1448,UN1,Litherland,18750.0,Small,0,5,24,568.0
L22 0LY,E63008384,53.475005,-3.025415,5101,UN1,Crosby (Sefton),50215.0,Medium,1,7,20,607.0
L22 4QA,E63008384,53.478675,-3.024042,5101,UN1,Crosby (Sefton),50215.0,Medium,5,7,21,190.0
L22 4QD,E63008384,53.480376,-3.023781,11961,UN1,Crosby (Sefton),50215.0,Medium,5,8,18,0.0
L22 4QR,E63008384,53.480282,-3.019017,18413,UN1,Crosby (Sefton),50215.0,Medium,5,7,22,112.0
L23 0QE,E63008384,53.481889,-3.017112,25189,UN1,Crosby (Sefton),50215.0,Medium,4,7,22,224.0
L23 3AT,E63008384,53.486647,-3.033517,13020,UN1,Crosby (Sefton),50215.0,Medium,0,6,11,570.0
L23 4TA,E63008384,53.499586,-3.005731,18216,UN1,Crosby (Sefton),50215.0,Medium,1,2,5,351.0
L23 5SF,E63008384,53.492087,-3.026068,18883,UN1,Crosby (Sefton),50215.0,Medium,0,2,14,629.0
L23 6SA,E63008384,53.483218,-3.039266,19119,UN1,Crosby (Sefton),50215.0,Medium,1,2,11,198.0
L24 1YA,E63008477,53.342401,-2.863980,1187,UN1,Liverpool,506565.0,Major,0,2,11,626.0
L24 2SD,E63008477,53.342009,-2.838364,559,UN1,Liverpool,506565.0,Major,3,3,9,124.0
L24 2SF,E63008477,53.340927,-2.838793,559,UN1,Liverpool,506565.0,Major,3,3,9,0.0
L24 2WZ,E63008477,53.345264,-2.839434,559,UN1,Liverpool,506565.0,Major,3,3,12,484.0
L24 3TY,E63008477,53.344809,-2.855452,1506,UN1,Liverpool,506565.0,Major,1,2,11,0.0
L24 4AG,E63008569,53.336177,-2.798648,19132,UN1,Hale (Halton),1500.0,Minor,0,0,3,1882.0
L24 6SF,E63008477,53.345797,-2.822215,802,UN1,Liverpool,506565.0,Major,2,2,9,38.0
L24 6TH,E63008477,53.345990,-2.821738,802,UN1,Liverpool,506565.0,Major,2,2,9,0.0
L24 8QB,E63008477,53.350730,-2.879307,7096,UN1,Liverpool,506565.0,Major,0,0,13,1216.0
L24 9GB,E63008477,53.358020,-2.867031,11474,UN1,Liverpool,506565.0,Major,0,3,18,539.0
L25 0ND,E63008477,53.359201,-2.859151,13396,UN1,Liverpool,506565.0,Major,2,3,14,0.0
L25 0PA,E63008477,53.357866,-2.855984,11474,UN1,Liverpool,506565.0,Major,2,3,11,257.0
L25 1PD,E63008477,53.391537,-2.872238,20777,UN1,Liverpool,506565.0,Major,0,5,17,830.0
L25 1RS,E63008477,53.398324,-2.875926,2819,UN1,Liverpool,506565.0,Major,1,2,18,106.0
L25 2PE,E63008477,53.388333,-2.856625,462,UN1,Liverpool,506565.0,Major,4,6,17,326.0
L25 2QY,E63008477,53.390369,-2.859854,462,UN1,Liverpool,506565.0,Major,3,7,15,187.0
L25 2XE,E63008477,53.392050,-2.859753,5080,UN1,Liverpool,506565.0,Major,3,7,14,0.0
L25 5JY,E63008477,53.383905,-2.862415,18018,UN1,Liverpool,506565.0,Major,2,8,18,85.0
L25 5QA,E63008477,53.375461,-2.865476,20182,UN1,Liverpool,506565.0,Major,3,7,17,111.0
L25 7SF,E63008477,53.373795,-2.873243,7354,UN1,Liverpool,506565.0,Major,2,4,16,139.0
L25 9ND,E63008477,53.370606,-2.856901,23398,UN1,Liverpool,506565.0,Major,0,4,16,583.0
L25 9PU,E63008477,53.367181,-2.851873,6626,UN1,Liverpool,506565.0,Major,0,1,16,1010.0
L26 0TH,E63008477,53.367884,-2.828607,19493,UN1,Liverpool,506565.0,Major,1,1,5,0.0
L26 9UH,E63008477,53.359024,-2.825580,4117,UN1,Liverpool,506565.0,Major,1,1,8,0.0
L27 7AF,E63008477,53.388293,-2.839589,860,UN1,Liverpool,506565.0,Major,1,1,10,0.0
L28 1NR,E63008474,53.435609,-2.868594,1297,UN1,Huyton with Roby,59845.0,Medium,0,5,15,569.0
L3 4BH,E63008477,53.380332,-2.976431,19243,UN1,Liverpool,506565.0,Major,2,6,13,0.0
L3 4BQ,E63008477,53.380132,-2.973390,19243,UN1,Liverpool,506565.0,Major,2,6,14,203.0
L3 5NF,E63008477,53.409131,-2.976564,7769,UN1,Liverpool,506565.0,Major,3,17,40,100.0
L3 7BL,E63008477,53.417718,-2.997916,2641,UN1,Liverpool,506565.0,Major,0,3,20,905.0
L3 8JA,E63008477,53.409736,-2.971779,7769,UN1,Liverpool,506565.0,Major,5,14,49,0.0
L30 1RF,E63008412,53.478049,-2.965277,2299,UN1,Bootle (Sefton),53720.0,Medium,0,1,17,826.0
L30 2PB,E63008412,53.483928,-2.993833,1258,UN1,Bootle (Sefton),53720.0,Medium,1,2,17,353.0
L30 5QA,E63008412,53.488416,-2.973787,6149,UN1,Bootle (Sefton),53720.0,Medium,2,2,10,97.0
L31 0AE,E63008331,53.516737,-2.943866,24643,UN1,Maghull,20370.0,Medium,5,6,9,125.0
L31 1DY,E63008390,53.488845,-2.913751,9907,UN1,Kirkby,45560.0,Medium,0,1,8,1933.0
L31 2HP,E63008331,53.520727,-2.946247,24643,UN1,Maghull,20370.0,Medium,3,6,8,149.0
L31 2LZ,E63008312,53.522890,-2.945616,24544,UN1,Lydiate,6515.0,Small,2,5,7,393.0
L31 2PQ,E63008331,53.515218,-2.946139,21089,UN1,Maghull,20370.0,Medium,4,7,8,152.0
L31 3DB,E63008331,53.506321,-2.933306,15789,UN1,Maghull,20370.0,Medium,0,1,9,1108.0
L31 7AD,E63008331,53.506258,-2.947010,25687,UN1,Maghull,20370.0,Medium,0,3,9,806.0
L32 0TU,E63008390,53.481566,-2.904041,551,UN1,Kirkby,45560.0,Medium,0,1,16,1236.0
L32 2AE,E63008390,53.487493,-2.901243,6358,UN1,Kirkby,45560.0,Medium,0,2,15,1192.0
L32 6QA,E63008390,53.471171,-2.881749,684,UN1,Kirkby,45560.0,Medium,2,3,15,447.0
L32 8RE,E63008390,53.482380,-2.885417,889,UN1,Kirkby,45560.0,Medium,4,10,15,0.0
L32 8RH,E63008390,53.482010,-2.886871,889,UN1,Kirkby,45560.0,Medium,4,9,16,105.0
L32 8RR,E63008390,53.481354,-2.886812,889,UN1,Kirkby,45560.0,Medium,4,9,16,147.0
L32 8UG,E63008390,53.482166,-2.888879,889,UN1,Kirkby,45560.0,Medium,4,9,16,230.0
L32 9QU,E63008390,53.475176,-2.882284,684,UN1,Kirkby,45560.0,Medium,3,8,13,0.0
L33 1ZQ,E63008390,53.495993,-2.888504,2057,UN1,Kirkby,45560.0,Medium,1,1,12,155.0
L33 6UE,E63008390,53.487761,-2.877285,481,UN1,Kirkby,45560.0,Medium,2,7,15,189.0
L33 6XE,E63008390,53.483989,-2.875625,889,UN1,Kirkby,45560.0,Medium,2,7,15,495.0
L34 0ER,E63008415,53.449534,-2.852164,4755,UN1,Knowsley,2345.0,Minor,0,0,3,1678.0
L34 1LT,E63008462,53.425480,-2.808281,5444,UN1,Prescot,39225.0,Medium,3,6,15,241.0
L34 1ND,E63008462,53.426723,-2.805295,1958,UN1,Prescot,39225.0,Medium,5,6,15,0.0
L34 5NQ,E63008462,53.426372,-2.801300,1958,UN1,Prescot,39225.0,Medium,5,6,15,268.0
L34 5QH,E63008462,53.429643,-2.802776,1958,UN1,Prescot,39225.0,Medium,4,5,13,365.0
L34 5QJ,E63008462,53.429243,-2.803461,1958,UN1,Prescot,39225.0,Medium,4,5,13,305.0
L35 3SX,E63008462,53.414971,-2.801718,7102,UN1,Prescot,39225.0,Medium,2,3,15,0.0
L35 4LL,E63008462,53.417507,-2.770123,11946,UN1,Prescot,39225.0,Medium,4,5,10,0.0
L35 4LZ,E63008462,53.416357,-2.765949,11946,UN1,Prescot,39225.0,Medium,4,4,9,169.0
L35 5DY,E63008462,53.419465,-2.800463,955,UN1,Prescot,39225.0,Medium,0,7,14,507.0
L36 0UB,E63008474,53.404568,-2.831049,634,UN1,Huyton with Roby,59845.0,Medium,1,6,14,0.0
L36 2NS,E63008474,53.416983,-2.861248,880,UN1,Huyton with Roby,59845.0,Medium,1,9,24,50.0
L36 2QA,E63008474,53.419780,-2.852337,5573,UN1,Huyton with Roby,59845.0,Medium,3,8,26,420.0
L36 3TH,E63008474,53.423268,-2.856018,277,UN1,Huyton with Roby,59845.0,Medium,3,7,26,41.0
L36 3TN,E63008474,53.422901,-2.855920,277,UN1,Huyton with Roby,59845.0,Medium,3,7,26,0.0
L36 5XN,E63008474,53.407613,-2.846798,13557,UN1,Huyton with Roby,59845.0,Medium,1,5,24,495.0
L36 6EB,E63008474,53.415415,-2.825032,2196,UN1,Huyton with Roby,59845.0,Medium,1,3,22,0.0
L36 7TX,E63008474,53.412805,-2.837017,2196,UN1,Huyton with Roby,59845.0,Medium,3,10,20,375.0
L36 7XY,E63008474,53.419542,-2.842807,141,UN1,Huyton with Roby,59845.0,Medium,1,9,21,0.0
L36 8BJ,E63008474,53.424189,-2.837722,371,UN1,Huyton with Roby,59845.0,Medium,0,3,19,617.0
L36 9UJ,E63008474,53.411806,-2.839871,12673,UN1,Huyton with Roby,59845.0,Medium,3,8,20,174.0
L36 9UQ,E63008474,53.411326,-2.839034,2196,UN1,Huyton with Roby,59845.0,Medium,3,8,20,165.0
L37 1NU,E63008255,53.562207,-3.081347,26630,UN1,Formby,22890.0,Medium,0,1,5,1434.0
L37 3HJ,E63008255,53.563651,-3.066663,30128,UN1,Formby,22890.0,Medium,0,5,6,807.0
L37 4AB,E63008255,53.555535,-3.062488,26643,UN1,Formby,22890.0,Medium,3,5,6,69.0
L37 4DL,E63008255,53.557091,-3.061425,26643,UN1,Formby,22890.0,Medium,3,4,6,0.0
L37 6BU,E63008255,53.548606,-3.054240,20934,UN1,Formby,22890.0,Medium,0,2,5,950.0
L38 0BA,E63008318,53.525130,-3.060098,26895,RLN1,Hightown (Sefton),2020.0,Minor,1,2,2,564.0
L38 0BF,E63008318,53.524592,-3.057882,26895,RLN1,Hightown (Sefton),2020.0,Minor,1,2,2,613.0
L39 1NL,E63008237,53.574079,-2.887136,11685,UN1,Ormskirk,27715.0,Medium,0,6,9,644.0
L39 2AA,E63008237,53.567230,-2.884697,11685,UN1,Ormskirk,27715.0,Medium,6,9,9,153.0
L39 2BY,E63008237,53.568564,-2.884151,11685,UN1,Ormskirk,27715.0,Medium,6,9,9,0.0
L39 2DN,E63008237,53.567705,-2.883680,11685,UN1,Ormskirk,27715.0,Medium,6,9,9,100.0
L39 2ES,E63008237,53.568459,-2.884979,11685,UN1,Ormskirk,27715.0,Medium,6,7,9,56.0
L39 3RB,E63008237,53.565870,-2.888640,18160,UN1,Ormskirk,27715.0,Medium,6,7,10,408.0
L39 5DZ,E63008237,53.552187,-2.908081,30581,UN1,Ormskirk,27715.0,Medium,0,0,2,1026.0
L4 0UQ,E63008477,53.427163,-2.957578,10,UN1,Liverpool,506565.0,Major,3,10,38,749.0
L4 2SH,E63008477,53.431001,-2.951944,2151,UN1,Liverpool,506565.0,Major,0,7,36,554.0
L4 3QH,E63008477,53.438777,-2.970936,276,UN1,Liverpool,506565.0,Major,1,9,34,543.0
L4 3TQ,E63008477,53.440306,-2.978543,325,UN1,Liverpool,506565.0,Major,1,8,33,61.0
L4 4AF,E63008477,53.432243,-2.974098,165,UN1,Liverpool,506565.0,Major,4,11,25,145.0
L4 4AH,E63008477,53.435381,-2.972845,1276,UN1,Liverpool,506565.0,Major,3,7,32,215.0
L4 4PP,E63008477,53.431558,-2.977575,116,UN1,Liverpool,506565.0,Major,3,10,23,0.0
L4 6TH,E63008477,53.443877,-2.959308,1416,UN1,Liverpool,506565.0,Major,1,5,29,43.0
L4 8SG,E63008477,53.437608,-2.942894,2556,UN1,Liverpool,506565.0,Major,1,7,32,334.0
L4 9XU,E63008477,53.442431,-2.939990,525,UN1,Liverpool,506565.0,Major,2,7,25,310.0
L40 0SA,E63008184,53.603914,-2.842001,22821,RLN1,Burscough,8770.0,Small,3,3,4,212.0
L40 1SB,E63008136,53.633667,-2.815931,26076,RLN1,Rufford (West Lancashire),1560.0,Minor,0,0,0,3828.0
L40 4BY,E63008184,53.603692,-2.841709,16549,RLN1,Burscough,8770.0,Small,3,3,4,181.0
L40 5TJ,E63008184,53.601355,-2.840424,16549,RLN1,Burscough,8770.0,Small,3,3,4,115.0
L5 0QW,E63008477,53.425824,-2.968654,168,UN1,Liverpool,506565.0,Major,2,11,31,0.0
L5 2QA,E63008477,53.427266,-2.982533,116,UN1,Liverpool,506565.0,Major,1,9,21,579.0
L5 4QZ,E63008477,53.425338,-2.964309,168,UN1,Liverpool,506565.0,Major,5,5,38,293.0
L5 5AA,E63008477,53.424519,-2.979987,116,UN1,Liverpool,506565.0,Major,1,8,29,644.0
L5 6PT,E63008477,53.423143,-2.958992,43,UN1,Liverpool,506565.0,Major,3,11,43,706.0
L5 6PX,E63008477,53.422794,-2.958804,43,UN1,Liverpool,506565.0,Major,3,11,43,734.0
L5 8XR,E63008477,53.419411,-2.984564,116,UN1,Liverpool,506565.0,Major,1,5,35,0.0
L6 0BB,E63008477,53.430312,-2.943666,1463,UN1,Liverpool,506565.0,Major,1,7,28,0.0
L6 2EH,E63008477,53.415808,-2.964605,521,UN1,Liverpool,506565.0,Major,1,7,51,0.0
L6 4BW,E63008477,53.423978,-2.936423,34,UN1,Liverpool,506565.0,Major,2,9,41,187.0
L6 4EP,E63008477,53.424310,-2.945670,30,UN1,Liverpool,506565.0,Major,1,11,31,9.0
L6 6AE,E63008477,53.416729,-2.948286,565,UN1,Liverpool,506565.0,Major,2,12,37,300.0
L7 0LA,E63008477,53.412653,-2.943140,710,UN1,Liverpool,506565.0,Major,6,14,52,223.0
L7 0LQ,E63008477,53.412258,-2.943161,796,UN1,Liverpool,506565.0,Major,6,14,48,216.0
L7 2PF,E63008477,53.407702,-2.950928,299,UN1,Liverpool,506565.0,Major,5,11,44,0.0
L7 2PN,E63008477,53.409307,-2.947955,299,UN1,Liverpool,506565.0,Major,9,12,40,0.0
L7 2RG,E63008477,53.412241,-2.946426,710,UN1,Liverpool,506565.0,Major,7,12,43,0.0
L7 5NZ,E63008477,53.405259,-2.946045,610,UN1,Liverpool,506565.0,Major,5,14,36,397.0
L7 6HD,E63008477,53.398892,-2.943016,764,UN1,Liverpool,506565.0,Major,3,7,35,0.0
L7 7AJ,E63008477,53.400928,-2.962810,14664,UN1,Liverpool,506565.0,Major,3,8,47,221.0
L7 7HG,E63008477,53.399049,-2.961744,14664,UN1,Liverpool,506565.0,Major,3,6,49,0.0
L8 0QH,E63008477,53.398290,-2.949891,511,UN1,Liverpool,506565.0,Major,3,10,44,436.0
L8 0QQ,E63008477,53.392156,-2.949183,1686,UN1,Liverpool,506565.0,Major,2,7,34,220.0
L8 3SS,E63008477,53.382359,-2.956888,1278,UN1,Liverpool,506565.0,Major,4,6,28,0.0
L8 4UE,E63008477,53.384163,-2.963965,1582,UN1,Liverpool,506565.0,Major,1,12,23,510.0
L8 4XF,E63008477,53.385195,-2.964229,1278,UN1,Liverpool,506565.0,Major,1,11,24,580.0
L8 6QP,E63008477,53.386347,-2.972885,247,UN1,Liverpool,506565.0,Major,1,7,25,0.0
L8 8EH,E63008477,53.390425,-2.966617,330,UN1,Liverpool,506565.0,Major,0,7,34,615.0
L9 0EJ,E63008477,53.465556,-2.952808,3495,UN1,Liverpool,506565.0,Major,1,7,19,127.0
L9 1AD,E63008477,53.449012,-2.966802,170,UN1,Liverpool,506565.0,Major,2,5,35,0.0
L9 1NL,E63008477,53.451264,-2.961749,410,UN1,Liverpool,506565.0,Major,2,5,35,418.0
L9 5AN,E63008378,53.481167,-2.949767,12761,UN1,Aintree,6215.0,Small,1,2,13,1549.0
L9 6BR,E63008477,53.454230,-2.927736,815,UN1,Liverpool,506565.0,Major,1,4,21,271.0
L9 7AS,E63008477,53.460228,-2.943471,815,UN1,Liverpool,506565.0,Major,1,5,21,499.0
L9 8AE,E63008477,53.462555,-2.968345,5617,UN1,Liverpool,506565.0,Major,3,6,29,75.0
L9 8BU,E63008477,53.462408,-2.963190,5617,UN1,Liverpool,506565.0,Major,3,8,20,0.0
L9 9DB,E63008477,53.468342,-2.941511,7111,UN1,Liverpool,506565.0,Major,1,7,20,354.0
LA1 1NB,E63007656,54.048866,-2.799163,12010,UF1,Lancaster,52655.0,Medium,10,15,19,67.0
LA1 1NG,E63007656,54.048450,-2.798177,12010,UF1,Lancaster,52655.0,Medium,11,15,19,0.0
LA1 1PL,E63007656,54.047901,-2.798274,12010,UF1,Lancaster,52655.0,Medium,10,15,19,61.0
LA1 1RE,E63007656,54.047061,-2.801648,12010,UF1,Lancaster,52655.0,Medium,10,15,18,102.0
LA1 1UR,E63007656,54.047565,-2.798832,12010,UF1,Lancaster,52655.0,Medium,10,15,19,107.0
LA1 2BU,E63007656,54.059377,-2.798540,1548,UF1,Lancaster,52655.0,Medium,0,1,18,899.0
LA1 3PS,E63007656,54.049586,-2.790913,8277,UF1,Lancaster,52655.0,Medium,4,13,19,407.0
LA1 4DS,E63007656,54.037541,-2.789738,18448,UF1,Lancaster,52655.0,Medium,0,4,17,730.0
LA1 4JT,E63007656,54.040392,-2.798893,22029,UF1,Lancaster,52655.0,Medium,2,15,17,262.0
LA1 4ST,E63007656,54.034323,-2.795280,22029,UF1,Lancaster,52655.0,Medium,0,4,17,970.0
LA1 4YT,E63007680,54.010677,-2.785597,24654,RSN1,Bailrigg,4790.0,Minor,0,0,1,3673.0
LA1 5JR,E63007645,54.056301,-2.828026,9343,UF1,Morecambe,32750.0,Medium,0,0,7,1521.0
LA10 5BL,E63007497,54.323592,-2.527738,19049,RLF1,Sedbergh,1450.0,Minor,0,1,1,506.0
LA11 7DJ,E63007571,54.187966,-2.915665,26050,RLF1,Grange-over-Sands,4045.0,Minor,2,2,2,0.0
LA11 7EY,E63007571,54.191460,-2.912432,19441,RLF1,Grange-over-Sands,4045.0,Minor,2,2,2,442.0
LA11 7JU,E63007593,54.174473,-2.971071,21292,RLF1,Flookburgh,895.0,Minor,0,0,0,3162.0
LA12 7BS,E63007570,54.198429,-3.097177,23989,UF1,Ulverston,11220.0,Small,4,5,5,67.0
LA12 7BT,E63007570,54.198891,-3.097833,23989,UF1,Ulverston,11220.0,Small,4,5,5,0.0
LA12 7DX,E63007570,54.196066,-3.096118,15559,UF1,Ulverston,11220.0,Small,4,5,5,333.0
LA12 7LR,E63007570,54.195898,-3.094841,15559,UF1,Ulverston,11220.0,Small,4,5,5,386.0
LA13 9NN,E63007610,54.112636,-3.202845,7730,UF1,Barrow-in-Furness,55255.0,Medium,2,2,14,425.0
LA13 9RD,E63007610,54.111648,-3.208124,4107,UF1,Barrow-in-Furness,55255.0,Medium,2,3,18,301.0
LA14 1DB,E63007610,54.112927,-3.226458,522,UF1,Barrow-in-Furness,55255.0,Medium,7,11,21,255.0
LA14 1HY,E63007610,54.111031,-3.225591,522,UF1,Barrow-in-Furness,55255.0,Medium,6,13,21,39.0
LA14 1JB,E63007610,54.111681,-3.225274,522,UF1,Barrow-in-Furness,55255.0,Medium,6,12,19,114.0
LA14 2DN,E63007610,54.111466,-3.219898,695,UF1,Barrow-in-Furness,55255.0,Medium,6,12,19,360.0
LA14 2LB,E63007610,54.109942,-3.224779,99,UF1,Barrow-in-Furness,55255.0,Medium,6,12,21,0.0
LA14 2NE,E63007610,54.112265,-3.234989,204,UF1,Barrow-in-Furness,55255.0,Medium,0,10,20,623.0
LA14 2QW,E63007610,54.102338,-3.229204,4467,UF1,Barrow-in-Furness,55255.0,Medium,2,6,17,0.0
LA14 3HY,E63007610,54.107131,-3.255073,13835,UF1,Barrow-in-Furness,55255.0,Medium,1,1,11,0.0
LA14 4BX,E63007610,54.137930,-3.231039,645,UF1,Barrow-in-Furness,55255.0,Medium,0,0,3,2147.0
LA14 5AY,E63007610,54.120613,-3.223671,6781,UF1,Barrow-in-Furness,55255.0,Medium,2,7,18,163.0
LA14 5HQ,E63007610,54.123213,-3.220794,14871,UF1,Barrow-in-Furness,55255.0,Medium,2,4,17,467.0
LA14 5SR,E63007610,54.117885,-3.230337,1301,UF1,Barrow-in-Furness,55255.0,Medium,1,13,19,143.0
LA14 5UG,E63007610,54.122285,-3.237751,5732,UF1,Barrow-in-Furness,55255.0,Medium,0,3,14,826.0
LA15 8DL,E63007594,54.156473,-3.180811,16029,RLF1,Dalton-in-Furness,7555.0,Small,1,1,1,89.0
LA18 4DE,E63007554,54.209380,-3.266286,5797,RLF1,Millom,5690.0,Small,2,2,2,123.0
LA18 4DG,E63007554,54.209485,-3.265676,5797,RLF1,Millom,5690.0,Small,2,2,2,164.0
LA2 0NB,E63007689,53.994787,-2.792390,20995,RLN1,Galgate,2085.0,Minor,0,0,1,5350.0
LA2 6JY,E63007627,54.086462,-2.803158,21144,RLF1,Bolton-le-Sands,6725.0,Small,0,0,0,2162.0
LA2 6PU,E63007636,54.079641,-2.756056,24418,RLN1,Halton (Lancaster),2655.0,Minor,0,0,0,3172.0
LA2 7HL,E63007618,54.118161,-2.510619,18727,RLF1,High Bentham,1700.0,Minor,1,1,1,119.0
LA2 9QW,E63007639,54.076374,-2.717146,29060,RLF1,Caton,2550.0,Minor,0,0,0,4446.0
LA22 0AD,E63007470,54.430320,-2.962179,23496,RLF1,Ambleside,2625.0,Minor,1,2,2,592.0
LA22 0NS,E63007483,54.375437,-2.999397,17453,RSF1,Hawkshead,260.0,Minor,0,0,0,5592.0
LA22 9BT,E63007470,54.432102,-2.963099,23496,RLF1,Ambleside,2625.0,Minor,2,2,2,391.0
LA22 9TA,E63007461,54.460139,-3.023566,21330,RSF1,Grasmere,520.0,Minor,0,0,0,4632.0
LA23 1DT,E63007482,54.378020,-2.905684,21344,RLF1,Windermere,4820.0,Minor,2,4,4,368.0
LA23 1EA,E63007482,54.378721,-2.905669,21344,RLF1,Windermere,4820.0,Minor,2,2,4,307.0
LA23 2EG,E63007482,54.370879,-2.913424,26961,RLF1,Windermere,4820.0,Minor,1,2,4,0.0
LA3 1DA,E63007655,54.063913,-2.886300,33,UF1,Heysham,16585.0,Small,1,1,2,2008.0
LA3 1QN,E63007645,54.065574,-2.879215,210,UF1,Morecambe,32750.0,Medium,1,1,6,1516.0
LA3 2LE,E63007655,54.041719,-2.894058,5108,UF1,Heysham,16585.0,Small,1,1,1,0.0
LA4 4UZ,E63007645,54.061143,-2.855516,783,UF1,Morecambe,32750.0,Medium,0,2,8,1328.0
LA4 5DH,E63007645,54.071856,-2.865685,896,UF1,Morecambe,32750.0,Medium,2,3,8,414.0
LA4 5LY,E63007645,54.072852,-2.859563,608,UF1,Morecambe,32750.0,Medium,3,3,8,0.0
LA4 5TE,E63007645,54.070017,-2.856280,608,UF1,Morecambe,32750.0,Medium,2,5,8,381.0
LA4 5TJ,E63007645,54.067630,-2.845534,3454,UF1,Morecambe,32750.0,Medium,0,3,8,1084.0
LA4 6BY,E63007645,54.078189,-2.839437,7283,UF1,Morecambe,32750.0,Medium,0,0,6,1441.0
LA4 6RL,E63007645,54.066094,-2.833890,17952,UF1,Morecambe,32750.0,Medium,0,1,7,1836.0
LA5 0HA,E63007567,54.202109,-2.834514,24413,RLF1,Arnside,2230.0,Minor,0,0,0,4896.0
LA5 0RA,E63007587,54.168440,-2.826927,29093,RSF1,Silverdale,1055.0,Minor,0,0,0,5751.0
LA5 8DH,E63007627,54.107658,-2.789207,20947,RLF1,Bolton-le-Sands,6725.0,Small,0,0,0,2717.0
LA5 9JU,E63007611,54.129450,-2.768901,15221,RLF1,Carnforth,5855.0,Small,3,3,3,0.0
LA5 9JX,E63007611,54.128912,-2.768646,15221,RLF1,Carnforth,5855.0,Small,3,3,3,0.0
LA6 2AN,E63007564,54.201682,-2.596436,23984,RLF1,Kirkby Lonsdale,1965.0,Minor,1,1,1,395.0
LA6 3EH,E63007597,54.153608,-2.468597,19702,RLF1,Ingleton,1755.0,Minor,0,0,0,4726.0
LA7 7PS,E63007547,54.227652,-2.771110,22603,RLF1,Milnthorpe,1875.0,Minor,2,2,2,0.0
LA8 9LU,E63007481,54.377307,-2.816699,21918,RLF1,Staveley (Westmorland and Furness),,,0,0,0,5980.0
LA9 4HE,E63007496,54.325365,-2.748123,14669,UF1,Kendal,28940.0,Medium,4,6,10,216.0
LA9 4JE,E63007496,54.323439,-2.748564,14669,UF1,Kendal,28940.0,Medium,2,5,10,0.0
LA9 4LR,E63007496,54.328970,-2.746528,15960,UF1,Kendal,28940.0,Medium,3,6,8,558.0
LA9 4PU,E63007496,54.329700,-2.747510,15960,UF1,Kendal,28940.0,Medium,3,6,6,571.0
LA9 4QD,E63007496,54.330433,-2.748292,15960,UF1,Kendal,28940.0,Medium,2,6,6,590.0
LA9 7HR,E63007496,54.312706,-2.737133,23755,UF1,Kendal,28940.0,Medium,3,4,8,0.0
LA9 7JA,E63007496,54.311546,-2.735806,23755,UF1,Kendal,28940.0,Medium,3,4,7,52.0
LE1 1DD,E63009743,52.635156,-1.131607,9456,UN1,Leicester,406580.0,Major,4,13,60,255.0
LE1 2FT,E63009743,52.640696,-1.124477,2936,UN1,Leicester,406580.0,Major,1,9,61,834.0
LE1 2PD,E63009743,52.639506,-1.120452,3149,UN1,Leicester,406580.0,Major,1,15,59,794.0
LE1 4FQ,E63009743,52.636262,-1.135279,9456,UN1,Leicester,406580.0,Major,4,8,52,132.0
LE10 0XN,E63009921,52.543471,-1.388573,23857,UN1,Hinckley,50725.0,Medium,0,0,6,1434.0
LE10 1DS,E63009921,52.541052,-1.367743,8796,UN1,Hinckley,50725.0,Medium,4,4,8,0.0
LE10 1RU,E63009921,52.542197,-1.371914,8796,UN1,Hinckley,50725.0,Medium,2,4,8,309.0
LE10 1SS,E63009921,52.553812,-1.359964,23086,UN1,Hinckley,50725.0,Medium,0,0,7,1513.0
LE10 1UA,E63009921,52.537248,-1.364333,17132,UN1,Hinckley,50725.0,Medium,3,6,9,0.0
LE10 2SE,E63009921,52.530114,-1.361635,28602,UN1,Hinckley,50725.0,Medium,1,3,7,0.0
LE10 3BS,E63009921,52.540784,-1.413558,25468,UN1,Hinckley,50725.0,Medium,0,0,1,2867.0
LE11 1BE,E63009412,52.771377,-1.202599,699,UN1,Loughborough,64860.0,Medium,14,16,23,42.0
LE11 1NH,E63009412,52.774708,-1.207430,10926,UN1,Loughborough,64860.0,Medium,12,19,24,0.0
LE11 1NQ,E63009412,52.774841,-1.207161,10926,UN1,Loughborough,64860.0,Medium,12,19,24,0.0
LE11 1SD,E63009412,52.769337,-1.198797,6514,UN1,Loughborough,64860.0,Medium,5,16,22,210.0
LE11 2AG,E63009412,52.769061,-1.201885,699,UN1,Loughborough,64860.0,Medium,8,16,23,0.0
LE11 2HJ,E63009412,52.758647,-1.206624,14188,UN1,Loughborough,64860.0,Medium,0,0,22,1201.0
LE11 2PZ,E63009412,52.771358,-1.205252,22316,UN1,Loughborough,64860.0,Medium,16,16,24,142.0
LE11 3EA,E63009412,52.771710,-1.206698,22316,UN1,Loughborough,64860.0,Medium,15,16,24,239.0
LE11 3EP,E63009412,52.771215,-1.207982,22316,UN1,Loughborough,64860.0,Medium,15,18,24,258.0
LE11 3EQ,E63009412,52.771863,-1.206785,22316,UN1,Loughborough,64860.0,Medium,15,16,24,244.0
LE11 3RJ,E63009412,52.760284,-1.237032,32471,UN1,Loughborough,64860.0,Medium,0,2,6,717.0
LE11 3TT,E63009412,52.769223,-1.227657,13806,UN1,Loughborough,64860.0,Medium,1,4,28,469.0
LE11 4PE,E63009412,52.765780,-1.241738,20386,UN1,Loughborough,64860.0,Medium,0,2,8,829.0
LE11 4RZ,E63009412,52.779212,-1.240453,26243,UN1,Loughborough,64860.0,Medium,1,1,9,0.0
LE11 5AS,E63009412,52.772783,-1.209896,22316,UN1,Loughborough,64860.0,Medium,12,19,24,271.0
LE11 5BE,E63009412,52.773379,-1.208921,10926,UN1,Loughborough,64860.0,Medium,13,19,24,179.0
LE11 5DX,E63009412,52.774322,-1.221164,18457,UN1,Loughborough,64860.0,Medium,2,11,28,0.0
LE11 5GU,E63009412,52.781215,-1.211256,18679,UN1,Loughborough,64860.0,Medium,0,7,24,760.0
LE12 6JG,E63009314,52.834050,-1.177124,24233,RLN1,East Leake,8555.0,Small,1,1,1,0.0
LE12 6UA,E63009349,52.803568,-1.111214,32412,RLN1,Wymeswold,1365.0,Minor,0,0,0,5577.0
LE12 7JT,E63009534,52.722030,-1.138130,28405,UN1,Mountsorrel,12885.0,Small,2,2,3,154.0
LE12 7LP,E63009497,52.732457,-1.112393,21276,RLN1,Sileby,8955.0,Small,2,3,4,495.0
LE12 7NW,E63009497,52.732240,-1.106163,20901,RLN1,Sileby,8955.0,Small,3,3,3,142.0
LE12 8BS,E63009485,52.744599,-1.167831,29356,RLN1,Quorndon,5575.0,Small,1,1,3,191.0
LE12 8PY,E63009466,52.751622,-1.149088,28445,RLN1,Barrow upon Soar,6820.0,Small,1,1,3,0.0
LE12 8RZ,E63009528,52.725940,-1.215983,25675,RLN1,Woodhouse Eaves,1620.0,Minor,1,1,1,70.0
LE12 9AL,E63009423,52.771768,-1.291408,18036,UN1,Shepshed,14870.0,Small,2,4,4,0.0
LE12 9DF,E63009423,52.766664,-1.287282,30193,UN1,Shepshed,14870.0,Small,2,4,4,0.0
LE12 9QY,E63009423,52.769896,-1.291068,10468,UN1,Shepshed,14870.0,Small,4,4,4,209.0
LE13 0QW,E63009407,52.752947,-0.888514,11082,UF1,Melton Mowbray,27450.0,Medium,0,0,5,1424.0
LE13 0TP,E63009407,52.764606,-0.887372,27922,UF1,Melton Mowbray,27450.0,Medium,3,4,5,282.0
LE13 1NX,E63009407,52.765368,-0.883381,9990,UF1,Melton Mowbray,27450.0,Medium,4,4,5,0.0
LE13 1XH,E63009407,52.764710,-0.884168,9990,UF1,Melton Mowbray,27450.0,Medium,4,4,5,90.0
LE14 3YD,E63009428,52.764427,-0.951654,27271,RLN1,Asfordby,2760.0,Minor,0,0,0,4595.0
LE14 4PA,E63009296,52.839236,-0.923903,31367,RSF1,Long Clawson,660.0,Minor,1,1,1,0.0
LE15 6AH,E63009645,52.669707,-0.728377,24291,UF1,Oakham,12160.0,Small,3,5,5,134.0
LE15 6AJ,E63009645,52.670042,-0.730290,24291,UF1,Oakham,12160.0,Small,5,5,5,0.0
LE15 6AL,E63009645,52.669520,-0.728501,24291,UF1,Oakham,12160.0,Small,3,5,5,134.0
LE15 6NT,E63009645,52.670821,-0.737529,19402,UF1,Oakham,12160.0,Small,3,5,5,0.0
LE15 9EG,E63009813,52.594891,-0.723545,27558,RLF1,Uppingham,4275.0,Minor,2,3,3,0.0
LE15 9NX,E63009813,52.595134,-0.723597,27558,RLF1,Uppingham,4275.0,Minor,2,3,3,27.0
LE15 9PZ,E63009813,52.588123,-0.720405,27558,RLF1,Uppingham,4275.0,Minor,0,3,3,782.0
LE16 7DR,E63010020,52.477423,-0.918771,29875,UF1,Market Harborough,24165.0,Medium,3,4,6,412.0
LE16 7NJ,E63010020,52.478624,-0.922231,20885,UF1,Market Harborough,24165.0,Medium,4,4,6,244.0
LE16 9BX,E63010020,52.477101,-0.924830,20885,UF1,Market Harborough,24165.0,Medium,4,4,6,0.0
LE16 9HL,E63010020,52.465460,-0.915207,24390,UF1,Market Harborough,24165.0,Medium,0,0,5,1449.0
LE17 4AD,E63010046,52.455118,-1.200311,24333,UN1,Lutterworth,10520.0,Small,3,3,3,292.0
LE17 4EB,E63010046,52.457341,-1.198004,24333,UN1,Lutterworth,10520.0,Small,3,3,3,0.0
LE18 1AD,E63009826,52.585547,-1.104705,7414,UN1,Wigston,34730.0,Medium,1,3,10,862.0
LE18 1DR,E63009826,52.587005,-1.106151,16144,UN1,Wigston,34730.0,Medium,1,3,10,836.0
LE18 2EW,E63009826,52.583301,-1.116912,8696,UN1,Wigston,34730.0,Medium,1,5,12,0.0
LE18 2GL,E63009826,52.576098,-1.110652,24653,UN1,Wigston,34730.0,Medium,0,2,7,906.0
LE18 4PB,E63009826,52.579808,-1.132006,9110,UN1,Wigston,34730.0,Medium,2,3,14,205.0
LE18 4SD,E63009826,52.580146,-1.131616,7301,UN1,Wigston,34730.0,Medium,2,3,15,169.0
LE19 1HJ,E63009743,52.597106,-1.180252,19015,UN1,Leicester,406580.0,Major,2,3,10,634.0
LE19 1WT,E63009743,52.598811,-1.183616,19015,UN1,Leicester,406580.0,Major,3,4,10,472.0
LE19 2DP,E63009846,52.573022,-1.200015,28466,UN1,Enderby and Narborough,13180.0,Small,2,2,6,107.0
LE19 2DU,E63009846,52.573984,-1.199983,28466,UN1,Enderby and Narborough,13180.0,Small,2,2,6,0.0
LE19 4BF,E63009750,52.613674,-1.221430,20623,UN1,Leicester Forest East and Kirby Muxloe,13850.0,Small,0,2,4,674.0
LE19 4NW,E63009846,52.587207,-1.207787,20623,UN1,Enderby and Narborough,13180.0,Small,2,2,6,250.0
LE2 0DS,E63009743,52.632798,-1.114159,9663,UN1,Leicester,406580.0,Major,8,27,54,67.0
LE2 0FS,E63009743,52.634328,-1.111985,8988,UN1,Leicester,406580.0,Major,6,28,58,235.0
LE2 0GL,E63009743,52.636657,-1.112145,8988,UN1,Leicester,406580.0,Major,6,24,59,215.0
LE2 0GQ,E63009743,52.636213,-1.110381,8206,UN1,Leicester,406580.0,Major,8,23,58,154.0
LE2 0PF,E63009743,52.628897,-1.122762,5490,UN1,Leicester,406580.0,Major,5,15,56,160.0
LE2 0QS,E63009743,52.628234,-1.120663,4408,UN1,Leicester,406580.0,Major,6,17,55,191.0
LE2 0TA,E63009743,52.631081,-1.119069,2367,UN1,Leicester,406580.0,Major,7,23,53,0.0
LE2 1GH,E63009743,52.627420,-1.113883,8738,UN1,Leicester,406580.0,Major,5,22,53,388.0
LE2 1HL,E63009743,52.625735,-1.108613,7312,UN1,Leicester,406580.0,Major,5,19,48,369.0
LE2 1QN,E63009743,52.624754,-1.106107,14855,UN1,Leicester,406580.0,Major,3,15,43,392.0
LE2 1TT,E63009743,52.617845,-1.117518,15931,UN1,Leicester,406580.0,Major,2,6,38,184.0
LE2 1TU,E63009743,52.617932,-1.117102,15931,UN1,Leicester,406580.0,Major,2,6,37,196.0
LE2 2BE,E63009743,52.616932,-1.101200,17183,UN1,Leicester,406580.0,Major,1,3,34,423.0
LE2 3WN,E63009743,52.604010,-1.116319,27619,UN1,Leicester,406580.0,Major,1,4,15,283.0
LE2 4AH,E63009802,52.603134,-1.086185,29098,UN1,Oadby,24030.0,Medium,3,5,13,398.0
LE2 4DD,E63009802,52.603855,-1.082936,29098,UN1,Oadby,24030.0,Medium,3,5,14,454.0
LE2 4FY,E63009802,52.601098,-1.062573,29271,UN1,Oadby,24030.0,Medium,1,4,12,324.0
LE2 4PE,E63009802,52.593900,-1.068661,24726,UN1,Oadby,24030.0,Medium,2,6,11,0.0
LE2 4PH,E63009802,52.596710,-1.070491,28807,UN1,Oadby,24030.0,Medium,3,9,11,336.0
LE2 5BB,E63009802,52.599949,-1.083564,20779,UN1,Oadby,24030.0,Medium,5,7,12,32.0
LE2 5BD,E63009802,52.597958,-1.081760,20779,UN1,Oadby,24030.0,Medium,3,9,11,119.0
LE2 6BD,E63009743,52.615229,-1.124719,24894,UN1,Leicester,406580.0,Major,3,7,31,569.0
LE2 6BR,E63009743,52.613023,-1.129194,7406,UN1,Leicester,406580.0,Major,3,7,28,934.0
LE2 6BT,E63009743,52.612166,-1.129964,7406,UN1,Leicester,406580.0,Major,3,4,24,975.0
LE2 6EH,E63009743,52.611883,-1.123324,25576,UN1,Leicester,406580.0,Major,3,8,26,526.0
LE2 6HS,E63009826,52.596966,-1.121761,23068,UN1,Wigston,34730.0,Medium,0,2,20,595.0
LE2 6UL,E63009743,52.601280,-1.141224,9182,UN1,Leicester,406580.0,Major,2,5,18,0.0
LE2 6UP,E63009743,52.601931,-1.142998,9182,UN1,Leicester,406580.0,Major,2,5,17,140.0
LE2 7HN,E63009743,52.628373,-1.143339,8762,UN1,Leicester,406580.0,Major,5,16,38,147.0
LE2 8TG,E63009743,52.602845,-1.155117,15515,UN1,Leicester,406580.0,Major,2,5,20,31.0
LE2 9BA,E63009743,52.590632,-1.145654,1024,UN1,Leicester,406580.0,Major,3,6,18,104.0
LE2 9DB,E63009743,52.590454,-1.143413,5112,UN1,Leicester,406580.0,Major,3,6,19,0.0
LE2 9PE,E63009743,52.586964,-1.160781,18344,UN1,Leicester,406580.0,Major,0,1,15,1065.0
LE2 9RW,E63009743,52.584258,-1.151962,3093,UN1,Leicester,406580.0,Major,1,7,14,462.0
LE3 0BG,E63009743,52.625704,-1.149640,7493,UN1,Leicester,406580.0,Major,5,15,28,284.0
LE3 0LE,E63009743,52.629976,-1.148627,7942,UN1,Leicester,406580.0,Major,9,16,31,201.0
LE3 0LP,E63009743,52.631351,-1.153580,12302,UN1,Leicester,406580.0,Major,7,13,27,0.0
LE3 0PA,E63009743,52.627517,-1.150492,7942,UN1,Leicester,406580.0,Major,10,14,28,129.0
LE3 0TG,E63009743,52.633222,-1.158892,12302,UN1,Leicester,406580.0,Major,3,10,30,414.0
LE3 1BL,E63009743,52.619845,-1.160182,8427,UN1,Leicester,406580.0,Major,1,3,24,0.0
LE3 1HN,E63009743,52.630916,-1.183892,308,UN1,Leicester,406580.0,Major,1,1,8,0.0
LE3 2JW,E63009743,52.610153,-1.177971,16319,UN1,Leicester,406580.0,Major,3,3,14,382.0
LE3 2LL,E63009743,52.599949,-1.177896,19015,UN1,Leicester,406580.0,Major,2,6,12,691.0
LE3 2PR,E63009743,52.606869,-1.176305,19656,UN1,Leicester,406580.0,Major,3,4,13,0.0
LE3 3DH,E63009743,52.626305,-1.199801,10484,UN1,Leicester,406580.0,Major,0,1,5,1190.0
LE3 3LW,E63009750,52.618797,-1.226760,29034,UN1,Leicester Forest East and Kirby Muxloe,13850.0,Small,1,2,4,0.0
LE3 3RU,E63009743,52.618751,-1.200780,26872,UN1,Leicester,406580.0,Major,0,2,8,759.0
LE3 5EZ,E63009743,52.640751,-1.151802,6879,UN1,Leicester,406580.0,Major,3,4,30,408.0
LE3 5LH,E63009743,52.631055,-1.146153,8762,UN1,Leicester,406580.0,Major,7,20,34,359.0
LE3 8BQ,E63009743,52.651548,-1.203716,23522,UN1,Leicester,406580.0,Major,0,3,10,639.0
LE3 8FB,E63009743,52.645813,-1.195824,16912,UN1,Leicester,406580.0,Major,0,2,11,649.0
LE3 8GS,E63009743,52.655293,-1.196537,19822,UN1,Leicester,406580.0,Major,1,3,11,0.0
LE3 9PW,E63009743,52.646655,-1.177037,3140,UN1,Leicester,406580.0,Major,1,4,17,0.0
LE4 0FS,E63009743,52.644248,-1.149326,6999,UN1,Leicester,406580.0,Major,2,3,33,79.0
LE4 0JS,E63009743,52.655023,-1.142464,17825,UN1,Leicester,406580.0,Major,2,2,25,146.0
LE4 0LR,E63009743,52.657949,-1.143072,17825,UN1,Leicester,406580.0,Major,2,5,25,185.0
LE4 0RY,E63009743,52.662107,-1.153740,1077,UN1,Leicester,406580.0,Major,1,5,12,26.0
LE4 1DG,E63009743,52.665949,-1.166886,11782,UN1,Leicester,406580.0,Major,0,3,15,954.0
LE4 1EF,E63009743,52.675577,-1.161778,21145,UN1,Leicester,406580.0,Major,1,1,9,0.0
LE4 2JD,E63009743,52.666213,-1.138356,2570,UN1,Leicester,406580.0,Major,0,1,23,1135.0
LE4 3HD,E63009641,52.681912,-1.131376,31782,UN1,Birstall,14315.0,Small,3,4,7,243.0
LE4 3JF,E63009641,52.680570,-1.128533,23810,UN1,Birstall,14315.0,Small,3,6,11,0.0
LE4 3LH,E63009641,52.686289,-1.128671,23810,UN1,Birstall,14315.0,Small,0,4,6,636.0
LE4 4EE,E63009641,52.676558,-1.116100,24819,UN1,Birstall,14315.0,Small,1,7,16,0.0
LE4 4ND,E63009641,52.680057,-1.124756,24178,UN1,Birstall,14315.0,Small,3,6,11,261.0
LE4 5AT,E63009743,52.648441,-1.123894,9738,UN1,Leicester,406580.0,Major,7,14,41,0.0
LE4 5AU,E63009743,52.650104,-1.122738,5618,UN1,Leicester,406580.0,Major,10,15,38,201.0
LE4 5HH,E63009743,52.651723,-1.126401,5618,UN1,Leicester,406580.0,Major,7,15,33,402.0
LE4 5LG,E63009743,52.656927,-1.122586,3513,UN1,Leicester,406580.0,Major,4,15,26,465.0
LE4 5LJ,E63009743,52.652165,-1.121809,8133,UN1,Leicester,406580.0,Major,11,15,34,258.0
LE4 5LR,E63009743,52.657967,-1.122181,3513,UN1,Leicester,406580.0,Major,3,11,23,551.0
LE4 6AW,E63009743,52.648059,-1.122113,9738,UN1,Leicester,406580.0,Major,7,15,47,0.0
LE4 6FD,E63009743,52.649515,-1.117177,12773,UN1,Leicester,406580.0,Major,10,15,46,356.0
LE4 6JT,E63009743,52.651582,-1.117165,12036,UN1,Leicester,406580.0,Major,7,15,38,235.0
LE4 6PN,E63009743,52.652503,-1.120058,12036,UN1,Leicester,406580.0,Major,8,15,32,145.0
LE4 6QS,E63009743,52.655042,-1.118189,8255,UN1,Leicester,406580.0,Major,7,15,29,176.0
LE4 6QT,E63009743,52.656633,-1.116900,8133,UN1,Leicester,406580.0,Major,4,11,31,369.0
LE4 7ZX,E63009743,52.663205,-1.103815,6671,UN1,Leicester,406580.0,Major,1,2,25,0.0
LE4 8EA,E63009637,52.672402,-1.103731,18124,UN1,Thurmaston,9505.0,Small,2,6,16,0.0
LE4 8ED,E63009637,52.677738,-1.099747,18124,UN1,Thurmaston,9505.0,Small,1,6,14,258.0
LE4 8GN,E63009637,52.684772,-1.087265,21345,UN1,Thurmaston,9505.0,Small,1,1,9,1402.0
LE4 8GP,E63009637,52.683971,-1.089471,21345,UN1,Thurmaston,9505.0,Small,1,2,10,1232.0
LE4 8NH,E63009637,52.674753,-1.089026,24956,UN1,Thurmaston,9505.0,Small,1,3,12,289.0
LE4 9LG,E63009743,52.658041,-1.095065,14151,UN1,Leicester,406580.0,Major,0,3,28,823.0
LE4 9LJ,E63009743,52.656986,-1.084072,14151,UN1,Leicester,406580.0,Major,0,1,17,1132.0
LE5 0LF,E63009743,52.647539,-1.096006,2452,UN1,Leicester,406580.0,Major,1,7,41,197.0
LE5 0PR,E63009743,52.645126,-1.089641,2452,UN1,Leicester,406580.0,Major,5,8,32,0.0
LE5 0QD,E63009743,52.642365,-1.102423,6824,UN1,Leicester,406580.0,Major,3,17,54,450.0
LE5 0QG,E63009743,52.642365,-1.088309,2452,UN1,Leicester,406580.0,Major,4,9,35,320.0
LE5 1BJ,E63009743,52.652635,-1.070179,12271,UN1,Leicester,406580.0,Major,1,4,12,193.0
LE5 1DR,E63009743,52.648275,-1.061181,5134,UN1,Leicester,406580.0,Major,1,3,11,0.0
LE5 1QN,E63009743,52.659570,-1.068465,21764,UN1,Leicester,406580.0,Major,0,2,6,799.0
LE5 2BB,E63009743,52.640815,-1.073991,16760,UN1,Leicester,406580.0,Major,0,1,21,1153.0
LE5 2NL,E63009743,52.637548,-1.048495,7372,UN1,Leicester,406580.0,Major,0,1,6,661.0
LE5 3GH,E63009743,52.641154,-1.108788,5020,UN1,Leicester,406580.0,Major,3,15,58,0.0
LE5 3QN,E63009743,52.638111,-1.102185,7862,UN1,Leicester,406580.0,Major,4,19,51,480.0
LE5 3SG,E63009743,52.635859,-1.107595,8379,UN1,Leicester,406580.0,Major,8,23,56,203.0
LE5 4BP,E63009743,52.642020,-1.094937,12615,UN1,Leicester,406580.0,Major,4,12,40,0.0
LE5 4QB,E63009743,52.635721,-1.102426,11212,UN1,Leicester,406580.0,Major,5,23,47,265.0
LE5 4WE,E63009743,52.626574,-1.086627,16647,UN1,Leicester,406580.0,Major,1,2,32,499.0
LE5 5AZ,E63009743,52.630453,-1.107188,6146,UN1,Leicester,406580.0,Major,9,25,48,0.0
LE5 5BA,E63009743,52.629956,-1.109281,9663,UN1,Leicester,406580.0,Major,10,25,51,119.0
LE5 5FD,E63009743,52.633650,-1.104374,9221,UN1,Leicester,406580.0,Major,8,23,51,0.0
LE5 5FL,E63009743,52.631098,-1.103274,9523,UN1,Leicester,406580.0,Major,8,21,47,226.0
LE5 5LH,E63009743,52.627716,-1.103077,12814,UN1,Leicester,406580.0,Major,8,17,45,385.0
LE5 6DN,E63009743,52.621168,-1.075690,19673,UN1,Leicester,406580.0,Major,0,2,10,963.0
LE5 6PX,E63009743,52.629038,-1.060174,21733,UN1,Leicester,406580.0,Major,1,2,8,461.0
LE6 0GG,E63009681,52.662467,-1.227617,21538,RLN1,Groby,6560.0,Small,1,1,1,187.0
LE6 0JG,E63009705,52.647495,-1.245189,28204,RLN1,Ratby,4265.0,Minor,2,3,4,100.0
LE6 0LE,E63009705,52.646999,-1.246424,28204,RLN1,Ratby,4265.0,Minor,2,3,4,0.0
LE65 1AL,E63009480,52.746496,-1.472562,29097,UN1,Ashby-de-la-Zouch,15120.0,Small,1,3,4,706.0
LE65 1JU,E63009480,52.748234,-1.473149,29807,UN1,Ashby-de-la-Zouch,15120.0,Small,1,3,4,604.0
LE65 1TE,E63009480,52.753084,-1.452199,28003,UN1,Ashby-de-la-Zouch,15120.0,Small,0,0,2,2043.0
LE65 2LP,E63009480,52.749369,-1.481920,29807,UN1,Ashby-de-la-Zouch,15120.0,Small,1,3,3,0.0
LE67 2BS,E63009557,52.711049,-1.365675,21333,UN1,Hugglescote,4630.0,Minor,1,1,9,0.0
LE67 3FA,E63009526,52.726986,-1.367147,11512,UN1,Coalville,21980.0,Medium,1,6,11,0.0
LE67 3PH,E63009526,52.722022,-1.373629,11512,UN1,Coalville,21980.0,Medium,1,3,9,704.0
LE67 3XJ,E63009526,52.724666,-1.373754,11512,UN1,Coalville,21980.0,Medium,1,3,9,514.0
LE67 4DD,E63009526,52.722237,-1.355015,11872,UN1,Coalville,21980.0,Medium,3,5,9,184.0
LE67 4DR,E63009526,52.721883,-1.357685,18521,UN1,Coalville,21980.0,Medium,2,5,9,0.0
LE67 5HB,E63009489,52.743006,-1.360516,28775,UN1,Whitwick,10455.0,Small,1,1,3,47.0
LE67 6JQ,E63009613,52.684848,-1.401189,10620,RLN1,Ibstock,6810.0,Small,2,2,2,42.0
LE67 6LG,E63009613,52.688126,-1.396927,19475,RLN1,Ibstock,6810.0,Small,2,2,2,488.0
LE67 9WU,E63009618,52.685103,-1.273047,27081,RLN1,Markfield,4760.0,Minor,1,1,1,0.0
LE7 1GZ,E63009586,52.699231,-1.073645,16792,UN1,Syston,13620.0,Small,3,3,5,350.0
LE7 2EQ,E63009586,52.700986,-1.069331,16792,UN1,Syston,13620.0,Small,3,4,5,0.0
LE7 2HD,E63009586,52.698496,-1.073957,16792,UN1,Syston,13620.0,Small,3,3,6,417.0
LE7 3FP,E63009572,52.704960,-1.059094,26128,UN1,Queniborough,3090.0,Minor,0,2,5,819.0
LE7 3XR,E63009543,52.714728,-1.050757,24669,RLN1,East Goscote,2890.0,Minor,0,0,3,1975.0
LE7 7AB,E63009646,52.671895,-1.189489,19851,RLN1,Anstey,7045.0,Small,2,2,8,184.0
LE7 7BJ,E63009646,52.673687,-1.184708,27941,RLN1,Anstey,7045.0,Small,2,2,6,195.0
LE7 7LL,E63009534,52.709054,-1.138874,25681,UN1,Mountsorrel,12885.0,Small,0,0,3,1431.0
LE7 9GD,E63009744,52.624320,-0.998937,32607,RLN1,Houghton on the Hill,1735.0,Minor,0,0,0,3556.0
LE8 0LN,E63009912,52.537845,-0.993988,25390,RLN1,Kibworth Beauchamp and Kibworth Harcourt,7330.0,Small,1,1,1,311.0
LE8 4DW,E63009869,52.573339,-1.165098,15811,UN1,Blaby and Whetstone,14080.0,Small,3,3,7,107.0
LE8 4HP,E63009869,52.576428,-1.164641,18966,UN1,Blaby and Whetstone,14080.0,Small,3,3,8,42.0
LE8 5QJ,E63009893,52.554535,-1.136767,22729,RLN1,Countesthorpe,7670.0,Small,1,1,1,0.0
LE8 6LP,E63009869,52.572625,-1.180029,20914,UN1,Blaby and Whetstone,14080.0,Small,0,0,7,1113.0
LE8 8AJ,E63009926,52.535578,-1.044757,28794,RLN1,Fleckney,4925.0,Minor,0,0,0,3207.0
LE8 9HB,E63009840,52.575585,-1.032541,29866,RLN1,Great Glen,4060.0,Minor,0,0,0,3178.0
LE9 1UW,E63009904,52.549137,-1.193488,23698,UN1,Cosby,3515.0,Minor,0,0,0,2798.0
LE9 2AE,E63009750,52.635253,-1.234346,27917,UN1,Leicester Forest East and Kirby Muxloe,13850.0,Small,0,1,6,995.0
LE9 4DQ,E63009897,52.548809,-1.277805,25193,RLN1,Stoney Stanton,4090.0,Minor,1,1,1,380.0
LE9 6RD,E63009934,52.534032,-1.229854,25418,RLN1,Broughton Astley,9650.0,Small,1,1,1,124.0
LE9 7ND,E63009851,52.575738,-1.318002,10385,UN1,Earl Shilton,10885.0,Small,2,2,2,337.0
LE9 7PB,E63009851,52.575227,-1.322924,10385,UN1,Earl Shilton,10885.0,Small,2,2,2,0.0
LE9 8DS,E63009867,52.565676,-1.348018,15168,UN1,Barwell,9150.0,Small,1,1,2,0.0
LE9 9JF,E63009747,52.625849,-1.293513,28091,RLN1,Desford,3815.0,Minor,1,1,1,252.0
LE9 9LD,E63009738,52.628004,-1.339883,30811,RLN1,Newbold Verdon,3095.0,Minor,0,1,1,773.0
LN1 1RU,E63008729,53.233437,-0.556379,15826,UN1,Lincoln,104555.0,Large,0,6,17,748.0
LN1 1XP,E63008729,53.230242,-0.544291,18764,UN1,Lincoln,104555.0,Large,5,15,21,0.0
LN1 1YA,E63008729,53.229465,-0.545426,18764,UN1,Lincoln,104555.0,Large,5,13,21,115.0
LN1 2HG,E63008653,53.271116,-0.664788,29265,RLN1,Saxilby,4430.0,Minor,1,1,1,408.0
LN1 3AE,E63008729,53.234938,-0.538678,14726,UN1,Lincoln,104555.0,Large,0,13,23,587.0
LN1 3LL,E63008729,53.239093,-0.544650,14726,UN1,Lincoln,104555.0,Large,1,6,23,33.0
LN10 6ST,E63008812,53.152597,-0.213197,17169,RLF1,Woodhall Spa,4685.0,Minor,2,2,2,152.0
LN11 9AA,E63008509,53.367348,-0.001570,11668,UN1,Louth,17420.0,Small,3,6,6,215.0
LN11 9EH,E63008509,53.362241,0.002264,11668,UN1,Louth,17420.0,Small,1,5,6,0.0
LN11 9JQ,E63008509,53.365803,-0.005370,11668,UN1,Louth,17420.0,Small,3,6,6,491.0
LN11 9PG,E63008509,53.367093,-0.003506,11668,UN1,Louth,17420.0,Small,3,6,6,302.0
LN12 1AF,E63008532,53.341603,0.261255,825,UF1,Mablethorpe,7630.0,Small,3,3,3,439.0
LN12 1DP,E63008532,53.338414,0.257346,825,UF1,Mablethorpe,7630.0,Small,3,3,3,0.0
LN12 2DR,E63008532,53.340308,0.260330,825,UF1,Mablethorpe,7630.0,Small,3,3,3,289.0
LN12 2EY,E63008578,53.312631,0.280861,5890,UF1,Sutton on Sea and Trusthorpe,5040.0,Small,0,0,0,3265.0
LN13 9DJ,E63008650,53.260553,0.176117,7609,RLF1,Alford (East Lindsey),3830.0,Minor,2,2,2,0.0
LN2 2HP,E63008729,53.248190,-0.523404,3723,UN1,Lincoln,104555.0,Large,1,1,13,72.0
LN2 2PD,E63008660,53.265558,-0.489624,30991,RLN1,Nettleham,3420.0,Minor,0,2,2,658.0
LN2 3LU,E63008604,53.306904,-0.481352,31462,RLN1,Welton (West Lindsey),4585.0,Minor,1,1,1,234.0
LN2 4LA,E63008729,53.239051,-0.509273,7440,UN1,Lincoln,104555.0,Large,3,6,12,310.0
LN2 4QQ,E63008729,53.240066,-0.515651,7440,UN1,Lincoln,104555.0,Large,1,5,15,541.0
LN2 4WA,E63008729,53.241505,-0.507075,20018,UN1,Lincoln,104555.0,Large,3,5,11,0.0
LN2 5HT,E63008729,53.230576,-0.529013,1302,UN1,Lincoln,104555.0,Large,1,10,26,126.0
LN3 4JL,E63008705,53.242121,-0.455172,21229,RLN1,Cherry Willingham,3445.0,Minor,0,0,0,2558.0
LN3 5UB,E63008746,53.210381,-0.326239,11783,RLN1,Bardney,2070.0,Minor,0,0,0,8784.0
LN4 1DQ,E63008739,53.220525,-0.469009,32222,RLN1,Washingborough and Heighington,6385.0,Small,1,1,1,324.0
LN4 1LH,E63008762,53.195853,-0.467986,12893,RLN1,Branston,4285.0,Minor,1,1,1,0.0
LN4 2LD,E63008769,53.194919,-0.535966,31085,RLN1,Bracebridge Heath,5790.0,Small,1,1,3,184.0
LN4 3EA,E63008830,53.140192,-0.403900,15593,RLN1,Metheringham,3525.0,Minor,2,2,2,232.0
LN4 4SG,E63008875,53.104809,-0.173754,15985,RLF1,Coningsby and Tattershall,5515.0,Small,1,2,2,0.0
LN5 0DZ,E63008872,53.107157,-0.524694,28389,RLN1,Navenby and Wellingore,,,2,2,2,0.0
LN5 7AL,E63008729,53.227482,-0.541299,14719,UN1,Lincoln,104555.0,Large,8,13,21,177.0
LN5 7ET,E63008729,53.227207,-0.538686,2387,UN1,Lincoln,104555.0,Large,5,13,21,0.0
LN5 7LB,E63008729,53.223742,-0.539074,2387,UN1,Lincoln,104555.0,Large,4,10,22,0.0
LN5 8DB,E63008729,53.215102,-0.547844,8785,UN1,Lincoln,104555.0,Large,0,1,13,950.0
LN5 9SA,E63008796,53.166136,-0.540550,23115,UN1,Waddington (North Kesteven),6830.0,Small,0,1,1,982.0
LN5 9TR,E63008729,53.191345,-0.556923,25041,UN1,Lincoln,104555.0,Large,1,1,5,255.0
LN6 0QB,E63008729,53.215266,-0.605287,17298,UN1,Lincoln,104555.0,Large,2,2,6,56.0
LN6 0QQ,E63008729,53.215771,-0.605375,17298,UN1,Lincoln,104555.0,Large,2,2,5,0.0
LN6 3AF,E63008729,53.206513,-0.615588,22726,UN1,Lincoln,104555.0,Large,0,0,4,1234.0
LN6 3QJ,E63008729,53.201700,-0.598331,25669,UN1,Lincoln,104555.0,Large,0,0,8,1571.0
LN6 5TW,E63008718,53.234066,-0.620183,27402,RLN1,Skellingthorpe,3115.0,Minor,0,0,0,2261.0
LN6 7PH,E63008729,53.208643,-0.561554,19628,UN1,Lincoln,104555.0,Large,1,1,5,288.0
LN6 7QL,E63008729,53.224407,-0.555304,16339,UN1,Lincoln,104555.0,Large,0,6,19,979.0
LN6 7QN,E63008729,53.204990,-0.580751,23588,UN1,Lincoln,104555.0,Large,0,0,7,1513.0
LN6 8HW,E63008773,53.194151,-0.580225,29237,UN1,North Hykeham,16845.0,Small,0,1,7,1329.0
LN6 8JY,E63008773,53.188436,-0.590277,22344,UN1,North Hykeham,16845.0,Small,1,3,6,451.0
LN6 8NH,E63008773,53.183454,-0.587133,22344,UN1,North Hykeham,16845.0,Small,0,2,4,798.0
LN6 9NG,E63008773,53.181840,-0.611982,24270,UN1,North Hykeham,16845.0,Small,0,0,3,1191.0
LN6 9WF,E63008822,53.149667,-0.665595,29357,RLN1,Witham St Hughs,3480.0,Minor,0,0,0,2513.0
LN7 6TJ,E63008347,53.497158,-0.315108,10362,RLN1,Caistor,2285.0,Minor,1,1,1,316.0
LN8 3EH,E63008492,53.387398,-0.336449,10816,RLN1,Market Rasen,4960.0,Minor,1,1,1,440.0
LN9 5HP,E63008745,53.208469,-0.116175,11838,RLF1,Horncastle,7295.0,Small,0,2,3,573.0
LN9 6AL,E63008745,53.208135,-0.107594,11838,RLF1,Horncastle,7295.0,Small,1,2,3,0.0
LS1 4DT,E63007883,53.795225,-1.547427,20160,UN1,Leeds (Leeds),,,4,14,40,550.0
LS1 5ET,E63007883,53.797259,-1.545781,14222,UN1,Leeds (Leeds),,,7,14,35,312.0
LS1 5EY,E63007883,53.797431,-1.546159,14222,UN1,Leeds (Leeds),,,7,14,37,294.0
LS1 5JS,E63007883,53.798715,-1.545811,14222,UN1,Leeds (Leeds),,,9,13,37,150.0
LS1 6BY,E63007883,53.797115,-1.540879,14222,UN1,Leeds (Leeds),,,8,13,36,221.0
LS1 7JH,E63007883,53.798377,-1.539484,14222,UN1,Leeds (Leeds),,,9,13,36,288.0
LS10 1ET,E63007883,53.788782,-1.540530,20160,UN1,Leeds (Leeds),,,0,5,35,806.0
LS10 2AP,E63007883,53.778858,-1.528665,2239,UN1,Leeds (Leeds),,,4,7,23,184.0
LS10 2AR,E63007883,53.779115,-1.527721,2239,UN1,Leeds (Leeds),,,4,7,23,119.0
LS10 2JJ,E63007883,53.772153,-1.533216,1129,UN1,Leeds (Leeds),,,1,10,16,0.0
LS10 3HU,E63007883,53.762622,-1.523143,538,UN1,Leeds (Leeds),,,0,0,13,1250.0
LS10 3NB,E63007883,53.749986,-1.535053,18717,UN1,Leeds (Leeds),,,2,4,8,0.0
LS10 4HT,E63007883,53.744119,-1.547430,823,UN1,Leeds (Leeds),,,2,2,8,1043.0
LS10 4LU,E63007883,53.747839,-1.547041,2724,UN1,Leeds (Leeds),,,2,5,6,824.0
LS10 4LX,E63007883,53.747836,-1.548709,2724,UN1,Leeds (Leeds),,,2,4,6,929.0
LS11 0JY,E63007883,53.769111,-1.583694,1032,UN1,Leeds (Leeds),,,0,1,8,884.0
LS11 5HZ,E63007883,53.775559,-1.545029,339,UN1,Leeds (Leeds),,,2,9,20,162.0
LS11 5LQ,E63007883,53.771194,-1.548110,7445,UN1,Leeds (Leeds),,,1,9,19,369.0
LS11 5NX,E63007883,53.779073,-1.542426,360,UN1,Leeds (Leeds),,,1,11,24,586.0
LS11 5SS,E63007883,53.764608,-1.548742,7445,UN1,Leeds (Leeds),,,0,1,20,1080.0
LS11 6AY,E63007883,53.777663,-1.554733,1190,UN1,Leeds (Leeds),,,2,7,21,105.0
LS11 7AB,E63007883,53.770346,-1.564399,6025,UN1,Leeds (Leeds),,,2,2,14,389.0
LS11 8BB,E63007883,53.778085,-1.554516,1190,UN1,Leeds (Leeds),,,2,7,22,93.0
LS11 8LL,E63007883,53.757870,-1.574143,20526,UN1,Leeds (Leeds),,,0,1,7,551.0
LS11 8PN,E63007883,53.772431,-1.569156,4659,UN1,Leeds (Leeds),,,2,2,14,0.0
LS11 9AH,E63007883,53.789639,-1.551115,15926,UN1,Leeds (Leeds),,,0,5,34,1096.0
LS11 9LY,E63007883,53.785107,-1.560224,5062,UN1,Leeds (Leeds),,,0,4,29,807.0
LS12 1HX,E63007883,53.790857,-1.574584,2163,UN1,Leeds (Leeds),,,3,5,25,96.0
LS12 1JZ,E63007883,53.792388,-1.575176,134,UN1,Leeds (Leeds),,,4,5,22,82.0
LS12 2EJ,E63007883,53.798351,-1.571366,134,UN1,Leeds (Leeds),,,1,8,33,429.0
LS12 3EY,E63007883,53.795765,-1.595393,3732,UN1,Leeds (Leeds),,,2,3,17,149.0
LS12 3HD,E63007883,53.796441,-1.593443,632,UN1,Leeds (Leeds),,,2,3,20,0.0
LS12 3NP,E63007883,53.800525,-1.599810,4435,UN1,Leeds (Leeds),,,0,4,20,617.0
LS12 5AT,E63007883,53.791873,-1.620249,12630,UN1,Leeds (Leeds),,,0,3,10,586.0
LS12 5SG,E63007883,53.782464,-1.601121,18442,UN1,Leeds (Leeds),,,1,1,9,0.0
LS13 2ET,E63007883,53.811865,-1.626584,1019,UN1,Leeds (Leeds),,,2,3,12,291.0
LS13 2UP,E63007883,53.814092,-1.628918,6072,UN1,Leeds (Leeds),,,2,3,11,0.0
LS13 4JA,E63007883,53.796491,-1.622515,12630,UN1,Leeds (Leeds),,,1,3,9,99.0
LS14 1HX,E63007883,53.825210,-1.483041,166,UN1,Leeds (Leeds),,,3,5,14,0.0
LS14 2EH,E63007883,53.836618,-1.457022,9147,UN1,Leeds (Leeds),,,1,1,7,1618.0
LS14 2LA,E63007883,53.832810,-1.457573,2260,UN1,Leeds (Leeds),,,1,1,10,1195.0
LS14 5BD,E63007883,53.822446,-1.445615,1194,UN1,Leeds (Leeds),,,1,5,12,0.0
LS14 5JS,E63007883,53.823149,-1.453884,2260,UN1,Leeds (Leeds),,,3,5,17,459.0
LS14 6DX,E63007883,53.813727,-1.455267,1979,UN1,Leeds (Leeds),,,1,5,18,0.0
LS14 6GG,E63007883,53.810591,-1.471572,211,UN1,Leeds (Leeds),,,2,3,22,0.0
LS14 6JD,E63007883,53.822227,-1.460702,493,UN1,Leeds (Leeds),,,3,5,19,0.0
LS14 6NX,E63007883,53.820620,-1.459173,493,UN1,Leeds (Leeds),,,3,7,20,205.0
LS14 6UF,E63007883,53.805068,-1.481131,5957,UN1,Leeds (Leeds),,,0,4,19,693.0
LS15 0LF,E63007883,53.796252,-1.468898,14630,UN1,Leeds (Leeds),,,1,2,14,1159.0
LS15 7JR,E63007883,53.796239,-1.470006,15096,UN1,Leeds (Leeds),,,1,2,14,1154.0
LS15 8BA,E63007883,53.807471,-1.449350,16671,UN1,Leeds (Leeds),,,3,5,21,0.0
LS15 8BZ,E63007883,53.804226,-1.451366,16671,UN1,Leeds (Leeds),,,3,5,18,384.0
LS15 8DX,E63007883,53.807222,-1.450067,16671,UN1,Leeds (Leeds),,,3,5,21,55.0
LS15 8GG,E63007883,53.800324,-1.424088,30020,UN1,Leeds (Leeds),,,1,2,9,314.0
LS15 8NN,E63007883,53.798264,-1.440969,30020,UN1,Leeds (Leeds),,,1,5,13,0.0
LS15 9JA,E63007883,53.794642,-1.435278,30020,UN1,Leeds (Leeds),,,1,5,9,370.0
LS16 5BQ,E63007883,53.833257,-1.604377,22444,UN1,Leeds (Leeds),,,0,4,8,679.0
LS16 6FR,E63007883,53.846647,-1.603993,3083,UN1,Leeds (Leeds),,,1,4,9,0.0
LS16 7AP,E63007883,53.853215,-1.614375,14670,UN1,Leeds (Leeds),,,0,5,7,520.0
LS16 7RX,E63007883,53.855755,-1.607723,6103,UN1,Leeds (Leeds),,,2,3,8,0.0
LS16 7RY,E63007883,53.856091,-1.606018,6103,UN1,Leeds (Leeds),,,2,3,8,118.0
LS16 8EX,E63007883,53.850635,-1.581869,29887,UN1,Leeds (Leeds),,,0,1,7,682.0
LS16 9AF,E63007786,53.884309,-1.618745,29788,RLN1,Bramhope,3590.0,Minor,1,1,1,328.0
LS17 5AX,E63007883,53.840946,-1.544580,23267,UN1,Leeds (Leeds),,,0,7,17,699.0
LS17 5DT,E63007883,53.847039,-1.551688,3776,UN1,Leeds (Leeds),,,2,3,11,0.0
LS17 5NY,E63007883,53.844942,-1.550905,2632,UN1,Leeds (Leeds),,,2,3,12,239.0
LS17 6NA,E63007883,53.838718,-1.535577,27744,UN1,Leeds (Leeds),,,1,5,23,411.0
LS17 6PZ,E63007883,53.843197,-1.534023,22841,UN1,Leeds (Leeds),,,2,6,17,0.0
LS17 7BE,E63007883,53.857023,-1.560992,28857,UN1,Leeds (Leeds),,,0,1,5,868.0
LS17 8AE,E63007883,53.850184,-1.525783,20734,UN1,Leeds (Leeds),,,1,3,12,348.0
LS18 4AP,E63007883,53.838786,-1.639095,23711,UN1,Leeds (Leeds),,,1,2,3,1871.0
LS18 4QB,E63007883,53.832260,-1.641932,30465,UN1,Leeds (Leeds),,,0,2,4,1830.0
LS18 4SE,E63007883,53.839727,-1.635409,20650,UN1,Leeds (Leeds),,,1,2,6,1632.0
LS19 6DD,E63007823,53.855548,-1.687432,26367,UN1,Rawdon,6740.0,Small,0,0,4,1107.0
LS19 7JN,E63007804,53.866228,-1.684874,5701,UN1,Yeadon,14270.0,Small,3,3,7,0.0
LS19 7SP,E63007804,53.866224,-1.683414,5701,UN1,Yeadon,14270.0,Small,3,3,7,96.0
LS2 7ES,E63007883,53.795349,-1.537513,8973,UN1,Leeds (Leeds),,,4,13,39,77.0
LS2 8NG,E63007883,53.801630,-1.544049,14222,UN1,Leeds (Leeds),,,6,18,39,204.0
LS2 8PJ,E63007883,53.802209,-1.544984,14222,UN1,Leeds (Leeds),,,4,18,41,243.0
LS2 9ET,E63007883,53.807759,-1.546275,8913,UN1,Leeds (Leeds),,,4,14,49,234.0
LS2 9HB,E63007883,53.808374,-1.552054,15095,UN1,Leeds (Leeds),,,2,12,45,157.0
LS20 8AH,E63007796,53.873449,-1.711252,20368,UN1,Guiseley,12460.0,Small,2,2,6,189.0
LS20 8QH,E63007796,53.871152,-1.709215,20368,UN1,Guiseley,12460.0,Small,2,2,6,162.0
LS21 1BQ,E63007758,53.906768,-1.693687,20321,UN1,Otley (Leeds),14540.0,Small,5,6,6,0.0
LS21 1LH,E63007764,53.902217,-1.628687,29444,RLN1,Pool-in-Wharfedale,1990.0,Minor,0,0,0,2410.0
LS21 3AQ,E63007758,53.905619,-1.694045,20321,UN1,Otley (Leeds),14540.0,Small,5,5,6,130.0
LS21 3HJ,E63007758,53.904783,-1.693945,20321,UN1,Otley (Leeds),14540.0,Small,5,5,6,221.0
LS21 3HN,E63007758,53.905197,-1.694459,20321,UN1,Otley (Leeds),14540.0,Small,5,5,6,182.0
LS22 5AW,E63007753,53.907607,-1.411595,32664,UN1,Collingham (Leeds),2360.0,Minor,1,1,1,179.0
LS22 6FL,E63007725,53.928883,-1.384933,18917,UN1,Wetherby,11710.0,Small,4,4,5,106.0
LS22 6RT,E63007725,53.930296,-1.388933,18917,UN1,Wetherby,11710.0,Small,3,4,5,0.0
LS23 6BT,E63007761,53.904255,-1.345569,28768,RLN1,Boston Spa,6360.0,Small,2,2,3,178.0
LS24 9AP,E63007783,53.883459,-1.262009,22611,RLN1,Tadcaster,6340.0,Small,2,2,2,336.0
LS24 9AQ,E63007783,53.884359,-1.262236,24874,RLN1,Tadcaster,6340.0,Small,2,2,2,291.0
LS25 1AA,E63007896,53.794878,-1.388001,17957,UN1,Garforth,15155.0,Small,4,4,5,178.0
LS25 1HB,E63007896,53.792314,-1.387446,22784,UN1,Garforth,15155.0,Small,3,4,5,0.0
LS25 2AR,E63007896,53.787730,-1.373685,29974,UN1,Garforth,15155.0,Small,0,0,7,1038.0
LS25 2DX,E63007896,53.797415,-1.383136,17957,UN1,Garforth,15155.0,Small,1,4,5,500.0
LS25 5AA,E63007911,53.779296,-1.249176,29832,RLN1,South Milford,2410.0,Minor,1,1,1,0.0
LS25 6EA,E63007894,53.798972,-1.252120,15087,RLN1,Sherburn in Elmet,8570.0,Small,1,1,1,100.0
LS25 7AB,E63007928,53.766557,-1.368964,9235,UN1,Kippax,10300.0,Small,1,3,3,0.0
LS25 7JN,E63007928,53.771369,-1.367860,26378,UN1,Kippax,10300.0,Small,1,3,4,0.0
LS26 0AP,E63007956,53.748445,-1.477280,19121,UN1,Rothwell (Leeds),20965.0,Medium,1,2,4,1885.0
LS26 0QD,E63007956,53.748400,-1.479388,19121,UN1,Rothwell (Leeds),20965.0,Medium,2,2,2,2021.0
LS26 0UE,E63007956,53.747086,-1.485015,19121,UN1,Rothwell (Leeds),20965.0,Medium,1,2,3,2075.0
LS26 8DY,E63007937,53.769195,-1.421722,15358,RLN1,Swillington,3075.0,Minor,0,0,0,2601.0
LS26 8SZ,E63007956,53.752509,-1.449446,20705,UN1,Rothwell (Leeds),20965.0,Medium,1,1,2,0.0
LS26 9AB,E63007985,53.735587,-1.393925,19387,RSN1,Mickletown,3355.0,Minor,1,1,3,136.0
LS27 0BP,E63007971,53.735243,-1.610148,9351,UN1,Morley (Leeds),32550.0,Medium,0,2,9,932.0
LS27 7DX,E63007952,53.756778,-1.629893,8281,UN1,Gildersome,6275.0,Small,1,1,3,45.0
LS27 7PT,E63007971,53.758807,-1.593003,18707,UN1,Morley (Leeds),32550.0,Medium,0,0,12,1222.0
LS27 9BG,E63007971,53.745346,-1.602215,7248,UN1,Morley (Leeds),32550.0,Medium,8,8,10,227.0
LS27 9BP,E63007971,53.745073,-1.601171,7248,UN1,Morley (Leeds),32550.0,Medium,8,8,10,289.0
LS27 9BQ,E63007971,53.746382,-1.602888,7248,UN1,Morley (Leeds),32550.0,Medium,6,8,10,248.0
LS27 9EN,E63007971,53.743055,-1.604996,20096,UN1,Morley (Leeds),32550.0,Medium,8,9,10,0.0
LS27 9EW,E63007971,53.742198,-1.598788,7248,UN1,Morley (Leeds),32550.0,Medium,5,8,10,0.0
LS27 9NB,E63007971,53.744791,-1.605541,7248,UN1,Morley (Leeds),32550.0,Medium,6,8,10,0.0
LS28 5LD,E63007884,53.812328,-1.671337,31511,UN1,Pudsey,34850.0,Medium,2,4,12,193.0
LS28 5PD,E63007853,53.828926,-1.687449,23055,UN1,Calverley,3985.0,Minor,0,0,5,1745.0
LS28 6AN,E63007884,53.803925,-1.668335,15779,UN1,Pudsey,34850.0,Medium,1,4,15,779.0
LS28 6DR,E63007884,53.806450,-1.668331,25901,UN1,Pudsey,34850.0,Medium,1,4,15,501.0
LS28 6PA,E63007883,53.810495,-1.649270,7397,UN1,Leeds (Leeds),,,0,0,16,1042.0
LS28 7BR,E63007884,53.795482,-1.660963,8564,UN1,Pudsey,34850.0,Medium,4,7,14,56.0
LS28 7LD,E63007884,53.796299,-1.663841,8564,UN1,Pudsey,34850.0,Medium,4,8,14,172.0
LS28 7RF,E63007884,53.795080,-1.664822,8564,UN1,Pudsey,34850.0,Medium,5,6,14,66.0
LS28 8BL,E63007884,53.792272,-1.670127,13386,UN1,Pudsey,34850.0,Medium,2,5,11,489.0
LS28 8LE,E63007884,53.800926,-1.689979,8894,UN1,Pudsey,34850.0,Medium,1,1,15,205.0
LS28 9AR,E63007883,53.798849,-1.653254,15732,UN1,Leeds (Leeds),,,1,6,12,281.0
LS29 0LZ,E63007718,53.943698,-1.881427,22949,RLN1,Addingham,3250.0,Minor,1,1,1,0.0
LS29 6HY,E63007778,53.888418,-1.736740,29347,UN1,Menston,5905.0,Small,0,0,0,2486.0
LS29 7JN,E63007752,53.913930,-1.751195,26788,RLF1,Burley in Wharfedale,6805.0,Small,1,1,1,243.0
LS29 8AG,E63007736,53.925921,-1.823731,25647,UF1,Ilkley,14845.0,Small,1,5,5,567.0
LS29 8SR,E63007736,53.924019,-1.820085,24118,UF1,Ilkley,14845.0,Small,5,5,5,269.0
LS29 8TH,E63007736,53.923573,-1.816052,24118,UF1,Ilkley,14845.0,Small,4,5,5,0.0
LS3 1DT,E63007883,53.805639,-1.568528,4084,UN1,Leeds (Leeds),,,2,10,41,144.0
LS4 2EL,E63007883,53.807558,-1.579760,2500,UN1,Leeds (Leeds),,,2,7,33,0.0
LS5 3QT,E63007883,53.827342,-1.615325,3230,UN1,Leeds (Leeds),,,1,2,12,0.0
LS5 3RP,E63007883,53.814358,-1.602473,9880,UN1,Leeds (Leeds),,,2,2,20,363.0
LS6 1EG,E63007883,53.812294,-1.569690,20071,UN1,Leeds (Leeds),,,3,8,29,309.0
LS6 1LU,E63007883,53.811885,-1.575829,16402,UN1,Leeds (Leeds),,,2,12,31,267.0
LS6 1PY,E63007883,53.805731,-1.569180,2500,UN1,Leeds (Leeds),,,2,10,41,156.0
LS6 2AF,E63007883,53.820823,-1.576924,18901,UN1,Leeds (Leeds),,,4,9,20,0.0
LS6 2DP,E63007883,53.821173,-1.576738,18901,UN1,Leeds (Leeds),,,4,9,20,41.0
LS6 2RY,E63007883,53.814116,-1.546875,8537,UN1,Leeds (Leeds),,,2,7,57,25.0
LS6 2UE,E63007883,53.822257,-1.578322,14356,UN1,Leeds (Leeds),,,4,8,20,184.0
LS6 3EJ,E63007883,53.817889,-1.586051,20203,UN1,Leeds (Leeds),,,1,8,20,134.0
LS6 4AY,E63007883,53.827177,-1.566742,18432,UN1,Leeds (Leeds),,,1,6,18,61.0
LS7 1AB,E63007883,53.808603,-1.532067,2088,UN1,Leeds (Leeds),,,2,12,59,498.0
LS7 1ST,E63007883,53.807780,-1.539973,9616,UN1,Leeds (Leeds),,,2,13,53,0.0
LS7 3DR,E63007883,53.825104,-1.543414,23565,UN1,Leeds (Leeds),,,3,9,38,0.0
LS7 3DX,E63007883,53.816288,-1.531906,2345,UN1,Leeds (Leeds),,,4,18,48,173.0
LS7 3EX,E63007883,53.817832,-1.531630,2345,UN1,Leeds (Leeds),,,7,18,48,0.0
LS7 3RA,E63007883,53.827031,-1.546721,23565,UN1,Leeds (Leeds),,,3,6,28,0.0
LS7 4BB,E63007883,53.811448,-1.526204,1544,UN1,Leeds (Leeds),,,4,19,54,0.0
LS7 4EU,E63007883,53.817449,-1.527807,5365,UN1,Leeds (Leeds),,,5,18,47,255.0
LS7 4FD,E63007883,53.817274,-1.528933,5365,UN1,Leeds (Leeds),,,4,18,48,188.0
LS7 4HZ,E63007883,53.822131,-1.532144,13442,UN1,Leeds (Leeds),,,5,15,41,0.0
LS7 4JQ,E63007883,53.823348,-1.523928,28732,UN1,Leeds (Leeds),,,0,16,41,556.0
LS7 4LA,E63007883,53.825868,-1.534078,15435,UN1,Leeds (Leeds),,,5,12,37,120.0
LS7 4NY,E63007883,53.829406,-1.537868,15435,UN1,Leeds (Leeds),,,2,9,32,379.0
LS8 1AY,E63007883,53.843035,-1.513522,22628,UN1,Leeds (Leeds),,,1,2,9,0.0
LS8 1QR,E63007883,53.836101,-1.521428,16839,UN1,Leeds (Leeds),,,0,3,23,929.0
LS8 3AY,E63007883,53.823123,-1.486818,4464,UN1,Leeds (Leeds),,,3,5,12,340.0
LS8 3BZ,E63007883,53.819585,-1.493985,4464,UN1,Leeds (Leeds),,,1,5,26,0.0
LS8 4BA,E63007883,53.826505,-1.506801,22114,UN1,Leeds (Leeds),,,0,1,34,1140.0
LS8 4BU,E63007883,53.821895,-1.511366,8884,UN1,Leeds (Leeds),,,0,8,38,844.0
LS8 4HF,E63007883,53.819336,-1.518626,5365,UN1,Leeds (Leeds),,,4,18,44,404.0
LS8 4HS,E63007883,53.816886,-1.517454,2654,UN1,Leeds (Leeds),,,7,20,43,159.0
LS8 4JL,E63007883,53.816982,-1.521159,1338,UN1,Leeds (Leeds),,,7,21,45,209.0
LS8 5HR,E63007883,53.815590,-1.516998,2828,UN1,Leeds (Leeds),,,7,21,40,120.0
LS8 5JP,E63007883,53.814698,-1.514183,1484,UN1,Leeds (Leeds),,,6,19,41,324.0
LS8 5PL,E63007883,53.813805,-1.519980,968,UN1,Leeds (Leeds),,,8,21,45,50.0
LS9 0EW,E63007883,53.800193,-1.482239,5957,UN1,Leeds (Leeds),,,0,3,13,1025.0
LS9 6AP,E63007883,53.808507,-1.508074,408,UN1,Leeds (Leeds),,,6,11,39,112.0
LS9 6AU,E63007883,53.808932,-1.506520,408,UN1,Leeds (Leeds),,,5,8,39,0.0
LS9 6AX,E63007883,53.809375,-1.509294,474,UN1,Leeds (Leeds),,,7,14,38,189.0
LS9 6EY,E63007883,53.807314,-1.506448,408,UN1,Leeds (Leeds),,,5,11,36,180.0
LS9 7BD,E63007883,53.810019,-1.510593,474,UN1,Leeds (Leeds),,,7,14,42,227.0
LS9 7SU,E63007883,53.802109,-1.526172,355,UN1,Leeds (Leeds),,,1,5,55,64.0
LS9 8RZ,E63007883,53.792857,-1.523058,2845,UN1,Leeds (Leeds),,,1,6,35,534.0
LS9 9BP,E63007883,53.797850,-1.510795,1980,UN1,Leeds (Leeds),,,0,6,29,586.0
LS9 9EF,E63007883,53.800277,-1.497846,2407,UN1,Leeds (Leeds),,,1,3,23,0.0
LS9 9JD,E63007883,53.793184,-1.514948,161,UN1,Leeds (Leeds),,,2,4,28,0.0
LS9 9JG,E63007883,53.794596,-1.517497,318,UN1,Leeds (Leeds),,,3,5,38,230.0
LU1 1BW,E63011256,51.884263,-0.427402,5952,UN1,Luton,233525.0,Major,7,16,35,0.0
LU1 1DY,E63011256,51.880627,-0.422516,3663,UN1,Luton,233525.0,Major,4,21,32,110.0
LU1 1NE,E63011256,51.881876,-0.431858,5952,UN1,Luton,233525.0,Major,3,11,35,405.0
LU1 2AZ,E63011256,51.879041,-0.415525,3663,UN1,Luton,233525.0,Major,8,15,27,141.0
LU1 2BG,E63011256,51.879005,-0.414190,3663,UN1,Luton,233525.0,Major,8,15,27,150.0
LU1 2TJ,E63011256,51.879559,-0.415260,3663,UN1,Luton,233525.0,Major,8,17,27,196.0
LU1 3AG,E63011256,51.875445,-0.415594,5632,UN1,Luton,233525.0,Major,10,14,24,0.0
LU1 3UA,E63011256,51.874502,-0.418358,5322,UN1,Luton,233525.0,Major,7,14,24,0.0
LU1 4EE,E63011340,51.864510,-0.458155,30794,RLN1,Caddington,3290.0,Minor,1,1,2,0.0
LU1 5RD,E63011256,51.875084,-0.439009,2799,UN1,Luton,233525.0,Major,0,1,27,1179.0
LU2 0BW,E63011256,51.884253,-0.412625,4867,UN1,Luton,233525.0,Major,0,12,28,724.0
LU2 7SF,E63011256,51.908319,-0.411601,29531,UN1,Luton,233525.0,Major,0,0,9,1440.0
LU2 7UP,E63011256,51.902762,-0.395751,10088,UN1,Luton,233525.0,Major,3,4,6,212.0
LU2 7UR,E63011256,51.902498,-0.396821,10088,UN1,Luton,233525.0,Major,3,4,6,239.0
LU2 7XH,E63011256,51.902677,-0.394795,10088,UN1,Luton,233525.0,Major,3,4,6,177.0
LU2 8DL,E63011256,51.912331,-0.387951,25431,UN1,Luton,233525.0,Major,0,0,5,1314.0
LU2 9AB,E63011256,51.894234,-0.392160,10646,UN1,Luton,233525.0,Major,0,4,9,780.0
LU2 9SB,E63011256,51.892339,-0.369440,26244,UN1,Luton,233525.0,Major,3,3,5,0.0
LU2 9TA,E63011256,51.889047,-0.372611,22166,UN1,Luton,233525.0,Major,3,3,5,80.0
LU3 1AW,E63011256,51.892600,-0.430264,8677,UN1,Luton,233525.0,Major,6,15,34,176.0
LU3 1EL,E63011256,51.890933,-0.427997,7059,UN1,Luton,233525.0,Major,5,14,37,167.0
LU3 1HA,E63011256,51.892422,-0.427713,7059,UN1,Luton,233525.0,Major,3,15,35,0.0
LU3 1NR,E63011256,51.894621,-0.434815,8677,UN1,Luton,233525.0,Major,4,12,30,120.0
LU3 1NX,E63011256,51.895476,-0.435541,8677,UN1,Luton,233525.0,Major,4,11,30,80.0
LU3 1PB,E63011256,51.898816,-0.436573,13239,UN1,Luton,233525.0,Major,3,9,27,422.0
LU3 2BE,E63011256,51.919895,-0.427259,14605,UN1,Luton,233525.0,Major,0,4,12,740.0
LU3 2DQ,E63011256,51.913366,-0.430599,7410,UN1,Luton,233525.0,Major,0,6,15,554.0
LU3 2HX,E63011256,51.908929,-0.434287,7410,UN1,Luton,233525.0,Major,1,4,21,0.0
LU3 2NJ,E63011256,51.900621,-0.448589,10798,UN1,Luton,233525.0,Major,1,7,30,167.0
LU3 2SZ,E63011256,51.910525,-0.446866,20074,UN1,Luton,233525.0,Major,0,5,26,527.0
LU3 3AH,E63011256,51.914918,-0.469222,12043,UN1,Luton,233525.0,Major,3,3,13,0.0
LU3 3BJ,E63011256,51.915685,-0.469428,12043,UN1,Luton,233525.0,Major,3,3,13,70.0
LU3 3FH,E63011256,51.918217,-0.452663,1349,UN1,Luton,233525.0,Major,1,2,20,176.0
LU3 4AB,E63011256,51.920893,-0.435397,25975,UN1,Luton,233525.0,Major,2,5,11,206.0
LU3 4AD,E63011256,51.920011,-0.438045,25975,UN1,Luton,233525.0,Major,2,6,11,0.0
LU4 0DU,E63011256,51.892838,-0.473606,8849,UN1,Luton,233525.0,Major,1,5,17,166.0
LU4 0TR,E63011256,51.904453,-0.495119,12778,UN1,Luton,233525.0,Major,3,4,14,0.0
LU4 0UN,E63011256,51.901703,-0.495923,9191,UN1,Luton,233525.0,Major,3,4,16,261.0
LU4 8BN,E63011256,51.886181,-0.430328,6034,UN1,Luton,233525.0,Major,6,17,36,293.0
LU4 8BY,E63011256,51.889730,-0.441597,3746,UN1,Luton,233525.0,Major,1,13,28,0.0
LU4 8DE,E63011256,51.891882,-0.449980,9701,UN1,Luton,233525.0,Major,1,5,27,110.0
LU4 8HX,E63011256,51.888440,-0.431804,5969,UN1,Luton,233525.0,Major,5,17,37,492.0
LU4 8JJ,E63011256,51.886849,-0.431220,5969,UN1,Luton,233525.0,Major,5,18,37,389.0
LU4 9FJ,E63011256,51.899506,-0.466462,5375,UN1,Luton,233525.0,Major,2,7,20,0.0
LU4 9PG,E63011256,51.905854,-0.471304,3830,UN1,Luton,233525.0,Major,1,4,23,116.0
LU4 9QD,E63011256,51.901123,-0.462903,14290,UN1,Luton,233525.0,Major,3,6,25,303.0
LU5 4AP,E63011288,51.878483,-0.505531,21105,UN1,Dunstable,34500.0,Medium,0,1,13,1269.0
LU5 4JD,,51.892056,-0.522302,14341,UN1,,,,2,10,17,0.0
LU5 4JU,E63011256,51.889638,-0.484832,23648,UN1,Luton,233525.0,Major,1,4,15,370.0
LU5 4NP,E63011256,51.892757,-0.498111,26440,UN1,Luton,233525.0,Major,0,2,20,747.0
LU5 4RF,E63011256,51.889091,-0.512445,21117,UN1,Luton,233525.0,Major,1,7,21,461.0
LU5 4RH,E63011288,51.887143,-0.520545,9318,UN1,Dunstable,34500.0,Medium,5,10,15,123.0
LU5 5BQ,E63011236,51.898253,-0.523886,20772,UN1,Houghton Regis,18820.0,Small,0,6,17,698.0
LU5 5ES,E63011236,51.904985,-0.519377,12425,UN1,Houghton Regis,18820.0,Small,2,3,13,97.0
LU5 5EZ,E63011236,51.905797,-0.518842,19622,UN1,Houghton Regis,18820.0,Small,2,3,11,0.0
LU5 6DE,E63011158,51.945783,-0.530373,23780,RLN1,Toddington (Central Bedfordshire),,,1,1,1,0.0
LU6 1LN,E63011288,51.890741,-0.527155,9318,UN1,Dunstable,34500.0,Medium,2,10,15,364.0
LU6 1SX,E63011288,51.885769,-0.522130,9318,UN1,Dunstable,34500.0,Medium,6,11,14,159.0
LU6 2HT,E63011310,51.868524,-0.588782,26147,RLN1,Eaton Bray and Edlesborough,4200.0,Minor,1,1,1,0.0
LU6 3BS,E63011288,51.878063,-0.519913,21440,UN1,Dunstable,34500.0,Medium,0,7,12,737.0
LU6 3RZ,E63011288,51.885378,-0.519615,14341,UN1,Dunstable,34500.0,Medium,5,11,14,84.0
LU7 0NR,E63011260,51.895875,-0.720050,31697,RLN1,Wing (Buckinghamshire),2980.0,Minor,1,1,1,335.0
LU7 1DN,E63011214,51.916261,-0.663563,11908,UN1,Leighton Buzzard,42735.0,Medium,6,7,9,230.0
LU7 1ER,E63011214,51.918726,-0.668434,14429,UN1,Leighton Buzzard,42735.0,Medium,3,6,9,264.0
LU7 1EU,E63011214,51.916685,-0.661326,11908,UN1,Leighton Buzzard,42735.0,Medium,5,7,9,88.0
LU7 1RS,E63011214,51.916304,-0.660203,11908,UN1,Leighton Buzzard,42735.0,Medium,4,7,9,0.0
LU7 2PJ,E63011214,51.918262,-0.687133,29261,UN1,Leighton Buzzard,42735.0,Medium,0,0,7,1346.0
LU7 4SZ,E63011214,51.909456,-0.661265,21226,UN1,Leighton Buzzard,42735.0,Medium,0,6,8,765.0
LU7 4UX,E63011214,51.902322,-0.666535,21226,UN1,Leighton Buzzard,42735.0,Medium,0,1,8,1500.0
LU7 9EP,E63011426,51.835340,-0.631823,28815,RSN1,Pitstone,4110.0,Minor,0,0,0,4728.0
M1 1LY,E63008401,53.481821,-2.237291,5978,UN1,Manchester,470405.0,Major,5,12,39,387.0
M1 1LZ,E63008401,53.481829,-2.237803,5978,UN1,Manchester,470405.0,Major,5,12,39,355.0
M1 1PL,E63008401,53.482754,-2.242932,12008,UN1,Manchester,470405.0,Major,4,12,41,0.0
M1 2BN,E63008401,53.477063,-2.229972,9306,UN1,Manchester,470405.0,Major,1,13,30,323.0
M1 4RL,E63008401,53.476499,-2.242294,8998,UN1,Manchester,470405.0,Major,2,10,36,284.0
M1 5AE,E63008401,53.476713,-2.243319,13269,UN1,Manchester,470405.0,Major,2,10,34,349.0
M11 1DA,E63008401,53.473665,-2.164900,1593,UN1,Manchester,470405.0,Major,3,4,21,0.0
M11 1LE,E63008401,53.472258,-2.162319,1165,UN1,Manchester,470405.0,Major,3,3,19,42.0
M11 3BE,E63008401,53.475787,-2.194363,1799,UN1,Manchester,470405.0,Major,3,5,21,11.0
M11 3SN,E63008401,53.476727,-2.196552,4832,UN1,Manchester,470405.0,Major,3,5,18,179.0
M11 4BD,E63008401,53.482980,-2.193025,450,UN1,Manchester,470405.0,Major,1,7,17,606.0
M11 4NE,E63008401,53.484914,-2.180345,653,UN1,Manchester,470405.0,Major,2,4,17,260.0
M11 4PA,E63008401,53.481621,-2.170341,808,UN1,Manchester,470405.0,Major,0,4,21,955.0
M11 4RQ,E63008401,53.482613,-2.186348,450,UN1,Manchester,470405.0,Major,3,6,12,239.0
M12 4NH,E63008401,53.457820,-2.199357,3239,UN1,Manchester,470405.0,Major,6,9,36,169.0
M12 5JE,E63008401,53.467205,-2.203859,724,UN1,Manchester,470405.0,Major,1,5,28,0.0
M12 5SJ,E63008401,53.450356,-2.190573,2778,UN1,Manchester,470405.0,Major,3,11,25,317.0
M13 0PW,E63008401,53.451292,-2.200997,4095,UN1,Manchester,470405.0,Major,0,17,36,542.0
M13 0RQ,E63008401,53.455815,-2.199588,2821,UN1,Manchester,470405.0,Major,5,10,36,181.0
M13 0RR,E63008401,53.457600,-2.201886,3239,UN1,Manchester,470405.0,Major,6,9,35,0.0
M13 0WQ,E63008401,53.456107,-2.202285,4095,UN1,Manchester,470405.0,Major,7,9,37,0.0
M13 9AB,E63008401,53.465692,-2.215842,1101,UN1,Manchester,470405.0,Major,0,9,37,570.0
M13 9UJ,E63008401,53.469802,-2.224540,1994,UN1,Manchester,470405.0,Major,1,5,36,0.0
M14 4EP,E63008401,53.453060,-2.236710,2730,UN1,Manchester,470405.0,Major,0,10,31,720.0
M14 4GP,E63008401,53.458766,-2.237449,5401,UN1,Manchester,470405.0,Major,0,8,33,764.0
M14 4RL,E63008401,53.453835,-2.244741,2216,UN1,Manchester,470405.0,Major,0,9,36,619.0
M14 5AL,E63008401,53.454530,-2.225077,3032,UN1,Manchester,470405.0,Major,5,10,39,73.0
M14 5AP,E63008401,53.453867,-2.223613,3032,UN1,Manchester,470405.0,Major,5,10,38,189.0
M14 5BY,E63008401,53.458281,-2.218726,11869,UN1,Manchester,470405.0,Major,1,11,37,0.0
M14 5LW,E63008401,53.452261,-2.222249,8342,UN1,Manchester,470405.0,Major,5,9,36,39.0
M14 5NP,E63008401,53.454635,-2.226162,3032,UN1,Manchester,470405.0,Major,5,10,36,0.0
M14 6NQ,E63008401,53.440968,-2.213956,16988,UN1,Manchester,470405.0,Major,3,7,41,66.0
M14 6SR,E63008401,53.434868,-2.212540,12456,UN1,Manchester,470405.0,Major,2,8,27,59.0
M14 6SS,E63008401,53.440772,-2.217929,9763,UN1,Manchester,470405.0,Major,3,6,38,208.0
M14 7DA,E63008401,53.446836,-2.238557,4589,UN1,Manchester,470405.0,Major,1,5,33,791.0
M14 7LE,E63008401,53.447942,-2.238503,4589,UN1,Manchester,470405.0,Major,1,5,32,906.0
M15 4BQ,E63008401,53.467158,-2.261026,1247,UN1,Manchester,470405.0,Major,2,10,35,135.0
M15 4EA,E63008401,53.468158,-2.259872,1247,UN1,Manchester,470405.0,Major,2,8,37,0.0
M15 5AS,E63008401,53.461032,-2.246107,12142,UN1,Manchester,470405.0,Major,0,7,38,762.0
M15 5TL,E63008401,53.467632,-2.249098,12142,UN1,Manchester,470405.0,Major,1,6,37,37.0
M15 6PQ,E63008401,53.467122,-2.239243,8745,UN1,Manchester,470405.0,Major,0,5,40,690.0
M16 0BH,E63008401,53.451489,-2.269649,10866,UN1,Manchester,470405.0,Major,3,11,33,158.0
M16 0EH,E63008401,53.447653,-2.268797,10866,UN1,Manchester,470405.0,Major,2,13,31,0.0
M16 0FF,E63008405,53.456007,-2.275189,8268,UN1,Old Trafford,21445.0,Medium,3,7,31,611.0
M16 0LN,E63008405,53.459403,-2.276070,7340,UN1,Old Trafford,21445.0,Medium,3,11,34,741.0
M16 0WL,E63008405,53.459231,-2.276505,7340,UN1,Old Trafford,21445.0,Medium,3,11,32,773.0
M16 7WS,E63008405,53.459146,-2.257934,1726,UN1,Old Trafford,21445.0,Medium,4,11,30,367.0
M16 8EB,E63008401,53.453063,-2.257130,8433,UN1,Manchester,470405.0,Major,3,12,38,82.0
M16 8EE,E63008401,53.452326,-2.257065,5347,UN1,Manchester,470405.0,Major,3,10,37,0.0
M16 9NH,E63008405,53.459052,-2.264034,5086,UN1,Old Trafford,21445.0,Medium,3,15,34,296.0
M16 9NW,E63008405,53.461412,-2.261970,3436,UN1,Old Trafford,21445.0,Medium,3,12,32,0.0
M16 9WR,E63008405,53.457723,-2.271511,12625,UN1,Old Trafford,21445.0,Medium,3,10,36,621.0
M17 1JX,E63008405,53.464222,-2.308516,18061,UN1,Old Trafford,21445.0,Medium,0,0,13,1059.0
M17 8BD,E63008405,53.464668,-2.345557,15860,UN1,Old Trafford,21445.0,Medium,1,2,15,1224.0
M18 7QT,E63008401,53.457238,-2.180890,1552,UN1,Manchester,470405.0,Major,1,5,26,290.0
M18 8LD,E63008401,53.462419,-2.172478,429,UN1,Manchester,470405.0,Major,1,3,12,227.0
M19 1FN,E63008401,53.431931,-2.200424,8514,UN1,Manchester,470405.0,Major,0,4,28,920.0
M19 1QP,E63008401,53.415042,-2.215525,11219,UN1,Manchester,470405.0,Major,2,8,18,599.0
M19 1TF,E63008478,53.418372,-2.213270,21827,UN1,Stockport,117935.0,Large,4,7,21,202.0
M19 1WA,E63008401,53.420927,-2.212275,11219,UN1,Manchester,470405.0,Major,3,4,26,90.0
M19 2DD,E63008401,53.444290,-2.201070,6368,UN1,Manchester,470405.0,Major,2,11,34,273.0
M19 3BS,E63008401,53.445465,-2.191168,5487,UN1,Manchester,470405.0,Major,5,10,27,0.0
M19 3DB,E63008401,53.446781,-2.188916,4679,UN1,Manchester,470405.0,Major,5,9,27,53.0
M19 3PJ,E63008401,53.444367,-2.192549,5487,UN1,Manchester,470405.0,Major,5,10,27,153.0
M20 1BH,E63008401,53.440390,-2.243625,4402,UN1,Manchester,470405.0,Major,1,7,36,0.0
M20 1EB,E63008401,53.434307,-2.237795,4123,UN1,Manchester,470405.0,Major,2,10,29,0.0
M20 1EY,E63008401,53.434414,-2.238307,4123,UN1,Manchester,470405.0,Major,2,10,28,36.0
M20 2DN,E63008401,53.418858,-2.232111,17748,UN1,Manchester,470405.0,Major,2,6,28,0.0
M20 2DW,E63008401,53.417582,-2.231743,17748,UN1,Manchester,470405.0,Major,4,7,29,144.0
M20 2RN,E63008401,53.413178,-2.231433,24162,UN1,Manchester,470405.0,Major,2,6,19,0.0
M20 3BG,E63008401,53.433884,-2.228716,4123,UN1,Manchester,470405.0,Major,3,6,31,0.0
M20 3HE,E63008401,53.433721,-2.229694,4123,UN1,Manchester,470405.0,Major,3,6,31,67.0
M20 4SS,E63008401,53.429939,-2.213960,1270,UN1,Manchester,470405.0,Major,1,7,28,0.0
M20 5NP,E63008401,53.412293,-2.219574,15323,UN1,Manchester,470405.0,Major,2,9,18,315.0
M20 6FJ,E63008401,53.421484,-2.217048,3777,UN1,Manchester,470405.0,Major,3,6,29,324.0
M20 6UR,E63008401,53.424909,-2.235515,25774,UN1,Manchester,470405.0,Major,0,7,31,583.0
M21 0AS,E63008401,53.442658,-2.275405,9992,UN1,Manchester,470405.0,Major,5,8,22,260.0
M21 0UF,E63008401,53.442335,-2.271518,13417,UN1,Manchester,470405.0,Major,4,8,25,0.0
M21 7NN,E63008401,53.422776,-2.263012,1154,UN1,Manchester,470405.0,Major,1,1,15,1052.0
M21 7QY,E63008401,53.424502,-2.258643,7315,UN1,Manchester,470405.0,Major,1,4,16,720.0
M21 8HA,E63008401,53.431977,-2.268728,3023,UN1,Manchester,470405.0,Major,1,1,19,0.0
M21 9AQ,E63008401,53.442939,-2.278508,9992,UN1,Manchester,470405.0,Major,5,8,23,124.0
M21 9AS,E63008401,53.442767,-2.278778,9992,UN1,Manchester,470405.0,Major,5,8,23,130.0
M21 9EQ,E63008401,53.438395,-2.280556,15142,UN1,Manchester,470405.0,Major,0,6,15,602.0
M22 0LA,E63008510,53.370278,-2.257291,3590,UN1,Wythenshawe,97660.0,Large,1,2,13,73.0
M22 4DB,E63008510,53.406329,-2.262369,13449,UN1,Wythenshawe,97660.0,Large,4,4,11,0.0
M22 4DH,E63008510,53.406431,-2.265032,14125,UN1,Wythenshawe,97660.0,Large,3,5,14,0.0
M22 4HD,E63008510,53.408532,-2.257599,13449,UN1,Wythenshawe,97660.0,Large,2,4,13,400.0
M22 4QN,E63008510,53.388072,-2.254664,576,UN1,Wythenshawe,97660.0,Large,3,5,15,162.0
M22 5DW,E63008510,53.381524,-2.248039,1268,UN1,Wythenshawe,97660.0,Large,0,3,19,768.0
M22 5HZ,E63008510,53.378563,-2.262438,799,UN1,Wythenshawe,97660.0,Large,3,5,15,230.0
M22 5RN,E63008510,53.379292,-2.261751,799,UN1,Wythenshawe,97660.0,Large,3,5,13,228.0
M22 5RX,E63008510,53.379941,-2.265017,799,UN1,Wythenshawe,97660.0,Large,3,4,15,0.0
M22 9UE,E63008510,53.388404,-2.258951,312,UN1,Wythenshawe,97660.0,Large,3,3,17,288.0
M23 0AH,E63008510,53.409440,-2.292956,6090,UN1,Wythenshawe,97660.0,Large,0,5,22,542.0
M23 0BX,E63008510,53.411061,-2.276465,3217,UN1,Wythenshawe,97660.0,Large,0,4,16,663.0
M23 1JP,E63008510,53.395319,-2.288843,3410,UN1,Wythenshawe,97660.0,Large,3,6,18,338.0
M23 1JX,E63008510,53.393153,-2.285265,3619,UN1,Wythenshawe,97660.0,Large,2,7,18,0.0
M23 2SY,E63008510,53.384862,-2.286712,2944,UN1,Wythenshawe,97660.0,Large,1,4,15,0.0
M23 9AB,E63008510,53.401056,-2.288070,1293,UN1,Wythenshawe,97660.0,Large,1,8,25,0.0
M23 9PS,E63008510,53.399746,-2.305131,16790,UN1,Wythenshawe,97660.0,Large,2,9,23,169.0
M23 9RL,E63008510,53.406640,-2.312130,16790,UN1,Wythenshawe,97660.0,Large,1,6,26,0.0
M23 9TJ,E63008510,53.400239,-2.298713,1148,UN1,Wythenshawe,97660.0,Large,2,6,25,352.0
M24 1HB,E63008270,53.548585,-2.199602,4712,UN1,Middleton (Rochdale),46630.0,Medium,4,9,26,102.0
M24 1LW,E63008270,53.537289,-2.192608,26465,UN1,Middleton (Rochdale),46630.0,Medium,0,1,22,1276.0
M24 2AU,E63008270,53.541873,-2.174913,7848,UN1,Middleton (Rochdale),46630.0,Medium,1,1,13,0.0
M24 2PU,E63008270,53.556752,-2.195701,7068,UN1,Middleton (Rochdale),46630.0,Medium,3,9,18,0.0
M24 2WQ,E63008270,53.556766,-2.187051,5393,UN1,Middleton (Rochdale),46630.0,Medium,1,5,19,42.0
M24 3QJ,E63008270,53.557159,-2.215296,1287,UN1,Middleton (Rochdale),46630.0,Medium,4,7,18,160.0
M24 4DZ,E63008270,53.546776,-2.206158,4712,UN1,Middleton (Rochdale),46630.0,Medium,4,5,27,0.0
M24 4EL,E63008270,53.548259,-2.201049,4712,UN1,Middleton (Rochdale),46630.0,Medium,4,7,28,0.0
M24 4WT,E63008270,53.553720,-2.223264,788,UN1,Middleton (Rochdale),46630.0,Medium,1,5,18,470.0
M24 5NQ,E63008270,53.561200,-2.207029,1006,UN1,Middleton (Rochdale),46630.0,Medium,1,8,18,164.0
M24 5QJ,E63008270,53.557132,-2.215447,1287,UN1,Middleton (Rochdale),46630.0,Medium,4,7,18,166.0
M24 5RA,E63008270,53.554608,-2.209487,4307,UN1,Middleton (Rochdale),46630.0,Medium,4,16,18,318.0
M24 6DN,E63008270,53.554225,-2.196564,4202,UN1,Middleton (Rochdale),46630.0,Medium,3,10,21,36.0
M25 0FX,E63008309,53.518836,-2.259110,23916,UN1,Prestwich,31495.0,Medium,2,4,23,494.0
M25 0HT,E63008309,53.520825,-2.265789,20305,UN1,Prestwich,31495.0,Medium,4,5,23,0.0
M25 1AY,E63008309,53.532918,-2.284226,9470,UN1,Prestwich,31495.0,Medium,2,7,16,72.0
M25 1FX,E63008309,53.529826,-2.268289,6638,UN1,Prestwich,31495.0,Medium,1,2,16,151.0
M25 1NL,E63008309,53.537682,-2.276170,6326,UN1,Prestwich,31495.0,Medium,2,6,16,0.0
M25 3TG,E63008309,53.537184,-2.289324,8050,UN1,Prestwich,31495.0,Medium,2,7,16,149.0
M25 7BL,E63008309,53.535802,-2.292166,8050,UN1,Prestwich,31495.0,Medium,2,5,14,117.0
M25 8JY,E63008309,53.519265,-2.272355,20168,UN1,Prestwich,31495.0,Medium,3,4,19,467.0
M25 9JY,E63008309,53.519301,-2.272370,20168,UN1,Prestwich,31495.0,Medium,3,4,19,467.0
M26 1NN,E63008251,53.558807,-2.324932,2114,UN1,Radcliffe,31115.0,Medium,4,6,9,176.0
M26 2RF,E63008251,53.565380,-2.314203,7603,UN1,Radcliffe,31115.0,Medium,1,4,12,216.0
M26 2SP,E63008251,53.560186,-2.323629,3325,UN1,Radcliffe,31115.0,Medium,4,7,10,0.0
M26 2SQ,E63008251,53.559691,-2.323912,2114,UN1,Radcliffe,31115.0,Medium,4,7,10,58.0
M26 3DA,E63008251,53.557332,-2.328694,7674,UN1,Radcliffe,31115.0,Medium,4,5,9,461.0
M26 3RF,E63008251,53.564897,-2.339323,1742,UN1,Radcliffe,31115.0,Medium,2,2,10,1161.0
M26 4DJ,E63008251,53.564015,-2.333306,1742,UN1,Radcliffe,31115.0,Medium,2,7,9,768.0
M26 4FD,E63008251,53.567469,-2.335750,5241,UN1,Radcliffe,31115.0,Medium,2,2,9,1139.0
M27 0EW,E63008344,53.505945,-2.354230,23353,UN1,Swinton (Salford),22885.0,Medium,3,6,15,0.0
M27 0NA,E63008344,53.510620,-2.341708,10401,UN1,Swinton (Salford),22885.0,Medium,4,10,14,0.0
M27 4AF,E63008344,53.509205,-2.333721,6498,UN1,Swinton (Salford),22885.0,Medium,3,6,17,0.0
M27 4BH,E63008344,53.512615,-2.338573,10254,UN1,Swinton (Salford),22885.0,Medium,6,9,14,244.0
M27 4BJ,E63008344,53.512356,-2.334937,10254,UN1,Swinton (Salford),22885.0,Medium,6,9,14,359.0
M27 6EW,E63008321,53.519989,-2.334408,1906,UN1,Pendlebury and Clifton,,,2,4,11,234.0
M27 8HP,E63008321,53.518811,-2.331473,3816,UN1,Pendlebury and Clifton,,,2,4,11,0.0
M27 9LB,E63008344,53.510415,-2.353528,11105,UN1,Swinton (Salford),22885.0,Medium,3,7,14,466.0
M28 0BA,E63008307,53.529903,-2.422180,655,UN1,Little Hulton,25825.0,Medium,3,5,15,278.0
M28 1FB,E63008354,53.503022,-2.416094,15416,UN1,Worsley,11950.0,Small,1,3,4,321.0
M28 1PB,E63008329,53.511202,-2.413550,30096,UN1,Walkden,18690.0,Small,1,2,12,0.0
M28 3AT,E63008329,53.522959,-2.397525,7661,UN1,Walkden,18690.0,Small,6,6,15,0.0
M28 3AX,E63008329,53.524247,-2.399227,3341,UN1,Walkden,18690.0,Small,6,6,16,56.0
M28 3BT,E63008329,53.525940,-2.401143,3341,UN1,Walkden,18690.0,Small,6,6,19,206.0
M28 3PT,E63008307,53.537548,-2.405070,6320,UN1,Little Hulton,25825.0,Medium,0,6,28,700.0
M28 3ZD,E63008329,53.525023,-2.400999,3341,UN1,Walkden,18690.0,Small,6,6,17,163.0
M29 7BS,E63008361,53.500119,-2.455593,27723,UN1,Astley,4735.0,Minor,3,4,11,0.0
M29 7BY,E63008361,53.500432,-2.458265,21364,UN1,Astley,4735.0,Minor,3,4,11,0.0
M29 8DR,E63008340,53.514092,-2.465998,11332,UN1,Tyldesley,16205.0,Small,4,4,14,213.0
M29 8FL,E63008340,53.514151,-2.469211,5804,UN1,Tyldesley,16205.0,Small,4,4,14,0.0
M3 1DZ,E63008401,53.491637,-2.250413,2903,UN1,Manchester,470405.0,Major,1,9,37,247.0
M3 6BY,E63008377,53.483495,-2.258382,4912,UN1,Salford,108410.0,Large,2,6,38,283.0
M30 0EA,E63008380,53.483867,-2.336506,717,UN1,Eccles (Salford),41125.0,Medium,8,11,25,132.0
M30 0EJ,E63008380,53.482675,-2.338335,2429,UN1,Eccles (Salford),41125.0,Medium,8,9,24,66.0
M30 0LS,E63008380,53.483053,-2.338338,717,UN1,Eccles (Salford),41125.0,Medium,8,9,24,86.0
M30 0NU,E63008380,53.484892,-2.339618,11596,UN1,Eccles (Salford),41125.0,Medium,8,10,23,0.0
M30 0PF,E63008380,53.482931,-2.352501,1938,UN1,Eccles (Salford),41125.0,Medium,0,9,21,696.0
M30 7BY,E63008380,53.476647,-2.370454,6503,UN1,Eccles (Salford),41125.0,Medium,0,2,11,688.0
M30 8AR,E63008380,53.491879,-2.356977,10045,UN1,Eccles (Salford),41125.0,Medium,3,4,20,0.0
M30 8JA,E63008380,53.490542,-2.370967,7746,UN1,Eccles (Salford),41125.0,Medium,0,2,9,937.0
M30 8QD,E63008380,53.480268,-2.362017,214,UN1,Eccles (Salford),41125.0,Medium,1,3,19,0.0
M30 9LJ,E63008380,53.491730,-2.352635,26500,UN1,Eccles (Salford),41125.0,Medium,3,4,23,73.0
M31 4FL,E63008467,53.417784,-2.426170,7094,UN1,Partington,7710.0,Small,2,2,3,0.0
M31 4WJ,E63008467,53.417202,-2.430693,7094,UN1,Partington,7710.0,Small,2,2,3,307.0
M32 0DF,E63008422,53.450859,-2.307380,11420,UN1,Stretford,28015.0,Medium,1,6,14,0.0
M32 0PA,E63008422,53.453953,-2.299421,10199,UN1,Stretford,28015.0,Medium,1,4,20,0.0
M32 0RW,E63008405,53.460866,-2.288144,10666,UN1,Old Trafford,21445.0,Medium,0,3,22,1072.0
M32 8AQ,E63008422,53.446521,-2.312679,14100,UN1,Stretford,28015.0,Medium,1,4,12,596.0
M32 8GR,E63008405,53.453140,-2.286450,18506,UN1,Old Trafford,21445.0,Medium,0,6,30,864.0
M32 9BD,E63008422,53.445223,-2.310817,14100,UN1,Stretford,28015.0,Medium,1,4,11,667.0
M32 9LD,E63008422,53.451138,-2.320783,7977,UN1,Stretford,28015.0,Medium,0,7,12,643.0
M32 9PA,E63008422,53.454640,-2.328520,7977,UN1,Stretford,28015.0,Medium,1,3,21,0.0
M33 2UP,E63008463,53.414989,-2.298922,4146,UN1,Sale,62550.0,Medium,1,5,20,446.0
M33 3HF,E63008463,53.420287,-2.304527,25289,UN1,Sale,62550.0,Medium,1,3,17,274.0
M33 3JS,E63008463,53.413382,-2.308539,22700,UN1,Sale,62550.0,Medium,0,5,28,600.0
M33 4BR,E63008463,53.421305,-2.355468,16767,UN1,Sale,62550.0,Medium,2,5,11,0.0
M33 4DX,E63008463,53.410896,-2.340173,32061,UN1,Sale,62550.0,Medium,1,6,23,385.0
M33 4WB,E63008463,53.415284,-2.348768,32028,UN1,Sale,62550.0,Medium,2,5,20,367.0
M33 5JD,E63008463,53.427042,-2.351844,8126,UN1,Sale,62550.0,Medium,1,5,15,122.0
M33 5PN,E63008463,53.429676,-2.342384,21810,UN1,Sale,62550.0,Medium,1,3,18,0.0
M33 7SA,E63008463,53.426124,-2.323530,13412,UN1,Sale,62550.0,Medium,6,8,16,201.0
M33 7SS,E63008463,53.422417,-2.328392,13412,UN1,Sale,62550.0,Medium,4,8,21,0.0
M33 7XN,E63008463,53.424740,-2.323625,13412,UN1,Sale,62550.0,Medium,7,8,19,54.0
M33 7XZ,E63008463,53.424554,-2.322329,13412,UN1,Sale,62550.0,Medium,7,8,18,63.0
M34 2AF,E63008425,53.456040,-2.118494,6792,UN1,Denton (Tameside),35995.0,Medium,5,8,13,47.0
M34 2AJ,E63008425,53.455618,-2.118463,6792,UN1,Denton (Tameside),35995.0,Medium,3,8,13,0.0
M34 2ET,E63008425,53.449551,-2.142476,19189,UN1,Denton (Tameside),35995.0,Medium,0,2,11,575.0
M34 3EX,E63008425,53.456881,-2.113963,4104,UN1,Denton (Tameside),35995.0,Medium,7,7,13,329.0
M34 3JE,E63008425,53.459953,-2.115523,10829,UN1,Denton (Tameside),35995.0,Medium,4,7,12,0.0
M34 3LY,E63008425,53.460581,-2.117257,10829,UN1,Denton (Tameside),35995.0,Medium,3,8,12,134.0
M34 3SJ,E63008425,53.454776,-2.132631,6792,UN1,Denton (Tameside),35995.0,Medium,1,5,13,473.0
M34 5DE,E63008396,53.468756,-2.112007,4176,UN1,Audenshaw,13395.0,Small,1,2,20,328.0
M34 5PZ,E63008385,53.473185,-2.147227,2516,UN1,Droylsden,23915.0,Medium,0,8,14,651.0
M34 6PF,E63008425,53.454098,-2.110236,4104,UN1,Denton (Tameside),35995.0,Medium,1,7,17,570.0
M34 7PL,E63008425,53.443509,-2.100784,5436,UN1,Denton (Tameside),35995.0,Medium,0,0,19,1613.0
M35 0AD,E63008348,53.509855,-2.156748,6962,UN1,Failsworth,19960.0,Small,2,5,12,0.0
M35 0AY,E63008348,53.506956,-2.166763,3840,UN1,Failsworth,19960.0,Small,0,4,14,737.0
M35 0FF,E63008348,53.509511,-2.158510,3451,UN1,Failsworth,19960.0,Small,2,5,11,123.0
M38 9RQ,E63008307,53.536056,-2.415678,819,UN1,Little Hulton,25825.0,Medium,2,6,26,271.0
M38 9WX,E63008307,53.532642,-2.420246,5425,UN1,Little Hulton,25825.0,Medium,3,5,19,264.0
M4 5JQ,E63008401,53.485352,-2.233784,5978,UN1,Manchester,470405.0,Major,3,13,36,221.0
M4 6EB,E63008401,53.482366,-2.220703,7926,UN1,Manchester,470405.0,Major,4,10,31,89.0
M4 6EE,E63008401,53.482835,-2.219621,7926,UN1,Manchester,470405.0,Major,4,10,32,0.0
M40 0JD,E63008401,53.524530,-2.172021,2639,UN1,Manchester,470405.0,Major,0,1,16,1005.0
M40 1NT,E63008401,53.499932,-2.175660,2237,UN1,Manchester,470405.0,Major,4,5,14,385.0
M40 2JF,E63008401,53.501011,-2.181197,1207,UN1,Manchester,470405.0,Major,4,4,15,0.0
M40 2JG,E63008401,53.500859,-2.180986,1207,UN1,Manchester,470405.0,Major,4,4,15,22.0
M40 2JN,E63008401,53.501147,-2.180399,1207,UN1,Manchester,470405.0,Major,4,4,15,55.0
M40 3GP,E63008401,53.515574,-2.161428,10970,UN1,Manchester,470405.0,Major,1,4,11,70.0
M40 7QH,E63008401,53.494946,-2.222698,335,UN1,Manchester,470405.0,Major,1,6,33,0.0
M40 7WE,E63008401,53.489372,-2.218358,487,UN1,Manchester,470405.0,Major,1,9,27,271.0
M40 8RL,E63008401,53.500549,-2.215672,459,UN1,Manchester,470405.0,Major,0,3,32,597.0
M40 9DD,E63008401,53.508967,-2.191967,1824,UN1,Manchester,470405.0,Major,1,4,24,210.0
M40 9LX,E63008401,53.513846,-2.193436,3085,UN1,Manchester,470405.0,Major,2,4,25,305.0
M40 9NL,E63008401,53.514033,-2.199379,3272,UN1,Manchester,470405.0,Major,2,13,27,89.0
M41 0NA,E63008420,53.449109,-2.354721,13898,UN1,Urmston,41740.0,Medium,5,9,19,89.0
M41 0SE,E63008420,53.455151,-2.345179,26835,UN1,Urmston,41740.0,Medium,0,6,22,811.0
M41 5AA,E63008420,53.448597,-2.354612,15957,UN1,Urmston,41740.0,Medium,5,9,19,101.0
M41 5SJ,E63008420,53.452107,-2.370708,24394,UN1,Urmston,41740.0,Medium,2,7,19,70.0
M41 7FN,E63008420,53.463160,-2.360110,25564,UN1,Urmston,41740.0,Medium,0,4,19,601.0
M41 7WJ,E63008420,53.459499,-2.366781,25564,UN1,Urmston,41740.0,Medium,1,6,22,0.0
M41 7ZA,E63008405,53.468877,-2.344823,15860,UN1,Old Trafford,21445.0,Medium,1,1,22,1563.0
M41 8AA,E63008420,53.452491,-2.394066,7261,UN1,Urmston,41740.0,Medium,3,3,12,0.0
M41 8GY,E63008420,53.452824,-2.393919,7261,UN1,Urmston,41740.0,Medium,3,3,12,38.0
M41 8TW,E63008420,53.452437,-2.391370,25085,UN1,Urmston,41740.0,Medium,3,3,13,179.0
M41 9FD,E63008420,53.445046,-2.363600,31048,UN1,Urmston,41740.0,Medium,1,9,14,363.0
M41 9NU,E63008420,53.445525,-2.328811,10690,UN1,Urmston,41740.0,Medium,0,1,17,1014.0
M41 9SB,E63008420,53.448116,-2.353268,16453,UN1,Urmston,41740.0,Medium,5,9,19,96.0
M43 6DD,E63008385,53.478939,-2.146132,2516,UN1,Droylsden,23915.0,Medium,6,8,14,34.0
M43 6TQ,E63008385,53.480725,-2.148428,14095,UN1,Droylsden,23915.0,Medium,6,8,14,270.0
M43 7AD,E63008385,53.480000,-2.146241,2516,UN1,Droylsden,23915.0,Medium,6,8,14,123.0
M43 7BP,E63008385,53.479309,-2.144912,2516,UN1,Droylsden,23915.0,Medium,6,8,14,61.0
M43 7BW,E63008385,53.479078,-2.142501,2516,UN1,Droylsden,23915.0,Medium,6,8,14,0.0
M44 5DD,E63008423,53.425670,-2.437791,9015,UN1,Irlam,19715.0,Small,0,0,8,1167.0
M44 5LH,E63008423,53.437941,-2.432257,7773,UN1,Irlam,19715.0,Small,3,4,7,0.0
M44 6AJ,E63008423,53.439732,-2.426585,19614,UN1,Irlam,19715.0,Small,4,4,8,317.0
M44 6BL,E63008423,53.438002,-2.422834,19614,UN1,Irlam,19715.0,Small,2,4,8,430.0
M44 6FN,E63008423,53.452851,-2.409926,7693,UN1,Irlam,19715.0,Small,0,2,9,629.0
M45 6QJ,E63008275,53.548040,-2.293382,11465,UN1,Whitefield,22185.0,Medium,1,3,17,172.0
M45 7TA,E63008275,53.553193,-2.296165,26575,UN1,Whitefield,22185.0,Medium,1,3,16,64.0
M45 8AJ,E63008275,53.551497,-2.276275,8496,UN1,Whitefield,22185.0,Medium,1,1,13,1042.0
M45 8NE,E63008275,53.551423,-2.277090,8496,UN1,Whitefield,22185.0,Medium,1,1,13,1062.0
M46 0DP,E63008308,53.523604,-2.494400,3398,UN1,Atherton,27575.0,Medium,3,6,10,362.0
M46 0LE,E63008308,53.527505,-2.500811,12555,UN1,Atherton,27575.0,Medium,1,6,7,0.0
M46 9DE,E63008308,53.524202,-2.489022,3398,UN1,Atherton,27575.0,Medium,3,6,11,0.0
M5 3PH,E63008377,53.473998,-2.280970,2121,UN1,Salford,108410.0,Large,1,3,32,0.0
M5 3TP,E63008377,53.477917,-2.265114,10880,UN1,Salford,108410.0,Large,1,5,35,769.0
M5 4BS,E63008377,53.482809,-2.283695,1494,UN1,Salford,108410.0,Large,2,15,29,317.0
M5 4QU,E63008377,53.475518,-2.264648,10880,UN1,Salford,108410.0,Large,1,6,33,877.0
M5 5HJ,E63008377,53.484580,-2.309010,5360,UN1,Salford,108410.0,Large,1,8,34,100.0
M6 5FX,E63008377,53.488361,-2.284742,93,UN1,Salford,108410.0,Large,6,16,35,0.0
M6 5JA,E63008377,53.488797,-2.286704,280,UN1,Salford,108410.0,Large,7,15,35,139.0
M6 5JG,E63008377,53.489625,-2.289860,280,UN1,Salford,108410.0,Large,8,15,28,115.0
M6 5JS,E63008377,53.489156,-2.286752,280,UN1,Salford,108410.0,Large,7,16,35,158.0
M6 5PH,E63008377,53.484624,-2.295025,4396,UN1,Salford,108410.0,Large,3,19,27,155.0
M6 5PW,E63008377,53.486323,-2.295157,1482,UN1,Salford,108410.0,Large,6,19,29,107.0
M6 5WN,E63008377,53.489876,-2.293871,1482,UN1,Salford,108410.0,Large,9,14,32,82.0
M6 6ES,E63008377,53.497864,-2.283599,175,UN1,Salford,108410.0,Large,0,6,30,612.0
M6 7GU,E63008377,53.499363,-2.306509,2574,UN1,Salford,108410.0,Large,1,2,30,208.0
M6 7HL,E63008377,53.493361,-2.294814,280,UN1,Salford,108410.0,Large,3,13,30,0.0
M6 8HA,E63008377,53.488822,-2.326146,7352,UN1,Salford,108410.0,Large,3,10,23,228.0
M6 8NR,E63008377,53.496896,-2.318505,17499,UN1,Salford,108410.0,Large,0,5,22,537.0
M7 1RD,E63008377,53.493606,-2.258805,934,UN1,Salford,108410.0,Large,4,6,39,0.0
M7 1RE,E63008377,53.490917,-2.259256,934,UN1,Salford,108410.0,Large,2,8,42,300.0
M7 1UF,E63008377,53.496540,-2.261054,3141,UN1,Salford,108410.0,Large,3,6,34,359.0
M7 1US,E63008377,53.496332,-2.261595,3141,UN1,Salford,108410.0,Large,3,6,34,355.0
M7 3SE,E63008377,53.502290,-2.278111,543,UN1,Salford,108410.0,Large,2,3,27,0.0
M7 3TA,E63008377,53.503985,-2.280007,543,UN1,Salford,108410.0,Large,2,3,27,226.0
M7 4AE,E63008377,53.505455,-2.253118,755,UN1,Salford,108410.0,Large,1,6,36,515.0
M7 4NX,E63008377,53.506995,-2.260470,557,UN1,Salford,108410.0,Large,1,3,33,0.0
M7 4UF,E63008377,53.503178,-2.254853,557,UN1,Salford,108410.0,Large,1,5,31,564.0
M8 0WB,E63008401,53.507840,-2.238899,6521,UN1,Manchester,470405.0,Major,3,12,40,426.0
M8 4QS,E63008401,53.517528,-2.235288,2631,UN1,Manchester,470405.0,Major,3,9,32,171.0
M8 4WA,E63008401,53.527787,-2.246720,6518,UN1,Manchester,470405.0,Major,0,0,24,1310.0
M8 5DP,E63008401,53.513466,-2.243786,1550,UN1,Manchester,470405.0,Major,5,10,29,123.0
M8 5EJ,E63008401,53.511934,-2.245376,381,UN1,Manchester,470405.0,Major,5,10,28,166.0
M8 5SR,E63008401,53.517916,-2.238971,1825,UN1,Manchester,470405.0,Major,2,9,33,381.0
M8 8EP,E63008401,53.497232,-2.235025,5691,UN1,Manchester,470405.0,Major,4,9,44,404.0
M8 8RA,E63008401,53.494615,-2.235629,5691,UN1,Manchester,470405.0,Major,2,9,42,692.0
M8 8UP,E63008401,53.501178,-2.235258,2288,UN1,Manchester,470405.0,Major,4,8,43,0.0
M8 8WE,E63008401,53.494726,-2.242940,2903,UN1,Manchester,470405.0,Major,2,7,40,401.0
M8 9JT,E63008401,53.512561,-2.242017,1825,UN1,Manchester,470405.0,Major,5,11,34,0.0
M8 9LS,E63008401,53.507873,-2.240452,6521,UN1,Manchester,470405.0,Major,3,12,38,475.0
M9 0QS,E63008401,53.537929,-2.236624,1245,UN1,Manchester,470405.0,Major,1,1,12,0.0
M9 0RB,E63008401,53.533927,-2.218512,3788,UN1,Manchester,470405.0,Major,4,7,21,66.0
M9 0RD,E63008401,53.533477,-2.214120,514,UN1,Manchester,470405.0,Major,6,8,21,165.0
M9 4DH,E63008401,53.512663,-2.211994,311,UN1,Manchester,470405.0,Major,9,12,33,59.0
M9 4DJ,E63008401,53.512216,-2.210815,311,UN1,Manchester,470405.0,Major,9,12,28,148.0
M9 4NH,E63008401,53.509674,-2.209913,49,UN1,Manchester,470405.0,Major,7,12,30,110.0
M9 5TT,E63008401,53.510500,-2.215361,311,UN1,Manchester,470405.0,Major,7,10,37,208.0
M9 6FQ,E63008401,53.530879,-2.209083,3159,UN1,Manchester,470405.0,Major,5,8,22,309.0
M9 6HP,E63008401,53.531429,-2.203247,1305,UN1,Manchester,470405.0,Major,2,7,22,591.0
M9 6RA,E63008401,53.532809,-2.210345,1305,UN1,Manchester,470405.0,Major,5,8,22,98.0
M9 6RG,E63008401,53.532616,-2.212893,3159,UN1,Manchester,470405.0,Major,6,8,22,103.0
M9 7BD,E63008401,53.523606,-2.193873,223,UN1,Manchester,470405.0,Major,1,1,27,473.0
M9 8DX,E63008401,53.522831,-2.221110,4578,UN1,Manchester,470405.0,Major,1,6,36,0.0
M9 8PP,E63008401,53.515718,-2.213080,311,UN1,Manchester,470405.0,Major,5,12,36,0.0
M90 3HG,E63008541,53.361949,-2.271877,6861,UN1,Hale (Trafford),16715.0,Small,1,1,5,1047.0
M90 3NX,E63008541,53.362260,-2.273201,6861,UN1,Hale (Trafford),16715.0,Small,1,2,5,959.0
ME1 1JT,E63012252,51.388043,0.505071,14067,UN1,Rochester,67285.0,Medium,1,7,23,421.0
ME1 2BA,E63012252,51.371084,0.511200,17707,UN1,Rochester,67285.0,Medium,2,5,24,114.0
ME1 2BQ,E63012252,51.366636,0.508931,22699,UN1,Rochester,67285.0,Medium,1,5,20,437.0
ME1 2DT,E63012252,51.380534,0.507967,12866,UN1,Rochester,67285.0,Medium,2,4,24,352.0
ME1 2TH,E63012252,51.380804,0.502909,7250,UN1,Rochester,67285.0,Medium,2,3,26,0.0
ME1 3JS,E63012252,51.372932,0.484876,13488,UN1,Rochester,67285.0,Medium,1,2,10,191.0
ME10 1NQ,E63012359,51.341454,0.725867,9259,UN1,Sittingbourne,54390.0,Medium,2,5,16,85.0
ME10 2AN,E63012359,51.349130,0.732641,12696,UN1,Sittingbourne,54390.0,Medium,0,7,18,635.0
ME10 2HA,E63012359,51.355140,0.739477,3069,UN1,Sittingbourne,54390.0,Medium,3,4,16,0.0
ME10 2PD,E63012359,51.351494,0.739648,3069,UN1,Sittingbourne,54390.0,Medium,2,4,19,406.0
ME10 2ST,E63012359,51.363778,0.735108,13092,UN1,Sittingbourne,54390.0,Medium,1,1,9,0.0
ME10 3SU,E63012359,51.345965,0.762153,10895,UN1,Sittingbourne,54390.0,Medium,0,0,6,1524.0
ME10 4AJ,E63012359,51.340073,0.734961,7235,UN1,Sittingbourne,54390.0,Medium,2,9,17,239.0
ME10 4BL,E63012359,51.338655,0.744468,7235,UN1,Sittingbourne,54390.0,Medium,1,7,15,51.0
ME10 4PL,E63012359,51.340488,0.734153,7235,UN1,Sittingbourne,54390.0,Medium,2,10,16,196.0
ME10 4XX,E63012359,51.334603,0.736574,16372,UN1,Sittingbourne,54390.0,Medium,2,7,11,0.0
ME10 5AB,E63012359,51.350243,0.716880,21092,UN1,Sittingbourne,54390.0,Medium,1,1,13,31.0
ME11 5AY,E63012210,51.416076,0.747507,1159,UN1,Queenborough,3915.0,Minor,0,0,0,2464.0
ME12 1NT,E63012153,51.440260,0.761349,708,UN1,Sheerness,13250.0,Small,7,9,9,172.0
ME12 1QU,E63012153,51.436187,0.762442,771,UN1,Sheerness,13250.0,Small,7,9,9,0.0
ME12 1RH,E63012153,51.441691,0.759392,48,UN1,Sheerness,13250.0,Small,5,9,9,277.0
ME12 1TX,E63012153,51.439537,0.762241,708,UN1,Sheerness,13250.0,Small,9,9,9,86.0
ME12 1UA,E63012153,51.438765,0.762195,708,UN1,Sheerness,13250.0,Small,9,9,9,0.0
ME12 1UP,E63012153,51.436123,0.766669,2411,UN1,Sheerness,13250.0,Small,6,9,9,0.0
ME12 2RW,E63012175,51.420338,0.798080,4759,UN1,Minster (Swale),16740.0,Small,1,3,3,648.0
ME12 3LR,E63012175,51.419870,0.796987,15103,UN1,Minster (Swale),16740.0,Small,1,3,3,565.0
ME12 3LT,E63012175,51.415412,0.793091,15103,UN1,Minster (Swale),16740.0,Small,1,3,3,0.0
ME12 4RE,E63012223,51.397672,0.919772,322,RLF1,Leysdown-on-Sea,930.0,Minor,0,0,0,4512.0
ME13 0PN,,51.268158,0.862417,10439,RSN1,,,,0,0,0,5419.0
ME13 7AS,E63012448,51.317060,0.893536,22466,UN1,Faversham,20940.0,Medium,5,5,5,415.0
ME13 8FH,E63012448,51.313248,0.892004,22466,UN1,Faversham,20940.0,Medium,5,5,6,0.0
ME13 8NU,E63012448,51.314827,0.891443,22466,UN1,Faversham,20940.0,Medium,5,5,6,167.0
ME13 8PN,E63012448,51.314429,0.890084,22466,UN1,Faversham,20940.0,Medium,5,5,6,72.0
ME13 8XZ,,51.300138,0.877234,10439,RSN1,,,,0,0,5,1783.0
ME14 1BH,E63012591,51.273271,0.528258,6699,UN1,Maidstone,109490.0,Large,2,11,17,534.0
ME14 1BW,E63012591,51.273632,0.526142,6699,UN1,Maidstone,109490.0,Large,6,11,16,415.0
ME14 1QP,E63012591,51.275343,0.520587,6699,UN1,Maidstone,109490.0,Large,5,13,15,295.0
ME14 1RH,E63012591,51.277214,0.522266,7968,UN1,Maidstone,109490.0,Large,4,11,15,101.0
ME14 2HN,E63012591,51.288500,0.535605,28366,UN1,Maidstone,109490.0,Large,0,0,11,1133.0
ME14 4LX,E63012594,51.267489,0.570721,32648,UN1,Bearsted,8350.0,Small,1,2,4,153.0
ME14 5DY,E63012591,51.274205,0.529571,6699,UN1,Maidstone,109490.0,Large,2,9,17,522.0
ME14 5PX,E63012591,51.276716,0.553497,30847,UN1,Maidstone,109490.0,Large,1,1,9,1116.0
ME14 5TQ,E63012591,51.277098,0.556185,32223,UN1,Maidstone,109490.0,Large,1,1,8,1051.0
ME15 6SA,E63012591,51.268540,0.522437,12883,UN1,Maidstone,109490.0,Large,2,10,14,19.0
ME15 7LW,E63012591,51.252756,0.545693,3643,UN1,Maidstone,109490.0,Large,1,3,8,65.0
ME15 8XW,E63012591,51.260038,0.563095,31032,UN1,Maidstone,109490.0,Large,0,1,8,1111.0
ME15 9JD,E63012591,51.239824,0.557186,2915,UN1,Maidstone,109490.0,Large,2,2,6,327.0
ME15 9NE,E63012591,51.242064,0.560018,4406,UN1,Maidstone,109490.0,Large,1,2,6,521.0
ME15 9NN,E63012591,51.246539,0.547012,19460,UN1,Maidstone,109490.0,Large,1,4,8,102.0
ME15 9QD,E63012591,51.252706,0.527675,31499,UN1,Maidstone,109490.0,Large,0,0,6,1195.0
ME16 0PU,E63012591,51.286117,0.497110,29819,UN1,Maidstone,109490.0,Large,1,1,9,0.0
ME16 8AX,E63012591,51.273703,0.506905,10747,UN1,Maidstone,109490.0,Large,1,5,19,0.0
ME16 8RL,E63012591,51.270936,0.515184,15904,UN1,Maidstone,109490.0,Large,2,11,14,0.0
ME16 9LH,E63012591,51.267034,0.486485,11099,UN1,Maidstone,109490.0,Large,2,2,5,103.0
ME17 2PG,E63012671,51.237368,0.718002,21474,RLN1,Lenham,,,1,1,1,339.0
ME17 4EH,E63012693,51.233412,0.492966,15114,UN1,Coxheath,8455.0,Small,1,2,2,383.0
ME19 4AU,E63012596,51.272447,0.401237,32702,RLN1,Kings Hill,9970.0,Small,2,2,2,120.0
ME19 6NA,E63012543,51.293688,0.408772,16448,RLN1,West Malling,4255.0,Minor,0,0,0,2277.0
ME2 2DE,E63012252,51.395185,0.491530,7322,UN1,Rochester,67285.0,Medium,5,10,19,272.0
ME2 2EU,E63012252,51.393052,0.484830,7322,UN1,Rochester,67285.0,Medium,1,7,15,210.0
ME2 2PW,E63012252,51.387696,0.468068,16146,UN1,Rochester,67285.0,Medium,1,1,5,0.0
ME2 3EP,E63012252,51.397532,0.490680,10321,UN1,Rochester,67285.0,Medium,6,9,15,177.0
ME2 4AH,E63012252,51.395042,0.496123,7322,UN1,Rochester,67285.0,Medium,6,10,17,25.0
ME2 4BH,E63012252,51.389975,0.518142,26796,UN1,Rochester,67285.0,Medium,0,4,25,1075.0
ME2 4HY,E63012252,51.401101,0.500450,13275,UN1,Rochester,67285.0,Medium,1,8,14,416.0
ME2 4LP,E63012252,51.409016,0.507137,8683,UN1,Rochester,67285.0,Medium,0,1,9,1411.0
ME2 4NP,E63012252,51.397878,0.515744,26796,UN1,Rochester,67285.0,Medium,0,1,19,1215.0
ME2 4UW,E63012252,51.397397,0.493218,10321,UN1,Rochester,67285.0,Medium,6,10,16,0.0
ME20 6QJ,E63012518,51.300145,0.440945,16833,UN1,Larkfield,26150.0,Medium,2,2,3,0.0
ME20 6RJ,E63012518,51.310970,0.441533,25170,UN1,Larkfield,26150.0,Medium,0,0,5,1204.0
ME20 7NA,E63012518,51.290369,0.471336,5342,UN1,Larkfield,26150.0,Medium,0,3,6,614.0
ME20 7SE,E63012518,51.295189,0.475640,5342,UN1,Larkfield,26150.0,Medium,2,3,6,0.0
ME3 7AT,E63012212,51.416291,0.459684,18102,RLN1,Higham (Gravesham),2640.0,Minor,0,0,0,2997.0
ME3 8HX,E63012167,51.434213,0.496761,24088,RLN1,Cliffe Woods,2690.0,Minor,1,1,1,0.0
ME3 9AA,E63012180,51.419975,0.560613,9925,RLN1,Hoo St Werburgh,8760.0,Small,3,3,3,198.0
ME3 9DT,E63012180,51.422998,0.558078,9925,RLN1,Hoo St Werburgh,8760.0,Small,3,3,3,323.0
ME4 3EB,E63012307,51.406445,0.538834,27951,UN1,Gillingham (Medway),108480.0,Large,1,2,7,71.0
ME4 4BB,E63012371,51.382855,0.526317,6424,UN1,Chatham,76955.0,Large,3,7,31,149.0
ME4 4PT,E63012371,51.379288,0.529096,6424,UN1,Chatham,76955.0,Large,5,6,33,108.0
ME4 5JY,E63012371,51.377821,0.534576,2879,UN1,Chatham,76955.0,Large,3,9,32,0.0
ME4 5SJ,E63012371,51.372627,0.525194,7653,UN1,Chatham,76955.0,Large,0,10,27,710.0
ME4 6JR,E63012371,51.366075,0.517521,15951,UN1,Chatham,76955.0,Large,2,7,27,324.0
ME5 0AA,E63012371,51.368442,0.545309,4508,UN1,Chatham,76955.0,Large,2,4,26,0.0
ME5 0HD,E63012371,51.359826,0.530810,6094,UN1,Chatham,76955.0,Large,1,5,17,200.0
ME5 0QX,E63012371,51.346848,0.520789,7511,UN1,Chatham,76955.0,Large,1,3,10,277.0
ME5 7PQ,E63012371,51.353405,0.534938,17932,UN1,Chatham,76955.0,Large,1,3,13,172.0
ME5 8TH,E63012371,51.334458,0.543927,17881,UN1,Chatham,76955.0,Large,0,0,2,1425.0
ME5 9LR,E63012371,51.339480,0.526760,28522,UN1,Chatham,76955.0,Large,1,2,8,266.0
ME5 9SD,E63012371,51.345221,0.506497,23145,UN1,Chatham,76955.0,Large,0,2,7,932.0
ME5 9UR,E63012371,51.351653,0.509348,24101,UN1,Chatham,76955.0,Large,0,3,16,708.0
ME6 5DF,E63012427,51.330155,0.441863,12387,UN1,Snodland,11830.0,Small,2,2,2,457.0
ME6 5SN,E63012427,51.326053,0.441488,7156,UN1,Snodland,11830.0,Small,2,2,3,0.0
ME7 1BS,E63012307,51.386906,0.546520,2274,UN1,Gillingham (Medway),108480.0,Large,5,10,27,247.0
ME7 1LX,E63012307,51.394009,0.550351,8972,UN1,Gillingham (Medway),108480.0,Large,1,5,18,0.0
ME7 1XF,E63012307,51.387040,0.550279,1818,UN1,Gillingham (Medway),108480.0,Large,4,10,27,92.0
ME7 2BU,E63012307,51.378417,0.566671,8002,UN1,Gillingham (Medway),108480.0,Large,2,5,26,0.0
ME7 2HN,E63012307,51.379772,0.563140,11766,UN1,Gillingham (Medway),108480.0,Large,2,7,29,288.0
ME7 2YW,E63012307,51.372890,0.557453,12726,UN1,Gillingham (Medway),108480.0,Large,0,9,27,681.0
ME7 3PB,E63012307,51.341628,0.573072,27516,UN1,Gillingham (Medway),108480.0,Large,0,0,6,1389.0
ME7 3QE,E63012307,51.351182,0.570893,31281,UN1,Gillingham (Medway),108480.0,Large,0,0,8,1247.0
ME7 4LA,E63012307,51.384599,0.550862,3945,UN1,Gillingham (Medway),108480.0,Large,6,10,28,195.0
ME7 4PN,E63012307,51.385637,0.547815,3945,UN1,Gillingham (Medway),108480.0,Large,5,11,28,161.0
ME7 5AA,E63012307,51.391424,0.530168,14168,UN1,Gillingham (Medway),108480.0,Large,1,3,25,240.0
ME7 5JP,E63012307,51.377328,0.550242,6141,UN1,Gillingham (Medway),108480.0,Large,4,11,27,489.0
ME7 5LJ,E63012307,51.376230,0.551101,6141,UN1,Gillingham (Medway),108480.0,Large,2,11,28,575.0
ME7 5XG,E63012307,51.380745,0.546954,7845,UN1,Gillingham (Medway),108480.0,Large,4,12,28,318.0
ME7 5XL,E63012307,51.380081,0.547722,8424,UN1,Gillingham (Medway),108480.0,Large,5,12,28,409.0
ME8 0GX,E63012307,51.367582,0.583350,27594,UN1,Gillingham (Medway),108480.0,Large,1,7,19,434.0
ME8 0HX,E63012307,51.351420,0.590684,25825,UN1,Gillingham (Medway),108480.0,Large,3,4,15,164.0
ME8 6JX,E63012307,51.374468,0.582272,2446,UN1,Gillingham (Medway),108480.0,Large,3,6,14,145.0
ME8 6JY,E63012307,51.375051,0.582735,2446,UN1,Gillingham (Medway),108480.0,Large,2,6,14,163.0
ME8 7HW,E63012307,51.364121,0.608023,7830,UN1,Gillingham (Medway),108480.0,Large,3,4,11,135.0
ME8 7PH,E63012307,51.364208,0.609795,7830,UN1,Gillingham (Medway),108480.0,Large,3,4,8,99.0
ME8 9PW,E63012307,51.348557,0.594903,25825,UN1,Gillingham (Medway),108480.0,Large,3,4,10,55.0
ME9 7JL,E63012352,51.351680,0.668849,15783,RLN1,Newington,2690.0,Minor,0,0,0,3347.0
ME9 8SH,E63012290,51.378498,0.729835,28656,RLN1,Iwade,4530.0,Minor,0,0,2,1677.0
ME9 9QL,E63012405,51.327757,0.800566,11532,RLN1,Teynham,3125.0,Minor,0,0,0,4116.0
MK1 1BN,E63011059,52.002572,-0.724631,5584,UN1,Bletchley,45010.0,Medium,1,7,11,708.0
MK1 1DD,E63011059,52.001451,-0.724095,11200,UN1,Bletchley,45010.0,Medium,1,8,11,579.0
MK1 1QB,E63011059,52.007010,-0.730974,5584,UN1,Bletchley,45010.0,Medium,0,2,16,1250.0
MK10 0AH,E63010901,52.036512,-0.687582,23978,UN1,Milton Keynes,197340.0,Large,1,1,7,1081.0
MK10 0BA,E63010901,52.035377,-0.688170,23978,UN1,Milton Keynes,197340.0,Large,1,1,7,1156.0
MK10 7LN,E63010901,52.045305,-0.673852,24117,UN1,Milton Keynes,197340.0,Large,1,1,5,0.0
MK10 9BQ,E63010901,52.043891,-0.697865,27375,UN1,Milton Keynes,197340.0,Large,1,1,5,0.0
MK11 1AA,E63010901,52.056504,-0.852456,23466,UN1,Milton Keynes,197340.0,Large,2,2,2,55.0
MK11 1BE,E63010901,52.056180,-0.854288,23466,UN1,Milton Keynes,197340.0,Large,2,2,2,77.0
MK11 3HL,E63010901,52.045007,-0.828180,30340,UN1,Milton Keynes,197340.0,Large,0,0,5,1368.0
MK12 5DG,E63010901,52.061184,-0.810411,16577,UN1,Milton Keynes,197340.0,Large,0,2,3,834.0
MK12 6AX,E63010901,52.053704,-0.817553,3877,UN1,Milton Keynes,197340.0,Large,1,2,3,190.0
MK13 0BH,E63010901,52.064388,-0.793024,15522,UN1,Milton Keynes,197340.0,Large,0,0,8,1140.0
MK13 7PN,E63010901,52.050808,-0.779594,7692,UN1,Milton Keynes,197340.0,Large,0,0,10,1032.0
MK13 8RN,E63010901,52.041958,-0.775039,12503,UN1,Milton Keynes,197340.0,Large,1,1,9,0.0
MK14 6BL,E63010901,52.061376,-0.773894,9002,UN1,Milton Keynes,197340.0,Large,2,4,8,0.0
MK14 6BN,E63010901,52.060594,-0.772180,9002,UN1,Milton Keynes,197340.0,Large,2,4,8,146.0
MK14 6GL,E63010901,52.068655,-0.777853,25494,UN1,Milton Keynes,197340.0,Large,1,4,6,0.0
MK14 6JY,E63010901,52.060529,-0.748041,15264,UN1,Milton Keynes,197340.0,Large,1,1,8,195.0
MK15 9ET,E63010901,52.061950,-0.731212,25833,UN1,Milton Keynes,197340.0,Large,0,2,6,785.0
MK16 0JQ,E63010872,52.077546,-0.725969,27829,UN1,Newport Pagnell,15250.0,Small,1,3,8,994.0
MK16 0JR,E63010872,52.078484,-0.729605,27829,UN1,Newport Pagnell,15250.0,Small,1,3,8,937.0
MK16 8AQ,E63010872,52.086914,-0.722565,27959,UN1,Newport Pagnell,15250.0,Small,2,2,6,192.0
MK16 8PY,E63010872,52.086465,-0.725146,27959,UN1,Newport Pagnell,15250.0,Small,2,4,6,9.0
MK16 8SB,E63010872,52.087400,-0.743568,27067,UN1,Newport Pagnell,15250.0,Small,0,0,6,1254.0
MK17 8QY,E63011023,52.012310,-0.647273,29607,UN1,Woburn Sands,4310.0,Minor,1,1,1,176.0
MK18 1AB,E63011071,51.989220,-0.981385,28755,UN1,Buckingham,14295.0,Small,0,0,3,1407.0
MK18 1JX,E63011071,52.000556,-0.987348,13183,UN1,Buckingham,14295.0,Small,2,2,3,163.0
MK18 1RS,E63011071,52.000718,-0.985334,13183,UN1,Buckingham,14295.0,Small,2,2,3,100.0
MK18 3AF,E63011172,51.941266,-0.881887,25920,RLN1,Winslow,5235.0,Small,1,1,1,9343.0
MK18 3DQ,E63011172,51.944822,-0.881421,25920,RLN1,Winslow,5235.0,Small,1,1,1,9019.0
MK19 6JA,E63010947,52.053676,-0.894298,25633,RLN1,Deanshanger,4130.0,Minor,0,0,0,2826.0
MK2 2DH,E63011059,51.995127,-0.728804,11200,UN1,Bletchley,45010.0,Medium,6,8,13,99.0
MK2 2DY,E63011059,51.995280,-0.727955,11200,UN1,Bletchley,45010.0,Medium,6,8,13,136.0
MK2 2EH,E63011059,51.996295,-0.722887,11200,UN1,Bletchley,45010.0,Medium,5,8,11,0.0
MK2 2ES,E63011059,51.994088,-0.733349,8568,UN1,Bletchley,45010.0,Medium,4,6,14,310.0
MK2 3QL,E63011059,51.980612,-0.726011,628,UN1,Bletchley,45010.0,Medium,0,0,7,1421.0
MK3 5DT,E63011059,51.989951,-0.757714,11221,UN1,Bletchley,45010.0,Medium,0,1,6,1081.0
MK3 6PB,E63011059,52.005959,-0.748779,7093,UN1,Bletchley,45010.0,Medium,0,1,17,952.0
MK3 7DG,E63011059,51.996205,-0.755633,8425,UN1,Bletchley,45010.0,Medium,0,4,11,565.0
MK3 7QU,E63011059,52.000317,-0.766255,19878,UN1,Bletchley,45010.0,Medium,1,2,7,0.0
MK4 1EW,E63010901,52.008914,-0.773188,14012,UN1,Milton Keynes,197340.0,Large,0,1,7,1067.0
MK4 1GA,E63010901,52.017348,-0.768892,14012,UN1,Milton Keynes,197340.0,Large,0,1,6,1902.0
MK4 4DD,E63010901,52.004873,-0.794699,18821,UN1,Milton Keynes,197340.0,Large,1,1,4,180.0
MK40 1LN,E63010690,52.137902,-0.470040,2998,UN1,Bedford,97235.0,Large,7,11,21,161.0
MK40 1LX,E63010690,52.137913,-0.470917,2035,UN1,Bedford,97235.0,Large,7,11,21,165.0
MK40 1TN,E63010690,52.136249,-0.468767,2998,UN1,Bedford,97235.0,Large,5,11,21,359.0
MK40 2PN,E63010690,52.138776,-0.465349,13934,UN1,Bedford,97235.0,Large,5,11,21,343.0
MK40 2QH,E63010690,52.139323,-0.475661,2035,UN1,Bedford,97235.0,Large,5,10,21,130.0
MK40 2TJ,E63010690,52.139968,-0.467792,2056,UN1,Bedford,97235.0,Large,6,11,21,184.0
MK40 3RS,E63010690,52.137238,-0.452221,23056,UN1,Bedford,97235.0,Large,0,4,20,709.0
MK40 4GH,E63010745,52.128179,-0.512711,23718,UN1,Great Denham,4360.0,Minor,1,1,9,0.0
MK40 4JE,E63010690,52.133565,-0.480928,9878,UN1,Bedford,97235.0,Large,1,9,22,332.0
MK41 0PW,E63010690,52.152654,-0.427466,6550,UN1,Bedford,97235.0,Large,0,3,4,904.0
MK41 0SE,E63010690,52.142072,-0.424843,17897,UN1,Bedford,97235.0,Large,0,1,7,1126.0
MK41 0TY,E63010690,52.147063,-0.417535,9733,UN1,Bedford,97235.0,Large,0,2,4,1418.0
MK41 6BW,E63010651,52.160720,-0.494332,19492,RLN1,Clapham (Bedford),4505.0,Minor,0,0,3,1054.0
MK41 7PJ,E63010690,52.146818,-0.484380,9276,UN1,Bedford,97235.0,Large,0,2,16,501.0
MK41 7QF,E63010690,52.154319,-0.465107,18256,UN1,Bedford,97235.0,Large,0,0,13,1359.0
MK41 9BS,E63010690,52.149088,-0.439256,25484,UN1,Bedford,97235.0,Large,1,2,8,143.0
MK42 0BG,E63010690,52.129725,-0.451181,4687,UN1,Bedford,97235.0,Large,0,3,19,664.0
MK42 0GE,E63010784,52.112050,-0.430910,16138,RLN1,Shortstown,4840.0,Minor,1,1,2,106.0
MK42 0NT,E63010690,52.126706,-0.459569,4670,UN1,Bedford,97235.0,Large,1,4,20,0.0
MK42 0RU,E63010690,52.119348,-0.441564,12781,UN1,Bedford,97235.0,Large,0,0,8,1196.0
MK42 7AZ,E63010775,52.109246,-0.485347,21939,UN1,Kempston,22785.0,Medium,0,1,10,918.0
MK42 8AY,E63010775,52.117340,-0.496012,12713,UN1,Kempston,22785.0,Medium,4,5,12,155.0
MK42 8BG,E63010775,52.121133,-0.488873,19525,UN1,Kempston,22785.0,Medium,2,6,17,524.0
MK42 8BL,E63010775,52.119200,-0.493831,12713,UN1,Kempston,22785.0,Medium,5,5,15,124.0
MK42 8BP,E63010775,52.119165,-0.494621,20842,UN1,Kempston,22785.0,Medium,5,5,15,77.0
MK42 8PP,E63010775,52.117787,-0.495135,12713,UN1,Kempston,22785.0,Medium,4,5,14,103.0
MK42 9HG,E63010690,52.126894,-0.470519,4869,UN1,Bedford,97235.0,Large,1,4,25,204.0
MK42 9XD,E63010690,52.117447,-0.462503,1387,UN1,Bedford,97235.0,Large,0,1,9,931.0
MK43 0JG,E63010902,52.074493,-0.600950,25006,RLN1,Cranfield,7050.0,Small,0,0,0,3831.0
MK43 0LA,E63010914,52.063868,-0.547641,16956,RLN1,Marston Moretaine,6350.0,Small,1,1,1,0.0
MK43 8JT,E63010697,52.152241,-0.528559,27284,RLN1,Bromham (Bedford),4650.0,Minor,0,0,1,1864.0
MK43 9TE,E63010834,52.093097,-0.520052,28713,RLN1,Wootton (Bedford),7565.0,Small,0,1,2,542.0
MK44 1PB,E63010525,52.226338,-0.544546,30749,RLN1,Sharnbrook,1740.0,Minor,0,1,1,975.0
MK44 3WJ,E63010690,52.128403,-0.418677,13724,UN1,Bedford,97235.0,Large,1,1,3,0.0
MK45 1DZ,E63011043,52.004964,-0.493907,30607,UN1,Flitwick,13660.0,Small,2,2,2,83.0
MK45 1LX,E63011043,52.002823,-0.498044,30306,UN1,Flitwick,13660.0,Small,2,2,2,447.0
MK45 2PJ,E63010997,52.031542,-0.492403,28860,UN1,Ampthill,8825.0,Small,0,2,2,597.0
MK45 3HJ,E63010878,52.080742,-0.449330,29086,RLN1,Wilstead,2405.0,Minor,0,0,0,3656.0
MK45 4LL,E63011118,51.967238,-0.427454,28152,RLN1,Barton-le-Clay,4935.0,Minor,2,2,2,0.0
MK46 4BA,E63010677,52.153006,-0.701001,25936,RLN1,Olney,6600.0,Small,1,1,1,409.0
MK5 6JG,E63010901,52.026088,-0.788912,22674,UN1,Milton Keynes,197340.0,Large,0,0,7,1252.0
MK6 1AP,E63010901,52.026795,-0.763530,19810,UN1,Milton Keynes,197340.0,Large,0,0,16,1517.0
MK6 2AG,E63010901,52.037113,-0.745226,9077,UN1,Milton Keynes,197340.0,Large,1,2,13,184.0
MK6 4JH,E63010901,52.022534,-0.733988,1595,UN1,Milton Keynes,197340.0,Large,6,7,10,146.0
MK6 4NE,E63010901,52.019676,-0.738252,1595,UN1,Milton Keynes,197340.0,Large,4,7,12,0.0
MK7 7AN,E63010901,52.022699,-0.689779,21903,UN1,Milton Keynes,197340.0,Large,1,1,3,133.0
MK8 1BP,E63010901,52.035149,-0.810826,17851,UN1,Milton Keynes,197340.0,Large,0,4,6,523.0
MK8 1EQ,,52.033803,-0.818151,20923,UN1,,,,1,2,5,0.0
MK8 9HN,E63010901,52.035908,-0.797860,20662,UN1,Milton Keynes,197340.0,Large,1,2,7,0.0
MK9 2FW,E63010901,52.035885,-0.761705,16543,UN1,Milton Keynes,197340.0,Large,0,3,8,973.0
MK9 3AH,E63010901,52.043493,-0.755852,4854,UN1,Milton Keynes,197340.0,Large,1,3,9,990.0
MK9 3BB,E63010901,52.042609,-0.756445,4854,UN1,Milton Keynes,197340.0,Large,1,4,8,938.0
N1 0DG,E63011980,51.534742,-0.107832,14178,UN1,Islington,,,5,20,80,0.0
N1 0SL,E63011980,51.536391,-0.116963,7574,UN1,Islington,,,4,16,80,279.0
N1 1BB,E63011980,51.540145,-0.116650,19913,UN1,Islington,,,3,13,80,201.0
N1 1EF,E63011980,51.540099,-0.117156,19913,UN1,Islington,,,3,12,81,168.0
N1 1RA,E63011980,51.540237,-0.102831,17852,UN1,Islington,,,6,22,71,435.0
N1 1RU,E63011980,51.545275,-0.103515,10755,UN1,Islington,,,3,17,67,171.0
N1 2AS,E63011980,51.543021,-0.102066,20072,UN1,Islington,,,6,18,75,298.0
N1 2SF,E63011980,51.537688,-0.100356,12607,UN1,Islington,,,6,20,73,234.0
N1 2SN,E63011980,51.539870,-0.097409,5450,UN1,Islington,,,10,20,70,92.0
N1 2UQ,E63011980,51.542791,-0.102854,20072,UN1,Islington,,,5,21,75,271.0
N1 3AP,E63011980,51.540897,-0.094742,7039,UN1,Islington,,,7,17,72,133.0
N1 3PB,E63011980,51.543522,-0.090248,4250,UN1,Islington,,,2,17,69,260.0
N1 4QY,E63011980,51.550176,-0.086911,15584,UN1,Islington,,,3,15,66,269.0
N1 5LG,E63011969,51.533721,-0.080450,4241,UN1,Hackney,,,5,17,75,70.0
N1 6BT,E63011969,51.529567,-0.083739,12611,UN1,Hackney,,,4,14,84,436.0
N1 6RA,E63011969,51.532353,-0.080378,9803,UN1,Hackney,,,6,16,79,171.0
N1 7AA,E63011980,51.537536,-0.091566,13193,UN1,Islington,,,6,20,70,0.0
N1 7QP,E63011969,51.531060,-0.088722,4695,UN1,Hackney,,,4,17,69,305.0
N1 8JR,E63011980,51.534313,-0.098002,10255,UN1,Islington,,,2,18,72,238.0
N1 8LY,E63011980,51.539878,-0.096775,7039,UN1,Islington,,,8,19,71,72.0
N1 9AL,E63011985,51.530794,-0.123495,5146,UN1,Camden,,,8,19,90,492.0
N1 9ER,E63011980,51.533390,-0.108710,12467,UN1,Islington,,,5,18,78,162.0
N1 9EW,E63011980,51.533487,-0.107524,14178,UN1,Islington,,,5,18,78,141.0
N1 9LH,E63011980,51.533057,-0.106475,14178,UN1,Islington,,,6,16,76,210.0
N10 1DJ,E63011909,51.591643,-0.142442,19221,UN1,Haringey,,,4,9,31,116.0
N10 1LR,E63011868,51.599493,-0.147580,26669,UN1,Barnet,,,1,7,26,120.0
N10 2AE,E63011909,51.598413,-0.138412,26300,UN1,Haringey,,,2,8,28,123.0
N10 2AH,E63011909,51.598598,-0.137596,20730,UN1,Haringey,,,2,8,31,71.0
N10 3HN,E63011909,51.590197,-0.145995,19545,UN1,Haringey,,,3,5,29,351.0
N10 3RS,E63011909,51.590704,-0.143361,19545,UN1,Haringey,,,4,7,30,160.0
N11 1AH,E63011803,51.616291,-0.135080,23107,UN1,Enfield,,,2,4,29,375.0
N11 1NE,E63011868,51.616260,-0.142795,11634,UN1,Barnet,,,1,5,22,901.0
N11 1PP,E63011803,51.614031,-0.139997,5918,UN1,Enfield,,,2,4,22,721.0
N11 2DN,E63011909,51.606927,-0.123608,9598,UN1,Haringey,,,2,8,31,202.0
N11 2EU,E63011909,51.607846,-0.125447,15884,UN1,Haringey,,,2,6,31,160.0
N11 2UD,E63011909,51.609945,-0.136380,15884,UN1,Haringey,,,0,7,24,764.0
N12 0JE,E63011868,51.605460,-0.176595,14454,UN1,Barnet,,,2,9,30,0.0
N12 0SH,E63011868,51.606626,-0.156258,10557,UN1,Barnet,,,0,4,30,739.0
N12 8LT,E63011868,51.613546,-0.177311,16989,UN1,Barnet,,,6,11,28,84.0
N12 9AY,E63011868,51.612435,-0.160240,15689,UN1,Barnet,,,1,3,24,313.0
N12 9QR,E63011868,51.616006,-0.176432,15389,UN1,Barnet,,,7,8,25,133.0
N12 9QU,E63011868,51.616501,-0.176470,19535,UN1,Barnet,,,6,8,25,93.0
N12 9SS,E63011868,51.617033,-0.175438,15389,UN1,Barnet,,,6,8,25,0.0
N13 4PN,E63011803,51.618216,-0.110372,16629,UN1,Enfield,,,4,8,25,158.0
N13 4SE,E63011803,51.612595,-0.121005,15156,UN1,Enfield,,,0,11,29,688.0
N13 4YB,E63011803,51.618265,-0.108940,16629,UN1,Enfield,,,4,7,26,251.0
N13 4YD,E63011803,51.617740,-0.109872,9993,UN1,Enfield,,,4,8,24,176.0
N13 5XG,E63011803,51.622140,-0.105052,21557,UN1,Enfield,,,1,7,21,59.0
N13 6JU,E63011803,51.611381,-0.109255,9612,UN1,Enfield,,,1,8,33,527.0
N14 4EY,E63011803,51.646986,-0.134239,13494,UN1,Enfield,,,2,5,15,50.0
N14 4XA,E63011803,51.648814,-0.129264,18716,UN1,Enfield,,,2,2,14,427.0
N14 5EN,E63011803,51.631962,-0.128700,20796,UN1,Enfield,,,2,3,18,1334.0
N14 5JR,E63011868,51.632350,-0.143524,27318,UN1,Barnet,,,0,5,17,519.0
N14 5PH,E63011803,51.633508,-0.130934,20796,UN1,Enfield,,,2,3,14,1104.0
N14 5PW,E63011803,51.634287,-0.131292,20796,UN1,Enfield,,,2,3,15,1028.0
N14 6LH,E63011803,51.624374,-0.123176,26409,UN1,Enfield,,,0,2,24,873.0
N15 3PB,E63011909,51.585898,-0.092096,9360,UN1,Haringey,,,1,14,53,0.0
N15 4AJ,E63011909,51.585955,-0.071408,2497,UN1,Haringey,,,5,16,39,217.0
N15 4DJ,E63011909,51.584324,-0.069052,1685,UN1,Haringey,,,3,15,35,221.0
N15 4JR,E63011909,51.589105,-0.078681,4260,UN1,Haringey,,,2,20,53,0.0
N15 4QD,E63011909,51.587603,-0.062273,7220,UN1,Haringey,,,2,12,35,295.0
N15 5AA,E63011909,51.585282,-0.078106,4272,UN1,Haringey,,,4,17,47,427.0
N15 5NR,E63011909,51.584346,-0.075316,4272,UN1,Haringey,,,3,17,45,529.0
N15 6EP,E63011909,51.578834,-0.081899,5281,UN1,Haringey,,,2,14,49,163.0
N15 6JR,E63011909,51.578540,-0.072761,5369,UN1,Haringey,,,2,16,52,0.0
N16 0AP,E63011969,51.562427,-0.078318,9451,UN1,Hackney,,,3,12,53,443.0
N16 0TA,E63011969,51.561025,-0.083340,16337,UN1,Hackney,,,3,13,53,74.0
N16 5JY,E63011969,51.570689,-0.079269,8096,UN1,Hackney,,,1,15,51,368.0
N16 5SR,E63011969,51.566027,-0.073607,4523,UN1,Hackney,,,2,14,47,160.0
N16 6LU,E63011969,51.569339,-0.065011,6162,UN1,Hackney,,,1,13,40,430.0
N16 6QX,E63011969,51.572435,-0.072254,7625,UN1,Hackney,,,4,13,46,0.0
N16 6TT,E63011969,51.573816,-0.072023,7625,UN1,Hackney,,,4,13,48,139.0
N16 6TY,E63011969,51.575011,-0.071943,6783,UN1,Hackney,,,6,12,52,201.0
N16 7JD,E63011969,51.562040,-0.073386,8414,UN1,Hackney,,,4,13,56,287.0
N16 8AD,E63011969,51.553642,-0.075096,7666,UN1,Hackney,,,3,16,55,174.0
N16 9DL,E63011969,51.557449,-0.090141,11026,UN1,Hackney,,,3,14,61,49.0
N16 9PA,E63011969,51.556705,-0.083666,10312,UN1,Hackney,,,5,15,59,408.0
N16 9PX,E63011980,51.551519,-0.086019,15584,UN1,Islington,,,3,16,59,109.0
N17 0HJ,E63011909,51.602836,-0.059559,1411,UN1,Haringey,,,1,7,35,0.0
N17 6QB,E63011909,51.592004,-0.070142,3861,UN1,Haringey,,,8,17,41,0.0
N17 6SB,E63011909,51.595442,-0.069202,3861,UN1,Haringey,,,6,13,39,0.0
N17 6XF,E63011909,51.598061,-0.078693,3940,UN1,Haringey,,,1,16,40,237.0
N17 7BU,E63011909,51.604548,-0.086015,2674,UN1,Haringey,,,2,8,45,71.0
N17 7LH,E63011909,51.605121,-0.086453,2674,UN1,Haringey,,,2,7,45,0.0
N17 8AH,E63011909,51.604763,-0.068460,1966,UN1,Haringey,,,4,9,36,0.0
N17 8HH,E63011909,51.605198,-0.071387,4997,UN1,Haringey,,,4,10,35,143.0
N17 8NW,E63011909,51.605340,-0.073446,5577,UN1,Haringey,,,4,13,35,0.0
N17 9DD,E63011909,51.594658,-0.067474,4915,UN1,Haringey,,,6,13,38,148.0
N17 9EJ,E63011909,51.589644,-0.069346,2971,UN1,Haringey,,,6,16,42,268.0
N17 9JD,E63011909,51.592631,-0.069436,2971,UN1,Haringey,,,8,15,40,85.0
N18 1ND,E63011803,51.616734,-0.085546,11104,UN1,Enfield,,,1,3,36,110.0
N18 1RP,E63011803,51.616071,-0.073642,4196,UN1,Enfield,,,1,10,28,0.0
N18 2JB,E63011803,51.613803,-0.064248,4348,UN1,Enfield,,,5,7,30,249.0
N18 2TW,E63011803,51.611078,-0.065823,6000,UN1,Enfield,,,3,12,33,62.0
N18 2TZ,E63011803,51.616081,-0.064368,4375,UN1,Enfield,,,3,10,31,46.0
N18 2XF,E63011803,51.612580,-0.065311,4348,UN1,Enfield,,,5,12,33,167.0
N18 3HF,E63011803,51.610171,-0.047981,3951,UN1,Enfield,,,0,1,28,1142.0
N18 3HT,E63011803,51.608595,-0.036538,3951,UN1,Enfield,,,0,2,22,1277.0
N19 3JF,E63011980,51.564435,-0.130753,8637,UN1,Islington,,,4,12,56,384.0
N19 3QN,E63011980,51.569501,-0.123662,5087,UN1,Islington,,,2,14,45,235.0
N19 5QT,E63011980,51.564865,-0.134631,8029,UN1,Islington,,,4,9,54,355.0
N19 5QU,E63011980,51.563778,-0.135238,8029,UN1,Islington,,,3,8,59,401.0
N1C 4AL,E63011985,51.530874,-0.123420,5146,UN1,Camden,,,7,19,90,481.0
N1C 4AP,E63011985,51.531919,-0.124098,5146,UN1,Camden,,,6,18,90,435.0
N1C 4QL,E63011985,51.531430,-0.126122,5146,UN1,Camden,,,6,22,96,351.0
N2 0DW,E63011868,51.585788,-0.180270,28804,UN1,Barnet,,,2,3,28,70.0
N2 0SZ,E63011868,51.591677,-0.177883,23760,UN1,Barnet,,,0,9,28,501.0
N2 8AQ,E63011868,51.589955,-0.164324,26821,UN1,Barnet,,,4,6,24,228.0
N2 9AS,E63011868,51.591851,-0.165446,26821,UN1,Barnet,,,5,6,24,396.0
N2 9ED,E63011868,51.590864,-0.164374,26821,UN1,Barnet,,,4,6,25,322.0
N2 9PJ,E63011868,51.587709,-0.163910,27057,UN1,Barnet,,,4,5,21,86.0
N20 0BA,E63011868,51.630210,-0.156631,24958,UN1,Barnet,,,1,4,22,522.0
N20 0EX,E63011868,51.630011,-0.176116,23416,UN1,Barnet,,,3,4,20,260.0
N20 0TX,E63011868,51.626724,-0.160283,18373,UN1,Barnet,,,2,4,23,195.0
N20 8QG,E63011868,51.630539,-0.181167,31544,UN1,Barnet,,,2,4,16,610.0
N20 9HS,E63011868,51.630810,-0.175506,23416,UN1,Barnet,,,3,3,19,230.0
N21 1UJ,E63011803,51.646340,-0.110662,19881,UN1,Enfield,,,1,3,14,0.0
N21 2HG,E63011803,51.642193,-0.096135,25609,UN1,Enfield,,,0,0,22,1017.0
N21 2SA,E63011803,51.633155,-0.093870,25812,UN1,Enfield,,,3,5,18,0.0
N21 3RE,E63011803,51.631315,-0.095725,24037,UN1,Enfield,,,3,4,19,241.0
N21 3RS,E63011803,51.630211,-0.097548,16189,UN1,Enfield,,,4,5,18,382.0
N22 5DJ,E63011909,51.598008,-0.094693,9520,UN1,Haringey,,,1,6,47,104.0
N22 6BA,E63011909,51.595222,-0.109262,5426,UN1,Haringey,,,3,11,42,292.0
N22 6BH,E63011909,51.591262,-0.104619,6590,UN1,Haringey,,,3,11,44,293.0
N22 6DS,E63011909,51.596144,-0.109541,5426,UN1,Haringey,,,5,11,39,215.0
N22 6SA,E63011909,51.593912,-0.097738,9520,UN1,Haringey,,,1,11,45,445.0
N22 8ED,E63011909,51.602377,-0.112951,4922,UN1,Haringey,,,2,10,34,289.0
N22 8HH,E63011909,51.597961,-0.110145,9038,UN1,Haringey,,,5,10,36,179.0
N22 8JW,E63011909,51.607989,-0.110205,8989,UN1,Haringey,,,3,8,32,145.0
N3 1XP,E63011868,51.603395,-0.191320,22372,UN1,Barnet,,,4,10,24,445.0
N3 1XT,E63011868,51.603832,-0.190494,22372,UN1,Barnet,,,4,11,25,471.0
N3 2DN,E63011868,51.604143,-0.189124,22372,UN1,Barnet,,,3,11,25,410.0
N3 2LN,E63011868,51.600227,-0.194666,21850,UN1,Barnet,,,5,10,25,98.0
N3 2RA,E63011868,51.599214,-0.181466,25783,UN1,Barnet,,,1,12,30,316.0
N3 3HP,E63011868,51.596483,-0.197976,21850,UN1,Barnet,,,4,7,31,309.0
N4 1DU,E63011909,51.577839,-0.098625,11874,UN1,Haringey,,,3,10,56,67.0
N4 1JX,E63011909,51.581943,-0.099392,11412,UN1,Haringey,,,5,11,55,189.0
N4 1LG,E63011909,51.580488,-0.098991,11412,UN1,Haringey,,,7,11,54,353.0
N4 2AA,E63011909,51.564831,-0.103929,14212,UN1,Haringey,,,2,16,54,365.0
N4 2EX,E63011969,51.564175,-0.092875,5629,UN1,Hackney,,,2,10,59,245.0
N4 2HE,E63011969,51.569779,-0.094618,2578,UN1,Hackney,,,2,8,54,151.0
N4 2NH,E63011969,51.570651,-0.095144,2578,UN1,Hackney,,,2,8,54,255.0
N4 3EF,E63011909,51.567441,-0.109029,6465,UN1,Haringey,,,5,11,60,260.0
N4 3NS,E63011980,51.562541,-0.110228,2650,UN1,Islington,,,3,18,57,294.0
N4 3PX,E63011980,51.569044,-0.111993,12161,UN1,Islington,,,5,12,54,196.0
N4 3PZ,E63011980,51.570062,-0.114303,12161,UN1,Islington,,,4,12,52,0.0
N4 3RN,E63011909,51.570532,-0.114456,7606,UN1,Haringey,,,3,12,52,53.0
N5 2AB,E63011980,51.553524,-0.098181,16228,UN1,Islington,,,2,13,68,264.0
N5 2LL,E63011980,51.559515,-0.098263,18132,UN1,Islington,,,0,13,62,532.0
N6 4EJ,E63011909,51.577883,-0.148069,13214,UN1,Haringey,,,1,2,32,266.0
N6 5HX,E63011909,51.570958,-0.148018,21826,UN1,Haringey,,,0,4,29,708.0
N6 6QS,E63011985,51.561589,-0.149813,22437,UN1,Camden,,,0,7,40,549.0
N7 0BL,E63011985,51.549189,-0.130007,16623,UN1,Camden,,,4,15,69,334.0
N7 6AE,E63011980,51.559487,-0.115995,7841,UN1,Islington,,,6,16,58,256.0
N7 6AJ,E63011980,51.558293,-0.118958,11066,UN1,Islington,,,5,15,57,421.0
N7 6JP,E63011980,51.559789,-0.121984,11066,UN1,Islington,,,6,13,55,418.0
N7 6QA,E63011980,51.557346,-0.118233,11066,UN1,Islington,,,4,16,63,348.0
N7 7HE,E63011980,51.563176,-0.117848,5609,UN1,Islington,,,3,20,58,184.0
N7 7NN,E63011980,51.556096,-0.110956,4870,UN1,Islington,,,2,19,69,298.0
N7 8JE,E63011980,51.550372,-0.108958,16660,UN1,Islington,,,5,16,67,97.0
N7 8LX,E63011980,51.549575,-0.108644,10755,UN1,Islington,,,3,15,66,185.0
N7 8XF,E63011980,51.546388,-0.115123,3166,UN1,Islington,,,2,20,73,162.0
N7 9DP,E63011980,51.549411,-0.119685,8909,UN1,Islington,,,6,18,66,344.0
N7 9GL,E63011980,51.548442,-0.123158,8909,UN1,Islington,,,6,13,75,158.0
N7 9LR,E63011980,51.548695,-0.128297,7264,UN1,Islington,,,4,16,70,205.0
N7 9LW,E63011980,51.548500,-0.127944,7264,UN1,Islington,,,4,17,72,177.0
N7 9RP,E63011980,51.550612,-0.117732,13764,UN1,Islington,,,5,19,66,162.0
N8 0DU,E63011909,51.588955,-0.109277,5261,UN1,Haringey,,,2,12,38,36.0
N8 0RL,E63011909,51.582636,-0.100027,9806,UN1,Haringey,,,4,13,53,113.0
N8 7PS,E63011909,51.587794,-0.118737,8816,UN1,Haringey,,,0,9,45,679.0
N8 8AA,E63011909,51.577961,-0.124656,18313,UN1,Haringey,,,7,12,45,72.0
N8 8DT,E63011909,51.579895,-0.124129,18313,UN1,Haringey,,,8,12,47,211.0
N8 8DU,E63011909,51.578923,-0.124097,18313,UN1,Haringey,,,8,11,47,157.0
N8 8JR,E63011909,51.582332,-0.126973,16274,UN1,Haringey,,,8,12,44,124.0
N8 8LA,E63011909,51.586861,-0.133514,16855,UN1,Haringey,,,1,9,31,420.0
N8 8SY,E63011909,51.581249,-0.126123,18313,UN1,Haringey,,,9,12,44,33.0
N8 9BG,E63011909,51.583363,-0.116654,13101,UN1,Haringey,,,0,13,43,666.0
N8 9TN,E63011909,51.579842,-0.123063,18313,UN1,Haringey,,,8,12,47,263.0
N9 0AL,E63011803,51.623097,-0.059577,2781,UN1,Enfield,,,5,9,25,78.0
N9 0HW,E63011803,51.625696,-0.056345,2781,UN1,Enfield,,,5,10,23,321.0
N9 0TY,E63011803,51.624651,-0.058976,2781,UN1,Enfield,,,4,9,24,113.0
N9 0TZ,E63011803,51.624157,-0.057899,2781,UN1,Enfield,,,4,10,23,140.0
N9 7ES,E63011803,51.633454,-0.054004,6554,UN1,Enfield,,,2,6,24,101.0
N9 7HD,E63011803,51.632548,-0.054144,5869,UN1,Enfield,,,3,9,26,0.0
N9 8AG,E63011803,51.638768,-0.048010,9017,UN1,Enfield,,,1,9,22,157.0
N9 8JE,E63011803,51.628528,-0.052539,7594,UN1,Enfield,,,3,9,23,461.0
N9 9BA,E63011803,51.622887,-0.065971,4845,UN1,Enfield,,,2,10,24,435.0
N9 9JJ,E63011803,51.634105,-0.071114,23079,UN1,Enfield,,,0,4,21,706.0
NE1 2BL,E63007169,54.972608,-1.596242,10858,UN1,Newcastle upon Tyne,286445.0,Major,1,7,29,717.0
NE1 3PG,E63007169,54.965775,-1.620441,7969,UN1,Newcastle upon Tyne,286445.0,Major,0,4,41,724.0
NE1 7AN,E63007169,54.973914,-1.613882,13862,UN1,Newcastle upon Tyne,286445.0,Major,8,10,27,0.0
NE1 7DF,E63007169,54.975850,-1.612411,18149,UN1,Newcastle upon Tyne,286445.0,Major,7,10,28,170.0
NE1 7DQ,E63007169,54.977326,-1.613147,18149,UN1,Newcastle upon Tyne,286445.0,Major,7,9,27,263.0
NE1 7XE,E63007169,54.974941,-1.614622,18149,UN1,Newcastle upon Tyne,286445.0,Major,7,9,26,24.0
NE10 0QU,E63007200,54.953804,-1.544060,10871,UN1,Gateshead,115280.0,Large,1,1,9,256.0
NE10 8PE,E63007200,54.941878,-1.546036,6156,UN1,Gateshead,115280.0,Large,2,2,7,210.0
NE10 8XQ,E63007200,54.940652,-1.545160,4248,UN1,Gateshead,115280.0,Large,2,2,7,349.0
NE10 9BF,E63007200,54.949538,-1.569432,1079,UN1,Gateshead,115280.0,Large,2,2,10,190.0
NE10 9QG,E63007200,54.947997,-1.568137,2454,UN1,Gateshead,115280.0,Large,2,2,13,0.0
NE11 0BD,E63007200,54.923548,-1.619933,9136,RSN1,Gateshead,115280.0,Large,0,2,7,1300.0
NE11 0DE,E63007200,54.937233,-1.631526,16171,UN1,Gateshead,115280.0,Large,0,2,11,1167.0
NE11 0JY,E63007200,54.923499,-1.607514,2156,UN1,Gateshead,115280.0,Large,1,2,10,1309.0
NE11 0NJ,E63007200,54.925992,-1.608691,2156,UN1,Gateshead,115280.0,Large,1,2,11,1022.0
NE11 0TU,E63007200,54.932995,-1.623715,2156,UN1,Gateshead,115280.0,Large,0,2,11,661.0
NE11 9FJ,E63007200,54.952972,-1.639079,4882,UN1,Gateshead,115280.0,Large,1,3,17,0.0
NE11 9LJ,E63007200,54.942394,-1.638471,3665,UN1,Gateshead,115280.0,Large,0,2,10,1177.0
NE11 9SJ,E63007200,54.948705,-1.645378,10728,UN1,Gateshead,115280.0,Large,0,3,10,622.0
NE11 9YA,E63007191,54.959893,-1.677872,7898,UN1,Blaydon,14240.0,Small,0,2,14,1191.0
NE11 9YQ,E63007191,54.957648,-1.668567,7898,UN1,Blaydon,14240.0,Small,0,1,18,1374.0
NE12 5UT,E63007159,55.043121,-1.579635,8710,UN1,Killingworth,12180.0,Small,0,0,4,1184.0
NE12 6HS,E63007159,55.037297,-1.564080,30636,UN1,Killingworth,12180.0,Small,2,2,6,0.0
NE12 6YT,E63007159,55.036461,-1.566499,30636,UN1,Killingworth,12180.0,Small,2,2,6,180.0
NE12 7AR,E63007164,55.021714,-1.566236,12287,UN1,Longbenton,26880.0,Medium,2,2,14,173.0
NE12 7HS,E63007164,55.019906,-1.568273,12287,UN1,Longbenton,26880.0,Medium,2,2,13,67.0
NE12 8EW,E63007164,55.019949,-1.588792,11391,UN1,Longbenton,26880.0,Medium,2,4,12,0.0
NE12 8GA,E63007164,55.011303,-1.591039,8536,UN1,Longbenton,26880.0,Medium,1,9,16,452.0
NE12 9SJ,E63007164,55.020590,-1.536813,25440,UN1,Longbenton,26880.0,Medium,0,0,6,1704.0
NE13 6EN,E63007150,55.056961,-1.627127,13897,UN1,Seaton Burn,1355.0,Minor,0,1,3,981.0
NE13 6LH,E63007153,55.046849,-1.623542,31031,UN1,Wideopen,9145.0,Small,2,2,3,169.0
NE13 7JW,E63007151,55.051468,-1.673492,11569,RLN1,Dinnington (Newcastle upon Tyne),2360.0,Minor,0,0,0,2905.0
NE13 9BH,E63007169,55.031014,-1.650255,16434,UN1,Newcastle upon Tyne,286445.0,Major,0,0,4,1508.0
NE15 6BY,E63007169,54.970612,-1.677397,649,UN1,Newcastle upon Tyne,286445.0,Major,2,2,18,314.0
NE15 6TR,E63007169,54.973236,-1.673845,649,UN1,Newcastle upon Tyne,286445.0,Major,2,2,22,130.0
NE15 7HJ,E63007169,54.981206,-1.687516,14353,UN1,Newcastle upon Tyne,286445.0,Major,2,2,13,312.0
NE15 8DE,E63007169,54.976977,-1.714249,3138,UN1,Newcastle upon Tyne,286445.0,Major,0,1,7,816.0
NE15 8LX,E63007177,54.985651,-1.743628,10676,RLN1,Newburn,1475.0,Minor,1,1,4,0.0
NE15 9PA,E63007170,54.992889,-1.758867,2507,RLN1,Throckley,6210.0,Small,1,1,3,0.0
NE16 3BQ,E63007191,54.962950,-1.692435,16377,UN1,Blaydon,14240.0,Small,0,2,10,592.0
NE16 4DN,E63007199,54.946206,-1.677591,12176,UN1,Whickham,15685.0,Small,3,3,7,94.0
NE16 4DT,E63007199,54.945751,-1.675378,12176,UN1,Whickham,15685.0,Small,3,3,8,125.0
NE16 4PD,E63007199,54.945387,-1.677238,12176,UN1,Whickham,15685.0,Small,3,3,7,0.0
NE16 5LP,E63007209,54.922943,-1.675093,27421,UN1,Sunniside,3425.0,Minor,1,1,2,0.0
NE16 5QU,E63007199,54.936934,-1.685235,30235,UN1,Whickham,15685.0,Small,0,0,6,1070.0
NE16 6HU,E63007216,54.905577,-1.740454,11577,RLN1,Burnopfield,2995.0,Minor,1,1,2,0.0
NE17 7HU,E63007213,54.919435,-1.815124,3479,RLN1,Chopwell,2530.0,Minor,1,1,2,112.0
NE2 1AN,E63007169,54.976097,-1.597020,10578,UN1,Newcastle upon Tyne,286445.0,Major,1,8,27,707.0
NE2 2SX,E63007169,54.992627,-1.606561,23204,UN1,Newcastle upon Tyne,286445.0,Major,2,2,16,357.0
NE20 9NZ,E63007156,55.049280,-1.743254,29994,UN1,Ponteland,10150.0,Small,1,2,3,513.0
NE20 9PW,E63007156,55.036456,-1.764849,31442,UN1,Ponteland,10150.0,Small,0,0,2,1945.0
NE20 9PX,E63007156,55.050191,-1.744563,19399,UN1,Ponteland,10150.0,Small,2,2,2,390.0
NE21 4JR,,54.965880,-1.722667,26604,UN1,,,,0,3,9,661.0
NE21 4RE,E63007191,54.955112,-1.725348,3539,UN1,Blaydon,14240.0,Small,2,2,7,111.0
NE21 5BT,E63007191,54.963890,-1.709483,17020,UN1,Blaydon,14240.0,Small,1,3,9,211.0
NE21 6AD,E63007191,54.954622,-1.727475,3539,UN1,Blaydon,14240.0,Small,2,2,6,254.0
NE22 5UB,E63007139,55.131406,-1.597702,21691,UN1,Bedlington,16185.0,Small,2,2,2,108.0
NE22 6JX,E63007139,55.132200,-1.598682,21691,UN1,Bedlington,16185.0,Small,2,2,2,0.0
NE22 7JN,E63007139,55.140966,-1.568521,6144,UN1,Bedlington,16185.0,Small,1,1,2,260.0
NE23 1WF,E63007143,55.094980,-1.607125,2162,UN1,Cramlington,28845.0,Medium,0,0,6,1532.0
NE23 1XZ,E63007143,55.095552,-1.584492,22634,UN1,Cramlington,28845.0,Medium,0,0,6,1209.0
NE23 6NZ,E63007143,55.074096,-1.569507,15299,UN1,Cramlington,28845.0,Medium,0,0,7,1632.0
NE23 6QE,E63007143,55.085496,-1.589531,13854,UN1,Cramlington,28845.0,Medium,4,4,7,170.0
NE23 6RT,E63007143,55.085536,-1.588011,13854,UN1,Cramlington,28845.0,Medium,4,4,7,103.0
NE23 6US,E63007143,55.084778,-1.587094,13854,UN1,Cramlington,28845.0,Medium,4,4,7,0.0
NE23 7HR,E63007149,55.056233,-1.593492,12345,UN1,Dudley (North Tyneside),4800.0,Minor,0,0,1,2167.0
NE23 7SE,E63007148,55.063215,-1.549817,10446,RLN1,Seghill,2795.0,Minor,1,1,5,152.0
NE24 1BD,E63007141,55.127763,-1.510780,725,UN1,Blyth (Northumberland),39730.0,Medium,7,7,8,249.0
NE24 1BW,E63007141,55.126691,-1.509977,4316,UN1,Blyth (Northumberland),39730.0,Medium,7,7,8,343.0
NE24 1DJ,E63007141,55.127742,-1.512223,725,UN1,Blyth (Northumberland),39730.0,Medium,6,7,8,174.0
NE24 1DX,E63007141,55.127879,-1.514950,725,UN1,Blyth (Northumberland),39730.0,Medium,6,7,8,0.0
NE24 1EY,E63007141,55.128968,-1.513212,725,UN1,Blyth (Northumberland),39730.0,Medium,6,7,8,69.0
NE24 4AA,E63007141,55.111672,-1.532061,2866,UN1,Blyth (Northumberland),39730.0,Medium,0,0,1,2105.0
NE24 4LZ,E63007141,55.127160,-1.555089,18042,UN1,Blyth (Northumberland),39730.0,Medium,0,1,3,1631.0
NE24 5LB,E63007141,55.127438,-1.540439,1413,UN1,Blyth (Northumberland),39730.0,Medium,0,1,9,1621.0
NE25 0DG,E63007147,55.073101,-1.526700,9729,RLN1,Seaton Delaval,8010.0,Small,2,2,4,280.0
NE25 0DS,E63007147,55.072628,-1.524999,9729,RLN1,Seaton Delaval,8010.0,Small,2,2,4,230.0
NE25 8AN,E63007154,55.041674,-1.460892,26021,UN1,Whitley Bay,36880.0,Medium,1,8,16,363.0
NE25 8HN,E63007154,55.039939,-1.452700,22455,UN1,Whitley Bay,36880.0,Medium,3,9,17,529.0
NE25 8HY,E63007154,55.034809,-1.456947,11644,UN1,Whitley Bay,36880.0,Medium,0,4,16,1025.0
NE25 9EX,E63007154,55.043717,-1.480270,20395,UN1,Whitley Bay,36880.0,Medium,0,3,11,654.0
NE25 9PH,E63007154,55.036765,-1.472834,26021,UN1,Whitley Bay,36880.0,Medium,1,3,15,0.0
NE26 1DG,E63007154,55.042507,-1.446280,3961,UN1,Whitley Bay,36880.0,Medium,6,8,14,420.0
NE26 2NA,E63007154,55.040766,-1.439137,13924,UN1,Whitley Bay,36880.0,Medium,4,7,10,90.0
NE26 2SN,E63007154,55.041939,-1.445991,3961,UN1,Whitley Bay,36880.0,Medium,6,8,14,388.0
NE26 2SY,E63007154,55.041863,-1.443159,13924,UN1,Whitley Bay,36880.0,Medium,5,7,13,209.0
NE26 3HL,E63007154,55.054152,-1.462133,32200,UN1,Whitley Bay,36880.0,Medium,0,1,10,985.0
NE26 3QL,E63007154,55.042526,-1.450474,22455,UN1,Whitley Bay,36880.0,Medium,5,9,15,445.0
NE26 4DR,E63007146,55.082655,-1.474283,18130,RLN1,Seaton Sluice,2955.0,Minor,0,0,0,3548.0
NE27 0HJ,E63007160,55.037680,-1.506714,7049,UN1,Shiremoor,6955.0,Small,1,3,8,0.0
NE27 0JE,E63007157,55.043766,-1.525403,14346,UN1,Backworth,4490.0,Minor,0,0,4,1370.0
NE27 0SJ,E63007157,55.033546,-1.517795,28560,UN1,Backworth,4490.0,Minor,0,4,8,670.0
NE28 0AA,E63007167,54.996236,-1.502282,6543,UN1,Wallsend,45355.0,Medium,2,4,16,167.0
NE28 0PS,E63007167,55.002649,-1.499326,4957,UN1,Wallsend,45355.0,Medium,0,4,13,669.0
NE28 6NJ,E63007167,54.991376,-1.496121,6543,UN1,Wallsend,45355.0,Medium,0,3,16,630.0
NE28 6RZ,E63007167,54.989595,-1.538857,2281,UN1,Wallsend,45355.0,Medium,5,7,15,304.0
NE28 7BJ,E63007167,54.996256,-1.505033,7381,UN1,Wallsend,45355.0,Medium,2,4,17,339.0
NE28 7PG,E63007167,54.995631,-1.528737,18512,UN1,Wallsend,45355.0,Medium,1,8,13,84.0
NE28 8HU,E63007167,54.990907,-1.534153,2281,UN1,Wallsend,45355.0,Medium,5,7,13,78.0
NE28 8JA,E63007167,54.990850,-1.535701,7627,UN1,Wallsend,45355.0,Medium,5,7,13,79.0
NE28 8JR,E63007167,54.991422,-1.534975,7627,UN1,Wallsend,45355.0,Medium,5,7,12,0.0
NE28 9DX,E63007167,55.006463,-1.515899,8517,UN1,Wallsend,45355.0,Medium,0,0,11,1415.0
NE28 9HP,E63007167,55.001821,-1.535294,20061,UN1,Wallsend,45355.0,Medium,0,2,9,722.0
NE28 9ND,E63007167,55.011799,-1.495601,4959,UN1,Wallsend,45355.0,Medium,1,2,14,380.0
NE28 9UY,E63007167,55.016088,-1.511530,20356,UN1,Wallsend,45355.0,Medium,0,1,11,543.0
NE29 0DZ,E63007165,55.009064,-1.451087,2404,UN1,Tynemouth,60605.0,Medium,7,7,18,124.0
NE29 0HT,E63007165,55.010039,-1.450136,2404,UN1,Tynemouth,60605.0,Medium,7,7,17,0.0
NE29 0SF,E63007165,55.011200,-1.456609,2404,UN1,Tynemouth,60605.0,Medium,6,7,15,0.0
NE29 0SZ,E63007165,55.009128,-1.447271,2404,UN1,Tynemouth,60605.0,Medium,5,8,17,209.0
NE29 6HN,E63007165,55.000789,-1.475884,762,UN1,Tynemouth,60605.0,Medium,1,2,18,72.0
NE29 7DR,E63007165,55.009498,-1.476146,4998,UN1,Tynemouth,60605.0,Medium,0,4,18,944.0
NE29 7UJ,E63007165,55.011120,-1.483647,5995,UN1,Tynemouth,60605.0,Medium,1,3,13,493.0
NE29 8EA,E63007165,55.024915,-1.487990,6981,UN1,Tynemouth,60605.0,Medium,0,0,13,1303.0
NE29 9QR,E63007165,55.023133,-1.456323,30571,UN1,Tynemouth,60605.0,Medium,0,1,15,741.0
NE3 1JZ,E63007169,55.005285,-1.619571,30906,UN1,Newcastle upon Tyne,286445.0,Major,6,10,21,346.0
NE3 1QD,E63007169,55.006998,-1.604310,22505,UN1,Newcastle upon Tyne,286445.0,Major,0,3,23,839.0
NE3 2EF,E63007169,55.011677,-1.663137,1238,UN1,Newcastle upon Tyne,286445.0,Major,1,2,10,1159.0
NE3 2FP,E63007169,55.013720,-1.667561,26280,UN1,Newcastle upon Tyne,286445.0,Major,1,1,6,1414.0
NE3 2PE,E63007169,55.013936,-1.645385,4124,UN1,Newcastle upon Tyne,286445.0,Major,2,4,18,0.0
NE3 3HQ,E63007169,55.012809,-1.635011,8463,UN1,Newcastle upon Tyne,286445.0,Major,1,8,19,673.0
NE3 3NA,E63007169,55.012796,-1.642846,3960,UN1,Newcastle upon Tyne,286445.0,Major,3,5,20,206.0
NE3 3RX,E63007169,55.006291,-1.652691,6623,UN1,Newcastle upon Tyne,286445.0,Major,0,5,15,969.0
NE3 4AA,E63007169,55.002987,-1.620358,30906,UN1,Newcastle upon Tyne,286445.0,Major,3,9,18,120.0
NE3 4TS,E63007169,54.999087,-1.644172,8301,UN1,Newcastle upon Tyne,286445.0,Major,0,2,21,1084.0
NE3 4XN,E63007169,55.002608,-1.634651,31549,UN1,Newcastle upon Tyne,286445.0,Major,1,5,20,443.0
NE3 5BU,E63007169,55.012220,-1.618723,21702,UN1,Newcastle upon Tyne,286445.0,Major,3,5,20,334.0
NE3 5TT,E63007169,55.026041,-1.627679,32714,UN1,Newcastle upon Tyne,286445.0,Major,1,1,11,86.0
NE30 3ER,E63007165,55.032651,-1.442802,32185,UN1,Tynemouth,60605.0,Medium,0,3,15,991.0
NE30 4LX,E63007165,55.018496,-1.425138,24104,UN1,Tynemouth,60605.0,Medium,0,0,8,1851.0
NE31 1LE,E63007179,54.972974,-1.518894,4244,UN1,Hebburn,21345.0,Medium,3,5,17,203.0
NE31 1LQ,E63007179,54.972464,-1.519509,4244,UN1,Hebburn,21345.0,Medium,3,5,16,211.0
NE31 1NU,E63007179,54.973937,-1.521601,4244,UN1,Hebburn,21345.0,Medium,3,5,15,0.0
NE31 2SP,E63007179,54.973440,-1.507391,2864,UN1,Hebburn,21345.0,Medium,1,7,15,0.0
NE32 3JU,E63007182,54.980967,-1.491064,2052,UN1,Jarrow,29470.0,Medium,8,8,16,68.0
NE32 3LN,E63007182,54.980553,-1.488976,1089,UN1,Jarrow,29470.0,Medium,6,8,14,193.0
NE32 3LQ,E63007182,54.980551,-1.488444,1089,UN1,Jarrow,29470.0,Medium,6,8,14,227.0
NE32 4BB,E63007182,54.963667,-1.465747,2212,UN1,Jarrow,29470.0,Medium,0,0,9,1202.0
NE32 4LZ,E63007182,54.954976,-1.477839,3841,UN1,Jarrow,29470.0,Medium,0,0,5,1237.0
NE32 5AF,E63007182,54.977798,-1.491870,9649,UN1,Jarrow,29470.0,Medium,8,8,16,0.0
NE32 5SE,E63007182,54.977889,-1.496462,8459,UN1,Jarrow,29470.0,Medium,6,10,16,0.0
NE33 1AZ,E63007175,54.996638,-1.435860,1844,UN1,South Shields,73345.0,Medium,2,6,19,698.0
NE33 1DA,E63007175,54.998414,-1.433209,1844,UN1,South Shields,73345.0,Medium,3,4,19,581.0
NE33 1PZ,E63007175,54.995633,-1.430357,1844,UN1,South Shields,73345.0,Medium,3,7,15,940.0
NE33 2LX,E63007175,54.999102,-1.426556,1281,UN1,South Shields,73345.0,Medium,2,4,18,851.0
NE33 3PW,E63007175,54.988055,-1.423932,3638,UN1,South Shields,73345.0,Medium,3,8,20,216.0
NE33 4AR,E63007175,54.986614,-1.427234,3638,UN1,South Shields,73345.0,Medium,5,7,21,310.0
NE33 4BB,E63007175,54.986119,-1.430757,9447,UN1,South Shields,73345.0,Medium,6,7,19,129.0
NE33 4JP,E63007175,54.984988,-1.431179,10094,UN1,South Shields,73345.0,Medium,5,7,18,0.0
NE33 4QY,E63007175,54.975584,-1.438077,2513,UN1,South Shields,73345.0,Medium,3,4,19,0.0
NE33 5DU,E63007175,54.987701,-1.436798,305,UN1,South Shields,73345.0,Medium,4,8,18,0.0
NE34 0AR,E63007175,54.973894,-1.439897,2677,UN1,South Shields,73345.0,Medium,3,6,17,159.0
NE34 6RF,E63007175,54.980540,-1.399289,7527,UN1,South Shields,73345.0,Medium,1,2,8,55.0
NE34 7LZ,E63007175,54.972162,-1.407991,3681,UN1,South Shields,73345.0,Medium,2,3,9,477.0
NE34 8HF,E63007175,54.958785,-1.431315,2459,UN1,South Shields,73345.0,Medium,0,1,12,1393.0
NE34 8PS,E63007175,54.971299,-1.415314,7995,UN1,South Shields,73345.0,Medium,2,3,18,0.0
NE34 9BD,E63007182,54.969894,-1.453293,8108,UN1,Jarrow,29470.0,Medium,1,3,9,330.0
NE34 9TQ,E63007175,54.962419,-1.439823,3242,UN1,South Shields,73345.0,Medium,0,1,13,1175.0
NE35 9AN,E63007194,54.949770,-1.460717,3895,UN1,Boldon Colliery,6070.0,Small,3,3,6,0.0
NE35 9AR,E63007194,54.948379,-1.460985,3895,UN1,Boldon Colliery,6070.0,Small,3,3,5,156.0
NE35 9AU,E63007194,54.947876,-1.461101,3895,UN1,Boldon Colliery,6070.0,Small,3,3,5,212.0
NE36 0LJ,E63007195,54.945965,-1.422551,29296,UN1,East Boldon and West Boldon,6795.0,Small,0,0,3,1591.0
NE37 2PY,E63007217,54.913968,-1.525245,2022,UN1,Washington,51320.0,Medium,3,3,8,65.0
NE37 2SW,E63007217,54.913085,-1.522369,2584,UN1,Washington,51320.0,Medium,2,3,8,165.0
NE37 2TE,E63007217,54.913225,-1.530572,4481,UN1,Washington,51320.0,Medium,2,3,8,365.0
NE38 7NF,E63007217,54.898692,-1.532253,17790,UN1,Washington,51320.0,Medium,3,3,9,66.0
NE38 7RT,E63007217,54.899591,-1.532524,17790,UN1,Washington,51320.0,Medium,3,3,8,118.0
NE38 7SS,E63007217,54.897143,-1.531601,17790,UN1,Washington,51320.0,Medium,3,3,9,188.0
NE38 8JF,E63007217,54.901602,-1.509125,1915,UN1,Washington,51320.0,Medium,0,0,8,1448.0
NE38 9EJ,E63007217,54.879611,-1.548154,26706,UN1,Washington,51320.0,Medium,1,1,2,78.0
NE39 1PZ,E63007211,54.919824,-1.742437,26528,RLN1,Rowlands Gill,5255.0,Small,0,0,2,1589.0
NE4 5JP,E63007169,54.975360,-1.637209,672,UN1,Newcastle upon Tyne,286445.0,Major,2,10,29,246.0
NE4 6SL,E63007169,54.968891,-1.640468,1631,UN1,Newcastle upon Tyne,286445.0,Major,3,10,28,48.0
NE4 7RW,E63007169,54.965879,-1.636934,315,UN1,Newcastle upon Tyne,286445.0,Major,3,4,32,444.0
NE4 8AY,E63007169,54.974192,-1.646202,681,UN1,Newcastle upon Tyne,286445.0,Major,4,13,23,0.0
NE4 8BL,E63007169,54.970198,-1.657639,553,UN1,Newcastle upon Tyne,286445.0,Major,3,9,24,0.0
NE4 8PR,E63007169,54.968845,-1.659025,137,UN1,Newcastle upon Tyne,286445.0,Major,3,7,24,62.0
NE4 8SL,E63007169,54.973695,-1.651455,5278,UN1,Newcastle upon Tyne,286445.0,Major,4,15,22,340.0
NE4 9AU,E63007169,54.980637,-1.646818,18198,UN1,Newcastle upon Tyne,286445.0,Major,0,9,23,509.0
NE4 9QB,E63007169,54.976216,-1.656276,7781,UN1,Newcastle upon Tyne,286445.0,Major,2,11,24,0.0
NE4 9RX,E63007169,54.986165,-1.663193,7784,UN1,Newcastle upon Tyne,286445.0,Major,1,3,25,267.0
NE40 3HQ,E63007185,54.972738,-1.761487,22421,UN1,Ryton,8805.0,Small,0,0,4,1833.0
NE40 4AX,E63007189,54.953104,-1.785679,17725,UN1,Crawcrook and Greenside,7545.0,Small,0,0,2,1406.0
NE40 4US,E63007189,54.965705,-1.787502,25190,UN1,Crawcrook and Greenside,7545.0,Small,1,1,3,0.0
NE41 8AB,E63007180,54.976391,-1.822004,32240,RLN1,Wylam,1660.0,Minor,0,0,0,2155.0
NE42 5DB,E63007190,54.961159,-1.847635,13504,UN1,Prudhoe,10280.0,Small,5,5,5,131.0
NE42 5HH,E63007190,54.961668,-1.852678,12152,UN1,Prudhoe,10280.0,Small,5,5,5,53.0
NE42 5PU,E63007190,54.961362,-1.852241,13504,UN1,Prudhoe,10280.0,Small,5,5,5,96.0
NE43 7LA,E63007204,54.946663,-1.898770,24771,RSN1,Stocksfield,1945.0,Minor,1,1,1,81.0
NE45 5AD,E63007181,54.974255,-2.017257,26829,RLN1,Corbridge,2890.0,Minor,1,1,1,293.0
NE46 1LU,E63007188,54.970485,-2.100951,18169,UN1,Hexham,10945.0,Small,3,3,3,401.0
NE46 1QJ,E63007188,54.970445,-2.094672,6081,UN1,Hexham,10945.0,Small,3,3,3,0.0
NE46 3PJ,E63007188,54.972760,-2.098957,30823,UN1,Hexham,10945.0,Small,3,3,3,376.0
NE47 6JG,E63007184,54.974056,-2.247777,18272,RLF1,Haydon Bridge,1230.0,Minor,1,1,1,233.0
NE47 9BP,E63007222,54.896113,-2.255389,21892,RSF1,Allendale Town,730.0,Minor,0,0,0,8855.0
NE48 2AA,E63007138,55.143968,-2.254650,18068,RLF1,Bellingham,1030.0,Minor,1,1,1,214.0
NE49 9AF,E63007186,54.970103,-2.460459,10568,RLF1,Haltwhistle,3650.0,Minor,1,1,1,280.0
NE5 1LJ,E63007169,54.996847,-1.715140,24860,UN1,Newcastle upon Tyne,286445.0,Major,1,1,6,0.0
NE5 2LH,E63007169,54.997784,-1.686826,10428,UN1,Newcastle upon Tyne,286445.0,Major,1,5,11,0.0
NE5 2QZ,E63007169,54.993026,-1.699257,2198,UN1,Newcastle upon Tyne,286445.0,Major,1,3,10,34.0
NE5 2UY,E63007169,54.983935,-1.686401,2327,UN1,Newcastle upon Tyne,286445.0,Major,2,2,13,0.0
NE5 3AE,E63007169,54.991611,-1.656819,2869,UN1,Newcastle upon Tyne,286445.0,Major,1,3,12,0.0
NE5 3RL,E63007169,54.995167,-1.672278,858,UN1,Newcastle upon Tyne,286445.0,Major,0,2,15,972.0
NE5 4FB,E63007169,55.006173,-1.688605,2267,UN1,Newcastle upon Tyne,286445.0,Major,0,2,9,940.0
NE6 1DN,E63007169,54.977221,-1.581213,218,UN1,Newcastle upon Tyne,286445.0,Major,6,6,20,149.0
NE6 1DR,E63007169,54.976398,-1.585034,76,UN1,Newcastle upon Tyne,286445.0,Major,5,8,26,157.0
NE6 1SA,E63007169,54.978330,-1.579858,218,UN1,Newcastle upon Tyne,286445.0,Major,6,6,16,0.0
NE6 1SG,E63007169,54.977498,-1.583491,218,UN1,Newcastle upon Tyne,286445.0,Major,5,8,22,0.0
NE6 2NN,E63007169,54.966368,-1.556444,32,UN1,Newcastle upon Tyne,286445.0,Major,1,5,11,0.0
NE6 2NY,E63007169,54.973845,-1.561704,709,UN1,Newcastle upon Tyne,286445.0,Major,1,3,18,897.0
NE6 2PB,E63007169,54.974885,-1.555913,4852,UN1,Newcastle upon Tyne,286445.0,Major,1,7,17,733.0
NE6 2XP,E63007169,54.979327,-1.574441,1171,UN1,Newcastle upon Tyne,286445.0,Major,3,7,19,363.0
NE6 3BS,E63007169,54.972446,-1.545239,380,UN1,Newcastle upon Tyne,286445.0,Major,3,6,13,0.0
NE6 3DP,E63007169,54.973738,-1.544740,380,UN1,Newcastle upon Tyne,286445.0,Major,3,4,14,147.0
NE6 3DW,E63007169,54.974108,-1.545064,380,UN1,Newcastle upon Tyne,286445.0,Major,3,4,17,185.0
NE6 4QD,E63007169,54.989373,-1.561630,15621,UN1,Newcastle upon Tyne,286445.0,Major,1,2,19,0.0
NE6 5LL,E63007169,54.988065,-1.577866,21239,UN1,Newcastle upon Tyne,286445.0,Major,1,3,16,144.0
NE61 1BJ,E63007133,55.169477,-1.689719,15236,UN1,Morpeth,14420.0,Small,4,5,6,0.0
NE61 1JX,E63007133,55.171698,-1.683437,22886,UN1,Morpeth,14420.0,Small,3,4,6,0.0
NE61 1PE,E63007133,55.167361,-1.688118,15236,UN1,Morpeth,14420.0,Small,2,5,6,256.0
NE61 2BD,E63007133,55.163250,-1.700550,12441,UN1,Morpeth,14420.0,Small,0,3,6,976.0
NE61 2SB,E63007133,55.159414,-1.679674,30361,UN1,Morpeth,14420.0,Small,0,0,6,1288.0
NE61 5LX,E63007123,55.240252,-1.620524,13698,RLN1,Widdrington Station,2495.0,Minor,1,1,1,0.0
NE61 5TS,E63007126,55.212905,-1.536407,1474,RLN1,Lynemouth,1685.0,Minor,0,0,0,3244.0
NE61 6TB,E63007130,55.178415,-1.651870,6691,RLN1,Pegswood,3300.0,Minor,0,0,0,2139.0
NE62 5DA,E63007132,55.159841,-1.601543,4106,RLN1,Stakeford,8190.0,Small,1,1,2,300.0
NE62 5UR,E63007132,55.163607,-1.575262,14380,RLN1,Stakeford,8190.0,Small,0,0,5,1229.0
NE63 0HP,E63007131,55.169691,-1.560252,6822,UN1,Ashington (Northumberland),28280.0,Medium,2,2,11,178.0
NE63 0NG,E63007131,55.171195,-1.561193,6822,UN1,Ashington (Northumberland),28280.0,Medium,2,3,11,0.0
NE63 0XX,E63007131,55.182048,-1.568235,3883,UN1,Ashington (Northumberland),28280.0,Medium,5,5,10,1287.0
NE63 9LU,E63007131,55.178039,-1.552953,693,UN1,Ashington (Northumberland),28280.0,Medium,0,3,10,806.0
NE63 9UJ,E63007131,55.183073,-1.570925,12550,UN1,Ashington (Northumberland),28280.0,Medium,5,5,10,1458.0
NE63 9UN,E63007131,55.183912,-1.569455,12550,UN1,Ashington (Northumberland),28280.0,Medium,5,5,10,1451.0
NE63 9UT,E63007131,55.183781,-1.570289,12550,UN1,Ashington (Northumberland),28280.0,Medium,5,5,10,1504.0
NE63 9UZ,E63007131,55.183424,-1.571125,12550,UN1,Ashington (Northumberland),28280.0,Medium,5,5,10,1499.0
NE63 9XG,E63007131,55.184658,-1.571850,12550,UN1,Ashington (Northumberland),28280.0,Medium,5,5,10,1602.0
NE64 6NJ,E63007128,55.185024,-1.511508,5114,RLN1,Newbiggin-by-the-Sea,5950.0,Small,1,1,1,2230.0
NE64 6RF,E63007128,55.182686,-1.517708,8867,RLN1,Newbiggin-by-the-Sea,5950.0,Small,1,1,2,1844.0
NE65 0AG,E63007113,55.334260,-1.579209,11561,RLF1,Amble,5860.0,Small,3,3,3,0.0
NE65 0BX,E63007113,55.333435,-1.585050,11561,RLF1,Amble,5860.0,Small,3,3,3,301.0
NE65 7TB,E63007116,55.309864,-1.911683,26291,RLF1,Rothbury,2025.0,Minor,1,1,1,372.0
NE65 9YF,E63007120,55.294184,-1.603569,6400,RLF1,Hadston,2710.0,Minor,0,0,0,2021.0
NE66 1JD,E63007107,55.413983,-1.706526,7431,RLF1,Alnwick,8435.0,Small,0,4,4,677.0
NE66 2NL,E63007107,55.410077,-1.696700,18762,RLF1,Alnwick,8435.0,Small,3,4,4,0.0
NE66 2NS,E63007107,55.410941,-1.697230,18762,RLF1,Alnwick,8435.0,Small,3,4,4,0.0
NE66 2XN,E63007111,55.371019,-1.686900,18861,RLF1,Shilbottle,1785.0,Minor,0,0,0,4387.0
NE68 7RQ,E63007100,55.581188,-1.654337,17149,RLF1,Seahouses and North Sunderland,1680.0,Minor,0,0,0,10919.0
NE7 7EE,E63007169,55.008089,-1.578720,19716,UN1,Newcastle upon Tyne,286445.0,Major,2,4,13,131.0
NE7 7JW,E63007169,54.996913,-1.576992,18556,UN1,Newcastle upon Tyne,286445.0,Major,0,2,13,859.0
NE70 7QE,E63007099,55.598568,-1.830946,12801,RLF1,Belford,1315.0,Minor,1,1,1,420.0
NE71 6BY,E63007102,55.546390,-2.015624,19930,RLF1,Wooler,1930.0,Minor,1,1,1,158.0
NE8 1AG,E63007200,54.962686,-1.601479,6148,UN1,Gateshead,115280.0,Large,3,10,31,129.0
NE8 1BF,E63007200,54.962331,-1.602748,6148,UN1,Gateshead,115280.0,Large,3,10,31,100.0
NE8 1LR,E63007200,54.956653,-1.603178,6749,UN1,Gateshead,115280.0,Large,7,15,22,75.0
NE8 1NB,E63007200,54.956486,-1.604320,6749,UN1,Gateshead,115280.0,Large,7,15,22,0.0
NE8 1SQ,E63007200,54.955456,-1.608265,7667,UN1,Gateshead,115280.0,Large,8,16,22,179.0
NE8 1SR,E63007200,54.953584,-1.607143,7667,UN1,Gateshead,115280.0,Large,8,13,23,97.0
NE8 1YN,E63007200,54.951205,-1.613615,6796,UN1,Gateshead,115280.0,Large,4,12,27,281.0
NE8 2PQ,E63007200,54.955041,-1.624851,6990,UN1,Gateshead,115280.0,Large,0,6,28,558.0
NE8 4BQ,E63007200,54.950553,-1.595323,2510,UN1,Gateshead,115280.0,Large,0,8,26,767.0
NE8 4DP,E63007200,54.956406,-1.601666,6749,UN1,Gateshead,115280.0,Large,7,14,22,0.0
NE8 4XE,E63007200,54.950289,-1.616590,2092,UN1,Gateshead,115280.0,Large,3,7,29,280.0
NE9 5EU,E63007200,54.937297,-1.597797,27581,UN1,Gateshead,115280.0,Large,3,6,16,261.0
NE9 5EX,E63007200,54.936530,-1.599459,24650,UN1,Gateshead,115280.0,Large,3,5,16,167.0
NE9 5PJ,E63007200,54.942156,-1.588726,897,UN1,Gateshead,115280.0,Large,0,4,22,544.0
NE9 6YS,E63007200,54.933073,-1.584214,9699,UN1,Gateshead,115280.0,Large,1,5,16,0.0
NE9 7AD,E63007200,54.926384,-1.570427,1342,UN1,Gateshead,115280.0,Large,3,3,6,0.0
NE9 7JD,E63007200,54.923622,-1.574575,13732,UN1,Gateshead,115280.0,Large,3,3,6,406.0
NE9 7JN,E63007200,54.925541,-1.573322,1342,UN1,Gateshead,115280.0,Large,3,3,8,207.0
NG1 2EW,E63009088,52.953386,-1.146449,13986,UN1,Nottingham,299790.0,Major,6,10,29,438.0
NG1 3LW,E63009088,52.957323,-1.146416,8090,UN1,Nottingham,299790.0,Major,3,11,38,0.0
NG1 3QS,E63009088,52.955545,-1.146585,8090,UN1,Nottingham,299790.0,Major,5,12,35,198.0
NG1 6FB,E63009088,52.953161,-1.151455,6992,UN1,Nottingham,299790.0,Major,4,8,37,183.0
NG1 7LB,E63009088,52.949901,-1.149375,6992,UN1,Nottingham,299790.0,Major,3,11,29,296.0
NG10 1HD,E63009209,52.897393,-1.268270,4792,UN1,Long Eaton,37820.0,Medium,4,7,13,319.0
NG10 1HZ,E63009209,52.896604,-1.268729,4792,UN1,Long Eaton,37820.0,Medium,4,7,12,342.0
NG10 1JL,E63009209,52.897987,-1.271277,7038,UN1,Long Eaton,37820.0,Medium,7,7,12,112.0
NG10 1NY,E63009209,52.901574,-1.271396,13332,UN1,Long Eaton,37820.0,Medium,5,9,13,76.0
NG10 1QQ,E63009209,52.898642,-1.272545,7038,UN1,Long Eaton,37820.0,Medium,7,9,12,0.0
NG10 1RY,E63009209,52.901572,-1.272526,13332,UN1,Long Eaton,37820.0,Medium,5,9,12,0.0
NG10 3FR,E63009209,52.881604,-1.297616,22460,UN1,Long Eaton,37820.0,Medium,0,0,1,2098.0
NG10 3RJ,E63009209,52.892672,-1.293409,31731,UN1,Long Eaton,37820.0,Medium,0,0,13,1439.0
NG10 4NP,E63009209,52.904285,-1.282575,13876,UN1,Long Eaton,37820.0,Medium,1,6,12,0.0
NG10 5HZ,E63009162,52.922505,-1.294323,12553,UN1,Sandiacre,9370.0,Small,1,1,6,0.0
NG11 6EF,E63009206,52.891761,-1.149932,32458,UN1,Ruddington,7490.0,Small,1,1,1,97.0
NG11 7EP,E63009156,52.915396,-1.156445,32765,UN1,West Bridgford,36490.0,Medium,1,2,12,1657.0
NG11 7FH,E63009168,52.915017,-1.164007,18523,UN1,Wilford,4850.0,Minor,0,2,11,1269.0
NG11 8AA,E63009191,52.903211,-1.177778,4587,UN1,Clifton (Nottingham),22935.0,Medium,3,4,7,127.0
NG11 8AD,E63009191,52.906028,-1.175658,4404,UN1,Clifton (Nottingham),22935.0,Medium,3,5,7,0.0
NG11 9FE,E63009191,52.898010,-1.180954,5057,UN1,Clifton (Nottingham),22935.0,Medium,0,4,5,725.0
NG12 2AE,E63009124,52.947709,-1.039730,30664,RLN1,Radcliffe on Trent,7205.0,Small,2,2,2,200.0
NG12 2FH,E63009124,52.947211,-1.038209,30664,RLN1,Radcliffe on Trent,7205.0,Small,2,2,2,117.0
NG12 3JG,E63009181,52.910092,-1.039045,22134,RLN1,Cotgrave,7795.0,Small,0,0,0,3940.0
NG12 4AZ,E63009180,52.913259,-1.113539,18005,UN1,Edwalton,4760.0,Minor,0,0,5,1387.0
NG12 5JT,E63009236,52.871246,-1.090326,29697,RLN1,Keyworth,6820.0,Small,2,2,2,209.0
NG12 5JU,E63009236,52.871477,-1.093412,29697,RLN1,Keyworth,6820.0,Small,2,2,2,0.0
NG13 0AJ,E63009127,52.942467,-0.805509,28454,RLF1,Bottesford,3040.0,Minor,1,1,1,69.0
NG13 8BD,E63009119,52.952159,-0.953465,25953,UN1,Bingham,10110.0,Small,0,0,0,2889.0
NG14 5DX,E63009049,52.987994,-1.037973,30219,UN1,Burton Joyce,,,1,1,1,224.0
NG14 6FP,E63008985,53.037190,-1.081963,30318,RLN1,Calverton,7320.0,Small,1,1,1,0.0
NG14 7AB,E63009015,53.010643,-1.003591,30890,RLN1,Lowdham,1845.0,Minor,0,0,0,2387.0
NG15 6DY,E63008995,53.029920,-1.207386,8135,UN1,Hucknall,35840.0,Medium,1,9,11,0.0
NG15 6NT,E63008995,53.032567,-1.228573,26394,UN1,Hucknall,35840.0,Medium,0,0,8,1447.0
NG15 7AX,E63008995,53.038515,-1.203455,10324,UN1,Hucknall,35840.0,Medium,7,10,11,341.0
NG15 7DR,E63008995,53.040520,-1.209041,11262,UN1,Hucknall,35840.0,Medium,1,8,11,602.0
NG15 7JE,E63008995,53.035395,-1.206137,8135,UN1,Hucknall,35840.0,Medium,6,10,11,0.0
NG15 7JW,E63008995,53.036040,-1.204366,11262,UN1,Hucknall,35840.0,Medium,6,10,11,138.0
NG15 7SL,E63008995,53.036066,-1.198981,14142,UN1,Hucknall,35840.0,Medium,7,10,10,70.0
NG15 7UQ,E63008995,53.035868,-1.196271,14142,UN1,Hucknall,35840.0,Medium,2,10,10,228.0
NG15 9BD,E63008912,53.085514,-1.165905,31187,RLN1,Ravenshead,5370.0,Small,0,0,0,3547.0
NG16 1FS,E63009032,53.002661,-1.255736,29293,UN1,Nuthall and Watnall,9585.0,Small,0,2,4,769.0
NG16 1PT,E63009032,52.986545,-1.228947,26428,UN1,Nuthall and Watnall,9585.0,Small,0,2,7,833.0
NG16 2PB,E63009034,52.996302,-1.256486,16367,UN1,Kimberley,4470.0,Minor,1,2,3,310.0
NG16 2RP,E63009019,53.002948,-1.281853,24719,UN1,Eastwood,18890.0,Small,0,1,6,527.0
NG16 2SN,E63009048,52.990436,-1.285040,16941,UN1,Awsworth,2445.0,Minor,0,0,3,1894.0
NG16 3AQ,E63009019,53.018655,-1.308068,3973,UN1,Eastwood,18890.0,Small,3,4,6,287.0
NG16 3BG,E63009019,53.016662,-1.305416,3973,UN1,Eastwood,18890.0,Small,3,5,7,169.0
NG16 3GS,E63009019,53.014472,-1.293825,12227,UN1,Eastwood,18890.0,Small,1,4,7,416.0
NG16 3NP,E63009019,53.017462,-1.303868,3973,UN1,Eastwood,18890.0,Small,3,5,7,302.0
NG16 4ED,E63009017,53.020612,-1.327938,4909,UN1,Heanor,24260.0,Medium,0,0,11,1053.0
NG16 5DD,E63008978,53.040463,-1.312626,24587,UN1,Brinsley and Underwood,4515.0,Minor,1,1,1,0.0
NG16 5JW,E63008954,53.058892,-1.336564,12817,RLN1,Jacksdale and Westwood,2755.0,Minor,1,1,1,0.0
NG16 6BT,E63008939,53.070215,-1.299869,10709,UN1,Selston,6275.0,Small,1,1,1,0.0
NG16 6NH,E63008906,53.094352,-1.318652,11368,UN1,Pinxton,,,0,0,1,2140.0
NG17 1AT,E63008854,53.123462,-1.263454,3121,UN1,Sutton in Ashfield,36425.0,Medium,7,7,10,0.0
NG17 1BN,E63008854,53.124956,-1.262173,1331,UN1,Sutton in Ashfield,36425.0,Medium,7,7,10,187.0
NG17 1BP,E63008854,53.125231,-1.263170,1855,UN1,Sutton in Ashfield,36425.0,Medium,6,7,10,198.0
NG17 1ES,E63008854,53.122857,-1.267335,3121,UN1,Sutton in Ashfield,36425.0,Medium,6,7,10,0.0
NG17 1JW,E63008854,53.117767,-1.280166,31002,UN1,Sutton in Ashfield,36425.0,Medium,1,1,11,0.0
NG17 2AH,E63008854,53.127601,-1.262517,1331,UN1,Sutton in Ashfield,36425.0,Medium,4,7,12,464.0
NG17 2NF,E63008855,53.128813,-1.297946,7428,UN1,Huthwaite,5065.0,Small,1,1,3,0.0
NG17 3EE,E63008836,53.142355,-1.273342,5069,UN1,Stanton Hill and Skegby,4570.0,Minor,0,0,2,2202.0
NG17 4PD,E63008854,53.133784,-1.249467,20227,UN1,Sutton in Ashfield,36425.0,Medium,0,1,11,1000.0
NG17 5AG,E63008854,53.120903,-1.265366,12482,UN1,Sutton in Ashfield,36425.0,Medium,5,7,10,254.0
NG17 7BB,E63008895,53.098269,-1.243946,14479,UN1,Kirkby-in-Ashfield,21270.0,Medium,3,4,4,207.0
NG17 7BG,E63008895,53.100080,-1.244631,2788,UN1,Kirkby-in-Ashfield,21270.0,Medium,4,4,4,0.0
NG17 9HH,E63008927,53.077042,-1.253334,13988,UN1,Annesley Woodhouse,6160.0,Small,1,1,1,190.0
NG18 1BE,E63008831,53.141605,-1.198456,2691,UN1,Mansfield (Mansfield),,,4,17,21,463.0
NG18 1BN,E63008831,53.140500,-1.195831,2691,UN1,Mansfield (Mansfield),,,3,15,21,676.0
NG18 1BW,E63008831,53.136340,-1.197403,20598,UN1,Mansfield (Mansfield),,,1,7,21,821.0
NG18 1LE,E63008831,53.144458,-1.197551,4231,UN1,Mansfield (Mansfield),,,10,19,21,377.0
NG18 1QB,E63008831,53.146611,-1.203537,4231,UN1,Mansfield (Mansfield),,,12,17,24,0.0
NG18 1QL,E63008831,53.145332,-1.203186,4231,UN1,Mansfield (Mansfield),,,8,17,23,142.0
NG18 1RT,E63008831,53.146909,-1.199778,4231,UN1,Mansfield (Mansfield),,,11,17,25,69.0
NG18 1SU,E63008831,53.144756,-1.199101,4231,UN1,Mansfield (Mansfield),,,9,19,21,304.0
NG18 2LG,E63008831,53.144081,-1.184357,36,UN1,Mansfield (Mansfield),,,1,6,21,351.0
NG18 3RT,E63008831,53.135015,-1.152840,154,UN1,Mansfield (Mansfield),,,0,2,2,827.0
NG18 5GG,E63008831,53.141140,-1.206762,2691,UN1,Mansfield (Mansfield),,,2,16,22,0.0
NG18 5JP,E63008831,53.144249,-1.218800,6774,UN1,Mansfield (Mansfield),,,0,3,23,874.0
NG19 0BT,E63008817,53.154774,-1.157879,22647,UF1,Forest Town,19010.0,Small,0,1,4,1368.0
NG19 0FW,,53.157507,-1.137876,17911,UF1,,,,1,1,2,0.0
NG19 0HA,E63008817,53.156555,-1.170990,29250,UF1,Forest Town,19010.0,Small,0,1,7,1317.0
NG19 6AB,E63008831,53.149709,-1.205752,4469,UN1,Mansfield (Mansfield),,,7,15,27,0.0
NG19 7BQ,E63008831,53.150173,-1.202544,4231,UN1,Mansfield (Mansfield),,,8,14,27,220.0
NG19 7HZ,E63008831,53.158276,-1.219428,5741,UN1,Mansfield (Mansfield),,,1,1,19,287.0
NG19 7TA,E63008831,53.169411,-1.241336,5823,UN1,Mansfield (Mansfield),,,0,1,3,954.0
NG19 7TS,E63008831,53.149868,-1.202729,4231,UN1,Mansfield (Mansfield),,,8,14,27,202.0
NG19 8AH,E63008805,53.164562,-1.194110,8593,UN1,Mansfield Woodhouse,19520.0,Small,3,3,14,90.0
NG19 8AN,E63008805,53.165090,-1.192425,8593,UN1,Mansfield Woodhouse,19520.0,Small,2,3,12,126.0
NG19 8QT,E63008805,53.176915,-1.189196,23365,UN1,Mansfield Woodhouse,19520.0,Small,0,0,4,1456.0
NG19 9QH,E63008805,53.162826,-1.200679,5234,UN1,Mansfield Woodhouse,19520.0,Small,1,3,17,524.0
NG2 1AL,E63009088,52.944226,-1.157761,4715,UN1,Nottingham,299790.0,Major,0,4,25,702.0
NG2 1RU,E63009088,52.932512,-1.165293,4715,UN1,Nottingham,299790.0,Major,1,1,13,265.0
NG2 2JD,E63009088,52.943182,-1.146367,1743,UN1,Nottingham,299790.0,Major,1,5,28,80.0
NG2 4BU,E63009088,52.949426,-1.127193,2861,UN1,Nottingham,299790.0,Major,2,8,26,580.0
NG2 4LQ,E63009088,52.952419,-1.125971,3579,UN1,Nottingham,299790.0,Major,2,8,25,590.0
NG2 4QL,E63009088,52.952243,-1.132524,4697,UN1,Nottingham,299790.0,Major,4,7,25,152.0
NG2 5BX,E63009156,52.938330,-1.115913,31323,UN1,West Bridgford,36490.0,Medium,0,0,13,1279.0
NG2 5GR,E63009156,52.932058,-1.127199,20969,UN1,West Bridgford,36490.0,Medium,5,6,16,373.0
NG2 6BT,E63009156,52.930927,-1.126181,27331,UN1,West Bridgford,36490.0,Medium,5,6,16,413.0
NG2 6EN,E63009156,52.927500,-1.129582,32457,UN1,West Bridgford,36490.0,Medium,4,8,15,303.0
NG2 6PS,E63009156,52.924272,-1.100492,27221,UN1,West Bridgford,36490.0,Medium,2,2,7,0.0
NG2 7JA,E63009156,52.923091,-1.140201,19561,UN1,West Bridgford,36490.0,Medium,1,7,14,882.0
NG2 7JR,E63009156,52.923122,-1.135753,30735,UN1,West Bridgford,36490.0,Medium,1,5,13,773.0
NG2 7PX,E63009156,52.929730,-1.132170,20584,UN1,West Bridgford,36490.0,Medium,6,9,14,0.0
NG2 7RL,E63009156,52.928237,-1.148222,32047,UN1,West Bridgford,36490.0,Medium,1,2,18,336.0
NG2 7RS,E63009156,52.918695,-1.152722,31962,UN1,West Bridgford,36490.0,Medium,1,3,12,1413.0
NG20 0AU,E63008761,53.206803,-1.152728,8176,RLF1,Market Warsop,6975.0,Small,3,3,4,49.0
NG20 0JN,E63008761,53.204694,-1.151916,8176,RLF1,Market Warsop,6975.0,Small,3,3,3,287.0
NG20 0JW,E63008761,53.204013,-1.151016,8176,RLF1,Market Warsop,6975.0,Small,3,3,3,375.0
NG20 8AL,E63008760,53.202988,-1.213990,6064,UN1,Shirebrook,11575.0,Small,3,3,3,124.0
NG20 8AQ,E63008760,53.203227,-1.213372,6064,UN1,Shirebrook,11575.0,Small,3,3,3,173.0
NG20 8DG,E63008760,53.202532,-1.215690,6064,UN1,Shirebrook,11575.0,Small,3,3,3,0.0
NG20 9BH,E63008724,53.227378,-1.208855,4785,RLN1,Langwith,3010.0,Minor,0,0,0,2800.0
NG20 9PZ,E63008740,53.219950,-1.134601,6247,RLF1,Meden Vale,2095.0,Minor,0,0,2,1854.0
NG21 0AD,E63008861,53.116754,-1.118804,10252,UF1,Rainworth,7985.0,Small,1,3,5,0.0
NG21 0HJ,E63008831,53.130175,-1.143429,256,UN1,Mansfield (Mansfield),,,1,2,2,0.0
NG21 0JP,E63008861,53.118999,-1.107641,10379,UF1,Rainworth,7985.0,Small,1,3,3,0.0
NG21 0RB,E63008893,53.100693,-1.119191,18557,RSN1,Blidworth,4295.0,Minor,1,1,3,0.0
NG21 9QP,E63008771,53.194428,-1.064165,17228,RLF1,Edwinstowe,5325.0,Small,1,1,1,49.0
NG22 0LA,E63008722,53.231051,-0.898950,18914,RLN1,Tuxford,2810.0,Minor,1,2,2,538.0
NG22 0LN,E63008722,53.228826,-0.899426,10903,RLN1,Tuxford,2810.0,Minor,1,2,2,634.0
NG22 8LA,E63008883,53.105405,-1.036865,24751,RLN1,Farnsfield,3215.0,Minor,0,0,0,4066.0
NG22 8QR,E63008837,53.140498,-1.034406,7761,RLF1,Bilsthorpe,3490.0,Minor,1,1,1,195.0
NG22 9FD,E63008757,53.199267,-1.004584,12278,UF1,New Ollerton and Ollerton,10870.0,Small,0,3,3,872.0
NG22 9PL,E63008757,53.204001,-1.008502,12278,UF1,New Ollerton and Ollerton,10870.0,Small,2,3,3,350.0
NG22 9PR,E63008757,53.204239,-1.005801,12278,UF1,New Ollerton and Ollerton,10870.0,Small,2,3,3,313.0
NG23 7LB,E63008826,53.145808,-0.760150,29817,RSN1,Collingham (Newark and Sherwood),2870.0,Minor,1,1,1,0.0
NG24 1AD,E63008931,53.077730,-0.809562,7303,UN1,Newark-on-Trent,29755.0,Medium,8,12,13,0.0
NG24 1AT,E63008931,53.076275,-0.810543,7303,UN1,Newark-on-Trent,29755.0,Medium,9,12,13,175.0
NG24 1GA,E63008931,53.083505,-0.804551,7303,UN1,Newark-on-Trent,29755.0,Medium,0,5,12,724.0
NG24 1QD,E63008931,53.074951,-0.804967,12208,UN1,Newark-on-Trent,29755.0,Medium,11,12,13,0.0
NG24 1QH,E63008931,53.073093,-0.804302,12725,UN1,Newark-on-Trent,29755.0,Medium,6,11,13,0.0
NG24 1TN,E63008931,53.074079,-0.808499,12208,UN1,Newark-on-Trent,29755.0,Medium,11,11,13,217.0
NG24 1XG,E63008931,53.075022,-0.812010,3172,UN1,Newark-on-Trent,29755.0,Medium,8,11,13,123.0
NG24 1XH,E63008931,53.074582,-0.811172,3172,UN1,Newark-on-Trent,29755.0,Medium,11,11,13,82.0
NG24 3HJ,E63008952,53.052901,-0.786464,17872,UN1,Balderton,12875.0,Small,2,2,2,0.0
NG24 3LG,E63008952,53.055372,-0.781964,21191,UN1,Balderton,12875.0,Small,2,2,2,407.0
NG24 4JH,E63008931,53.062915,-0.813074,3789,UN1,Newark-on-Trent,29755.0,Medium,0,0,12,1228.0
NG25 0EH,E63008925,53.079004,-0.953810,30747,RLF1,Southwell (Newark and Sherwood),7410.0,Small,2,2,2,284.0
NG25 0EN,E63008925,53.078780,-0.953920,30747,RLF1,Southwell (Newark and Sherwood),7410.0,Small,2,2,2,304.0
NG3 2FN,E63009088,52.957603,-1.129172,2290,UN1,Nottingham,299790.0,Major,1,9,26,54.0
NG3 3GG,E63009088,52.962324,-1.136804,800,UN1,Nottingham,299790.0,Major,2,8,26,0.0
NG3 4BG,E63009088,52.962304,-1.144010,1796,UN1,Nottingham,299790.0,Major,2,6,38,483.0
NG3 4JP,E63009088,52.968067,-1.142899,1796,UN1,Nottingham,299790.0,Major,1,6,33,452.0
NG3 5JU,E63009030,52.985324,-1.120288,28719,UN1,Arnold,40010.0,Medium,3,6,16,122.0
NG3 5QQ,E63009091,52.982234,-1.124298,24350,UN1,Carlton (Gedling),53555.0,Medium,3,4,19,357.0
NG3 5QS,E63009091,52.984856,-1.120268,24350,UN1,Carlton (Gedling),53555.0,Medium,3,6,18,161.0
NG3 6ET,E63009091,52.981889,-1.106967,27584,UN1,Carlton (Gedling),53555.0,Medium,3,6,11,53.0
NG3 7DQ,E63009088,52.956572,-1.118564,4980,UN1,Nottingham,299790.0,Major,1,7,19,0.0
NG3 7EJ,E63009088,52.960219,-1.104957,9698,UN1,Nottingham,299790.0,Major,1,5,17,0.0
NG31 6EQ,E63009169,52.910155,-0.641989,10757,UF1,Grantham,44905.0,Medium,9,9,13,146.0
NG31 6HR,E63009169,52.907054,-0.638130,10882,UF1,Grantham,44905.0,Medium,4,9,13,0.0
NG31 6NE,E63009169,52.911323,-0.641908,10757,UF1,Grantham,44905.0,Medium,7,9,13,196.0
NG31 6NZ,E63009169,52.913896,-0.645233,10757,UF1,Grantham,44905.0,Medium,5,9,13,180.0
NG31 6PG,E63009169,52.912563,-0.646598,10757,UF1,Grantham,44905.0,Medium,5,9,13,304.0
NG31 6PN,E63009169,52.913057,-0.642642,10757,UF1,Grantham,44905.0,Medium,7,9,14,84.0
NG31 6QA,E63009169,52.910094,-0.639819,10757,UF1,Grantham,44905.0,Medium,7,9,14,0.0
NG31 7XD,E63009169,52.901683,-0.660690,3189,UF1,Grantham,44905.0,Medium,1,1,12,140.0
NG31 8RX,E63009169,52.912922,-0.663214,29677,UF1,Grantham,44905.0,Medium,0,0,12,1287.0
NG31 9LJ,E63009169,52.918994,-0.624146,19517,UF1,Grantham,44905.0,Medium,0,1,11,575.0
NG34 7BB,E63009023,53.001751,-0.410991,9067,UF1,Sleaford,18030.0,Small,1,3,5,532.0
NG34 7HD,E63009023,52.997807,-0.406501,14446,UF1,Sleaford,18030.0,Small,2,3,5,0.0
NG34 7SY,E63009023,52.997745,-0.409290,10876,UF1,Sleaford,18030.0,Small,3,3,5,187.0
NG34 9DY,E63008966,53.046059,-0.384658,25299,RLN1,Ruskington,5650.0,Small,0,0,1,1117.0
NG34 9RA,E63009047,52.980274,-0.297992,25435,RLF1,Heckington,3315.0,Minor,0,1,1,749.0
NG4 1HW,E63009088,52.965386,-1.113159,15506,UN1,Nottingham,299790.0,Major,0,2,20,795.0
NG4 2EB,E63009091,52.955484,-1.093399,23682,UN1,Carlton (Gedling),53555.0,Medium,0,2,15,936.0
NG4 2FN,E63009091,52.962336,-1.078502,5302,UN1,Carlton (Gedling),53555.0,Medium,3,9,14,0.0
NG4 2NN,E63009091,52.963409,-1.076618,5302,UN1,Carlton (Gedling),53555.0,Medium,3,9,14,174.0
NG4 2PE,E63009091,52.961622,-1.067664,7577,UN1,Carlton (Gedling),53555.0,Medium,0,4,12,730.0
NG4 2TB,E63009091,52.957140,-1.072687,7577,UN1,Carlton (Gedling),53555.0,Medium,0,4,12,697.0
NG4 3AA,E63009091,52.966398,-1.080634,11450,UN1,Carlton (Gedling),53555.0,Medium,7,9,14,316.0
NG4 3BP,E63009091,52.966711,-1.086241,11450,UN1,Carlton (Gedling),53555.0,Medium,4,9,17,158.0
NG4 3DQ,E63009091,52.967805,-1.084729,9098,UN1,Carlton (Gedling),53555.0,Medium,4,9,17,0.0
NG4 3DR,E63009091,52.968602,-1.083163,9098,UN1,Carlton (Gedling),53555.0,Medium,6,9,16,137.0
NG4 3JA,E63009091,52.972436,-1.082591,17824,UN1,Carlton (Gedling),53555.0,Medium,2,6,15,0.0
NG4 4FG,E63009091,52.979860,-1.102541,24999,UN1,Carlton (Gedling),53555.0,Medium,3,3,15,87.0
NG5 1NA,E63009088,52.990092,-1.168398,4710,UN1,Nottingham,299790.0,Major,1,4,23,0.0
NG5 2DA,E63009088,52.972496,-1.152506,6814,UN1,Nottingham,299790.0,Major,1,7,32,289.0
NG5 2DR,E63009088,52.978812,-1.148256,9206,UN1,Nottingham,299790.0,Major,3,8,28,112.0
NG5 2FS,E63009088,52.981403,-1.146001,11081,UN1,Nottingham,299790.0,Major,4,7,27,214.0
NG5 2GE,E63009088,52.983593,-1.144319,11081,UN1,Nottingham,299790.0,Major,4,8,26,184.0
NG5 3FW,E63009030,52.986871,-1.141394,25491,UN1,Arnold,40010.0,Medium,3,7,26,345.0
NG5 5EJ,E63009088,53.010429,-1.173984,15941,UN1,Nottingham,299790.0,Major,1,2,10,135.0
NG5 5HR,E63009088,52.994145,-1.160573,6493,UN1,Nottingham,299790.0,Major,2,6,20,141.0
NG5 5PA,E63009088,53.002758,-1.156800,2209,UN1,Nottingham,299790.0,Major,0,2,21,945.0
NG5 6AT,E63009030,52.997505,-1.141362,9926,UN1,Arnold,40010.0,Medium,3,5,25,455.0
NG5 6BN,E63009030,52.998580,-1.135902,9926,UN1,Arnold,40010.0,Medium,3,10,22,434.0
NG5 6HP,E63009030,53.001533,-1.140135,9596,UN1,Arnold,40010.0,Medium,3,9,17,0.0
NG5 7BQ,E63009030,53.004129,-1.128817,8471,UN1,Arnold,40010.0,Medium,5,8,11,0.0
NG5 7DJ,E63009030,53.003846,-1.129404,13896,UN1,Arnold,40010.0,Medium,5,8,11,50.0
NG5 7EB,E63009030,53.003566,-1.127979,8471,UN1,Arnold,40010.0,Medium,5,8,11,84.0
NG5 7ED,E63009030,53.005305,-1.127303,8471,UN1,Arnold,40010.0,Medium,5,8,11,165.0
NG5 9DD,E63009088,53.002252,-1.178283,4353,UN1,Nottingham,299790.0,Major,1,3,16,466.0
NG6 0HA,E63009088,52.979111,-1.180584,5713,UN1,Nottingham,299790.0,Major,1,6,23,28.0
NG6 8AQ,E63009088,53.007135,-1.193034,2175,UN1,Nottingham,299790.0,Major,2,4,12,0.0
NG6 8EQ,E63009088,53.003636,-1.192742,1188,UN1,Nottingham,299790.0,Major,3,7,12,390.0
NG6 8GF,E63009088,53.009334,-1.207257,872,UN1,Nottingham,299790.0,Major,1,3,8,472.0
NG6 8HD,E63009088,53.001467,-1.197640,1188,UN1,Nottingham,299790.0,Major,3,6,13,384.0
NG6 8QJ,E63009088,52.998071,-1.196586,1188,UN1,Nottingham,299790.0,Major,3,4,13,0.0
NG6 9FE,E63009088,52.996775,-1.192363,7173,UN1,Nottingham,299790.0,Major,2,4,16,317.0
NG7 2DN,E63009088,52.951041,-1.175875,21258,UN1,Nottingham,299790.0,Major,2,5,32,85.0
NG7 2DW,E63009088,52.950725,-1.177027,21258,UN1,Nottingham,299790.0,Major,2,6,30,0.0
NG7 2QW,E63009088,52.942198,-1.195938,22177,UN1,Nottingham,299790.0,Major,1,2,15,0.0
NG7 2RR,E63009088,52.943642,-1.174498,9473,UN1,Nottingham,299790.0,Major,0,4,26,806.0
NG7 2UH,E63009088,52.943820,-1.185953,21883,UN1,Nottingham,299790.0,Major,0,5,18,693.0
NG7 3AQ,E63009088,52.960292,-1.176057,3727,UN1,Nottingham,299790.0,Major,2,12,29,332.0
NG7 3GR,E63009088,52.955993,-1.166672,11435,UN1,Nottingham,299790.0,Major,2,9,35,76.0
NG7 3NS,E63009088,52.958426,-1.166282,3499,UN1,Nottingham,299790.0,Major,3,11,33,247.0
NG7 3PE,E63009088,52.961065,-1.169522,3499,UN1,Nottingham,299790.0,Major,6,12,37,416.0
NG7 5DR,E63009088,52.964150,-1.169850,1688,UN1,Nottingham,299790.0,Major,7,12,36,146.0
NG7 5DU,E63009088,52.966516,-1.171412,1688,UN1,Nottingham,299790.0,Major,6,11,36,189.0
NG7 5FP,E63009088,52.966899,-1.169588,2859,UN1,Nottingham,299790.0,Major,6,11,35,80.0
NG7 5HY,E63009088,52.964515,-1.171942,1688,UN1,Nottingham,299790.0,Major,7,11,39,0.0
NG7 5JD,E63009088,52.964980,-1.171546,1688,UN1,Nottingham,299790.0,Major,7,11,37,58.0
NG7 7EA,E63009088,52.975680,-1.173292,2317,UN1,Nottingham,299790.0,Major,1,5,30,186.0
NG7 7LJ,E63009088,52.971698,-1.160458,3253,UN1,Nottingham,299790.0,Major,1,7,34,305.0
NG8 1FG,E63009088,52.953491,-1.195030,27054,UN1,Nottingham,299790.0,Major,3,5,20,0.0
NG8 1PA,E63009088,52.957331,-1.192488,4737,UN1,Nottingham,299790.0,Major,3,6,28,253.0
NG8 2BE,E63009088,52.955531,-1.220506,28344,UN1,Nottingham,299790.0,Major,0,2,13,962.0
NG8 2GB,E63009088,52.950178,-1.229577,29073,UN1,Nottingham,299790.0,Major,2,3,8,140.0
NG8 2QP,E63009088,52.946358,-1.232517,30163,UN1,Nottingham,299790.0,Major,2,2,9,339.0
NG8 3LF,E63009088,52.961486,-1.198112,9641,UN1,Nottingham,299790.0,Major,1,5,24,0.0
NG8 4PH,E63009088,52.964985,-1.227081,1471,UN1,Nottingham,299790.0,Major,2,4,15,289.0
NG8 4PN,E63009088,52.963977,-1.231060,1471,UN1,Nottingham,299790.0,Major,2,3,12,0.0
NG8 5DB,E63009088,52.977065,-1.190378,10833,UN1,Nottingham,299790.0,Major,2,6,23,213.0
NG8 5HL,E63009088,52.975778,-1.192740,3496,UN1,Nottingham,299790.0,Major,2,7,21,0.0
NG8 5ND,E63009088,52.974649,-1.214713,594,UN1,Nottingham,299790.0,Major,0,5,18,766.0
NG8 5NP,E63009088,52.982007,-1.197897,2787,UN1,Nottingham,299790.0,Major,1,4,16,84.0
NG8 5RW,E63009088,52.972373,-1.207755,10586,UN1,Nottingham,299790.0,Major,1,2,19,243.0
NG8 6LR,E63009088,52.976558,-1.228946,2366,UN1,Nottingham,299790.0,Major,2,4,12,377.0
NG8 6QP,E63009088,52.978459,-1.226931,2885,UN1,Nottingham,299790.0,Major,1,5,12,582.0
NG9 1EJ,E63009161,52.924914,-1.218035,21871,UN1,Beeston (Broxtowe),52355.0,Medium,6,9,11,113.0
NG9 1GA,E63009161,52.925056,-1.216367,21871,UN1,Beeston (Broxtowe),52355.0,Medium,7,9,11,0.0
NG9 2AR,E63009161,52.926915,-1.210740,15007,UN1,Beeston (Broxtowe),52355.0,Medium,6,9,14,332.0
NG9 2JQ,E63009161,52.927642,-1.214595,21871,UN1,Beeston (Broxtowe),52355.0,Medium,7,9,11,70.0
NG9 2LA,E63009161,52.928421,-1.214134,21871,UN1,Beeston (Broxtowe),52355.0,Medium,7,9,13,83.0
NG9 2QP,E63009161,52.933134,-1.219925,17126,UN1,Beeston (Broxtowe),52355.0,Medium,1,9,16,0.0
NG9 2WJ,E63009161,52.925861,-1.214404,21871,UN1,Beeston (Broxtowe),52355.0,Medium,7,9,11,159.0
NG9 4ET,E63009161,52.922038,-1.237497,20175,UN1,Beeston (Broxtowe),52355.0,Medium,1,1,16,0.0
NG9 6DX,E63009161,52.905409,-1.242027,32653,UN1,Beeston (Broxtowe),52355.0,Medium,0,2,6,983.0
NG9 6GZ,E63009161,52.908803,-1.255662,32353,UN1,Beeston (Broxtowe),52355.0,Medium,1,3,15,657.0
NG9 6QX,E63009161,52.908671,-1.256155,32353,UN1,Beeston (Broxtowe),52355.0,Medium,1,2,15,690.0
NG9 7AA,E63009142,52.929216,-1.275737,12029,UN1,Stapleford,15045.0,Small,4,4,9,243.0
NG9 8DB,E63009142,52.930792,-1.273227,11249,UN1,Stapleford,15045.0,Small,4,6,10,0.0
NG9 8GA,E63009142,52.931005,-1.274160,14654,UN1,Stapleford,15045.0,Small,4,6,9,37.0
NG9 8PN,E63009142,52.936258,-1.264431,13840,UN1,Stapleford,15045.0,Small,1,6,8,0.0
NN1 2BY,E63010463,52.238795,-0.896458,1372,UN1,Northampton,243520.0,Major,6,11,27,388.0
NN1 2ED,E63010463,52.238753,-0.893882,6355,UN1,Northampton,243520.0,Major,6,12,29,275.0
NN1 2NQ,E63010463,52.242198,-0.897912,2420,UN1,Northampton,243520.0,Major,8,11,28,0.0
NN1 2PT,E63010463,52.243570,-0.901349,2420,UN1,Northampton,243520.0,Major,8,10,28,279.0
NN1 3DS,E63010463,52.242246,-0.897252,2420,UN1,Northampton,243520.0,Major,8,11,31,0.0
NN1 4EW,E63010463,52.243040,-0.873783,13400,UN1,Northampton,243520.0,Major,3,9,30,360.0
NN1 5LT,E63010463,52.241230,-0.867926,20405,UN1,Northampton,243520.0,Major,4,7,22,0.0
NN10 0GP,E63010379,52.286316,-0.582065,7385,UN1,Rushden,31685.0,Medium,1,2,9,0.0
NN10 0NZ,E63010379,52.291908,-0.598632,9094,UN1,Rushden,31685.0,Medium,3,7,11,472.0
NN10 0QE,E63010379,52.289999,-0.597607,9094,UN1,Rushden,31685.0,Medium,1,7,9,516.0
NN10 8ED,E63010331,52.308107,-0.593822,17619,UN1,Higham Ferrers,8825.0,Small,1,1,2,0.0
NN10 9EB,E63010379,52.283498,-0.596038,30036,UN1,Rushden,31685.0,Medium,2,6,9,0.0
NN10 9JS,E63010379,52.283186,-0.595550,30036,UN1,Rushden,31685.0,Medium,2,6,9,48.0
NN10 9TR,E63010379,52.290466,-0.605158,18576,UN1,Rushden,31685.0,Medium,3,6,9,0.0
NN11 0XY,E63010458,52.273957,-1.159529,18865,UN1,Daventry,27790.0,Medium,0,0,6,1517.0
NN11 3RB,E63010659,52.168845,-1.209016,16597,RLF1,Woodford Halse,4285.0,Minor,0,0,0,2382.0
NN11 4BT,E63010458,52.257894,-1.160008,21461,UN1,Daventry,27790.0,Medium,5,7,8,276.0
NN11 4DR,E63010458,52.257258,-1.161705,6803,UN1,Daventry,27790.0,Medium,5,7,8,349.0
NN11 4DY,E63010458,52.252056,-1.160851,21461,UN1,Daventry,27790.0,Medium,1,7,7,0.0
NN11 4FE,E63010458,52.260335,-1.160710,6803,UN1,Daventry,27790.0,Medium,5,7,8,0.0
NN11 4FG,E63010458,52.259418,-1.160727,6803,UN1,Daventry,27790.0,Medium,5,7,8,102.0
NN11 4PN,E63010458,52.256873,-1.163178,6803,UN1,Daventry,27790.0,Medium,5,7,8,420.0
NN12 6BT,E63010765,52.132886,-0.989335,28968,UN1,Towcester,11330.0,Small,0,3,3,674.0
NN12 6HD,E63010765,52.126891,-0.992728,21291,UN1,Towcester,11330.0,Small,2,3,3,0.0
NN13 6JR,E63010988,52.037463,-1.153662,32024,UF1,Brackley,16190.0,Small,2,2,5,60.0
NN13 6QZ,E63010988,52.038067,-1.137701,32669,UF1,Brackley,16190.0,Small,1,2,5,0.0
NN13 7DP,E63010988,52.027203,-1.149672,17737,UF1,Brackley,16190.0,Small,0,1,5,995.0
NN14 1SN,E63010173,52.375871,-0.814497,32071,RLN1,Mawsley Village,2485.0,Minor,0,0,0,5128.0
NN14 2NB,E63010063,52.441939,-0.821067,11938,UF1,Desborough,11900.0,Small,1,1,1,2001.0
NN14 2QS,E63010063,52.441610,-0.821503,11938,UF1,Desborough,11900.0,Small,1,1,3,1982.0
NN14 4JH,E63010130,52.396787,-0.537683,23211,RLF1,Thrapston,7245.0,Small,2,2,2,303.0
NN14 6JQ,E63010096,52.425813,-0.807967,16303,RLN1,Rothwell (North Northamptonshire),8620.0,Small,1,2,3,0.0
NN14 6JW,E63010096,52.423021,-0.801307,6965,RLN1,Rothwell (North Northamptonshire),8620.0,Small,0,2,2,548.0
NN15 5AZ,E63010129,52.392061,-0.702037,25643,UF1,Kettering,63150.0,Medium,0,0,9,1105.0
NN15 5PU,E63010202,52.359905,-0.677309,23913,UN1,Burton Latimer,10445.0,Small,1,1,1,0.0
NN15 6XB,E63010129,52.376602,-0.721500,2492,UF1,Kettering,63150.0,Medium,0,1,4,624.0
NN15 7HP,E63010129,52.394007,-0.728022,15906,UF1,Kettering,63150.0,Medium,2,14,19,0.0
NN15 7NX,E63010129,52.397061,-0.716118,7767,UF1,Kettering,63150.0,Medium,1,8,18,0.0
NN16 0BS,E63010129,52.399448,-0.725720,2269,UF1,Kettering,63150.0,Medium,5,15,18,423.0
NN16 0DH,E63010129,52.400309,-0.723858,2269,UF1,Kettering,63150.0,Medium,4,15,18,448.0
NN16 0RH,E63010129,52.401356,-0.712627,9680,UF1,Kettering,63150.0,Medium,0,5,18,533.0
NN16 8AR,E63010129,52.400402,-0.734188,2269,UF1,Kettering,63150.0,Medium,6,12,17,0.0
NN16 8DD,E63010129,52.399638,-0.731697,2269,UF1,Kettering,63150.0,Medium,8,13,17,189.0
NN16 8DN,E63010129,52.401546,-0.733524,7973,UF1,Kettering,63150.0,Medium,7,13,17,0.0
NN16 8EJ,E63010129,52.402894,-0.729325,5364,UF1,Kettering,63150.0,Medium,9,13,17,40.0
NN16 8JB,E63010129,52.400617,-0.726524,2269,UF1,Kettering,63150.0,Medium,7,15,18,287.0
NN16 9HU,E63010129,52.410353,-0.731463,22006,UF1,Kettering,63150.0,Medium,0,4,18,881.0
NN17 1AP,E63009997,52.492322,-0.682960,5762,UF1,Corby,68160.0,Medium,1,2,8,1026.0
NN17 1LJ,E63009997,52.496097,-0.706490,9371,UF1,Corby,68160.0,Medium,0,4,14,750.0
NN17 1NQ,E63009997,52.487549,-0.701792,6359,UF1,Corby,68160.0,Medium,2,8,15,526.0
NN17 1NU,E63009997,52.487194,-0.701420,6359,UF1,Corby,68160.0,Medium,2,8,15,551.0
NN17 1PD,E63009997,52.486915,-0.700589,6359,UF1,Corby,68160.0,Medium,2,8,15,559.0
NN17 1TR,E63009997,52.491707,-0.698076,6359,UF1,Corby,68160.0,Medium,1,5,14,0.0
NN17 2QD,E63009997,52.497808,-0.721657,5743,UF1,Corby,68160.0,Medium,0,2,11,999.0
NN17 2UR,E63009997,52.490495,-0.713076,15693,UF1,Corby,68160.0,Medium,1,8,12,0.0
NN17 5DT,E63009997,52.495442,-0.682233,5762,UF1,Corby,68160.0,Medium,1,2,8,1150.0
NN17 5GT,E63009997,52.507442,-0.639056,22160,UF1,Corby,68160.0,Medium,0,0,0,4362.0
NN18 0LR,E63009997,52.482257,-0.722800,6826,UF1,Corby,68160.0,Medium,0,2,15,791.0
NN18 0QP,E63009997,52.483860,-0.711414,1919,UF1,Corby,68160.0,Medium,1,7,15,0.0
NN18 8AL,E63009997,52.487298,-0.682300,5762,UF1,Corby,68160.0,Medium,0,2,8,1175.0
NN18 8LU,E63009997,52.470391,-0.721303,22379,UF1,Corby,68160.0,Medium,2,2,6,0.0
NN18 8QT,E63009997,52.473428,-0.706993,18832,UF1,Corby,68160.0,Medium,0,0,11,1026.0
NN2 6AR,E63010463,52.246347,-0.898336,2420,UN1,Northampton,243520.0,Major,8,12,31,44.0
NN2 6BU,E63010463,52.247490,-0.900447,9712,UN1,Northampton,243520.0,Major,4,10,30,212.0
NN2 6LS,E63010463,52.253351,-0.903188,9648,UN1,Northampton,243520.0,Major,1,9,25,0.0
NN2 7BD,E63010463,52.262242,-0.901239,19668,UN1,Northampton,243520.0,Major,1,6,18,778.0
NN2 7BE,E63010463,52.258095,-0.893225,3897,UN1,Northampton,243520.0,Major,2,8,28,86.0
NN2 7HG,E63010463,52.251624,-0.879220,8038,UN1,Northampton,243520.0,Major,3,9,38,233.0
NN2 7HH,E63010463,52.252760,-0.877712,8038,UN1,Northampton,243520.0,Major,2,9,38,271.0
NN2 7JN,E63010463,52.258155,-0.891964,2963,UN1,Northampton,243520.0,Major,2,8,28,0.0
NN2 7LA,E63010463,52.258366,-0.882860,18440,UN1,Northampton,243520.0,Major,1,9,25,51.0
NN2 7SJ,E63010463,52.264264,-0.900120,7699,UN1,Northampton,243520.0,Major,1,6,17,877.0
NN2 8LL,E63010463,52.272701,-0.902476,21115,UN1,Northampton,243520.0,Major,1,3,9,0.0
NN29 7AB,E63010406,52.284234,-0.643588,9355,RLN1,Irchester,4545.0,Minor,1,1,1,271.0
NN29 7QP,E63010459,52.254638,-0.674685,21173,RLN1,Wollaston,3565.0,Minor,0,0,0,3538.0
NN29 7TR,E63010416,52.275031,-0.708959,23224,RSN1,Great Doddington,1150.0,Minor,0,0,2,1610.0
NN3 2HZ,E63010463,52.257928,-0.870900,7462,UN1,Northampton,243520.0,Major,1,8,20,0.0
NN3 2JG,E63010463,52.253277,-0.865876,18468,UN1,Northampton,243520.0,Major,1,7,21,0.0
NN3 5EN,E63010463,52.256317,-0.804177,17421,UN1,Northampton,243520.0,Major,1,1,2,0.0
NN3 6LG,E63010463,52.277038,-0.878037,25090,UN1,Northampton,243520.0,Major,1,1,6,415.0
NN3 6ND,E63010463,52.267819,-0.864494,21377,UN1,Northampton,243520.0,Major,1,2,13,265.0
NN3 7SR,E63010395,52.288879,-0.850892,29483,UN1,Moulton (West Northamptonshire),4955.0,Minor,1,1,1,346.0
NN3 8AW,E63010463,52.268696,-0.841874,3728,UN1,Northampton,243520.0,Major,2,2,6,0.0
NN3 8JZ,E63010463,52.257030,-0.835834,3296,UN1,Northampton,243520.0,Major,0,0,5,1311.0
NN3 8QH,E63010463,52.265371,-0.818426,6715,UN1,Northampton,243520.0,Major,0,0,6,1398.0
NN3 9HU,E63010463,52.242047,-0.839126,185,UN1,Northampton,243520.0,Major,0,0,4,1859.0
NN4 0JF,E63010463,52.214954,-0.911364,22376,UN1,Northampton,243520.0,Major,0,3,8,657.0
NN4 0UE,E63010463,52.204723,-0.898853,28720,UN1,Northampton,243520.0,Major,1,4,9,379.0
NN4 5DW,E63010463,52.189670,-0.887097,29716,UN1,Northampton,243520.0,Major,0,0,4,1404.0
NN4 6FF,E63010463,52.203351,-0.875386,31983,UN1,Northampton,243520.0,Major,0,2,5,761.0
NN4 6JR,E63010463,52.203705,-0.888093,24633,UN1,Northampton,243520.0,Major,1,3,6,195.0
NN4 8LG,E63010463,52.226162,-0.904121,13954,UN1,Northampton,243520.0,Major,1,3,17,737.0
NN4 8NG,E63010463,52.225594,-0.902993,13954,UN1,Northampton,243520.0,Major,1,3,16,669.0
NN4 8QF,E63010463,52.219578,-0.902834,4745,UN1,Northampton,243520.0,Major,1,5,8,0.0
NN4 9UW,E63010463,52.221024,-0.926119,11484,UN1,Northampton,243520.0,Major,0,0,6,1594.0
NN5 5BB,E63010463,52.240419,-0.935229,18246,UN1,Northampton,243520.0,Major,1,4,6,631.0
NN5 5DG,E63010463,52.239959,-0.934141,18246,UN1,Northampton,243520.0,Major,1,4,6,715.0
NN5 6AY,E63010463,52.247402,-0.933977,24768,UN1,Northampton,243520.0,Major,2,5,7,490.0
NN5 6FR,E63010463,52.245202,-0.940211,24556,UN1,Northampton,243520.0,Major,2,5,7,0.0
NN5 6LP,E63010463,52.251129,-0.943454,14481,UN1,Northampton,243520.0,Major,0,3,6,695.0
NN5 7AE,E63010463,52.240193,-0.915331,10376,UN1,Northampton,243520.0,Major,0,0,22,1207.0
NN5 7LQ,E63010463,52.256023,-0.919970,1398,UN1,Northampton,243520.0,Major,0,0,18,1180.0
NN6 0NA,E63010433,52.264956,-0.752817,26891,RLN1,Earls Barton,6065.0,Small,1,1,1,364.0
NN6 7RR,E63010357,52.302669,-1.080672,26878,RLN1,Long Buckby,3820.0,Minor,1,1,1,274.0
NN6 8QE,,52.356813,-1.031505,30580,RSN1,,,,1,1,1,0.0
NN6 9EL,E63010302,52.328394,-0.906000,24595,RLN1,Brixworth,5770.0,Small,0,0,0,5944.0
NN7 2NS,E63010682,52.158996,-0.891224,26035,RLN1,Roade,3575.0,Minor,2,2,2,455.0
NN7 2NW,E63010682,52.158488,-0.894584,26035,RLN1,Roade,3575.0,Minor,2,2,2,242.0
NN7 3QN,E63010573,52.211424,-1.005411,22590,RLN1,Bugbrooke,3040.0,Minor,1,1,1,0.0
NN7 4PN,E63010529,52.228692,-1.078070,21896,RLN1,Weedon Bec,2855.0,Minor,1,1,1,393.0
NN8 1DW,E63010344,52.302907,-0.690578,4558,UN1,Wellingborough,54425.0,Medium,4,6,14,334.0
NN8 1EZ,E63010344,52.301063,-0.691307,4558,UN1,Wellingborough,54425.0,Medium,4,8,15,388.0
NN8 1LT,E63010344,52.298109,-0.677947,12909,UN1,Wellingborough,54425.0,Medium,1,2,10,0.0
NN8 2DL,E63010344,52.290083,-0.704988,9486,UN1,Wellingborough,54425.0,Medium,0,0,11,1095.0
NN8 2EF,E63010344,52.290320,-0.686493,11214,UN1,Wellingborough,54425.0,Medium,0,1,10,703.0
NN8 3QE,E63010344,52.304913,-0.718489,6351,UN1,Wellingborough,54425.0,Medium,1,1,12,0.0
NN8 4ES,E63010344,52.308151,-0.692419,11276,UN1,Wellingborough,54425.0,Medium,0,7,13,554.0
NN8 4PT,E63010344,52.303565,-0.693991,4558,UN1,Wellingborough,54425.0,Medium,4,6,15,95.0
NN8 4RW,E63010344,52.303509,-0.695386,4558,UN1,Wellingborough,54425.0,Medium,5,6,15,0.0
NN8 4UQ,E63010344,52.314725,-0.702289,24375,UN1,Wellingborough,54425.0,Medium,1,3,11,52.0
NN8 5WA,E63010344,52.313974,-0.714237,20561,UN1,Wellingborough,54425.0,Medium,0,2,9,868.0
NN9 5LG,E63010268,52.336339,-0.655688,10846,RLN1,Finedon,4555.0,Minor,1,1,1,254.0
NN9 5PX,E63010307,52.324370,-0.616550,6559,RLN1,Irthlingborough,9310.0,Small,1,1,1,172.0
NN9 6LL,E63010256,52.342949,-0.537669,18197,UN1,Raunds,10230.0,Small,1,3,3,255.0
NN9 6UA,E63010256,52.345663,-0.547767,24582,UN1,Raunds,10230.0,Small,1,3,3,0.0
NP16 7AA,E63011824,51.640325,-2.658979,14533,UN1,Tutshill and Sedbury,3620.0,Minor,0,0,4,1538.0
NR1 1SH,E63009624,52.628144,1.307286,10498,UN1,Norwich,200770.0,Major,0,9,33,609.0
NR1 1WR,E63009624,52.623007,1.306071,20510,UN1,Norwich,200770.0,Major,1,11,29,617.0
NR1 1WU,E63009624,52.623007,1.306071,20510,UN1,Norwich,200770.0,Major,1,11,29,617.0
NR1 2AD,E63009624,52.614427,1.294445,7285,UN1,Norwich,200770.0,Major,2,3,20,457.0
NR1 3DD,E63009624,52.626668,1.296060,3968,UN1,Norwich,200770.0,Major,6,20,34,0.0
NR1 3HP,E63009624,52.618481,1.297439,7285,UN1,Norwich,200770.0,Major,3,13,26,59.0
NR1 3RX,E63009624,52.622102,1.293382,7285,UN1,Norwich,200770.0,Major,7,16,27,305.0
NR1 3SA,E63009624,52.625734,1.292443,3968,UN1,Norwich,200770.0,Major,9,19,27,134.0
NR1 4AB,E63009624,52.636824,1.326834,12223,UN1,Norwich,200770.0,Major,0,6,13,628.0
NR1 4NT,E63009624,52.633751,1.319697,11320,UN1,Norwich,200770.0,Major,2,3,23,148.0
NR10 3DX,E63009490,52.701746,1.241017,29135,RLN1,Horsford,4395.0,Minor,0,0,0,2693.0
NR10 3NQ,E63009512,52.687564,1.328886,24823,RLN1,Spixworth,3420.0,Minor,0,0,0,2918.0
NR10 4JJ,E63009361,52.762714,1.110739,19833,RLN1,Reepham (Broadland),2315.0,Minor,1,1,1,248.0
NR11 6EH,E63009301,52.795370,1.250825,11986,RLN1,Aylsham,7185.0,Small,2,2,2,459.0
NR11 6FB,E63009301,52.792446,1.253174,11986,RLN1,Aylsham,7185.0,Small,2,2,2,114.0
NR11 8LH,E63009158,52.876415,1.433616,9736,RLF1,Mundesley,2780.0,Minor,1,1,1,191.0
NR12 7AA,E63009404,52.728741,1.357430,16042,RSN1,Coltishall,,,1,1,1,455.0
NR12 8DB,E63009444,52.712479,1.411019,11958,RSN1,Hoveton and Wroxham,3620.0,Minor,1,2,2,807.0
NR12 8UR,E63009444,52.713863,1.409172,11958,RSN1,Hoveton and Wroxham,3620.0,Minor,1,2,2,840.0
NR12 9AS,E63009329,52.771891,1.514223,14535,RLF1,Stalham,3380.0,Minor,1,1,1,302.0
NR13 3DY,E63009611,52.638453,1.547967,16656,RLN1,Acle,2265.0,Minor,1,1,1,282.0
NR13 5LP,E63009659,52.625431,1.427653,26716,RLN1,Brundall,4380.0,Minor,0,1,1,708.0
NR13 6QS,E63009564,52.660096,1.381274,24409,RSN1,Rackheath,1760.0,Minor,0,0,0,3252.0
NR14 6AH,E63009835,52.533918,1.481445,14215,RLN1,Loddon,2245.0,Minor,0,1,1,513.0
NR14 7JR,E63009767,52.574805,1.341754,31296,RLN1,Poringland,7105.0,Small,2,2,2,280.0
NR14 8AE,E63009803,52.560475,1.237376,22801,RLN1,Mulbarton,3805.0,Minor,0,0,0,4683.0
NR15 2XJ,E63009941,52.487605,1.234509,25258,RLN1,Long Stratton,5220.0,Small,0,1,1,529.0
NR16 2ND,E63010031,52.440431,0.931882,25102,RLF1,East Harling,2490.0,Minor,1,1,1,152.0
NR17 2AF,E63009903,52.518451,1.016107,18336,UN1,Attleborough,11235.0,Small,2,3,3,124.0
NR17 2AH,E63009903,52.518315,1.017926,18336,UN1,Attleborough,11235.0,Small,3,3,3,0.0
NR18 0AJ,E63009788,52.570665,1.111674,17057,UN1,Wymondham (South Norfolk),16330.0,Small,2,5,5,207.0
NR18 0RF,E63009788,52.572200,1.121687,29633,UN1,Wymondham (South Norfolk),16330.0,Small,1,5,5,0.0
NR18 9AQ,E63009788,52.564204,1.117297,11933,UN1,Wymondham (South Norfolk),16330.0,Small,1,5,5,470.0
NR19 1AE,E63009566,52.678333,0.944200,9752,UN1,Dereham,20785.0,Medium,2,6,8,0.0
NR19 1LD,E63009566,52.666144,0.940717,22468,UN1,Dereham,20785.0,Medium,0,0,7,1376.0
NR19 1TS,E63009566,52.680387,0.940772,9752,UN1,Dereham,20785.0,Medium,5,5,8,325.0
NR19 1WB,E63009566,52.671351,0.953360,20307,UN1,Dereham,20785.0,Medium,0,2,7,992.0
NR19 2AP,E63009566,52.682354,0.940875,9752,UN1,Dereham,20785.0,Medium,3,6,8,190.0
NR19 2EN,E63009566,52.683791,0.942406,12203,UN1,Dereham,20785.0,Medium,3,6,8,0.0
NR2 1LD,E63009624,52.629261,1.295309,3968,UN1,Norwich,200770.0,Major,4,18,36,293.0
NR2 1SH,E63009624,52.625826,1.289789,3968,UN1,Norwich,200770.0,Major,8,18,27,182.0
NR2 2AA,E63009624,52.624952,1.282718,23830,UN1,Norwich,200770.0,Major,4,13,27,299.0
NR2 2PE,E63009624,52.624330,1.277247,27471,UN1,Norwich,200770.0,Major,1,7,26,650.0
NR2 2TJ,E63009624,52.623992,1.286858,25434,UN1,Norwich,200770.0,Major,6,15,28,0.0
NR2 4JJ,E63009624,52.634958,1.277998,1209,UN1,Norwich,200770.0,Major,1,5,28,470.0
NR20 3QA,E63009597,52.659058,1.033400,18613,RLN1,Mattishall,2200.0,Minor,1,1,1,0.0
NR21 8JG,E63009251,52.836134,0.862809,10072,RLF1,Fakenham,8390.0,Small,2,2,3,482.0
NR21 8SY,E63009251,52.839354,0.867610,14556,RLF1,Fakenham,8390.0,Small,2,2,3,0.0
NR21 9BG,E63009251,52.829735,0.847705,11398,RLF1,Fakenham,8390.0,Small,0,0,3,1712.0
NR23 1AG,E63009063,52.955283,0.852001,19309,RLF1,Wells-next-the-Sea,2150.0,Minor,1,1,1,89.0
NR25 6BN,E63009129,52.905696,1.087970,11063,RLF1,Holt (North Norfolk),4015.0,Minor,0,0,0,2123.0
NR25 6QA,E63009117,52.914504,1.116059,13124,RSF1,High Kelling,490.0,Minor,1,1,1,0.0
NR26 8DT,E63009077,52.943911,1.211279,15077,RLF1,Sheringham,7090.0,Small,1,2,2,525.0
NR26 8RF,E63009077,52.942639,1.210411,15077,RLF1,Sheringham,7090.0,Small,2,2,2,440.0
NR27 0BG,E63009094,52.924486,1.307907,20369,RLF1,Cromer,7525.0,Small,1,2,2,0.0
NR27 9HH,E63009094,52.931075,1.300254,8608,RLF1,Cromer,7525.0,Small,0,2,2,894.0
NR28 0BQ,E63009248,52.820065,1.383340,17066,UF1,North Walsham,12825.0,Small,2,4,4,0.0
NR28 9BP,E63009248,52.821141,1.386942,17066,UF1,North Walsham,12825.0,Small,2,4,4,270.0
NR29 3RH,E63009517,52.673845,1.685800,17033,RLF1,Ormesby St Margaret,2740.0,Minor,1,1,1,94.0
NR29 4JT,E63009474,52.697541,1.691426,5848,RLF1,Hemsby,5720.0,Small,0,0,0,2571.0
NR29 4QG,E63009440,52.703748,1.639103,19270,RLF1,Martham,3635.0,Minor,0,0,0,3842.0
NR3 1DY,E63009624,52.636158,1.294689,2129,UN1,Norwich,200770.0,Major,4,11,36,168.0
NR3 2AB,E63009624,52.653098,1.279622,18306,UN1,Norwich,200770.0,Major,2,3,15,112.0
NR3 2HW,E63009624,52.643945,1.285679,2181,UN1,Norwich,200770.0,Major,1,7,22,0.0
NR3 3BA,E63009624,52.634219,1.288438,9884,UN1,Norwich,200770.0,Major,5,13,33,87.0
NR3 3NS,E63009624,52.651389,1.291635,2268,UN1,Norwich,200770.0,Major,0,6,17,728.0
NR3 4LE,E63009624,52.643625,1.299479,17846,UN1,Norwich,200770.0,Major,3,7,29,0.0
NR3 4LF,E63009624,52.643297,1.298966,15325,UN1,Norwich,200770.0,Major,3,7,28,0.0
NR30 1LS,E63009668,52.607331,1.726792,120,UF1,Great Yarmouth,28985.0,Medium,6,9,13,151.0
NR30 1QP,E63009668,52.619153,1.725551,5927,UF1,Great Yarmouth,28985.0,Medium,2,3,12,0.0
NR30 1SF,E63009668,52.613580,1.718841,120,UF1,Great Yarmouth,28985.0,Medium,0,10,13,768.0
NR30 2AX,E63009668,52.607607,1.728588,120,UF1,Great Yarmouth,28985.0,Medium,6,9,13,159.0
NR30 2PA,E63009668,52.605656,1.728275,850,UF1,Great Yarmouth,28985.0,Medium,6,8,13,95.0
NR30 2QE,E63009668,52.605925,1.726022,850,UF1,Great Yarmouth,28985.0,Medium,6,9,13,0.0
NR30 5AQ,E63009560,52.647596,1.724953,20614,RLF1,Caister-on-Sea,9095.0,Small,1,1,1,3163.0
NR30 5EP,E63009560,52.646991,1.728747,14092,RLF1,Caister-on-Sea,9095.0,Small,1,1,1,3103.0
NR31 0DW,E63009668,52.604807,1.718644,4868,UF1,Great Yarmouth,28985.0,Medium,1,9,13,0.0
NR31 0NL,E63009668,52.596412,1.713294,4728,UF1,Great Yarmouth,28985.0,Medium,0,0,12,1001.0
NR31 6AD,E63009745,52.570876,1.726457,11832,UF1,Gorleston-on-Sea,24470.0,Medium,0,6,8,703.0
NR31 6LY,E63009745,52.577095,1.726601,6453,UF1,Gorleston-on-Sea,24470.0,Medium,4,6,8,78.0
NR31 6QB,E63009745,52.577149,1.727757,6453,UF1,Gorleston-on-Sea,24470.0,Medium,4,6,8,0.0
NR31 6QX,E63009745,52.578245,1.727216,6453,UF1,Gorleston-on-Sea,24470.0,Medium,4,6,8,127.0
NR31 7AA,E63009745,52.573729,1.714667,949,UF1,Gorleston-on-Sea,24470.0,Medium,0,6,10,963.0
NR31 7AH,E63009745,52.575844,1.722641,6453,UF1,Gorleston-on-Sea,24470.0,Medium,4,6,10,375.0
NR31 8HS,E63009728,52.584751,1.698455,26301,UF1,Bradwell (Great Yarmouth),11630.0,Small,1,1,5,0.0
NR31 8QW,E63009728,52.575510,1.699744,15578,UF1,Bradwell (Great Yarmouth),11630.0,Small,0,0,10,1031.0
NR31 9BN,E63009807,52.540613,1.732005,20188,RLF1,Hopton on Sea,2575.0,Minor,0,0,0,2528.0
NR31 9NF,E63009760,52.566298,1.654080,16440,RLF1,Belton (Great Yarmouth),3600.0,Minor,0,0,0,3633.0
NR32 1ET,E63009943,52.475722,1.752522,64,UF1,Lowestoft,71315.0,Medium,3,8,11,94.0
NR32 1JE,E63009943,52.482123,1.756043,64,UF1,Lowestoft,71315.0,Medium,3,7,11,0.0
NR32 1LR,E63009943,52.476685,1.751675,1766,UF1,Lowestoft,71315.0,Medium,5,8,11,154.0
NR32 1PL,E63009943,52.480258,1.752746,1766,UF1,Lowestoft,71315.0,Medium,5,7,11,0.0
NR32 3LJ,E63009943,52.478098,1.715202,12632,UF1,Lowestoft,71315.0,Medium,2,4,5,0.0
NR32 3LL,E63009943,52.477157,1.714224,12632,UF1,Lowestoft,71315.0,Medium,2,4,5,124.0
NR32 4PT,E63009943,52.495530,1.733768,14254,UF1,Lowestoft,71315.0,Medium,0,0,0,2121.0
NR33 0HF,E63009943,52.467768,1.743538,4452,UF1,Lowestoft,71315.0,Medium,3,3,15,0.0
NR33 0PX,E63009943,52.469411,1.741645,25,UF1,Lowestoft,71315.0,Medium,3,3,15,223.0
NR33 7HT,E63009943,52.453972,1.727540,15148,UF1,Lowestoft,71315.0,Medium,0,1,7,879.0
NR33 7QF,E63010027,52.420819,1.711749,13675,RLF1,Kessingland,4240.0,Minor,1,1,1,415.0
NR33 8LG,E63009943,52.457212,1.706022,28432,UF1,Lowestoft,71315.0,Medium,1,2,6,0.0
NR33 9LU,E63009943,52.471062,1.716406,13153,UF1,Lowestoft,71315.0,Medium,1,5,12,0.0
NR33 9RW,E63009943,52.463052,1.717425,6695,UF1,Lowestoft,71315.0,Medium,0,3,12,692.0
NR34 7EF,E63009979,52.450666,1.589684,22459,UF1,Worlingham,3620.0,Minor,0,0,6,1838.0
NR34 9EJ,E63009978,52.461436,1.569666,11142,UF1,Beccles,9810.0,Small,2,4,6,132.0
NR34 9HQ,E63009978,52.457365,1.563300,11142,UF1,Beccles,9810.0,Small,3,5,6,452.0
NR34 9NQ,E63009978,52.454173,1.562379,18798,UF1,Beccles,9810.0,Small,2,5,6,102.0
NR34 9QH,E63009978,52.458289,1.566673,11142,UF1,Beccles,9810.0,Small,3,5,6,362.0
NR35 1AX,E63009989,52.454865,1.437587,12437,RLF1,Bungay,5010.0,Small,0,2,2,678.0
NR35 1LP,E63009989,52.449733,1.443001,12437,RLF1,Bungay,5010.0,Small,1,2,2,0.0
NR4 6LD,E63009624,52.604399,1.279229,5750,UN1,Norwich,200770.0,Major,0,0,4,1943.0
NR4 6NU,E63009624,52.607924,1.251216,22059,UN1,Norwich,200770.0,Major,0,1,7,1154.0
NR4 6TA,E63009704,52.602588,1.236551,21597,UN1,Cringleford,4685.0,Minor,2,2,6,0.0
NR4 6UD,E63009704,52.604370,1.230907,21597,UN1,Cringleford,4685.0,Minor,2,2,6,430.0
NR4 7LG,E63009624,52.612249,1.248286,22059,UN1,Norwich,200770.0,Major,0,1,8,1220.0
NR4 7YD,E63009624,52.623402,1.246969,29670,UN1,Norwich,200770.0,Major,1,1,9,391.0
NR5 0EX,E63009624,52.647626,1.234969,24511,UN1,Norwich,200770.0,Major,0,0,10,1212.0
NR5 0GB,E63009624,52.648869,1.203816,10707,UN1,Norwich,200770.0,Major,1,4,9,0.0
NR5 0JS,E63009624,52.653861,1.184780,25525,RLN1,Norwich,200770.0,Major,2,2,4,0.0
NR5 0JT,E63009624,52.653863,1.180714,25525,UN1,Norwich,200770.0,Major,2,2,4,274.0
NR5 0RS,E63009624,52.645824,1.217256,24098,UN1,Norwich,200770.0,Major,1,6,7,0.0
NR5 8AD,E63009624,52.631817,1.240837,5029,UN1,Norwich,200770.0,Major,1,2,8,0.0
NR5 8TU,E63009624,52.638473,1.244434,1745,UN1,Norwich,200770.0,Major,0,2,8,779.0
NR5 9HA,E63009624,52.637216,1.217303,12068,UN1,Norwich,200770.0,Major,1,4,10,0.0
NR5 9JB,E63009624,52.642931,1.209192,12068,UN1,Norwich,200770.0,Major,0,6,7,632.0
NR6 5DT,E63009624,52.653042,1.262108,24329,UN1,Norwich,200770.0,Major,0,0,10,1047.0
NR6 5SR,E63009624,52.663676,1.262324,21930,UN1,Norwich,200770.0,Major,0,3,7,897.0
NR6 6RB,E63009624,52.656290,1.279639,18306,UN1,Norwich,200770.0,Major,2,3,16,425.0
NR6 7HS,E63009624,52.669745,1.307144,16793,UN1,Norwich,200770.0,Major,0,1,4,510.0
NR6 7QA,E63009624,52.657359,1.306224,29123,UN1,Norwich,200770.0,Major,1,1,13,404.0
NR7 0AJ,E63009624,52.636797,1.337712,26227,UN1,Norwich,200770.0,Major,1,5,9,0.0
NR7 0SR,E63009624,52.630892,1.361090,13976,UN1,Norwich,200770.0,Major,0,1,5,931.0
NR7 8AB,E63009624,52.660069,1.335315,28419,UN1,Norwich,200770.0,Major,0,1,3,2049.0
NR7 8ET,E63009624,52.661059,1.327596,27826,UN1,Norwich,200770.0,Major,0,1,5,1887.0
NR7 9QL,E63009624,52.641981,1.341094,2445,UN1,Norwich,200770.0,Major,2,4,9,0.0
NR7 9RJ,E63009624,52.643426,1.335453,6020,UN1,Norwich,200770.0,Major,2,5,9,413.0
NR8 6AD,E63009529,52.686828,1.197258,23761,UN1,Taverham and Drayton,14985.0,Small,0,1,1,595.0
NR8 6DW,E63009529,52.677343,1.224678,31623,UN1,Taverham and Drayton,14985.0,Small,2,2,3,235.0
NR8 6EE,E63009529,52.679274,1.226108,25718,UN1,Taverham and Drayton,14985.0,Small,2,2,2,0.0
NR9 3AB,E63009715,52.600908,1.175736,31199,RLN1,Hethersett,7020.0,Small,0,0,0,3495.0
NR9 4AF,E63009773,52.579496,0.984586,13517,RLN1,Hingham,2305.0,Minor,1,1,1,294.0
NW1 0JH,E63011985,51.535403,-0.138994,10959,UN1,Camden,,,7,17,75,119.0
NW1 1BA,E63011985,51.533916,-0.138247,10959,UN1,Camden,,,6,18,88,102.0
NW1 1BJ,E63011985,51.532590,-0.136268,5931,UN1,Camden,,,7,23,94,234.0
NW1 1DA,E63011985,51.529378,-0.132780,6420,UN1,Camden,,,5,27,99,164.0
NW1 1JB,E63011985,51.529426,-0.129578,6420,UN1,Camden,,,7,25,93,88.0
NW1 2NU,E63011985,51.526668,-0.138283,8263,UN1,Camden,,,7,27,95,165.0
NW1 4BU,E63011985,51.528830,-0.144726,19148,UN1,Camden,,,2,24,101,398.0
NW1 5RT,E63012036,51.523314,-0.157665,24363,UN1,City of Westminster,,,8,33,90,429.0
NW1 6AE,E63012036,51.522541,-0.158229,26318,UN1,City of Westminster,,,10,34,89,413.0
NW1 7JE,E63011985,51.534984,-0.139270,10959,UN1,Camden,,,7,18,77,145.0
NW1 7JR,E63011985,51.537491,-0.141980,6114,UN1,Camden,,,7,13,70,200.0
NW1 7JY,E63011985,51.538245,-0.142439,6114,UN1,Camden,,,5,13,67,280.0
NW1 8AN,E63011985,51.543337,-0.149991,11021,UN1,Camden,,,4,16,61,446.0
NW1 8UR,E63011985,51.542151,-0.156341,28039,UN1,Camden,,,3,9,57,0.0
NW1 9EA,E63011985,51.541295,-0.138551,6470,UN1,Camden,,,3,15,64,107.0
NW1 9QB,E63011985,51.546288,-0.141549,12432,UN1,Camden,,,5,18,62,113.0
NW10 0AA,E63011958,51.559122,-0.249255,7979,UN1,Brent,,,4,7,27,135.0
NW10 0AD,E63011958,51.560142,-0.251322,7979,UN1,Brent,,,4,6,25,272.0
NW10 0TL,E63011958,51.554013,-0.255163,1192,UN1,Brent,,,1,9,35,513.0
NW10 0UR,E63011958,51.553892,-0.253105,1192,UN1,Brent,,,1,10,35,610.0
NW10 1EJ,E63011958,51.552915,-0.240030,15315,UN1,Brent,,,0,9,42,735.0
NW10 1QJ,E63011958,51.559803,-0.251465,7979,UN1,Brent,,,4,6,25,277.0
NW10 2NY,E63011958,51.548363,-0.237581,9599,UN1,Brent,,,3,12,45,274.0
NW10 2PB,E63011958,51.547606,-0.235058,9599,UN1,Brent,,,6,14,45,84.0
NW10 2PJ,E63011958,51.547415,-0.233089,9599,UN1,Brent,,,6,15,44,54.0
NW10 2SU,E63011958,51.547183,-0.227891,9415,UN1,Brent,,,8,14,45,52.0
NW10 2TA,E63011958,51.547042,-0.228632,9415,UN1,Brent,,,8,14,44,31.0
NW10 3ND,E63011958,51.533842,-0.218620,13162,UN1,Brent,,,0,3,59,843.0
NW10 3RY,E63011958,51.542838,-0.235502,2011,UN1,Brent,,,1,12,36,0.0
NW10 4AG,E63011958,51.539684,-0.252525,1713,UN1,Brent,,,3,11,35,158.0
NW10 4JG,E63011958,51.537067,-0.243454,4690,UN1,Brent,,,3,10,31,284.0
NW10 4NS,E63011958,51.536066,-0.246290,3221,UN1,Brent,,,4,8,29,286.0
NW10 4SL,E63011958,51.535818,-0.245333,6307,UN1,Brent,,,3,8,29,217.0
NW10 7LW,E63012033,51.528722,-0.270130,13338,UN1,Ealing,,,2,6,25,256.0
NW10 7NZ,E63011958,51.536964,-0.271663,5250,UN1,Brent,,,1,7,32,692.0
NW10 7SU,E63011958,51.531726,-0.274428,5250,UN1,Brent,,,2,6,30,376.0
NW10 7UW,E63011958,51.537068,-0.277485,5250,UN1,Brent,,,1,4,31,893.0
NW10 8LY,E63011958,51.540963,-0.261763,1969,UN1,Brent,,,1,8,29,210.0
NW10 8QD,E63011958,51.540010,-0.253262,1713,UN1,Brent,,,3,11,36,179.0
NW10 8SG,E63011958,51.538841,-0.250856,7193,UN1,Brent,,,4,11,35,190.0
NW10 9NH,E63011958,51.547158,-0.250190,3682,UN1,Brent,,,1,9,39,214.0
NW11 0AA,E63011868,51.584602,-0.200194,19377,UN1,Barnet,,,3,6,32,422.0
NW11 0QS,E63011868,51.583068,-0.199821,19377,UN1,Barnet,,,4,8,32,258.0
NW11 6JJ,E63011868,51.585636,-0.182687,28804,UN1,Barnet,,,2,3,29,206.0
NW11 7ES,E63011868,51.579648,-0.198484,19377,UN1,Barnet,,,3,11,28,168.0
NW11 7TH,E63011868,51.581238,-0.198335,19377,UN1,Barnet,,,4,11,28,39.0
NW11 8EL,E63011868,51.572253,-0.198272,15647,UN1,Barnet,,,5,11,22,353.0
NW11 8HB,E63011868,51.573923,-0.200457,15833,UN1,Barnet,,,5,11,25,223.0
NW11 8LN,E63011868,51.572927,-0.198808,15647,UN1,Barnet,,,5,11,22,311.0
NW11 9ES,E63011868,51.577864,-0.207618,18612,UN1,Barnet,,,2,11,30,260.0
NW2 1HR,E63011868,51.560734,-0.207701,21727,UN1,Barnet,,,1,11,37,142.0
NW2 1NT,E63011868,51.567056,-0.210655,14638,UN1,Barnet,,,1,5,33,207.0
NW2 2QJ,E63011868,51.562869,-0.197921,17164,UN1,Barnet,,,0,6,32,576.0
NW2 3EE,E63011868,51.555699,-0.213640,8601,UN1,Barnet,,,6,11,42,194.0
NW2 3HD,E63011868,51.552852,-0.210362,11176,UN1,Barnet,,,4,14,41,163.0
NW2 3HT,E63011868,51.556846,-0.215759,7082,UN1,Barnet,,,5,11,41,0.0
NW2 4NH,E63011958,51.549537,-0.221194,12685,UN1,Brent,,,3,19,39,146.0
NW2 4RA,E63011958,51.548238,-0.222124,9415,UN1,Brent,,,6,16,42,295.0
NW2 5HG,E63011958,51.542770,-0.225020,11883,UN1,Brent,,,1,13,43,167.0
NW2 5SJ,E63011958,51.547967,-0.223794,9415,UN1,Brent,,,7,16,41,340.0
NW2 6GY,E63011958,51.567813,-0.229124,11593,UN1,Brent,,,2,2,26,382.0
NW2 7ET,E63011958,51.566741,-0.233797,9517,UN1,Brent,,,2,2,24,487.0
NW3 1NH,E63011985,51.554827,-0.172172,29763,UN1,Camden,,,6,13,40,113.0
NW3 1QE,E63011985,51.556305,-0.177624,26602,UN1,Camden,,,3,10,31,466.0
NW3 2HU,E63011985,51.554063,-0.155008,25622,UN1,Camden,,,1,17,50,438.0
NW3 2PT,E63011985,51.554468,-0.165912,29763,UN1,Camden,,,9,15,40,144.0
NW3 2PY,E63011985,51.554959,-0.166267,29763,UN1,Camden,,,9,14,39,126.0
NW3 2QX,E63011985,51.553794,-0.163054,20985,UN1,Camden,,,7,15,42,69.0
NW3 3NR,E63011985,51.543487,-0.172757,26116,UN1,Camden,,,2,8,56,88.0
NW3 4AX,E63011985,51.549145,-0.171102,29434,UN1,Camden,,,2,18,49,261.0
NW3 4QG,E63011985,51.550623,-0.165590,27430,UN1,Camden,,,6,18,48,290.0
NW3 4UE,E63011985,51.545943,-0.162447,22982,UN1,Camden,,,1,19,55,279.0
NW3 6HN,E63011985,51.552690,-0.188673,29120,UN1,Camden,,,3,8,47,467.0
NW3 6JP,E63011985,51.544724,-0.176558,17492,UN1,Camden,,,3,9,57,358.0
NW3 6UA,E63011985,51.556647,-0.178764,29597,UN1,Camden,,,2,8,31,551.0
NW4 2DT,E63011868,51.586643,-0.220148,11312,UN1,Barnet,,,5,11,25,235.0
NW4 2EL,E63011868,51.586945,-0.219906,11312,UN1,Barnet,,,5,11,26,243.0
NW4 2ES,E63011868,51.585025,-0.219014,25066,UN1,Barnet,,,3,10,28,395.0
NW4 3FB,E63011868,51.576419,-0.223766,11835,UN1,Barnet,,,1,3,33,384.0
NW4 3UX,E63011868,51.582393,-0.229292,23679,UN1,Barnet,,,2,13,29,392.0
NW4 3XH,E63011868,51.582618,-0.230510,23679,UN1,Barnet,,,3,13,28,467.0
NW4 4DD,E63011868,51.588999,-0.222568,11312,UN1,Barnet,,,5,10,28,195.0
NW4 4EB,E63011868,51.589848,-0.225191,18293,UN1,Barnet,,,7,10,26,308.0
NW5 1LP,E63011985,51.556018,-0.148380,12523,UN1,Camden,,,2,14,50,234.0
NW5 1TR,E63011985,51.555134,-0.145314,12523,UN1,Camden,,,3,15,56,0.0
NW5 2EA,E63011985,51.547656,-0.141046,9686,UN1,Camden,,,6,19,64,159.0
NW5 2HR,E63011985,51.556169,-0.139156,18723,UN1,Camden,,,3,11,61,213.0
NW5 2TJ,E63011985,51.550435,-0.141048,14085,UN1,Camden,,,5,19,63,205.0
NW5 3HY,E63011985,51.546646,-0.151703,4848,UN1,Camden,,,5,14,57,320.0
NW5 4EB,E63011985,51.549660,-0.151754,7868,UN1,Camden,,,4,23,55,0.0
NW5 4EG,E63011985,51.549532,-0.152783,4795,UN1,Camden,,,4,22,53,73.0
NW6 1LJ,E63011985,51.551830,-0.191751,29120,UN1,Camden,,,6,6,48,257.0
NW6 1NB,E63011985,51.552086,-0.196688,30591,UN1,Camden,,,4,11,46,91.0
NW6 1XJ,E63011985,51.548784,-0.191353,13867,UN1,Camden,,,4,9,50,386.0
NW6 4HJ,E63011985,51.537698,-0.192657,7671,UN1,Camden,,,2,19,70,523.0
NW6 4HS,E63011985,51.538659,-0.193759,7671,UN1,Camden,,,2,17,68,604.0
NW6 5AD,E63011958,51.535009,-0.193817,6026,UN1,Brent,,,4,20,70,465.0
NW6 5HB,E63011958,51.532630,-0.199347,3943,UN1,Brent,,,5,24,66,0.0
NW6 6NJ,E63011958,51.534896,-0.204563,13321,UN1,Brent,,,5,14,61,206.0
NW6 6NL,E63011958,51.534350,-0.204787,13321,UN1,Brent,,,6,18,60,167.0
NW6 7JR,E63011958,51.543725,-0.200394,7854,UN1,Brent,,,4,10,58,26.0
NW6 7QB,E63011958,51.545135,-0.202011,7854,UN1,Brent,,,4,11,50,218.0
NW6 7SX,E63011958,51.541132,-0.200770,12520,UN1,Brent,,,4,13,62,266.0
NW6 7TH,E63011958,51.541582,-0.205454,12520,UN1,Brent,,,4,10,61,418.0
NW7 1AF,E63011868,51.606985,-0.210789,20665,UN1,Barnet,,,1,2,13,1355.0
NW7 1LB,E63011868,51.605505,-0.207540,20665,UN1,Barnet,,,1,1,15,1077.0
NW7 2HX,E63011868,51.614988,-0.243567,25595,UN1,Barnet,,,3,3,13,0.0
NW7 2NU,E63011868,51.609494,-0.222043,15471,UN1,Barnet,,,0,1,9,1607.0
NW7 3DA,E63011868,51.614727,-0.247781,17488,UN1,Barnet,,,3,8,21,292.0
NW7 3JR,E63011868,51.621007,-0.254676,17488,UN1,Barnet,,,0,5,20,661.0
NW7 3LH,E63011868,51.614640,-0.246744,17488,UN1,Barnet,,,3,7,18,223.0
NW8 0AE,E63012036,51.537534,-0.184373,23935,UN1,City of Westminster,,,3,14,72,67.0
NW8 7NG,E63012036,51.532359,-0.169627,23490,UN1,City of Westminster,,,6,11,75,55.0
NW8 7SE,E63012036,51.533862,-0.170821,23490,UN1,City of Westminster,,,6,10,67,143.0
NW8 7SG,E63012036,51.533631,-0.170427,23490,UN1,City of Westminster,,,6,10,65,106.0
NW8 8ES,E63012036,51.523761,-0.169568,3978,UN1,City of Westminster,,,11,28,88,110.0
NW8 8EU,E63012036,51.523216,-0.170368,3978,UN1,City of Westminster,,,12,28,88,185.0
NW8 8HA,E63012036,51.522214,-0.171807,4098,UN1,City of Westminster,,,11,27,88,172.0
NW8 9JH,E63012036,51.531185,-0.175037,25261,UN1,City of Westminster,,,7,23,79,256.0
NW8 9QB,E63012036,51.531804,-0.180751,29514,UN1,City of Westminster,,,6,21,84,365.0
NW9 0AS,E63011958,51.594211,-0.261361,10086,UN1,Brent,,,1,14,35,396.0
NW9 5HE,E63011868,51.596029,-0.247561,13700,UN1,Barnet,,,2,8,32,0.0
NW9 5ZN,E63011868,51.596927,-0.244465,6805,UN1,Barnet,,,2,5,34,236.0
NW9 6JX,E63011868,51.583722,-0.243545,18371,UN1,Barnet,,,0,10,32,518.0
NW9 6LP,E63011958,51.587178,-0.251597,14898,UN1,Brent,,,4,8,35,179.0
NW9 6LR,E63011958,51.587544,-0.252016,14898,UN1,Brent,,,4,11,35,158.0
NW9 6RN,E63011958,51.591890,-0.284607,15004,UN1,Brent,,,0,12,39,762.0
NW9 6RS,E63011868,51.588237,-0.251455,12628,UN1,Barnet,,,5,11,37,228.0
NW9 7EE,E63011868,51.577160,-0.238905,9115,UN1,Barnet,,,1,5,26,304.0
NW9 8JS,E63011958,51.573599,-0.262509,17826,UN1,Brent,,,2,2,29,151.0
NW9 8LU,E63011958,51.574934,-0.262141,14037,UN1,Brent,,,2,2,29,0.0
NW9 9AD,E63011958,51.589340,-0.265200,15271,UN1,Brent,,,2,12,39,0.0
NW9 9ED,E63011958,51.585267,-0.277466,20424,UN1,Brent,,,5,9,38,93.0
NW9 9EG,E63011958,51.584844,-0.278666,13232,UN1,Brent,,,5,8,38,166.0
NW9 9HH,E63011958,51.585726,-0.277506,13852,UN1,Brent,,,5,8,37,43.0
OL1 1LF,E63008292,53.541567,-2.115880,556,UN1,Oldham,110720.0,Large,7,14,45,219.0
OL1 1NL,E63008292,53.543840,-2.116942,86,UN1,Oldham,110720.0,Large,6,12,42,0.0
OL1 1XD,E63008292,53.541688,-2.112244,556,UN1,Oldham,110720.0,Large,7,13,41,83.0
OL1 2HG,E63008292,53.549464,-2.120459,5740,UN1,Oldham,110720.0,Large,0,9,38,501.0
OL1 2PW,E63008300,53.551411,-2.132087,4470,UN1,Chadderton,37610.0,Medium,0,9,34,806.0
OL1 3AB,E63008292,53.542135,-2.114720,86,UN1,Oldham,110720.0,Large,7,14,45,127.0
OL1 3LG,E63008292,53.544974,-2.096180,2399,UN1,Oldham,110720.0,Large,5,16,34,320.0
OL1 3SH,E63008292,53.543966,-2.107587,129,UN1,Oldham,110720.0,Large,3,16,37,73.0
OL1 4JU,E63008292,53.561455,-2.076954,11747,UN1,Oldham,110720.0,Large,1,1,6,0.0
OL10 1HX,E63008209,53.593558,-2.222084,5138,UN1,Heywood,29725.0,Medium,8,10,15,248.0
OL10 2AH,E63008209,53.588222,-2.210802,3276,UN1,Heywood,29725.0,Medium,2,9,13,144.0
OL10 3RY,E63008209,53.587904,-2.241073,1932,UN1,Heywood,29725.0,Medium,1,3,15,128.0
OL10 4HF,E63008209,53.593614,-2.215950,1261,UN1,Heywood,29725.0,Medium,6,11,15,185.0
OL10 4LY,E63008209,53.593881,-2.222644,1261,UN1,Heywood,29725.0,Medium,8,8,15,276.0
OL10 4NH,E63008209,53.594275,-2.218522,1261,UN1,Heywood,29725.0,Medium,6,10,15,0.0
OL10 4NL,E63008209,53.593724,-2.219985,1261,UN1,Heywood,29725.0,Medium,6,10,15,114.0
OL10 4RG,E63008209,53.593673,-2.241619,6361,UN1,Heywood,29725.0,Medium,1,4,14,0.0
OL11 1AD,E63008177,53.607039,-2.147617,1259,UN1,Rochdale,111255.0,Large,4,9,36,0.0
OL11 1HR,E63008177,53.610848,-2.156472,969,UN1,Rochdale,111255.0,Large,4,13,36,171.0
OL11 1JY,E63008177,53.608409,-2.151566,1259,UN1,Rochdale,111255.0,Large,6,8,36,302.0
OL11 1NT,E63008177,53.608432,-2.154634,1259,UN1,Rochdale,111255.0,Large,5,10,36,357.0
OL11 2JG,E63008177,53.593878,-2.156198,424,UN1,Rochdale,111255.0,Large,1,1,14,0.0
OL11 2SP,E63008177,53.590263,-2.177213,2929,UN1,Rochdale,111255.0,Large,0,2,6,845.0
OL11 3HY,E63008177,53.597049,-2.182984,8980,UN1,Rochdale,111255.0,Large,1,2,6,0.0
OL11 5AQ,E63008177,53.622297,-2.188672,14714,UN1,Rochdale,111255.0,Large,1,1,8,0.0
OL12 0SN,E63008177,53.633103,-2.162785,14475,UN1,Rochdale,111255.0,Large,1,1,26,0.0
OL12 6PQ,E63008177,53.619896,-2.165470,205,UN1,Rochdale,111255.0,Large,5,14,34,0.0
OL12 6XT,E63008177,53.615635,-2.165937,31,UN1,Rochdale,111255.0,Large,5,13,34,428.0
OL12 7RB,E63008177,53.626811,-2.209437,23854,UN1,Rochdale,111255.0,Large,0,0,2,1458.0
OL12 8QS,E63008102,53.661184,-2.173956,10790,UN1,Whitworth,6715.0,Small,2,2,2,0.0
OL12 8QW,E63008102,53.660285,-2.173952,9277,UN1,Whitworth,6715.0,Small,2,2,2,100.0
OL12 9BA,E63008177,53.626981,-2.142530,853,UN1,Rochdale,111255.0,Large,3,14,31,334.0
OL12 9BD,E63008177,53.624688,-2.143732,1754,UN1,Rochdale,111255.0,Large,6,12,36,77.0
OL12 9SA,E63008177,53.633002,-2.136048,473,UN1,Rochdale,111255.0,Large,1,3,18,529.0
OL13 0AD,E63008039,53.702156,-2.199891,2397,UN1,Bacup,13560.0,Small,3,3,4,287.0
OL13 0UJ,E63008039,53.691652,-2.223419,6333,UN1,Bacup,13560.0,Small,0,0,7,1871.0
OL13 9NH,E63008039,53.703206,-2.200547,2397,UN1,Bacup,13560.0,Small,3,3,4,411.0
OL13 9NR,E63008039,53.699759,-2.198274,1542,UN1,Bacup,13560.0,Small,3,3,4,0.0
OL14 5AQ,E63008023,53.714193,-2.097086,5312,UN1,Todmorden,12970.0,Small,3,3,3,329.0
OL14 5BB,E63008023,53.714150,-2.093585,5312,UN1,Todmorden,12970.0,Small,3,3,3,108.0
OL14 5RN,E63008023,53.713666,-2.092160,9682,UN1,Todmorden,12970.0,Small,3,3,3,0.0
OL15 0DY,E63008125,53.632489,-2.110233,20884,UN1,Littleborough,12160.0,Small,0,0,9,1255.0
OL15 8AU,E63008125,53.643672,-2.097829,17603,UN1,Littleborough,12160.0,Small,6,6,7,101.0
OL15 8DH,E63008125,53.642463,-2.102923,17603,UN1,Littleborough,12160.0,Small,6,6,7,67.0
OL15 8HF,E63008125,53.643011,-2.103348,17603,UN1,Littleborough,12160.0,Small,6,6,7,0.0
OL15 9AB,E63008125,53.644168,-2.096499,6986,UN1,Littleborough,12160.0,Small,6,6,7,184.0
OL16 1BE,E63008177,53.617726,-2.155076,31,UN1,Rochdale,111255.0,Large,8,19,38,241.0
OL16 1DB,E63008177,53.619027,-2.156548,31,UN1,Rochdale,111255.0,Large,9,19,37,215.0
OL16 1EA,E63008177,53.617819,-2.158977,31,UN1,Rochdale,111255.0,Large,9,17,36,31.0
OL16 2DN,E63008177,53.620462,-2.152214,1081,UN1,Rochdale,111255.0,Large,5,22,37,0.0
OL16 2DP,E63008177,53.621201,-2.150221,1081,UN1,Rochdale,111255.0,Large,5,17,37,155.0
OL16 2DW,E63008177,53.620741,-2.151610,1081,UN1,Rochdale,111255.0,Large,5,21,37,50.0
OL16 2LJ,E63008177,53.621453,-2.142678,1754,UN1,Rochdale,111255.0,Large,6,14,37,243.0
OL16 2NT,E63008177,53.629574,-2.138971,1000,UN1,Rochdale,111255.0,Large,2,10,26,568.0
OL16 2UP,E63008177,53.622652,-2.139598,1754,UN1,Rochdale,111255.0,Large,6,12,37,0.0
OL16 2XN,E63008177,53.621454,-2.134423,1754,UN1,Rochdale,111255.0,Large,3,8,30,291.0
OL16 4AT,E63008177,53.612168,-2.135588,3051,UN1,Rochdale,111255.0,Large,1,4,31,0.0
OL16 4HZ,E63008179,53.608106,-2.108657,16148,UN1,Milnrow,9235.0,Small,1,3,5,623.0
OL16 4JD,E63008179,53.607109,-2.107007,16449,UN1,Milnrow,9235.0,Small,3,3,5,473.0
OL16 4JF,E63008187,53.603292,-2.103839,16449,UN1,Newhey,2710.0,Minor,2,3,3,0.0
OL16 4TF,E63008177,53.601478,-2.145602,8480,UN1,Rochdale,111255.0,Large,0,6,17,598.0
OL16 5JG,E63008177,53.606528,-2.147010,1259,UN1,Rochdale,111255.0,Large,3,9,34,70.0
OL2 5HX,E63008256,53.558029,-2.137678,20733,UN1,Royton,22990.0,Medium,0,1,17,1210.0
OL2 5QD,E63008256,53.566161,-2.123391,3781,UN1,Royton,22990.0,Medium,5,6,10,0.0
OL2 6QN,E63008256,53.566971,-2.122366,3658,UN1,Royton,22990.0,Medium,5,6,10,109.0
OL2 7QR,E63008223,53.585115,-2.107374,24018,UN1,Shaw (Oldham),18240.0,Small,0,0,5,1137.0
OL2 8NH,E63008223,53.577100,-2.093912,2471,UN1,Shaw (Oldham),18240.0,Small,3,4,5,850.0
OL2 8NP,E63008223,53.575787,-2.093955,2471,UN1,Shaw (Oldham),18240.0,Small,3,4,7,992.0
OL2 8QP,E63008223,53.575411,-2.092852,2471,UN1,Shaw (Oldham),18240.0,Small,3,3,7,1017.0
OL2 8RQ,E63008223,53.575526,-2.094740,2471,UN1,Shaw (Oldham),18240.0,Small,3,3,8,1034.0
OL3 5DQ,E63008253,53.567535,-2.023379,25651,UN1,Delph,2280.0,Minor,0,0,0,2456.0
OL3 6AP,E63008273,53.548428,-2.005740,28377,UN1,Uppermill,11200.0,Small,2,2,3,53.0
OL3 6AU,E63008273,53.548734,-2.004759,24241,UN1,Uppermill,11200.0,Small,2,2,3,45.0
OL3 7DB,E63008273,53.536124,-2.007081,25072,UN1,Uppermill,11200.0,Small,0,0,3,1366.0
OL4 1BN,E63008292,53.537945,-2.096165,1564,UN1,Oldham,110720.0,Large,11,13,35,0.0
OL4 1DU,E63008292,53.538049,-2.100435,1346,UN1,Oldham,110720.0,Large,6,17,40,282.0
OL4 1EN,E63008292,53.537203,-2.102259,1346,UN1,Oldham,110720.0,Large,7,19,43,411.0
OL4 1FN,E63008292,53.540676,-2.097619,1346,UN1,Oldham,110720.0,Large,12,16,37,215.0
OL4 1JN,E63008292,53.542125,-2.095465,1564,UN1,Oldham,110720.0,Large,10,15,34,0.0
OL4 1JP,E63008292,53.541840,-2.092672,1682,UN1,Oldham,110720.0,Large,10,14,32,187.0
OL4 1JW,E63008292,53.542736,-2.095542,1682,UN1,Oldham,110720.0,Large,6,15,34,68.0
OL4 1PA,E63008292,53.540556,-2.090150,1682,UN1,Oldham,110720.0,Large,9,14,32,392.0
OL4 1YN,E63008292,53.537802,-2.095093,1564,UN1,Oldham,110720.0,Large,10,13,35,0.0
OL4 2RB,E63008292,53.548138,-2.084038,716,UN1,Oldham,110720.0,Large,1,5,26,124.0
OL4 3BP,E63008291,53.540297,-2.074879,13566,UN1,Lees,12630.0,Small,5,5,21,0.0
OL4 3BS,E63008291,53.539229,-2.072508,2597,UN1,Lees,12630.0,Small,5,5,21,0.0
OL4 3LG,E63008291,53.542753,-2.071171,14041,UN1,Lees,12630.0,Small,5,5,18,367.0
OL5 0HR,E63008327,53.518947,-2.046065,12959,UN1,Mossley,11410.0,Small,1,4,4,122.0
OL5 9AB,E63008327,53.514050,-2.040631,12959,UN1,Mossley,11410.0,Small,2,4,4,0.0
OL6 6HD,E63008370,53.489377,-2.089183,547,UN1,Ashton-under-Lyne,48600.0,Medium,9,15,29,30.0
OL6 6HE,E63008370,53.489890,-2.089079,547,UN1,Ashton-under-Lyne,48600.0,Medium,9,15,29,45.0
OL6 6HF,E63008370,53.489620,-2.088476,547,UN1,Ashton-under-Lyne,48600.0,Medium,8,15,30,0.0
OL6 6NE,E63008370,53.492926,-2.078052,912,UN1,Ashton-under-Lyne,48600.0,Medium,3,10,30,0.0
OL6 7DP,E63008370,53.483789,-2.097370,547,UN1,Ashton-under-Lyne,48600.0,Medium,3,17,32,285.0
OL6 7JL,E63008370,53.488276,-2.095677,547,UN1,Ashton-under-Lyne,48600.0,Medium,10,12,29,67.0
OL6 7SR,E63008370,53.485827,-2.099981,547,UN1,Ashton-under-Lyne,48600.0,Medium,4,17,30,0.0
OL6 7UB,E63008370,53.482587,-2.123662,4762,UN1,Ashton-under-Lyne,48600.0,Medium,0,2,21,992.0
OL6 9NU,E63008370,53.490854,-2.084846,1869,UN1,Ashton-under-Lyne,48600.0,Medium,6,13,33,277.0
OL7 0LD,E63008370,53.481938,-2.106783,2509,UN1,Ashton-under-Lyne,48600.0,Medium,4,11,28,130.0
OL7 0LH,E63008370,53.480850,-2.107519,2509,UN1,Ashton-under-Lyne,48600.0,Medium,4,9,26,0.0
OL7 0NW,E63008370,53.478322,-2.110496,4762,UN1,Ashton-under-Lyne,48600.0,Medium,4,6,25,0.0
OL7 9PS,E63008370,53.499127,-2.103525,5945,UN1,Ashton-under-Lyne,48600.0,Medium,1,1,18,45.0
OL8 1EZ,E63008292,53.537127,-2.116230,1057,UN1,Oldham,110720.0,Large,3,16,50,426.0
OL8 2BD,E63008292,53.533602,-2.098026,1202,UN1,Oldham,110720.0,Large,3,11,36,498.0
OL8 3BE,E63008292,53.523224,-2.122799,11236,UN1,Oldham,110720.0,Large,1,9,23,344.0
OL8 3HF,E63008292,53.525357,-2.111235,4552,UN1,Oldham,110720.0,Large,2,5,31,0.0
OL8 3HH,E63008292,53.515239,-2.126787,524,UN1,Oldham,110720.0,Large,0,3,11,767.0
OL8 3HW,E63008292,53.519831,-2.109653,4552,UN1,Oldham,110720.0,Large,0,4,15,589.0
OL8 3SY,E63008292,53.520785,-2.134179,5631,UN1,Oldham,110720.0,Large,1,6,25,456.0
OL8 4BB,E63008292,53.535565,-2.123196,2806,UN1,Oldham,110720.0,Large,2,10,49,522.0
OL8 4LN,E63008292,53.528704,-2.134551,1668,UN1,Oldham,110720.0,Large,2,12,31,0.0
OL9 0JE,E63008300,53.546386,-2.139753,3057,UN1,Chadderton,37610.0,Medium,3,6,32,184.0
OL9 0LH,E63008300,53.545575,-2.142180,3057,UN1,Chadderton,37610.0,Medium,3,5,31,0.0
OL9 0LQ,E63008300,53.545657,-2.141003,3057,UN1,Chadderton,37610.0,Medium,3,6,32,78.0
OL9 0RG,E63008300,53.553137,-2.153873,25169,UN1,Chadderton,37610.0,Medium,0,0,9,1142.0
OL9 6BW,E63008292,53.545575,-2.125942,2746,UN1,Oldham,110720.0,Large,1,16,36,625.0
OL9 6HT,E63008292,53.537940,-2.129450,1275,UN1,Oldham,110720.0,Large,4,11,40,100.0
OL9 6QB,E63008292,53.544682,-2.128761,568,UN1,Oldham,110720.0,Large,1,16,35,760.0
OL9 7AH,E63008292,53.537966,-2.130793,1275,UN1,Oldham,110720.0,Large,3,10,39,75.0
OL9 7AY,E63008292,53.537310,-2.130534,1275,UN1,Oldham,110720.0,Large,3,13,40,0.0
OL9 7SB,E63008300,53.534649,-2.139051,4278,UN1,Chadderton,37610.0,Medium,3,12,33,433.0
OL9 7SJ,E63008292,53.533699,-2.136543,4278,UN1,Oldham,110720.0,Large,1,13,35,527.0
OL9 8NH,E63008300,53.533131,-2.145081,7799,UN1,Chadderton,37610.0,Medium,4,8,25,0.0
OL9 8RT,E63008300,53.533870,-2.151420,7799,UN1,Chadderton,37610.0,Medium,3,6,23,427.0
OL9 9XB,E63008300,53.532107,-2.165580,17439,UN1,Chadderton,37610.0,Medium,0,2,13,1249.0
OX1 2BN,E63011595,51.754188,-1.260939,21643,UN1,Oxford,170805.0,Large,3,7,13,78.0
OX1 3HL,E63011595,51.752613,-1.257734,21643,UN1,Oxford,170805.0,Large,3,4,18,44.0
OX1 4RA,E63011595,51.739676,-1.253804,23673,UN1,Oxford,170805.0,Large,0,1,16,930.0
OX1 5PG,E63011664,51.718118,-1.244475,32162,UN1,Kennington,4595.0,Minor,0,1,3,1037.0
OX10 0AD,E63011899,51.600067,-1.125182,22592,RLN1,Wallingford,8455.0,Small,1,2,2,636.0
OX10 0EG,E63011899,51.599855,-1.124406,22592,RLN1,Wallingford,8455.0,Small,1,2,2,635.0
OX10 6RP,E63011877,51.620953,-1.106912,32154,RLN1,Benson,5240.0,Small,1,1,2,67.0
OX10 7NE,E63011793,51.663993,-1.176754,12149,RLN1,Berinsfield,2775.0,Minor,1,1,1,0.0
OX10 9NS,E63011959,51.574995,-1.152936,28492,RLN1,Cholsey,3775.0,Minor,0,0,0,2774.0
OX11 0BB,E63011891,51.603639,-1.258880,29683,UN1,Didcot,34600.0,Medium,1,4,8,0.0
OX11 6DR,E63011891,51.609895,-1.268498,29683,UN1,Didcot,34600.0,Medium,1,3,5,962.0
OX11 6GD,E63011891,51.606272,-1.271473,29382,UN1,Didcot,34600.0,Medium,1,3,4,918.0
OX11 7LG,E63011891,51.607185,-1.238244,25341,UN1,Didcot,34600.0,Medium,1,4,7,651.0
OX11 7ND,E63011891,51.607681,-1.238424,25341,UN1,Didcot,34600.0,Medium,1,4,7,647.0
OX11 7XT,E63011891,51.614191,-1.235744,32288,UN1,Didcot,34600.0,Medium,1,3,7,370.0
OX11 9BZ,,51.605070,-1.221501,31609,UN1,,,,0,0,5,1738.0
OX12 7JZ,E63011893,51.609574,-1.422416,30001,UF1,Grove (Vale of White Horse),7945.0,Small,0,0,2,1221.0
OX12 8AW,E63011926,51.588868,-1.426475,27307,UF1,Wantage,13105.0,Small,1,1,3,1105.0
OX12 9AJ,E63011926,51.589974,-1.426490,27307,UF1,Wantage,13105.0,Small,1,3,3,983.0
OX12 9BN,E63011926,51.598801,-1.425845,30001,UF1,Wantage,13105.0,Small,1,2,4,0.0
OX13 6DN,E63011694,51.706650,-1.315869,31826,UN1,Wootton (Vale of White Horse),2425.0,Minor,0,0,0,2210.0
OX14 1TU,E63011776,51.666915,-1.309426,28467,UN1,Abingdon-on-Thames,33175.0,Medium,1,3,6,345.0
OX14 1XR,E63011776,51.688163,-1.275136,32756,UN1,Abingdon-on-Thames,33175.0,Medium,1,2,8,0.0
OX14 2NA,E63011776,51.684705,-1.259974,31112,UN1,Abingdon-on-Thames,33175.0,Medium,1,1,3,1114.0
OX14 2QA,E63011776,51.684607,-1.265820,31492,UN1,Abingdon-on-Thames,33175.0,Medium,1,3,7,754.0
OX14 3JF,E63011776,51.671061,-1.281049,20988,UN1,Abingdon-on-Thames,33175.0,Medium,3,3,10,112.0
OX14 3QT,E63011776,51.671162,-1.282797,20988,UN1,Abingdon-on-Thames,33175.0,Medium,3,4,11,101.0
OX14 4RR,E63011850,51.621210,-1.298564,29382,UN1,Sutton Courtenay and Milton,,,1,1,1,3365.0
OX14 4RS,E63011850,51.623120,-1.302276,29382,UN1,Sutton Courtenay and Milton,,,1,1,1,3697.0
OX14 5JT,E63011776,51.663079,-1.288867,5998,UN1,Abingdon-on-Thames,33175.0,Medium,0,1,8,1079.0
OX15 0SW,E63011103,51.980858,-1.322331,29045,RLF1,Deddington,1770.0,Minor,1,1,1,232.0
OX15 4LU,E63011027,52.021180,-1.373895,31157,RLF1,Bloxham,3685.0,Minor,1,1,1,346.0
OX15 6AY,,52.080680,-1.409940,18900,RSF1,,,,0,0,0,4881.0
OX16 0EN,E63010935,52.062990,-1.352613,3860,UF1,Banbury,52045.0,Medium,0,2,13,629.0
OX16 1LX,E63010935,52.073754,-1.343207,8521,UF1,Banbury,52045.0,Medium,0,1,10,1651.0
OX16 1XE,E63010935,52.075384,-1.355177,14165,UF1,Banbury,52045.0,Medium,0,1,4,2002.0
OX16 3WT,E63010935,52.067140,-1.320123,19601,UF1,Banbury,52045.0,Medium,1,1,10,0.0
OX16 5UH,E63010935,52.062846,-1.334877,4563,UF1,Banbury,52045.0,Medium,1,6,15,720.0
OX16 5UN,E63010935,52.063223,-1.334726,4563,UF1,Banbury,52045.0,Medium,1,5,15,756.0
OX16 9AD,E63010935,52.057439,-1.340675,22358,UF1,Banbury,52045.0,Medium,2,10,14,0.0
OX16 9XA,E63010935,52.051005,-1.336497,20628,UF1,Banbury,52045.0,Medium,4,7,11,26.0
OX17 2PD,E63010908,52.071269,-1.272279,19147,RLF1,Middleton Cheney,4125.0,Minor,0,0,0,3302.0
OX18 1JA,E63011568,51.765046,-1.586701,25603,UF1,Carterton,17950.0,Small,2,4,4,0.0
OX18 2LJ,E63011638,51.729037,-1.550325,31016,RLF1,Bampton (West Oxfordshire),2995.0,Minor,1,1,1,0.0
OX18 3AG,E63011568,51.760095,-1.595382,18397,UF1,Carterton,17950.0,Small,1,4,4,812.0
OX18 3DN,E63011568,51.758842,-1.594408,32279,UF1,Carterton,17950.0,Small,1,4,4,870.0
OX18 4QR,E63011479,51.807471,-1.636992,25924,RLF1,Burford,1520.0,Minor,1,1,1,126.0
OX2 0BU,E63011595,51.752501,-1.277351,21828,UN1,Oxford,170805.0,Large,0,0,9,1125.0
OX2 6AJ,E63011595,51.760599,-1.266601,28171,UN1,Oxford,170805.0,Large,2,4,11,56.0
OX2 6HJ,E63011595,51.762197,-1.263388,28171,UN1,Oxford,170805.0,Large,2,4,12,275.0
OX2 7HQ,E63011595,51.776773,-1.264948,26223,UN1,Oxford,170805.0,Large,2,2,5,243.0
OX2 9TJ,E63011595,51.751580,-1.297430,25614,UN1,Oxford,170805.0,Large,0,0,1,2374.0
OX20 1TF,E63011398,51.847011,-1.355175,31457,RLN1,Woodstock,3520.0,Minor,1,1,1,62.0
OX25 5BZ,E63011196,51.928309,-1.254492,23840,RSF1,Upper Heyford,2480.0,Minor,0,0,0,7025.0
OX26 3HA,E63011249,51.910221,-1.156343,30004,UN1,Bicester,37755.0,Medium,1,2,9,0.0
OX26 4HB,E63011249,51.906269,-1.149294,16020,UN1,Bicester,37755.0,Medium,0,4,12,653.0
OX26 6AA,E63011249,51.896922,-1.149877,14006,UN1,Bicester,37755.0,Medium,3,7,12,504.0
OX26 6AE,E63011249,51.896750,-1.157220,14006,UN1,Bicester,37755.0,Medium,5,7,12,0.0
OX26 6DR,E63011249,51.897277,-1.156731,14006,UN1,Bicester,37755.0,Medium,6,7,12,68.0
OX26 6FA,E63011249,51.898233,-1.152134,14006,UN1,Bicester,37755.0,Medium,6,8,12,386.0
OX26 6JJ,E63011249,51.898536,-1.151838,14006,UN1,Bicester,37755.0,Medium,6,8,12,419.0
OX26 6XX,E63011249,51.891290,-1.138329,31149,UN1,Bicester,37755.0,Medium,1,2,10,0.0
OX28 3FP,E63011515,51.782548,-1.473398,12677,UF1,Witney,30165.0,Medium,1,3,7,39.0
OX28 4FF,E63011515,51.779497,-1.482841,26290,UF1,Witney,30165.0,Medium,0,7,7,697.0
OX28 5YP,E63011515,51.786562,-1.509653,32088,UF1,Witney,30165.0,Medium,0,0,5,1451.0
OX28 6HA,E63011515,51.785440,-1.484948,26140,UF1,Witney,30165.0,Medium,4,7,8,168.0
OX28 6JQ,E63011515,51.786446,-1.486778,11859,UF1,Witney,30165.0,Medium,4,5,8,0.0
OX28 6JS,E63011515,51.787506,-1.488607,26140,UF1,Witney,30165.0,Medium,4,5,8,0.0
OX29 4PD,E63011522,51.780742,-1.377936,32548,RLN1,Eynsham,5325.0,Small,1,1,1,174.0
OX29 8FQ,E63011441,51.823894,-1.402777,32646,RLN1,Long Hanborough,3035.0,Minor,1,1,1,4169.0
OX29 8JL,E63011441,51.823720,-1.396816,32646,RLN1,Long Hanborough,3035.0,Minor,1,1,1,3864.0
OX3 0JR,E63011595,51.766270,-1.235121,24337,UN1,Oxford,170805.0,Large,0,1,8,758.0
OX3 8DH,E63011595,51.762212,-1.195719,15395,UN1,Oxford,170805.0,Large,0,3,8,608.0
OX3 8RA,E63011595,51.748826,-1.201331,9742,UN1,Oxford,170805.0,Large,0,0,11,1461.0
OX3 9AJ,E63011595,51.759477,-1.212662,28893,UN1,Oxford,170805.0,Large,3,5,14,224.0
OX3 9BH,E63011595,51.760737,-1.214205,28559,UN1,Oxford,170805.0,Large,3,5,14,96.0
OX3 9JA,E63011595,51.762030,-1.204547,11109,UN1,Oxford,170805.0,Large,1,7,10,0.0
OX3 9LU,E63011595,51.767482,-1.195857,6730,UN1,Oxford,170805.0,Large,0,3,7,852.0
OX33 1DP,E63011580,51.748686,-1.138162,32399,RLN1,Wheatley,4305.0,Minor,2,3,3,0.0
OX33 1XX,E63011580,51.747741,-1.140541,32399,RLN1,Wheatley,4305.0,Minor,2,2,3,195.0
OX33 1YJ,E63011580,51.745937,-1.126264,28800,RLN1,Wheatley,4305.0,Minor,0,2,3,874.0
OX39 4PG,E63011702,51.702042,-0.905329,32316,RLN1,Chinnor,7265.0,Small,0,0,0,4504.0
OX4 1GE,E63011595,51.747164,-1.232590,17237,UN1,Oxford,170805.0,Large,5,9,22,9.0
OX4 1RE,E63011595,51.741736,-1.235695,13186,UN1,Oxford,170805.0,Large,1,10,20,297.0
OX4 1UH,E63011595,51.745739,-1.231818,13186,UN1,Oxford,170805.0,Large,4,9,22,168.0
OX4 1UT,E63011595,51.747423,-1.235049,17437,UN1,Oxford,170805.0,Large,6,9,20,179.0
OX4 2EA,E63011595,51.735157,-1.215590,17404,UN1,Oxford,170805.0,Large,3,5,20,220.0
OX4 2NB,E63011595,51.736253,-1.207403,19224,UN1,Oxford,170805.0,Large,1,6,13,382.0
OX4 3JP,E63011595,51.733648,-1.218556,18374,UN1,Oxford,170805.0,Large,3,8,20,441.0
OX4 3UZ,E63011595,51.731699,-1.216156,11777,UN1,Oxford,170805.0,Large,3,6,14,431.0
OX4 4DH,E63011595,51.735365,-1.232254,23691,UN1,Oxford,170805.0,Large,1,5,20,0.0
OX4 4JA,E63011595,51.728644,-1.226041,24378,UN1,Oxford,170805.0,Large,0,5,16,861.0
OX4 4XR,E63011595,51.721554,-1.232214,7785,UN1,Oxford,170805.0,Large,1,3,9,497.0
OX4 6HS,E63011595,51.720426,-1.201832,3168,UN1,Oxford,170805.0,Large,2,3,11,463.0
OX4 6XJ,E63011595,51.728340,-1.202112,7998,UN1,Oxford,170805.0,Large,1,3,10,398.0
OX4 7EX,E63011595,51.717534,-1.196990,3168,UN1,Oxford,170805.0,Large,2,2,4,0.0
OX44 7SS,E63011764,51.668139,-1.082256,26778,RLN1,Chalgrove,2810.0,Minor,0,0,0,5538.0
OX49 5PU,E63011822,51.644802,-1.004437,30781,RLN1,Watlington (South Oxfordshire),2435.0,Minor,0,0,0,6426.0
OX5 1AP,E63011435,51.821564,-1.289219,29506,UN1,Kidlington,14640.0,Small,1,2,5,0.0
OX5 1DB,E63011435,51.809627,-1.279441,21141,UN1,Kidlington,14640.0,Small,1,2,4,661.0
OX5 1NQ,E63011471,51.808493,-1.310746,21902,RLN1,Yarnton,3225.0,Minor,0,0,0,2045.0
OX5 2PE,E63011435,51.808878,-1.277553,27268,UN1,Kidlington,14640.0,Small,1,2,4,771.0
OX7 3PL,E63011343,51.872908,-1.482904,30282,RLF1,Charlbury,2810.0,Minor,1,1,1,150.0
OX7 5AD,E63011188,51.941980,-1.544622,30157,RLF1,Chipping Norton,6985.0,Small,0,2,2,768.0
OX7 5FA,E63011188,51.945593,-1.535071,30157,RLF1,Chipping Norton,6985.0,Small,1,2,2,0.0
OX7 6BW,E63011369,51.863267,-1.597363,30634,RLF1,Milton-under-Wychwood and Shipton-under-Wychwood,2965.0,Minor,1,1,1,0.0
OX9 2BU,E63011584,51.747464,-0.978817,24891,UN1,Thame,12945.0,Small,0,3,3,758.0
OX9 3JT,E63011584,51.745319,-0.969986,25876,UN1,Thame,12945.0,Small,2,3,3,105.0
OX9 3JZ,E63011584,51.745009,-0.968545,32124,UN1,Thame,12945.0,Small,2,3,3,0.0
PE1 1ET,E63009810,52.569027,-0.244099,4770,UN1,Peterborough,190605.0,Large,2,9,25,137.0
PE1 1NW,E63009810,52.573657,-0.242851,3559,UN1,Peterborough,190605.0,Large,5,13,30,219.0
PE1 1RA,E63009810,52.574317,-0.242486,3559,UN1,Peterborough,190605.0,Large,6,14,30,297.0
PE1 2EJ,E63009810,52.577877,-0.245472,4770,UN1,Peterborough,190605.0,Large,4,16,29,0.0
PE1 2PF,E63009810,52.588594,-0.247878,8870,UN1,Peterborough,190605.0,Large,3,10,29,204.0
PE1 2PH,E63009810,52.587033,-0.246302,4920,UN1,Peterborough,190605.0,Large,3,11,30,0.0
PE1 2QP,E63009810,52.584035,-0.240562,14158,UN1,Peterborough,190605.0,Large,5,13,30,0.0
PE1 2QQ,E63009810,52.581485,-0.240192,3559,UN1,Peterborough,190605.0,Large,4,16,30,145.0
PE1 2RR,E63009810,52.576996,-0.243648,4770,UN1,Peterborough,190605.0,Large,5,16,28,157.0
PE1 2RY,E63009810,52.577154,-0.244025,4770,UN1,Peterborough,190605.0,Large,5,16,28,127.0
PE1 2UF,E63009810,52.581561,-0.238048,14158,UN1,Peterborough,190605.0,Large,5,15,30,0.0
PE1 3HA,E63009810,52.592829,-0.255180,3279,UN1,Peterborough,190605.0,Large,2,9,28,0.0
PE1 4AU,E63009810,52.580412,-0.232722,4188,UN1,Peterborough,190605.0,Large,2,11,31,382.0
PE1 4LH,E63009810,52.594571,-0.230764,5793,UN1,Peterborough,190605.0,Large,1,1,16,396.0
PE1 5BQ,E63009810,52.571840,-0.209721,3813,UN1,Peterborough,190605.0,Large,1,2,6,1455.0
PE1 5FL,E63009810,52.578585,-0.207498,3000,UN1,Peterborough,190605.0,Large,0,2,5,1587.0
PE1 5NG,E63009810,52.588737,-0.210539,10133,UN1,Peterborough,190605.0,Large,0,0,7,1748.0
PE1 5XJ,E63009810,52.573847,-0.207485,3813,UN1,Peterborough,190605.0,Large,1,2,5,1560.0
PE10 9AE,E63009402,52.769112,-0.377462,30402,UN1,Bourne,17495.0,Small,3,4,5,237.0
PE10 9LS,E63009402,52.759901,-0.366645,25184,UN1,Bourne,17495.0,Small,0,0,5,1366.0
PE10 9NB,E63009402,52.767883,-0.378931,30402,UN1,Bourne,17495.0,Small,3,4,5,158.0
PE10 9NJ,E63009402,52.770511,-0.381768,21701,UN1,Bourne,17495.0,Small,3,4,5,215.0
PE11 1RQ,E63009366,52.788555,-0.154497,14108,UN1,Spalding,30550.0,Medium,3,5,7,654.0
PE11 1SA,E63009366,52.787344,-0.152368,16856,UN1,Spalding,30550.0,Medium,4,5,7,495.0
PE11 1SG,E63009366,52.787584,-0.152195,14108,UN1,Spalding,30550.0,Medium,4,5,7,485.0
PE11 1SU,E63009366,52.787145,-0.151160,14108,UN1,Spalding,30550.0,Medium,4,5,7,414.0
PE11 2BJ,E63009366,52.794994,-0.143679,25897,UN1,Spalding,30550.0,Medium,1,3,7,274.0
PE11 3RB,E63009318,52.816481,-0.161492,17628,UF1,Pinchbeck,4275.0,Minor,0,0,1,1813.0
PE11 3TB,E63009322,52.820982,-0.219599,12288,RSF1,Northgate,655.0,Minor,0,0,0,5102.0
PE11 4ST,E63009173,52.905237,-0.204949,13253,RLF1,Donington,3195.0,Minor,0,0,0,4982.0
PE12 7AX,E63009333,52.803363,0.025699,11640,RLF1,Holbeach,8755.0,Small,1,4,4,473.0
PE12 7DY,E63009333,52.803824,0.016047,12803,RLF1,Holbeach,8755.0,Small,2,3,4,93.0
PE12 8LY,E63009333,52.805266,0.033279,12356,RLF1,Holbeach,8755.0,Small,0,1,4,1025.0
PE12 9JF,E63009356,52.784932,0.121294,16621,RLF1,Long Sutton (South Holland),5375.0,Small,1,1,1,247.0
PE12 9SF,E63009381,52.770005,0.185723,6271,RLF1,Sutton Bridge,3915.0,Minor,0,0,0,4888.0
PE13 1AR,E63009628,52.665803,0.161323,3986,UF1,Wisbech,26795.0,Medium,10,10,12,176.0
PE13 1BJ,E63009628,52.664483,0.162204,3986,UF1,Wisbech,26795.0,Medium,7,10,12,128.0
PE13 1JU,E63009628,52.665200,0.156398,8310,UF1,Wisbech,26795.0,Medium,6,10,12,0.0
PE13 1PE,E63009628,52.668905,0.157852,8310,UF1,Wisbech,26795.0,Medium,6,10,11,285.0
PE13 3AD,E63009628,52.666503,0.163369,5877,UF1,Wisbech,26795.0,Medium,10,10,11,95.0
PE13 3AN,E63009628,52.669080,0.162062,5877,UF1,Wisbech,26795.0,Medium,6,10,11,0.0
PE13 3QR,E63009628,52.671496,0.180359,8529,UF1,Wisbech,26795.0,Medium,0,0,11,1263.0
PE13 4LF,,52.660966,0.050475,8073,RSN1,,,,1,1,1,0.0
PE14 0RG,E63009628,52.651948,0.143416,4321,UF1,Wisbech,26795.0,Medium,0,0,5,1714.0
PE14 7XA,E63009531,52.707315,0.274370,10265,RSF1,Tilney St Lawrence,1505.0,Minor,1,1,1,213.0
PE14 9BT,E63009757,52.599783,0.224643,4162,RSF1,Upwell and Outwell,3665.0,Minor,1,1,1,0.0
PE15 0AX,E63009878,52.562244,0.074035,6920,UF1,March,21345.0,Medium,0,0,7,1321.0
PE15 8BG,E63009878,52.551540,0.082514,8719,UF1,March,21345.0,Medium,2,5,6,0.0
PE15 8TP,E63009878,52.550449,0.088303,10467,UF1,March,21345.0,Medium,5,5,6,270.0
PE15 9BF,E63009878,52.548875,0.091341,10467,UF1,March,21345.0,Medium,3,5,6,0.0
PE16 6BG,E63010034,52.455938,0.049286,19429,UF1,Chatteris,11015.0,Small,2,2,2,242.0
PE16 6EX,E63010034,52.457440,0.051873,13348,UF1,Chatteris,11015.0,Small,2,2,2,0.0
PE19 1BQ,E63010511,52.229406,-0.265254,16735,UN1,St Neots,33265.0,Medium,4,4,9,0.0
PE19 1BW,E63010511,52.228463,-0.267795,16735,UN1,St Neots,33265.0,Medium,3,4,8,73.0
PE19 2SA,E63010511,52.216867,-0.268583,17565,UN1,St Neots,33265.0,Medium,0,0,7,1349.0
PE19 5SU,E63010355,52.293366,-0.247844,28404,RLN1,Buckden,2755.0,Minor,1,1,1,464.0
PE19 6PA,E63010467,52.247297,-0.263268,31527,RLN1,Little Paxton,4030.0,Minor,0,0,3,1645.0
PE19 6SL,E63010511,52.232203,-0.245801,17734,UN1,St Neots,33265.0,Medium,0,0,5,1109.0
PE19 8BB,E63010511,52.222592,-0.286895,27123,UN1,St Neots,33265.0,Medium,1,1,6,0.0
PE2 5SD,E63009810,52.546060,-0.283035,2381,UN1,Peterborough,190605.0,Large,1,1,9,180.0
PE2 5TD,E63009810,52.543162,-0.302171,1182,UN1,Peterborough,190605.0,Large,1,1,5,175.0
PE2 6XN,E63009810,52.555803,-0.314739,26888,UN1,Peterborough,190605.0,Large,1,1,3,362.0
PE2 8HN,E63009810,52.558606,-0.234970,6374,UN1,Peterborough,190605.0,Large,1,2,13,61.0
PE2 8RB,E63009810,52.551241,-0.225854,18904,UN1,Peterborough,190605.0,Large,0,1,4,970.0
PE2 9QB,E63009810,52.562613,-0.261543,29474,UN1,Peterborough,190605.0,Large,2,2,15,0.0
PE2 9QY,E63009810,52.563598,-0.256355,11318,UN1,Peterborough,190605.0,Large,2,2,18,367.0
PE20 1DS,E63009130,52.930762,-0.058602,18318,RLF1,Kirton (Boston),5570.0,Small,1,1,1,0.0
PE20 3LH,E63009109,52.947601,-0.160880,8555,RLF1,Swineshead,2650.0,Minor,0,1,1,785.0
PE21 0PD,E63009059,52.975137,-0.005676,5115,UF1,Boston,45340.0,Medium,0,0,12,1146.0
PE21 6EH,E63009059,52.977662,-0.023330,10182,UF1,Boston,45340.0,Medium,5,9,12,284.0
PE21 6JU,E63009059,52.975126,-0.022790,10182,UF1,Boston,45340.0,Medium,4,10,12,0.0
PE21 6PA,E63009059,52.982066,-0.021654,10991,UF1,Boston,45340.0,Medium,1,7,12,62.0
PE21 8EA,E63009059,52.969020,-0.030872,7407,UF1,Boston,45340.0,Medium,0,7,11,601.0
PE21 8EG,E63009059,52.975942,-0.033522,6212,UF1,Boston,45340.0,Medium,2,9,11,0.0
PE21 8EQ,E63009059,52.977178,-0.033764,6212,UF1,Boston,45340.0,Medium,2,10,11,138.0
PE21 8UF,E63009059,52.973792,-0.026366,7407,UF1,Boston,45340.0,Medium,4,10,11,42.0
PE23 5JJ,E63008777,53.174095,0.095695,17743,RLF1,Spilsby,3670.0,Minor,1,1,1,246.0
PE24 4BS,E63008851,53.106037,0.235972,482,RLF1,Wainfleet All Saints,1800.0,Minor,0,0,0,6812.0
PE24 5TB,E63008709,53.223961,0.338514,306,RLF1,Ingoldmells and Chapel St Leonards,,,0,0,0,4002.0
PE25 1JL,E63008709,53.188040,0.342277,1829,UF1,Ingoldmells and Chapel St Leonards,,,1,2,2,0.0
PE25 1NS,E63008709,53.193785,0.334042,1829,UF1,Ingoldmells and Chapel St Leonards,,,0,2,2,842.0
PE25 2RN,E63008804,53.157661,0.331229,7114,UF1,Skegness,20700.0,Medium,1,1,7,0.0
PE25 3LL,E63008804,53.143570,0.337313,261,UF1,Skegness,20700.0,Medium,3,3,7,383.0
PE25 3NG,E63008804,53.143263,0.337372,261,UF1,Skegness,20700.0,Medium,3,3,7,404.0
PE25 3QT,E63008804,53.144029,0.331776,1887,UF1,Skegness,20700.0,Medium,3,5,7,135.0
PE25 3TD,E63008804,53.141459,0.319271,2914,UF1,Skegness,20700.0,Medium,1,3,7,0.0
PE26 1HA,E63010044,52.449061,-0.107214,15663,RLN1,Ramsey,5730.0,Small,1,2,2,88.0
PE26 1SA,E63010044,52.453848,-0.110246,23524,RLN1,Ramsey,5730.0,Small,0,2,2,614.0
PE27 3ER,E63010266,52.343259,-0.075561,28600,UN1,St Ives (Huntingdonshire),16820.0,Small,1,3,4,0.0
PE27 3XS,E63010266,52.336107,-0.076987,23492,UN1,St Ives (Huntingdonshire),16820.0,Small,1,3,8,99.0
PE27 5AD,E63010266,52.323561,-0.072981,22863,UN1,St Ives (Huntingdonshire),16820.0,Small,3,3,6,210.0
PE27 5AH,E63010266,52.323272,-0.071791,22863,UN1,St Ives (Huntingdonshire),16820.0,Small,3,3,6,159.0
PE28 0HB,E63010359,52.297054,-0.389393,24949,RLN1,Kimbolton,1055.0,Minor,0,1,1,615.0
PE28 2LA,E63010249,52.352511,-0.180032,12104,UF1,Huntingdon,25600.0,Medium,0,2,2,842.0
PE28 2RW,E63010104,52.405084,-0.087162,15374,RLF1,Warboys,4320.0,Minor,1,1,1,500.0
PE28 3JB,E63010136,52.381927,-0.000014,31275,RLF1,Somersham (Huntingdonshire),3350.0,Minor,0,0,0,6101.0
PE28 4DU,E63010174,52.368692,-0.259129,25691,RLN1,Alconbury,1465.0,Minor,1,1,1,372.0
PE28 4TQ,E63010291,52.322937,-0.226089,24914,RLN1,Brampton (Huntingdonshire),6585.0,Small,0,0,2,1970.0
PE28 5SU,E63010066,52.440341,-0.284761,25403,RLN1,Sawtry,5875.0,Small,1,1,1,0.0
PE28 9JZ,E63010336,52.297726,-0.070084,22263,RLN1,Fenstanton,3015.0,Minor,0,0,0,2802.0
PE29 2HB,E63010313,52.319188,-0.175310,21784,UN1,Godmanchester,7715.0,Small,1,1,9,226.0
PE29 3AQ,E63010249,52.329621,-0.182498,18499,UF1,Huntingdon,25600.0,Medium,5,7,12,199.0
PE29 3EZ,E63010249,52.334250,-0.188253,18499,UF1,Huntingdon,25600.0,Medium,1,8,12,0.0
PE29 3FG,E63010249,52.331029,-0.181648,18499,UF1,Huntingdon,25600.0,Medium,5,7,12,186.0
PE29 3RL,E63010249,52.332287,-0.179835,13178,UF1,Huntingdon,25600.0,Medium,4,7,12,0.0
PE29 7HN,E63010249,52.345413,-0.175714,9508,UF1,Huntingdon,25600.0,Medium,1,2,10,0.0
PE3 6EX,E63009810,52.578345,-0.257644,10888,UN1,Peterborough,190605.0,Large,2,8,34,296.0
PE3 7JA,E63009810,52.590443,-0.269063,2494,UN1,Peterborough,190605.0,Large,1,6,18,108.0
PE3 8DA,E63009810,52.589963,-0.284908,4693,UN1,Peterborough,190605.0,Large,3,3,8,212.0
PE3 8DN,E63009810,52.590020,-0.283887,4693,UN1,Peterborough,190605.0,Large,3,3,11,144.0
PE3 8DT,E63009810,52.590450,-0.281877,4693,UN1,Peterborough,190605.0,Large,3,5,12,0.0
PE3 9RF,E63009810,52.579699,-0.274032,18056,UN1,Peterborough,190605.0,Large,0,1,16,824.0
PE30 1AY,E63009388,52.755519,0.394968,6768,UF1,King's Lynn,47615.0,Medium,2,3,10,131.0
PE30 1BL,E63009388,52.754372,0.395216,1137,UF1,King's Lynn,47615.0,Medium,2,3,10,183.0
PE30 2AB,E63009388,52.759605,0.400128,5354,UF1,King's Lynn,47615.0,Medium,1,3,10,489.0
PE30 3TE,E63009388,52.783367,0.436404,30752,UF1,King's Lynn,47615.0,Medium,0,1,3,780.0
PE30 3UG,E63009388,52.773747,0.448113,22873,UF1,King's Lynn,47615.0,Medium,0,0,3,1372.0
PE30 4DY,E63009388,52.757314,0.423463,13398,UF1,King's Lynn,47615.0,Medium,2,2,11,0.0
PE30 4EA,E63009388,52.757332,0.422160,13398,UF1,King's Lynn,47615.0,Medium,2,2,11,88.0
PE30 4LR,E63009388,52.739016,0.417737,13981,RSF1,King's Lynn,47615.0,Medium,1,1,5,1235.0
PE30 4SR,E63009388,52.752585,0.437917,6959,UF1,King's Lynn,47615.0,Medium,0,0,4,1106.0
PE30 4WP,E63009388,52.737150,0.414405,2920,UF1,King's Lynn,47615.0,Medium,1,1,5,1288.0
PE30 5BH,E63009388,52.742146,0.397746,10629,UF1,King's Lynn,47615.0,Medium,0,2,9,820.0
PE30 5QX,E63009388,52.747563,0.406015,13034,UF1,King's Lynn,47615.0,Medium,2,3,12,0.0
PE31 6HH,E63009246,52.845956,0.502683,13198,RLF1,Dersingham,4755.0,Minor,0,0,0,7152.0
PE31 7EY,E63009149,52.909271,0.488824,18702,RLF1,Heacham,3980.0,Minor,1,1,1,174.0
PE31 7LR,E63009201,52.879253,0.502221,12340,RLF1,Snettisham,2710.0,Minor,0,0,0,3488.0
PE33 0TU,E63009604,52.666819,0.391181,16826,RLF1,Watlington (King's Lynn and West Norfolk),2595.0,Minor,1,1,1,0.0
PE34 4PQ,E63009399,52.755260,0.293406,11077,RSF1,Terrington St Clement,2790.0,Minor,0,1,1,583.0
PE36 5AB,E63009113,52.939457,0.489618,9386,RLF1,Hunstanton,4230.0,Minor,1,1,1,3288.0
PE36 5DN,E63009113,52.939772,0.493074,16889,RLF1,Hunstanton,4230.0,Minor,1,1,1,3324.0
PE37 7LA,E63009650,52.648815,0.687090,5127,RLF1,Swaffham,8430.0,Small,3,5,5,234.0
PE37 7QH,E63009650,52.647585,0.687384,5127,RLF1,Swaffham,8430.0,Small,3,5,5,239.0
PE37 7XD,E63009650,52.654659,0.685540,6766,RLF1,Swaffham,8430.0,Small,1,4,5,97.0
PE38 9JE,E63009753,52.603944,0.374345,9472,UF1,Downham Market,11350.0,Small,3,4,4,0.0
PE38 9JZ,E63009753,52.602189,0.377115,9472,UF1,Downham Market,11350.0,Small,4,4,4,128.0
PE4 6HN,E63009810,52.607716,-0.263642,8532,UN1,Peterborough,190605.0,Large,0,1,9,1513.0
PE4 6NA,E63009810,52.621461,-0.272730,3847,UN1,Peterborough,190605.0,Large,1,2,4,1879.0
PE4 6NB,E63009810,52.620500,-0.272177,3847,UN1,Peterborough,190605.0,Large,1,2,4,1983.0
PE4 6QF,E63009810,52.614134,-0.270906,22471,UN1,Peterborough,190605.0,Large,0,3,3,2370.0
PE4 7DG,E63009810,52.607362,-0.242064,803,UN1,Peterborough,190605.0,Large,0,0,6,1259.0
PE5 7AU,E63009830,52.573515,-0.344076,19747,RSN1,Castor and Ailsworth,1465.0,Minor,0,1,1,716.0
PE6 0ED,E63009621,52.675245,-0.170307,16726,RLN1,Crowland,4620.0,Minor,0,1,1,576.0
PE6 0QB,E63009730,52.621126,-0.106674,15328,RLN1,Thorney,1655.0,Minor,1,1,1,232.0
PE6 7LR,E63009706,52.637807,-0.295777,28032,RSN1,Glinton,1745.0,Minor,0,1,1,526.0
PE6 7RG,E63009703,52.638511,-0.218869,26613,RLN1,Newborough (Peterborough),1465.0,Minor,0,0,0,4570.0
PE6 7UP,E63009763,52.609218,-0.188052,9218,RLN1,Eye (Peterborough),5415.0,Small,0,0,0,3172.0
PE6 8DD,E63009608,52.683745,-0.316182,27236,UN1,Market Deeping,6535.0,Small,1,2,2,0.0
PE6 8EA,E63009608,52.675536,-0.316749,26022,UN1,Market Deeping,6535.0,Small,0,2,3,914.0
PE6 8NT,E63009631,52.674884,-0.287590,27611,UN1,Deeping St James,7255.0,Small,0,0,1,2165.0
PE7 1AT,E63009870,52.558072,-0.127666,10031,UN1,Whittlesey,13830.0,Small,2,2,2,0.0
PE7 1BD,E63009870,52.556602,-0.129086,19843,UN1,Whittlesey,13830.0,Small,2,2,2,190.0
PE7 3BN,E63009905,52.541353,-0.229644,13872,UN1,Farcet,1595.0,Minor,0,0,4,1740.0
PE7 3JL,E63009940,52.516884,-0.251083,24924,RLN1,Yaxley (Huntingdonshire),9405.0,Small,1,1,1,0.0
PE7 3RP,E63009982,52.491552,-0.289516,27088,RLN1,Stilton,2365.0,Minor,0,0,0,3834.0
PE7 8BD,E63009810,52.540699,-0.263764,21162,UN1,Peterborough,190605.0,Large,3,4,7,185.0
PE7 8BE,E63009810,52.540248,-0.262440,21162,UN1,Peterborough,190605.0,Large,2,4,7,156.0
PE7 8NJ,E63009810,52.532792,-0.275782,17953,UN1,Peterborough,190605.0,Large,0,0,7,1077.0
PE8 4BE,E63009999,52.480904,-0.466481,30322,RLN1,Oundle,6255.0,Small,1,2,2,653.0
PE8 4BQ,E63009999,52.480598,-0.467846,30141,RLN1,Oundle,6255.0,Small,1,2,2,632.0
PE8 6PL,E63009815,52.578855,-0.421699,23484,RSN1,Wansford,505.0,Minor,1,1,1,0.0
PE9 1YA,E63009672,52.656186,-0.467780,22622,UN1,Stamford,20750.0,Medium,2,5,5,0.0
PE9 2AW,E63009672,52.652192,-0.478756,22289,UN1,Stamford,20750.0,Medium,2,5,5,763.0
PE9 2AY,E63009672,52.652806,-0.477582,22289,UN1,Stamford,20750.0,Medium,2,5,5,662.0
PE9 2DP,E63009672,52.650911,-0.478416,22289,UN1,Stamford,20750.0,Medium,2,5,5,821.0
PL1 1EA,E63014082,50.372508,-4.137794,3793,UN1,Plymouth,266955.0,Major,4,9,26,253.0
PL1 1LP,E63014082,50.372564,-4.141088,1229,UN1,Plymouth,266955.0,Major,4,10,28,487.0
PL1 1RR,E63014082,50.371653,-4.143691,1229,UN1,Plymouth,266955.0,Major,5,12,28,319.0
PL1 3BW,E63014082,50.365600,-4.150997,5320,UN1,Plymouth,266955.0,Major,1,7,19,156.0
PL1 4AE,E63014082,50.373769,-4.178905,2657,UN1,Plymouth,266955.0,Major,0,2,15,888.0
PL1 4JZ,E63014082,50.369991,-4.167875,2529,UN1,Plymouth,266955.0,Major,1,5,20,0.0
PL1 5AQ,E63014082,50.375681,-4.146699,1229,UN1,Plymouth,266955.0,Major,3,10,32,50.0
PL1 5JA,E63014082,50.371527,-4.153417,163,UN1,Plymouth,266955.0,Major,3,10,28,201.0
PL1 5JE,E63014082,50.372011,-4.149642,1229,UN1,Plymouth,266955.0,Major,5,10,30,262.0
PL10 1AX,E63014107,50.348104,-4.216653,11299,RLF1,Millbrook,2295.0,Minor,0,0,0,2898.0
PL11 2AD,E63014085,50.375541,-4.195147,5989,RLN1,Torpoint,7160.0,Small,0,0,5,1567.0
PL11 2TB,E63014085,50.375776,-4.224905,20514,RLN1,Torpoint,7160.0,Small,2,2,2,0.0
PL12 6AF,E63014065,50.408467,-4.210983,10687,UN1,Saltash,15435.0,Small,3,4,8,254.0
PL12 6EB,E63014065,50.411483,-4.228268,19691,UN1,Saltash,15435.0,Small,0,1,5,556.0
PL12 6JR,E63014065,50.409077,-4.214347,10687,UN1,Saltash,15435.0,Small,4,4,7,196.0
PL12 6JW,E63014065,50.408927,-4.212806,10687,UN1,Saltash,15435.0,Small,3,4,7,200.0
PL13 1DS,E63014095,50.355669,-4.454765,12250,RLF1,Looe,5310.0,Small,2,2,2,132.0
PL13 1DT,E63014095,50.355164,-4.454416,12250,RLF1,Looe,5310.0,Small,2,2,2,193.0
PL13 2RG,E63014113,50.332092,-4.521187,10232,RSF1,Polperro,575.0,Minor,0,0,0,5420.0
PL14 3XA,E63014041,50.460716,-4.451958,10563,UN1,Liskeard,10900.0,Small,2,2,5,0.0
PL14 4AA,E63014041,50.453735,-4.466489,4080,UN1,Liskeard,10900.0,Small,2,2,5,34.0
PL14 4BG,E63014041,50.453537,-4.464380,4080,UN1,Liskeard,10900.0,Small,2,2,5,117.0
PL15 8AA,E63013929,50.636584,-4.360344,11253,UF1,Launceston,8425.0,Small,2,4,4,0.0
PL15 8AE,E63013929,50.636795,-4.361033,11253,UF1,Launceston,8425.0,Small,2,3,4,54.0
PL15 9HG,E63013929,50.629859,-4.352229,15523,UF1,Launceston,8425.0,Small,0,4,4,603.0
PL17 7AE,E63014013,50.502944,-4.315581,5443,RLN1,Callington,4665.0,Minor,1,1,1,325.0
PL18 9JZ,E63014006,50.524685,-4.214775,10851,RLF1,Gunnislake and St Ann's Chapel,3505.0,Minor,0,0,0,4955.0
PL19 0BA,E63013989,50.550532,-4.144284,15326,UN1,Tavistock,12670.0,Small,0,5,6,537.0
PL19 8BU,E63013989,50.546967,-4.150306,14800,UN1,Tavistock,12670.0,Small,4,5,6,0.0
PL19 9DS,E63013989,50.537313,-4.145633,20748,UN1,Tavistock,12670.0,Small,0,2,6,948.0
PL19 9FD,E63013989,50.545832,-4.146047,18699,UN1,Tavistock,12670.0,Small,3,6,6,0.0
PL2 1JR,E63014082,50.383908,-4.177358,6928,UN1,Plymouth,266955.0,Major,1,5,14,0.0
PL2 2BD,E63014082,50.389327,-4.179998,15850,UN1,Plymouth,266955.0,Major,1,3,15,369.0
PL2 2NH,E63014082,50.396051,-4.162380,15722,UN1,Plymouth,266955.0,Major,0,3,17,603.0
PL2 3AA,E63014082,50.385884,-4.158203,16869,UN1,Plymouth,266955.0,Major,2,5,28,301.0
PL2 3BL,E63014082,50.387154,-4.163888,6381,UN1,Plymouth,266955.0,Major,3,6,22,228.0
PL2 3PG,E63014082,50.394159,-4.146070,19019,UN1,Plymouth,266955.0,Major,1,1,18,146.0
PL20 6DT,E63014027,50.491494,-4.085367,18080,RLN1,Yelverton,1855.0,Minor,1,1,1,179.0
PL20 7AA,E63014033,50.480045,-4.189583,9941,RLN1,Bere Alston,2260.0,Minor,0,0,0,7058.0
PL21 0AL,E63014078,50.391546,-3.920433,18434,UN1,Ivybridge,12490.0,Small,3,3,3,0.0
PL21 0PS,E63014112,50.349082,-3.886459,26777,RLN1,Modbury,1690.0,Minor,1,1,1,143.0
PL21 0SZ,E63014078,50.389616,-3.919103,18434,UN1,Ivybridge,12490.0,Small,3,3,3,234.0
PL21 9AB,E63014078,50.388917,-3.921691,18434,UN1,Ivybridge,12490.0,Small,3,3,3,306.0
PL22 0BW,E63014062,50.407070,-4.670082,24785,RLF1,Lostwithiel,3070.0,Minor,1,1,1,123.0
PL23 1AQ,E63014111,50.335879,-4.634325,19568,RLF1,Fowey,2030.0,Minor,1,1,1,239.0
PL24 2AQ,E63014092,50.352737,-4.700535,16897,RLF1,Tywardreath,2585.0,Minor,0,3,3,991.0
PL24 2JG,E63014097,50.357006,-4.712673,12836,RLF1,St Blazey,6575.0,Small,2,3,3,77.0
PL24 2JL,E63014097,50.356426,-4.713258,12836,RLF1,St Blazey,6575.0,Small,2,3,3,0.0
PL25 3EF,E63014099,50.344281,-4.760288,11302,UF1,St Austell,24360.0,Medium,1,1,5,0.0
PL25 4DS,E63014099,50.348400,-4.781080,21374,UF1,St Austell,24360.0,Medium,0,1,7,1328.0
PL25 4PR,E63014099,50.335733,-4.773622,14570,UF1,St Austell,24360.0,Medium,0,2,8,805.0
PL25 4RD,E63014099,50.341164,-4.779730,9957,UF1,St Austell,24360.0,Medium,0,3,8,1120.0
PL25 5EP,E63014099,50.338260,-4.793938,4259,UF1,St Austell,24360.0,Medium,2,2,6,303.0
PL25 5PE,E63014099,50.337923,-4.792612,1712,UF1,St Austell,24360.0,Medium,2,3,6,380.0
PL26 6UQ,E63014142,50.269808,-4.787458,10956,RLF1,Mevagissey,1875.0,Minor,1,1,1,126.0
PL26 7NW,E63014100,50.345264,-4.890839,8941,RLF1,St Stephen,2340.0,Minor,0,1,1,557.0
PL26 8AB,E63014069,50.383353,-4.883503,11121,RLF1,St Dennis,2365.0,Minor,0,0,0,4303.0
PL26 8EP,E63014057,50.405616,-4.833059,8372,RLF1,Roche,2310.0,Minor,1,1,1,401.0
PL26 8RA,E63014066,50.386811,-4.794948,6956,RSF1,Bugle,2430.0,Minor,0,0,0,3680.0
PL27 7AG,E63013998,50.516006,-4.836011,13666,RLF1,Wadebridge,5625.0,Small,2,2,2,135.0
PL27 7AT,E63013998,50.514931,-4.835453,13666,RLF1,Wadebridge,5625.0,Small,2,2,2,26.0
PL28 8AL,E63013982,50.541271,-4.939075,11350,RLF1,Padstow,2350.0,Minor,0,0,0,7873.0
PL3 4DH,E63014082,50.381306,-4.165436,4746,UN1,Plymouth,266955.0,Major,1,6,24,276.0
PL3 4JN,E63014082,50.385556,-4.137987,19897,UN1,Plymouth,266955.0,Major,3,5,27,0.0
PL3 5HE,E63014082,50.389258,-4.129867,25554,UN1,Plymouth,266955.0,Major,0,6,18,708.0
PL3 5JU,E63014082,50.392190,-4.119488,22499,UN1,Plymouth,266955.0,Major,0,2,14,1378.0
PL3 6AQ,E63014082,50.384347,-4.102117,9261,UN1,Plymouth,266955.0,Major,0,1,6,1006.0
PL3 6JG,E63014082,50.388554,-4.110210,2491,UN1,Plymouth,266955.0,Major,0,2,12,1146.0
PL3 6RL,E63014082,50.389312,-4.087170,3640,UN1,Plymouth,266955.0,Major,0,0,2,2185.0
PL31 1ES,E63014035,50.462675,-4.710683,17744,UF1,Bodmin,16910.0,Small,0,0,6,1224.0
PL31 2AR,E63014035,50.476009,-4.703186,8641,UF1,Bodmin,16910.0,Small,1,1,6,1279.0
PL31 2HL,E63014035,50.471068,-4.721072,2579,UF1,Bodmin,16910.0,Small,3,3,8,118.0
PL31 2JL,E63014035,50.471646,-4.720189,2579,UF1,Bodmin,16910.0,Small,3,3,8,31.0
PL31 2LL,E63014035,50.472059,-4.720198,2579,UF1,Bodmin,16910.0,Small,3,3,8,18.0
PL31 2RN,E63014035,50.473629,-4.705728,8641,UF1,Bodmin,16910.0,Small,1,1,6,1033.0
PL32 9PD,E63013933,50.622500,-4.679115,13005,RLF1,Camelford,2980.0,Minor,2,2,2,128.0
PL34 0DA,E63013894,50.663465,-4.751173,10473,RSF1,Tintagel,760.0,Minor,0,0,0,4766.0
PL4 0AY,E63014082,50.369026,-4.123618,4502,UN1,Plymouth,266955.0,Major,1,6,22,68.0
PL4 0SJ,E63014082,50.363179,-4.113781,4502,UN1,Plymouth,266955.0,Major,0,4,14,886.0
PL4 6JH,E63014082,50.382433,-4.133683,7337,UN1,Plymouth,266955.0,Major,4,5,26,102.0
PL4 8SY,E63014082,50.375849,-4.122825,10951,UN1,Plymouth,266955.0,Major,0,8,25,528.0
PL4 9AA,E63014082,50.372276,-4.134240,3793,UN1,Plymouth,266955.0,Major,4,11,25,0.0
PL5 1PL,E63014082,50.404933,-4.188582,8265,UN1,Plymouth,266955.0,Major,2,3,10,0.0
PL5 1TE,E63014082,50.401910,-4.185740,2943,UN1,Plymouth,266955.0,Major,2,3,8,392.0
PL5 2TQ,E63014082,50.418729,-4.179096,4257,UN1,Plymouth,266955.0,Major,0,0,6,1622.0
PL5 2UE,E63014082,50.407893,-4.181850,1379,UN1,Plymouth,266955.0,Major,0,3,8,580.0
PL5 3JB,E63014082,50.408617,-4.134127,11846,UN1,Plymouth,266955.0,Major,2,3,13,0.0
PL5 3PY,E63014082,50.411243,-4.159455,1955,UN1,Plymouth,266955.0,Major,1,3,10,0.0
PL5 3TW,E63014082,50.410392,-4.151519,9252,UN1,Plymouth,266955.0,Major,0,4,10,570.0
PL5 4DE,E63014082,50.418226,-4.149552,2190,UN1,Plymouth,266955.0,Major,1,2,9,104.0
PL6 5AD,E63014082,50.407721,-4.132933,11846,UN1,Plymouth,266955.0,Major,2,4,14,131.0
PL6 6QR,E63014082,50.429530,-4.126196,7839,UN1,Plymouth,266955.0,Major,1,4,8,82.0
PL6 6SW,E63014082,50.426983,-4.135600,6557,UN1,Plymouth,266955.0,Major,1,3,9,182.0
PL6 7PY,E63014082,50.418967,-4.089669,23700,UN1,Plymouth,266955.0,Major,0,0,4,1261.0
PL6 7RF,E63014082,50.435372,-4.109629,23700,UN1,Plymouth,266955.0,Major,0,1,4,962.0
PL6 8TB,E63014082,50.409486,-4.097190,8646,UN1,Plymouth,266955.0,Major,2,2,7,151.0
PL6 8UD,E63014082,50.409557,-4.096279,8646,UN1,Plymouth,266955.0,Major,2,2,7,134.0
PL7 1AD,E63014082,50.386213,-4.052595,25119,UN1,Plymouth,266955.0,Major,4,6,6,0.0
PL7 2AW,E63014082,50.388033,-4.052913,17366,UN1,Plymouth,266955.0,Major,5,6,6,123.0
PL7 2DE,E63014082,50.391787,-4.049122,26098,UN1,Plymouth,266955.0,Major,3,6,6,469.0
PL7 2ZN,E63014082,50.387493,-4.051905,7444,UN1,Plymouth,266955.0,Major,4,6,6,151.0
PL7 4DR,E63014082,50.392365,-4.048992,26098,UN1,Plymouth,266955.0,Major,1,6,6,521.0
PL8 1AB,E63014131,50.313856,-4.039702,28219,RLN1,Newton Ferrers,950.0,Minor,0,0,0,2499.0
PL9 7AU,E63014082,50.359866,-4.091545,22279,UN1,Plymouth,266955.0,Major,3,5,7,292.0
PL9 7BH,E63014082,50.365374,-4.100337,11559,UN1,Plymouth,266955.0,Major,0,4,12,799.0
PL9 8EN,E63014082,50.358997,-4.065721,17923,UN1,Plymouth,266955.0,Major,0,0,3,1460.0
PL9 9AX,E63014082,50.357611,-4.086904,24541,UN1,Plymouth,266955.0,Major,2,4,6,109.0
PL9 9DH,E63014082,50.359432,-4.095167,22279,UN1,Plymouth,266955.0,Major,2,5,7,58.0
PO1 1HB,E63013748,50.801065,-1.088776,192,UN1,Portsmouth,223305.0,Major,2,13,33,75.0
PO1 1SL,E63013748,50.798578,-1.077855,863,UN1,Portsmouth,223305.0,Major,2,11,40,293.0
PO1 2RY,E63013748,50.796312,-1.092813,3086,UN1,Portsmouth,223305.0,Major,2,12,28,0.0
PO1 3GB,E63013748,50.799968,-1.103839,10923,UN1,Portsmouth,223305.0,Major,5,8,23,381.0
PO1 3HN,E63013748,50.799626,-1.100284,12150,UN1,Portsmouth,223305.0,Major,3,10,27,130.0
PO1 3TZ,E63013748,50.796060,-1.105588,26769,UN1,Portsmouth,223305.0,Major,2,8,22,490.0
PO1 5BZ,E63013748,50.798695,-1.076703,6807,UN1,Portsmouth,223305.0,Major,2,10,40,358.0
PO1 5RX,E63013748,50.807136,-1.077360,2229,UN1,Portsmouth,223305.0,Major,2,7,32,267.0
PO10 7AN,E63013673,50.845830,-0.935520,24821,UN1,Emsworth,11505.0,Small,2,2,3,314.0
PO10 7DU,E63013673,50.847268,-0.937419,24821,UN1,Emsworth,11505.0,Small,2,2,3,125.0
PO10 8JG,E63013668,50.845035,-0.906874,19983,UN1,Southbourne,4155.0,Minor,1,1,1,258.0
PO10 8UJ,E63013646,50.860903,-0.926765,22097,UN1,Westbourne,1940.0,Minor,0,0,3,1579.0
PO11 0EG,E63013772,50.791353,-0.989479,21021,UN1,South Hayling,15305.0,Small,0,2,4,932.0
PO11 9BH,E63013772,50.787467,-0.975915,18433,UN1,South Hayling,15305.0,Small,3,3,4,260.0
PO11 9BS,E63013772,50.787494,-0.974921,18433,UN1,South Hayling,15305.0,Small,3,3,4,277.0
PO11 9EF,E63013772,50.788960,-0.976904,21149,UN1,South Hayling,15305.0,Small,3,4,4,97.0
PO12 1AE,E63013756,50.798073,-1.123117,3843,UN1,Gosport,70110.0,Medium,2,4,15,935.0
PO12 1DU,E63013756,50.795104,-1.121768,4950,UN1,Gosport,70110.0,Medium,2,4,15,960.0
PO12 1NQ,E63013756,50.795275,-1.126546,4950,UN1,Gosport,70110.0,Medium,3,4,14,1254.0
PO12 1SE,E63013756,50.792136,-1.137359,14360,UN1,Gosport,70110.0,Medium,0,4,12,760.0
PO12 1SH,E63013756,50.791960,-1.129446,3134,UN1,Gosport,70110.0,Medium,1,4,12,1104.0
PO12 3AX,E63013756,50.808243,-1.153370,17564,UN1,Gosport,70110.0,Medium,0,2,10,804.0
PO12 3JP,E63013756,50.800568,-1.143022,4730,UN1,Gosport,70110.0,Medium,1,3,13,0.0
PO12 3PR,E63013756,50.792449,-1.148037,27051,UN1,Gosport,70110.0,Medium,1,5,14,67.0
PO12 3SS,E63013756,50.793766,-1.159847,29583,UN1,Gosport,70110.0,Medium,0,3,9,832.0
PO13 0EW,E63013756,50.812764,-1.159293,7748,UN1,Gosport,70110.0,Medium,0,1,8,1058.0
PO13 0HY,E63013756,50.826969,-1.175096,6605,UN1,Gosport,70110.0,Medium,1,1,6,114.0
PO13 8ZW,E63013756,50.802634,-1.167450,4313,UN1,Gosport,70110.0,Medium,0,1,10,533.0
PO13 9BU,E63013724,50.801056,-1.201578,27831,UN1,Lee-on-the-Solent,24315.0,Medium,2,2,3,186.0
PO13 9DD,E63013724,50.802428,-1.202307,27831,UN1,Lee-on-the-Solent,24315.0,Medium,2,3,3,47.0
PO13 9FX,E63013724,50.810143,-1.203609,25077,UN1,Lee-on-the-Solent,24315.0,Medium,0,2,5,835.0
PO13 9SP,E63013756,50.812827,-1.174352,15653,UN1,Gosport,70110.0,Medium,1,1,7,0.0
PO14 1LN,E63013675,50.845660,-1.201513,9481,UN1,Fareham,42625.0,Medium,0,0,9,1153.0
PO14 1TT,E63013675,50.835080,-1.182664,27810,UN1,Fareham,42625.0,Medium,0,2,5,807.0
PO14 2JQ,E63013724,50.825335,-1.214681,32533,UN1,Lee-on-the-Solent,24315.0,Medium,1,1,3,63.0
PO14 4RU,E63013644,50.849565,-1.234218,28272,UN1,Locks Heath,35755.0,Medium,0,0,0,2080.0
PO15 6HZ,E63013675,50.859882,-1.208729,15329,UN1,Fareham,42625.0,Medium,2,2,3,70.0
PO15 7LB,E63013609,50.882620,-1.266072,31088,UN1,Whiteley,9350.0,Small,0,0,7,1143.0
PO15 7PD,E63013609,50.885418,-1.246567,27979,UN1,Whiteley,9350.0,Small,1,2,4,0.0
PO16 0NA,E63013675,50.851484,-1.176467,11983,UN1,Fareham,42625.0,Medium,3,4,6,254.0
PO16 0PE,E63013675,50.853213,-1.178028,11983,UN1,Fareham,42625.0,Medium,3,4,5,134.0
PO16 0PG,E63013675,50.853425,-1.177456,11983,UN1,Fareham,42625.0,Medium,3,4,5,88.0
PO16 8SU,E63013675,50.858359,-1.173234,25387,UN1,Fareham,42625.0,Medium,0,4,4,555.0
PO16 9AE,E63013748,50.843874,-1.133947,29229,UN1,Portsmouth,223305.0,Major,1,3,3,116.0
PO16 9UW,E63013748,50.846069,-1.125668,19486,UN1,Portsmouth,223305.0,Major,1,3,4,95.0
PO17 5DY,E63013615,50.882402,-1.207509,17535,UN1,Knowle,1485.0,Minor,0,0,0,2198.0
PO17 5JQ,E63013578,50.899502,-1.187381,17535,RLN1,Wickham,2170.0,Minor,0,1,1,570.0
PO19 1JL,E63013680,50.835963,-0.774002,18367,UN1,Chichester,31710.0,Medium,3,6,14,454.0
PO19 1LB,E63013680,50.837347,-0.779022,18367,UN1,Chichester,31710.0,Medium,3,7,13,300.0
PO19 1LE,E63013680,50.837115,-0.779241,18367,UN1,Chichester,31710.0,Medium,3,7,13,282.0
PO19 3JT,E63013683,50.834537,-0.800354,22724,UN1,Fishbourne (Chichester),3370.0,Minor,0,0,8,1026.0
PO19 3LA,E63013680,50.842183,-0.790017,10935,UN1,Chichester,31710.0,Medium,1,4,11,403.0
PO19 5RH,E63013680,50.853376,-0.781032,32698,UN1,Chichester,31710.0,Medium,1,1,9,0.0
PO19 7YR,E63013680,50.843713,-0.756768,8013,UN1,Chichester,31710.0,Medium,1,3,7,287.0
PO2 0AU,E63013748,50.813877,-1.067845,13482,UN1,Portsmouth,223305.0,Major,2,10,22,244.0
PO2 0BN,E63013748,50.816607,-1.079842,6970,UN1,Portsmouth,223305.0,Major,4,6,18,177.0
PO2 0LH,E63013748,50.813451,-1.079933,6970,UN1,Portsmouth,223305.0,Major,4,9,25,96.0
PO2 7AT,E63013748,50.807647,-1.081764,2229,UN1,Portsmouth,223305.0,Major,2,8,33,396.0
PO2 8AL,E63013748,50.812865,-1.080938,2569,UN1,Portsmouth,223305.0,Major,4,8,27,0.0
PO2 9JN,E63013748,50.821902,-1.075138,10451,UN1,Portsmouth,223305.0,Major,0,4,18,836.0
PO20 0QB,E63013844,50.731924,-0.792306,18805,UF1,Selsey,10735.0,Small,2,2,2,153.0
PO20 0QL,E63013844,50.733012,-0.791413,18805,UF1,Selsey,10735.0,Small,2,2,2,37.0
PO20 1QH,E63013720,50.823620,-0.750658,19064,UN1,Runcton,470.0,Minor,1,1,2,2045.0
PO20 2GW,E63013680,50.840598,-0.750559,19064,UN1,Chichester,31710.0,Medium,0,2,6,698.0
PO20 3RP,E63013687,50.841366,-0.657748,24046,UN1,Barnham (Arun),10145.0,Small,1,1,2,0.0
PO20 6QH,E63013720,50.823850,-0.751092,19064,UN1,Runcton,470.0,Minor,1,1,2,2006.0
PO20 8BH,E63013807,50.769995,-0.874473,16098,RLF1,East Wittering,6060.0,Small,3,3,3,0.0
PO20 8BJ,E63013807,50.769592,-0.873660,16098,RLF1,East Wittering,6060.0,Small,3,3,3,73.0
PO20 8EA,E63013807,50.769266,-0.874405,16098,RLF1,East Wittering,6060.0,Small,3,3,3,81.0
PO21 1PN,E63013769,50.785421,-0.674373,6306,UN1,Bognor Regis,68435.0,Medium,4,5,15,283.0
PO21 1PQ,E63013769,50.784501,-0.673378,6306,UN1,Bognor Regis,68435.0,Medium,4,5,13,287.0
PO21 1PY,E63013769,50.784355,-0.673949,2809,UN1,Bognor Regis,68435.0,Medium,4,4,15,244.0
PO21 1QN,E63013769,50.784102,-0.675446,2809,UN1,Bognor Regis,68435.0,Medium,4,4,15,136.0
PO21 2UW,E63013769,50.786723,-0.693347,11148,UN1,Bognor Regis,68435.0,Medium,1,3,15,0.0
PO21 3EU,E63013769,50.785831,-0.715858,16648,UN1,Bognor Regis,68435.0,Medium,1,1,5,482.0
PO21 4TW,E63013799,50.770267,-0.738521,18353,UF1,Pagham,1290.0,Minor,0,0,1,1918.0
PO21 5AJ,E63013769,50.797014,-0.691145,14642,UN1,Bognor Regis,68435.0,Medium,0,2,14,668.0
PO21 5SB,E63013769,50.788289,-0.701461,20579,UN1,Bognor Regis,68435.0,Medium,1,3,13,0.0
PO22 0ER,E63013687,50.831600,-0.641484,25079,UN1,Barnham (Arun),10145.0,Small,0,0,2,1576.0
PO22 6DH,E63013769,50.794845,-0.629184,24863,UN1,Bognor Regis,68435.0,Medium,1,2,3,0.0
PO22 6DZ,E63013769,50.795105,-0.617697,20874,UN1,Bognor Regis,68435.0,Medium,0,2,2,808.0
PO22 7PP,E63013769,50.791728,-0.651891,18796,UN1,Bognor Regis,68435.0,Medium,0,0,10,1633.0
PO22 9FB,E63013769,50.797509,-0.665802,17460,UN1,Bognor Regis,68435.0,Medium,1,2,11,817.0
PO22 9ND,E63013769,50.796900,-0.669991,10093,UN1,Bognor Regis,68435.0,Medium,1,4,13,547.0
PO22 9TD,E63013769,50.798069,-0.681792,18091,UN1,Bognor Regis,68435.0,Medium,1,4,14,0.0
PO3 5BS,E63013748,50.814788,-1.064831,13482,UN1,Portsmouth,223305.0,Major,2,6,20,240.0
PO3 5EL,E63013748,50.821055,-1.064777,21243,UN1,Portsmouth,223305.0,Major,0,4,16,937.0
PO3 5NU,E63013748,50.822294,-1.050044,17463,UN1,Portsmouth,223305.0,Major,1,1,9,1502.0
PO3 5UH,E63013748,50.825907,-1.050808,26362,UN1,Portsmouth,223305.0,Major,1,1,7,1781.0
PO3 6AN,E63013748,50.807515,-1.062919,14960,UN1,Portsmouth,223305.0,Major,2,6,27,333.0
PO3 6HU,E63013748,50.808315,-1.058347,14960,UN1,Portsmouth,223305.0,Major,2,6,21,0.0
PO30 1BH,E63013886,50.699070,-1.298395,6991,UF1,Newport (Isle of Wight),25405.0,Medium,4,5,10,158.0
PO30 1NR,E63013886,50.691597,-1.312083,19902,UF1,Newport (Isle of Wight),25405.0,Medium,1,2,7,0.0
PO30 1TP,E63013886,50.700226,-1.294823,6991,UF1,Newport (Isle of Wight),25405.0,Medium,4,5,10,125.0
PO30 1XB,E63013886,50.699330,-1.293846,6991,UF1,Newport (Isle of Wight),25405.0,Medium,3,5,10,185.0
PO30 5ZB,E63013886,50.701644,-1.300296,7732,UF1,Newport (Isle of Wight),25405.0,Medium,3,5,10,348.0
PO31 7ER,E63013813,50.751439,-1.302105,13475,UF1,Cowes,14365.0,Small,1,1,5,0.0
PO31 7SA,E63013813,50.761359,-1.297804,16831,UF1,Cowes,14365.0,Small,0,3,5,926.0
PO32 6RP,E63013823,50.757449,-1.286180,16430,RLF1,East Cowes,8430.0,Small,2,3,5,0.0
PO32 6SP,E63013823,50.758200,-1.288423,16430,RLF1,East Cowes,8430.0,Small,2,3,5,179.0
PO33 1LP,E63013863,50.726962,-1.151677,8214,UF1,Ryde,24105.0,Medium,1,6,9,0.0
PO33 1QS,E63013863,50.710613,-1.140713,20794,UF1,Ryde,24105.0,Medium,0,0,2,1975.0
PO33 2DZ,E63013863,50.731975,-1.158487,3071,UF1,Ryde,24105.0,Medium,4,7,8,15.0
PO33 2HW,E63013863,50.728816,-1.163192,3071,UF1,Ryde,24105.0,Medium,5,8,8,81.0
PO33 2LE,E63013863,50.730204,-1.162288,3071,UF1,Ryde,24105.0,Medium,5,8,8,93.0
PO33 4LU,E63013862,50.724956,-1.232073,16334,RLF1,Wootton (Isle of Wight),3105.0,Minor,1,1,1,110.0
PO34 5BL,E63013869,50.719153,-1.109122,20794,UF1,Seaview and Nettlestone,2050.0,Minor,1,1,1,0.0
PO35 5SD,E63013897,50.690741,-1.088835,28167,RLF1,Bembridge,3560.0,Minor,0,0,1,1688.0
PO36 8DA,E63013934,50.653966,-1.155398,9058,UF1,Sandown,11655.0,Small,0,3,4,614.0
PO36 9ET,E63013934,50.651044,-1.161844,9058,UF1,Sandown,11655.0,Small,2,4,4,63.0
PO36 9GA,E63013934,50.650525,-1.162207,9058,UF1,Sandown,11655.0,Small,3,4,4,0.0
PO36 9JL,E63013934,50.649041,-1.168386,6719,UF1,Sandown,11655.0,Small,2,3,4,466.0
PO37 6LA,E63013948,50.629634,-1.178541,6600,UF1,Shanklin,9120.0,Small,2,2,2,61.0
PO37 7AE,E63013948,50.631647,-1.178280,6506,UF1,Shanklin,9120.0,Small,2,2,2,274.0
PO38 1EZ,E63013970,50.594548,-1.203791,3423,RLF1,Ventnor,5565.0,Small,2,2,2,0.0
PO38 1RY,E63013970,50.595020,-1.205719,3423,RLF1,Ventnor,5565.0,Small,2,2,2,146.0
PO38 2AZ,E63013979,50.587238,-1.284307,8432,RLF1,Niton,1200.0,Minor,0,0,0,5742.0
PO4 0DG,E63013748,50.791693,-1.076018,16075,UN1,Portsmouth,223305.0,Major,1,10,30,624.0
PO4 0DW,E63013748,50.791857,-1.076299,16075,UN1,Portsmouth,223305.0,Major,1,10,30,598.0
PO4 0JW,E63013748,50.786768,-1.075307,15545,UN1,Portsmouth,223305.0,Major,3,6,23,438.0
PO4 8DZ,E63013748,50.790160,-1.055321,13362,UN1,Portsmouth,223305.0,Major,1,2,13,1219.0
PO4 8EA,E63013748,50.791051,-1.055345,13362,UN1,Portsmouth,223305.0,Major,1,2,17,1129.0
PO4 8TA,E63013748,50.798248,-1.065729,7772,UN1,Portsmouth,223305.0,Major,1,3,32,316.0
PO4 9BZ,E63013748,50.786497,-1.070560,15545,UN1,Portsmouth,223305.0,Major,1,6,21,634.0
PO4 9NQ,E63013748,50.786542,-1.060501,12900,UN1,Portsmouth,223305.0,Major,0,3,15,1280.0
PO40 9DS,E63013904,50.682162,-1.524085,11598,RLF1,Freshwater and Totland,7520.0,Small,2,2,2,78.0
PO40 9UT,E63013904,50.683515,-1.527313,11598,RLF1,Freshwater and Totland,7520.0,Small,2,2,2,311.0
PO41 0PB,E63013884,50.706171,-1.499979,18533,RLF1,Yarmouth,470.0,Minor,0,0,0,3237.0
PO5 1JG,E63013748,50.790148,-1.088761,11191,UN1,Portsmouth,223305.0,Major,1,11,26,597.0
PO5 2SE,E63013748,50.788007,-1.081808,13230,UN1,Portsmouth,223305.0,Major,2,11,28,601.0
PO5 3LT,E63013748,50.784971,-1.091529,12324,UN1,Portsmouth,223305.0,Major,2,5,23,77.0
PO5 3QQ,E63013748,50.785959,-1.087892,12048,UN1,Portsmouth,223305.0,Major,4,6,24,330.0
PO5 4PT,E63013748,50.795138,-1.082988,336,UN1,Portsmouth,223305.0,Major,1,12,34,235.0
PO6 1PA,E63013748,50.846475,-1.046571,25504,UN1,Portsmouth,223305.0,Major,1,2,7,0.0
PO6 1RR,E63013748,50.840471,-1.039152,24651,UN1,Portsmouth,223305.0,Major,0,2,6,847.0
PO6 3AG,E63013748,50.844307,-1.067508,5673,UN1,Portsmouth,223305.0,Major,3,4,6,158.0
PO6 3BG,E63013748,50.843075,-1.066397,5673,UN1,Portsmouth,223305.0,Major,3,4,7,0.0
PO6 3BT,E63013748,50.845476,-1.066391,5673,UN1,Portsmouth,223305.0,Major,3,4,7,267.0
PO6 4HG,E63013748,50.849704,-1.095228,1114,UN1,Portsmouth,223305.0,Major,1,1,2,1778.0
PO6 4SR,E63013748,50.845808,-1.097321,3340,UN1,Portsmouth,223305.0,Major,1,1,3,1987.0
PO7 5LJ,E63013621,50.866732,-1.044962,23083,UN1,Waterlooville,34775.0,Medium,0,0,6,1457.0
PO7 5XP,E63013621,50.862702,-1.027426,23892,UN1,Waterlooville,34775.0,Medium,0,1,9,1809.0
PO7 6NU,E63013571,50.904036,-1.065049,24551,RLN1,Denmead,6505.0,Small,1,1,1,165.0
PO7 7DS,E63013621,50.879390,-1.031456,13422,UN1,Waterlooville,34775.0,Medium,3,4,12,282.0
PO7 7EX,E63013621,50.878189,-1.034039,13422,UN1,Waterlooville,34775.0,Medium,3,3,8,71.0
PO7 7XR,E63013621,50.879715,-1.034874,13422,UN1,Waterlooville,34775.0,Medium,3,3,11,164.0
PO7 8NS,E63013621,50.874292,-1.019736,6044,UN1,Waterlooville,34775.0,Medium,0,1,10,1161.0
PO7 8SE,E63013569,50.887335,-1.007307,26692,UN1,Horndean,34050.0,Medium,0,0,8,1053.0
PO8 0BN,E63013569,50.914999,-0.996932,28863,UN1,Horndean,34050.0,Medium,1,2,2,0.0
PO8 0JU,E63013569,50.936465,-0.999103,30790,UN1,Horndean,34050.0,Medium,1,1,1,162.0
PO8 8DL,E63013569,50.893875,-1.018159,21851,UN1,Horndean,34050.0,Medium,3,3,10,0.0
PO8 8LH,E63013569,50.902725,-1.022595,21451,UN1,Horndean,34050.0,Medium,0,2,7,694.0
PO8 8RE,E63013621,50.892890,-1.032654,26896,UN1,Waterlooville,34775.0,Medium,1,1,11,129.0
PO8 8UJ,E63013569,50.894417,-1.018503,21851,UN1,Horndean,34050.0,Medium,3,4,10,65.0
PO8 9FB,E63013569,50.908382,-1.001383,28863,UN1,Horndean,34050.0,Medium,0,2,7,799.0
PO9 1DQ,E63013652,50.850222,-0.990566,8493,UN1,Havant,46960.0,Medium,2,7,13,0.0
PO9 1PF,E63013652,50.851614,-0.982111,8493,UN1,Havant,46960.0,Medium,4,8,13,295.0
PO9 1PG,E63013652,50.851872,-0.983754,8493,UN1,Havant,46960.0,Medium,4,8,13,414.0
PO9 1TR,E63013652,50.848813,-0.984672,8493,UN1,Havant,46960.0,Medium,4,6,11,442.0
PO9 2AZ,E63013652,50.851057,-0.978004,8493,UN1,Havant,46960.0,Medium,3,8,12,0.0
PO9 3EZ,E63013652,50.855350,-1.000272,17144,UN1,Havant,46960.0,Medium,0,3,15,841.0
PO9 3QW,E63013652,50.862939,-1.014973,16211,UN1,Havant,46960.0,Medium,0,1,5,1115.0
PO9 4AB,E63013652,50.865499,-0.999828,4038,UN1,Havant,46960.0,Medium,1,1,14,296.0
PO9 5AA,E63013652,50.866318,-0.984165,1513,UN1,Havant,46960.0,Medium,2,3,14,868.0
PO9 5AL,E63013652,50.867181,-0.984132,1513,UN1,Havant,46960.0,Medium,2,3,13,962.0
PO9 5AX,E63013652,50.870311,-0.986224,4361,UN1,Havant,46960.0,Medium,2,2,7,1224.0
PO9 6BN,E63013585,50.891320,-0.958796,29923,UN1,Rowlands Castle,2970.0,Minor,1,1,1,0.0
PR1 0AD,E63007975,53.750297,-2.728760,30291,UN1,Penwortham,20485.0,Medium,4,4,14,0.0
PR1 0DQ,E63007975,53.749889,-2.732225,30291,UN1,Penwortham,20485.0,Medium,4,4,11,232.0
PR1 0SR,E63007975,53.747433,-2.729589,30056,UN1,Penwortham,20485.0,Medium,4,4,10,0.0
PR1 1DD,E63007926,53.760482,-2.698159,5521,UN1,Preston (Preston),94490.0,Large,5,13,34,413.0
PR1 1LA,E63007926,53.769706,-2.705474,3359,UN1,Preston (Preston),94490.0,Large,4,9,35,39.0
PR1 1TS,E63007926,53.764283,-2.693717,835,UN1,Preston (Preston),94490.0,Large,2,19,35,423.0
PR1 2HE,E63007926,53.761354,-2.707381,11812,UN1,Preston (Preston),94490.0,Large,2,13,35,391.0
PR1 2NR,E63007926,53.758845,-2.701545,6350,UN1,Preston (Preston),94490.0,Large,7,14,31,137.0
PR1 3NN,E63007926,53.758072,-2.699894,5521,UN1,Preston (Preston),94490.0,Large,7,13,31,252.0
PR1 3QA,E63007926,53.758057,-2.699378,6350,UN1,Preston (Preston),94490.0,Large,7,13,31,285.0
PR1 3TS,E63007926,53.755057,-2.697493,6350,UN1,Preston (Preston),94490.0,Large,6,11,32,237.0
PR1 4NA,E63007926,53.755130,-2.686483,12499,UN1,Preston (Preston),94490.0,Large,1,8,27,491.0
PR1 4ST,E63007926,53.763694,-2.674138,1830,UN1,Preston (Preston),94490.0,Large,2,2,29,418.0
PR1 5AR,E63007926,53.764444,-2.690716,1798,UN1,Preston (Preston),94490.0,Large,2,14,33,342.0
PR1 5NE,E63007926,53.763937,-2.680483,1914,UN1,Preston (Preston),94490.0,Large,2,10,35,0.0
PR1 6AS,E63007926,53.771209,-2.702070,3359,UN1,Preston (Preston),94490.0,Large,3,9,33,318.0
PR1 6LL,E63007926,53.769879,-2.691276,7449,UN1,Preston (Preston),94490.0,Large,4,15,33,0.0
PR1 6PJ,E63007926,53.775687,-2.686318,3480,UN1,Preston (Preston),94490.0,Large,2,7,32,147.0
PR1 6QY,E63007926,53.773431,-2.678391,3480,UN1,Preston (Preston),94490.0,Large,0,7,28,563.0
PR1 6YA,E63007926,53.770309,-2.686837,6653,UN1,Preston (Preston),94490.0,Large,4,12,39,0.0
PR1 7EN,E63007926,53.769654,-2.711329,5723,UN1,Preston (Preston),94490.0,Large,3,7,36,358.0
PR1 8DN,E63007926,53.754455,-2.714363,5346,UN1,Preston (Preston),94490.0,Large,1,5,28,0.0
PR1 9BY,E63007975,53.736979,-2.719387,14097,UN1,Penwortham,20485.0,Medium,1,1,9,322.0
PR1 9QJ,E63007975,53.745465,-2.711693,16202,UN1,Penwortham,20485.0,Medium,0,0,20,1015.0
PR2 1HN,E63007926,53.767488,-2.739586,23252,UN1,Preston (Preston),94490.0,Large,3,7,9,303.0
PR2 1JR,E63007926,53.770196,-2.739042,23252,UN1,Preston (Preston),94490.0,Large,3,6,11,0.0
PR2 1NT,E63007926,53.766443,-2.754329,5167,UN1,Preston (Preston),94490.0,Large,0,1,7,1088.0
PR2 2LP,E63007926,53.771646,-2.728401,9075,UN1,Preston (Preston),94490.0,Large,1,6,16,186.0
PR2 2RL,E63007926,53.764879,-2.722171,4813,UN1,Preston (Preston),94490.0,Large,0,4,28,671.0
PR2 2YN,E63007926,53.762290,-2.734095,11513,UN1,Preston (Preston),94490.0,Large,0,6,17,838.0
PR2 5JQ,E63007881,53.803234,-2.634233,30782,UN1,Grimsargh,2595.0,Minor,0,0,0,2069.0
PR2 6NH,E63007926,53.770762,-2.657274,6386,UN1,Preston (Preston),94490.0,Large,1,4,15,0.0
PR2 6QN,E63007926,53.775056,-2.662531,6386,UN1,Preston (Preston),94490.0,Large,2,6,20,220.0
PR2 6RD,E63007926,53.776817,-2.661011,2682,UN1,Preston (Preston),94490.0,Large,2,6,18,0.0
PR2 6RE,E63007926,53.781121,-2.658074,7141,UN1,Preston (Preston),94490.0,Large,0,5,11,516.0
PR2 6UE,E63007926,53.782173,-2.666134,5812,UN1,Preston (Preston),94490.0,Large,0,5,17,684.0
PR2 7DS,E63007902,53.787373,-2.744854,6415,UN1,Fulwood,34690.0,Medium,0,0,3,1948.0
PR2 8JE,E63007902,53.777131,-2.712943,10727,UN1,Fulwood,34690.0,Medium,0,6,27,577.0
PR2 9HD,E63007902,53.792356,-2.705550,9338,UN1,Fulwood,34690.0,Medium,1,5,10,126.0
PR2 9NP,E63007926,53.791154,-2.684886,30266,UN1,Preston (Preston),94490.0,Large,1,3,13,287.0
PR2 9PS,E63007926,53.786689,-2.675039,30354,UN1,Preston (Preston),94490.0,Large,0,3,15,592.0
PR2 9UP,E63007902,53.792422,-2.714189,28493,UN1,Fulwood,34690.0,Medium,3,5,9,0.0
PR25 1HR,E63008046,53.689662,-2.709313,22405,UN1,Leyland,39295.0,Medium,1,6,12,0.0
PR25 1TB,E63008046,53.687587,-2.716592,11764,UN1,Leyland,39295.0,Medium,0,3,12,532.0
PR25 2EB,E63008046,53.689505,-2.694712,26146,UN1,Leyland,39295.0,Medium,2,9,12,0.0
PR25 2FN,E63008046,53.689418,-2.697224,14619,UN1,Leyland,39295.0,Medium,2,9,13,166.0
PR25 2SA,E63008046,53.695625,-2.693283,11637,UN1,Leyland,39295.0,Medium,4,7,12,186.0
PR25 2SD,E63008046,53.694736,-2.694753,10332,UN1,Leyland,39295.0,Medium,4,7,12,109.0
PR25 4YU,E63008046,53.703735,-2.680223,21650,UN1,Leyland,39295.0,Medium,0,0,10,1290.0
PR26 7SN,E63008046,53.692718,-2.733080,8498,UN1,Leyland,39295.0,Medium,1,1,5,482.0
PR26 9RL,E63008098,53.664981,-2.775657,27743,RLN1,Croston,2790.0,Minor,1,1,1,385.0
PR3 0ZA,E63007812,53.855187,-2.867908,18586,RLN1,Great Eccleston,2070.0,Minor,1,1,1,0.0
PR3 1EF,E63007756,53.901091,-2.775686,27880,RLN1,Garstang,5805.0,Small,0,2,2,644.0
PR3 1PB,E63007756,53.897295,-2.783103,21627,RLN1,Garstang,5805.0,Small,1,2,2,0.0
PR3 2AU,E63007857,53.822538,-2.667732,10662,RLN1,Goosnargh,1890.0,Minor,0,0,0,3497.0
PR3 3AN,E63007844,53.827845,-2.607684,22276,RLN1,Longridge (Ribble Valley),8740.0,Small,1,3,3,45.0
PR3 3JJ,E63007844,53.831528,-2.602723,15828,RLN1,Longridge (Ribble Valley),8740.0,Small,1,3,3,0.0
PR4 1RY,E63007946,53.751848,-2.872966,20378,RLN1,Freckleton,4475.0,Minor,0,0,0,2566.0
PR4 2AU,E63007918,53.781497,-2.878362,7218,UN1,Kirkham,8935.0,Small,2,6,6,52.0
PR4 2SD,E63007918,53.782905,-2.871531,13552,UN1,Kirkham,8935.0,Small,4,6,6,68.0
PR4 2SE,E63007918,53.783491,-2.871255,13552,UN1,Kirkham,8935.0,Small,2,6,6,0.0
PR4 3AD,E63007895,53.788036,-2.883932,13612,UN1,Wesham,4475.0,Minor,0,5,6,764.0
PR4 4AA,E63008024,53.726645,-2.748236,31964,UN1,Longton,10910.0,Small,1,1,2,409.0
PR4 5PB,E63008024,53.727149,-2.781954,30323,UN1,Longton,10910.0,Small,1,2,2,135.0
PR4 6SN,E63008085,53.698029,-2.838713,25232,RLN1,Tarleton and Hesketh Bank,8755.0,Small,0,0,0,2118.0
PR4 6TU,E63008085,53.680202,-2.831364,28471,RLN1,Tarleton and Hesketh Bank,8755.0,Small,1,1,1,148.0
PR5 0AD,E63007991,53.732495,-2.621130,24553,RLN1,Gregson Lane,2075.0,Minor,0,0,2,1866.0
PR5 4AW,E63008015,53.748826,-2.679117,17334,UN1,Bamber Bridge,40360.0,Medium,2,3,19,453.0
PR5 4AY,E63008015,53.748164,-2.672312,17334,UN1,Bamber Bridge,40360.0,Medium,2,2,12,0.0
PR5 5RU,E63008015,53.725954,-2.692782,19156,UN1,Bamber Bridge,40360.0,Medium,1,2,5,358.0
PR5 6BJ,E63008015,53.723058,-2.669335,9791,UN1,Bamber Bridge,40360.0,Medium,0,5,10,827.0
PR5 6JD,E63008015,53.730415,-2.663632,9239,UN1,Bamber Bridge,40360.0,Medium,5,6,10,0.0
PR5 6LD,E63008015,53.727540,-2.660267,16363,UN1,Bamber Bridge,40360.0,Medium,3,6,10,389.0
PR5 6QS,E63008015,53.732688,-2.662212,7559,UN1,Bamber Bridge,40360.0,Medium,4,5,11,127.0
PR5 6TD,E63008015,53.730205,-2.662643,9239,UN1,Bamber Bridge,40360.0,Medium,5,6,10,69.0
PR5 8AR,E63008015,53.720466,-2.640410,20612,UN1,Bamber Bridge,40360.0,Medium,1,3,12,150.0
PR5 8ES,E63008015,53.712158,-2.637602,14841,UN1,Bamber Bridge,40360.0,Medium,2,5,5,0.0
PR6 0ET,E63008113,53.658543,-2.618725,13202,UN1,Chorley,39535.0,Medium,0,2,16,1206.0
PR6 7HW,E63008067,53.688387,-2.638742,25882,UN1,Whittle-le-Woods,4390.0,Minor,1,2,5,76.0
PR6 7JY,E63008015,53.707300,-2.645134,22058,UN1,Bamber Bridge,40360.0,Medium,1,3,6,435.0
PR6 8RX,E63008054,53.693346,-2.556296,21219,RSN1,Withnell,855.0,Minor,1,1,1,98.0
PR6 9LP,E63008168,53.618484,-2.598820,17308,RLN1,Adlington (Chorley),8780.0,Small,2,3,3,186.0
PR7 1DB,E63008113,53.653673,-2.630561,4421,UN1,Chorley,39535.0,Medium,11,13,18,285.0
PR7 1DE,E63008113,53.653355,-2.629558,4421,UN1,Chorley,39535.0,Medium,10,13,18,292.0
PR7 1NW,E63008113,53.654986,-2.655426,27814,UN1,Chorley,39535.0,Medium,0,1,18,1295.0
PR7 1XA,E63008113,53.661321,-2.645914,25719,UN1,Chorley,39535.0,Medium,0,3,18,676.0
PR7 2DJ,E63008113,53.650354,-2.636079,11369,UN1,Chorley,39535.0,Medium,10,12,18,47.0
PR7 2EE,E63008113,53.650924,-2.633607,11369,UN1,Chorley,39535.0,Medium,12,12,18,33.0
PR7 2EF,E63008113,53.650971,-2.633320,11369,UN1,Chorley,39535.0,Medium,12,12,18,50.0
PR7 2EJ,E63008113,53.651362,-2.632448,11369,UN1,Chorley,39535.0,Medium,12,12,18,0.0
PR7 2EY,E63008113,53.650801,-2.633136,11369,UN1,Chorley,39535.0,Medium,12,12,18,52.0
PR7 2EZ,E63008113,53.649536,-2.632739,11369,UN1,Chorley,39535.0,Medium,11,12,18,148.0
PR7 3QG,E63008113,53.638884,-2.637888,23388,UN1,Chorley,39535.0,Medium,0,0,13,1285.0
PR7 4HE,E63008168,53.611218,-2.604824,14944,RLN1,Adlington (Chorley),8780.0,Small,0,2,3,619.0
PR7 5BY,E63008155,53.621858,-2.661535,6153,RLN1,Coppull,8300.0,Small,2,2,2,245.0
PR7 5EN,E63008155,53.619731,-2.662499,17664,RLN1,Coppull,8300.0,Small,2,2,2,0.0
PR7 5SZ,E63008118,53.646213,-2.724136,29198,RLN1,Eccleston,4545.0,Minor,0,0,0,3553.0
PR7 6JW,E63008090,53.668014,-2.675758,32482,UN1,Euxton,17520.0,Small,1,2,6,134.0
PR7 7AR,E63008090,53.681123,-2.662129,23293,UN1,Euxton,17520.0,Small,1,3,7,404.0
PR7 7EL,E63008090,53.674349,-2.655135,18929,UN1,Euxton,17520.0,Small,1,2,10,492.0
PR8 1AH,E63008135,53.647345,-3.004267,1388,UN1,Southport,94440.0,Large,5,10,21,449.0
PR8 1DJ,E63008135,53.646968,-3.006376,1388,UN1,Southport,94440.0,Large,2,10,22,590.0
PR8 3HN,E63008135,53.601938,-3.038627,18429,UN1,Southport,94440.0,Large,3,4,5,54.0
PR8 3HW,E63008135,53.602422,-3.038714,18429,UN1,Southport,94440.0,Large,3,4,5,0.0
PR8 3NT,E63008135,53.592284,-3.038647,24212,UN1,Southport,94440.0,Large,1,1,5,258.0
PR8 4AY,E63008135,53.633509,-3.013103,14838,UN1,Southport,94440.0,Large,3,6,17,410.0
PR8 4QD,E63008135,53.620247,-3.021932,29320,UN1,Southport,94440.0,Large,0,0,3,1223.0
PR8 5AB,E63008135,53.640146,-3.003083,7792,UN1,Southport,94440.0,Large,1,13,24,717.0
PR8 5AW,E63008135,53.637966,-3.007871,9766,UN1,Southport,94440.0,Large,3,6,21,333.0
PR8 5JH,E63008135,53.631525,-2.971666,15282,UN1,Southport,94440.0,Large,1,3,8,298.0
PR8 5NA,E63008135,53.637012,-3.009179,9766,UN1,Southport,94440.0,Large,3,6,20,236.0
PR8 6PG,E63008135,53.638741,-2.990435,7762,UN1,Southport,94440.0,Large,2,9,28,64.0
PR9 0AF,E63008135,53.649176,-3.002435,1388,UN1,Southport,94440.0,Large,6,10,22,260.0
PR9 0QF,E63008135,53.650518,-2.999925,2947,UN1,Southport,94440.0,Large,7,10,21,145.0
PR9 0TQ,E63008135,53.645260,-2.995595,6488,UN1,Southport,94440.0,Large,4,13,26,186.0
PR9 0TY,E63008135,53.646371,-2.998208,6488,UN1,Southport,94440.0,Large,8,13,24,192.0
PR9 0TZ,E63008135,53.646933,-2.995453,6488,UN1,Southport,94440.0,Large,6,13,25,0.0
PR9 7DF,E63008135,53.647094,-2.972690,15830,UN1,Southport,94440.0,Large,2,4,23,487.0
PR9 7EG,E63008135,53.650024,-2.978188,18916,UN1,Southport,94440.0,Large,2,4,24,0.0
PR9 7LT,E63008135,53.661789,-2.965053,27488,UN1,Southport,94440.0,Large,2,3,11,0.0
PR9 7PW,E63008135,53.654456,-2.965975,20758,UN1,Southport,94440.0,Large,0,6,12,818.0
PR9 7RJ,E63008135,53.640627,-2.968729,7106,UN1,Southport,94440.0,Large,0,3,15,877.0
PR9 8ET,E63008076,53.681689,-2.921661,13575,RLN1,Banks,4435.0,Minor,0,0,0,2943.0
PR9 8HU,E63008135,53.671945,-2.948180,17151,UN1,Southport,94440.0,Large,0,3,6,986.0
PR9 9JF,E63008135,53.653775,-2.989880,6457,UN1,Southport,94440.0,Large,0,9,21,727.0
PR9 9SD,E63008135,53.661929,-2.965525,27488,UN1,Southport,94440.0,Large,2,3,11,35.0
PR9 9XP,E63008135,53.671889,-2.963164,15562,UN1,Southport,94440.0,Large,2,3,7,0.0
RG1 1LT,E63012182,51.458369,-0.971506,11038,UN1,Reading,203795.0,Major,3,8,34,498.0
RG1 2AE,E63012182,51.455902,-0.973159,11038,UN1,Reading,203795.0,Major,4,8,37,224.0
RG1 2AF,E63012182,51.455727,-0.974703,11038,UN1,Reading,203795.0,Major,5,8,34,130.0
RG1 2AH,E63012182,51.453813,-0.970832,11774,UN1,Reading,203795.0,Major,4,10,38,341.0
RG1 3NX,E63012182,51.453109,-0.949260,14120,UN1,Reading,203795.0,Major,4,9,25,0.0
RG1 3NY,E63012182,51.453576,-0.947220,15709,UN1,Reading,203795.0,Major,4,10,24,151.0
RG1 5NN,E63012182,51.449116,-0.947165,21649,UN1,Reading,203795.0,Major,5,11,24,0.0
RG1 6DJ,E63012182,51.446112,-0.983739,18815,UN1,Reading,203795.0,Major,3,4,29,54.0
RG1 7LL,E63012182,51.455230,-0.980687,8572,UN1,Reading,203795.0,Major,4,12,29,96.0
RG1 8DF,E63012182,51.460058,-0.956038,18484,UN1,Reading,203795.0,Major,0,4,28,904.0
RG10 8AE,E63012083,51.502050,-0.859445,27918,RLN1,Wargrave,2895.0,Minor,1,1,2,203.0
RG10 9AN,E63012115,51.484732,-0.862296,32838,RLN1,Twyford (Wokingham),8070.0,Small,1,2,4,337.0
RG10 9EH,E63012115,51.477928,-0.866282,32589,RLN1,Twyford (Wokingham),8070.0,Small,1,2,2,469.0
RG12 1BE,E63012258,51.416597,-0.749118,8551,UN1,Bracknell,78675.0,Large,4,5,15,0.0
RG12 1DF,E63012258,51.415588,-0.749793,8551,UN1,Bracknell,78675.0,Large,4,5,15,122.0
RG12 1RL,E63012258,51.413952,-0.775376,30864,UN1,Bracknell,78675.0,Large,0,1,13,864.0
RG12 2NL,E63012258,51.416495,-0.733733,25354,UN1,Bracknell,78675.0,Large,1,3,10,346.0
RG12 7BN,E63012258,51.404675,-0.755941,14160,UN1,Bracknell,78675.0,Large,1,2,20,169.0
RG12 7DE,E63012258,51.392136,-0.752142,16973,UN1,Bracknell,78675.0,Large,1,2,9,145.0
RG12 7SS,E63012258,51.392693,-0.740340,20573,UN1,Bracknell,78675.0,Large,1,3,8,430.0
RG12 8UX,E63012258,51.399418,-0.770804,13190,UN1,Bracknell,78675.0,Large,2,3,9,0.0
RG12 9LP,E63012258,51.406193,-0.732292,18150,UN1,Bracknell,78675.0,Large,1,2,12,353.0
RG14 1AE,E63012319,51.403368,-1.324785,17784,UN1,Newbury,42260.0,Medium,3,7,8,339.0
RG14 1DJ,E63012319,51.402978,-1.324230,17784,UN1,Newbury,42260.0,Medium,3,7,8,397.0
RG14 1GE,E63012319,51.405488,-1.327643,17784,UN1,Newbury,42260.0,Medium,3,4,8,35.0
RG14 5AB,E63012319,51.398068,-1.319386,17784,UN1,Newbury,42260.0,Medium,2,5,10,329.0
RG14 5QH,E63012319,51.397455,-1.326985,20440,UN1,Newbury,42260.0,Medium,2,7,12,244.0
RG14 5SJ,E63012319,51.400743,-1.301851,14559,UN1,Newbury,42260.0,Medium,0,2,10,939.0
RG14 7HB,E63012319,51.383797,-1.319297,22265,UN1,Newbury,42260.0,Medium,1,1,7,1154.0
RG14 7HU,E63012319,51.385058,-1.318028,5633,UN1,Newbury,42260.0,Medium,1,1,7,1222.0
RG14 7RW,E63012319,51.381717,-1.336125,22265,RSN1,Newbury,42260.0,Medium,1,1,6,67.0
RG17 0DL,E63012274,51.415933,-1.514720,29397,RLF1,Hungerford,5185.0,Small,1,1,1,214.0
RG17 8XY,E63012076,51.509085,-1.529567,20736,RLN1,Lambourn,3140.0,Minor,0,1,1,617.0
RG18 3HD,E63012293,51.404017,-1.262367,20313,UN1,Thatcham,25550.0,Medium,3,3,5,0.0
RG18 3JW,E63012293,51.403447,-1.261772,20313,UN1,Thatcham,25550.0,Medium,3,3,5,76.0
RG19 3HN,E63012293,51.402759,-1.256766,20313,UN1,Thatcham,25550.0,Medium,3,4,5,413.0
RG19 4YA,E63012293,51.397499,-1.248227,32525,UN1,Thatcham,25550.0,Medium,1,2,6,319.0
RG2 0AR,E63012182,51.443733,-0.967735,14126,UN1,Reading,203795.0,Major,3,8,31,0.0
RG2 0EG,E63012182,51.445411,-0.965236,14126,UN1,Reading,203795.0,Major,2,10,31,255.0
RG2 0ER,E63012182,51.439787,-0.966860,9843,UN1,Reading,203795.0,Major,3,8,27,401.0
RG2 0JA,E63012182,51.431650,-0.967978,9356,UN1,Reading,203795.0,Major,0,2,13,508.0
RG2 7AZ,E63012182,51.442773,-0.955829,25253,UN1,Reading,203795.0,Major,2,11,28,0.0
RG2 8HD,E63012182,51.427006,-0.946264,6847,UN1,Reading,203795.0,Major,0,3,11,950.0
RG2 8NY,E63012182,51.419605,-0.959362,7308,UN1,Reading,203795.0,Major,0,0,8,1869.0
RG2 9EH,E63012275,51.404886,-0.946339,29014,RLN1,Shinfield,5420.0,Small,1,1,2,0.0
RG20 5PP,E63012514,51.323815,-1.247623,15343,RLN1,Kingsclere,2890.0,Minor,1,1,1,282.0
RG20 8UY,E63012164,51.463442,-1.312384,22968,RSN1,Chieveley,515.0,Minor,1,1,1,0.0
RG21 5TA,E63012704,51.277319,-1.079096,12013,UN1,Basingstoke,117210.0,Large,0,3,14,507.0
RG21 7AH,E63012704,51.267197,-1.086322,28520,UN1,Basingstoke,117210.0,Large,4,6,11,2.0
RG21 7LG,E63012704,51.265770,-1.087899,6649,UN1,Basingstoke,117210.0,Large,6,6,11,193.0
RG21 7LW,E63012704,51.266834,-1.088250,28520,UN1,Basingstoke,117210.0,Large,6,6,11,139.0
RG21 8SU,E63012704,51.263882,-1.093626,18719,UN1,Basingstoke,117210.0,Large,3,7,12,0.0
RG21 8YT,E63012704,51.258089,-1.096893,21237,UN1,Basingstoke,117210.0,Large,0,2,10,683.0
RG22 4AQ,E63012704,51.229553,-1.141779,27386,UN1,Basingstoke,117210.0,Large,0,1,1,2588.0
RG22 4EH,E63012704,51.245046,-1.114040,10654,UN1,Basingstoke,117210.0,Large,1,1,3,0.0
RG22 4TW,E63012704,51.234959,-1.139616,30063,UN1,Basingstoke,117210.0,Large,0,1,1,2104.0
RG22 6ER,E63012704,51.256666,-1.113086,6117,UN1,Basingstoke,117210.0,Large,0,0,6,1294.0
RG23 7JY,E63012713,51.249593,-1.177756,28984,RLN1,Oakley (Basingstoke and Deane),5265.0,Small,0,0,0,4464.0
RG23 8BU,E63012704,51.268421,-1.124140,10590,UN1,Basingstoke,117210.0,Large,0,0,2,2182.0
RG24 7AE,E63012660,51.272347,-1.044375,32372,UN1,Old Basing,3835.0,Minor,0,0,3,1486.0
RG24 8BE,E63012704,51.283705,-1.058822,27867,UN1,Basingstoke,117210.0,Large,2,3,8,283.0
RG24 8BQ,E63012704,51.284188,-1.059687,27867,UN1,Basingstoke,117210.0,Large,2,3,8,322.0
RG24 8XJ,E63012704,51.294805,-1.051439,32491,UN1,Basingstoke,117210.0,Large,0,1,4,820.0
RG24 9DT,E63012704,51.280712,-1.083975,15272,UN1,Basingstoke,117210.0,Large,2,3,14,0.0
RG24 9ES,E63012704,51.280916,-1.090552,12516,UN1,Basingstoke,117210.0,Large,2,3,11,458.0
RG24 9RG,E63012704,51.281745,-1.119026,18777,UN1,Basingstoke,117210.0,Large,0,0,2,2441.0
RG25 3HS,E63012732,51.242481,-1.263123,29070,RLN1,Overton (Basingstoke and Deane),4350.0,Minor,0,0,0,5546.0
RG26 3AN,E63012414,51.347705,-1.142530,29035,UN1,Tadley,14760.0,Small,0,1,3,1057.0
RG26 3JE,E63012414,51.355214,-1.141485,26517,UN1,Tadley,14760.0,Small,2,3,3,345.0
RG26 4ER,E63012414,51.357024,-1.145516,13614,UN1,Tadley,14760.0,Small,2,2,3,0.0
RG27 8NX,E63012558,51.307102,-0.898071,26357,RLN1,Hartley Wintney,3470.0,Minor,2,2,2,264.0
RG27 8NY,E63012558,51.306680,-0.899013,26357,RLN1,Hartley Wintney,3470.0,Minor,2,2,2,192.0
RG27 9ED,E63012617,51.286599,-0.962932,31894,RLN1,Hook (Hart),9065.0,Small,2,2,2,0.0
RG27 9HB,E63012617,51.282589,-0.961947,31894,RLN1,Hook (Hart),9065.0,Small,2,2,2,451.0
RG28 7DW,E63012769,51.230488,-1.339050,31587,RLN1,Whitchurch (Basingstoke and Deane),5290.0,Small,1,1,1,95.0
RG29 1LT,E63012753,51.253980,-0.941341,31252,RLN1,Odiham,5090.0,Small,1,1,2,67.0
RG30 1AD,E63012182,51.456578,-0.994144,10828,UN1,Reading,203795.0,Major,3,7,26,139.0
RG30 1AH,E63012182,51.459719,-0.995413,14999,UN1,Reading,203795.0,Major,3,5,25,476.0
RG30 1AY,E63012182,51.456143,-0.993736,10828,UN1,Reading,203795.0,Major,3,6,26,90.0
RG30 2NY,E63012182,51.458675,-1.010118,16196,UN1,Reading,203795.0,Major,2,2,16,0.0
RG30 3QN,E63012182,51.442618,-1.010465,3271,UN1,Reading,203795.0,Major,0,4,14,784.0
RG30 4AA,E63012182,51.449715,-1.017147,12224,UN1,Reading,203795.0,Major,2,3,15,179.0
RG30 4EL,E63012182,51.446290,-1.016213,10460,UN1,Reading,203795.0,Major,2,3,13,334.0
RG30 6BW,E63012182,51.460297,-1.025614,20666,UN1,Reading,203795.0,Major,1,2,12,0.0
RG31 5AR,E63012182,51.460558,-1.036549,17614,UN1,Reading,203795.0,Major,3,5,11,375.0
RG31 5AW,E63012182,51.458567,-1.040505,25759,UN1,Reading,203795.0,Major,3,3,7,228.0
RG31 6PR,E63012182,51.469669,-1.044548,32367,UN1,Reading,203795.0,Major,0,1,6,951.0
RG31 7SA,E63012182,51.442984,-1.061523,30997,UN1,Reading,203795.0,Major,0,0,2,1424.0
RG4 6DH,E63012128,51.470931,-0.959232,32011,UN1,Caversham,33040.0,Medium,0,2,9,979.0
RG4 7SS,E63012128,51.470984,-0.973368,30643,UN1,Caversham,33040.0,Medium,2,3,16,0.0
RG4 8BA,E63012128,51.467390,-0.974831,30643,UN1,Caversham,33040.0,Medium,2,3,20,412.0
RG4 8XU,E63012128,51.483151,-0.962323,29364,UN1,Caversham,33040.0,Medium,0,1,5,730.0
RG4 9SJ,E63012047,51.516638,-0.981883,26942,RLN1,Sonning Common,5265.0,Small,1,1,1,116.0
RG40 1AT,E63012266,51.410588,-0.833468,28620,UN1,Wokingham,50325.0,Medium,6,9,11,125.0
RG40 1AU,E63012266,51.411307,-0.835276,30754,UN1,Wokingham,50325.0,Medium,7,9,11,244.0
RG40 1XS,E63012266,51.411718,-0.831369,28620,UN1,Wokingham,50325.0,Medium,5,8,11,0.0
RG40 2NS,E63012266,51.404847,-0.837625,30026,UN1,Wokingham,50325.0,Medium,0,9,11,509.0
RG40 3RB,E63012266,51.376328,-0.856308,32780,UN1,Wokingham,50325.0,Medium,2,2,2,193.0
RG40 3RG,E63012266,51.375006,-0.858108,32780,UN1,Wokingham,50325.0,Medium,2,2,2,0.0
RG41 3SW,E63012266,51.414478,-0.854090,32478,UN1,Wokingham,50325.0,Medium,1,3,11,131.0
RG41 5AR,E63012217,51.427627,-0.877581,32540,UN1,Winnersh,8905.0,Small,1,1,1,2263.0
RG41 5LT,E63012217,51.428461,-0.876352,32540,UN1,Winnersh,8905.0,Small,1,1,1,2271.0
RG42 1UD,E63012258,51.421588,-0.764371,15216,UN1,Bracknell,78675.0,Large,0,3,10,658.0
RG42 3JP,E63012258,51.426252,-0.731363,30185,UN1,Bracknell,78675.0,Large,0,0,8,1432.0
RG42 5HR,E63012221,51.432136,-0.790195,32841,UN1,Binfield,4850.0,Minor,1,1,2,1310.0
RG42 5JG,E63012221,51.434644,-0.790201,32841,UN1,Binfield,4850.0,Minor,1,1,2,1540.0
RG45 6DS,E63012363,51.367500,-0.817542,32662,UN1,Crowthorne,15190.0,Small,0,0,3,1076.0
RG45 7AP,E63012363,51.366827,-0.794762,32662,UN1,Crowthorne,15190.0,Small,1,3,5,676.0
RG45 7AY,E63012363,51.368354,-0.793688,30377,UN1,Crowthorne,15190.0,Small,1,3,5,664.0
RG5 3JP,E63012173,51.452624,-0.906011,25639,UN1,Woodley,28025.0,Medium,1,1,3,169.0
RG5 4UX,E63012173,51.454615,-0.888275,31308,UN1,Woodley,28025.0,Medium,1,1,3,0.0
RG6 1LN,E63012182,51.448354,-0.936462,21560,UN1,Reading,203795.0,Major,1,5,16,371.0
RG6 3HD,E63012182,51.428409,-0.913753,30083,UN1,Reading,203795.0,Major,0,1,5,525.0
RG6 5GA,E63012182,51.424737,-0.932998,30531,UN1,Reading,203795.0,Major,2,3,8,102.0
RG6 5TT,E63012182,51.424737,-0.932998,30531,UN1,Reading,203795.0,Major,2,3,8,102.0
RG6 7NZ,E63012182,51.436704,-0.925986,32836,UN1,Reading,203795.0,Major,0,1,10,842.0
RG7 1AA,E63012321,51.392219,-0.973952,24906,UN1,Spencers Wood,,,0,0,1,1883.0
RG7 3SQ,E63012358,51.377596,-1.068522,20585,RLN1,Mortimer,2930.0,Minor,2,2,2,0.0
RG7 3TF,E63012358,51.376003,-1.064948,20210,RLN1,Mortimer,2930.0,Minor,2,2,2,305.0
RG7 3YJ,E63012312,51.398837,-1.056389,26474,RLN1,Burghfield Common,6215.0,Small,0,0,0,2507.0
RG7 5AH,E63012209,51.437705,-1.075040,22995,RLN1,Theale (West Berkshire),3055.0,Minor,1,1,2,388.0
RG8 7AQ,E63012134,51.484072,-1.085998,28865,RLN1,Pangbourne,3275.0,Minor,1,1,1,225.0
RG8 9AT,E63012028,51.522483,-1.136888,32806,RLN1,Goring,3435.0,Minor,0,0,0,4349.0
RG9 2BA,E63012010,51.538569,-0.905004,31208,UN1,Henley-on-Thames,11780.0,Small,1,1,2,206.0
RG9 4HA,E63012010,51.526806,-0.894273,24269,UN1,Henley-on-Thames,11780.0,Small,0,0,2,1631.0
RH1 1BD,E63012708,51.239598,-0.177546,31278,UN1,Redhill (Reigate and Banstead),32525.0,Medium,3,6,9,157.0
RH1 1RD,E63012708,51.239823,-0.168941,12706,UN1,Redhill (Reigate and Banstead),32525.0,Medium,4,6,9,173.0
RH1 2NP,E63012662,51.252346,-0.153182,17912,UN1,South Merstham,9955.0,Small,1,2,7,0.0
RH1 3EB,E63012662,51.260356,-0.150740,16690,UN1,South Merstham,9955.0,Small,1,3,3,907.0
RH1 3HU,E63012662,51.260349,-0.145752,4800,UN1,South Merstham,9955.0,Small,1,1,3,1029.0
RH1 5BX,E63012823,51.203479,-0.167576,17483,UN1,Salfords,1870.0,Minor,0,0,0,3068.0
RH1 6NZ,E63012708,51.233593,-0.173113,24053,UN1,Redhill (Reigate and Banstead),32525.0,Medium,1,7,7,312.0
RH10 1FX,E63013038,51.114170,-0.186155,12409,UN1,Crawley (Crawley),120550.0,Large,3,7,23,736.0
RH10 1GY,E63013038,51.123661,-0.163333,20590,UN1,Crawley (Crawley),120550.0,Large,0,5,13,724.0
RH10 1HS,E63013038,51.113853,-0.188939,12409,UN1,Crawley (Crawley),120550.0,Large,3,8,23,663.0
RH10 1LG,E63013038,51.117427,-0.165523,16247,UN1,Crawley (Crawley),120550.0,Large,2,5,17,62.0
RH10 1QA,E63013038,51.117671,-0.172515,18498,UN1,Crawley (Crawley),120550.0,Large,2,4,24,427.0
RH10 3RE,E63012983,51.139851,-0.119375,31046,UN1,Copthorne,4910.0,Minor,0,0,1,1633.0
RH10 4TX,E63013027,51.120391,-0.078998,31831,RLN1,Crawley Down,5775.0,Small,1,1,1,260.0
RH10 5EQ,E63013038,51.102249,-0.180594,13720,UN1,Crawley (Crawley),120550.0,Large,1,5,18,340.0
RH10 6AA,E63013038,51.111773,-0.190477,12187,UN1,Crawley (Crawley),120550.0,Large,4,7,26,464.0
RH10 6NX,E63013038,51.107117,-0.168103,8597,UN1,Crawley (Crawley),120550.0,Large,1,1,19,308.0
RH10 6TE,E63013038,51.102312,-0.194532,11285,UN1,Crawley (Crawley),120550.0,Large,1,6,18,0.0
RH10 7EA,E63013038,51.117856,-0.153933,18735,UN1,Crawley (Crawley),120550.0,Large,1,4,11,203.0
RH10 7RA,E63013038,51.108322,-0.152084,28961,UN1,Crawley (Crawley),120550.0,Large,1,1,9,139.0
RH10 8DT,E63013038,51.121240,-0.181062,15324,UN1,Crawley (Crawley),120550.0,Large,0,4,22,1110.0
RH10 8NF,E63013038,51.123530,-0.193061,11289,UN1,Crawley (Crawley),120550.0,Large,1,5,17,395.0
RH11 0BF,E63013038,51.121212,-0.211928,10155,UN1,Crawley (Crawley),120550.0,Large,1,3,14,0.0
RH11 7AH,E63013038,51.113525,-0.192166,10859,UN1,Crawley (Crawley),120550.0,Large,5,7,25,499.0
RH11 7AY,E63013038,51.114152,-0.196628,10859,UN1,Crawley (Crawley),120550.0,Large,2,7,22,277.0
RH11 7HE,E63013038,51.119338,-0.199369,11289,UN1,Crawley (Crawley),120550.0,Large,1,8,20,335.0
RH11 7RS,E63013038,51.128509,-0.198069,11382,UN1,Crawley (Crawley),120550.0,Large,1,3,14,260.0
RH11 7XN,E63013038,51.132471,-0.187953,12076,UN1,Crawley (Crawley),120550.0,Large,0,2,11,864.0
RH11 8HH,E63013038,51.110953,-0.216181,13920,UN1,Crawley (Crawley),120550.0,Large,1,3,17,413.0
RH11 8XW,E63013038,51.103776,-0.222071,10645,UN1,Crawley (Crawley),120550.0,Large,1,3,7,96.0
RH11 9BA,E63013038,51.097032,-0.205563,11493,UN1,Crawley (Crawley),120550.0,Large,1,3,11,143.0
RH12 1BG,E63013154,51.064350,-0.327354,21418,UN1,Horsham,50215.0,Medium,5,8,8,0.0
RH12 1HQ,E63013154,51.063323,-0.329732,16439,UN1,Horsham,50215.0,Medium,5,8,9,202.0
RH12 1SQ,E63013154,51.063019,-0.332383,16439,UN1,Horsham,50215.0,Medium,6,7,9,96.0
RH12 3GF,E63013101,51.089615,-0.449662,26296,RLN1,Rudgwick,2145.0,Minor,1,1,1,84.0
RH12 3YU,E63013164,51.065971,-0.356654,23717,UN1,Broadbridge Heath,6355.0,Small,0,0,5,1549.0
RH12 5JL,E63013154,51.083825,-0.300323,32827,UN1,Horsham,50215.0,Medium,1,1,3,0.0
RH12 5PJ,E63013154,51.081326,-0.315891,32766,UN1,Horsham,50215.0,Medium,0,0,6,1122.0
RH13 5SD,E63013154,51.063764,-0.316015,26520,UN1,Horsham,50215.0,Medium,0,5,10,795.0
RH13 6AA,E63013154,51.073050,-0.302017,26420,UN1,Horsham,50215.0,Medium,0,0,5,1204.0
RH13 9LA,E63013257,51.024834,-0.350110,29406,UN1,Southwater,11205.0,Small,1,1,1,129.0
RH14 9NY,E63013279,51.023015,-0.451870,31289,RLN1,Billingshurst,9120.0,Small,1,2,2,479.0
RH14 9SE,E63013279,51.015528,-0.450765,25683,RLN1,Billingshurst,9120.0,Small,0,1,2,1107.0
RH15 8UA,E63013415,50.964824,-0.133887,23041,UN1,Burgess Hill,33355.0,Medium,0,1,10,1033.0
RH15 9AA,E63013415,50.957128,-0.136829,18677,UN1,Burgess Hill,33355.0,Medium,3,5,10,196.0
RH15 9DE,E63013415,50.954329,-0.128825,22623,UN1,Burgess Hill,33355.0,Medium,2,5,10,487.0
RH15 9NP,E63013415,50.955078,-0.131244,22623,UN1,Burgess Hill,33355.0,Medium,3,5,10,302.0
RH15 9QT,E63013415,50.950560,-0.149051,31827,UN1,Burgess Hill,33355.0,Medium,0,1,10,847.0
RH15 9XB,E63013415,50.961527,-0.154468,30269,UN1,Burgess Hill,33355.0,Medium,2,2,9,203.0
RH15 9XN,E63013415,50.962132,-0.151738,23325,UN1,Burgess Hill,33355.0,Medium,2,2,9,0.0
RH16 1DG,E63013303,51.006413,-0.106688,31422,UN1,Haywards Heath,40185.0,Medium,1,5,10,175.0
RH16 2HJ,E63013303,51.012015,-0.081855,28996,UN1,Haywards Heath,40185.0,Medium,2,2,8,112.0
RH16 2HN,E63013303,51.013175,-0.081294,28996,UN1,Haywards Heath,40185.0,Medium,2,2,6,34.0
RH16 3BB,E63013303,51.000674,-0.103872,29849,UN1,Haywards Heath,40185.0,Medium,4,7,11,0.0
RH16 3TH,E63013303,50.997473,-0.102221,29849,UN1,Haywards Heath,40185.0,Medium,3,4,10,374.0
RH16 3TY,E63013303,50.997166,-0.080159,23052,UN1,Haywards Heath,40185.0,Medium,1,1,8,101.0
RH16 4BN,E63013303,51.000197,-0.116049,28644,UN1,Haywards Heath,40185.0,Medium,1,5,10,0.0
RH16 4LQ,E63013303,50.996385,-0.102223,29284,UN1,Haywards Heath,40185.0,Medium,3,5,10,491.0
RH16 4SY,E63013303,50.988174,-0.107816,17069,UN1,Haywards Heath,40185.0,Medium,0,1,7,1417.0
RH17 5JU,E63013291,51.006306,-0.142613,26807,RLN1,Cuckfield,3770.0,Minor,1,2,4,545.0
RH17 5LD,E63013291,51.006362,-0.143822,26807,RSN1,Cuckfield,3770.0,Minor,1,2,2,609.0
RH18 5AT,E63013092,51.089702,0.032386,26724,RSN1,Forest Row,3880.0,Minor,0,2,2,816.0
RH18 5ES,E63013092,51.098421,0.033696,24576,RLN1,Forest Row,3880.0,Minor,1,2,2,164.0
RH19 1AB,E63013008,51.125508,-0.009116,15619,UN1,East Grinstead,26350.0,Medium,2,5,5,739.0
RH19 1DD,E63013008,51.124857,-0.017905,15619,UN1,East Grinstead,26350.0,Medium,0,5,6,831.0
RH19 1QL,E63013008,51.137405,-0.035107,31872,UN1,East Grinstead,26350.0,Medium,0,0,3,1666.0
RH19 3AE,E63013008,51.125869,-0.009715,15619,UN1,East Grinstead,26350.0,Medium,2,5,5,687.0
RH19 3GW,E63013008,51.131681,-0.013039,29571,UN1,East Grinstead,26350.0,Medium,1,5,6,0.0
RH19 4YZ,E63013008,51.123632,-0.010897,29053,UN1,East Grinstead,26350.0,Medium,2,5,5,907.0
RH2 7AQ,E63012700,51.235923,-0.204550,30408,UN1,Reigate,23780.0,Medium,2,3,5,648.0
RH2 7BA,E63012700,51.236259,-0.205340,30408,UN1,Reigate,23780.0,Medium,2,3,5,595.0
RH2 8AU,E63012700,51.224010,-0.200001,17029,UN1,Reigate,23780.0,Medium,0,0,3,2007.0
RH2 9AT,E63012700,51.237791,-0.207887,30408,UN1,Reigate,23780.0,Medium,3,3,4,401.0
RH20 1FG,E63013432,50.961132,-0.509080,27615,RLN1,Pulborough,3650.0,Minor,1,1,1,0.0
RH20 3DD,E63013484,50.929366,-0.390974,28069,RLN1,Ashington (Horsham),2690.0,Minor,0,0,0,4921.0
RH20 4DH,E63013509,50.918330,-0.454139,27493,RLN1,Storrington,8710.0,Small,4,4,4,331.0
RH20 4DR,E63013509,50.917871,-0.452760,13962,RLN1,Storrington,8710.0,Small,3,4,4,427.0
RH20 4FR,E63013509,50.918032,-0.458843,27493,RLN1,Storrington,8710.0,Small,4,4,4,0.0
RH3 7JR,E63012739,51.231286,-0.286377,28556,RSN1,Brockham,2205.0,Minor,0,0,1,1131.0
RH4 1AW,E63012720,51.232045,-0.332099,23546,UN1,Dorking,17465.0,Small,3,7,8,457.0
RH4 1SD,E63012720,51.234786,-0.324379,25224,UN1,Dorking,17465.0,Small,1,4,7,0.0
RH4 2EU,E63012720,51.228910,-0.334805,27754,UN1,Dorking,17465.0,Small,4,7,8,64.0
RH4 2HQ,E63012720,51.231295,-0.333687,27754,UN1,Dorking,17465.0,Small,3,7,8,333.0
RH5 4HY,E63012720,51.214655,-0.329104,29008,UN1,Dorking,17465.0,Small,0,0,5,1295.0
RH5 4SL,E63012887,51.179674,-0.317877,18873,RLN1,Beare Green,1940.0,Minor,0,0,0,3269.0
RH6 0AT,E63012945,51.168364,-0.185703,15112,UN1,Hookwood,665.0,Minor,0,0,5,1367.0
RH6 0NN,E63012945,51.156249,-0.163169,12076,UN1,Hookwood,665.0,Minor,0,0,6,1513.0
RH6 7AS,E63012884,51.172046,-0.165188,25559,UN1,Horley (Reigate and Banstead),27070.0,Medium,3,4,6,226.0
RH6 7AY,E63012884,51.171930,-0.162961,25559,UN1,Horley (Reigate and Banstead),27070.0,Medium,3,4,6,366.0
RH6 7DG,E63012884,51.172870,-0.166085,25559,UN1,Horley (Reigate and Banstead),27070.0,Medium,3,4,6,125.0
RH6 7JQ,E63012884,51.177372,-0.167036,25559,UN1,Horley (Reigate and Banstead),27070.0,Medium,1,4,5,455.0
RH6 9QL,E63012885,51.168197,-0.115419,13219,RLN1,Smallfield,2610.0,Minor,1,1,1,448.0
RH7 6EP,E63012874,51.173845,-0.018580,19587,RLN1,Lingfield,3620.0,Minor,1,1,2,93.0
RH8 0JP,E63012678,51.243134,0.006474,21529,UN1,Oxted,11490.0,Small,0,0,2,1678.0
RH8 0PG,E63012678,51.257769,-0.002147,24998,UN1,Oxted,11490.0,Small,1,1,2,157.0
RH9 8LW,E63012677,51.249551,-0.067044,25438,RLN1,Godstone,2650.0,Minor,1,1,1,347.0
RM1 1AU,E63011923,51.575985,0.180145,6369,UN1,Havering,,,6,12,27,248.0
RM1 1DL,E63011923,51.581723,0.177200,18644,UN1,Havering,,,4,12,22,351.0
RM1 3AB,E63011923,51.579715,0.181694,15465,UN1,Havering,,,7,10,25,70.0
RM1 3RL,E63011923,51.578331,0.184038,15465,UN1,Havering,,,6,11,26,251.0
RM1 4NT,E63011923,51.592464,0.180905,21056,UN1,Havering,,,0,2,19,871.0
RM10 7FP,E63011973,51.561138,0.150824,2802,UN1,Barking and Dagenham,,,3,5,28,60.0
RM10 7YA,E63011973,51.551525,0.153761,5791,UN1,Barking and Dagenham,,,1,5,27,315.0
RM10 8QS,E63011973,51.541844,0.148141,4573,UN1,Barking and Dagenham,,,3,11,26,411.0
RM10 8RE,E63011973,51.541091,0.148971,3229,UN1,Barking and Dagenham,,,4,11,26,423.0
RM10 8YL,E63011973,51.542704,0.165935,8940,UN1,Barking and Dagenham,,,1,4,21,487.0
RM10 9HX,E63011973,51.534852,0.151330,5838,UN1,Barking and Dagenham,,,3,12,22,67.0
RM10 9JA,E63011973,51.535158,0.151287,5838,UN1,Barking and Dagenham,,,3,12,22,59.0
RM10 9XB,E63011973,51.539871,0.158128,3355,UN1,Barking and Dagenham,,,2,10,23,109.0
RM11 1BB,E63011923,51.571801,0.191807,22391,UN1,Havering,,,2,10,24,71.0
RM11 1BH,E63011923,51.569328,0.193275,22391,UN1,Havering,,,3,8,27,362.0
RM11 1PY,E63011923,51.565819,0.191894,17177,UN1,Havering,,,1,6,27,736.0
RM11 1QH,E63011923,51.564944,0.202140,25096,UN1,Havering,,,0,2,29,1067.0
RM11 2LG,E63011923,51.583278,0.220896,21172,UN1,Havering,,,0,0,12,1151.0
RM11 3UX,E63011923,51.560485,0.228717,20161,UN1,Havering,,,2,8,15,70.0
RM12 4EQ,E63011923,51.552912,0.190596,22086,UN1,Havering,,,1,4,17,0.0
RM12 4SD,E63011923,51.551086,0.199726,20464,UN1,Havering,,,2,6,14,663.0
RM12 4UL,E63011923,51.562413,0.219057,14950,UN1,Havering,,,4,8,16,308.0
RM12 5AB,E63011923,51.548803,0.199198,20263,UN1,Havering,,,2,6,13,568.0
RM12 5AS,E63011923,51.549197,0.200255,25723,UN1,Havering,,,2,6,14,639.0
RM12 6LL,E63011923,51.554994,0.219980,24957,UN1,Havering,,,1,7,17,155.0
RM13 7PP,E63011923,51.540718,0.192448,18799,UN1,Havering,,,1,3,13,448.0
RM13 7QX,E63011923,51.528182,0.190549,17267,UN1,Havering,,,1,4,14,341.0
RM13 8HT,E63011923,51.528429,0.169958,4538,UN1,Havering,,,1,2,17,438.0
RM13 9BD,E63011923,51.519985,0.200837,14597,UN1,Havering,,,2,4,9,277.0
RM13 9JR,E63011923,51.520921,0.208940,20839,UN1,Havering,,,0,4,9,778.0
RM13 9TR,E63011923,51.516769,0.196344,10436,UN1,Havering,,,2,4,10,288.0
RM13 9YZ,E63011923,51.520538,0.189577,7882,UN1,Havering,,,0,4,11,529.0
RM14 1RQ,E63011923,51.568760,0.267594,19021,UN1,Havering,,,1,3,5,158.0
RM14 1XN,E63011923,51.563150,0.266117,32025,UN1,Havering,,,1,3,8,196.0
RM14 2AD,E63011923,51.553475,0.247315,27280,UN1,Havering,,,3,4,11,442.0
RM14 2AJ,E63011923,51.554038,0.248483,27280,UN1,Havering,,,2,4,10,511.0
RM14 2TD,E63011923,51.558504,0.250535,28313,UN1,Havering,,,1,3,12,1001.0
RM14 3BS,E63011923,51.556036,0.250731,27280,UN1,Havering,,,3,4,11,764.0
RM14 3PJ,,51.566978,0.302281,19410,RSN1,,,,0,0,0,2563.0
RM15 4AD,E63012041,51.498520,0.257535,12977,RLN1,Aveley,9360.0,Small,1,1,5,0.0
RM15 5EE,E63012015,51.509372,0.282730,6031,UN1,South Ockendon,22440.0,Medium,4,5,8,101.0
RM15 5EF,E63012015,51.509884,0.282770,6031,UN1,South Ockendon,22440.0,Medium,4,5,8,122.0
RM15 5TT,E63012015,51.516298,0.286363,10489,UN1,South Ockendon,22440.0,Medium,0,6,8,853.0
RM15 6NU,E63012015,51.522194,0.296692,9215,UN1,South Ockendon,22440.0,Medium,1,2,8,207.0
RM15 6RX,E63012015,51.515817,0.307268,2955,UN1,South Ockendon,22440.0,Medium,0,0,8,1177.0
RM16 2AP,E63012071,51.497622,0.329200,12661,UN1,Grays,44345.0,Medium,2,3,12,0.0
RM16 2BD,E63012071,51.498146,0.329515,12661,UN1,Grays,44345.0,Medium,2,3,10,62.0
RM16 4BJ,E63012073,51.481389,0.365188,8007,UN1,Chadwell St Mary,10685.0,Small,0,1,4,1956.0
RM16 4QR,E63012073,51.488424,0.372179,10204,UN1,Chadwell St Mary,10685.0,Small,0,1,1,2375.0
RM16 6PS,E63012081,51.492217,0.310528,26233,UN1,"Chafford Hundred, West Thurrock and Purfleet-on-Thames",,,1,2,17,507.0
RM16 6QQ,E63012081,51.485634,0.287623,29837,UN1,"Chafford Hundred, West Thurrock and Purfleet-on-Thames",,,1,2,6,1240.0
RM16 6RX,E63012081,51.489837,0.304429,28635,UN1,"Chafford Hundred, West Thurrock and Purfleet-on-Thames",,,2,2,15,42.0
RM17 5HH,E63012071,51.479722,0.326617,12463,UN1,Grays,44345.0,Medium,7,12,21,58.0
RM17 5RY,E63012071,51.488935,0.340915,27884,UN1,Grays,44345.0,Medium,1,2,18,356.0
RM17 6BU,E63012071,51.475298,0.330698,11831,UN1,Grays,44345.0,Medium,2,12,15,245.0
RM17 6NA,E63012071,51.476943,0.322544,6589,UN1,Grays,44345.0,Medium,6,12,18,76.0
RM17 6NB,E63012071,51.477404,0.323345,6589,UN1,Grays,44345.0,Medium,8,12,18,0.0
RM17 6SP,E63012071,51.476821,0.333253,20436,UN1,Grays,44345.0,Medium,3,12,15,0.0
RM18 7BJ,E63012118,51.462181,0.354808,12712,UN1,Tilbury,14185.0,Small,1,7,8,194.0
RM18 7HJ,E63012071,51.470028,0.345564,12712,UN1,Grays,44345.0,Medium,0,0,23,1139.0
RM18 8AD,E63012118,51.461782,0.365269,4040,UN1,Tilbury,14185.0,Small,5,7,9,0.0
RM18 8LB,E63012118,51.461856,0.363804,4976,UN1,Tilbury,14185.0,Small,6,7,9,102.0
RM18 8RH,E63012077,51.478678,0.415629,12939,RLN1,East Tilbury,5750.0,Small,2,2,2,155.0
RM18 8YP,E63012077,51.480629,0.417864,12939,RLN1,East Tilbury,5750.0,Small,2,2,2,164.0
RM19 1SX,,51.489743,0.235436,18233,RLN1,,,,1,1,3,0.0
RM2 5JR,E63011923,51.586159,0.200191,28821,UN1,Havering,,,0,1,23,932.0
RM2 5SU,E63011923,51.574468,0.204043,25437,UN1,Havering,,,1,4,23,0.0
RM20 1TX,,51.487233,0.274278,10896,UN1,,,,1,3,5,1708.0
RM20 2ZG,E63012081,51.487433,0.283896,9499,UN1,"Chafford Hundred, West Thurrock and Purfleet-on-Thames",,,1,3,6,1425.0
RM20 3LP,E63012081,51.485805,0.271441,10896,UN1,"Chafford Hundred, West Thurrock and Purfleet-on-Thames",,,1,2,5,1711.0
RM3 0BP,E63011923,51.593657,0.233616,16740,UN1,Havering,,,2,3,13,148.0
RM3 0LL,E63011923,51.593717,0.218575,16740,UN1,Havering,,,2,5,14,497.0
RM3 7PB,E63011923,51.594764,0.212201,4401,UN1,Havering,,,1,4,14,627.0
RM3 8DX,E63011923,51.606344,0.218555,4217,UN1,Havering,,,1,5,13,440.0
RM3 8FD,E63011923,51.598182,0.219803,16740,UN1,Havering,,,0,8,14,680.0
RM3 9LB,E63011923,51.605824,0.226054,6352,UN1,Havering,,,2,5,12,93.0
RM3 9PH,E63011923,51.604943,0.235036,6352,UN1,Havering,,,1,3,12,173.0
RM5 3BB,E63011923,51.589901,0.167803,22621,UN1,Havering,,,0,4,17,565.0
RM5 3PH,E63011923,51.599744,0.163117,15819,UN1,Havering,,,3,3,8,123.0
RM5 3PR,E63011923,51.599529,0.164522,19097,UN1,Havering,,,3,3,8,68.0
RM6 4AL,E63011927,51.570623,0.128788,16077,UN1,Redbridge,,,4,8,29,421.0
RM6 4HY,E63011927,51.566547,0.111961,10920,UN1,Redbridge,,,4,8,30,185.0
RM6 4NP,E63011927,51.572831,0.125500,16106,UN1,Redbridge,,,3,6,25,90.0
RM6 5NR,E63011973,51.584514,0.135385,4760,UN1,Barking and Dagenham,,,1,1,11,117.0
RM6 6LU,E63011973,51.571947,0.140049,10925,UN1,Barking and Dagenham,,,4,5,22,197.0
RM6 6NL,E63011973,51.572166,0.137909,8037,UN1,Barking and Dagenham,,,4,7,25,231.0
RM6 6PA,E63011973,51.571807,0.134905,8037,UN1,Barking and Dagenham,,,5,8,27,419.0
RM6 6PB,E63011973,51.571515,0.133607,8037,UN1,Barking and Dagenham,,,4,8,28,513.0
RM7 0JR,E63011923,51.565247,0.175317,13331,UN1,Havering,,,3,4,25,43.0
RM7 7HH,E63011923,51.578153,0.175716,7880,UN1,Havering,,,5,11,26,238.0
RM7 8BU,E63011923,51.582916,0.164714,18401,UN1,Havering,,,1,5,20,0.0
RM8 1BJ,E63011973,51.562542,0.147326,11855,UN1,Barking and Dagenham,,,3,6,30,342.0
RM8 1BP,E63011973,51.560863,0.145256,4126,UN1,Barking and Dagenham,,,4,6,27,331.0
RM8 1UU,E63011973,51.562345,0.123063,6215,UN1,Barking and Dagenham,,,3,8,39,180.0
RM8 1YT,E63011973,51.562040,0.123035,6215,UN1,Barking and Dagenham,,,3,8,39,154.0
RM8 2AJ,E63011973,51.551396,0.115370,4611,UN1,Barking and Dagenham,,,1,4,36,0.0
RM8 2AQ,E63011973,51.551418,0.130056,3967,UN1,Barking and Dagenham,,,3,6,33,75.0
RM8 3NL,E63011973,51.554390,0.142197,9100,UN1,Barking and Dagenham,,,0,12,34,559.0
RM8 3UL,E63011973,51.558933,0.130710,4455,UN1,Barking and Dagenham,,,2,11,34,338.0
RM8 3UU,E63011973,51.552955,0.124646,5520,UN1,Barking and Dagenham,,,3,9,32,421.0
RM9 4ND,E63011973,51.541393,0.114012,3974,UN1,Barking and Dagenham,,,1,5,24,306.0
RM9 4QS,E63011973,51.534958,0.110830,5639,UN1,Barking and Dagenham,,,1,6,25,448.0
RM9 5AQ,E63011973,51.542402,0.147605,4573,UN1,Barking and Dagenham,,,3,11,28,421.0
RM9 6BU,E63011973,51.539076,0.129278,6712,UN1,Barking and Dagenham,,,2,4,27,253.0
RM9 6SJ,E63011973,51.530577,0.145621,6984,UN1,Barking and Dagenham,,,1,5,20,683.0
RM9 6XA,E63011973,51.532096,0.146139,4249,UN1,Barking and Dagenham,,,3,6,20,539.0
S1 1QF,E63008489,53.382407,-1.468101,17388,UN1,Sheffield,500535.0,Major,1,13,38,110.0
S1 4EU,E63008489,53.380282,-1.479463,11925,UN1,Sheffield,500535.0,Major,4,12,43,150.0
S1 4PA,E63008489,53.376803,-1.473222,5388,UN1,Sheffield,500535.0,Major,2,14,39,212.0
S1 4SS,E63008489,53.371818,-1.468173,12083,UN1,Sheffield,500535.0,Major,2,8,42,441.0
S10 1GN,E63008489,53.383668,-1.502229,29188,UN1,Sheffield,500535.0,Major,2,10,32,0.0
S10 1UH,E63008489,53.383763,-1.507835,28618,UN1,Sheffield,500535.0,Major,2,10,26,372.0
S10 2HS,E63008489,53.380229,-1.481778,11925,UN1,Sheffield,500535.0,Major,4,11,46,63.0
S10 3BB,E63008489,53.377535,-1.501533,23539,UN1,Sheffield,500535.0,Major,3,8,44,280.0
S10 3BD,E63008489,53.376839,-1.502608,23539,UN1,Sheffield,500535.0,Major,3,8,41,251.0
S10 3GD,E63008489,53.371151,-1.522919,25266,UN1,Sheffield,500535.0,Major,2,5,21,416.0
S10 4JQ,E63008489,53.371752,-1.560232,31039,UN1,Sheffield,500535.0,Major,0,0,0,2266.0
S10 5BY,E63008489,53.377544,-1.508072,25816,UN1,Sheffield,500535.0,Major,4,10,33,182.0
S10 5NG,E63008489,53.379300,-1.519792,28360,UN1,Sheffield,500535.0,Major,2,7,20,74.0
S11 7EB,E63008489,53.368122,-1.523103,28570,UN1,Sheffield,500535.0,Major,2,4,20,233.0
S11 7PX,E63008489,53.355141,-1.527245,31387,UN1,Sheffield,500535.0,Major,0,1,9,993.0
S11 8HN,E63008489,53.370511,-1.483594,7206,UN1,Sheffield,500535.0,Major,5,13,49,0.0
S11 8HY,E63008489,53.372896,-1.480214,7206,UN1,Sheffield,500535.0,Major,3,18,47,347.0
S11 8PN,E63008489,53.369098,-1.493651,28630,UN1,Sheffield,500535.0,Major,1,11,48,340.0
S11 8TP,E63008489,53.362706,-1.508573,30095,UN1,Sheffield,500535.0,Major,1,7,29,159.0
S11 9AL,E63008489,53.363188,-1.494818,20875,UN1,Sheffield,500535.0,Major,2,7,38,0.0
S11 9PH,E63008489,53.356289,-1.510961,31235,UN1,Sheffield,500535.0,Major,1,3,21,448.0
S12 2LG,E63008489,53.346585,-1.428665,20900,UN1,Sheffield,500535.0,Major,2,6,15,250.0
S12 2SS,E63008489,53.359533,-1.429515,874,UN1,Sheffield,500535.0,Major,1,3,24,0.0
S12 3BP,E63008489,53.340317,-1.396985,10588,UN1,Sheffield,500535.0,Major,1,1,10,0.0
S12 3DZ,E63008489,53.347684,-1.417896,5820,UN1,Sheffield,500535.0,Major,1,6,17,0.0
S12 3GH,E63008489,53.343014,-1.420738,24203,UN1,Sheffield,500535.0,Major,3,6,13,0.0
S12 3GL,E63008489,53.344498,-1.426560,24203,UN1,Sheffield,500535.0,Major,4,6,14,144.0
S12 4LA,E63008489,53.345576,-1.374349,12355,UN1,Sheffield,500535.0,Major,0,2,13,834.0
S12 4WD,E63008489,53.349991,-1.402812,23376,UN1,Sheffield,500535.0,Major,0,0,12,1034.0
S13 7JN,E63008489,53.359672,-1.373106,270,UN1,Sheffield,500535.0,Major,3,3,7,233.0
S13 7JX,E63008489,53.358755,-1.369604,9928,UN1,Sheffield,500535.0,Major,3,3,7,202.0
S13 7LY,E63008489,53.357671,-1.372039,270,UN1,Sheffield,500535.0,Major,3,3,7,0.0
S13 8LU,E63008489,53.362237,-1.405301,6635,UN1,Sheffield,500535.0,Major,1,1,13,255.0
S13 9BX,E63008489,53.372675,-1.389795,14610,UN1,Sheffield,500535.0,Major,1,2,11,437.0
S13 9LQ,E63008489,53.372533,-1.370874,21240,UN1,Sheffield,500535.0,Major,0,1,10,836.0
S13 9LR,E63008489,53.375802,-1.396619,5120,UN1,Sheffield,500535.0,Major,0,2,16,988.0
S14 1FX,E63008489,53.345065,-1.445734,1161,UN1,Sheffield,500535.0,Major,0,0,17,1330.0
S17 3GD,E63008489,53.326305,-1.541091,26191,UN1,Sheffield,500535.0,Major,0,1,4,933.0
S17 4DL,E63008489,53.317998,-1.524593,28659,UN1,Sheffield,500535.0,Major,2,2,3,468.0
S17 4DR,E63008489,53.316325,-1.531066,28659,UN1,Sheffield,500535.0,Major,2,2,3,0.0
S18 1PY,E63008617,53.302375,-1.475083,19030,UN1,Dronfield,21160.0,Medium,1,5,7,0.0
S18 2LJ,E63008617,53.304674,-1.464520,14928,UN1,Dronfield,21160.0,Medium,1,4,6,428.0
S18 2XL,E63008617,53.300110,-1.464922,14928,UN1,Dronfield,21160.0,Medium,0,4,7,721.0
S18 8QY,E63008617,53.304986,-1.488542,27391,UN1,Dronfield,21160.0,Medium,1,4,6,0.0
S18 8UE,E63008617,53.299959,-1.494318,32251,UN1,Dronfield,21160.0,Medium,0,2,5,678.0
S2 1AS,E63008489,53.370725,-1.416770,107,UN1,Sheffield,500535.0,Major,2,4,19,367.0
S2 1SL,E63008489,53.368507,-1.420858,107,UN1,Sheffield,500535.0,Major,2,4,18,0.0
S2 1WE,E63008489,53.374902,-1.429219,1162,UN1,Sheffield,500535.0,Major,1,6,23,191.0
S2 2AG,E63008489,53.358385,-1.439581,509,UN1,Sheffield,500535.0,Major,1,7,22,0.0
S2 2BS,E63008489,53.355930,-1.449064,1572,UN1,Sheffield,500535.0,Major,1,6,22,165.0
S2 2TD,E63008489,53.378532,-1.455868,9559,UN1,Sheffield,500535.0,Major,2,6,31,0.0
S2 3AH,E63008489,53.359362,-1.464541,3941,UN1,Sheffield,500535.0,Major,2,9,31,88.0
S2 3TA,E63008489,53.363664,-1.447867,1755,UN1,Sheffield,500535.0,Major,1,5,27,0.0
S2 4HP,E63008489,53.363587,-1.472708,9816,UN1,Sheffield,500535.0,Major,3,14,40,342.0
S2 4UA,E63008489,53.368642,-1.475637,7254,UN1,Sheffield,500535.0,Major,4,15,44,340.0
S2 4UJ,E63008489,53.366612,-1.471814,7254,UN1,Sheffield,500535.0,Major,3,17,45,0.0
S2 5BN,E63008489,53.383856,-1.448674,1273,UN1,Sheffield,500535.0,Major,0,5,23,760.0
S2 5FX,E63008489,53.374952,-1.441799,3289,UN1,Sheffield,500535.0,Major,1,4,22,0.0
S2 5QQ,E63008489,53.377787,-1.454224,9559,UN1,Sheffield,500535.0,Major,2,7,31,137.0
S20 1BJ,E63008489,53.348950,-1.344842,14351,UN1,Sheffield,500535.0,Major,0,3,7,635.0
S20 1HQ,E63008489,53.337895,-1.340221,21492,UN1,Sheffield,500535.0,Major,1,3,9,0.0
S20 5BQ,E63008489,53.325238,-1.364873,23001,UN1,Sheffield,500535.0,Major,1,1,6,0.0
S20 6PD,,53.338180,-1.376470,19728,UN1,,,,1,2,10,0.0
S20 7JL,E63008489,53.343772,-1.352927,14351,UN1,Sheffield,500535.0,Major,2,3,11,138.0
S20 8GN,E63008489,53.325100,-1.342761,28763,UN1,Sheffield,500535.0,Major,0,1,9,1415.0
S20 8ND,E63008489,53.330800,-1.349460,589,UN1,Sheffield,500535.0,Major,0,3,12,999.0
S21 1AH,E63008597,53.324332,-1.317835,20944,RLN1,Killamarsh,9080.0,Small,2,2,3,253.0
S21 1DX,E63008597,53.325026,-1.321458,20944,RLN1,Killamarsh,9080.0,Small,2,2,6,0.0
S21 3UL,E63008631,53.293025,-1.324318,17731,RLN1,Renishaw,2425.0,Minor,1,1,1,222.0
S21 4BZ,E63008612,53.307676,-1.355259,16174,UN1,Eckington (North East Derbyshire),7435.0,Small,2,2,2,0.0
S21 4JH,E63008612,53.309383,-1.356614,15902,UN1,Eckington (North East Derbyshire),7435.0,Small,2,2,5,210.0
S25 2EX,E63008525,53.370014,-1.207330,928,UN1,Dinnington (Rotherham),10960.0,Small,4,4,8,47.0
S25 2EZ,E63008525,53.369591,-1.207323,928,UN1,Dinnington (Rotherham),10960.0,Small,4,4,8,0.0
S25 2PN,E63008525,53.369071,-1.210143,928,UN1,Dinnington (Rotherham),10960.0,Small,4,4,8,196.0
S25 2QE,E63008525,53.369349,-1.203344,928,UN1,Dinnington (Rotherham),10960.0,Small,4,4,7,265.0
S25 3SA,E63008525,53.378395,-1.231331,20446,UN1,Dinnington (Rotherham),10960.0,Small,0,0,5,1869.0
S25 4DB,E63008538,53.357222,-1.223599,21409,UN1,North Anston,6605.0,Small,1,2,8,0.0
S25 5DT,E63008560,53.348131,-1.223013,26156,UN1,South Anston,2525.0,Minor,0,0,3,1012.0
S26 4TT,E63008533,53.364008,-1.322461,20109,UN1,Swallownest and Aston,14910.0,Small,3,3,3,386.0
S26 4WD,E63008533,53.363014,-1.316887,7641,UN1,Swallownest and Aston,14910.0,Small,2,3,3,0.0
S26 5QN,E63008564,53.341204,-1.284013,20080,RLN1,Kiveton Park,7100.0,Small,1,3,4,0.0
S26 6LR,E63008564,53.340445,-1.266919,14770,RLN1,Kiveton Park,7100.0,Small,2,2,4,248.0
S26 6RA,E63008564,53.340615,-1.271256,14770,RLN1,Kiveton Park,7100.0,Small,2,4,4,164.0
S3 7SP,E63008489,53.375340,-1.484182,5388,UN1,Sheffield,500535.0,Major,1,16,47,538.0
S3 8HT,E63008489,53.387460,-1.462445,5859,UN1,Sheffield,500535.0,Major,2,8,29,0.0
S3 9DL,E63008489,53.399239,-1.465320,2418,UN1,Sheffield,500535.0,Major,1,4,21,0.0
S32 1BB,E63008582,53.330919,-1.654033,28456,RLN1,Hathersage,1860.0,Minor,0,0,0,5373.0
S35 0FL,E63008446,53.436049,-1.539175,20233,RLN1,Oughtibridge,3130.0,Minor,1,1,1,277.0
S35 1RN,E63008403,53.459173,-1.479041,6010,UN1,Chapeltown and High Green,22180.0,Medium,1,2,8,0.0
S35 2UW,E63008403,53.462017,-1.465557,15547,UN1,Chapeltown and High Green,22180.0,Medium,1,3,6,947.0
S35 2XE,E63008403,53.462778,-1.464975,15547,UN1,Chapeltown and High Green,22180.0,Medium,1,1,6,1014.0
S35 4LU,E63008403,53.474715,-1.489473,8736,UN1,Chapeltown and High Green,22180.0,Medium,1,1,3,1861.0
S35 4NF,E63008403,53.474453,-1.493604,8736,UN1,Chapeltown and High Green,22180.0,Medium,1,1,3,1953.0
S35 8NX,E63008435,53.438313,-1.496578,26787,UN1,Ecclesfield and Grenoside,8190.0,Small,1,2,7,0.0
S35 9WJ,E63008435,53.445862,-1.463064,19718,UN1,Ecclesfield and Grenoside,8190.0,Small,2,2,9,197.0
S35 9XQ,E63008435,53.444839,-1.465501,19718,UN1,Ecclesfield and Grenoside,8190.0,Small,2,2,8,0.0
S36 1BX,E63008383,53.482334,-1.594911,12147,UN1,Stocksbridge,7265.0,Small,2,2,4,0.0
S36 1DH,E63008383,53.482039,-1.592518,12147,UN1,Stocksbridge,7265.0,Small,2,4,4,162.0
S36 2RA,E63008393,53.480210,-1.578341,12147,UN1,Deepcar,5645.0,Small,1,2,4,0.0
S36 6BZ,E63008315,53.525497,-1.630717,25589,UN1,Penistone,8540.0,Small,4,4,4,57.0
S36 6DA,E63008315,53.525991,-1.630516,25589,UN1,Penistone,8540.0,Small,4,4,4,0.0
S4 7HA,E63008489,53.393156,-1.457892,1249,UN1,Sheffield,500535.0,Major,2,6,24,307.0
S4 7JD,E63008489,53.393655,-1.456758,1964,UN1,Sheffield,500535.0,Major,2,6,22,397.0
S4 8AN,E63008489,53.406424,-1.434740,3695,UN1,Sheffield,500535.0,Major,1,4,15,0.0
S4 8GS,E63008489,53.409199,-1.447685,891,UN1,Sheffield,500535.0,Major,2,7,20,211.0
S4 8GX,E63008489,53.408463,-1.447905,891,UN1,Sheffield,500535.0,Major,2,5,19,133.0
S40 1LE,E63008717,53.238050,-1.433572,12760,UN1,Chesterfield,76420.0,Large,7,10,12,0.0
S40 1LG,E63008717,53.237700,-1.433682,12760,UN1,Chesterfield,76420.0,Large,7,10,12,40.0
S40 1PB,E63008717,53.235192,-1.429894,16005,UN1,Chesterfield,76420.0,Large,6,10,14,318.0
S40 1PJ,E63008717,53.235597,-1.428166,16005,UN1,Chesterfield,76420.0,Large,6,10,14,278.0
S40 2AB,E63008717,53.233962,-1.439619,4574,UN1,Chesterfield,76420.0,Large,1,9,15,0.0
S40 2HP,E63008717,53.219689,-1.436076,499,UN1,Chesterfield,76420.0,Large,2,2,9,0.0
S40 3JX,E63008717,53.230767,-1.466161,27370,UN1,Chesterfield,76420.0,Large,1,1,6,103.0
S40 4AA,E63008717,53.238460,-1.438541,12760,UN1,Chesterfield,76420.0,Large,5,9,12,0.0
S40 4SL,E63008717,53.245674,-1.469033,1377,UN1,Chesterfield,76420.0,Large,0,1,6,916.0
S41 0LJ,E63008717,53.220491,-1.408537,6382,UN1,Chesterfield,76420.0,Large,0,0,5,1836.0
S41 0UB,E63008717,53.253661,-1.418123,23281,UN1,Chesterfield,76420.0,Large,1,3,9,1186.0
S41 7JB,E63008717,53.251869,-1.421175,7791,UN1,Chesterfield,76420.0,Large,1,2,18,1209.0
S41 8DU,E63008717,53.256108,-1.450707,11660,UN1,Chesterfield,76420.0,Large,2,2,6,0.0
S41 8LU,E63008717,53.258860,-1.428080,3827,UN1,Chesterfield,76420.0,Large,2,4,8,310.0
S41 8LX,E63008717,53.259522,-1.429196,3827,UN1,Chesterfield,76420.0,Large,2,3,8,206.0
S41 8QW,E63008717,53.255862,-1.446228,5506,UN1,Chesterfield,76420.0,Large,2,2,9,299.0
S41 9JT,E63008717,53.268857,-1.426507,12235,UN1,Chesterfield,76420.0,Large,0,1,7,925.0
S42 5ED,E63008766,53.201113,-1.398175,16654,UN1,Grassmoor,3535.0,Minor,0,0,2,1992.0
S42 5LQ,E63008787,53.181780,-1.388046,10456,UN1,North Wingfield and Holmewood,9540.0,Small,2,2,5,182.0
S42 5RB,E63008787,53.188418,-1.353276,12491,UN1,North Wingfield and Holmewood,9540.0,Small,0,0,0,2340.0
S42 6BH,E63008789,53.189955,-1.408568,6173,UN1,Old Tupton,4190.0,Minor,0,0,4,1523.0
S42 6PX,E63008763,53.200934,-1.437055,29405,RLN1,Wingerworth,6400.0,Small,1,1,1,0.0
S43 1JG,E63008695,53.257173,-1.395708,7188,UN1,Brimington,11075.0,Small,2,2,5,0.0
S43 2AN,E63008717,53.275427,-1.404224,2538,UN1,Chesterfield,76420.0,Large,0,0,1,2026.0
S43 3ST,E63008692,53.255977,-1.372879,8968,UN1,Staveley (Chesterfield),15145.0,Small,0,0,5,1524.0
S43 3TL,E63008692,53.268605,-1.350627,2678,UN1,Staveley (Chesterfield),15145.0,Small,2,2,2,3253.0
S43 3UR,E63008692,53.266976,-1.353770,2678,UN1,Staveley (Chesterfield),15145.0,Small,2,2,3,2993.0
S43 3UX,E63008692,53.267229,-1.352252,2678,UN1,Staveley (Chesterfield),15145.0,Small,2,2,3,3098.0
S43 4EY,E63008642,53.290186,-1.288929,23415,RLN1,Barlborough,2855.0,Minor,1,2,2,305.0
S43 4JN,E63008665,53.274394,-1.263804,18064,RLN1,Clowne,7760.0,Small,3,3,3,389.0
S43 4LJ,E63008665,53.275589,-1.263753,18064,RLN1,Clowne,7760.0,Small,3,3,3,267.0
S43 4PL,E63008665,53.277740,-1.265531,12527,RLN1,Clowne,7760.0,Small,3,3,5,0.0
S44 5AH,E63008695,53.236220,-1.386894,19825,UN1,Brimington,11075.0,Small,2,2,2,487.0
S44 5BL,E63008717,53.235916,-1.394195,16626,UN1,Chesterfield,76420.0,Large,2,2,4,0.0
S44 6AE,E63008736,53.239910,-1.316824,8890,UN1,Bolsover,11225.0,Small,0,0,1,1914.0
S44 6DT,E63008736,53.229147,-1.290031,10718,UN1,Bolsover,11225.0,Small,3,3,3,156.0
S45 8HE,E63008821,53.157353,-1.368518,13330,RLN1,Pilsley,,,0,0,0,2334.0
S45 9JE,E63008809,53.166667,-1.414467,7902,UN1,Clay Cross,8920.0,Small,4,4,5,93.0
S45 9NG,E63008809,53.168103,-1.412204,7902,UN1,Clay Cross,8920.0,Small,4,5,5,0.0
S45 9NU,E63008809,53.170223,-1.410200,7402,UN1,Clay Cross,8920.0,Small,4,5,7,271.0
S5 0AW,E63008489,53.432781,-1.450555,2672,UN1,Sheffield,500535.0,Major,0,3,16,725.0
S5 0DP,E63008489,53.437650,-1.436388,2546,UN1,Sheffield,500535.0,Major,0,2,5,886.0
S5 0EP,E63008489,53.431951,-1.440316,2309,UN1,Sheffield,500535.0,Major,1,3,10,209.0
S5 0QF,E63008489,53.422637,-1.455486,2236,UN1,Sheffield,500535.0,Major,2,4,20,291.0
S5 6AZ,E63008489,53.417829,-1.438139,1203,UN1,Sheffield,500535.0,Major,1,3,19,0.0
S5 6HH,E63008489,53.417569,-1.445921,1170,UN1,Sheffield,500535.0,Major,1,5,22,0.0
S5 7HF,E63008489,53.412951,-1.472339,619,UN1,Sheffield,500535.0,Major,1,3,19,164.0
S5 7QB,E63008489,53.419051,-1.477666,1752,UN1,Sheffield,500535.0,Major,1,6,15,0.0
S5 8AL,E63008489,53.422895,-1.470998,1752,UN1,Sheffield,500535.0,Major,1,5,17,0.0
S5 8NH,E63008489,53.426919,-1.486750,1588,UN1,Sheffield,500535.0,Major,0,4,15,583.0
S5 9ND,E63008489,53.431862,-1.478307,1206,UN1,Sheffield,500535.0,Major,0,1,18,1108.0
S6 1BG,E63008489,53.427576,-1.499760,2043,UN1,Sheffield,500535.0,Major,1,3,13,282.0
S6 1LH,E63008489,53.420868,-1.492616,11626,UN1,Sheffield,500535.0,Major,1,3,19,329.0
S6 1TT,E63008489,53.419002,-1.515194,23170,UN1,Sheffield,500535.0,Major,1,1,10,0.0
S6 3BU,E63008489,53.390347,-1.481024,11011,UN1,Sheffield,500535.0,Major,3,6,33,225.0
S6 3FT,E63008489,53.389895,-1.486849,1725,UN1,Sheffield,500535.0,Major,3,5,35,0.0
S6 3TN,E63008489,53.392271,-1.502249,20751,UN1,Sheffield,500535.0,Major,1,4,30,0.0
S6 4FA,E63008489,53.409335,-1.507692,21796,UN1,Sheffield,500535.0,Major,3,6,12,0.0
S6 4GQ,E63008489,53.405158,-1.506025,21154,UN1,Sheffield,500535.0,Major,6,6,12,0.0
S6 4HL,E63008489,53.403324,-1.501564,11767,UN1,Sheffield,500535.0,Major,4,6,15,172.0
S6 4JQ,E63008489,53.402044,-1.503023,14099,UN1,Sheffield,500535.0,Major,4,6,13,0.0
S6 5NA,E63008489,53.392592,-1.530621,3854,UN1,Sheffield,500535.0,Major,0,1,7,1477.0
S6 6DP,E63008489,53.394266,-1.540317,24686,UN1,Sheffield,500535.0,Major,0,1,2,1985.0
S60 1EW,E63008458,53.430189,-1.362830,893,UN1,Rotherham,71535.0,Medium,3,16,27,318.0
S60 1QN,E63008458,53.432619,-1.356713,893,UN1,Rotherham,71535.0,Medium,10,16,30,271.0
S60 1QU,E63008458,53.432398,-1.355859,893,UN1,Rotherham,71535.0,Medium,9,16,30,322.0
S60 1TG,E63008410,53.444154,-1.345609,4320,UN1,Rawmarsh,18895.0,Small,1,3,32,617.0
S60 2AG,E63008458,53.424220,-1.354432,686,UN1,Rotherham,71535.0,Medium,2,13,30,356.0
S60 2JH,E63008458,53.417818,-1.360758,686,UN1,Rotherham,71535.0,Medium,0,1,27,1141.0
S60 2NN,E63008458,53.427812,-1.350555,893,UN1,Rotherham,71535.0,Medium,5,17,31,275.0
S60 2PD,E63008458,53.426937,-1.348296,6049,UN1,Rotherham,71535.0,Medium,4,16,30,426.0
S60 2QY,E63008458,53.419582,-1.341261,11282,UN1,Rotherham,71535.0,Medium,1,5,26,499.0
S60 3EW,E63008458,53.417402,-1.332311,8660,UN1,Rotherham,71535.0,Medium,1,6,16,0.0
S60 4HY,E63008479,53.404630,-1.326148,16643,UN1,Whiston,3935.0,Minor,0,0,6,1478.0
S60 4LA,E63008458,53.416586,-1.321521,22450,UN1,Rotherham,71535.0,Medium,1,3,9,242.0
S60 5BS,E63008484,53.403732,-1.374295,24287,UN1,Brinsworth,8760.0,Small,0,1,5,624.0
S60 5PN,E63008508,53.385613,-1.354444,4020,UN1,Treeton,3270.0,Minor,1,2,4,69.0
S60 5SR,E63008507,53.392249,-1.361546,4020,UN1,Waverley and Catcliffe,5340.0,Small,0,2,4,924.0
S61 1AA,E63008458,53.431408,-1.372505,682,UN1,Rotherham,71535.0,Medium,3,8,24,337.0
S61 1AB,E63008458,53.430182,-1.373546,682,UN1,Rotherham,71535.0,Medium,3,5,24,248.0
S61 1EE,E63008458,53.428449,-1.384182,2759,UN1,Rotherham,71535.0,Medium,0,4,14,504.0
S61 1NL,E63008458,53.435592,-1.395970,8749,UN1,Rotherham,71535.0,Medium,0,1,6,1274.0
S61 2QP,E63008407,53.458647,-1.432602,27071,RLN1,Thorpe Hesley,4155.0,Minor,1,1,1,0.0
S61 3QH,E63008458,53.440427,-1.394080,11080,UN1,Rotherham,71535.0,Medium,0,1,7,1460.0
S61 4RD,E63008416,53.453321,-1.373974,857,UN1,Greasbrough,3860.0,Minor,2,2,3,169.0
S62 5HD,E63008410,53.463613,-1.332341,7081,UN1,Rawmarsh,18895.0,Small,0,4,8,808.0
S62 6DP,E63008410,53.454550,-1.343191,4320,UN1,Rawmarsh,18895.0,Small,2,6,13,106.0
S62 6FA,E63008410,53.459997,-1.343287,2909,UN1,Rawmarsh,18895.0,Small,3,6,10,63.0
S62 6JE,E63008410,53.447860,-1.342902,4320,UN1,Rawmarsh,18895.0,Small,1,5,24,847.0
S62 6LW,E63008410,53.459642,-1.344031,2909,UN1,Rawmarsh,18895.0,Small,4,6,11,0.0
S62 7HX,E63008410,53.471708,-1.348033,8017,UN1,Rawmarsh,18895.0,Small,0,0,7,1368.0
S63 0JF,E63008280,53.538601,-1.309434,2048,UN1,Thurnscoe,9135.0,Small,1,4,7,0.0
S63 0LT,E63008280,53.546396,-1.309897,965,UN1,Thurnscoe,9135.0,Small,1,3,4,142.0
S63 5DB,E63008356,53.504464,-1.325533,9757,UN1,Wath upon Dearne,16960.0,Small,0,0,9,1364.0
S63 7DA,E63008356,53.504064,-1.345697,2745,UN1,Wath upon Dearne,16960.0,Small,3,3,5,148.0
S63 7QB,E63008356,53.502916,-1.342820,9757,UN1,Wath upon Dearne,16960.0,Small,3,3,5,208.0
S63 7QY,E63008356,53.502502,-1.346083,2745,UN1,Wath upon Dearne,16960.0,Small,3,3,5,28.0
S63 8BA,E63008322,53.520535,-1.322126,6940,UN1,Bolton upon Dearne,7445.0,Small,0,1,5,1122.0
S63 9BL,E63008306,53.527890,-1.320952,7909,UN1,Goldthorpe,7490.0,Small,0,3,6,663.0
S63 9EH,E63008306,53.528120,-1.310932,7909,UN1,Goldthorpe,7490.0,Small,1,3,6,0.0
S63 9NF,E63008306,53.534290,-1.303816,2048,UN1,Goldthorpe,7490.0,Small,0,4,8,606.0
S64 0DB,E63008359,53.494642,-1.281086,2886,UN1,Mexborough,15555.0,Small,3,4,5,0.0
S64 0JP,E63008359,53.493733,-1.279503,2886,UN1,Mexborough,15555.0,Small,3,4,5,61.0
S64 5UP,E63008376,53.476979,-1.307089,7817,UN1,Swinton (Rotherham),15910.0,Small,1,1,4,0.0
S64 8NB,E63008376,53.487728,-1.314616,5883,UN1,Swinton (Rotherham),15910.0,Small,2,2,8,0.0
S64 8QA,E63008376,53.487481,-1.315464,5883,UN1,Swinton (Rotherham),15910.0,Small,2,2,7,62.0
S64 9AS,E63008359,53.493467,-1.289124,7844,UN1,Mexborough,15555.0,Small,0,5,8,548.0
S64 9RB,E63008359,53.495585,-1.302234,2354,UN1,Mexborough,15555.0,Small,0,1,9,1198.0
S65 1AB,E63008458,53.435180,-1.353318,893,UN1,Rotherham,71535.0,Medium,7,17,29,312.0
S65 1DA,E63008458,53.430016,-1.352433,893,UN1,Rotherham,71535.0,Medium,10,16,31,0.0
S65 1HY,E63008458,53.433423,-1.354187,893,UN1,Rotherham,71535.0,Medium,9,15,29,332.0
S65 1JQ,E63008458,53.432130,-1.354418,893,UN1,Rotherham,71535.0,Medium,9,16,29,269.0
S65 1PW,E63008458,53.435119,-1.348607,497,UN1,Rotherham,71535.0,Medium,3,16,28,0.0
S65 1QY,E63008458,53.439179,-1.341500,252,UN1,Rotherham,71535.0,Medium,1,6,28,0.0
S65 2QN,E63008458,53.429835,-1.330973,1522,UN1,Rotherham,71535.0,Medium,1,2,30,179.0
S65 3HD,E63008424,53.441661,-1.317645,1013,UN1,Thrybergh and Dalton,5860.0,Small,2,2,9,0.0
S65 3SW,E63008424,53.443557,-1.319165,1013,UN1,Thrybergh and Dalton,5860.0,Small,2,2,10,234.0
S65 4BT,E63008424,53.447483,-1.300101,1090,UN1,Thrybergh and Dalton,5860.0,Small,0,0,3,1330.0
S65 4PU,E63008453,53.438100,-1.268642,24079,UN1,Wickersley and Bramley,24655.0,Medium,0,0,3,1900.0
S66 1AA,E63008453,53.420748,-1.284498,24555,UN1,Wickersley and Bramley,24655.0,Medium,4,4,5,249.0
S66 1EU,E63008453,53.420708,-1.280737,13804,UN1,Wickersley and Bramley,24655.0,Medium,4,4,6,0.0
S66 2JQ,E63008453,53.422328,-1.279671,24555,UN1,Wickersley and Bramley,24655.0,Medium,4,5,7,0.0
S66 3QT,E63008453,53.430577,-1.277756,18134,UN1,Wickersley and Bramley,24655.0,Medium,0,2,7,926.0
S66 7BN,E63008457,53.423627,-1.198463,2988,UN1,Maltby,16310.0,Small,5,5,6,376.0
S66 8DP,E63008457,53.424454,-1.223007,9068,UN1,Maltby,16310.0,Small,0,0,6,1240.0
S66 8JD,E63008457,53.422250,-1.203650,2988,UN1,Maltby,16310.0,Small,5,5,6,0.0
S66 8JE,E63008457,53.423549,-1.204348,11096,UN1,Maltby,16310.0,Small,5,5,6,0.0
S66 8LA,E63008457,53.423404,-1.201477,2988,UN1,Maltby,16310.0,Small,5,5,6,191.0
S66 9DD,E63008491,53.394191,-1.257228,3745,RLN1,Thurcroft,6100.0,Small,2,2,2,351.0
S66 9LP,E63008491,53.394230,-1.251934,10055,RLN1,Thurcroft,6100.0,Small,2,2,2,0.0
S7 1FL,E63008489,53.361824,-1.478696,5935,UN1,Sheffield,500535.0,Major,3,15,35,423.0
S7 1LJ,E63008489,53.366786,-1.480769,16427,UN1,Sheffield,500535.0,Major,5,15,42,108.0
S7 2BE,E63008489,53.354878,-1.485406,14767,UN1,Sheffield,500535.0,Major,4,7,35,271.0
S7 2DW,E63008489,53.353454,-1.488728,18508,UN1,Sheffield,500535.0,Major,2,8,36,0.0
S7 2QB,E63008489,53.346651,-1.493241,18870,UN1,Sheffield,500535.0,Major,1,3,19,814.0
S70 1GW,E63008268,53.552426,-1.478216,6051,UN1,Barnsley,71405.0,Medium,7,18,27,286.0
S70 1QB,E63008268,53.548095,-1.484925,4956,UN1,Barnsley,71405.0,Medium,2,14,26,131.0
S70 1RR,E63008268,53.552092,-1.479971,6870,UN1,Barnsley,71405.0,Medium,8,17,27,293.0
S70 1RT,E63008268,53.551649,-1.479388,6870,UN1,Barnsley,71405.0,Medium,7,17,27,231.0
S70 1SE,E63008268,53.554125,-1.478301,6051,UN1,Barnsley,71405.0,Medium,6,18,24,453.0
S70 1XS,E63008268,53.546639,-1.472401,452,UN1,Barnsley,71405.0,Medium,4,10,23,73.0
S70 1XY,E63008268,53.549879,-1.477568,6870,UN1,Barnsley,71405.0,Medium,8,13,27,0.0
S70 2LT,E63008268,53.558183,-1.485633,6051,UN1,Barnsley,71405.0,Medium,4,13,25,0.0
S70 3NA,E63008268,53.542562,-1.457165,1251,UN1,Barnsley,71405.0,Medium,1,2,19,61.0
S70 3NS,E63008268,53.540458,-1.433849,17862,UN1,Barnsley,71405.0,Medium,0,0,5,1551.0
S70 5HJ,E63008304,53.534546,-1.475870,11147,UN1,Worsbrough,8835.0,Small,0,0,17,1196.0
S70 5NZ,E63008304,53.529021,-1.460340,7400,UN1,Worsbrough,8835.0,Small,3,3,6,0.0
S70 5PA,E63008304,53.529190,-1.461756,7400,UN1,Worsbrough,8835.0,Small,3,3,6,95.0
S70 5TD,E63008335,53.505937,-1.480278,20303,UN1,Birdwell,3360.0,Minor,0,0,1,2886.0
S70 6AA,E63008268,53.551407,-1.488100,3998,UN1,Barnsley,71405.0,Medium,4,16,23,244.0
S70 6QW,E63008268,53.547800,-1.506646,12181,UN1,Barnsley,71405.0,Medium,1,2,21,0.0
S71 1LN,E63008268,53.560737,-1.475396,2124,UN1,Barnsley,71405.0,Medium,0,5,25,733.0
S71 1TH,E63008268,53.578237,-1.479681,555,UN1,Barnsley,71405.0,Medium,1,3,4,228.0
S71 1UT,E63008268,53.573130,-1.468901,7954,UN1,Barnsley,71405.0,Medium,1,2,8,1133.0
S71 2EJ,E63008268,53.567039,-1.453652,17695,UN1,Barnsley,71405.0,Medium,1,1,6,125.0
S71 3QL,E63008268,53.574794,-1.469182,3787,UN1,Barnsley,71405.0,Medium,1,2,6,1019.0
S71 4QW,E63008190,53.600022,-1.451021,11378,UN1,Royston (Barnsley),10755.0,Small,1,3,3,0.0
S71 4RF,E63008190,53.597943,-1.458316,11378,UN1,Royston (Barnsley),10755.0,Small,1,3,3,0.0
S71 5PN,E63008268,53.557729,-1.438540,3725,UN1,Barnsley,71405.0,Medium,1,1,5,0.0
S72 0DB,E63008267,53.552554,-1.348573,9775,RLN1,Great Houghton (Barnsley),2485.0,Minor,0,0,0,2543.0
S72 7LJ,E63008226,53.574362,-1.379621,2908,RLN1,Grimethorpe,5065.0,Small,1,1,1,92.0
S72 8NF,E63008228,53.591730,-1.406863,12603,UN1,Cudworth and Shafton,12470.0,Small,0,0,3,1677.0
S72 8SS,E63008228,53.577366,-1.417758,8204,UN1,Cudworth and Shafton,12470.0,Small,2,2,3,82.0
S72 8ST,E63008228,53.577807,-1.417873,8204,UN1,Cudworth and Shafton,12470.0,Small,2,2,3,68.0
S73 0AA,E63008320,53.522361,-1.398040,8841,UN1,Wombwell,16765.0,Small,4,4,8,76.0
S73 0AJ,E63008320,53.522196,-1.395720,6948,UN1,Wombwell,16765.0,Small,4,4,8,0.0
S73 0DD,E63008320,53.521916,-1.398921,8841,UN1,Wombwell,16765.0,Small,4,4,7,0.0
S73 0TB,E63008339,53.507323,-1.389281,16853,UN1,Brampton (Rotherham),4620.0,Minor,0,1,6,1708.0
S73 0TW,E63008339,53.511938,-1.379444,5508,UN1,Brampton (Rotherham),4620.0,Minor,0,1,6,1568.0
S73 9JU,E63008297,53.533631,-1.374919,10314,UN1,Darfield,7210.0,Small,2,3,6,280.0
S73 9JX,E63008297,53.533842,-1.370691,6896,UN1,Darfield,7210.0,Small,2,3,3,0.0
S73 9LR,E63008297,53.531914,-1.381959,10314,UN1,Darfield,7210.0,Small,0,3,8,775.0
S74 0LY,E63008357,53.497168,-1.464889,5744,UN1,Hoyland,15535.0,Small,0,0,4,1821.0
S74 9AF,E63008357,53.499839,-1.437721,6101,UN1,Hoyland,15535.0,Small,2,3,4,0.0
S74 9LJ,E63008357,53.499427,-1.428425,16032,UN1,Hoyland,15535.0,Small,0,3,3,617.0
S74 9QR,E63008357,53.501292,-1.438892,6101,UN1,Hoyland,15535.0,Small,2,3,4,179.0
S75 1HS,E63008247,53.569305,-1.519050,25139,UN1,Barugh Green and Redbrook,7550.0,Small,0,2,4,998.0
S75 1LD,E63008247,53.567456,-1.533189,14927,UN1,Barugh Green and Redbrook,7550.0,Small,0,1,3,1430.0
S75 2AE,E63008268,53.556722,-1.490828,13705,UN1,Barnsley,71405.0,Medium,5,12,24,0.0
S75 3RF,E63008283,53.542381,-1.524817,12657,UN1,Dodworth,5975.0,Small,0,0,3,1343.0
S75 4JH,E63008279,53.548830,-1.563760,25345,RLN1,Silkstone,1680.0,Minor,0,0,0,3496.0
S75 5EF,E63008213,53.582435,-1.548507,10817,UN1,Darton,15025.0,Small,0,0,3,1287.0
S75 5HQ,E63008213,53.586094,-1.530009,10817,UN1,Darton,15025.0,Small,1,1,5,0.0
S75 6AL,E63008213,53.586132,-1.508165,16052,UN1,Darton,15025.0,Small,2,2,5,128.0
S75 6FH,E63008213,53.587170,-1.509014,8664,UN1,Darton,15025.0,Small,2,2,5,0.0
S8 0RG,E63008489,53.356145,-1.479080,18937,UN1,Sheffield,500535.0,Major,4,9,36,246.0
S8 0SE,E63008489,53.343000,-1.478294,21370,UN1,Sheffield,500535.0,Major,4,5,19,367.0
S8 0SH,E63008489,53.339926,-1.480299,21370,UN1,Sheffield,500535.0,Major,4,5,17,0.0
S8 0TD,E63008489,53.345311,-1.493106,18870,UN1,Sheffield,500535.0,Major,1,4,19,951.0
S8 0YH,E63008489,53.358273,-1.476410,18937,UN1,Sheffield,500535.0,Major,3,15,37,0.0
S8 7BP,E63008489,53.327852,-1.488058,31968,UN1,Sheffield,500535.0,Major,2,4,12,289.0
S8 7LD,E63008489,53.322506,-1.480331,958,UN1,Sheffield,500535.0,Major,0,4,10,531.0
S8 7RD,E63008489,53.326702,-1.484153,15042,UN1,Sheffield,500535.0,Major,2,4,11,0.0
S8 7UP,E63008489,53.328258,-1.474000,26967,UN1,Sheffield,500535.0,Major,0,6,12,696.0
S8 8DJ,E63008489,53.323287,-1.463897,1106,UN1,Sheffield,500535.0,Major,1,2,7,0.0
S8 8QA,E63008489,53.340094,-1.477534,26721,UN1,Sheffield,500535.0,Major,4,5,17,185.0
S8 8SE,E63008489,53.345772,-1.472778,17658,UN1,Sheffield,500535.0,Major,1,4,23,820.0
S80 1DL,E63008605,53.302314,-1.124355,7504,UN1,Worksop,43440.0,Medium,4,4,7,151.0
S80 1HP,E63008605,53.301085,-1.123405,7504,UN1,Worksop,43440.0,Medium,4,5,7,0.0
S80 1JQ,E63008605,53.304788,-1.124620,7504,UN1,Worksop,43440.0,Medium,4,4,8,420.0
S80 2HD,E63008605,53.300952,-1.122463,7504,UN1,Worksop,43440.0,Medium,4,5,7,64.0
S80 2TP,E63008605,53.296536,-1.111240,1220,UN1,Worksop,43440.0,Medium,0,3,5,954.0
S80 4JE,E63008683,53.262432,-1.217624,3515,RLN1,Creswell,5795.0,Small,2,2,2,121.0
S80 4QR,E63008643,53.284310,-1.206350,19206,RLN1,Whitwell (Bolsover),3720.0,Minor,0,0,0,2489.0
S81 0HH,E63008605,53.319040,-1.105879,4182,UN1,Worksop,43440.0,Medium,3,3,5,0.0
S81 0RS,E63008605,53.320217,-1.110584,5455,UN1,Worksop,43440.0,Medium,3,3,6,339.0
S81 7AP,E63008605,53.315280,-1.132196,3034,UN1,Worksop,43440.0,Medium,0,0,10,1463.0
S81 7AZ,E63008605,53.326048,-1.133329,11940,UN1,Worksop,43440.0,Medium,0,0,5,1858.0
S81 9AN,E63008535,53.357730,-1.119374,23601,RLN1,Carlton in Lindrick,5460.0,Small,0,0,0,4394.0
S81 9QG,E63008511,53.378451,-1.118346,4671,RLN1,Langold,2605.0,Minor,0,0,0,5984.0
S9 1DH,E63008489,53.414323,-1.419199,6577,UN1,Sheffield,500535.0,Major,0,3,12,603.0
S9 1DJ,E63008489,53.419468,-1.416330,9300,UN1,Sheffield,500535.0,Major,1,3,12,0.0
S9 1EN,E63008489,53.413998,-1.411576,1272,UN1,Sheffield,500535.0,Major,0,3,9,685.0
S9 1UY,E63008489,53.411347,-1.395545,9099,UN1,Sheffield,500535.0,Major,1,1,7,115.0
S9 3QS,E63008489,53.392728,-1.433282,1249,UN1,Sheffield,500535.0,Major,1,1,15,1526.0
S9 3RP,E63008489,53.394104,-1.431669,1249,UN1,Sheffield,500535.0,Major,1,1,17,1385.0
S9 4QH,E63008489,53.384852,-1.408850,9719,UN1,Sheffield,500535.0,Major,6,6,15,0.0
S9 4RJ,E63008489,53.387139,-1.413374,4143,UN1,Sheffield,500535.0,Major,6,6,12,231.0
S9 5DH,E63008489,53.388221,-1.410397,1814,UN1,Sheffield,500535.0,Major,6,6,12,0.0
S9 5HP,E63008489,53.386534,-1.410961,4143,UN1,Sheffield,500535.0,Major,6,6,12,191.0
SE1 1JH,E63012110,51.499704,-0.095438,11190,UN1,Southwark,,,4,14,65,364.0
SE1 1LZ,E63012110,51.504861,-0.089603,13960,UN1,Southwark,,,3,15,73,260.0
SE1 2HD,E63012110,51.505667,-0.083359,14772,UN1,Southwark,,,3,12,72,268.0
SE1 2NJ,E63012110,51.503877,-0.075120,24817,UN1,Southwark,,,2,12,68,448.0
SE1 3GF,E63012110,51.493979,-0.074759,12106,UN1,Southwark,,,2,17,50,0.0
SE1 3NP,E63012110,51.498002,-0.076030,7826,UN1,Southwark,,,6,16,59,454.0
SE1 4TW,E63012110,51.496529,-0.082734,15923,UN1,Southwark,,,2,22,58,398.0
SE1 5AG,E63012110,51.485874,-0.071845,5759,UN1,Southwark,,,1,13,49,589.0
SE1 5HG,E63012110,51.488896,-0.076226,4297,UN1,Southwark,,,5,17,56,386.0
SE1 5LU,E63012110,51.489632,-0.078918,6731,UN1,Southwark,,,4,12,57,184.0
SE1 5NA,E63012110,51.490943,-0.081009,6731,UN1,Southwark,,,6,12,53,52.0
SE1 6AD,E63012110,51.496458,-0.093802,4225,UN1,Southwark,,,4,14,65,47.0
SE1 6ED,E63012110,51.499127,-0.096456,11190,UN1,Southwark,,,4,15,66,347.0
SE1 6ET,E63012110,51.495873,-0.103219,4581,UN1,Southwark,,,3,19,62,93.0
SE1 6TB,E63012110,51.494304,-0.099640,2298,UN1,Southwark,,,4,17,57,216.0
SE1 7AB,E63012131,51.501502,-0.111573,8211,UN1,Lambeth,,,6,16,72,186.0
SE1 7BL,E63012131,51.497593,-0.112268,10007,UN1,Lambeth,,,8,20,68,341.0
SE1 7EH,E63012131,51.497960,-0.118880,21865,UN1,Lambeth,,,4,17,77,0.0
SE1 7LY,E63012131,51.503050,-0.113310,8211,UN1,Lambeth,,,5,18,76,206.0
SE1 9LP,E63012110,51.507761,-0.105953,15563,UN1,Southwark,,,2,15,79,267.0
SE10 0EL,E63012129,51.494961,0.013451,10335,UN1,Greenwich,,,1,3,24,212.0
SE10 0PE,E63012129,51.500707,0.006169,3574,UN1,Greenwich,,,0,3,33,923.0
SE10 0RA,E63012129,51.486424,0.008422,12724,UN1,Greenwich,,,4,6,25,41.0
SE10 8JA,E63012129,51.477600,-0.014720,16644,UN1,Greenwich,,,5,12,39,222.0
SE10 8NB,E63012129,51.479069,-0.011214,17618,UN1,Greenwich,,,3,6,37,144.0
SE10 8PB,E63012129,51.473194,-0.014767,16768,UN1,Greenwich,,,3,14,38,56.0
SE10 9EQ,E63012129,51.485714,0.006244,12724,UN1,Greenwich,,,4,5,29,151.0
SE10 9ER,E63012129,51.485498,0.006797,12724,UN1,Greenwich,,,4,5,26,139.0
SE11 4DA,E63012131,51.484310,-0.110569,9835,UN1,Lambeth,,,2,15,72,571.0
SE11 4HQ,E63012131,51.489635,-0.107886,9487,UN1,Lambeth,,,2,18,67,140.0
SE11 5QU,E63012131,51.486711,-0.113884,8915,UN1,Lambeth,,,3,12,78,321.0
SE11 6EE,E63012131,51.492741,-0.116430,8065,UN1,Lambeth,,,3,17,75,361.0
SE11 6NJ,E63012131,51.496104,-0.111940,10007,UN1,Lambeth,,,4,18,70,496.0
SE11 6NL,E63012131,51.496001,-0.111700,10007,UN1,Lambeth,,,3,18,71,500.0
SE12 0AA,E63012161,51.449202,0.013135,20277,UN1,Lewisham,,,1,5,27,456.0
SE12 0DU,E63012161,51.432816,0.021047,8997,UN1,Lewisham,,,1,3,18,1022.0
SE12 0EF,E63012161,51.429634,0.020978,5272,UN1,Lewisham,,,1,6,20,832.0
SE12 0JS,E63012161,51.442716,0.015382,22714,UN1,Lewisham,,,0,1,23,1181.0
SE12 8PZ,E63012161,51.456320,0.011332,7935,UN1,Lewisham,,,3,9,30,405.0
SE12 8RG,E63012161,51.455359,0.012283,7935,UN1,Lewisham,,,3,9,31,329.0
SE12 8RW,E63012161,51.456405,0.010544,7935,UN1,Lewisham,,,5,10,30,405.0
SE12 9QL,E63012161,51.431829,0.029261,9917,UN1,Lewisham,,,0,2,14,1319.0
SE13 5JH,E63012161,51.462910,-0.010751,8690,UN1,Lewisham,,,4,9,42,569.0
SE13 5JN,E63012161,51.463055,-0.010816,8690,UN1,Lewisham,,,4,9,42,585.0
SE13 5ND,E63012161,51.453276,-0.000504,14973,UN1,Lewisham,,,1,11,33,528.0
SE13 5PB,E63012161,51.459012,-0.002585,10983,UN1,Lewisham,,,2,14,33,488.0
SE13 5PJ,E63012161,51.458515,0.004418,22979,UN1,Lewisham,,,3,11,34,0.0
SE13 6BG,E63012161,51.461801,-0.009489,6379,UN1,Lewisham,,,5,7,41,458.0
SE13 6JZ,E63012161,51.457272,-0.013976,7263,UN1,Lewisham,,,1,13,38,211.0
SE13 6RN,E63012161,51.449858,-0.005791,12310,UN1,Lewisham,,,2,9,33,0.0
SE13 6RT,E63012161,51.450701,-0.006186,13870,UN1,Lewisham,,,3,11,33,98.0
SE13 7EP,E63012161,51.461793,-0.011692,6379,UN1,Lewisham,,,5,9,44,446.0
SE13 7PA,E63012161,51.465861,-0.011357,8690,UN1,Lewisham,,,4,11,43,768.0
SE13 7SX,E63012161,51.467393,-0.022175,10084,UN1,Lewisham,,,1,11,39,0.0
SE14 5HD,E63012161,51.474264,-0.047409,6016,UN1,Lewisham,,,2,3,41,0.0
SE14 5UL,E63012161,51.474667,-0.042452,6679,UN1,Lewisham,,,2,6,40,346.0
SE14 6LD,E63012161,51.476403,-0.031707,4228,UN1,Lewisham,,,7,13,30,0.0
SE14 6TJ,E63012161,51.474602,-0.027839,5288,UN1,Lewisham,,,8,16,35,0.0
SE15 3HB,E63012110,51.466056,-0.056772,5613,UN1,Southwark,,,2,5,37,233.0
SE15 3QF,E63012110,51.465342,-0.058141,5613,UN1,Southwark,,,2,5,36,140.0
SE15 4QY,E63012110,51.467895,-0.072272,9345,UN1,Southwark,,,3,15,45,136.0
SE15 4TL,E63012110,51.468604,-0.067232,8321,UN1,Southwark,,,5,15,45,204.0
SE15 5BS,E63012110,51.472436,-0.070022,5696,UN1,Southwark,,,7,13,46,313.0
SE15 5EW,E63012110,51.472672,-0.069119,5696,UN1,Southwark,,,8,13,45,248.0
SE15 5JZ,E63012110,51.474688,-0.068631,6961,UN1,Southwark,,,7,12,52,162.0
SE15 5LJ,E63012110,51.474437,-0.075222,4531,UN1,Southwark,,,5,13,54,0.0
SE15 5SL,E63012110,51.474157,-0.066450,5948,UN1,Southwark,,,5,11,45,0.0
SE16 2UN,E63012110,51.492370,-0.046001,7294,UN1,Southwark,,,2,5,29,265.0
SE16 3HF,E63012110,51.486458,-0.062545,8567,UN1,Southwark,,,2,7,42,0.0
SE16 3RW,E63012110,51.491965,-0.063824,2987,UN1,Southwark,,,2,13,39,0.0
SE16 3TU,E63012110,51.492355,-0.064585,2987,UN1,Southwark,,,2,12,38,68.0
SE16 4BN,E63012110,51.496937,-0.069232,11006,UN1,Southwark,,,3,11,53,0.0
SE16 4RT,E63012110,51.498148,-0.061977,8739,UN1,Southwark,,,0,13,46,520.0
SE16 7JQ,E63012110,51.499480,-0.052828,9550,UN1,Southwark,,,1,7,37,229.0
SE16 7LL,E63012110,51.495399,-0.046937,10212,UN1,Southwark,,,2,5,29,413.0
SE17 1JE,E63012110,51.488711,-0.096329,5652,UN1,Southwark,,,4,17,68,172.0
SE17 1RL,E63012110,51.488790,-0.095663,5242,UN1,Southwark,,,4,17,66,208.0
SE17 2AL,E63012110,51.485746,-0.093744,11322,UN1,Southwark,,,5,10,62,337.0
SE17 2SX,E63012110,51.490120,-0.082340,6529,UN1,Southwark,,,6,16,55,90.0
SE17 2TG,E63012110,51.487165,-0.094708,8110,UN1,Southwark,,,5,14,64,214.0
SE17 2UQ,E63012110,51.488355,-0.086620,9184,UN1,Southwark,,,5,13,65,65.0
SE17 3NH,E63012110,51.482669,-0.103033,8831,UN1,Southwark,,,1,17,68,645.0
SE18 1JQ,E63012129,51.487111,0.092501,8659,UN1,Greenwich,,,7,14,35,46.0
SE18 1PP,E63012129,51.487062,0.091260,8659,UN1,Greenwich,,,7,15,36,107.0
SE18 1SJ,E63012129,51.487716,0.090340,8659,UN1,Greenwich,,,7,15,35,160.0
SE18 2NB,E63012129,51.479879,0.088584,12091,UN1,Greenwich,,,1,9,32,493.0
SE18 3SH,E63012129,51.480543,0.069416,7158,UN1,Greenwich,,,4,7,32,229.0
SE18 3TN,E63012129,51.481982,0.070389,7478,UN1,Greenwich,,,4,10,31,181.0
SE18 5QE,E63012129,51.492414,0.055576,7387,UN1,Greenwich,,,2,9,28,307.0
SE18 6AB,E63012129,51.490359,0.068593,22527,UN1,Greenwich,,,6,15,37,487.0
SE18 6HX,E63012129,51.490445,0.067315,9152,UN1,Greenwich,,,5,14,37,445.0
SE18 6JR,E63012129,51.488920,0.066597,5270,UN1,Greenwich,,,4,17,36,506.0
SE18 6LQ,E63012129,51.491652,0.066159,6353,UN1,Greenwich,,,5,12,35,325.0
SE18 6NB,E63012129,51.492554,0.064486,9152,UN1,Greenwich,,,6,12,31,207.0
SE18 6TE,E63012129,51.493492,0.073503,18297,UN1,Greenwich,,,3,12,39,0.0
SE18 7BE,E63012129,51.484430,0.071292,7478,UN1,Greenwich,,,3,12,33,380.0
SE18 7PS,E63012129,51.486205,0.080245,15631,UN1,Greenwich,,,3,21,37,138.0
SE19 1QS,E63012131,51.427418,-0.085973,13955,UN1,Lambeth,,,2,3,20,320.0
SE19 1TQ,E63012131,51.419882,-0.082103,12428,UN1,Lambeth,,,1,5,26,755.0
SE19 2AS,E63012282,51.416396,-0.072469,10368,UN1,Bromley,,,1,8,27,437.0
SE19 3NG,E63012338,51.422442,-0.105124,17644,UN1,Croydon,,,2,2,28,463.0
SE19 3RW,E63012338,51.417882,-0.081927,13940,UN1,Croydon,,,1,6,24,546.0
SE2 0BS,E63012129,51.487408,0.113560,16175,UN1,Greenwich,,,1,5,25,424.0
SE2 0XJ,E63012129,51.485123,0.102623,8863,UN1,Greenwich,,,1,9,29,448.0
SE2 9BB,E63012129,51.497776,0.115106,2565,UN1,Greenwich,,,2,8,22,145.0
SE2 9FE,E63012138,51.496494,0.121876,4777,UN1,Bexley,,,3,6,15,42.0
SE2 9PT,E63012129,51.493755,0.110194,4419,UN1,Greenwich,,,0,7,28,595.0
SE2 9RH,E63012138,51.490321,0.121560,14752,UN1,Bexley,,,0,8,20,692.0
SE20 7AA,E63012282,51.409106,-0.059043,15958,UN1,Bromley,,,3,8,33,124.0
SE20 7DS,E63012282,51.414983,-0.052280,14874,UN1,Bromley,,,1,8,32,642.0
SE20 7EX,E63012282,51.414657,-0.052653,14874,UN1,Bromley,,,1,8,32,612.0
SE20 7YZ,E63012282,51.407745,-0.062106,5959,UN1,Bromley,,,3,6,27,162.0
SE20 8QA,E63012282,51.412770,-0.064180,8996,UN1,Bromley,,,3,10,23,0.0
SE21 7BN,E63012110,51.451207,-0.085583,26265,UN1,Southwark,,,0,11,28,640.0
SE21 8SZ,E63012131,51.436586,-0.091201,12526,UN1,Lambeth,,,1,4,22,0.0
SE22 0RR,E63012110,51.453495,-0.062314,22986,UN1,Southwark,,,1,6,29,57.0
SE22 8BB,E63012110,51.462198,-0.084576,13921,UN1,Southwark,,,5,11,52,433.0
SE22 8DR,E63012110,51.460658,-0.075672,15542,UN1,Southwark,,,6,13,50,371.0
SE22 8EY,E63012110,51.459235,-0.080511,15542,UN1,Southwark,,,6,12,50,0.0
SE22 8HF,E63012110,51.457483,-0.075662,18363,UN1,Southwark,,,7,11,41,336.0
SE22 8JN,E63012110,51.448369,-0.073195,17627,UN1,Southwark,,,2,6,25,0.0
SE22 8PT,E63012110,51.458930,-0.081071,15542,UN1,Southwark,,,6,11,50,0.0
SE22 9ET,E63012110,51.457424,-0.073145,18363,UN1,Southwark,,,3,12,38,231.0
SE23 1HU,E63012161,51.442383,-0.040854,6878,UN1,Lewisham,,,2,6,26,0.0
SE23 2JF,E63012161,51.435469,-0.043625,16478,UN1,Lewisham,,,1,10,19,0.0
SE23 3HN,E63012161,51.437794,-0.054187,16542,UN1,Lewisham,,,0,3,21,776.0
SE24 9HU,E63012110,51.452613,-0.099586,24794,UN1,Southwark,,,4,7,45,265.0
SE24 9JU,E63012110,51.453154,-0.100226,24794,UN1,Southwark,,,5,6,45,312.0
SE24 9NE,E63012110,51.456768,-0.096290,26350,UN1,Southwark,,,2,7,47,205.0
SE25 5NT,E63012338,51.393136,-0.067252,8461,UN1,Croydon,,,2,3,28,0.0
SE25 5QF,E63012338,51.388884,-0.090356,7046,UN1,Croydon,,,1,8,51,165.0
SE25 6DP,E63012338,51.409559,-0.087093,13982,UN1,Croydon,,,2,5,31,430.0
SE25 6EP,E63012338,51.398521,-0.076412,6706,UN1,Croydon,,,0,5,34,598.0
SE25 6XB,E63012338,51.399098,-0.086365,8781,UN1,Croydon,,,0,8,32,597.0
SE26 4BB,E63012161,51.431157,-0.060181,13495,UN1,Lewisham,,,1,6,25,214.0
SE26 4PU,E63012161,51.429204,-0.036297,5993,UN1,Lewisham,,,2,4,20,201.0
SE26 4RS,E63012161,51.426522,-0.055615,8598,UN1,Lewisham,,,3,6,24,609.0
SE26 5EX,E63012161,51.426500,-0.052667,8598,UN1,Lewisham,,,3,7,25,705.0
SE26 5QE,E63012161,51.425750,-0.050283,17542,UN1,Lewisham,,,3,7,25,757.0
SE26 5SL,E63012161,51.428403,-0.038417,7450,UN1,Lewisham,,,2,6,20,102.0
SE26 5UA,E63012161,51.426216,-0.050162,17542,UN1,Lewisham,,,3,7,26,798.0
SE27 0QT,E63012131,51.422899,-0.105062,3600,UN1,Lambeth,,,2,3,29,458.0
SE27 9AW,E63012131,51.437861,-0.106026,16219,UN1,Lambeth,,,4,5,34,0.0
SE27 9AZ,E63012131,51.440701,-0.106484,8977,UN1,Lambeth,,,2,6,36,317.0
SE27 9DJ,E63012131,51.435867,-0.103979,16219,UN1,Lambeth,,,4,7,31,263.0
SE27 9DL,E63012131,51.434664,-0.103554,16219,UN1,Lambeth,,,4,7,29,332.0
SE27 9QY,E63012131,51.427529,-0.087796,13955,UN1,Lambeth,,,2,4,21,330.0
SE28 0AQ,E63012129,51.494366,0.095153,14715,UN1,Greenwich,,,2,13,36,323.0
SE28 0DZ,E63012129,51.494056,0.082778,8319,UN1,Greenwich,,,2,14,39,336.0
SE28 0NY,E63012129,51.498473,0.090299,14715,UN1,Greenwich,,,3,6,35,0.0
SE28 8BE,E63012129,51.505665,0.109491,9824,UN1,Greenwich,,,2,3,18,0.0
SE28 8RD,E63012129,51.506662,0.104076,13578,UN1,Greenwich,,,2,2,17,391.0
SE3 0AX,E63012161,51.466214,0.009103,22667,UN1,Lewisham,,,3,5,32,362.0
SE3 0TA,E63012161,51.466858,0.008771,22667,UN1,Lewisham,,,3,5,33,414.0
SE3 7BT,E63012129,51.476670,0.021299,13999,UN1,Greenwich,,,2,5,24,192.0
SE3 7DH,E63012129,51.477834,0.018960,23584,UN1,Greenwich,,,2,3,25,68.0
SE3 8AR,E63012129,51.467393,0.028376,6446,UN1,Greenwich,,,1,5,23,305.0
SE3 8RP,E63012129,51.474548,0.034295,16562,UN1,Greenwich,,,0,5,18,870.0
SE3 9FA,E63012129,51.460354,0.029302,6446,UN1,Greenwich,,,2,4,25,1028.0
SE3 9GP,E63012129,51.458880,0.028690,6446,UN1,Greenwich,,,2,4,25,1177.0
SE3 9GR,E63012129,51.461145,0.027207,6446,UN1,Greenwich,,,2,4,25,910.0
SE4 1JN,E63012161,51.456803,-0.023986,16957,UN1,Lewisham,,,0,8,37,595.0
SE4 1UY,E63012161,51.470745,-0.028956,12574,UN1,Lewisham,,,3,11,36,436.0
SE4 2BY,E63012161,51.454632,-0.037710,11609,UN1,Lewisham,,,2,4,27,1319.0
SE4 2LA,E63012161,51.458097,-0.041088,6555,UN1,Lewisham,,,1,3,27,1184.0
SE4 2PJ,E63012161,51.452906,-0.038245,21837,UN1,Lewisham,,,1,3,27,1124.0
SE4 2SA,E63012161,51.460296,-0.033854,15368,UN1,Lewisham,,,0,4,37,1049.0
SE5 0BB,E63012110,51.479589,-0.099473,7330,UN1,Southwark,,,1,19,65,584.0
SE5 7AF,E63012110,51.474618,-0.093445,4355,UN1,Southwark,,,6,16,63,0.0
SE5 8ET,E63012110,51.459994,-0.090038,11150,UN1,Southwark,,,1,10,50,632.0
SE5 8PQ,E63012110,51.470687,-0.082378,9013,UN1,Southwark,,,2,18,53,379.0
SE5 8RP,E63012110,51.472969,-0.092721,4355,UN1,Southwark,,,8,15,59,190.0
SE5 8RW,E63012110,51.473164,-0.092569,4355,UN1,Southwark,,,8,14,60,173.0
SE5 8RZ,E63012110,51.473196,-0.093403,7717,UN1,Southwark,,,8,17,59,158.0
SE5 8TR,E63012110,51.474008,-0.089683,15082,UN1,Southwark,,,7,13,61,269.0
SE5 9PU,E63012131,51.469781,-0.096886,15651,UN1,Lambeth,,,5,14,60,81.0
SE6 1PH,E63012161,51.434802,0.002761,3111,UN1,Lewisham,,,1,4,21,67.0
SE6 1RG,E63012161,51.440795,-0.001639,12694,UN1,Lewisham,,,1,4,29,82.0
SE6 2SP,E63012161,51.430249,-0.012946,10341,UN1,Lewisham,,,0,2,18,1217.0
SE6 4DT,E63012161,51.438850,-0.033423,11739,UN1,Lewisham,,,1,6,23,236.0
SE6 4HQ,E63012161,51.446226,-0.019650,2640,UN1,Lewisham,,,3,6,31,218.0
SE6 4JH,E63012161,51.449319,-0.018019,11144,UN1,Lewisham,,,4,11,33,0.0
SE7 7AE,E63012129,51.486175,0.032249,9174,UN1,Greenwich,,,1,6,23,530.0
SE7 7ED,E63012129,51.479829,0.031563,5415,UN1,Greenwich,,,1,8,19,685.0
SE7 7FA,E63012129,51.487762,0.026298,10546,UN1,Greenwich,,,3,6,19,977.0
SE7 7SR,E63012129,51.488403,0.024584,10546,UN1,Greenwich,,,2,3,20,1021.0
SE7 7ST,E63012129,51.488551,0.022243,12531,UN1,Greenwich,,,2,7,21,878.0
SE7 8UG,E63012129,51.482064,0.036992,7189,UN1,Greenwich,,,2,5,16,247.0
SE8 3BN,E63012129,51.480796,-0.021292,14786,UN1,Greenwich,,,3,17,35,647.0
SE8 3QG,E63012161,51.489543,-0.035016,8412,UN1,Lewisham,,,1,6,36,80.0
SE8 4RG,E63012161,51.477407,-0.025673,5552,UN1,Lewisham,,,9,16,35,334.0
SE8 4RQ,E63012161,51.477551,-0.025695,5552,UN1,Lewisham,,,9,16,33,349.0
SE8 5BZ,E63012161,51.483858,-0.032264,4413,UN1,Lewisham,,,2,10,37,253.0
SE8 5HA,E63012161,51.481075,-0.027228,5562,UN1,Lewisham,,,5,12,34,242.0
SE9 1BW,E63012129,51.450413,0.053243,14143,UN1,Greenwich,,,3,7,16,62.0
SE9 1UT,E63012129,51.457246,0.059495,20549,UN1,Greenwich,,,0,7,12,750.0
SE9 2DR,E63012129,51.438610,0.071376,26084,UN1,Greenwich,,,1,2,13,498.0
SE9 2PH,E63012129,51.450204,0.081904,10717,UN1,Greenwich,,,0,0,17,1260.0
SE9 3AZ,E63012129,51.430024,0.056975,5305,UN1,Greenwich,,,1,3,12,274.0
SE9 3SA,E63012129,51.434706,0.064797,20482,UN1,Greenwich,,,1,4,17,489.0
SE9 4QZ,E63012282,51.436980,0.044396,18817,UN1,Bromley,,,0,1,13,1130.0
SE9 5DL,E63012129,51.450285,0.055943,14143,UN1,Greenwich,,,3,7,14,157.0
SE9 5ER,E63012129,51.445361,0.040813,3586,UN1,Greenwich,,,0,2,18,1031.0
SE9 5PR,E63012129,51.450145,0.052108,14143,UN1,Greenwich,,,3,9,15,115.0
SE9 6DR,E63012129,51.455789,0.041018,7205,UN1,Greenwich,,,0,6,16,597.0
SE9 6ER,E63012129,51.454715,0.049463,7132,UN1,Greenwich,,,2,8,14,0.0
SE9 6SZ,E63012129,51.457939,0.049708,20549,UN1,Greenwich,,,2,8,15,359.0
SE9 6UD,E63012129,51.466840,0.052886,21169,UN1,Greenwich,,,0,1,18,803.0
SG1 1DN,E63011231,51.901946,-0.201291,3929,UN1,Stevenage,94470.0,Large,2,6,14,236.0
SG1 1ES,E63011231,51.904152,-0.202627,3929,UN1,Stevenage,94470.0,Large,3,7,15,434.0
SG1 1LA,E63011231,51.896813,-0.199635,15656,UN1,Stevenage,94470.0,Large,2,6,14,351.0
SG1 1NA,E63011231,51.902216,-0.188967,7593,UN1,Stevenage,94470.0,Large,1,6,17,460.0
SG1 1XN,E63011231,51.892511,-0.198179,15656,UN1,Stevenage,94470.0,Large,1,2,11,839.0
SG1 2JW,E63011231,51.913063,-0.221638,12665,UN1,Stevenage,94470.0,Large,1,3,10,0.0
SG1 3DW,E63011231,51.910101,-0.207725,12127,UN1,Stevenage,94470.0,Large,3,4,15,319.0
SG1 3EF,E63011231,51.912703,-0.209148,22568,UN1,Stevenage,94470.0,Large,2,6,14,319.0
SG1 4AE,E63011231,51.920119,-0.214917,15102,UN1,Stevenage,94470.0,Large,0,4,8,504.0
SG1 4LJ,E63011231,51.924523,-0.182994,11730,UN1,Stevenage,94470.0,Large,0,1,8,1764.0
SG1 5HF,E63011231,51.910166,-0.184926,10524,UN1,Stevenage,94470.0,Large,0,3,15,675.0
SG1 5RB,E63011231,51.918301,-0.179537,7453,UN1,Stevenage,94470.0,Large,0,2,9,1281.0
SG1 6NH,E63011231,51.929820,-0.170823,25951,UN1,Stevenage,94470.0,Large,0,0,4,1663.0
SG11 1RN,E63011259,51.891721,0.013147,29013,RLN1,Puckeridge and Standon,3860.0,Minor,1,2,2,572.0
SG11 1RX,E63011259,51.889909,0.011831,29013,RLN1,Puckeridge and Standon,3860.0,Minor,1,2,2,548.0
SG12 8AQ,E63011485,51.788012,0.004131,31309,UN1,Stanstead Abbotts,3750.0,Minor,0,0,2,1851.0
SG12 9AD,E63011437,51.811080,-0.032709,24386,UN1,Ware,19625.0,Small,7,7,7,176.0
SG12 9AP,E63011437,51.811487,-0.032894,24386,UN1,Ware,19625.0,Small,7,7,7,130.0
SG12 9BA,E63011437,51.810551,-0.030672,24386,UN1,Ware,19625.0,Small,7,7,7,62.0
SG12 9EE,E63011437,51.811529,-0.032181,24386,UN1,Ware,19625.0,Small,7,7,7,152.0
SG12 9FT,E63011437,51.811099,-0.033868,24386,UN1,Ware,19625.0,Small,7,7,7,163.0
SG12 9HJ,E63011437,51.810798,-0.029863,24386,UN1,Ware,19625.0,Small,7,7,7,0.0
SG14 1BA,E63011465,51.797392,-0.076130,26340,UN1,Hertford,28800.0,Medium,8,8,10,67.0
SG14 1BN,E63011465,51.797453,-0.077099,26340,UN1,Hertford,28800.0,Medium,8,8,10,0.0
SG14 1BT,E63011465,51.795998,-0.076654,26340,UN1,Hertford,28800.0,Medium,8,8,10,165.0
SG14 1DR,E63011465,51.796918,-0.078500,26340,UN1,Hertford,28800.0,Medium,8,8,10,113.0
SG14 1HZ,E63011465,51.796323,-0.081672,26642,UN1,Hertford,28800.0,Medium,7,8,10,63.0
SG14 1JA,E63011465,51.796729,-0.082307,26642,UN1,Hertford,28800.0,Medium,7,8,10,0.0
SG14 1QA,E63011465,51.798539,-0.072035,26340,UN1,Hertford,28800.0,Medium,5,8,9,369.0
SG14 2DJ,E63011465,51.800210,-0.101218,11847,UN1,Hertford,28800.0,Medium,0,0,9,1357.0
SG14 3DU,E63011465,51.807979,-0.086240,31775,UN1,Hertford,28800.0,Medium,0,0,10,1280.0
SG15 6RA,E63011019,52.006387,-0.265348,22957,RLN1,Arlesey,6025.0,Small,0,0,0,2392.0
SG16 6JE,E63011034,52.007462,-0.306482,30336,RLN1,Lower Stondon,3965.0,Minor,1,1,1,372.0
SG17 5DD,E63010961,52.038183,-0.334512,18146,UN1,Shefford,7310.0,Small,0,2,2,959.0
SG17 5FS,E63010961,52.034798,-0.321619,15636,UN1,Shefford,7310.0,Small,1,2,2,0.0
SG18 0NA,E63010857,52.093368,-0.273541,27019,RSN1,Biggleswade,21950.0,Medium,0,1,4,1094.0
SG18 8AP,E63010857,52.086620,-0.265248,16594,UN1,Biggleswade,21950.0,Medium,3,4,5,281.0
SG18 8AS,E63010857,52.086235,-0.264139,16594,UN1,Biggleswade,21950.0,Medium,3,3,5,235.0
SG18 8AT,E63010857,52.082888,-0.245806,28430,UN1,Biggleswade,21950.0,Medium,0,0,4,1133.0
SG18 9QA,E63010940,52.059977,-0.270744,28416,RLN1,Langford (Central Bedfordshire),3710.0,Minor,1,1,1,2720.0
SG18 9QT,E63010940,52.063061,-0.270143,28416,RSN1,Langford (Central Bedfordshire),3710.0,Minor,1,1,1,2375.0
SG19 1HU,E63010718,52.129505,-0.287661,20301,UN1,Sandy,11375.0,Small,1,1,1,66.0
SG19 2NP,E63010733,52.127686,-0.214143,29336,RLN1,Potton,5230.0,Small,1,1,1,105.0
SG19 3JH,E63010667,52.155560,-0.191114,31409,RLN1,Gamlingay,2920.0,Minor,0,0,0,3465.0
SG2 0DJ,E63011231,51.908721,-0.169980,15650,UN1,Stevenage,94470.0,Large,0,0,10,1017.0
SG2 7QX,E63011231,51.916092,-0.161203,13496,UN1,Stevenage,94470.0,Large,1,1,6,0.0
SG2 8DT,E63011231,51.883776,-0.191481,12422,UN1,Stevenage,94470.0,Large,1,2,8,1813.0
SG2 8EE,E63011231,51.885378,-0.188031,12422,UN1,Stevenage,94470.0,Large,1,2,9,1524.0
SG2 8ET,E63011231,51.881932,-0.178580,14971,UN1,Stevenage,94470.0,Large,0,3,9,1239.0
SG2 8LU,E63011231,51.885050,-0.170883,16461,UN1,Stevenage,94470.0,Large,0,3,6,677.0
SG2 9RZ,E63011231,51.894692,-0.158952,5411,UN1,Stevenage,94470.0,Large,0,2,6,737.0
SG2 9SE,E63011231,51.892330,-0.168960,8315,UN1,Stevenage,94470.0,Large,1,3,9,193.0
SG3 6ER,E63011325,51.865785,-0.180540,30786,UN1,Knebworth,4195.0,Minor,1,1,2,0.0
SG4 8UB,E63011361,51.847677,-0.232579,30588,RLN1,Codicote,2675.0,Minor,0,0,0,2243.0
SG5 1BH,E63011149,51.948058,-0.278952,27942,UN1,Hitchin,35220.0,Medium,8,9,11,248.0
SG5 1BS,E63011149,51.949720,-0.276400,19239,UN1,Hitchin,35220.0,Medium,9,10,11,130.0
SG5 1JW,E63011149,51.950540,-0.277154,27942,UN1,Hitchin,35220.0,Medium,9,11,11,111.0
SG5 1LA,E63011149,51.951620,-0.276589,27942,UN1,Hitchin,35220.0,Medium,9,11,11,31.0
SG5 1NQ,E63011149,51.951201,-0.276256,19239,UN1,Hitchin,35220.0,Medium,9,11,11,64.0
SG5 2NQ,E63011149,51.956335,-0.286667,27388,UN1,Hitchin,35220.0,Medium,0,6,11,698.0
SG5 4LA,E63011006,52.013952,-0.231074,31210,UN1,Stotfold,12310.0,Small,1,1,1,449.0
SG6 1BH,E63011093,51.982896,-0.224069,26901,UN1,Letchworth,33990.0,Medium,4,11,14,83.0
SG6 2HX,E63011093,51.982068,-0.203831,17940,UN1,Letchworth,33990.0,Medium,0,0,17,1406.0
SG6 2NH,E63011093,51.970296,-0.210199,6443,UN1,Letchworth,33990.0,Medium,0,0,13,1104.0
SG6 3BF,E63011093,51.977421,-0.230692,17344,UN1,Letchworth,33990.0,Medium,8,11,14,395.0
SG6 3BJ,E63011093,51.980416,-0.225317,27866,UN1,Letchworth,33990.0,Medium,10,11,14,0.0
SG6 3BX,E63011093,51.978196,-0.229628,17344,UN1,Letchworth,33990.0,Medium,8,11,14,299.0
SG6 3DA,E63011093,51.978131,-0.228873,27866,UN1,Letchworth,33990.0,Medium,8,11,14,308.0
SG6 3DL,E63011093,51.978080,-0.227870,27866,UN1,Letchworth,33990.0,Medium,8,11,14,313.0
SG6 3EJ,E63011093,51.978431,-0.226721,27866,UN1,Letchworth,33990.0,Medium,9,11,14,241.0
SG6 3TS,E63011093,51.978493,-0.230839,17344,UN1,Letchworth,33990.0,Medium,8,11,14,283.0
SG6 4NB,E63011093,51.991377,-0.226515,8486,UN1,Letchworth,33990.0,Medium,0,2,12,992.0
SG7 5NW,E63010951,52.041361,-0.152112,32263,RLN1,Ashwell,1980.0,Minor,1,1,1,309.0
SG7 6BN,E63011072,51.985090,-0.186278,12819,UN1,Baldock,10615.0,Small,2,2,3,157.0
SG7 6BP,E63011072,51.985442,-0.184051,23897,UN1,Baldock,10615.0,Small,2,2,3,0.0
SG8 5NE,E63010829,52.077815,-0.057660,25012,RLN1,Bassingbourn,2355.0,Minor,0,0,1,1966.0
SG8 5PT,E63010928,52.058519,-0.021504,13843,UN1,Royston (North Hertfordshire),17445.0,Small,1,2,5,0.0
SG8 5UA,E63010928,52.059255,-0.032689,28603,UN1,Royston (North Hertfordshire),17445.0,Small,0,2,4,769.0
SG8 6DU,E63010851,52.083544,0.016193,32254,RLN1,Melbourn,4900.0,Minor,1,2,2,418.0
SG8 9AG,E63010928,52.047258,-0.023460,27491,UN1,Royston (North Hertfordshire),17445.0,Small,1,2,5,252.0
SG9 9AB,E63011140,51.946203,-0.019104,26750,RLN1,Buntingford,7875.0,Small,1,1,1,6959.0
SG9 9AD,E63011140,51.947426,-0.019647,26750,RLN1,Buntingford,7875.0,Small,1,1,1,7099.0
SK1 1PU,E63008478,53.410942,-2.159933,193,UN1,Stockport,117935.0,Large,5,9,23,115.0
SK1 1RA,E63008478,53.410282,-2.162488,193,UN1,Stockport,117935.0,Large,5,10,24,222.0
SK1 1UA,E63008478,53.412573,-2.156494,193,UN1,Stockport,117935.0,Large,3,8,23,335.0
SK1 2EX,E63008478,53.418415,-2.142794,6871,UN1,Stockport,117935.0,Large,1,1,20,0.0
SK1 3PX,E63008478,53.403795,-2.153529,1959,UN1,Stockport,117935.0,Large,3,12,27,201.0
SK1 3PZ,E63008478,53.403625,-2.153499,1959,UN1,Stockport,117935.0,Large,3,11,26,186.0
SK1 4JG,E63008478,53.405135,-2.138823,11108,UN1,Stockport,117935.0,Large,1,4,23,231.0
SK10 1BJ,E63008698,53.263023,-2.132544,20375,UN1,Macclesfield,54345.0,Medium,1,10,18,444.0
SK10 2AB,E63008698,53.263507,-2.124989,20375,UN1,Macclesfield,54345.0,Medium,1,9,17,625.0
SK10 2HB,E63008698,53.275298,-2.127094,31655,UN1,Macclesfield,54345.0,Medium,0,0,10,1693.0
SK10 3DE,E63008698,53.268481,-2.153012,14307,UN1,Macclesfield,54345.0,Medium,1,3,10,168.0
SK10 4DG,E63008638,53.289301,-2.151557,31368,UN1,Prestbury (Cheshire East),2630.0,Minor,0,0,0,2485.0
SK10 5JH,E63008633,53.296324,-2.107533,29679,UN1,Bollington,7235.0,Small,1,1,1,0.0
SK11 6AJ,E63008698,53.260333,-2.126359,10276,UN1,Macclesfield,54345.0,Medium,6,11,18,354.0
SK11 6HN,E63008698,53.257074,-2.122782,10276,UN1,Macclesfield,54345.0,Medium,7,10,14,72.0
SK11 6JB,E63008698,53.257784,-2.122919,10276,UN1,Macclesfield,54345.0,Medium,6,10,15,38.0
SK11 6JL,E63008698,53.258072,-2.122605,10276,UN1,Macclesfield,54345.0,Medium,6,10,15,0.0
SK11 6UD,E63008698,53.253777,-2.129607,16013,UN1,Macclesfield,54345.0,Medium,1,8,16,105.0
SK11 7SP,E63008698,53.243947,-2.125861,10497,UN1,Macclesfield,54345.0,Medium,0,0,9,1138.0
SK11 8SS,E63008698,53.256438,-2.158620,11691,UN1,Macclesfield,54345.0,Medium,0,2,8,910.0
SK12 1RD,E63008558,53.348950,-2.119714,26486,UN1,Poynton,13010.0,Small,1,1,1,3134.0
SK12 1RE,E63008558,53.348644,-2.119803,26486,UN1,Poynton,13010.0,Small,1,1,1,3142.0
SK12 2AB,E63008542,53.358783,-2.038936,29307,UN1,Disley,3890.0,Minor,0,0,0,2509.0
SK13 0LU,E63008430,53.448332,-1.984902,2192,UN1,Gamesley,3125.0,Minor,1,1,8,318.0
SK13 1AL,E63008411,53.462189,-1.967531,10463,UN1,Hadfield,16275.0,Small,1,1,6,226.0
SK13 6NN,E63008436,53.439557,-1.969038,26258,UN1,Glossop,17820.0,Small,1,2,7,0.0
SK13 8AL,E63008436,53.443136,-1.949540,10949,UN1,Glossop,17820.0,Small,2,3,5,303.0
SK13 8HB,E63008436,53.444831,-1.962139,18608,UN1,Glossop,17820.0,Small,0,3,8,743.0
SK13 8PN,E63008436,53.443450,-1.946573,10949,UN1,Glossop,17820.0,Small,2,2,5,108.0
SK14 1BD,E63008426,53.451819,-2.082147,2557,UN1,Hyde (Tameside),35895.0,Medium,7,9,14,72.0
SK14 1EX,E63008426,53.448748,-2.077338,2557,UN1,Hyde (Tameside),35895.0,Medium,9,9,12,235.0
SK14 1JY,E63008426,53.446763,-2.076115,8014,UN1,Hyde (Tameside),35895.0,Medium,2,9,11,0.0
SK14 2AD,E63008426,53.452323,-2.080838,1633,UN1,Hyde (Tameside),35895.0,Medium,7,9,14,31.0
SK14 2LX,E63008426,53.451696,-2.078368,1633,UN1,Hyde (Tameside),35895.0,Medium,7,9,13,150.0
SK14 2QR,E63008426,53.451228,-2.078653,1633,UN1,Hyde (Tameside),35895.0,Medium,7,9,13,181.0
SK14 3EH,E63008428,53.450245,-2.027425,750,UN1,Hattersley,6960.0,Small,1,1,4,0.0
SK14 4HH,E63008426,53.463686,-2.064051,6059,UN1,Hyde (Tameside),35895.0,Medium,0,0,12,1616.0
SK14 5RU,E63008426,53.436455,-2.073281,21547,UN1,Hyde (Tameside),35895.0,Medium,0,0,11,1161.0
SK14 6LA,E63008411,53.458121,-2.010999,17948,UN1,Hadfield,16275.0,Small,2,2,6,0.0
SK14 6NT,E63008411,53.455092,-2.013393,17948,UN1,Hadfield,16275.0,Small,2,2,6,372.0
SK14 8LN,E63008411,53.461834,-1.994507,10096,UN1,Hadfield,16275.0,Small,1,1,8,120.0
SK15 1RZ,E63008381,53.481468,-2.059105,13145,UN1,Stalybridge,26830.0,Medium,7,9,17,0.0
SK15 2AJ,E63008381,53.484218,-2.059937,1841,UN1,Stalybridge,26830.0,Medium,7,9,21,75.0
SK15 2AU,E63008381,53.484668,-2.059094,1841,UN1,Stalybridge,26830.0,Medium,7,9,19,0.0
SK15 2AW,E63008381,53.483705,-2.061278,1841,UN1,Stalybridge,26830.0,Medium,6,7,23,180.0
SK15 2BJ,E63008381,53.482460,-2.053154,13145,UN1,Stalybridge,26830.0,Medium,6,9,12,409.0
SK15 2PT,E63008381,53.484961,-2.046285,6127,UN1,Stalybridge,26830.0,Medium,1,8,12,0.0
SK15 3ET,E63008381,53.493029,-2.032592,5653,UN1,Stalybridge,26830.0,Medium,1,1,7,139.0
SK16 4DB,E63008395,53.476555,-2.083417,10021,UN1,Dukinfield,21155.0,Medium,1,5,36,0.0
SK16 4JZ,E63008395,53.478606,-2.093456,775,UN1,Dukinfield,21155.0,Medium,2,10,29,0.0
SK16 5AT,E63008395,53.470249,-2.076445,12995,UN1,Dukinfield,21155.0,Medium,0,2,16,839.0
SK17 6AX,E63008697,53.259640,-1.914438,10602,UF1,Buxton (High Peak),20050.0,Medium,3,7,8,670.0
SK17 6BJ,E63008697,53.259431,-1.911051,10602,UF1,Buxton (High Peak),20050.0,Medium,3,8,8,760.0
SK17 6BZ,E63008697,53.259197,-1.910302,10602,UF1,Buxton (High Peak),20050.0,Medium,3,8,8,772.0
SK17 6EF,E63008697,53.255676,-1.914311,15094,UF1,Buxton (High Peak),20050.0,Medium,7,7,8,309.0
SK17 7PE,E63008697,53.257515,-1.898344,8423,UF1,Buxton (High Peak),20050.0,Medium,0,2,8,1366.0
SK17 8JT,E63008651,53.277355,-1.774289,27593,RLN1,Tideswell,1555.0,Minor,0,0,0,6714.0
SK17 9AY,E63008697,53.255123,-1.920787,15059,UF1,Buxton (High Peak),20050.0,Medium,4,7,8,221.0
SK17 9BZ,E63008697,53.253137,-1.920446,31053,UF1,Buxton (High Peak),20050.0,Medium,4,7,8,0.0
SK2 5RH,E63008478,53.397412,-2.123579,15775,UN1,Stockport,117935.0,Large,0,2,13,1102.0
SK2 5TP,E63008478,53.401438,-2.133186,18741,UN1,Stockport,117935.0,Large,1,4,19,326.0
SK2 5XT,E63008478,53.392648,-2.105160,26606,UN1,Stockport,117935.0,Large,0,0,8,1662.0
SK2 6AP,E63008478,53.396502,-2.134434,15441,UN1,Stockport,117935.0,Large,0,5,18,791.0
SK2 6JA,E63008478,53.393846,-2.152546,9674,UN1,Stockport,117935.0,Large,1,5,25,362.0
SK2 6NW,E63008478,53.399937,-2.155064,2087,UN1,Stockport,117935.0,Large,5,10,23,254.0
SK2 6QZ,E63008478,53.397715,-2.156981,6686,UN1,Stockport,117935.0,Large,2,9,24,518.0
SK2 7EY,E63008478,53.387981,-2.134152,14989,UN1,Stockport,117935.0,Large,1,5,18,487.0
SK22 2EP,E63008514,53.380152,-1.945736,26314,RLF1,Hayfield,1875.0,Minor,0,0,0,3742.0
SK22 4AA,E63008531,53.366223,-2.001959,23660,UN1,New Mills,9200.0,Small,3,3,3,37.0
SK22 4BP,E63008531,53.367607,-1.998081,23213,UN1,New Mills,9200.0,Small,3,3,3,0.0
SK23 0HQ,E63008599,53.322716,-1.917315,26705,RLF1,Chapel-en-le-Frith,7240.0,Small,4,4,4,125.0
SK23 0LX,E63008599,53.323000,-1.911955,18139,RLF1,Chapel-en-le-Frith,7240.0,Small,4,4,4,48.0
SK23 6BA,E63008570,53.339718,-1.939810,21025,RLF1,Chinley,1915.0,Minor,0,0,0,2292.0
SK23 7LP,E63008580,53.329566,-1.983744,24300,RLN1,Whaley Bridge,4615.0,Minor,1,1,1,112.0
SK3 0RG,E63008478,53.400346,-2.194741,20078,UN1,Stockport,117935.0,Large,1,1,14,10.0
SK3 8DN,E63008478,53.400271,-2.160796,2087,UN1,Stockport,117935.0,Large,4,9,24,440.0
SK3 8QJ,E63008478,53.389027,-2.167144,2053,UN1,Stockport,117935.0,Large,0,1,17,1441.0
SK3 9AL,E63008478,53.401609,-2.168396,1045,UN1,Stockport,117935.0,Large,1,8,24,639.0
SK3 9AT,E63008478,53.402045,-2.165014,2087,UN1,Stockport,117935.0,Large,2,12,24,606.0
SK3 9LQ,E63008478,53.403306,-2.175517,4991,UN1,Stockport,117935.0,Large,1,3,24,157.0
SK4 1LX,E63008478,53.417302,-2.168849,4513,UN1,Stockport,117935.0,Large,1,6,22,104.0
SK4 3BS,E63008478,53.412328,-2.205462,24855,UN1,Stockport,117935.0,Large,1,5,18,32.0
SK4 4HY,E63008478,53.417640,-2.189042,14743,UN1,Stockport,117935.0,Large,0,3,19,984.0
SK4 4NX,E63008478,53.424835,-2.180391,12743,UN1,Stockport,117935.0,Large,2,3,8,0.0
SK4 4NZ,E63008478,53.423501,-2.183290,27890,UN1,Stockport,117935.0,Large,2,3,12,243.0
SK5 6AZ,E63008444,53.438356,-2.160081,8439,UN1,Reddish,22200.0,Medium,0,4,7,794.0
SK5 6ET,E63008444,53.445493,-2.160575,6512,UN1,Reddish,22200.0,Medium,3,5,10,0.0
SK5 6NX,E63008444,53.453568,-2.158076,10649,UN1,Reddish,22200.0,Medium,0,4,12,854.0
SK5 6RN,E63008444,53.445920,-2.156963,6512,UN1,Reddish,22200.0,Medium,3,5,8,0.0
SK5 7PE,E63008444,53.421551,-2.157596,4688,UN1,Reddish,22200.0,Medium,0,2,17,882.0
SK5 8LQ,E63008478,53.426865,-2.133823,781,UN1,Stockport,117935.0,Large,1,1,6,131.0
SK6 1ND,E63008460,53.426306,-2.099660,1224,UN1,Bredbury and Woodley,17040.0,Small,2,2,9,0.0
SK6 1RJ,E63008460,53.426178,-2.101209,1224,UN1,Bredbury and Woodley,17040.0,Small,2,3,9,104.0
SK6 2AN,E63008460,53.422507,-2.115947,5036,UN1,Bredbury and Woodley,17040.0,Small,1,2,12,134.0
SK6 2LU,E63008460,53.416170,-2.105970,2382,UN1,Bredbury and Woodley,17040.0,Small,0,3,8,923.0
SK6 3AA,E63008472,53.413943,-2.092379,15729,UN1,Romiley,10900.0,Small,2,3,8,201.0
SK6 4BL,E63008472,53.414755,-2.089251,11444,UN1,Romiley,10900.0,Small,2,2,8,53.0
SK6 5AA,E63008485,53.400610,-2.053322,16749,UN1,Marple Bridge,4705.0,Minor,1,3,6,0.0
SK6 6AA,E63008495,53.394618,-2.064954,16749,UN1,Marple,12970.0,Small,4,4,6,37.0
SK6 6AY,E63008495,53.394745,-2.062833,16749,UN1,Marple,12970.0,Small,4,6,6,142.0
SK6 7AA,E63008495,53.393576,-2.063554,11059,UN1,Marple,12970.0,Small,4,4,6,179.0
SK6 8DR,E63008534,53.364995,-2.075293,28692,UN1,High Lane,4620.0,Minor,1,1,1,0.0
SK7 1AH,E63008537,53.358541,-2.164966,29852,UN1,Bramhall,17195.0,Small,5,5,10,75.0
SK7 1AL,E63008537,53.357874,-2.165865,32268,UN1,Bramhall,17195.0,Small,5,5,9,33.0
SK7 2NP,E63008537,53.371420,-2.159079,30904,UN1,Bramhall,17195.0,Small,1,2,10,0.0
SK7 3LQ,E63008537,53.380411,-2.164555,10205,UN1,Bramhall,17195.0,Small,0,2,9,506.0
SK7 4AG,E63008522,53.381843,-2.124917,12085,UN1,Hazel Grove,20170.0,Medium,3,6,13,135.0
SK7 4AW,E63008522,53.383549,-2.125884,12085,UN1,Hazel Grove,20170.0,Medium,3,6,13,252.0
SK7 4HS,E63008522,53.379573,-2.120100,11037,UN1,Hazel Grove,20170.0,Medium,3,6,11,131.0
SK7 5LD,E63008522,53.372393,-2.127355,30885,UN1,Hazel Grove,20170.0,Medium,0,2,9,992.0
SK7 6BG,E63008522,53.369100,-2.112932,21912,UN1,Hazel Grove,20170.0,Medium,0,0,6,1199.0
SK8 1AL,E63008501,53.395162,-2.214208,21356,UN1,Cheadle (Stockport),14435.0,Small,3,3,14,162.0
SK8 1AX,E63008501,53.394830,-2.214101,21356,UN1,Cheadle (Stockport),14435.0,Small,3,3,13,125.0
SK8 1BH,E63008501,53.393761,-2.213539,21356,UN1,Cheadle (Stockport),14435.0,Small,3,3,13,0.0
SK8 2JE,E63008501,53.391053,-2.194203,18051,UN1,Cheadle (Stockport),14435.0,Small,1,1,12,235.0
SK8 3BB,E63008510,53.376059,-2.215960,14157,UN1,Wythenshawe,97660.0,Large,0,3,11,726.0
SK8 3QA,E63008510,53.370141,-2.231981,18335,UN1,Wythenshawe,97660.0,Large,2,3,9,182.0
SK8 3QD,E63008510,53.370324,-2.234717,18335,UN1,Wythenshawe,97660.0,Large,2,3,9,364.0
SK8 4BE,E63008502,53.393830,-2.234427,21247,UN1,Gatley,9150.0,Small,2,3,13,61.0
SK8 4HS,E63008502,53.392523,-2.244961,25845,UN1,Gatley,9150.0,Small,0,6,16,654.0
SK8 4NG,E63008502,53.391913,-2.235830,24094,UN1,Gatley,9150.0,Small,2,3,14,213.0
SK8 4RS,E63008502,53.380385,-2.229076,22791,UN1,Gatley,9150.0,Small,0,2,17,624.0
SK8 5BB,E63008528,53.377758,-2.189151,28469,UN1,Cheadle Hulme,24785.0,Medium,0,1,10,1261.0
SK8 5EG,E63008528,53.379849,-2.196587,25497,UN1,Cheadle Hulme,24785.0,Medium,0,2,9,1193.0
SK8 6AW,E63008528,53.373423,-2.206688,14157,UN1,Cheadle Hulme,24785.0,Medium,0,2,10,1276.0
SK8 6LQ,E63008528,53.366710,-2.189944,21589,UN1,Cheadle Hulme,24785.0,Medium,1,1,10,97.0
SK9 1DY,E63008594,53.327104,-2.231342,31311,UN1,Wilmslow,25725.0,Medium,1,5,8,92.0
SK9 1PA,E63008594,53.323079,-2.235224,27159,UN1,Wilmslow,25725.0,Medium,3,6,6,0.0
SK9 2TA,E63008594,53.336878,-2.215342,4554,UN1,Wilmslow,25725.0,Medium,0,0,7,1201.0
SK9 3ES,E63008556,53.349167,-2.214727,19182,UN1,Handforth,,,2,3,5,168.0
SK9 3HL,E63008556,53.347666,-2.214495,19182,UN1,Handforth,,,2,3,5,0.0
SK9 3PA,E63008556,53.350477,-2.205525,26847,UN1,Handforth,,,0,3,4,672.0
SK9 5HX,E63008594,53.322922,-2.237324,27159,UN1,Wilmslow,25725.0,Medium,3,6,6,0.0
SK9 5JL,E63008594,53.322077,-2.246072,32549,UN1,Wilmslow,25725.0,Medium,0,4,6,589.0
SK9 7HR,E63008625,53.303165,-2.232697,32674,UN1,Alderley Edge,4495.0,Minor,2,2,2,436.0
SK9 7JS,E63008625,53.302025,-2.236413,29725,UN1,Alderley Edge,4495.0,Minor,2,2,2,187.0
SL0 0PU,E63011998,51.543028,-0.521237,29200,UN1,Iver Heath,5150.0,Small,0,0,0,2761.0
SL0 9BH,E63012060,51.507579,-0.507601,24982,UN1,Richings Park,1790.0,Minor,0,0,2,1309.0
SL0 9ND,E63012030,51.520025,-0.505522,18326,UN1,Iver,3265.0,Minor,1,1,3,287.0
SL1 1EL,E63012046,51.509681,-0.596288,7070,UN1,Slough,166855.0,Large,5,10,23,454.0
SL1 1JR,E63012046,51.507986,-0.591440,10693,UN1,Slough,166855.0,Large,6,10,21,193.0
SL1 1JS,E63012046,51.507926,-0.590232,10693,UN1,Slough,166855.0,Large,6,9,21,231.0
SL1 1PE,E63012046,51.507627,-0.591509,10693,UN1,Slough,166855.0,Large,6,10,21,154.0
SL1 1SW,E63012046,51.507537,-0.581756,8419,UN1,Slough,166855.0,Large,0,6,18,751.0
SL1 1XW,E63012046,51.510909,-0.590716,7652,UN1,Slough,166855.0,Large,5,11,21,519.0
SL1 2LU,E63012046,51.506109,-0.602175,9910,UN1,Slough,166855.0,Large,1,8,21,590.0
SL1 2PN,E63012046,51.506682,-0.604968,5601,UN1,Slough,166855.0,Large,1,7,22,791.0
SL1 2YL,E63012046,51.511727,-0.623231,10619,UN1,Slough,166855.0,Large,0,2,22,1004.0
SL1 3BU,E63012046,51.517266,-0.607239,11985,UN1,Slough,166855.0,Large,1,8,31,128.0
SL1 3LF,E63012046,51.519876,-0.599894,12559,UN1,Slough,166855.0,Large,4,7,29,132.0
SL1 3UR,E63012046,51.512495,-0.613624,9945,UN1,Slough,166855.0,Large,0,4,26,811.0
SL1 4DX,E63012046,51.519829,-0.631649,8111,UN1,Slough,166855.0,Large,1,4,21,114.0
SL1 4JG,E63012046,51.526814,-0.639267,15910,UN1,Slough,166855.0,Large,0,5,19,951.0
SL1 4XE,E63012046,51.523157,-0.614943,13155,UN1,Slough,166855.0,Large,2,8,24,782.0
SL1 4XL,E63012046,51.524868,-0.615137,13155,UN1,Slough,166855.0,Large,3,7,22,645.0
SL1 5ND,E63012046,51.512953,-0.647418,13947,UN1,Slough,166855.0,Large,1,4,11,0.0
SL1 5QL,E63012046,51.519584,-0.644656,17239,UN1,Slough,166855.0,Large,2,7,13,326.0
SL1 5QW,E63012046,51.519534,-0.644975,17239,UN1,Slough,166855.0,Large,2,7,13,308.0
SL1 7DE,E63012046,51.534900,-0.662137,13707,UN1,Slough,166855.0,Large,2,2,6,0.0
SL1 7JP,E63012046,51.533905,-0.658418,25499,UN1,Slough,166855.0,Large,2,2,10,280.0
SL1 9LA,E63012046,51.507392,-0.630105,18909,UN1,Slough,166855.0,Large,0,1,13,1282.0
SL2 1DE,E63012046,51.527405,-0.616717,13155,UN1,Slough,166855.0,Large,5,6,21,344.0
SL2 1HD,E63012046,51.530430,-0.617779,9889,UN1,Slough,166855.0,Large,3,7,19,0.0
SL2 1JD,E63012046,51.528460,-0.616238,13155,UN1,Slough,166855.0,Large,4,6,21,244.0
SL2 1NW,E63012046,51.528769,-0.605878,7632,UN1,Slough,166855.0,Large,0,7,17,618.0
SL2 2DG,E63012046,51.536077,-0.630051,4526,UN1,Slough,166855.0,Large,1,2,13,193.0
SL2 2LX,E63012046,51.532096,-0.636442,10034,UN1,Slough,166855.0,Large,0,3,17,528.0
SL2 3PQ,E63011970,51.555177,-0.615600,31327,UN1,Farnham Common and Farnham Royal,6715.0,Small,1,1,1,307.0
SL2 4EW,E63011983,51.549309,-0.585779,27801,UN1,Stoke Poges,3920.0,Minor,1,1,1,68.0
SL2 5AP,E63012046,51.515359,-0.591371,11890,UN1,Slough,166855.0,Large,1,12,24,544.0
SL2 5JU,E63012046,51.517203,-0.578804,14902,UN1,Slough,166855.0,Large,2,3,19,44.0
SL3 0LX,E63012106,51.483838,-0.524551,11251,UN1,Colnbrook,1900.0,Minor,0,0,2,1723.0
SL3 7UB,E63012046,51.502304,-0.556013,9422,UN1,Slough,166855.0,Large,0,4,8,980.0
SL3 8BB,E63012046,51.499353,-0.539192,22127,UN1,Slough,166855.0,Large,3,5,7,472.0
SL3 8HJ,E63012046,51.504854,-0.543339,19756,UN1,Slough,166855.0,Large,3,5,7,183.0
SL3 8HN,E63012046,51.503810,-0.541816,19756,UN1,Slough,166855.0,Large,2,7,7,42.0
SL3 8LE,E63012046,51.495314,-0.541266,6815,UN1,Slough,166855.0,Large,2,4,8,0.0
SL3 9JH,E63012104,51.484240,-0.579700,17148,RLN1,Datchet,4810.0,Minor,1,1,2,338.0
SL4 1DU,E63012122,51.481851,-0.609154,27933,UN1,Windsor,31560.0,Medium,3,8,11,353.0
SL4 1DW,E63012122,51.482024,-0.609336,27933,UN1,Windsor,31560.0,Medium,3,8,11,375.0
SL4 2SA,E63012156,51.457586,-0.578123,32490,UN1,Old Windsor and Wraysbury,7690.0,Small,0,0,1,2724.0
SL4 3BP,E63012122,51.479065,-0.612349,24265,UN1,Windsor,31560.0,Medium,6,8,11,174.0
SL4 4JR,E63012122,51.478196,-0.647238,31950,UN1,Windsor,31560.0,Medium,1,2,2,2033.0
SL4 4JT,E63012122,51.477878,-0.649263,26248,UN1,Windsor,31560.0,Medium,1,2,2,2176.0
SL4 5BB,E63012122,51.478372,-0.636044,17840,UN1,Windsor,31560.0,Medium,0,2,10,1259.0
SL4 6AX,E63012086,51.488881,-0.609026,25287,UN1,Eton,2460.0,Minor,1,3,12,95.0
SL4 6LT,E63012080,51.497213,-0.636259,23372,RLN1,Eton Wick,2120.0,Minor,0,0,4,1913.0
SL5 0DH,E63012294,51.392753,-0.628816,32695,UN1,Ascot and Sunningdale,,,1,2,3,886.0
SL5 0DS,E63012294,51.392814,-0.627851,32695,UN1,Ascot and Sunningdale,,,1,2,3,910.0
SL5 7HG,E63012294,51.410845,-0.674087,30293,UN1,Ascot and Sunningdale,,,0,1,4,1006.0
SL5 8QQ,E63012237,51.427321,-0.679882,32772,UN1,North Ascot,435.0,Minor,0,0,1,2125.0
SL5 9DJ,E63012294,51.403531,-0.671423,24547,UN1,Ascot and Sunningdale,,,0,1,4,1314.0
SL5 9NF,E63012294,51.400987,-0.655755,30695,UN1,Ascot and Sunningdale,,,1,1,4,408.0
SL6 0QH,E63012046,51.520484,-0.669032,24027,UN1,Slough,166855.0,Large,0,0,8,1388.0
SL6 1EF,E63012044,51.521400,-0.723142,17240,UN1,Maidenhead,67375.0,Medium,5,9,18,123.0
SL6 1LL,E63012044,51.521782,-0.721878,17240,UN1,Maidenhead,67375.0,Medium,7,10,18,59.0
SL6 1PY,E63012044,51.522943,-0.721211,17240,UN1,Maidenhead,67375.0,Medium,7,10,20,95.0
SL6 2LA,E63012044,51.493383,-0.708513,28245,UN1,Maidenhead,67375.0,Medium,0,0,1,1099.0
SL6 2SZ,E63012044,51.511732,-0.733789,12263,UN1,Maidenhead,67375.0,Medium,1,2,17,141.0
SL6 3DL,E63012044,51.509581,-0.752913,14265,UN1,Maidenhead,67375.0,Medium,0,2,10,667.0
SL6 3NH,E63012044,51.501734,-0.763385,21989,UN1,Maidenhead,67375.0,Medium,1,2,4,165.0
SL6 4QZ,E63012044,51.516319,-0.743087,31250,UN1,Maidenhead,67375.0,Medium,0,5,19,775.0
SL6 5HQ,E63012044,51.528914,-0.751259,14260,UN1,Maidenhead,67375.0,Medium,0,2,8,638.0
SL6 6EL,E63012044,51.522784,-0.738902,30043,UN1,Maidenhead,67375.0,Medium,2,4,20,0.0
SL6 7UA,E63012044,51.538919,-0.730828,29420,UN1,Maidenhead,67375.0,Medium,1,1,13,0.0
SL6 8AG,E63012044,51.524069,-0.719680,11966,UN1,Maidenhead,67375.0,Medium,7,10,20,103.0
SL6 8AJ,E63012044,51.525610,-0.720069,11966,UN1,Maidenhead,67375.0,Medium,7,10,20,0.0
SL6 8NA,E63012044,51.524018,-0.709289,30277,UN1,Maidenhead,67375.0,Medium,2,9,11,257.0
SL6 9HF,E63011978,51.557760,-0.726134,32781,UN1,Cookham,5215.0,Small,1,1,1,71.0
SL7 1AB,E63011953,51.569784,-0.774468,32818,UN1,Marlow,14645.0,Small,1,3,4,546.0
SL7 1DS,E63011953,51.574040,-0.769519,28329,UN1,Marlow,14645.0,Small,1,3,4,41.0
SL7 3HH,E63011953,51.572060,-0.777105,20790,UN1,Marlow,14645.0,Small,1,3,4,529.0
SL7 3PE,E63011918,51.586994,-0.774366,27987,UN1,Marlow Bottom,3340.0,Minor,0,0,4,1495.0
SL8 5SA,E63011938,51.578564,-0.711813,20645,UN1,Bourne End,7170.0,Small,0,0,0,2308.0
SL9 8EF,E63011930,51.588984,-0.552052,29904,UN1,Gerrards Cross,8115.0,Small,1,1,1,2095.0
SL9 8PQ,E63011930,51.589115,-0.552438,29904,UN1,Gerrards Cross,8115.0,Small,1,1,2,2073.0
SL9 9DX,E63011881,51.607323,-0.557490,32346,UN1,Chalfont St Peter,13650.0,Small,5,5,6,64.0
SL9 9HE,E63011881,51.606768,-0.557667,32346,UN1,Chalfont St Peter,13650.0,Small,5,5,7,116.0
SL9 9QQ,E63011881,51.607089,-0.555967,32346,UN1,Chalfont St Peter,13650.0,Small,5,5,6,162.0
SM1 1BB,E63012369,51.359998,-0.192364,10196,UN1,Sutton (Sutton),,,6,12,30,284.0
SM1 1BT,E63012369,51.360108,-0.194227,10196,UN1,Sutton (Sutton),,,6,12,27,244.0
SM1 1JG,E63012369,51.363258,-0.193801,10196,UN1,Sutton (Sutton),,,7,13,28,124.0
SM1 1LD,E63012369,51.367993,-0.195324,10196,UN1,Sutton (Sutton),,,5,10,31,352.0
SM1 1NS,E63012369,51.364664,-0.193458,10196,UN1,Sutton (Sutton),,,7,13,30,92.0
SM1 1PQ,E63012369,51.368823,-0.194904,6273,UN1,Sutton (Sutton),,,4,10,29,379.0
SM1 2NB,E63012369,51.373063,-0.206892,24239,UN1,Sutton (Sutton),,,0,2,29,1164.0
SM1 3AT,E63012369,51.370131,-0.179480,26183,UN1,Sutton (Sutton),,,3,10,35,0.0
SM1 3HE,E63012369,51.383344,-0.190093,8947,UN1,Sutton (Sutton),,,1,6,28,565.0
SM1 4HY,E63012369,51.365862,-0.180827,26783,UN1,Sutton (Sutton),,,3,12,31,399.0
SM2 6BX,E63012369,51.344011,-0.200703,31028,UN1,Sutton (Sutton),,,1,1,12,0.0
SM2 7AJ,E63012369,51.355073,-0.212492,25524,UN1,Sutton (Sutton),,,2,4,19,504.0
SM3 8BH,E63012369,51.358169,-0.216753,25524,UN1,Sutton (Sutton),,,3,3,21,64.0
SM3 8EP,E63012369,51.368517,-0.224899,24781,UN1,Sutton (Sutton),,,3,3,13,0.0
SM3 8HW,E63012369,51.371579,-0.226964,24781,UN1,Sutton (Sutton),,,3,4,14,369.0
SM3 8SW,E63012369,51.356953,-0.216613,25524,UN1,Sutton (Sutton),,,3,3,20,161.0
SM3 9AA,E63012369,51.372117,-0.225708,24781,UN1,Sutton (Sutton),,,3,4,16,404.0
SM3 9EY,E63012369,51.386555,-0.210016,22364,UN1,Sutton (Sutton),,,2,2,15,0.0
SM4 5BE,E63012245,51.402729,-0.193943,19865,UN1,Merton,,,3,8,27,228.0
SM4 5RP,E63012245,51.397219,-0.190078,11146,UN1,Merton,,,2,10,28,133.0
SM4 6HY,E63012245,51.397817,-0.186244,9363,UN1,Merton,,,2,10,30,193.0
SM4 6RU,E63012245,51.390413,-0.194241,8982,UN1,Merton,,,1,7,22,148.0
SM5 1AG,E63012369,51.383066,-0.188423,8947,UN1,Sutton (Sutton),,,2,7,29,458.0
SM5 1HA,E63012369,51.384727,-0.176630,8769,UN1,Sutton (Sutton),,,2,6,24,143.0
SM5 1JF,E63012369,51.384601,-0.173760,8769,UN1,Sutton (Sutton),,,2,4,24,198.0
SM5 2DP,E63012369,51.373669,-0.168764,17583,UN1,Sutton (Sutton),,,2,7,33,283.0
SM5 2RE,E63012369,51.371732,-0.171413,17583,UN1,Sutton (Sutton),,,3,7,37,0.0
SM5 2RR,E63012369,51.374101,-0.176865,7353,UN1,Sutton (Sutton),,,5,8,34,102.0
SM5 3AG,E63012369,51.365152,-0.161203,23530,UN1,Sutton (Sutton),,,1,5,29,737.0
SM5 3AX,E63012369,51.365652,-0.160450,13483,UN1,Sutton (Sutton),,,1,5,30,704.0
SM5 3JG,E63012369,51.354920,-0.162532,31420,UN1,Sutton (Sutton),,,1,8,23,0.0
SM5 3LF,E63012369,51.356872,-0.170023,30436,UN1,Sutton (Sutton),,,2,5,33,181.0
SM5 3NP,E63012369,51.356916,-0.173425,30436,UN1,Sutton (Sutton),,,2,5,35,214.0
SM6 0DE,E63012369,51.361959,-0.150342,16717,UN1,Sutton (Sutton),,,6,12,27,0.0
SM6 0HY,E63012369,51.357264,-0.150862,15288,UN1,Sutton (Sutton),,,4,12,20,0.0
SM6 0LY,E63012369,51.358606,-0.149860,16834,UN1,Sutton (Sutton),,,6,12,21,0.0
SM6 7FW,E63012369,51.377481,-0.154918,19972,UN1,Sutton (Sutton),,,2,2,23,118.0
SM6 7HW,E63012369,51.378967,-0.155045,19972,UN1,Sutton (Sutton),,,2,2,23,158.0
SM6 8RG,E63012369,51.358359,-0.148979,16834,UN1,Sutton (Sutton),,,6,10,20,67.0
SM6 9BS,E63012369,51.359667,-0.139030,10724,UN1,Sutton (Sutton),,,1,12,17,761.0
SM6 9DA,E63012369,51.353423,-0.134299,5694,UN1,Sutton (Sutton),,,0,2,20,1225.0
SM6 9RU,E63012369,51.358962,-0.138785,18662,UN1,Sutton (Sutton),,,1,11,17,770.0
SM7 1PB,E63012534,51.327381,-0.215191,30375,UN1,Tadworth and Epsom Downs,27095.0,Medium,1,1,6,129.0
SM7 2LS,E63012484,51.322104,-0.202967,30038,UN1,Banstead,8925.0,Small,3,4,8,241.0
SM7 2NL,E63012484,51.322962,-0.200895,25864,UN1,Banstead,8925.0,Small,3,4,9,85.0
SM7 2NN,E63012484,51.322827,-0.199695,30038,UN1,Banstead,8925.0,Small,3,4,9,0.0
SN1 1LF,E63011979,51.560546,-1.786201,13458,UN1,Swindon (Swindon),183680.0,Large,6,11,22,224.0
SN1 2DQ,E63011979,51.562300,-1.781591,10472,UN1,Swindon (Swindon),183680.0,Large,6,10,22,0.0
SN1 2EH,E63011979,51.568219,-1.773742,13827,UN1,Swindon (Swindon),183680.0,Large,0,7,23,853.0
SN1 3DF,E63011979,51.557692,-1.779608,10472,UN1,Swindon (Swindon),183680.0,Large,4,11,23,295.0
SN1 3EG,E63011979,51.551746,-1.773651,24688,UN1,Swindon (Swindon),183680.0,Large,2,5,24,461.0
SN1 4AN,E63011979,51.552335,-1.775855,24688,UN1,Swindon (Swindon),183680.0,Large,2,6,24,327.0
SN1 4GB,E63011979,51.550430,-1.796345,30151,UN1,Swindon (Swindon),183680.0,Large,1,3,18,0.0
SN1 5HG,E63011979,51.558792,-1.795817,9577,UN1,Swindon (Swindon),183680.0,Large,2,9,20,0.0
SN1 5PL,E63011979,51.558824,-1.784002,10472,UN1,Swindon (Swindon),183680.0,Large,8,12,20,46.0
SN10 1AJ,E63012461,51.352159,-1.993755,8441,UF1,Devizes,19490.0,Small,4,6,6,278.0
SN10 1AR,E63012461,51.352177,-1.994703,8441,UF1,Devizes,19490.0,Small,4,6,6,340.0
SN10 1LA,E63012461,51.352860,-1.989088,21563,UF1,Devizes,19490.0,Small,4,6,6,60.0
SN10 4AT,E63012620,51.287730,-1.978333,22228,RLF1,Market Lavington,1810.0,Minor,1,1,2,233.0
SN11 0BS,E63012208,51.438975,-2.005354,6911,UN1,Calne,19725.0,Small,4,5,5,159.0
SN11 0HA,E63012208,51.439649,-2.004663,6911,UN1,Calne,19725.0,Small,4,5,5,240.0
SN11 0HH,E63012208,51.441672,-2.005872,15911,UN1,Calne,19725.0,Small,4,5,5,0.0
SN11 9UT,E63012208,51.446320,-2.013427,23793,UN1,Calne,19725.0,Small,0,4,5,736.0
SN12 6JY,E63012373,51.373190,-2.138279,15916,UF1,Melksham,18280.0,Small,3,6,8,113.0
SN12 6LE,E63012373,51.374206,-2.138325,4988,UF1,Melksham,18280.0,Small,3,6,8,0.0
SN12 6LL,E63012373,51.375257,-2.139061,4988,UF1,Melksham,18280.0,Small,3,4,8,128.0
SN12 6UN,E63012373,51.366865,-2.126007,14018,UF1,Melksham,18280.0,Small,3,3,8,0.0
SN12 7EA,E63012373,51.367813,-2.130879,15916,UF1,Melksham,18280.0,Small,3,6,8,0.0
SN12 8LQ,E63012373,51.374553,-2.148800,4988,UF1,Melksham,18280.0,Small,0,4,8,728.0
SN13 0HL,E63012231,51.431885,-2.186272,15627,UN1,Corsham,10890.0,Small,1,2,2,389.0
SN13 8NN,E63012268,51.414898,-2.253845,28030,UN1,Box (Wiltshire),1285.0,Minor,1,1,1,398.0
SN13 9DN,E63012231,51.432557,-2.193425,23661,UN1,Corsham,10890.0,Small,1,2,3,113.0
SN13 9FU,E63012248,51.424674,-2.222085,27803,UN1,Rudloe,2865.0,Minor,0,1,1,709.0
SN14 0BJ,E63012165,51.449069,-2.147906,28568,UN1,Chippenham (Wiltshire),36090.0,Medium,0,0,5,1519.0
SN14 6GT,E63012165,51.467323,-2.139759,16382,UN1,Chippenham (Wiltshire),36090.0,Medium,3,3,12,0.0
SN14 6LH,E63012165,51.464820,-2.142746,16382,UN1,Chippenham (Wiltshire),36090.0,Medium,3,3,12,0.0
SN14 6UZ,E63012165,51.478843,-2.130824,21337,UN1,Chippenham (Wiltshire),36090.0,Medium,0,1,6,819.0
SN15 2SD,E63012165,51.453422,-2.124217,9636,UN1,Chippenham (Wiltshire),36090.0,Medium,2,4,13,77.0
SN15 3ER,E63012165,51.458493,-2.115609,9636,UN1,Chippenham (Wiltshire),36090.0,Medium,2,5,11,92.0
SN15 3SY,E63012165,51.447581,-2.101235,31744,UN1,Chippenham (Wiltshire),36090.0,Medium,1,1,6,0.0
SN15 4PD,E63012082,51.513557,-1.972233,25572,RSN1,Lyneham,4645.0,Minor,0,0,1,1006.0
SN16 0FB,E63011935,51.577237,-2.094626,27198,RSF1,Malmesbury,7180.0,Small,1,2,2,0.0
SN16 9AA,E63011935,51.583051,-2.098030,30562,RLF1,Malmesbury,7180.0,Small,0,2,2,688.0
SN2 1AE,E63011979,51.575114,-1.777503,13957,UN1,Swindon (Swindon),183680.0,Large,2,3,17,192.0
SN2 1AJ,E63011979,51.584182,-1.775496,3701,UN1,Swindon (Swindon),183680.0,Large,0,2,10,874.0
SN2 1UU,E63011979,51.576609,-1.778895,13957,UN1,Swindon (Swindon),183680.0,Large,2,4,14,0.0
SN2 2AY,E63011979,51.565579,-1.800619,10811,UN1,Swindon (Swindon),183680.0,Large,0,4,23,824.0
SN2 2JG,E63011979,51.582197,-1.807069,8186,UN1,Swindon (Swindon),183680.0,Large,1,1,11,0.0
SN2 2PJ,E63011979,51.571853,-1.804632,21884,UN1,Swindon (Swindon),183680.0,Large,0,1,13,1162.0
SN2 5HN,E63011979,51.595602,-1.780723,982,UN1,Swindon (Swindon),183680.0,Large,0,2,8,908.0
SN25 1QQ,E63011979,51.592341,-1.807748,12816,UN1,Swindon (Swindon),183680.0,Large,1,4,10,0.0
SN25 1UH,E63011979,51.594372,-1.824630,25274,UN1,Swindon (Swindon),183680.0,Large,0,0,7,1188.0
SN25 4AN,E63011979,51.597124,-1.807352,28892,UN1,Swindon (Swindon),183680.0,Large,2,6,10,0.0
SN25 4BG,E63011979,51.597363,-1.805157,28892,UN1,Swindon (Swindon),183680.0,Large,2,6,10,154.0
SN25 4YX,E63011979,51.598621,-1.794236,22112,UN1,Swindon (Swindon),183680.0,Large,1,5,7,94.0
SN3 1JE,E63011979,51.547746,-1.760302,29771,UN1,Swindon (Swindon),183680.0,Large,1,3,15,111.0
SN3 2FB,E63011979,51.552678,-1.749935,2722,UN1,Swindon (Swindon),183680.0,Large,2,8,14,140.0
SN3 2GD,E63011979,51.553731,-1.750419,2722,UN1,Swindon (Swindon),183680.0,Large,4,7,14,203.0
SN3 2RJ,E63011979,51.556257,-1.754329,3612,UN1,Swindon (Swindon),183680.0,Large,2,5,18,0.0
SN3 3FS,E63011979,51.559998,-1.763224,3016,UN1,Swindon (Swindon),183680.0,Large,0,2,26,742.0
SN3 3SG,E63011948,51.571724,-1.754837,23489,UN1,Stratton St Margaret,20690.0,Medium,0,0,12,1720.0
SN3 3TQ,E63011979,51.556131,-1.737525,7073,UN1,Swindon (Swindon),183680.0,Large,2,5,12,0.0
SN3 4BF,E63011948,51.587175,-1.748316,20271,UN1,Stratton St Margaret,20690.0,Medium,2,2,4,0.0
SN3 5AA,E63011979,51.567391,-1.738716,24491,UN1,Swindon (Swindon),183680.0,Large,0,0,11,1255.0
SN4 7AU,E63012005,51.543220,-1.901874,17351,UN1,Royal Wootton Bassett,13005.0,Small,4,4,4,96.0
SN4 7AX,E63012005,51.542395,-1.905149,17351,UN1,Royal Wootton Bassett,13005.0,Small,4,4,4,0.0
SN4 7AY,E63012005,51.542214,-1.903520,17351,UN1,Royal Wootton Bassett,13005.0,Small,4,4,4,114.0
SN4 9ED,E63012032,51.528163,-1.793879,23285,RLN1,Wroughton,7280.0,Small,3,5,5,471.0
SN4 9LW,E63012032,51.524176,-1.791562,16354,RLN1,Wroughton,7280.0,Small,3,5,5,0.0
SN5 4BX,E63011937,51.586242,-1.880188,28951,RLN1,Purton,3190.0,Minor,1,1,1,172.0
SN5 5AN,E63011979,51.577483,-1.834812,23663,UN1,Swindon (Swindon),183680.0,Large,1,1,5,0.0
SN5 5PY,E63011979,51.567848,-1.837285,23460,UN1,Swindon (Swindon),183680.0,Large,1,1,10,75.0
SN5 7DL,E63011979,51.558468,-1.829544,6838,UN1,Swindon (Swindon),183680.0,Large,3,5,8,231.0
SN5 7XT,E63011979,51.557474,-1.826605,19896,UN1,Swindon (Swindon),183680.0,Large,3,5,8,0.0
SN5 8LY,E63011979,51.551262,-1.839364,7824,UN1,Swindon (Swindon),183680.0,Large,0,0,8,1120.0
SN5 8SX,E63011979,51.553556,-1.821831,4442,UN1,Swindon (Swindon),183680.0,Large,1,5,13,0.0
SN6 6AA,E63011838,51.641512,-1.855865,27435,RLN1,Cricklade,4030.0,Minor,1,1,1,122.0
SN6 7AA,E63011858,51.631054,-1.709455,27822,RLN1,Highworth,7930.0,Small,2,2,2,407.0
SN6 7DN,E63011858,51.633214,-1.714209,15758,RLN1,Highworth,7930.0,Small,2,2,2,0.0
SN6 8AA,E63011897,51.598422,-1.655508,32733,RLN1,Shrivenham and Watchfield,5350.0,Small,1,1,2,132.0
SN7 7AE,E63011815,51.658088,-1.582716,19595,RLN1,Faringdon,8625.0,Small,1,2,2,746.0
SN7 7HP,E63011815,51.658047,-1.583888,19595,RLN1,Faringdon,8625.0,Small,1,2,2,766.0
SN8 1LT,E63012254,51.419888,-1.732943,28212,RLN1,Marlborough,8830.0,Small,2,2,2,345.0
SN8 4BY,E63012254,51.418107,-1.728870,24830,RLN1,Marlborough,8830.0,Small,2,2,2,0.0
SN9 5AQ,E63012478,51.339934,-1.762824,27832,RLF1,Pewsey,3795.0,Minor,0,0,0,6140.0
SO14 0BG,E63013524,50.909097,-1.398646,3636,UN1,Southampton,249620.0,Major,6,13,23,382.0
SO14 0DB,E63013524,50.909115,-1.396911,3636,UN1,Southampton,249620.0,Major,5,12,23,363.0
SO14 1NY,E63013524,50.905447,-1.396958,4524,UN1,Southampton,249620.0,Major,3,12,24,48.0
SO14 2NW,E63013524,50.897559,-1.403743,22551,UN1,Southampton,249620.0,Major,0,4,15,1010.0
SO14 6WB,E63013524,50.921975,-1.400401,15525,UN1,Southampton,249620.0,Major,2,7,26,23.0
SO14 7DX,E63013524,50.903283,-1.404595,7962,UN1,Southampton,249620.0,Major,2,9,18,570.0
SO14 7EG,E63013524,50.905724,-1.407252,7962,UN1,Southampton,249620.0,Major,2,10,23,686.0
SO15 1BA,E63013524,50.903921,-1.409920,7962,UN1,Southampton,249620.0,Major,2,7,20,896.0
SO15 2BY,E63013524,50.911120,-1.405519,8181,UN1,Southampton,249620.0,Major,3,14,27,182.0
SO15 2DT,E63013524,50.913848,-1.406124,8181,UN1,Southampton,249620.0,Major,3,12,29,150.0
SO15 3FL,E63013524,50.914620,-1.423825,11789,UN1,Southampton,249620.0,Major,3,10,27,214.0
SO15 3HH,E63013524,50.917024,-1.427991,11789,UN1,Southampton,249620.0,Major,5,12,24,278.0
SO15 3HL,E63013524,50.916756,-1.426629,11789,UN1,Southampton,249620.0,Major,4,11,26,346.0
SO15 3JD,E63013524,50.919395,-1.429257,22462,UN1,Southampton,249620.0,Major,5,11,25,0.0
SO15 3NJ,E63013524,50.921440,-1.431949,1669,UN1,Southampton,249620.0,Major,4,12,24,127.0
SO15 5FB,E63013524,50.920805,-1.421657,19892,UN1,Southampton,249620.0,Major,1,11,29,206.0
SO15 5LL,E63013524,50.923736,-1.434425,1669,UN1,Southampton,249620.0,Major,2,12,25,420.0
SO15 8PF,E63013524,50.916480,-1.442096,23308,UN1,Southampton,249620.0,Major,0,11,20,647.0
SO16 2JA,E63013524,50.939296,-1.378459,8557,UN1,Southampton,249620.0,Major,1,3,9,0.0
SO16 3BD,E63013524,50.938670,-1.385797,5722,UN1,Southampton,249620.0,Major,1,5,8,0.0
SO16 4QE,E63013524,50.924004,-1.445207,17887,UN1,Southampton,249620.0,Major,3,7,21,195.0
SO16 4XE,E63013524,50.924655,-1.447788,3260,UN1,Southampton,249620.0,Major,3,7,19,0.0
SO16 5EB,E63013524,50.936495,-1.447164,15618,UN1,Southampton,249620.0,Major,0,3,13,503.0
SO16 5LL,E63013524,50.940756,-1.426419,11663,UN1,Southampton,249620.0,Major,1,3,8,61.0
SO16 7AP,E63013524,50.934139,-1.417663,26988,UN1,Southampton,249620.0,Major,1,3,16,0.0
SO16 8HY,E63013524,50.940926,-1.448635,4661,UN1,Southampton,249620.0,Major,1,2,9,0.0
SO16 9GA,E63013524,50.930398,-1.458578,1500,UN1,Southampton,249620.0,Major,0,2,12,990.0
SO17 1TL,E63013524,50.932769,-1.395736,29394,UN1,Southampton,249620.0,Major,1,4,12,147.0
SO17 2FW,E63013524,50.922334,-1.395118,13071,UN1,Southampton,249620.0,Major,3,4,22,373.0
SO17 2NF,E63013524,50.925803,-1.393010,13071,UN1,Southampton,249620.0,Major,1,5,22,683.0
SO18 1JB,E63013524,50.924160,-1.373098,17708,UN1,Southampton,249620.0,Major,0,1,18,1276.0
SO18 3RA,E63013503,50.932967,-1.352287,19322,UN1,West End (Eastleigh),10870.0,Small,0,0,9,1875.0
SO18 4QD,E63013524,50.925785,-1.364382,19647,UN1,Southampton,249620.0,Major,0,1,9,1073.0
SO18 5RR,E63013524,50.914677,-1.360621,16737,UN1,Southampton,249620.0,Major,4,4,8,243.0
SO18 5TQ,E63013524,50.914426,-1.336570,11151,UN1,Southampton,249620.0,Major,0,1,11,1581.0
SO18 6AP,E63013524,50.916168,-1.355295,18208,UN1,Southampton,249620.0,Major,4,4,10,285.0
SO18 6LW,E63013524,50.915289,-1.354126,18208,UN1,Southampton,249620.0,Major,4,4,12,393.0
SO18 6TG,E63013524,50.916693,-1.359271,18208,UN1,Southampton,249620.0,Major,4,4,8,0.0
SO19 0HS,E63013524,50.900314,-1.339331,4765,UN1,Southampton,249620.0,Major,1,2,5,0.0
SO19 6DF,E63013524,50.908234,-1.334013,2169,UN1,Southampton,249620.0,Major,0,3,7,956.0
SO19 9AL,E63013524,50.897280,-1.372833,16691,UN1,Southampton,249620.0,Major,5,5,9,0.0
SO19 9BD,E63013524,50.897819,-1.372783,5447,UN1,Southampton,249620.0,Major,5,5,9,0.0
SO19 9DY,E63013524,50.896948,-1.379663,5447,UN1,Southampton,249620.0,Major,4,5,13,480.0
SO19 9GH,E63013524,50.888213,-1.370694,16283,UN1,Southampton,249620.0,Major,1,2,7,0.0
SO20 6EX,E63013078,51.114508,-1.494842,20367,RSN1,Stockbridge,760.0,Minor,1,1,1,360.0
SO21 1QY,E63013305,51.019421,-1.314229,32351,RSN1,Twyford (Winchester),1480.0,Minor,1,1,2,0.0
SO21 1SD,E63013361,50.997817,-1.316471,27102,RLN1,Colden Common,3825.0,Minor,0,0,2,1163.0
SO22 4QB,E63013202,51.045775,-1.340202,31657,UN1,Winchester,48480.0,Medium,1,1,3,0.0
SO22 5DD,E63013202,51.065963,-1.321390,26830,UN1,Winchester,48480.0,Medium,2,7,11,0.0
SO22 6EL,E63013202,51.074243,-1.336785,18897,UN1,Winchester,48480.0,Medium,1,1,8,0.0
SO23 7PJ,E63013121,51.100979,-1.299896,16620,RLN1,Kings Worthy,4630.0,Minor,0,0,0,2163.0
SO23 7RS,E63013202,51.069583,-1.294847,8543,UN1,Winchester,48480.0,Medium,0,0,6,1358.0
SO23 9BA,E63013202,51.061735,-1.310421,12590,UN1,Winchester,48480.0,Medium,3,5,8,336.0
SO23 9BL,E63013202,51.062414,-1.314250,29264,UN1,Winchester,48480.0,Medium,3,6,9,174.0
SO24 9AR,E63013134,51.090971,-1.161868,27452,RLN1,New Alresford,5340.0,Small,1,1,1,227.0
SO30 2EA,E63013541,50.914470,-1.271475,28277,UN1,Botley,5900.0,Small,0,0,1,1986.0
SO30 2UH,E63013528,50.922466,-1.311714,17859,UN1,Hedge End,23190.0,Medium,0,1,7,1067.0
SO30 2US,E63013528,50.925875,-1.302671,24177,UN1,Hedge End,23190.0,Medium,0,1,5,1310.0
SO30 3DS,E63013503,50.927640,-1.334091,31569,UN1,West End (Eastleigh),10870.0,Small,0,1,6,759.0
SO30 4FN,E63013528,50.914068,-1.302862,17859,UN1,Hedge End,23190.0,Medium,2,2,4,215.0
SO30 4QU,E63013528,50.913277,-1.304311,25409,UN1,Hedge End,23190.0,Medium,2,2,4,333.0
SO31 4JT,E63013655,50.862119,-1.329242,21072,UN1,Hamble-le-Rice,4615.0,Minor,0,0,3,1490.0
SO31 4NQ,,50.875251,-1.325017,26508,RLN1,,,,1,1,3,0.0
SO31 5BN,E63013622,50.872836,-1.351203,24729,UN1,Netley,6305.0,Small,0,0,3,1857.0
SO31 6DX,E63013644,50.863567,-1.274969,31581,UN1,Locks Heath,35755.0,Medium,1,2,5,0.0
SO31 7GF,E63013644,50.872265,-1.269646,26335,UN1,Locks Heath,35755.0,Medium,1,1,6,338.0
SO31 8GN,E63013606,50.894874,-1.320496,13007,UN1,Bursledon,8070.0,Small,0,0,3,1453.0
SO31 9HX,E63013644,50.852982,-1.296856,32381,UN1,Locks Heath,35755.0,Medium,0,0,2,1935.0
SO32 1AB,E63013442,50.954536,-1.212262,29902,UN1,Bishop's Waltham,6955.0,Small,1,1,1,82.0
SO40 2NA,E63013527,50.917381,-1.562518,26975,RSN1,Cadnam and Bartley,2025.0,Minor,0,0,0,2752.0
SO40 3BY,E63013533,50.918599,-1.488305,10834,UN1,Totton,28090.0,Medium,2,2,5,142.0
SO40 3LL,E63013533,50.926331,-1.500285,24151,UN1,Totton,28090.0,Medium,0,0,5,1061.0
SO40 3PY,E63013533,50.919398,-1.489889,10834,UN1,Totton,28090.0,Medium,2,2,5,0.0
SO40 4SF,E63013600,50.890794,-1.450991,31024,RLN1,Marchwood,5775.0,Small,0,1,1,777.0
SO40 8WU,E63013533,50.916821,-1.514058,25711,UN1,Totton,28090.0,Medium,1,1,6,0.0
SO41 0GA,E63013820,50.760704,-1.625117,29928,UN1,Ashley (New Forest),7725.0,Small,0,2,3,991.0
SO41 0PG,E63013859,50.722419,-1.589510,30912,RLF1,Milford on Sea,4365.0,Minor,1,1,1,3677.0
SO41 0QD,E63013859,50.725443,-1.590022,30912,RLF1,Milford on Sea,4365.0,Minor,1,1,1,3478.0
SO41 6BA,E63013778,50.784443,-1.608047,30491,RLF1,Sway,2435.0,Minor,0,0,0,3668.0
SO41 8ED,E63013815,50.753049,-1.560153,14445,UF1,Lymington,14865.0,Small,0,1,7,1013.0
SO41 9AN,E63013815,50.758396,-1.542736,19025,UF1,Lymington,14865.0,Small,4,5,8,66.0
SO41 9GF,E63013815,50.757146,-1.549581,31464,UF1,Lymington,14865.0,Small,4,6,8,246.0
SO41 9GJ,E63013815,50.760041,-1.547285,19025,UF1,Lymington,14865.0,Small,5,5,8,0.0
SO42 7RB,E63013749,50.819049,-1.577903,31588,RLF1,Brockenhurst,3485.0,Minor,1,1,1,490.0
SO43 7BG,E63013639,50.872330,-1.575064,17687,RLN1,Lyndhurst,2460.0,Minor,1,1,1,108.0
SO45 1XA,E63013742,50.818949,-1.373442,24255,UF1,Blackfield and Langley,5845.0,Small,0,0,1,4729.0
SO45 2NZ,E63013702,50.833344,-1.383033,19966,UN1,Holbury,7335.0,Small,0,0,1,3104.0
SO45 4PY,E63013656,50.853081,-1.414098,30086,UN1,Hythe and Dibden Purlieu,19855.0,Small,1,4,4,202.0
SO45 5WX,E63013656,50.858563,-1.404652,30946,UN1,Hythe and Dibden Purlieu,19855.0,Small,2,3,6,0.0
SO45 6AG,E63013656,50.870213,-1.398535,21993,UN1,Hythe and Dibden Purlieu,19855.0,Small,1,1,4,340.0
SO50 4QP,E63013413,50.977856,-1.360010,26776,UN1,Eastleigh,48360.0,Medium,1,3,12,0.0
SO50 5SG,E63013413,50.966847,-1.353155,16120,UN1,Eastleigh,48360.0,Medium,4,4,8,203.0
SO50 6LP,E63013413,50.970353,-1.336785,24267,UN1,Eastleigh,48360.0,Medium,0,0,10,1149.0
SO50 7AU,E63013413,50.965467,-1.299174,25481,UN1,Eastleigh,48360.0,Medium,0,3,3,782.0
SO50 8AL,E63013413,50.965131,-1.310742,28710,UN1,Eastleigh,48360.0,Medium,2,3,4,42.0
SO50 8AU,E63013413,50.964876,-1.310304,28710,UN1,Eastleigh,48360.0,Medium,2,3,4,0.0
SO50 9FF,E63013413,50.969092,-1.352526,16120,UN1,Eastleigh,48360.0,Medium,4,4,8,211.0
SO50 9FH,E63013413,50.969464,-1.351481,16120,UN1,Eastleigh,48360.0,Medium,4,4,8,203.0
SO51 6BT,E63013412,50.970256,-1.584565,21882,RLN1,West Wellow,1585.0,Minor,0,0,0,5776.0
SO51 7QP,E63013363,50.992623,-1.487975,22324,UN1,Romsey,19920.0,Small,2,7,8,166.0
SO51 8BW,E63013363,50.988973,-1.498330,26947,UN1,Romsey,19920.0,Small,6,8,8,37.0
SO51 8BZ,E63013363,50.988496,-1.494104,14675,UN1,Romsey,19920.0,Small,5,8,8,234.0
SO51 8GD,E63013363,50.988809,-1.497876,14675,UN1,Romsey,19920.0,Small,6,8,8,0.0
SO52 9EF,E63013403,50.977291,-1.438902,13263,RLN1,North Baddesley,7000.0,Small,1,1,1,284.0
SO53 2DP,E63013373,50.988249,-1.374471,31631,UN1,Chandler's Ford,31975.0,Medium,1,3,8,163.0
SO53 2FS,E63013373,50.986751,-1.385376,32397,UN1,Chandler's Ford,31975.0,Medium,1,3,7,170.0
SO53 2LQ,E63013373,50.979088,-1.371603,29146,UN1,Chandler's Ford,31975.0,Medium,0,3,11,823.0
SO53 3GA,E63013373,50.971989,-1.382751,7515,UN1,Chandler's Ford,31975.0,Medium,0,1,9,1483.0
SO53 3YJ,E63013373,50.965477,-1.390897,18829,UN1,Chandler's Ford,31975.0,Medium,0,1,2,2229.0
SO53 4ST,E63013373,50.977728,-1.402075,32565,UN1,Chandler's Ford,31975.0,Medium,0,0,4,1435.0
SO53 5NQ,E63013373,50.997578,-1.381884,32814,UN1,Chandler's Ford,31975.0,Medium,0,0,4,1317.0
SP1 1HB,E63013173,51.069791,-1.793664,10909,UF1,Salisbury,47690.0,Medium,6,8,11,260.0
SP1 2AG,E63013173,51.067655,-1.796214,15295,UF1,Salisbury,47690.0,Medium,8,8,11,318.0
SP1 2NG,E63013173,51.068420,-1.796667,15295,UF1,Salisbury,47690.0,Medium,8,10,11,304.0
SP1 2NY,E63013173,51.062546,-1.775445,25513,UF1,Salisbury,47690.0,Medium,0,0,9,1710.0
SP1 3FF,E63013173,51.088023,-1.781503,17174,UF1,Salisbury,47690.0,Medium,0,0,1,2002.0
SP1 3SL,E63013173,51.071731,-1.797509,10909,UF1,Salisbury,47690.0,Medium,6,10,11,0.0
SP10 1HF,E63012816,51.208645,-1.475890,8965,UN1,Andover,48480.0,Medium,4,6,13,45.0
SP10 1LT,E63012816,51.208322,-1.479959,8965,UN1,Andover,48480.0,Medium,4,6,14,262.0
SP10 1NF,E63012816,51.207993,-1.478889,8965,UN1,Andover,48480.0,Medium,4,6,14,260.0
SP10 1UZ,E63012816,51.216262,-1.473856,12333,UN1,Andover,48480.0,Medium,0,8,13,630.0
SP10 2RW,E63012816,51.203719,-1.482316,15276,UN1,Andover,48480.0,Medium,0,5,11,727.0
SP10 3DR,E63012816,51.214126,-1.503632,29681,UN1,Andover,48480.0,Medium,0,4,8,577.0
SP10 3JY,E63012816,51.214047,-1.493553,18220,UN1,Andover,48480.0,Medium,2,4,14,0.0
SP10 3RW,E63012816,51.218187,-1.496515,19653,UN1,Andover,48480.0,Medium,1,4,14,360.0
SP10 5DE,E63012816,51.221251,-1.469561,7971,UN1,Andover,48480.0,Medium,2,3,12,0.0
SP10 5DN,E63012816,51.220781,-1.469051,7971,UN1,Andover,48480.0,Medium,2,3,12,63.0
SP11 9RA,E63012712,51.256024,-1.617520,10860,RLF1,Ludgershall (Wiltshire),5395.0,Small,1,1,1,0.0
SP2 0HA,E63013151,51.080413,-1.863439,21755,RLF1,Wilton,4305.0,Minor,1,1,1,329.0
SP2 7FD,E63013173,51.072451,-1.809038,20591,UF1,Salisbury,47690.0,Medium,1,7,11,0.0
SP2 7TD,E63013173,51.067483,-1.800753,15295,UF1,Salisbury,47690.0,Medium,3,10,11,0.0
SP2 9DJ,E63013173,51.080513,-1.829419,6324,UF1,Salisbury,47690.0,Medium,0,0,2,1683.0
SP3 6LD,E63013199,51.063640,-2.081141,18147,RLF1,Tisbury,2270.0,Minor,1,1,1,260.0
SP4 6EB,E63013102,51.102588,-1.780477,18491,RSF1,Old Sarum,4015.0,Minor,0,0,1,2798.0
SP4 7DB,E63012965,51.173472,-1.779740,22131,UF1,Amesbury,12680.0,Small,3,3,3,81.0
SP4 7HD,E63012965,51.171855,-1.780835,22131,UF1,Amesbury,12680.0,Small,3,3,3,122.0
SP4 8DL,E63012865,51.196141,-1.770588,31109,UF1,Durrington and Bulford,,,0,0,0,2489.0
SP5 3PG,E63013368,50.992788,-1.742953,27264,RLF1,Downton,2950.0,Minor,1,1,1,236.0
SP6 1AB,E63013499,50.928261,-1.789440,17425,RLN1,Fordingbridge,4950.0,Minor,2,2,2,286.0
SP6 1AX,E63013499,50.927123,-1.791210,17425,RLN1,Fordingbridge,4950.0,Minor,2,2,2,198.0
SP7 8DH,E63013329,51.003246,-2.190889,29137,RLF1,Shaftesbury,9160.0,Small,2,3,3,2964.0
SP7 8JE,E63013329,51.006044,-2.195789,13189,RLF1,Shaftesbury,9160.0,Small,2,3,3,2969.0
SP7 8JG,E63013329,51.006078,-2.197001,13189,RLF1,Shaftesbury,9160.0,Small,1,3,3,2921.0
SP7 8NU,E63013329,51.001675,-2.189614,29137,RLF1,Shaftesbury,9160.0,Small,1,3,3,2914.0
SP8 4AG,E63013252,51.037530,-2.274038,14795,UF1,Gillingham (Dorset),11010.0,Small,2,2,3,318.0
SP8 4FA,E63013252,51.047733,-2.282714,29201,UF1,Gillingham (Dorset),11010.0,Small,0,0,3,1573.0
SP8 4XS,E63013252,51.035956,-2.270249,14795,UF1,Gillingham (Dorset),11010.0,Small,2,2,3,0.0
SP9 7FH,E63012749,51.235089,-1.660692,27525,UF1,Tidworth,10690.0,Small,0,1,2,667.0
SR1 1PA,E63007220,54.904870,-1.377132,259,UN1,Sunderland,168315.0,Large,4,12,28,59.0
SR1 2HJ,E63007220,54.905525,-1.373254,3277,UN1,Sunderland,168315.0,Large,3,12,24,0.0
SR1 3LB,E63007220,54.905768,-1.385774,3277,UN1,Sunderland,168315.0,Large,2,12,39,503.0
SR1 3LF,E63007220,54.905694,-1.383623,3277,UN1,Sunderland,168315.0,Large,5,13,39,470.0
SR1 3NX,E63007220,54.903553,-1.384966,259,UN1,Sunderland,168315.0,Large,3,10,36,252.0
SR2 0RP,E63007220,54.870974,-1.368695,5184,UN1,Sunderland,168315.0,Large,2,3,8,67.0
SR2 0RX,E63007220,54.871306,-1.368471,14150,UN1,Sunderland,168315.0,Large,2,4,8,38.0
SR2 7RW,E63007220,54.892775,-1.389745,2008,UN1,Sunderland,168315.0,Large,0,0,33,1009.0
SR2 8NE,E63007220,54.898268,-1.368860,167,UN1,Sunderland,168315.0,Large,5,9,23,92.0
SR2 8PB,E63007220,54.897259,-1.368486,795,UN1,Sunderland,168315.0,Large,5,8,24,24.0
SR2 8RW,E63007220,54.894739,-1.372938,810,UN1,Sunderland,168315.0,Large,4,6,20,86.0
SR2 9QE,E63007220,54.886361,-1.369015,5751,UN1,Sunderland,168315.0,Large,0,5,15,675.0
SR2 9TT,E63007220,54.881395,-1.373255,6349,UN1,Sunderland,168315.0,Large,3,4,13,171.0
SR2 9TW,E63007220,54.879814,-1.375040,6349,UN1,Sunderland,168315.0,Large,3,5,13,183.0
SR3 1EJ,E63007220,54.872716,-1.402109,8325,UN1,Sunderland,168315.0,Large,2,2,7,381.0
SR3 1PD,E63007220,54.884911,-1.407680,9815,UN1,Sunderland,168315.0,Large,0,1,16,967.0
SR3 2AT,E63007220,54.872034,-1.404082,8325,UN1,Sunderland,168315.0,Large,2,2,6,234.0
SR3 2NE,E63007220,54.866291,-1.416787,17001,UN1,Sunderland,168315.0,Large,0,1,4,802.0
SR3 3DZ,E63007220,54.874162,-1.427738,2199,UN1,Sunderland,168315.0,Large,0,0,11,1248.0
SR3 4ES,E63007220,54.888776,-1.426455,1092,UN1,Sunderland,168315.0,Large,4,5,15,318.0
SR3 4HG,E63007220,54.890248,-1.422194,3849,UN1,Sunderland,168315.0,Large,2,4,19,0.0
SR4 0LS,E63007220,54.904232,-1.449629,11188,UN1,Sunderland,168315.0,Large,1,1,5,0.0
SR4 6NQ,E63007220,54.908550,-1.414196,5661,UN1,Sunderland,168315.0,Large,2,11,25,194.0
SR4 6QE,E63007220,54.910071,-1.412708,5661,UN1,Sunderland,168315.0,Large,2,9,27,0.0
SR4 7BG,E63007220,54.906053,-1.399775,6315,UN1,Sunderland,168315.0,Large,3,16,34,274.0
SR4 7HG,E63007220,54.901840,-1.401896,11344,UN1,Sunderland,168315.0,Large,4,12,34,324.0
SR4 7HS,E63007220,54.901506,-1.403336,9512,UN1,Sunderland,168315.0,Large,6,12,33,226.0
SR4 7JA,E63007220,54.901334,-1.404976,9512,UN1,Sunderland,168315.0,Large,9,13,29,119.0
SR4 7PP,E63007220,54.898098,-1.408360,23330,UN1,Sunderland,168315.0,Large,4,10,27,347.0
SR4 7SN,E63007220,54.903701,-1.413128,13357,UN1,Sunderland,168315.0,Large,6,14,28,186.0
SR4 7XA,E63007220,54.905257,-1.407850,7201,UN1,Sunderland,168315.0,Large,7,15,31,199.0
SR4 7XF,E63007220,54.904182,-1.410345,7201,UN1,Sunderland,168315.0,Large,7,15,27,0.0
SR4 7YE,E63007220,54.905476,-1.406677,7201,UN1,Sunderland,168315.0,Large,9,15,31,275.0
SR4 8JJ,E63007220,54.890726,-1.437886,1440,UN1,Sunderland,168315.0,Large,1,3,9,439.0
SR4 9AS,E63007220,54.896763,-1.439408,4318,UN1,Sunderland,168315.0,Large,0,1,12,1009.0
SR5 2JE,E63007220,54.919997,-1.400987,790,UN1,Sunderland,168315.0,Large,2,2,26,81.0
SR5 2LT,E63007220,54.919462,-1.401838,790,UN1,Sunderland,168315.0,Large,2,2,29,0.0
SR5 3BQ,E63007220,54.916817,-1.440674,4769,UN1,Sunderland,168315.0,Large,0,2,13,757.0
SR5 3JG,E63007220,54.919934,-1.417572,4651,UN1,Sunderland,168315.0,Large,0,2,15,742.0
SR5 3PZ,E63007220,54.922545,-1.451470,6702,UN1,Sunderland,168315.0,Large,0,4,7,526.0
SR5 4BW,E63007220,54.926597,-1.447233,347,UN1,Sunderland,168315.0,Large,2,3,7,0.0
SR5 5PS,E63007220,54.925465,-1.424077,6272,UN1,Sunderland,168315.0,Large,1,2,13,0.0
SR6 0AY,E63007220,54.913093,-1.382465,4705,UN1,Sunderland,168315.0,Large,4,8,32,51.0
SR6 0BB,E63007220,54.913371,-1.382382,4705,UN1,Sunderland,168315.0,Large,4,7,32,52.0
SR6 0BD,E63007220,54.914291,-1.377611,4705,UN1,Sunderland,168315.0,Large,5,5,25,62.0
SR6 0HT,E63007220,54.916900,-1.374715,14557,UN1,Sunderland,168315.0,Large,2,5,21,406.0
SR6 7EJ,E63007192,54.950569,-1.365293,16700,UN1,Whitburn (South Tyneside),5090.0,Small,1,1,1,251.0
SR6 7PG,E63007193,54.954387,-1.402412,31929,UN1,Cleadon,4600.0,Minor,1,1,3,0.0
SR6 9BP,E63007220,54.929469,-1.381122,22448,UN1,Sunderland,168315.0,Large,2,2,11,167.0
SR6 9BX,E63007220,54.929930,-1.379975,22448,UN1,Sunderland,168315.0,Large,2,2,11,205.0
SR7 0PY,E63007259,54.849188,-1.369798,28851,UN1,Seaham,21665.0,Medium,0,0,5,1467.0
SR7 7DR,E63007259,54.836443,-1.330809,3625,UN1,Seaham,21665.0,Medium,5,5,7,308.0
SR7 7EL,E63007259,54.837568,-1.336037,3625,UN1,Seaham,21665.0,Medium,5,7,8,199.0
SR7 7HF,E63007259,54.837259,-1.333660,3625,UN1,Seaham,21665.0,Medium,5,6,7,200.0
SR7 7HN,E63007259,54.836701,-1.331988,3625,UN1,Seaham,21665.0,Medium,5,5,7,245.0
SR7 7JE,E63007259,54.835804,-1.335490,3625,UN1,Seaham,21665.0,Medium,5,7,8,0.0
SR7 8EL,E63007259,54.835304,-1.368052,8076,UN1,Seaham,21665.0,Medium,1,1,4,183.0
SR7 8LQ,E63007259,54.836843,-1.349766,1215,UN1,Seaham,21665.0,Medium,1,4,10,54.0
SR7 9AA,E63007267,54.816898,-1.383404,7360,RLN1,Murton (County Durham),7240.0,Small,2,2,2,13.0
SR7 9AD,E63007267,54.816360,-1.383521,7360,RLN1,Murton (County Durham),7240.0,Small,2,2,2,73.0
SR8 1AE,E63007291,54.759088,-1.334105,6832,UN1,Peterlee,19750.0,Small,5,6,11,132.0
SR8 2DP,E63007291,54.768956,-1.347466,12044,UN1,Peterlee,19750.0,Small,0,0,9,1407.0
SR8 3PF,E63007279,54.788139,-1.325510,221,RLN1,Easington (County Durham),6965.0,Small,0,0,0,2624.0
SR8 4DW,E63007289,54.765452,-1.313392,569,UN1,Horden,6805.0,Small,3,3,10,192.0
SR8 4LD,E63007289,54.763742,-1.312924,569,UN1,Horden,6805.0,Small,2,3,10,0.0
SR8 5DD,E63007291,54.762985,-1.331897,615,UN1,Peterlee,19750.0,Small,2,7,11,555.0
SR8 5HA,E63007291,54.760808,-1.331420,615,UN1,Peterlee,19750.0,Small,5,7,11,312.0
SR8 5SB,E63007291,54.756480,-1.330419,665,UN1,Peterlee,19750.0,Small,5,6,11,182.0
SS0 0DH,E63011939,51.557037,0.675561,29170,UN1,Southend-on-Sea,182305.0,Large,0,2,23,972.0
SS0 0JP,E63011939,51.560162,0.685614,8729,UN1,Southend-on-Sea,182305.0,Large,0,5,16,733.0
SS0 0RJ,E63011939,51.556894,0.695536,14909,UN1,Southend-on-Sea,182305.0,Large,3,7,17,0.0
SS0 7AF,E63011939,51.544993,0.701900,7007,UN1,Southend-on-Sea,182305.0,Large,2,11,27,0.0
SS0 7EL,E63011939,51.541335,0.695524,6266,UN1,Southend-on-Sea,182305.0,Large,2,8,28,385.0
SS0 8BT,E63011939,51.538067,0.690182,5964,UN1,Southend-on-Sea,182305.0,Large,1,3,21,155.0
SS0 9AU,E63011939,51.544288,0.693434,8978,UN1,Southend-on-Sea,182305.0,Large,1,7,30,573.0
SS0 9PU,E63011939,51.547489,0.684867,13250,UN1,Southend-on-Sea,182305.0,Large,1,4,24,753.0
SS0 9SU,E63011939,51.545938,0.678747,14508,UN1,Southend-on-Sea,182305.0,Large,1,2,23,1072.0
SS1 1DE,E63011939,51.534690,0.715364,851,UN1,Southend-on-Sea,182305.0,Large,2,10,24,281.0
SS1 1JD,E63011939,51.535543,0.713454,851,UN1,Southend-on-Sea,182305.0,Large,3,11,26,124.0
SS1 1PL,E63011939,51.540833,0.709124,883,UN1,Southend-on-Sea,182305.0,Large,6,14,29,94.0
SS1 2AB,E63011939,51.541789,0.714042,883,UN1,Southend-on-Sea,182305.0,Large,8,13,30,0.0
SS1 2NL,E63011939,51.540385,0.715256,883,UN1,Southend-on-Sea,182305.0,Large,8,11,29,129.0
SS1 2PN,E63011939,51.540835,0.731927,8628,UN1,Southend-on-Sea,182305.0,Large,2,8,22,449.0
SS1 2PP,E63011939,51.541441,0.736391,11622,UN1,Southend-on-Sea,182305.0,Large,3,6,24,235.0
SS1 2SG,E63011939,51.535860,0.733143,28552,UN1,Southend-on-Sea,182305.0,Large,1,4,23,352.0
SS1 3ES,E63011939,51.535988,0.761431,30481,UN1,Southend-on-Sea,182305.0,Large,2,2,9,282.0
SS1 3EX,E63011939,51.536148,0.760763,30481,UN1,Southend-on-Sea,182305.0,Large,2,2,9,256.0
SS11 8QW,E63011853,51.609258,0.547665,26992,UN1,Wickford,27535.0,Medium,0,0,8,1146.0
SS12 0AN,E63011853,51.611661,0.516730,14733,UN1,Wickford,27535.0,Medium,6,6,8,232.0
SS12 0RA,E63011853,51.613521,0.520141,18665,UN1,Wickford,27535.0,Medium,6,6,9,6.0
SS12 9AE,E63011853,51.612904,0.520424,18665,UN1,Wickford,27535.0,Medium,6,6,9,67.0
SS12 9AQ,E63011853,51.611932,0.520009,18665,UN1,Wickford,27535.0,Medium,6,6,9,116.0
SS12 9AT,E63011853,51.611690,0.520386,18665,UN1,Wickford,27535.0,Medium,6,6,9,151.0
SS12 9NR,E63011853,51.602013,0.535865,31447,UN1,Wickford,27535.0,Medium,1,1,10,0.0
SS13 1PN,E63011912,51.579053,0.507364,1417,UN1,Basildon,115955.0,Large,2,3,16,0.0
SS13 1SA,E63011912,51.591025,0.500949,8158,UN1,Basildon,115955.0,Large,2,2,9,330.0
SS13 2AJ,E63011912,51.572986,0.510176,3546,UN1,Basildon,115955.0,Large,0,8,13,571.0
SS13 3AT,E63011912,51.565241,0.505637,4664,UN1,Basildon,115955.0,Large,5,6,14,116.0
SS13 3DU,E63011912,51.566155,0.504071,4664,UN1,Basildon,115955.0,Large,5,6,14,178.0
SS13 3JU,E63011912,51.562728,0.501993,11590,UN1,Basildon,115955.0,Large,3,5,14,460.0
SS14 1AE,E63011912,51.569416,0.460901,7217,UN1,Basildon,115955.0,Large,3,7,20,187.0
SS14 1BA,E63011912,51.570484,0.458000,7217,UN1,Basildon,115955.0,Large,3,7,19,66.0
SS14 1PB,E63011912,51.570887,0.484950,4379,UN1,Basildon,115955.0,Large,0,3,25,561.0
SS14 2ER,E63011912,51.575671,0.467964,9070,UN1,Basildon,115955.0,Large,2,6,20,0.0
SS14 2HB,E63011912,51.577984,0.473820,3772,UN1,Basildon,115955.0,Large,2,3,16,479.0
SS14 3AF,E63011912,51.580992,0.443613,3772,UN1,Basildon,115955.0,Large,1,5,16,415.0
SS14 3HZ,E63011912,51.590813,0.480003,9514,UN1,Basildon,115955.0,Large,0,1,10,889.0
SS14 3JT,E63011912,51.582325,0.486743,9514,UN1,Basildon,115955.0,Large,2,2,16,382.0
SS15 4JS,E63011912,51.587131,0.445487,15421,UN1,Basildon,115955.0,Large,1,3,6,188.0
SS15 5HL,E63011912,51.573232,0.441841,7427,UN1,Basildon,115955.0,Large,1,3,19,0.0
SS15 5PS,E63011912,51.575366,0.423510,1353,UN1,Basildon,115955.0,Large,2,2,10,0.0
SS16 4EX,E63011912,51.566444,0.483698,4993,UN1,Basildon,115955.0,Large,1,3,22,144.0
SS16 4QW,E63011912,51.557778,0.481408,7395,UN1,Basildon,115955.0,Large,0,2,12,946.0
SS16 5DF,E63011912,51.563736,0.463292,12969,UN1,Basildon,115955.0,Large,1,7,19,98.0
SS16 5SA,E63011912,51.563646,0.444790,22928,UN1,Basildon,115955.0,Large,1,2,17,159.0
SS16 6SA,E63011912,51.566075,0.407777,29381,UN1,Basildon,115955.0,Large,1,1,5,0.0
SS17 0HP,E63011989,51.515716,0.425502,15776,UN1,Stanford-le-Hope,29525.0,Medium,3,3,7,257.0
SS17 0PH,E63011989,51.519318,0.427438,15776,UN1,Stanford-le-Hope,29525.0,Medium,2,3,7,0.0
SS17 7LJ,E63011989,51.524990,0.447909,21339,UN1,Stanford-le-Hope,29525.0,Medium,1,4,9,628.0
SS17 7NA,E63011989,51.524566,0.447972,21339,UN1,Stanford-le-Hope,29525.0,Medium,1,4,9,589.0
SS17 9AA,E63011989,51.526588,0.459687,20575,UN1,Stanford-le-Hope,29525.0,Medium,2,4,5,250.0
SS2 4LB,E63011939,51.547581,0.736139,2789,UN1,Southend-on-Sea,182305.0,Large,2,6,16,124.0
SS2 5PB,E63011939,51.542709,0.718236,883,UN1,Southend-on-Sea,182305.0,Large,5,13,29,308.0
SS2 5PW,E63011939,51.552861,0.715999,16331,UN1,Southend-on-Sea,182305.0,Large,0,2,28,942.0
SS2 5SA,E63011939,51.540654,0.712200,883,UN1,Southend-on-Sea,182305.0,Large,9,13,30,179.0
SS2 6NW,E63011939,51.556218,0.700690,22054,UN1,Southend-on-Sea,182305.0,Large,4,6,23,194.0
SS2 6SH,E63011939,51.570931,0.671312,18811,UN1,Southend-on-Sea,182305.0,Large,1,4,7,108.0
SS3 0EQ,E63011946,51.553183,0.808451,26100,UN1,Great Wakering,6775.0,Small,0,0,1,1046.0
SS3 8DA,E63011939,51.539309,0.780771,7878,UN1,Southend-on-Sea,182305.0,Large,0,0,8,1147.0
SS3 9AH,E63011939,51.529308,0.795114,8613,UN1,Southend-on-Sea,182305.0,Large,0,2,4,529.0
SS3 9BX,E63011939,51.529885,0.787522,8613,UN1,Southend-on-Sea,182305.0,Large,2,3,6,0.0
SS3 9DS,E63011939,51.530231,0.780506,3667,UN1,Southend-on-Sea,182305.0,Large,2,2,7,487.0
SS4 1AJ,E63011886,51.582403,0.705995,10247,UN1,Rochford,12615.0,Small,3,4,5,56.0
SS4 1BE,E63011886,51.582168,0.705664,10247,UN1,Rochford,12615.0,Small,3,4,5,42.0
SS4 1UB,E63011854,51.596158,0.696488,23313,UN1,Ashingdon,6485.0,Small,0,2,7,668.0
SS4 3ET,E63011854,51.605797,0.692654,23628,UN1,Ashingdon,6485.0,Small,0,1,3,585.0
SS5 4AZ,E63011855,51.601683,0.655323,28367,UN1,Hockley and Hawkwell,15425.0,Small,2,4,6,159.0
SS5 4EG,E63011855,51.597622,0.665483,31920,UN1,Hockley and Hawkwell,15425.0,Small,0,4,6,706.0
SS5 4PZ,E63011855,51.600376,0.656272,27363,UN1,Hockley and Hawkwell,15425.0,Small,2,4,6,0.0
SS5 5DA,E63011855,51.604680,0.663167,30320,UN1,Hockley and Hawkwell,15425.0,Small,1,5,7,454.0
SS5 6AE,E63011855,51.609333,0.635547,31708,UN1,Hockley and Hawkwell,15425.0,Small,0,0,4,1744.0
SS5 6JH,E63011816,51.623978,0.612859,27357,RLN1,Hullbridge,5710.0,Small,1,1,1,0.0
SS6 7EF,E63011880,51.587413,0.607063,27292,UN1,Rayleigh,32380.0,Medium,6,7,10,106.0
SS6 7EJ,E63011880,51.585969,0.605696,18963,UN1,Rayleigh,32380.0,Medium,6,7,10,97.0
SS6 7EW,E63011880,51.587076,0.607290,18963,UN1,Rayleigh,32380.0,Medium,6,7,10,103.0
SS6 7JE,E63011880,51.584800,0.606481,18963,UN1,Rayleigh,32380.0,Medium,6,6,9,51.0
SS6 9AX,E63011880,51.593802,0.594737,27742,UN1,Rayleigh,32380.0,Medium,1,1,10,230.0
SS6 9NL,E63011880,51.600641,0.609150,31258,UN1,Rayleigh,32380.0,Medium,1,1,10,440.0
SS7 1QT,E63011931,51.557728,0.598815,24652,UN1,Thundersley and South Benfleet,49885.0,Medium,0,3,9,856.0
SS7 2BN,E63011931,51.552687,0.611570,13727,UN1,Thundersley and South Benfleet,49885.0,Medium,4,4,7,150.0
SS7 2RB,E63011931,51.554462,0.607401,20690,UN1,Thundersley and South Benfleet,49885.0,Medium,4,5,7,240.0
SS7 2RF,E63011931,51.553747,0.609596,13727,UN1,Thundersley and South Benfleet,49885.0,Medium,4,5,7,188.0
SS7 3PE,E63011931,51.568870,0.583373,22348,UN1,Thundersley and South Benfleet,49885.0,Medium,2,3,4,126.0
SS7 3PF,E63011931,51.568935,0.582078,28781,UN1,Thundersley and South Benfleet,49885.0,Medium,2,3,4,96.0
SS7 4EF,E63011931,51.572899,0.551346,24455,UN1,Thundersley and South Benfleet,49885.0,Medium,1,3,4,324.0
SS7 5HA,E63011931,51.553655,0.559083,16164,UN1,Thundersley and South Benfleet,49885.0,Medium,1,3,6,215.0
SS7 5LN,E63011931,51.549292,0.562834,16164,UN1,Thundersley and South Benfleet,49885.0,Medium,2,4,4,0.0
SS7 5UH,E63011931,51.567604,0.551641,16852,UN1,Thundersley and South Benfleet,49885.0,Medium,2,3,5,0.0
SS8 0JA,E63011995,51.520226,0.591014,11499,UN1,Canvey Island,38010.0,Medium,3,6,11,0.0
SS8 0JD,E63011995,51.519891,0.581740,16661,UN1,Canvey Island,38010.0,Medium,0,7,11,643.0
SS8 0JQ,E63011995,51.519582,0.569166,14681,UN1,Canvey Island,38010.0,Medium,2,5,10,224.0
SS8 7AG,E63011995,51.521768,0.592860,11499,UN1,Canvey Island,38010.0,Medium,3,6,11,214.0
SS8 7AY,E63011995,51.520576,0.593066,11499,UN1,Canvey Island,38010.0,Medium,3,6,11,147.0
SS8 7BY,E63011995,51.515309,0.593329,11499,UN1,Canvey Island,38010.0,Medium,0,6,9,570.0
SS8 7RN,E63011995,51.520766,0.604798,10470,UN1,Canvey Island,38010.0,Medium,0,5,6,956.0
SS8 9SU,E63011995,51.525227,0.566846,4422,UN1,Canvey Island,38010.0,Medium,1,4,9,0.0
SS9 1JN,E63011939,51.543693,0.668706,24947,UN1,Southend-on-Sea,182305.0,Large,0,5,15,544.0
SS9 1PE,E63011939,51.541826,0.657462,23770,UN1,Southend-on-Sea,182305.0,Large,1,5,11,736.0
SS9 1SW,E63011939,51.542310,0.653956,22268,UN1,Southend-on-Sea,182305.0,Large,1,4,11,858.0
SS9 2SW,E63011939,51.548556,0.632235,28077,UN1,Southend-on-Sea,182305.0,Large,1,1,11,360.0
SS9 3JP,E63011939,51.547693,0.663300,20310,UN1,Southend-on-Sea,182305.0,Large,2,6,16,43.0
SS9 3NG,E63011939,51.547312,0.663407,30358,UN1,Southend-on-Sea,182305.0,Large,2,5,15,0.0
SS9 4JH,E63011939,51.555533,0.655476,19102,UN1,Southend-on-Sea,182305.0,Large,1,2,17,49.0
SS9 4LT,E63011939,51.559012,0.647599,11425,UN1,Southend-on-Sea,182305.0,Large,0,2,13,710.0
SS9 5PT,E63011939,51.570145,0.648434,14162,UN1,Southend-on-Sea,182305.0,Large,0,0,8,1293.0
SS9 5UU,E63011939,51.563836,0.664142,14162,UN1,Southend-on-Sea,182305.0,Large,2,4,13,0.0
ST1 1PS,E63009014,53.027555,-2.175820,447,UN1,Stoke-on-Trent,260560.0,Major,7,14,28,149.0
ST1 1PZ,E63009014,53.026551,-2.173893,447,UN1,Stoke-on-Trent,260560.0,Major,7,14,29,196.0
ST1 2BU,E63009014,53.027744,-2.169648,580,UN1,Stoke-on-Trent,260560.0,Major,5,13,30,82.0
ST1 3LE,E63009014,53.022168,-2.171251,2777,UN1,Stoke-on-Trent,260560.0,Major,2,16,29,46.0
ST1 4AA,E63009014,53.023143,-2.180722,447,UN1,Stoke-on-Trent,260560.0,Major,4,19,25,319.0
ST1 4EU,E63009014,53.022767,-2.179901,447,UN1,Stoke-on-Trent,260560.0,Major,4,19,24,293.0
ST1 4LS,E63009014,53.022712,-2.180497,447,UN1,Stoke-on-Trent,260560.0,Major,4,19,25,275.0
ST1 4PB,E63009014,53.015778,-2.182495,5202,UN1,Stoke-on-Trent,260560.0,Major,4,8,28,0.0
ST1 4PZ,E63009014,53.017783,-2.188019,5202,UN1,Stoke-on-Trent,260560.0,Major,4,8,29,239.0
ST1 5NY,E63009014,53.031277,-2.192656,7566,UN1,Stoke-on-Trent,260560.0,Major,1,6,37,672.0
ST1 5SJ,E63009014,53.028160,-2.191777,7566,UN1,Stoke-on-Trent,260560.0,Major,1,8,37,885.0
ST1 6HD,E63009014,53.040413,-2.167029,17079,UN1,Stoke-on-Trent,260560.0,Major,0,0,24,1012.0
ST1 6RS,E63009014,53.035684,-2.154096,27313,UN1,Stoke-on-Trent,260560.0,Major,1,2,17,0.0
ST10 1AF,E63009076,52.987827,-1.988681,8548,UN1,Cheadle (Staffordshire Moorlands),11400.0,Small,4,5,5,153.0
ST10 1AR,E63009076,52.987036,-1.989277,8548,UN1,Cheadle (Staffordshire Moorlands),11400.0,Small,4,5,5,234.0
ST10 1HQ,E63009076,52.984680,-1.983736,12380,UN1,Cheadle (Staffordshire Moorlands),11400.0,Small,5,5,5,127.0
ST10 4DY,E63009120,52.953659,-1.986829,27799,RLN1,Upper Tean,3245.0,Minor,1,1,1,118.0
ST11 9LY,E63009099,52.965835,-2.058306,20252,UN1,Blythe Bridge,,,0,1,1,922.0
ST12 9DL,E63009135,52.942055,-2.171768,26430,RSN1,Barlaston,1415.0,Minor,0,0,0,2968.0
ST13 5AJ,E63008888,53.105619,-2.022019,9326,UN1,Leek,19385.0,Small,8,8,10,179.0
ST13 6HN,E63008888,53.105870,-2.024259,9326,UN1,Leek,19385.0,Small,8,9,10,295.0
ST13 6HT,E63008888,53.105906,-2.024528,9326,UN1,Leek,19385.0,Small,8,9,10,308.0
ST13 6JS,E63008888,53.106204,-2.019061,9326,UN1,Leek,19385.0,Small,8,8,10,58.0
ST13 6JW,E63008888,53.106410,-2.020764,23709,UN1,Leek,19385.0,Small,8,8,10,87.0
ST13 6QF,E63008888,53.114331,-2.007636,4091,UN1,Leek,19385.0,Small,0,0,10,1161.0
ST13 6QR,E63008888,53.107273,-2.020511,9281,UN1,Leek,19385.0,Small,8,8,10,0.0
ST13 8YG,,53.111099,-2.035631,10918,UN1,,,,0,2,10,1095.0
ST14 7FN,E63009204,52.899307,-1.866431,13061,UN1,Uttoxeter,14020.0,Small,5,6,6,0.0
ST14 7HT,E63009204,52.899225,-1.865153,23877,UN1,Uttoxeter,14020.0,Small,6,6,6,86.0
ST14 8AU,E63009204,52.897752,-1.858245,23877,UN1,Uttoxeter,14020.0,Small,4,6,6,361.0
ST14 8JG,E63009204,52.897138,-1.863524,23877,UN1,Uttoxeter,14020.0,Small,6,6,6,0.0
ST15 0HN,E63009186,52.895491,-2.150608,16434,UN1,Stone (Stafford),17280.0,Small,0,5,5,677.0
ST15 8AW,E63009186,52.901933,-2.146602,14377,UN1,Stone (Stafford),17280.0,Small,4,5,5,65.0
ST15 8YE,E63009186,52.899959,-2.143756,14377,UN1,Stone (Stafford),17280.0,Small,4,5,5,0.0
ST16 1BS,E63009353,52.800956,-2.129648,18438,UN1,Stafford,71690.0,Medium,1,9,24,0.0
ST16 1JG,E63009353,52.822474,-2.132087,21497,UN1,Stafford,71690.0,Medium,1,3,7,0.0
ST16 2AG,E63009353,52.804905,-2.118623,8465,UN1,Stafford,71690.0,Medium,9,14,26,0.0
ST16 2BD,E63009353,52.806929,-2.117857,8465,UN1,Stafford,71690.0,Medium,6,15,26,231.0
ST16 2HE,E63009353,52.803388,-2.116513,8465,UN1,Stafford,71690.0,Medium,9,15,26,102.0
ST16 2HF,E63009353,52.801920,-2.119045,8465,UN1,Stafford,71690.0,Medium,8,13,26,333.0
ST16 2HS,E63009353,52.805501,-2.116326,8465,UN1,Stafford,71690.0,Medium,9,13,24,145.0
ST16 2QT,E63009353,52.804790,-2.117318,8465,UN1,Stafford,71690.0,Medium,9,15,26,89.0
ST16 3BS,E63009353,52.814767,-2.118917,6243,UN1,Stafford,71690.0,Medium,3,6,24,361.0
ST16 3EB,E63009353,52.817738,-2.123288,6243,UN1,Stafford,71690.0,Medium,2,6,22,0.0
ST16 3RL,E63009353,52.807149,-2.103691,9461,UN1,Stafford,71690.0,Medium,1,11,25,540.0
ST16 3TA,E63009353,52.805760,-2.108390,8465,UN1,Stafford,71690.0,Medium,2,14,26,468.0
ST17 0EF,E63009353,52.792407,-2.079765,32723,UN1,Stafford,71690.0,Medium,1,2,3,166.0
ST17 4AH,E63009353,52.801881,-2.113943,20243,UN1,Stafford,71690.0,Medium,8,11,26,103.0
ST17 4RA,E63009353,52.784701,-2.082316,29830,UN1,Stafford,71690.0,Medium,0,2,3,818.0
ST17 4SU,E63009353,52.794924,-2.102327,6043,UN1,Stafford,71690.0,Medium,0,0,24,1098.0
ST17 9LT,E63009353,52.787537,-2.118961,6151,UN1,Stafford,71690.0,Medium,1,2,14,81.0
ST17 9YF,E63009353,52.794697,-2.131987,18438,UN1,Stafford,71690.0,Medium,1,3,16,384.0
ST18 0BF,E63009353,52.812893,-2.081865,25926,UN1,Stafford,71690.0,Medium,1,4,8,415.0
ST18 0SS,E63009364,52.801820,-2.004862,24497,RLF1,Great Haywood,2030.0,Minor,1,1,1,126.0
ST19 5AP,E63009538,52.725744,-2.118348,20559,RLN1,Penkridge,8370.0,Small,2,2,2,0.0
ST19 5DH,E63009538,52.725182,-2.114245,20559,RLN1,Penkridge,8370.0,Small,2,2,2,283.0
ST19 9BS,E63009647,52.676502,-2.173811,23054,RLN1,Brewood,2550.0,Minor,1,2,2,0.0
ST19 9NB,E63009558,52.710591,-2.221831,22361,RLN1,Wheaton Aston,2000.0,Minor,1,1,1,4440.0
ST19 9NP,E63009558,52.710662,-2.222527,22361,RLN1,Wheaton Aston,2000.0,Minor,1,1,1,4471.0
ST2 0EU,E63009014,53.013448,-2.128618,603,UN1,Stoke-on-Trent,260560.0,Major,1,2,5,0.0
ST2 7BN,E63009014,53.049318,-2.141569,17010,UN1,Stoke-on-Trent,260560.0,Major,1,2,7,36.0
ST2 7JL,E63009014,53.054859,-2.138962,18358,UN1,Stoke-on-Trent,260560.0,Major,0,3,5,617.0
ST2 8BW,E63009014,53.033862,-2.145217,2167,UN1,Stoke-on-Trent,260560.0,Major,0,2,12,627.0
ST2 9AJ,E63009014,53.024432,-2.144827,12930,UN1,Stoke-on-Trent,260560.0,Major,0,2,16,723.0
ST2 9LT,E63009014,53.015946,-2.145588,18611,UN1,Stoke-on-Trent,260560.0,Major,0,3,9,745.0
ST20 0GP,E63009387,52.790007,-2.256519,18661,RSN1,Gnosall,4040.0,Minor,1,1,1,0.0
ST21 6BZ,E63009270,52.859699,-2.253812,21550,RLN1,Eccleshall,3230.0,Minor,1,1,1,36.0
ST3 1LD,E63009014,52.991566,-2.123011,17958,UN1,Stoke-on-Trent,260560.0,Major,1,4,18,321.0
ST3 2AF,E63009014,52.984224,-2.158754,8163,UN1,Stoke-on-Trent,260560.0,Major,0,2,23,1244.0
ST3 2BS,E63009014,52.989390,-2.160679,13254,UN1,Stoke-on-Trent,260560.0,Major,1,2,18,1050.0
ST3 2HX,E63009014,52.988397,-2.135351,3072,UN1,Stoke-on-Trent,260560.0,Major,7,12,18,113.0
ST3 2JB,E63009014,52.989956,-2.139602,3072,UN1,Stoke-on-Trent,260560.0,Major,7,10,20,313.0
ST3 2JG,E63009014,52.989528,-2.136755,3072,UN1,Stoke-on-Trent,260560.0,Major,7,12,20,196.0
ST3 2JH,E63009014,52.988610,-2.137304,3072,UN1,Stoke-on-Trent,260560.0,Major,7,11,18,103.0
ST3 2NR,E63009014,52.987236,-2.136912,3072,UN1,Stoke-on-Trent,260560.0,Major,7,14,18,61.0
ST3 3JT,E63009014,52.972692,-2.158071,5284,UN1,Stoke-on-Trent,260560.0,Major,1,3,12,126.0
ST3 4DF,E63009014,52.983436,-2.134130,2542,UN1,Stoke-on-Trent,260560.0,Major,5,14,21,84.0
ST3 4EG,E63009014,52.978866,-2.137169,4035,UN1,Stoke-on-Trent,260560.0,Major,4,8,20,304.0
ST3 4LR,E63009014,52.979033,-2.132642,4035,UN1,Stoke-on-Trent,260560.0,Major,5,7,22,0.0
ST3 6AB,E63009014,52.978505,-2.102928,2444,UN1,Stoke-on-Trent,260560.0,Major,2,3,10,0.0
ST3 6NA,E63009014,52.989916,-2.098769,14089,UN1,Stoke-on-Trent,260560.0,Major,0,0,6,1299.0
ST3 7AE,E63009014,52.977498,-2.103596,691,UN1,Stoke-on-Trent,260560.0,Major,2,3,9,121.0
ST3 7UN,E63009014,52.974208,-2.093238,22813,UN1,Stoke-on-Trent,260560.0,Major,1,5,7,806.0
ST3 7WB,E63009014,52.972819,-2.089065,22813,UN1,Stoke-on-Trent,260560.0,Major,1,2,6,823.0
ST4 1NH,E63009014,53.003574,-2.186005,3705,UN1,Stoke-on-Trent,260560.0,Major,2,3,19,261.0
ST4 2SW,E63009014,53.010296,-2.156628,5867,UN1,Stoke-on-Trent,260560.0,Major,0,1,14,1330.0
ST4 3AQ,E63009014,52.998791,-2.162085,3851,UN1,Stoke-on-Trent,260560.0,Major,1,2,11,0.0
ST4 3BL,E63009014,52.992520,-2.159544,4323,UN1,Stoke-on-Trent,260560.0,Major,1,4,16,718.0
ST4 4QQ,E63009014,52.977246,-2.196272,11027,UN1,Stoke-on-Trent,260560.0,Major,2,4,10,175.0
ST4 5AN,E63009014,52.995754,-2.191588,5603,UN1,Stoke-on-Trent,260560.0,Major,0,4,11,724.0
ST4 5BA,E63009014,52.991351,-2.195874,13138,UN1,Stoke-on-Trent,260560.0,Major,0,5,14,556.0
ST4 5NX,E63009014,52.987341,-2.201964,13138,UN1,Stoke-on-Trent,260560.0,Major,1,4,15,0.0
ST4 6AT,E63009014,53.009943,-2.210624,20452,UN1,Stoke-on-Trent,260560.0,Major,1,6,25,0.0
ST4 6PL,E63009014,52.993685,-2.208429,8252,UN1,Stoke-on-Trent,260560.0,Major,1,5,18,430.0
ST4 7QD,E63009014,53.002244,-2.185716,3705,UN1,Stoke-on-Trent,260560.0,Major,2,3,20,398.0
ST4 8JT,E63009014,52.968804,-2.191663,27654,UN1,Stoke-on-Trent,260560.0,Major,2,5,7,218.0
ST5 0AY,E63008990,53.029171,-2.210122,13996,UN1,Newcastle-under-Lyme,76505.0,Large,0,4,20,583.0
ST5 0EP,E63008990,53.032159,-2.218308,19180,UN1,Newcastle-under-Lyme,76505.0,Large,3,4,18,107.0
ST5 0ER,E63008990,53.033146,-2.219446,19180,UN1,Newcastle-under-Lyme,76505.0,Large,3,4,19,94.0
ST5 0TW,E63008990,53.017814,-2.226851,10756,UN1,Newcastle-under-Lyme,76505.0,Large,2,8,23,430.0
ST5 1HX,E63008990,53.014035,-2.219185,11405,UN1,Newcastle-under-Lyme,76505.0,Large,1,12,22,56.0
ST5 1QL,E63008990,53.011043,-2.228127,6068,UN1,Newcastle-under-Lyme,76505.0,Large,6,11,20,106.0
ST5 1RB,E63008990,53.012165,-2.228967,6068,UN1,Newcastle-under-Lyme,76505.0,Large,6,11,19,222.0
ST5 2AF,E63008990,53.015486,-2.231787,10756,UN1,Newcastle-under-Lyme,76505.0,Large,3,11,19,240.0
ST5 2UE,E63008990,53.009075,-2.232692,10440,UN1,Newcastle-under-Lyme,76505.0,Large,4,8,22,0.0
ST5 3HP,E63008990,52.992718,-2.226198,6547,UN1,Newcastle-under-Lyme,76505.0,Large,1,1,13,0.0
ST5 3HY,E63008990,53.007065,-2.225990,8515,UN1,Newcastle-under-Lyme,76505.0,Large,3,9,22,170.0
ST5 4LY,E63008990,52.983632,-2.224944,31548,UN1,Newcastle-under-Lyme,76505.0,Large,0,0,6,1014.0
ST5 5BG,E63009036,53.003090,-2.273713,31784,RSN1,Keele,2605.0,Minor,1,1,3,0.0
ST5 6LQ,E63008990,53.016110,-2.268236,12329,UN1,Newcastle-under-Lyme,76505.0,Large,1,1,5,83.0
ST5 7DY,E63008990,53.041102,-2.250271,3389,UN1,Newcastle-under-Lyme,76505.0,Large,3,6,7,268.0
ST5 7EA,E63008990,53.042135,-2.251037,5185,UN1,Newcastle-under-Lyme,76505.0,Large,3,6,7,149.0
ST5 8HX,E63008990,53.040631,-2.234667,8469,UN1,Newcastle-under-Lyme,76505.0,Large,2,2,15,348.0
ST5 9GA,E63008990,53.021714,-2.241154,1747,UN1,Newcastle-under-Lyme,76505.0,Large,1,3,22,0.0
ST5 9JZ,E63008990,53.025429,-2.231215,11639,UN1,Newcastle-under-Lyme,76505.0,Large,0,3,22,783.0
ST6 1JP,E63009014,53.048113,-2.181961,1048,UN1,Stoke-on-Trent,260560.0,Major,0,3,18,870.0
ST6 1NT,E63009014,53.050972,-2.175186,2501,UN1,Stoke-on-Trent,260560.0,Major,0,3,15,696.0
ST6 2AB,E63009014,53.045271,-2.194091,1048,UN1,Stoke-on-Trent,260560.0,Major,2,6,25,0.0
ST6 2ER,E63009014,53.039954,-2.191114,1048,UN1,Stoke-on-Trent,260560.0,Major,0,7,26,564.0
ST6 2JF,E63009014,53.035657,-2.185443,814,UN1,Stoke-on-Trent,260560.0,Major,2,6,32,50.0
ST6 2JN,E63009014,53.035863,-2.186115,814,UN1,Stoke-on-Trent,260560.0,Major,2,6,31,0.0
ST6 3EG,E63009014,53.044725,-2.198235,1364,UN1,Stoke-on-Trent,260560.0,Major,4,6,28,284.0
ST6 3QJ,E63009014,53.043167,-2.205209,772,UN1,Stoke-on-Trent,260560.0,Major,3,5,28,0.0
ST6 5AP,E63009014,53.060720,-2.211813,1709,UN1,Stoke-on-Trent,260560.0,Major,9,11,17,374.0
ST6 5AQ,E63009014,53.058796,-2.211684,1624,UN1,Stoke-on-Trent,260560.0,Major,9,12,20,178.0
ST6 5BE,E63009014,53.060360,-2.211781,1709,UN1,Stoke-on-Trent,260560.0,Major,11,11,19,336.0
ST6 5EA,E63009014,53.059166,-2.210835,6066,UN1,Stoke-on-Trent,260560.0,Major,11,12,19,190.0
ST6 5QJ,E63009014,53.076918,-2.221386,6250,UN1,Stoke-on-Trent,260560.0,Major,1,1,11,0.0
ST6 5TZ,E63009014,53.062721,-2.208838,6066,UN1,Stoke-on-Trent,260560.0,Major,6,11,16,83.0
ST6 5UD,E63009014,53.063342,-2.208140,5879,UN1,Stoke-on-Trent,260560.0,Major,5,11,16,0.0
ST6 5UZ,E63009014,53.058007,-2.210591,1624,UN1,Stoke-on-Trent,260560.0,Major,8,12,20,67.0
ST6 6AT,E63009014,53.054087,-2.200516,967,UN1,Stoke-on-Trent,260560.0,Major,0,8,24,532.0
ST6 6BE,E63009014,53.057232,-2.206514,6066,UN1,Stoke-on-Trent,260560.0,Major,7,12,21,0.0
ST6 6SW,E63009014,53.072598,-2.193707,10754,UN1,Stoke-on-Trent,260560.0,Major,0,0,15,1410.0
ST6 7NN,E63009014,53.057219,-2.175927,17141,UN1,Stoke-on-Trent,260560.0,Major,1,2,10,0.0
ST6 8HX,E63009014,53.063478,-2.161150,1613,UN1,Stoke-on-Trent,260560.0,Major,1,1,6,125.0
ST7 1DX,E63008913,53.089520,-2.244803,4083,UN1,Kidsgrove,15595.0,Small,1,3,4,755.0
ST7 1LL,E63008913,53.085903,-2.259070,13643,UN1,Kidsgrove,15595.0,Small,0,0,7,1677.0
ST7 1QD,E63008938,53.070770,-2.261129,7423,UN1,Talke and Talke Pits,3435.0,Minor,2,2,3,333.0
ST7 1XD,E63008938,53.070136,-2.263170,19184,UN1,Talke and Talke Pits,3435.0,Minor,2,2,3,421.0
ST7 2AA,E63008905,53.096767,-2.302698,29768,UN1,Alsager,15505.0,Small,3,3,3,407.0
ST7 2AD,E63008905,53.093481,-2.300957,29768,UN1,Alsager,15505.0,Small,3,3,3,24.0
ST7 2LU,E63008905,53.093302,-2.300747,29768,UN1,Alsager,15505.0,Small,3,3,3,0.0
ST7 4AB,E63008913,53.087051,-2.238712,11340,UN1,Kidsgrove,15595.0,Small,3,3,6,311.0
ST7 4AY,E63008913,53.087366,-2.234085,11340,UN1,Kidsgrove,15595.0,Small,2,3,6,0.0
ST7 4SR,E63009014,53.086441,-2.199293,17272,UN1,Stoke-on-Trent,260560.0,Major,0,0,3,1816.0
ST7 8EW,E63008969,53.054209,-2.300579,18854,RLN1,Audley,1985.0,Minor,1,1,1,0.0
ST8 6AG,E63008873,53.116111,-2.178498,16073,UN1,Biddulph,17495.0,Small,3,4,4,0.0
ST8 6AS,E63008873,53.115575,-2.176494,16073,UN1,Biddulph,17495.0,Small,4,4,4,146.0
ST8 6HJ,E63008873,53.113236,-2.177261,16073,UN1,Biddulph,17495.0,Small,4,4,4,330.0
ST8 7LR,E63008865,53.119379,-2.141934,28141,RLN1,Biddulph Moor,1285.0,Minor,0,0,0,2081.0
ST9 0JS,E63009008,53.021676,-2.098021,29275,UN1,Werrington,6010.0,Small,1,2,2,0.0
ST9 9DR,E63008934,53.075905,-2.110251,32488,UN1,Endon,2655.0,Minor,0,0,0,2285.0
SW10 0LR,E63012062,51.482653,-0.178042,4981,UN1,Kensington and Chelsea,,,4,9,61,0.0
SW10 0LU,E63012062,51.481644,-0.180804,3564,UN1,Kensington and Chelsea,,,5,7,61,222.0
SW10 0TX,E63012062,51.480731,-0.184009,3564,UN1,Kensington and Chelsea,,,4,8,61,66.0
SW10 9NB,E63012062,51.485434,-0.182238,23084,UN1,Kensington and Chelsea,,,3,12,60,424.0
SW11 1HG,E63012154,51.460807,-0.163436,23714,UN1,Wandsworth,,,5,13,40,0.0
SW11 1NJ,E63012154,51.459636,-0.166175,23714,UN1,Wandsworth,,,6,15,39,230.0
SW11 1PW,E63012154,51.462711,-0.167909,16564,UN1,Wandsworth,,,7,17,40,180.0
SW11 1QN,E63012154,51.462803,-0.167416,16564,UN1,Wandsworth,,,7,17,39,179.0
SW11 1TH,E63012154,51.459715,-0.178797,23599,UN1,Wandsworth,,,2,11,39,50.0
SW11 2LG,E63012154,51.464871,-0.166268,21164,UN1,Wandsworth,,,6,15,36,156.0
SW11 2PH,E63012154,51.468890,-0.170815,20468,UN1,Wandsworth,,,4,12,38,0.0
SW11 3AW,E63012154,51.476437,-0.168641,25733,UN1,Wandsworth,,,1,6,47,269.0
SW11 3BP,E63012154,51.472135,-0.166149,15348,UN1,Wandsworth,,,3,12,41,239.0
SW11 3UY,E63012154,51.466058,-0.182460,26739,UN1,Wandsworth,,,1,11,46,34.0
SW11 4LX,E63012154,51.474247,-0.153436,16606,UN1,Wandsworth,,,1,7,49,117.0
SW11 5QJ,E63012154,51.465067,-0.157564,27504,UN1,Wandsworth,,,2,15,41,121.0
SW11 5QL,E63012154,51.465177,-0.155371,15550,UN1,Wandsworth,,,4,13,45,138.0
SW11 6QZ,E63012154,51.455782,-0.165279,26658,UN1,Wandsworth,,,2,9,41,195.0
SW12 0PL,E63012154,51.444088,-0.145082,17970,UN1,Wandsworth,,,3,9,38,456.0
SW12 9AU,E63012154,51.443917,-0.151896,16534,UN1,Wandsworth,,,7,13,31,269.0
SW12 9AZ,E63012154,51.442340,-0.153413,23829,UN1,Wandsworth,,,6,12,32,176.0
SW12 9DR,E63012154,51.451409,-0.147391,20382,UN1,Wandsworth,,,1,7,48,135.0
SW12 9HR,E63012154,51.441799,-0.149305,17817,UN1,Wandsworth,,,7,9,34,112.0
SW13 0DQ,E63012191,51.474806,-0.240750,28093,UN1,Richmond upon Thames,,,2,4,14,179.0
SW13 9AN,E63012191,51.483794,-0.243429,11485,UN1,Richmond upon Thames,,,0,1,31,1134.0
SW13 9DW,E63012191,51.485844,-0.232591,31478,UN1,Richmond upon Thames,,,0,8,41,687.0
SW13 9HH,E63012191,51.474280,-0.244025,26405,UN1,Richmond upon Thames,,,4,4,15,130.0
SW13 9LB,E63012191,51.473299,-0.248166,27287,UN1,Richmond upon Thames,,,3,4,15,98.0
SW14 7JE,E63012191,51.464739,-0.267598,27275,UN1,Richmond upon Thames,,,4,4,19,116.0
SW14 7NX,E63012191,51.464319,-0.267787,27275,UN1,Richmond upon Thames,,,4,4,18,161.0
SW14 7PU,E63012191,51.464031,-0.272692,29734,UN1,Richmond upon Thames,,,4,4,17,387.0
SW14 8AE,E63012191,51.465605,-0.266615,27275,UN1,Richmond upon Thames,,,4,4,19,87.0
SW15 1SP,E63012154,51.464433,-0.214817,23061,UN1,Wandsworth,,,4,5,28,471.0
SW15 1SS,E63012154,51.462937,-0.215783,23061,UN1,Wandsworth,,,5,5,25,319.0
SW15 2SP,E63012154,51.459900,-0.211841,23061,UN1,Wandsworth,,,2,6,28,225.0
SW15 3DT,,51.439359,-0.246284,9403,UN1,,,,1,1,11,1162.0
SW15 3PG,,51.438241,-0.249680,9403,UN1,,,,1,1,9,1398.0
SW15 4DG,E63012154,51.449359,-0.241498,10975,UN1,Wandsworth,,,5,7,17,149.0
SW15 4DQ,E63012154,51.449477,-0.242169,10975,UN1,Wandsworth,,,5,7,17,187.0
SW15 4HJ,E63012154,51.450116,-0.239770,10975,UN1,Wandsworth,,,5,7,19,113.0
SW15 5QJ,E63012154,51.464391,-0.237609,24017,UN1,Wandsworth,,,0,1,22,1023.0
SW15 5RW,E63012154,51.463307,-0.250492,8305,UN1,Wandsworth,,,0,1,21,1048.0
SW15 6HG,E63012154,51.457191,-0.227666,28633,UN1,Wandsworth,,,1,5,21,0.0
SW15 6TQ,E63012154,51.461679,-0.219992,23061,UN1,Wandsworth,,,4,7,24,0.0
SW16 1BB,E63012131,51.431138,-0.129782,12194,UN1,Lambeth,,,4,8,37,76.0
SW16 1BS,E63012131,51.435201,-0.128523,12619,UN1,Lambeth,,,5,9,38,278.0
SW16 2SZ,E63012131,51.432975,-0.127679,19158,UN1,Lambeth,,,5,10,37,95.0
SW16 3LU,E63012338,51.414842,-0.120697,15555,UN1,Croydon,,,2,5,29,520.0
SW16 3PY,E63012131,51.420654,-0.128757,16659,UN1,Lambeth,,,2,8,25,270.0
SW16 3QQ,E63012131,51.416720,-0.126200,13846,UN1,Lambeth,,,3,7,26,213.0
SW16 4AE,E63012338,51.411106,-0.123266,8631,UN1,Croydon,,,2,5,30,83.0
SW16 4DT,E63012338,51.402341,-0.118377,18543,UN1,Croydon,,,3,3,32,365.0
SW16 4TR,E63012245,51.404603,-0.135020,20261,UN1,Merton,,,1,6,24,312.0
SW16 5HX,E63012245,51.411097,-0.140206,18563,UN1,Merton,,,0,4,30,727.0
SW16 5TE,E63012131,51.417600,-0.136835,10705,UN1,Lambeth,,,1,9,29,42.0
SW16 6EN,E63012131,51.426246,-0.130888,6716,UN1,Lambeth,,,1,9,28,475.0
SW16 6LY,E63012154,51.424448,-0.141088,18989,UN1,Wandsworth,,,2,8,34,0.0
SW16 6NU,E63012154,51.419960,-0.146793,15866,UN1,Wandsworth,,,2,7,37,151.0
SW16 6SQ,E63012154,51.424032,-0.147204,20999,UN1,Wandsworth,,,3,6,38,427.0
SW17 0NB,E63012154,51.429550,-0.172803,16536,UN1,Wandsworth,,,2,10,38,377.0
SW17 0RR,E63012154,51.426279,-0.170057,12245,UN1,Wandsworth,,,6,12,36,173.0
SW17 0RT,E63012154,51.424950,-0.171361,12245,UN1,Wandsworth,,,4,14,35,0.0
SW17 7AL,E63012154,51.437358,-0.157974,16560,UN1,Wandsworth,,,4,13,34,156.0
SW17 7AW,E63012154,51.440487,-0.155661,16560,UN1,Wandsworth,,,7,11,31,0.0
SW17 7EG,E63012154,51.445602,-0.165888,27182,UN1,Wandsworth,,,0,8,36,597.0
SW17 7PG,E63012154,51.435281,-0.160849,16560,UN1,Wandsworth,,,3,11,35,174.0
SW17 7TG,E63012154,51.430554,-0.165095,6866,UN1,Wandsworth,,,2,14,36,755.0
SW17 7TJ,E63012154,51.432025,-0.163684,13529,UN1,Wandsworth,,,2,13,37,566.0
SW17 8DS,E63012154,51.430196,-0.156003,17810,UN1,Wandsworth,,,0,9,39,673.0
SW17 9JQ,E63012245,51.421068,-0.160570,19916,UN1,Merton,,,3,9,38,101.0
SW17 9NH,E63012154,51.424545,-0.163811,8673,UN1,Wandsworth,,,5,13,34,348.0
SW17 9PB,E63012154,51.427048,-0.166343,13131,UN1,Wandsworth,,,6,14,39,419.0
SW17 9PG,E63012154,51.424001,-0.162380,8673,UN1,Wandsworth,,,4,12,37,255.0
SW18 2QE,E63012154,51.457558,-0.184655,24322,UN1,Wandsworth,,,2,10,36,453.0
SW18 4DH,E63012154,51.453543,-0.191953,14917,UN1,Wandsworth,,,2,9,35,23.0
SW18 4DU,E63012154,51.448456,-0.189218,15151,UN1,Wandsworth,,,1,9,27,0.0
SW18 4HN,E63012154,51.439538,-0.187067,22187,UN1,Wandsworth,,,2,6,29,143.0
SW18 4JE,E63012154,51.456954,-0.197361,9097,UN1,Wandsworth,,,2,7,32,70.0
SW18 4SU,E63012154,51.438784,-0.186565,26162,UN1,Wandsworth,,,2,6,33,90.0
SW18 4TG,E63012154,51.455126,-0.194295,9097,UN1,Wandsworth,,,4,9,34,216.0
SW18 5AE,E63012154,51.441714,-0.197572,26755,UN1,Wandsworth,,,3,13,26,0.0
SW18 5EE,E63012154,51.449487,-0.199554,26376,UN1,Wandsworth,,,1,13,33,695.0
SW18 5EF,E63012154,51.450262,-0.199078,14917,UN1,Wandsworth,,,1,12,32,614.0
SW18 5LS,E63012154,51.444616,-0.205588,29297,UN1,Wandsworth,,,1,9,25,516.0
SW18 5LT,E63012154,51.444986,-0.205070,29297,UN1,Wandsworth,,,1,8,27,528.0
SW19 1AE,E63012245,51.420966,-0.187543,17877,UN1,Merton,,,1,10,37,278.0
SW19 1DD,E63012245,51.415189,-0.181530,19521,UN1,Merton,,,4,9,45,289.0
SW19 1DG,E63012245,51.415890,-0.185544,17931,UN1,Merton,,,2,12,46,0.0
SW19 1SB,E63012245,51.419706,-0.194497,21283,UN1,Merton,,,3,11,34,360.0
SW19 1SD,E63012245,51.419245,-0.194874,30058,UN1,Merton,,,3,12,35,307.0
SW19 2HR,E63012245,51.418491,-0.177545,19521,UN1,Merton,,,3,10,39,278.0
SW19 2TY,E63012245,51.413511,-0.177095,19521,UN1,Merton,,,1,9,41,643.0
SW19 3DA,E63012245,51.404804,-0.192064,24238,UN1,Merton,,,3,8,35,0.0
SW19 4SS,E63012245,51.421295,-0.219605,29724,UN1,Merton,,,2,5,21,445.0
SW19 5EG,E63012245,51.425026,-0.216568,31737,UN1,Merton,,,2,6,23,197.0
SW19 6DA,E63012154,51.441134,-0.221424,21202,UN1,Wandsworth,,,1,2,25,328.0
SW19 7NE,E63012245,51.421906,-0.207743,31444,UN1,Merton,,,4,11,23,170.0
SW19 8AA,E63012245,51.434598,-0.199161,30253,UN1,Merton,,,2,7,33,334.0
SW19 8EF,E63012245,51.438083,-0.197082,28880,UN1,Merton,,,4,10,29,405.0
SW19 8YE,E63012245,51.420754,-0.204768,21283,UN1,Merton,,,5,9,25,164.0
SW1A 1HB,E63012036,51.507142,-0.139209,24862,UN1,City of Westminster,,,5,16,102,666.0
SW1A 1HD,E63012036,51.507039,-0.139516,24862,UN1,City of Westminster,,,4,16,104,690.0
SW1A 2JR,E63012036,51.501172,-0.125174,15991,UN1,City of Westminster,,,1,19,84,422.0
SW1E 5JH,E63012036,51.497123,-0.140871,24520,UN1,City of Westminster,,,8,24,66,189.0
SW1E 6RA,E63012036,51.496909,-0.137552,26006,UN1,City of Westminster,,,9,25,70,304.0
SW1H 0AZ,E63012036,51.498828,-0.133814,24520,UN1,City of Westminster,,,5,21,76,295.0
SW1P 2HY,E63012036,51.496828,-0.133607,3324,UN1,City of Westminster,,,7,22,73,190.0
SW1P 4EN,E63012036,51.494031,-0.130207,13668,UN1,City of Westminster,,,4,24,72,0.0
SW1V 1JU,E63012036,51.495736,-0.144716,15320,UN1,City of Westminster,,,5,27,61,242.0
SW1V 1QT,E63012036,51.492550,-0.139444,20814,UN1,City of Westminster,,,10,27,61,53.0
SW1V 1RY,E63012036,51.491892,-0.140479,20814,UN1,City of Westminster,,,13,27,61,154.0
SW1V 1SN,E63012036,51.492911,-0.138954,20814,UN1,City of Westminster,,,9,27,63,0.0
SW1V 2QA,E63012036,51.489730,-0.135093,13839,UN1,City of Westminster,,,9,22,60,233.0
SW1V 3EB,E63012036,51.488450,-0.137752,23098,UN1,City of Westminster,,,8,24,61,0.0
SW1V 3EN,E63012036,51.487558,-0.141620,5376,UN1,City of Westminster,,,5,18,60,115.0
SW1V 4NP,E63012036,51.490493,-0.146917,15320,UN1,City of Westminster,,,6,24,59,306.0
SW1W 0LJ,E63012036,51.496397,-0.147225,30073,UN1,City of Westminster,,,6,22,60,179.0
SW1W 8QX,E63012036,51.490055,-0.149946,7987,UN1,City of Westminster,,,3,20,55,117.0
SW1W 9PJ,E63012036,51.493855,-0.151434,28371,UN1,City of Westminster,,,7,21,54,238.0
SW1W 9SJ,E63012036,51.494539,-0.145745,15320,UN1,City of Westminster,,,9,27,58,200.0
SW1X 7XL,E63012062,51.499445,-0.163210,23245,UN1,Kensington and Chelsea,,,4,10,59,276.0
SW1X 9BZ,E63012062,51.493359,-0.157620,24280,UN1,Kensington and Chelsea,,,2,19,58,529.0
SW1X 9JF,E63012062,51.498732,-0.157893,21429,UN1,Kensington and Chelsea,,,3,13,66,157.0
SW2 1AH,E63012131,51.454190,-0.120420,12382,UN1,Lambeth,,,2,10,51,209.0
SW2 1HT,E63012131,51.445848,-0.124562,14996,UN1,Lambeth,,,4,13,40,357.0
SW2 2SD,E63012131,51.449118,-0.120427,18535,UN1,Lambeth,,,3,10,45,356.0
SW2 2TH,E63012131,51.454776,-0.113242,10365,UN1,Lambeth,,,0,10,50,554.0
SW2 3DY,E63012131,51.443797,-0.120602,8364,UN1,Lambeth,,,4,10,34,0.0
SW2 4ES,E63012131,51.447105,-0.127835,14996,UN1,Lambeth,,,1,12,44,553.0
SW2 4RD,E63012131,51.441318,-0.125265,15900,UN1,Lambeth,,,5,11,35,48.0
SW2 4UD,E63012131,51.438802,-0.125944,7255,UN1,Lambeth,,,4,12,34,168.0
SW20 0AX,E63012245,51.409589,-0.232196,24364,UN1,Merton,,,5,7,20,202.0
SW20 0LA,E63012245,51.409613,-0.230843,24364,UN1,Merton,,,5,6,21,183.0
SW20 0LW,E63012245,51.411253,-0.231039,30966,UN1,Merton,,,5,5,19,0.0
SW20 0RJ,E63012245,51.414716,-0.248465,31211,UN1,Merton,,,0,0,16,1086.0
SW20 8DA,E63012245,51.409830,-0.210200,29630,UN1,Merton,,,2,3,32,0.0
SW20 8LB,E63012245,51.410677,-0.210253,29630,UN1,Merton,,,2,3,29,94.0
SW20 8ND,E63012245,51.409713,-0.229071,24364,UN1,Merton,,,5,6,19,219.0
SW20 8QY,E63012245,51.410610,-0.229554,24364,UN1,Merton,,,5,6,20,125.0
SW20 9BZ,E63012245,51.403179,-0.214529,26874,UN1,Merton,,,0,4,25,798.0
SW20 9NQ,E63012245,51.392064,-0.222824,25586,UN1,Merton,,,0,1,11,974.0
SW3 1QP,E63012062,51.498742,-0.164880,23245,UN1,Kensington and Chelsea,,,5,11,58,353.0
SW3 3DH,E63012062,51.491971,-0.165455,18886,UN1,Kensington and Chelsea,,,3,18,60,584.0
SW3 3NS,E63012062,51.490839,-0.166091,18886,UN1,Kensington and Chelsea,,,5,15,59,453.0
SW3 4UD,E63012062,51.491620,-0.160240,24280,UN1,Kensington and Chelsea,,,4,16,56,511.0
SW3 4UT,E63012062,51.489084,-0.165455,25957,UN1,Kensington and Chelsea,,,5,12,61,275.0
SW3 5EL,E63012062,51.486020,-0.171902,16966,UN1,Kensington and Chelsea,,,2,12,57,351.0
SW4 6EB,E63012131,51.465149,-0.136008,10802,UN1,Lambeth,,,6,14,53,0.0
SW4 7RD,E63012131,51.461906,-0.128899,8059,UN1,Lambeth,,,5,17,50,105.0
SW4 7TR,E63012131,51.464247,-0.130761,12938,UN1,Lambeth,,,8,17,54,237.0
SW4 7UG,E63012131,51.462470,-0.137168,6008,UN1,Lambeth,,,6,12,51,254.0
SW4 7UH,E63012131,51.462950,-0.135680,10802,UN1,Lambeth,,,7,14,53,142.0
SW4 8JP,E63012131,51.451908,-0.135209,14540,UN1,Lambeth,,,1,6,46,0.0
SW5 0EA,E63012062,51.489436,-0.189843,14414,UN1,Kensington and Chelsea,,,7,21,59,0.0
SW5 9AA,E63012062,51.492068,-0.193124,11573,UN1,Kensington and Chelsea,,,7,23,64,46.0
SW5 9AD,E63012062,51.491764,-0.192675,16808,UN1,Kensington and Chelsea,,,7,24,62,0.0
SW5 9QB,E63012062,51.492182,-0.193508,11573,UN1,Kensington and Chelsea,,,8,24,64,74.0
SW6 1AA,E63012087,51.480062,-0.196580,12704,UN1,Hammersmith and Fulham,,,4,16,53,195.0
SW6 1BH,E63012087,51.480576,-0.198460,12704,UN1,Hammersmith and Fulham,,,4,19,53,162.0
SW6 1LU,E63012087,51.480200,-0.199123,12704,UN1,Hammersmith and Fulham,,,6,19,52,117.0
SW6 1NN,E63012087,51.484909,-0.201876,10214,UN1,Hammersmith and Fulham,,,4,22,65,103.0
SW6 2TP,E63012087,51.472910,-0.191145,17011,UN1,Hammersmith and Fulham,,,2,12,51,29.0
SW6 4SR,E63012087,51.473035,-0.197490,22079,UN1,Hammersmith and Fulham,,,4,11,45,140.0
SW6 5RP,E63012087,51.476938,-0.203399,19353,UN1,Hammersmith and Fulham,,,5,18,46,178.0
SW6 5SA,E63012087,51.474821,-0.206693,16651,UN1,Hammersmith and Fulham,,,2,12,38,417.0
SW6 6BQ,E63012087,51.481206,-0.212607,10447,UN1,Hammersmith and Fulham,,,2,16,50,0.0
SW6 6TE,E63012087,51.476037,-0.215084,28139,UN1,Hammersmith and Fulham,,,1,7,37,57.0
SW7 2NA,E63012062,51.494159,-0.174256,23418,UN1,Kensington and Chelsea,,,2,17,53,524.0
SW7 3HZ,E63012062,51.493551,-0.174525,21201,UN1,Kensington and Chelsea,,,2,16,54,521.0
SW7 3LQ,E63012062,51.492793,-0.177249,25054,UN1,Kensington and Chelsea,,,5,18,54,373.0
SW7 4EJ,E63012062,51.495401,-0.188252,23449,UN1,Kensington and Chelsea,,,6,23,61,168.0
SW7 4SF,E63012062,51.494605,-0.183314,23929,UN1,Kensington and Chelsea,,,6,21,60,98.0
SW8 1XW,E63012131,51.477551,-0.123075,11167,UN1,Lambeth,,,4,16,63,116.0
SW8 2JS,E63012131,51.474591,-0.132614,7326,UN1,Lambeth,,,3,13,61,422.0
SW8 2LF,E63012131,51.480861,-0.128801,4844,UN1,Lambeth,,,2,9,65,304.0
SW8 2SH,E63012131,51.470826,-0.133329,5334,UN1,Lambeth,,,2,17,55,0.0
SW8 2UD,E63012131,51.479284,-0.125207,7024,UN1,Lambeth,,,4,14,62,0.0
SW8 3RX,E63012131,51.466912,-0.150233,4779,UN1,Lambeth,,,3,9,47,0.0
SW9 0JG,E63012131,51.480863,-0.113751,9835,UN1,Lambeth,,,3,17,72,518.0
SW9 6AG,E63012131,51.470363,-0.112830,4517,UN1,Lambeth,,,3,20,64,416.0
SW9 6BH,E63012131,51.478127,-0.112466,5124,UN1,Lambeth,,,5,19,63,283.0
SW9 6NB,E63012131,51.477366,-0.109906,6491,UN1,Lambeth,,,6,13,61,101.0
SW9 7BJ,E63012131,51.475602,-0.107041,5622,UN1,Lambeth,,,5,16,62,130.0
SW9 7DE,E63012131,51.464366,-0.114056,4378,UN1,Lambeth,,,5,15,64,344.0
SW9 7RX,E63012131,51.476792,-0.106128,5622,UN1,Lambeth,,,5,15,66,137.0
SW9 7SB,E63012131,51.470660,-0.109477,4629,UN1,Lambeth,,,1,17,64,630.0
SW9 8AE,E63012131,51.463982,-0.121472,10488,UN1,Lambeth,,,5,19,59,0.0
SW9 8DJ,E63012131,51.461634,-0.116371,6234,UN1,Lambeth,,,6,13,57,0.0
SW9 8EA,E63012131,51.462957,-0.115338,6234,UN1,Lambeth,,,6,16,64,164.0
SW9 8HH,E63012131,51.461846,-0.114995,4378,UN1,Lambeth,,,4,15,60,98.0
SW9 8SA,E63012131,51.466030,-0.102326,5442,UN1,Lambeth,,,1,9,62,140.0
SW9 9AE,E63012131,51.470752,-0.124765,6116,UN1,Lambeth,,,5,20,54,47.0
SW9 9BE,E63012131,51.471886,-0.122573,6561,UN1,Lambeth,,,5,18,56,199.0
SW9 9HR,E63012131,51.468298,-0.119207,10488,UN1,Lambeth,,,6,19,63,120.0
SY1 1DD,E63009578,52.708436,-2.753903,16829,UN1,Shrewsbury,76015.0,Large,5,7,17,241.0
SY1 1QJ,E63009578,52.708314,-2.757468,16829,UN1,Shrewsbury,76015.0,Large,4,5,15,0.0
SY1 1RD,E63009578,52.707836,-2.757726,16829,UN1,Shrewsbury,76015.0,Large,4,6,15,56.0
SY1 3EL,E63009578,52.730099,-2.743036,28438,UN1,Shrewsbury,76015.0,Large,1,1,9,337.0
SY1 4HA,E63009578,52.736192,-2.724553,12671,UN1,Shrewsbury,76015.0,Large,0,3,5,722.0
SY1 4RQ,E63009578,52.728046,-2.721619,5803,UN1,Shrewsbury,76015.0,Large,1,2,8,0.0
SY11 1GA,E63009256,52.862824,-3.047787,17552,UF1,Oswestry,17510.0,Small,3,7,7,0.0
SY11 1RD,E63009256,52.861445,-3.051274,4288,UF1,Oswestry,17510.0,Small,7,7,7,0.0
SY11 2PA,E63009256,52.858275,-3.055000,4288,UF1,Oswestry,17510.0,Small,5,7,7,0.0
SY11 2SU,E63009256,52.858591,-3.055765,4288,UF1,Oswestry,17510.0,Small,5,7,7,62.0
SY11 3AY,E63009157,52.924510,-3.008549,19089,RLF1,St Martins,2690.0,Minor,0,0,0,3257.0
SY11 3JS,E63009203,52.893514,-3.037677,7031,RLF1,Gobowen,3050.0,Minor,0,0,0,3479.0
SY12 0AW,E63009184,52.908002,-2.893359,13376,RLF1,Ellesmere,4270.0,Minor,1,1,1,211.0
SY13 1AD,E63009097,52.969291,-2.681767,7723,RLF1,Whitchurch (Shropshire),9855.0,Small,3,3,3,152.0
SY13 1AX,E63009097,52.969558,-2.683811,7723,RLF1,Whitchurch (Shropshire),9855.0,Small,3,3,3,30.0
SY13 1DW,E63009097,52.968616,-2.683454,16180,RLF1,Whitchurch (Shropshire),9855.0,Small,3,3,3,88.0
SY14 8NU,E63009010,53.019803,-2.766180,19644,RLN1,Malpas,1360.0,Minor,1,1,1,343.0
SY2 5SR,E63009578,52.717358,-2.723012,10931,UN1,Shrewsbury,76015.0,Large,1,1,9,0.0
SY2 6DL,E63009578,52.698125,-2.730833,30927,UN1,Shrewsbury,76015.0,Large,1,2,11,0.0
SY3 0HT,E63009648,52.674721,-2.772549,26105,RLN1,Bayston Hill,5220.0,Small,1,1,1,100.0
SY3 5AD,E63009578,52.714892,-2.805708,16143,UN1,Shrewsbury,76015.0,Large,0,2,4,647.0
SY3 6DU,E63009578,52.696430,-2.775507,29695,UN1,Shrewsbury,76015.0,Large,1,1,13,0.0
SY3 7ET,E63009578,52.703539,-2.740558,10769,UN1,Shrewsbury,76015.0,Large,0,5,18,836.0
SY3 7QT,E63009578,52.696472,-2.750796,21953,UN1,Shrewsbury,76015.0,Large,2,3,16,122.0
SY3 8UG,E63009578,52.707167,-2.783320,32190,UN1,Shrewsbury,76015.0,Large,0,2,11,737.0
SY3 9NB,E63009578,52.688868,-2.752042,31009,UN1,Shrewsbury,76015.0,Large,0,2,8,915.0
SY4 5AF,E63009267,52.859352,-2.722563,23737,RLN1,Wem,6280.0,Small,2,2,2,0.0
SY4 5NY,E63009267,52.854879,-2.722013,14263,RLN1,Wem,6280.0,Small,2,2,2,499.0
SY5 0RR,E63009699,52.649486,-2.890414,24341,RLN1,Pontesbury,1965.0,Minor,1,1,1,194.0
SY6 6BH,E63009919,52.538994,-2.807114,25331,RLN1,Church Stretton,3575.0,Minor,2,2,2,199.0
SY6 6BW,E63009919,52.538674,-2.806548,22068,RLN1,Church Stretton,3575.0,Minor,2,2,2,155.0
SY7 9BZ,E63010075,52.439717,-2.835190,16289,RLF1,Craven Arms,2560.0,Minor,1,1,1,290.0
SY8 1AA,E63010204,52.368703,-2.717319,8765,UF1,Ludlow,10040.0,Small,5,5,5,96.0
SY8 1AB,E63010204,52.368027,-2.717543,8765,UF1,Ludlow,10040.0,Small,5,5,5,146.0
SY8 1RU,E63010204,52.368051,-2.715076,8765,UF1,Ludlow,10040.0,Small,5,5,5,0.0
SY9 5AE,E63009996,52.492193,-2.997727,11921,RLF1,Bishop's Castle,1845.0,Minor,1,1,1,339.0
TA1 1DX,E63013310,51.019878,-3.101856,6868,UF1,Taunton,61665.0,Medium,2,8,19,196.0
TA1 1JP,E63013310,51.018116,-3.101815,5754,UF1,Taunton,61665.0,Medium,4,8,19,0.0
TA1 1NW,E63013310,51.019189,-3.112904,15724,UF1,Taunton,61665.0,Medium,1,6,16,0.0
TA1 2AN,E63013310,51.023072,-3.083396,1504,UF1,Taunton,61665.0,Medium,0,4,18,693.0
TA1 2LB,E63013310,51.014957,-3.080897,11503,UF1,Taunton,61665.0,Medium,1,6,15,0.0
TA1 2LR,E63013310,51.021396,-3.064194,16474,UF1,Taunton,61665.0,Medium,0,1,11,856.0
TA1 2QA,E63013310,51.006817,-3.078156,13807,UF1,Taunton,61665.0,Medium,1,3,10,0.0
TA1 3PF,E63013310,51.013440,-3.100848,5754,UF1,Taunton,61665.0,Medium,2,6,17,207.0
TA1 3PT,E63013310,51.013808,-3.103751,5754,UF1,Taunton,61665.0,Medium,4,8,17,0.0
TA1 4TN,E63013310,51.005405,-3.120257,19993,UF1,Taunton,61665.0,Medium,1,2,10,76.0
TA10 9PH,E63013239,51.036558,-2.832318,11128,RSF1,Langport,3575.0,Minor,1,1,1,368.0
TA11 7PR,E63013212,51.053776,-2.730614,15371,RLF1,Somerton,5100.0,Small,0,0,0,7001.0
TA12 6JL,E63013407,50.969687,-2.767047,23255,RSF1,Martock,4080.0,Minor,1,1,1,0.0
TA13 5BT,E63013462,50.948877,-2.809852,17282,RLF1,South Petherton,3100.0,Minor,0,1,1,3787.0
TA13 5EF,E63013462,50.952083,-2.798860,17282,RLF1,South Petherton,3100.0,Minor,0,1,1,2966.0
TA14 6QE,E63013449,50.951488,-2.753009,17263,RLF1,Stoke sub Hamdon,1360.0,Minor,0,0,0,2250.0
TA16 5QG,E63013550,50.907324,-2.795305,17398,RLF1,Merriott,2070.0,Minor,0,0,0,2976.0
TA18 7LA,E63013618,50.883632,-2.796094,14011,RLF1,Crewkerne,7065.0,Small,2,2,2,365.0
TA18 8BX,E63013618,50.880623,-2.798175,9383,RLF1,Crewkerne,7065.0,Small,2,2,2,0.0
TA19 0AJ,E63013504,50.926671,-2.909197,13594,RLF1,Ilminster,5965.0,Small,2,3,3,136.0
TA19 0DH,E63013504,50.926503,-2.911114,13594,RLF1,Ilminster,5965.0,Small,2,3,3,0.0
TA2 6BB,E63013310,51.025667,-3.130327,21156,UF1,Taunton,61665.0,Medium,1,1,7,1045.0
TA2 6BD,E63013310,51.025578,-3.128386,21156,UF1,Taunton,61665.0,Medium,1,1,9,1015.0
TA2 6DG,E63013263,51.026168,-3.149005,27215,UF1,Norton Fitzwarren,3770.0,Minor,1,1,5,1467.0
TA2 6NX,E63013263,51.026690,-3.148077,27215,UF1,Norton Fitzwarren,3770.0,Minor,1,1,5,1429.0
TA2 7JW,E63013310,51.032800,-3.094233,5559,UF1,Taunton,61665.0,Medium,1,2,11,466.0
TA2 8QY,E63013310,51.029111,-3.080970,23209,UF1,Taunton,61665.0,Medium,1,2,13,0.0
TA20 1PH,E63013625,50.872867,-2.965240,8248,UF1,Chard,14290.0,Small,4,4,4,414.0
TA20 1QA,E63013625,50.873032,-2.961591,8248,UF1,Chard,14290.0,Small,3,4,4,591.0
TA20 2AH,E63013625,50.872010,-2.965549,8248,UF1,Chard,14290.0,Small,4,4,4,321.0
TA20 2AJ,E63013625,50.871257,-2.965321,8248,UF1,Chard,14290.0,Small,4,4,4,265.0
TA21 8AA,E63013384,50.978022,-3.228414,18967,UF1,Wellington (Somerset),,,4,4,5,433.0
TA21 8AG,E63013384,50.977398,-3.229566,18967,UF1,Wellington (Somerset),,,4,4,5,326.0
TA21 8BD,E63013384,50.975579,-3.233221,18967,UF1,Wellington (Somerset),,,3,4,5,0.0
TA21 8RA,E63013384,50.978905,-3.226529,10863,UF1,Wellington (Somerset),,,2,4,5,597.0
TA22 9HB,E63013230,51.039703,-3.551300,9685,RLF1,Dulverton,845.0,Minor,1,1,1,471.0
TA23 0AB,E63012892,51.181362,-3.330575,8349,RLF1,Watchet,3640.0,Minor,0,0,0,2368.0
TA24 5BY,E63012821,51.202955,-3.465853,15254,UF1,Minehead,11750.0,Small,0,6,6,776.0
TA24 5RG,E63012821,51.203039,-3.477823,18357,UF1,Minehead,11750.0,Small,3,6,6,168.0
TA24 5UB,E63012821,51.204841,-3.478238,13121,UF1,Minehead,11750.0,Small,3,5,6,115.0
TA24 5UG,E63012821,51.205771,-3.477252,13121,UF1,Minehead,11750.0,Small,3,5,6,157.0
TA24 6BA,E63012821,51.198527,-3.469047,14278,UF1,Minehead,11750.0,Small,1,6,6,845.0
TA24 6BD,E63012821,51.197296,-3.467520,14278,UF1,Minehead,11750.0,Small,1,3,6,1018.0
TA24 8PT,E63012797,51.209151,-3.595068,13027,RLF1,Porlock,1180.0,Minor,0,0,0,8260.0
TA3 5FA,E63013271,51.028533,-3.045605,23567,RLF1,Creech St Michael,2330.0,Minor,1,1,2,0.0
TA4 2JT,E63013231,51.042388,-3.312395,16639,RLF1,Wiveliscombe,2315.0,Minor,1,1,1,159.0
TA4 3LH,E63013204,51.057729,-3.187115,26934,RLF1,Bishops Lydeard,2050.0,Minor,1,1,1,0.0
TA4 4QE,E63012942,51.161416,-3.318688,11690,RLF1,Williton,2435.0,Minor,1,1,1,0.0
TA6 3LS,E63013044,51.124679,-3.001634,3428,UN1,Bridgwater,47860.0,Medium,3,11,16,0.0
TA6 3NG,E63013044,51.128708,-3.002607,4643,UN1,Bridgwater,47860.0,Medium,7,11,15,411.0
TA6 3NH,E63013044,51.128448,-3.002573,4643,UN1,Bridgwater,47860.0,Medium,7,11,15,424.0
TA6 4AB,E63013044,51.133054,-2.998099,7002,UN1,Bridgwater,47860.0,Medium,4,10,14,217.0
TA6 4GP,E63013044,51.135669,-3.000471,7002,UN1,Bridgwater,47860.0,Medium,2,9,14,0.0
TA6 5AZ,E63013044,51.130246,-3.000554,5001,UN1,Bridgwater,47860.0,Medium,6,13,15,195.0
TA6 5BF,E63013044,51.126433,-2.987882,14598,UN1,Bridgwater,47860.0,Medium,1,7,15,0.0
TA6 5JS,E63013044,51.127471,-2.995921,5001,UN1,Bridgwater,47860.0,Medium,5,12,15,0.0
TA6 6LD,E63013044,51.114764,-2.995833,23816,UN1,Bridgwater,47860.0,Medium,1,2,12,0.0
TA6 6RY,E63013125,51.092671,-3.015464,14024,UN1,North Petherton,3180.0,Minor,1,1,1,179.0
TA6 6WU,E63013044,51.108838,-2.999977,23816,UN1,Bridgwater,47860.0,Medium,0,2,4,720.0
TA6 7AS,E63013044,51.130586,-3.012209,4643,UN1,Bridgwater,47860.0,Medium,0,8,13,985.0
TA7 8HP,E63012930,51.162575,-2.937184,11111,RLN1,Woolavington,2325.0,Minor,0,0,0,3500.0
TA8 1AN,E63012740,51.238333,-2.997398,10670,UN1,Burnham-on-Sea,16320.0,Small,3,4,5,310.0
TA8 1EU,E63012740,51.238110,-2.992953,7058,UN1,Burnham-on-Sea,16320.0,Small,4,4,5,0.0
TA8 1EZ,E63012740,51.236900,-2.986080,11013,UN1,Burnham-on-Sea,16320.0,Small,2,4,5,497.0
TA8 1NX,E63012740,51.234727,-2.997363,7058,UN1,Burnham-on-Sea,16320.0,Small,3,4,5,486.0
TA8 2JU,E63012740,51.259230,-2.998452,10217,UN1,Burnham-on-Sea,16320.0,Small,1,1,1,0.0
TA9 3BT,E63012783,51.218979,-2.974156,4407,UN1,Highbridge,5365.0,Small,0,1,1,2498.0
TA9 3YA,E63012740,51.227372,-2.979117,9859,UN1,Burnham-on-Sea,16320.0,Small,0,1,6,1534.0
TD15 1BN,E63007092,55.770101,-2.004049,14755,UF1,Berwick-upon-Tweed,13175.0,Small,3,5,6,293.0
TD15 1JS,E63007092,55.771484,-2.007556,14755,UF1,Berwick-upon-Tweed,13175.0,Small,3,5,6,140.0
TD15 1LL,E63007092,55.772455,-2.006137,14755,UF1,Berwick-upon-Tweed,13175.0,Small,3,5,6,0.0
TD15 2HB,E63007092,55.766713,-2.011778,11957,UF1,Berwick-upon-Tweed,13175.0,Small,1,6,6,0.0
TD15 2XG,E63007092,55.764268,-2.023013,11957,UF1,Berwick-upon-Tweed,13175.0,Small,0,2,6,754.0
TF1 1LU,E63009565,52.700628,-2.516814,2211,UN1,Telford,156910.0,Large,3,4,8,194.0
TF1 1PZ,E63009565,52.699893,-2.514201,2211,UN1,Telford,156910.0,Large,3,4,8,0.0
TF1 1RP,E63009565,52.702816,-2.524225,7383,UN1,Telford,156910.0,Large,0,4,10,750.0
TF1 1SS,E63009565,52.699739,-2.514614,2211,UN1,Telford,156910.0,Large,3,4,8,33.0
TF1 2DE,E63009565,52.691084,-2.492852,8269,UN1,Telford,156910.0,Large,0,0,7,1740.0
TF1 4XQ,E63009565,52.711733,-2.499390,26267,UN1,Telford,156910.0,Large,1,2,9,816.0
TF1 5GQ,E63009565,52.705399,-2.485598,6842,UN1,Telford,156910.0,Large,1,1,5,1898.0
TF1 5NX,E63009565,52.703829,-2.480224,6842,UN1,Telford,156910.0,Large,1,1,5,2220.0
TF1 6XQ,E63009565,52.711936,-2.500251,26267,UN1,Telford,156910.0,Large,1,2,9,757.0
TF10 7AN,E63009422,52.767398,-2.377385,17222,UN1,Newport (Telford and Wrekin),14190.0,Small,4,4,4,364.0
TF10 7AQ,E63009422,52.768225,-2.377511,17222,UN1,Newport (Telford and Wrekin),14190.0,Small,3,4,4,451.0
TF10 7AW,E63009422,52.766788,-2.377113,17222,UN1,Newport (Telford and Wrekin),14190.0,Small,4,4,4,306.0
TF11 8BN,E63009664,52.666862,-2.373116,21329,RLN1,Shifnal,8980.0,Small,0,1,1,829.0
TF12 5ET,E63009772,52.612327,-2.481260,10964,UN1,Broseley,5595.0,Small,1,1,2,86.0
TF13 6AA,E63009808,52.595395,-2.558003,18339,RLN1,Much Wenlock,1765.0,Minor,1,1,1,135.0
TF2 6AQ,E63009565,52.694604,-2.451004,9336,UN1,Telford,156910.0,Large,3,3,7,0.0
TF2 6ED,E63009565,52.694909,-2.451037,9336,UN1,Telford,156910.0,Large,3,3,7,34.0
TF2 6EP,E63009565,52.695495,-2.450614,9336,UN1,Telford,156910.0,Large,3,3,7,103.0
TF2 6RX,E63009565,52.707731,-2.455165,12758,UN1,Telford,156910.0,Large,0,0,11,1472.0
TF2 7RX,E63009565,52.708807,-2.434129,12254,UN1,Telford,156910.0,Large,0,4,11,633.0
TF2 8EA,E63009565,52.715179,-2.437109,7714,UN1,Telford,156910.0,Large,3,6,7,0.0
TF2 8EB,E63009565,52.717095,-2.439304,7714,UN1,Telford,156910.0,Large,3,6,7,259.0
TF2 8JQ,E63009565,52.723363,-2.431254,30689,UN1,Telford,156910.0,Large,0,4,6,821.0
TF2 9NR,E63009565,52.685109,-2.424693,32242,UN1,Telford,156910.0,Large,0,0,6,1193.0
TF3 1FB,E63009565,52.655203,-2.433776,5510,UN1,Telford,156910.0,Large,1,1,3,0.0
TF3 2EW,E63009565,52.673951,-2.437452,11347,UN1,Telford,156910.0,Large,1,4,10,0.0
TF3 2JZ,E63009565,52.672348,-2.454990,2658,UN1,Telford,156910.0,Large,3,5,14,0.0
TF3 4AG,E63009565,52.682621,-2.453114,22773,UN1,Telford,156910.0,Large,0,4,14,798.0
TF3 4AU,E63009565,52.676273,-2.446260,22773,UN1,Telford,156910.0,Large,2,8,12,648.0
TF3 4BT,E63009565,52.676620,-2.447417,22773,UN1,Telford,156910.0,Large,2,8,13,697.0
TF3 4HZ,E63009565,52.675668,-2.451785,2658,UN1,Telford,156910.0,Large,5,8,14,428.0
TF4 2AA,E63009565,52.664337,-2.466779,2137,UN1,Telford,156910.0,Large,3,3,11,0.0
TF4 2EX,E63009565,52.663856,-2.468001,2137,UN1,Telford,156910.0,Large,3,3,10,98.0
TF4 2LL,E63009565,52.674864,-2.480202,22159,UN1,Telford,156910.0,Large,0,0,9,1390.0
TF4 3RB,E63009565,52.650342,-2.459476,24810,UN1,Telford,156910.0,Large,0,0,10,1388.0
TF5 0AY,E63009565,52.712852,-2.545277,24470,UN1,Telford,156910.0,Large,0,1,3,683.0
TF5 0LW,E63009565,52.718136,-2.531856,30303,UN1,Telford,156910.0,Large,1,1,4,482.0
TF7 4DH,E63009565,52.632504,-2.438500,2582,UN1,Telford,156910.0,Large,0,1,4,1075.0
TF7 5BD,E63009565,52.636038,-2.450313,2610,UN1,Telford,156910.0,Large,1,2,5,368.0
TF7 5QZ,E63009565,52.638086,-2.467046,1385,UN1,Telford,156910.0,Large,1,1,6,60.0
TF8 7AQ,E63009565,52.628019,-2.484594,21498,UN1,Telford,156910.0,Large,0,1,5,727.0
TF9 1PR,E63009192,52.905505,-2.485740,5564,UN1,Market Drayton,12060.0,Small,3,3,3,0.0
TF9 3AL,E63009192,52.908750,-2.485925,5564,UN1,Market Drayton,12060.0,Small,3,3,3,0.0
TF9 4NX,E63009170,52.918924,-2.388712,30493,RLN1,Loggerheads,2520.0,Minor,0,0,0,2370.0
TN1 1RJ,E63012976,51.131897,0.263605,30229,UF1,Royal Tunbridge Wells,51220.0,Medium,3,9,10,121.0
TN1 2TE,E63012976,51.134704,0.264485,30229,UF1,Royal Tunbridge Wells,51220.0,Medium,6,7,11,302.0
TN1 2UN,E63012976,51.133043,0.267563,28645,UF1,Royal Tunbridge Wells,51220.0,Medium,3,7,11,423.0
TN10 3NP,E63012792,51.215964,0.280944,9839,UN1,Tonbridge,36125.0,Medium,1,3,3,313.0
TN10 4AE,E63012792,51.211751,0.293565,13453,UN1,Tonbridge,36125.0,Medium,1,3,5,0.0
TN11 0DA,E63012717,51.223936,0.339028,29358,RLN1,Hadlow,3165.0,Minor,1,1,1,104.0
TN11 9HX,E63012751,51.216933,0.240595,27443,UF1,Hildenborough,4945.0,Minor,1,1,1,306.0
TN12 0AA,E63012882,51.160209,0.552293,25035,RLN1,Staplehurst,6180.0,Small,1,1,1,142.0
TN12 5AS,E63012754,51.212053,0.386824,20077,RLN1,East Peckham,2145.0,Minor,0,0,0,3163.0
TN12 6EL,E63012847,51.180882,0.388105,19927,RLN1,Paddock Wood,7610.0,Small,1,1,1,225.0
TN12 8JJ,E63012951,51.139803,0.429373,21857,RLN1,Horsmonden,1580.0,Minor,1,1,1,2452.0
TN12 8JS,E63012951,51.139238,0.430630,25531,RLN1,Horsmonden,1580.0,Minor,1,1,1,2559.0
TN12 9DP,E63012848,51.173586,0.496733,20177,RLN1,Marden (Maidstone),3490.0,Minor,1,1,1,315.0
TN13 1AR,E63012606,51.270971,0.191395,30497,UN1,Sevenoaks,26475.0,Medium,3,5,8,0.0
TN13 1DH,E63012606,51.276484,0.183671,32044,UN1,Sevenoaks,26475.0,Medium,1,6,10,211.0
TN13 1XA,E63012606,51.271679,0.192963,30497,UN1,Sevenoaks,26475.0,Medium,3,6,8,135.0
TN13 2AA,E63012606,51.283831,0.169636,30889,UN1,Sevenoaks,26475.0,Medium,1,1,6,32.0
TN13 3PE,E63012606,51.287464,0.194748,29762,UN1,Sevenoaks,26475.0,Medium,1,3,11,276.0
TN13 3TQ,E63012606,51.280209,0.194602,31133,UN1,Sevenoaks,26475.0,Medium,0,5,11,536.0
TN14 5EG,E63012606,51.295734,0.192058,20199,UN1,Sevenoaks,26475.0,Medium,0,1,5,1213.0
TN14 5PQ,E63012495,51.313310,0.189007,14856,RSN1,Otford and Kemsing,7335.0,Small,1,1,2,174.0
TN15 6HD,E63012385,51.350579,0.256703,25682,RLN1,West Kingsdown,4310.0,Minor,0,0,0,3428.0
TN15 6PX,E63012495,51.306290,0.226967,26700,RLN1,Otford and Kemsing,7335.0,Small,0,0,0,2597.0
TN15 8BJ,E63012553,51.292357,0.306516,31135,RLN1,Borough Green,4710.0,Minor,1,1,1,336.0
TN16 1AN,E63012628,51.266930,0.071517,28106,RLN1,Westerham,3390.0,Minor,1,1,1,90.0
TN16 3JZ,E63012282,51.308013,0.041228,21598,UN1,Bromley,,,0,3,5,582.0
TN16 3TJ,E63012282,51.312070,0.031838,21964,UN1,Bromley,,,4,5,5,0.0
TN16 3XZ,E63012282,51.313572,0.029264,27441,UN1,Bromley,,,3,4,5,204.0
TN17 1AG,E63013019,51.113492,0.459713,16466,RSN1,Goudhurst,1105.0,Minor,1,1,1,94.0
TN17 3DF,E63013051,51.096318,0.535246,18703,RLN1,Cranbrook (Tunbridge Wells),3960.0,Minor,1,2,2,287.0
TN18 4ES,E63013174,51.047581,0.510581,26889,RLN1,Hawkhurst,3685.0,Minor,1,1,1,53.0
TN2 3JG,E63012976,51.146156,0.287851,11911,UF1,Royal Tunbridge Wells,51220.0,Medium,1,2,4,376.0
TN2 4PH,E63012940,51.142861,0.319071,23797,RLN1,Pembury,5785.0,Small,0,1,2,906.0
TN2 5QL,E63012976,51.124111,0.256965,30349,UF1,Royal Tunbridge Wells,51220.0,Medium,1,3,9,912.0
TN2 5TN,E63012976,51.126292,0.257686,30349,UF1,Royal Tunbridge Wells,51220.0,Medium,1,3,9,670.0
TN20 6AB,E63013244,51.020250,0.260346,29709,RSF1,Mayfield (Wealden),2255.0,Minor,1,1,1,456.0
TN21 0EH,E63013446,50.933779,0.243297,16456,UN1,Horam,1795.0,Minor,0,0,0,3801.0
TN21 8HU,E63013370,50.970825,0.249355,28441,UN1,Heathfield (Wealden),7670.0,Small,1,2,2,567.0
TN21 8LD,E63013370,50.970892,0.250996,28441,UN1,Heathfield (Wealden),7670.0,Small,1,2,2,668.0
TN22 1AG,E63013376,50.970064,0.095940,22764,UF1,Uckfield,15035.0,Small,2,5,5,304.0
TN22 1BA,E63013376,50.969692,0.091636,31532,UF1,Uckfield,15035.0,Small,2,3,5,0.0
TN22 1QW,E63013376,50.969198,0.082541,31532,UF1,Uckfield,15035.0,Small,0,3,5,639.0
TN22 5AW,E63013376,50.965950,0.105639,24170,UF1,Uckfield,15035.0,Small,1,2,5,0.0
TN22 5FD,E63013314,50.989419,0.132151,17830,RLF1,Buxted,1615.0,Minor,1,1,1,0.0
TN23 3LU,E63012914,51.123261,0.865182,28278,UN1,Ashford (Ashford),82140.0,Large,1,1,5,463.0
TN23 3TE,E63012914,51.156349,0.856818,21636,UN1,Ashford (Ashford),82140.0,Large,0,1,10,1441.0
TN23 5AQ,E63012914,51.133616,0.856960,4412,UN1,Ashford (Ashford),82140.0,Large,0,2,6,1451.0
TN23 5ER,E63012914,51.139559,0.853008,5422,UN1,Ashford (Ashford),82140.0,Large,0,2,7,2050.0
TN23 5GR,E63012914,51.140038,0.839241,24992,UN1,Ashford (Ashford),82140.0,Large,0,1,3,2591.0
TN23 7SJ,E63012914,51.136465,0.867000,12513,UN1,Ashford (Ashford),82140.0,Large,0,2,11,1439.0
TN24 0HZ,E63012914,51.136741,0.898871,28263,UN1,Ashford (Ashford),82140.0,Large,1,4,11,0.0
TN24 0SE,E63012914,51.134356,0.878535,7994,UN1,Ashford (Ashford),82140.0,Large,0,1,14,1079.0
TN24 0SG,E63012914,51.129877,0.905431,29803,UN1,Ashford (Ashford),82140.0,Large,1,5,9,384.0
TN24 0YE,E63012914,51.136114,0.915029,23738,UN1,Ashford (Ashford),82140.0,Large,1,4,8,183.0
TN24 8DN,E63012914,51.146337,0.880339,16275,UN1,Ashford (Ashford),82140.0,Large,1,3,11,0.0
TN24 8SE,E63012914,51.149699,0.871624,10281,UN1,Ashford (Ashford),82140.0,Large,1,5,10,714.0
TN24 8TB,E63012914,51.149570,0.872503,10281,UN1,Ashford (Ashford),82140.0,Large,1,5,10,654.0
TN24 8YN,E63012914,51.158746,0.867280,18215,UN1,Ashford (Ashford),82140.0,Large,0,3,9,715.0
TN24 9JZ,E63012914,51.157617,0.877380,26424,UN1,Ashford (Ashford),82140.0,Large,1,4,9,0.0
TN25 4BY,E63012914,51.170445,0.871826,9569,UN1,Ashford (Ashford),82140.0,Large,1,1,5,178.0
TN25 5EA,E63012804,51.183329,0.932934,16710,RLN1,Wye,2060.0,Minor,0,1,1,586.0
TN27 0AW,E63012729,51.209709,0.791404,12622,RSN1,Charing,2170.0,Minor,1,1,1,0.0
TN27 9AA,E63012855,51.170199,0.633132,26928,RLN1,Headcorn,3295.0,Minor,0,1,1,855.0
TN28 8AH,E63013288,50.985915,0.940779,7903,RLN1,New Romney,3870.0,Minor,3,3,3,95.0
TN28 8AL,E63013288,50.986063,0.941330,7903,RLN1,New Romney,3870.0,Minor,3,3,3,137.0
TN28 8SS,E63013307,50.968732,0.961175,14471,RLN1,Littlestone-on-Sea,5270.0,Small,0,0,0,2200.0
TN29 0NH,E63013184,51.024409,0.994745,8438,RLN1,Dymchurch,3095.0,Minor,1,1,1,172.0
TN29 9AH,E63013391,50.950879,0.904919,9570,RLN1,Lydd,3910.0,Minor,0,0,0,4501.0
TN30 6AH,E63013095,51.069215,0.689065,23521,RLN1,Tenterden,7775.0,Small,3,3,4,56.0
TN30 6AU,E63013095,51.068088,0.686059,23521,RLN1,Tenterden,7775.0,Small,3,4,4,228.0
TN31 6YD,E63013347,50.976571,0.684860,15071,RSN1,Peasmarsh (Rother),900.0,Minor,0,0,0,3573.0
TN31 7JF,E63013389,50.951173,0.733262,16187,RLN1,Rye,4885.0,Minor,2,2,3,298.0
TN31 7JG,E63013389,50.950785,0.732157,16187,RLN1,Rye,4885.0,Minor,2,2,3,225.0
TN32 5AE,E63013324,50.986571,0.474926,14958,RLN1,Robertsbridge,1440.0,Minor,1,1,1,351.0
TN33 0AE,E63013476,50.916004,0.485052,15572,RLN1,Battle,5330.0,Small,2,2,2,159.0
TN33 0EN,E63013476,50.917100,0.484256,15572,RLN1,Battle,5330.0,Small,2,2,2,39.0
TN34 1BA,E63013588,50.857940,0.578166,333,UN1,Hastings,91490.0,Large,4,8,15,0.0
TN34 1EU,E63013588,50.855751,0.568141,2558,UN1,Hastings,91490.0,Large,1,7,16,211.0
TN34 1NN,E63013588,50.855608,0.581135,3452,UN1,Hastings,91490.0,Large,3,9,15,333.0
TN34 1PH,E63013588,50.857008,0.580857,3452,UN1,Hastings,91490.0,Large,4,10,16,215.0
TN34 1RN,E63013588,50.860090,0.583855,2966,UN1,Hastings,91490.0,Large,4,8,16,390.0
TN34 2PS,E63013588,50.878730,0.569845,22045,UN1,Hastings,91490.0,Large,0,2,11,737.0
TN34 3EY,E63013588,50.858908,0.593354,6825,UN1,Hastings,91490.0,Large,2,6,16,314.0
TN34 3PX,E63013588,50.874561,0.598089,147,UN1,Hastings,91490.0,Large,0,4,9,831.0
TN34 3SB,E63013588,50.865513,0.583857,5410,UN1,Hastings,91490.0,Large,0,6,17,646.0
TN35 5BG,E63013588,50.872657,0.608829,11459,UN1,Hastings,91490.0,Large,2,5,8,107.0
TN35 5BL,E63013588,50.873368,0.609224,11459,UN1,Hastings,91490.0,Large,2,4,8,40.0
TN35 5LT,E63013588,50.868825,0.601181,186,UN1,Hastings,91490.0,Large,0,5,11,790.0
TN35 5NH,E63013588,50.864710,0.605031,16199,UN1,Hastings,91490.0,Large,0,2,12,1022.0
TN37 6AJ,E63013588,50.852747,0.560375,2558,UN1,Hastings,91490.0,Large,1,4,13,587.0
TN37 6DU,E63013588,50.853799,0.560361,626,UN1,Hastings,91490.0,Large,1,4,13,547.0
TN37 6RE,E63013588,50.863406,0.559097,4158,UN1,Hastings,91490.0,Large,0,3,16,515.0
TN37 7AA,E63013588,50.869446,0.554794,16373,UN1,Hastings,91490.0,Large,1,3,15,255.0
TN37 7AN,E63013588,50.875859,0.551492,730,UN1,Hastings,91490.0,Large,1,4,12,278.0
TN37 7LS,E63013588,50.883991,0.557197,23407,UN1,Hastings,91490.0,Large,0,6,10,531.0
TN37 7SQ,E63013588,50.888084,0.550183,20649,UN1,Hastings,91490.0,Large,0,2,8,829.0
TN38 0AH,E63013588,50.851147,0.537654,4561,UN1,Hastings,91490.0,Large,0,1,4,582.0
TN38 9RB,E63013588,50.876539,0.537213,1849,UN1,Hastings,91490.0,Large,0,0,7,1009.0
TN39 3PU,E63013637,50.840564,0.461979,22769,UN1,Bexhill-on-Sea,43755.0,Medium,2,4,10,220.0
TN39 4SL,E63013637,50.843662,0.433900,21368,UN1,Bexhill-on-Sea,43755.0,Medium,1,1,1,184.0
TN39 5AB,E63013637,50.855988,0.471800,3263,UN1,Bexhill-on-Sea,43755.0,Medium,0,3,9,566.0
TN39 5HE,E63013637,50.857322,0.464012,5607,UN1,Bexhill-on-Sea,43755.0,Medium,1,2,6,0.0
TN4 0NA,E63012904,51.156309,0.260166,19449,UF1,Southborough,9630.0,Small,3,3,4,0.0
TN4 0PJ,E63012976,51.154150,0.260189,23922,UF1,Royal Tunbridge Wells,51220.0,Medium,3,3,7,198.0
TN4 8RN,E63012991,51.135276,0.230949,16641,RLF1,Rusthall and Langton Green,7780.0,Small,1,1,1,438.0
TN4 9EX,E63012976,51.147292,0.274824,17438,UF1,Royal Tunbridge Wells,51220.0,Medium,0,2,14,933.0
TN4 9TF,E63012976,51.137752,0.261246,25038,UF1,Royal Tunbridge Wells,51220.0,Medium,3,6,12,0.0
TN40 1AU,E63013637,50.839757,0.473328,7179,UN1,Bexhill-on-Sea,43755.0,Medium,2,6,8,296.0
TN40 1HJ,E63013637,50.840079,0.474269,7179,UN1,Bexhill-on-Sea,43755.0,Medium,2,6,9,253.0
TN40 2HG,E63013637,50.845682,0.479793,13042,UN1,Bexhill-on-Sea,43755.0,Medium,0,4,14,633.0
TN40 2JS,E63013637,50.844874,0.501216,15443,UN1,Bexhill-on-Sea,43755.0,Medium,1,3,7,653.0
TN40 2LE,E63013637,50.845765,0.503692,8944,UN1,Bexhill-on-Sea,43755.0,Medium,1,3,5,513.0
TN40 2SW,E63013637,50.850952,0.500063,16207,UN1,Bexhill-on-Sea,43755.0,Medium,1,3,5,327.0
TN5 6AP,E63013137,51.061741,0.340105,24709,RSF1,Wadhurst,3410.0,Minor,1,1,1,56.0
TN5 7AA,E63013185,51.046090,0.407942,15051,RLN1,Ticehurst,1465.0,Minor,0,0,0,5012.0
TN6 1DL,E63013178,51.058455,0.161937,20638,UF1,Crowborough,21990.0,Medium,4,6,9,0.0
TN6 2ED,E63013178,51.049158,0.186003,16880,UF1,Crowborough,21990.0,Medium,2,2,4,0.0
TN6 2EG,E63013178,51.047758,0.188277,27224,UF1,Crowborough,21990.0,Medium,2,2,2,222.0
TN6 2QA,E63013178,51.060018,0.162067,27759,UF1,Crowborough,21990.0,Medium,4,5,7,153.0
TN6 2QB,E63013178,51.060032,0.161782,20638,UF1,Crowborough,21990.0,Medium,4,5,7,133.0
TN6 3LJ,E63013195,51.045599,0.219748,30150,RSF1,Rotherfield,1220.0,Minor,0,0,0,2392.0
TN8 5AB,E63012807,51.198603,0.064700,19131,RLF1,Edenbridge,7900.0,Small,4,4,4,156.0
TN8 5AD,E63012807,51.197411,0.064976,19131,RLF1,Edenbridge,7900.0,Small,3,4,4,43.0
TN8 5AJ,E63012807,51.197213,0.064452,12568,RLF1,Edenbridge,7900.0,Small,3,4,4,0.0
TN9 1BB,E63012792,51.197227,0.275138,20142,UN1,Tonbridge,36125.0,Medium,5,6,7,287.0
TN9 1EP,E63012792,51.193243,0.271878,20142,UN1,Tonbridge,36125.0,Medium,4,6,7,0.0
TN9 1LA,E63012792,51.197407,0.279241,31072,UN1,Tonbridge,36125.0,Medium,3,6,9,0.0
TN9 1SG,E63012792,51.192375,0.272580,16708,UN1,Tonbridge,36125.0,Medium,3,6,7,108.0
TQ1 1ED,E63014039,50.461069,-3.522450,1702,UF1,Torquay,52035.0,Medium,0,3,13,1134.0
TQ1 1ES,E63014039,50.465528,-3.527427,590,UF1,Torquay,52035.0,Medium,2,5,19,609.0
TQ1 2JG,E63014039,50.466904,-3.505996,12122,UF1,Torquay,52035.0,Medium,0,0,10,1585.0
TQ1 3DG,E63014039,50.467290,-3.530217,590,UF1,Torquay,52035.0,Medium,4,7,19,405.0
TQ1 3HD,E63014039,50.474720,-3.528089,6743,UF1,Torquay,52035.0,Medium,2,8,21,0.0
TQ1 3HP,E63014039,50.478466,-3.525645,5045,UF1,Torquay,52035.0,Medium,3,6,18,451.0
TQ1 3NT,E63014039,50.478172,-3.515797,6657,UF1,Torquay,52035.0,Medium,1,6,15,153.0
TQ1 4NE,E63014039,50.481426,-3.522118,5045,UF1,Torquay,52035.0,Medium,3,6,16,195.0
TQ10 9AB,E63014063,50.426723,-3.835181,22004,RLN1,South Brent,2645.0,Minor,1,1,1,372.0
TQ11 0AA,E63014038,50.481240,-3.777637,10227,RLN1,Buckfastleigh,2720.0,Minor,1,1,1,311.0
TQ12 1AF,E63014005,50.529237,-3.612349,9574,UN1,Newton Abbot,29650.0,Medium,6,8,12,329.0
TQ12 1BN,E63014005,50.523135,-3.593688,19965,UN1,Newton Abbot,29650.0,Medium,0,2,11,894.0
TQ12 1GJ,E63014005,50.528661,-3.607786,19520,UN1,Newton Abbot,29650.0,Medium,8,8,12,0.0
TQ12 1TG,E63014005,50.530527,-3.613987,8303,UN1,Newton Abbot,29650.0,Medium,6,8,12,466.0
TQ12 2DT,E63014005,50.529776,-3.611098,8303,UN1,Newton Abbot,29650.0,Medium,8,8,12,265.0
TQ12 2HH,E63014005,50.529984,-3.605080,11518,UN1,Newton Abbot,29650.0,Medium,6,8,12,0.0
TQ12 3HH,E63013992,50.549623,-3.596853,10989,UN1,Kingsteignton,11940.0,Small,1,2,2,83.0
TQ12 3SB,E63013992,50.542421,-3.596074,11476,UN1,Kingsteignton,11940.0,Small,0,2,13,734.0
TQ12 4BG,E63014005,50.527362,-3.587721,21076,UN1,Newton Abbot,29650.0,Medium,1,2,12,312.0
TQ12 4PT,E63014005,50.528640,-3.608025,19520,UN1,Newton Abbot,29650.0,Medium,8,8,12,17.0
TQ12 5DJ,E63014024,50.500155,-3.583157,14614,UN1,Kingskerswell,3765.0,Minor,1,1,1,0.0
TQ12 6TL,E63013980,50.572147,-3.659062,22077,RSN1,Heathfield (Teignbridge),1495.0,Minor,0,0,0,2450.0
TQ13 0JT,E63013961,50.605326,-3.600434,18876,RLN1,Chudleigh,4375.0,Minor,0,0,0,5378.0
TQ13 7QD,E63014011,50.516004,-3.756796,14847,RLN1,Ashburton,3365.0,Minor,0,1,1,670.0
TQ13 8AA,E63013900,50.673306,-3.840122,20898,RLF1,Chagford,1105.0,Minor,1,1,1,314.0
TQ13 8PE,E63013912,50.660914,-3.765607,20337,RLF1,Moretonhampstead,1335.0,Minor,1,1,1,281.0
TQ13 9AD,E63013967,50.593359,-3.675081,21570,RLN1,Bovey Tracey,6240.0,Small,2,2,2,168.0
TQ13 9QP,E63013967,50.592110,-3.673737,30659,RLN1,Bovey Tracey,6240.0,Small,2,2,2,0.0
TQ14 0DE,E63014000,50.540073,-3.508467,26516,RLF1,Shaldon,1715.0,Minor,0,0,5,1222.0
TQ14 8AJ,E63013993,50.545937,-3.495880,5394,UN1,Teignmouth,15315.0,Small,3,3,5,132.0
TQ14 8HH,E63013993,50.546334,-3.495032,5394,UN1,Teignmouth,15315.0,Small,3,3,5,74.0
TQ14 8SJ,E63013993,50.546928,-3.493611,5394,UN1,Teignmouth,15315.0,Small,3,3,5,95.0
TQ14 9FF,E63013993,50.552938,-3.509470,8288,UN1,Teignmouth,15315.0,Small,0,0,5,1328.0
TQ14 9QZ,E63013994,50.553638,-3.543274,29625,RLN1,Bishopsteignton,2265.0,Minor,0,0,0,3578.0
TQ2 5PS,E63014039,50.466399,-3.529568,590,UF1,Torquay,52035.0,Medium,4,7,19,445.0
TQ2 5UA,E63014039,50.466658,-3.535847,714,UF1,Torquay,52035.0,Medium,3,8,17,0.0
TQ2 6EJ,E63014055,50.469277,-3.551293,12830,UF1,Paignton,67520.0,Medium,1,5,14,242.0
TQ2 6HS,E63014055,50.462602,-3.546002,9751,UF1,Paignton,67520.0,Medium,2,6,13,111.0
TQ2 6HW,E63014055,50.463279,-3.547151,9751,UF1,Paignton,67520.0,Medium,2,6,13,0.0
TQ2 7BJ,E63014039,50.489055,-3.552589,20560,UF1,Torquay,52035.0,Medium,1,4,7,756.0
TQ2 7HH,E63014055,50.481097,-3.563252,19720,UF1,Paignton,67520.0,Medium,0,2,7,681.0
TQ2 7HT,E63014039,50.487658,-3.554841,20560,UF1,Torquay,52035.0,Medium,1,4,7,600.0
TQ2 8BP,E63014039,50.491189,-3.531398,1442,UF1,Torquay,52035.0,Medium,0,2,13,1254.0
TQ2 8HN,E63014039,50.492208,-3.539397,14862,UF1,Torquay,52035.0,Medium,0,3,9,1501.0
TQ2 8JG,E63014039,50.487043,-3.542951,14862,UF1,Torquay,52035.0,Medium,0,5,13,932.0
TQ3 2EZ,E63014055,50.445512,-3.560262,6773,UF1,Paignton,67520.0,Medium,1,1,10,0.0
TQ3 3EF,E63014055,50.435672,-3.568388,198,UF1,Paignton,67520.0,Medium,6,6,10,259.0
TQ3 3SU,E63014055,50.439700,-3.584999,1075,UF1,Paignton,67520.0,Medium,1,1,10,114.0
TQ4 5AH,E63014055,50.433280,-3.566999,2210,UF1,Paignton,67520.0,Medium,6,6,10,0.0
TQ4 5AQ,E63014055,50.434073,-3.567532,2210,UF1,Paignton,67520.0,Medium,6,6,10,96.0
TQ4 5DN,E63014055,50.435463,-3.566536,198,UF1,Paignton,67520.0,Medium,6,6,10,245.0
TQ4 5LA,E63014055,50.433445,-3.569441,2532,UF1,Paignton,67520.0,Medium,6,6,10,0.0
TQ4 6LE,E63014055,50.403096,-3.564963,26577,UF1,Paignton,67520.0,Medium,0,1,1,3359.0
TQ4 7LY,E63014055,50.411251,-3.565808,22217,UF1,Paignton,67520.0,Medium,0,1,1,2451.0
TQ4 7PE,,50.420243,-3.597695,8882,UF1,,,,0,0,0,2235.0
TQ5 8AA,E63014084,50.394392,-3.514545,4667,UF1,Brixham,17840.0,Small,4,5,5,232.0
TQ5 8DZ,E63014084,50.395140,-3.513725,4667,UF1,Brixham,17840.0,Small,4,5,5,134.0
TQ5 9DW,E63014084,50.390774,-3.514753,4667,UF1,Brixham,17840.0,Small,3,5,5,283.0
TQ5 9TF,E63014084,50.395844,-3.512199,4667,UF1,Brixham,17840.0,Small,3,5,5,0.0
TQ6 0JL,,50.346764,-3.603421,29224,RLF1,,,,1,1,4,0.0
TQ6 9PS,E63014116,50.351297,-3.578440,19104,RLF1,Dartmouth,5260.0,Small,1,2,4,772.0
TQ6 9RT,E63014116,50.351229,-3.580855,19104,RLF1,Dartmouth,5260.0,Small,1,2,4,724.0
TQ7 1AE,E63014150,50.288739,-3.782122,23467,RLF1,Kingsbridge,5680.0,Small,1,3,3,0.0
TQ7 1DX,E63014150,50.283339,-3.777091,23467,RLF1,Kingsbridge,5680.0,Small,1,3,3,699.0
TQ7 1EB,E63014150,50.282816,-3.777746,10891,RLF1,Kingsbridge,5680.0,Small,1,3,3,728.0
TQ8 8ET,E63014175,50.237307,-3.766993,27399,RLF1,Salcombe,1585.0,Minor,1,1,1,233.0
TQ9 5DX,E63014054,50.430802,-3.683844,15080,RLF1,Totnes,9215.0,Small,4,4,4,214.0
TQ9 5GN,E63014054,50.432182,-3.682935,15080,RLF1,Totnes,9215.0,Small,4,4,4,313.0
TQ9 5JA,E63014054,50.434950,-3.683723,12624,RLF1,Totnes,9215.0,Small,3,4,4,0.0
TR1 2BD,E63014148,50.264516,-5.053087,8602,UF1,Truro,23060.0,Medium,4,7,8,332.0
TR1 2JA,E63014148,50.259971,-5.055912,8602,UF1,Truro,23060.0,Medium,5,8,8,0.0
TR1 2QU,E63014148,50.263173,-5.051458,8602,UF1,Truro,23060.0,Medium,7,7,8,184.0
TR1 2TN,E63014148,50.260952,-5.046965,8602,UF1,Truro,23060.0,Medium,2,7,8,318.0
TR1 3DP,E63014148,50.263711,-5.055997,8602,UF1,Truro,23060.0,Medium,6,8,8,144.0
TR1 3XL,E63014148,50.261450,-5.067696,23413,UF1,Truro,23060.0,Medium,0,4,10,807.0
TR10 8BH,E63014195,50.168612,-5.104572,5896,UF1,Penryn,11195.0,Small,2,2,3,150.0
TR10 8HX,E63014195,50.167492,-5.103407,5896,UF1,Penryn,11195.0,Small,2,2,5,0.0
TR11 2UN,E63014202,50.155297,-5.085380,26096,UF1,Falmouth,24070.0,Medium,2,3,8,0.0
TR11 3AB,E63014202,50.156023,-5.070585,17591,UF1,Falmouth,24070.0,Medium,1,3,6,852.0
TR11 3AT,E63014202,50.155343,-5.068735,17591,UF1,Falmouth,24070.0,Medium,1,3,6,845.0
TR11 3PU,E63014202,50.151980,-5.075800,15512,UF1,Falmouth,24070.0,Medium,1,6,6,345.0
TR12 7BY,E63014232,50.027483,-5.241015,15335,RLF1,Mullion,2150.0,Minor,1,1,1,331.0
TR13 8AU,E63014221,50.099581,-5.270132,10850,UF1,Helston,11360.0,Small,3,5,5,0.0
TR13 8PJ,E63014221,50.103713,-5.267155,10850,UF1,Helston,11360.0,Small,0,4,5,506.0
TR13 8QY,E63014221,50.099664,-5.272306,12829,UF1,Helston,11360.0,Small,3,4,5,59.0
TR13 9HJ,E63014226,50.085432,-5.315687,16680,RLF1,Porthleven,3115.0,Minor,0,0,0,3509.0
TR14 8AD,E63014169,50.214216,-5.298577,3199,UF1,Camborne,20450.0,Medium,3,3,3,0.0
TR14 8JY,E63014169,50.213337,-5.300703,1661,UF1,Camborne,20450.0,Medium,3,3,3,180.0
TR14 9EF,E63014182,50.196653,-5.277690,9858,UF1,Troon (Cornwall),1400.0,Minor,0,0,0,2150.0
TR15 1AU,E63014159,50.234347,-5.232462,5314,UF1,Redruth,15455.0,Small,5,5,5,0.0
TR15 1JT,E63014159,50.234212,-5.227923,5314,UF1,Redruth,15455.0,Small,5,5,5,323.0
TR15 2AF,E63014159,50.233867,-5.226427,11341,UF1,Redruth,15455.0,Small,5,5,5,433.0
TR15 2BL,E63014159,50.233170,-5.228203,11341,UF1,Redruth,15455.0,Small,5,5,5,330.0
TR15 2DB,E63014159,50.233645,-5.230226,5314,UF1,Redruth,15455.0,Small,5,5,5,177.0
TR15 3DU,E63014163,50.226212,-5.268203,5096,UF1,Pool,,,2,2,2,0.0
TR15 3QJ,E63014163,50.222788,-5.269049,5096,UF1,Pool,,,2,2,2,385.0
TR16 4SS,E63014152,50.245710,-5.266522,22281,UF1,Illogan,1095.0,Minor,1,1,1,112.0
TR16 5JU,E63014156,50.238735,-5.185349,11152,RLF1,St Day,1430.0,Minor,0,0,0,2841.0
TR17 0AP,E63014208,50.123645,-5.473222,9695,RLF1,Marazion,1350.0,Minor,0,1,1,718.0
TR18 2LE,E63014211,50.119502,-5.535021,3874,UF1,Penzance,14960.0,Small,3,5,7,405.0
TR18 2QW,E63014211,50.118404,-5.538872,2447,UF1,Penzance,14960.0,Small,3,5,7,166.0
TR18 3AP,E63014204,50.128435,-5.519067,4768,UF1,Trevarrack,,,0,0,6,1914.0
TR18 3DX,E63014211,50.122359,-5.545153,10153,UF1,Penzance,14960.0,Small,1,5,7,0.0
TR18 4EL,E63014211,50.116915,-5.539014,2447,UF1,Penzance,14960.0,Small,3,5,7,0.0
TR18 5HH,E63014219,50.106598,-5.549821,3228,UF1,Newlyn,3360.0,Minor,0,0,6,1382.0
TR19 7LJ,E63014207,50.123203,-5.679850,14154,RLF1,St Just,1830.0,Minor,0,0,0,9603.0
TR2 4JZ,E63014134,50.290109,-4.948587,28183,RLF1,Probus,2565.0,Minor,1,1,1,0.0
TR2 5DH,E63014201,50.158958,-5.014565,16230,RLF1,St Mawes,640.0,Minor,0,0,0,3316.0
TR21 0HE,E63014237,49.911605,-6.308668,22165,RSF1,Hugh Town,950.0,Minor,1,1,1,0.0
TR26 1AB,E63014167,50.213147,-5.480310,8554,RLF1,St Ives (Cornwall),5410.0,Small,3,3,3,390.0
TR26 1RS,E63014167,50.212244,-5.480721,8554,RLF1,St Ives (Cornwall),5410.0,Small,3,3,3,307.0
TR26 1RU,E63014167,50.210846,-5.484446,8554,RLF1,St Ives (Cornwall),5410.0,Small,3,3,3,0.0
TR26 2FZ,E63014177,50.192714,-5.462609,19312,RLF1,Carbis Bay,3965.0,Minor,0,0,0,2546.0
TR27 4DY,E63014184,50.190667,-5.409912,11436,RLF1,Hayle,9040.0,Small,2,2,4,454.0
TR27 4PB,E63014184,50.187062,-5.412891,5100,RLF1,Hayle,9040.0,Small,2,3,4,0.0
TR27 5LX,E63014184,50.195563,-5.397591,19705,RLF1,Hayle,9040.0,Small,0,0,3,1442.0
TR3 6DP,E63014146,50.261776,-5.115274,26413,UF1,Threemilestone,2855.0,Minor,0,0,3,1273.0
TR5 0TH,E63014122,50.308925,-5.203229,14205,RLF1,St Agnes,3250.0,Minor,1,1,1,208.0
TR6 0JL,E63014094,50.345191,-5.154766,10878,RLF1,Perranporth,2750.0,Minor,1,1,1,8.0
TR7 1DH,E63014052,50.413614,-5.085008,2688,UF1,Newquay,24545.0,Medium,0,2,5,566.0
TR7 1RU,E63014052,50.412262,-5.077304,3218,UF1,Newquay,24545.0,Medium,1,4,5,0.0
TR7 2QF,E63014052,50.417648,-5.070937,15736,UF1,Newquay,24545.0,Medium,2,4,5,0.0
TR7 2RT,E63014052,50.417291,-5.064705,15736,UF1,Newquay,24545.0,Medium,2,2,5,443.0
TR9 6AP,E63014045,50.435109,-4.939704,19190,RSF1,St Columb Major,3665.0,Minor,0,1,1,761.0
TR9 6NA,E63014064,50.378480,-4.943711,11514,RSF1,Indian Queens and Fraddon,,,1,1,1,0.0
TS1 1SU,E63007408,54.577276,-1.239206,244,UN1,Middlesbrough,148215.0,Large,7,10,26,327.0
TS1 1TB,E63007408,54.577299,-1.238556,244,UN1,Middlesbrough,148215.0,Large,7,10,26,296.0
TS1 2JZ,E63007408,54.575240,-1.236924,2348,UN1,Middlesbrough,148215.0,Large,7,13,26,100.0
TS1 2NW,E63007408,54.574896,-1.236559,2348,UN1,Middlesbrough,148215.0,Large,7,13,27,76.0
TS1 3HY,E63007408,54.569375,-1.231883,2051,UN1,Middlesbrough,148215.0,Large,3,15,28,417.0
TS1 3RZ,E63007408,54.571985,-1.226806,244,UN1,Middlesbrough,148215.0,Large,3,15,27,27.0
TS1 4JW,E63007408,54.568601,-1.247379,1022,UN1,Middlesbrough,148215.0,Large,0,11,23,522.0
TS1 5DD,E63007408,54.574238,-1.237670,244,UN1,Middlesbrough,148215.0,Large,7,13,27,172.0
TS1 5JA,E63007408,54.576086,-1.241487,244,UN1,Middlesbrough,148215.0,Large,7,9,26,408.0
TS10 1SG,E63007382,54.617707,-1.078592,4702,UN1,Redcar,37660.0,Medium,3,5,9,355.0
TS10 1SR,E63007382,54.617378,-1.071941,4702,UN1,Redcar,37660.0,Medium,5,6,8,0.0
TS10 2AA,E63007382,54.615271,-1.067932,248,UN1,Redcar,37660.0,Medium,4,7,11,349.0
TS10 2RF,E63007382,54.600091,-1.057303,26866,UN1,Redcar,37660.0,Medium,0,2,6,746.0
TS10 3BZ,E63007382,54.618539,-1.066339,248,UN1,Redcar,37660.0,Medium,4,7,8,383.0
TS10 3JZ,E63007382,54.615244,-1.054058,8027,UN1,Redcar,37660.0,Medium,1,3,9,401.0
TS10 4NW,E63007382,54.599299,-1.068807,258,UN1,Redcar,37660.0,Medium,1,3,5,0.0
TS10 4NY,E63007382,54.602507,-1.075824,13152,UN1,Redcar,37660.0,Medium,0,2,12,576.0
TS10 5JZ,E63007382,54.607636,-1.099333,2934,UN1,Redcar,37660.0,Medium,0,0,3,1913.0
TS11 7BA,E63007391,54.590999,-1.019257,12050,RLN1,Marske-by-the-Sea,7580.0,Small,1,1,2,200.0
TS11 8ES,E63007398,54.580174,-1.036551,13734,RLN1,New Marske,2990.0,Minor,0,0,2,1825.0
TS12 1AE,E63007399,54.582842,-0.974009,16059,RLN1,Saltburn-by-the-Sea,5875.0,Small,2,2,2,0.0
TS12 2DY,E63007410,54.561326,-0.982514,3381,RLN1,Skelton (Redcar and Cleveland),6895.0,Small,2,2,2,231.0
TS12 2SP,E63007403,54.566691,-0.939538,1936,RLN1,Brotton,5400.0,Small,1,1,1,257.0
TS12 2TG,E63007410,54.563154,-0.980814,3381,RLN1,Skelton (Redcar and Cleveland),6895.0,Small,2,2,2,0.0
TS12 3DZ,E63007426,54.538244,-0.960014,4933,RLN1,Lingdale,1325.0,Minor,0,0,0,3078.0
TS13 4HA,E63007413,54.553957,-0.883648,5408,RLN1,Loftus,4270.0,Minor,2,2,2,204.0
TS13 4PP,E63007413,54.554365,-0.889930,5408,RLN1,Loftus,4270.0,Minor,2,2,2,207.0
TS14 6BA,E63007430,54.535575,-1.053057,7460,UN1,Guisborough,18095.0,Small,3,3,3,183.0
TS14 7DJ,E63007430,54.532610,-1.055459,7460,UN1,Guisborough,18095.0,Small,3,3,3,0.0
TS15 9AE,E63007443,54.508551,-1.353704,30284,UN1,Yarm,9600.0,Small,2,2,7,409.0
TS15 9DD,E63007443,54.505085,-1.355828,30284,UN1,Yarm,9600.0,Small,2,2,7,0.0
TS15 9XN,E63007443,54.497653,-1.344334,31976,UN1,Yarm,9600.0,Small,1,1,4,422.0
TS16 0EH,E63007436,54.520047,-1.358914,31459,UN1,Egglescliffe,10250.0,Small,0,2,5,696.0
TS16 9EA,E63007436,54.520025,-1.348131,21031,UN1,Egglescliffe,10250.0,Small,1,2,6,0.0
TS17 0EE,E63007423,54.538161,-1.292142,837,UN1,Thornaby-on-Tees,23350.0,Medium,3,3,8,0.0
TS17 0RR,E63007440,54.523576,-1.309420,25758,UN1,Ingleby Barwick,23380.0,Medium,0,1,3,1968.0
TS17 0WG,E63007440,54.518047,-1.318643,28901,UN1,Ingleby Barwick,23380.0,Medium,0,1,3,1916.0
TS17 7BP,E63007423,54.559184,-1.277227,7358,UN1,Thornaby-on-Tees,23350.0,Medium,1,1,8,1523.0
TS17 7BW,E63007423,54.555266,-1.274219,7358,UN1,Thornaby-on-Tees,23350.0,Medium,1,2,9,1418.0
TS17 8AB,E63007423,54.550882,-1.300533,2028,UN1,Thornaby-on-Tees,23350.0,Medium,1,1,17,449.0
TS17 9EN,E63007423,54.537980,-1.290352,837,UN1,Thornaby-on-Tees,23350.0,Medium,3,3,7,117.0
TS17 9EP,E63007423,54.538849,-1.291295,837,UN1,Thornaby-on-Tees,23350.0,Medium,3,3,7,94.0
TS18 1BE,,54.563217,-1.312230,74,UN1,,,,6,17,22,227.0
TS18 1EP,E63007405,54.561389,-1.316420,74,UN1,Stockton-on-Tees,84815.0,Large,8,16,22,169.0
TS18 1HU,E63007405,54.561637,-1.318999,74,UN1,Stockton-on-Tees,84815.0,Large,8,16,22,0.0
TS18 1JY,E63007405,54.561155,-1.322857,74,UN1,Stockton-on-Tees,84815.0,Large,6,12,22,106.0
TS18 1PL,E63007405,54.567303,-1.313275,115,UN1,Stockton-on-Tees,84815.0,Large,10,17,22,147.0
TS18 1YE,E63007405,54.561227,-1.321217,74,UN1,Stockton-on-Tees,84815.0,Large,7,14,22,0.0
TS18 2AJ,E63007405,54.568645,-1.317103,229,UN1,Stockton-on-Tees,84815.0,Large,7,17,21,101.0
TS18 2AT,E63007405,54.568616,-1.313593,229,UN1,Stockton-on-Tees,84815.0,Large,8,16,22,0.0
TS18 2AW,E63007405,54.569175,-1.313893,229,UN1,Stockton-on-Tees,84815.0,Large,8,14,22,0.0
TS18 2EP,E63007405,54.572139,-1.311956,1363,UN1,Stockton-on-Tees,84815.0,Large,6,11,24,352.0
TS18 2PB,E63007405,54.570752,-1.285035,115,UN1,Stockton-on-Tees,84815.0,Large,0,1,12,942.0
TS18 3WB,E63007405,54.547627,-1.325446,12021,UN1,Stockton-on-Tees,84815.0,Large,0,0,11,1537.0
TS19 0QB,E63007405,54.572237,-1.339256,22593,UN1,Stockton-on-Tees,84815.0,Large,0,2,24,726.0
TS19 0UW,E63007405,54.573464,-1.350188,7915,UN1,Stockton-on-Tees,84815.0,Large,0,3,7,780.0
TS19 7PQ,E63007405,54.568021,-1.360884,12896,UN1,Stockton-on-Tees,84815.0,Large,0,1,5,1609.0
TS19 8PD,E63007405,54.583395,-1.351980,9581,UN1,Stockton-on-Tees,84815.0,Large,2,3,9,289.0
TS19 9BX,E63007405,54.588060,-1.342002,2850,UN1,Stockton-on-Tees,84815.0,Large,0,4,8,680.0
TS2 1RH,E63007408,54.586013,-1.252552,244,UN1,Middlesbrough,148215.0,Large,1,1,11,1618.0
TS2 1RP,E63007408,54.587402,-1.254817,244,UN1,Middlesbrough,148215.0,Large,1,1,10,1682.0
TS20 1DN,E63007405,54.587529,-1.309608,18887,UN1,Stockton-on-Tees,84815.0,Large,2,3,7,146.0
TS20 1RF,E63007405,54.589840,-1.324255,17379,UN1,Stockton-on-Tees,84815.0,Large,0,1,9,1007.0
TS20 2UZ,E63007405,54.588737,-1.308737,18887,UN1,Stockton-on-Tees,84815.0,Large,2,2,7,0.0
TS21 3AT,E63007356,54.653770,-1.448165,17675,RLN1,Sedgefield,4980.0,Minor,1,2,2,52.0
TS21 3LU,E63007405,54.592634,-1.353644,2850,UN1,Stockton-on-Tees,84815.0,Large,0,1,5,1154.0
TS21 4BU,E63007336,54.681875,-1.437113,12812,RLN1,Fishburn,2385.0,Minor,0,0,0,2403.0
TS22 5QQ,E63007364,54.635871,-1.352293,28884,RSN1,Wynyard,4040.0,Minor,0,0,0,4707.0
TS23 1AG,E63007381,54.595691,-1.292833,3320,UN1,Billingham,33920.0,Medium,0,0,14,1224.0
TS23 2DG,E63007381,54.611738,-1.292230,8700,UN1,Billingham,33920.0,Medium,5,8,9,0.0
TS23 2HZ,E63007381,54.610623,-1.284446,6385,UN1,Billingham,33920.0,Medium,1,8,10,229.0
TS23 2LA,E63007381,54.608303,-1.294813,4707,UN1,Billingham,33920.0,Medium,6,7,9,0.0
TS23 2ND,E63007381,54.607417,-1.292522,4707,UN1,Billingham,33920.0,Medium,6,8,10,177.0
TS23 3TA,E63007381,54.606925,-1.279170,1731,UN1,Billingham,33920.0,Medium,0,6,10,593.0
TS24 0NY,E63007337,54.696651,-1.183120,2890,UN1,Hartlepool,87995.0,Large,1,1,4,0.0
TS24 0XR,E63007337,54.690509,-1.209569,3148,UN1,Hartlepool,87995.0,Large,1,13,23,356.0
TS24 7PW,E63007337,54.682342,-1.214164,430,UN1,Hartlepool,87995.0,Large,10,14,18,0.0
TS24 7RW,E63007337,54.684469,-1.213688,430,UN1,Hartlepool,87995.0,Large,11,14,18,149.0
TS24 7RY,E63007337,54.684010,-1.213542,430,UN1,Hartlepool,87995.0,Large,11,13,18,190.0
TS24 9DN,E63007337,54.703980,-1.223445,3469,UN1,Hartlepool,87995.0,Large,3,5,9,0.0
TS24 9LA,E63007337,54.708992,-1.221658,571,UN1,Hartlepool,87995.0,Large,1,5,8,125.0
TS25 1QU,E63007337,54.672432,-1.210401,2395,UN1,Hartlepool,87995.0,Large,2,4,17,0.0
TS25 1UE,E63007337,54.673109,-1.206635,2395,UN1,Hartlepool,87995.0,Large,3,4,18,254.0
TS25 1UP,E63007337,54.677004,-1.210018,2395,UN1,Hartlepool,87995.0,Large,1,10,18,509.0
TS25 2AX,E63007337,54.655921,-1.194957,19739,UN1,Hartlepool,87995.0,Large,0,1,1,736.0
TS25 2FE,E63007337,54.647304,-1.232476,1451,UN1,Hartlepool,87995.0,Large,0,1,3,1529.0
TS25 2LS,E63007337,54.655192,-1.233613,6362,UN1,Hartlepool,87995.0,Large,0,3,3,691.0
TS25 3LB,E63007337,54.660738,-1.236687,194,UN1,Hartlepool,87995.0,Large,1,2,4,169.0
TS25 5SA,E63007337,54.674891,-1.219580,527,UN1,Hartlepool,87995.0,Large,0,7,18,650.0
TS26 0BF,E63007337,54.706944,-1.248918,26304,UN1,Hartlepool,87995.0,Large,0,0,7,1444.0
TS26 0TB,E63007337,54.696228,-1.238240,5232,UN1,Hartlepool,87995.0,Large,0,1,15,958.0
TS26 8DB,E63007337,54.685184,-1.217273,430,UN1,Hartlepool,87995.0,Large,10,13,20,0.0
TS26 8DD,E63007337,54.685659,-1.218396,3148,UN1,Hartlepool,87995.0,Large,9,13,21,51.0
TS26 9DH,E63007337,54.685039,-1.217090,430,UN1,Hartlepool,87995.0,Large,10,13,20,20.0
TS27 4EA,E63007300,54.748102,-1.290569,751,RLN1,Blackhall Colliery,4580.0,Minor,2,2,2,142.0
TS27 4EE,E63007300,54.747899,-1.289671,751,RLN1,Blackhall Colliery,4580.0,Minor,2,2,2,110.0
TS28 5PZ,E63007307,54.725581,-1.378952,3671,RSN1,Wingate,5035.0,Small,1,1,1,0.0
TS29 6DP,E63007316,54.718510,-1.415509,4275,RLN1,Trimdon Colliery,1790.0,Minor,0,0,0,2476.0
TS29 6PY,E63007327,54.699934,-1.428454,11250,RLN1,Trimdon,2840.0,Minor,0,0,0,4271.0
TS3 0NA,E63007408,54.549322,-1.190007,5788,UN1,Middlesbrough,148215.0,Large,0,1,6,1594.0
TS3 6AL,E63007408,54.571738,-1.216246,138,UN1,Middlesbrough,148215.0,Large,4,7,25,0.0
TS3 6NF,E63007408,54.571101,-1.213644,138,UN1,Middlesbrough,148215.0,Large,4,7,23,42.0
TS3 7RP,E63007408,54.560420,-1.204710,329,UN1,Middlesbrough,148215.0,Large,1,1,20,65.0
TS3 9NB,E63007408,54.565221,-1.183474,109,UN1,Middlesbrough,148215.0,Large,1,3,13,0.0
TS4 3BU,E63007408,54.553188,-1.220343,1659,UN1,Middlesbrough,148215.0,Large,3,4,15,0.0
TS5 4EQ,E63007408,54.563453,-1.257913,3285,UN1,Middlesbrough,148215.0,Large,0,1,24,1041.0
TS5 5HR,E63007408,54.552904,-1.262603,15874,UN1,Middlesbrough,148215.0,Large,0,3,14,678.0
TS5 6AE,E63007408,54.563033,-1.242348,1292,UN1,Middlesbrough,148215.0,Large,5,8,30,58.0
TS5 6HA,E63007408,54.563343,-1.241615,1292,UN1,Middlesbrough,148215.0,Large,5,8,32,0.0
TS5 6HX,E63007408,54.560549,-1.243167,4658,UN1,Middlesbrough,148215.0,Large,4,9,27,210.0
TS5 6QN,E63007408,54.557096,-1.234169,472,UN1,Middlesbrough,148215.0,Large,0,8,28,762.0
TS5 8HP,E63007408,54.531558,-1.252233,23575,UN1,Middlesbrough,148215.0,Large,0,2,4,977.0
TS5 8SB,E63007408,54.538198,-1.262142,22602,UN1,Middlesbrough,148215.0,Large,1,2,10,0.0
TS6 0NH,E63007409,54.557376,-1.156060,10566,UN1,Eston,29635.0,Medium,1,2,9,475.0
TS6 6AB,E63007409,54.582241,-1.176574,712,UN1,Eston,29635.0,Medium,1,1,8,1352.0
TS6 6DT,E63007408,54.571506,-1.182637,10029,UN1,Middlesbrough,148215.0,Large,1,5,11,701.0
TS6 6HW,E63007409,54.577855,-1.175239,712,UN1,Eston,29635.0,Medium,1,4,9,879.0
TS6 6UX,E63007408,54.571099,-1.180928,10029,UN1,Middlesbrough,148215.0,Large,1,7,10,674.0
TS6 7HX,E63007409,54.576137,-1.146515,62,UN1,Eston,29635.0,Medium,0,0,6,1461.0
TS6 8BL,E63007409,54.565263,-1.136503,3932,UN1,Eston,29635.0,Medium,0,1,5,1718.0
TS6 9JD,E63007409,54.560313,-1.141819,5056,UN1,Eston,29635.0,Medium,0,2,6,1079.0
TS6 9QH,E63007409,54.570161,-1.165897,712,UN1,Eston,29635.0,Medium,2,3,12,46.0
TS7 0JS,E63007408,54.528641,-1.168597,25342,UN1,Middlesbrough,148215.0,Large,0,1,2,2917.0
TS7 0NB,E63007408,54.522144,-1.174059,29410,UN1,Middlesbrough,148215.0,Large,0,1,2,2580.0
TS7 8DU,E63007408,54.531155,-1.198927,27031,UN1,Middlesbrough,148215.0,Large,0,0,5,1189.0
TS7 9PD,E63007408,54.550027,-1.181289,5788,UN1,Middlesbrough,148215.0,Large,0,1,7,1695.0
TS8 0TJ,E63007408,54.524385,-1.216349,23239,UN1,Middlesbrough,148215.0,Large,2,2,4,173.0
TS8 0TL,E63007408,54.524817,-1.213775,23239,UN1,Middlesbrough,148215.0,Large,2,2,4,0.0
TS8 9JH,E63007408,54.525346,-1.240387,376,UN1,Middlesbrough,148215.0,Large,0,0,4,1718.0
TS9 5AA,E63007454,54.469333,-1.193700,10107,RLN1,Stokesley,4905.0,Minor,2,2,2,181.0
TS9 5DQ,E63007454,54.470074,-1.192883,10107,RLN1,Stokesley,4905.0,Minor,2,2,2,134.0
TS9 6BW,E63007446,54.488464,-1.133568,27861,RLN1,Great Ayton,4345.0,Minor,1,1,1,156.0
TW1 2DX,E63012191,51.455238,-0.310462,28660,UN1,Richmond upon Thames,,,1,7,27,322.0
TW1 3AB,E63012191,51.448699,-0.324736,27626,UN1,Richmond upon Thames,,,4,9,21,99.0
TW1 3EH,E63012191,51.453554,-0.319074,29924,UN1,Richmond upon Thames,,,1,6,27,319.0
TW1 3RR,E63012191,51.447727,-0.328456,27626,UN1,Richmond upon Thames,,,7,10,19,90.0
TW1 3SD,E63012191,51.445840,-0.328611,27626,UN1,Richmond upon Thames,,,7,9,18,142.0
TW1 4AG,E63012191,51.445232,-0.330101,29211,UN1,Richmond upon Thames,,,5,10,23,25.0
TW10 6NQ,E63012191,51.455218,-0.296659,29573,UN1,Richmond upon Thames,,,1,8,14,448.0
TW10 7LF,E63012191,51.435952,-0.311908,22800,UN1,Richmond upon Thames,,,0,2,17,1389.0
TW10 7NR,E63012191,51.436383,-0.320583,8640,UN1,Richmond upon Thames,,,0,1,25,1077.0
TW11 0AB,E63012191,51.424756,-0.334501,30928,UN1,Richmond upon Thames,,,6,7,17,94.0
TW11 8HA,E63012191,51.427397,-0.331126,30928,UN1,Richmond upon Thames,,,4,7,21,315.0
TW11 8HD,E63012191,51.427452,-0.331224,30928,UN1,Richmond upon Thames,,,4,7,21,322.0
TW11 8QZ,E63012191,51.426214,-0.338390,20383,UN1,Richmond upon Thames,,,4,8,16,184.0
TW11 8UB,E63012191,51.431031,-0.345753,27315,UN1,Richmond upon Thames,,,1,8,24,666.0
TW11 9JD,E63012191,51.421248,-0.319282,27892,UN1,Richmond upon Thames,,,0,2,20,763.0
TW12 1JT,E63012191,51.432323,-0.351979,27730,UN1,Richmond upon Thames,,,2,5,24,564.0
TW12 1NL,E63012191,51.428400,-0.354982,25903,UN1,Richmond upon Thames,,,3,4,25,92.0
TW12 1PD,E63012191,51.425628,-0.356751,25903,UN1,Richmond upon Thames,,,2,5,20,253.0
TW12 2HZ,E63012191,51.416980,-0.370435,26433,UN1,Richmond upon Thames,,,2,3,9,221.0
TW12 2NT,E63012191,51.418944,-0.371358,30910,UN1,Richmond upon Thames,,,3,4,11,107.0
TW12 3YH,E63012191,51.426234,-0.378262,17419,UN1,Richmond upon Thames,,,0,4,14,796.0
TW13 4BH,E63012107,51.446293,-0.410938,15806,UN1,Hounslow,,,4,7,18,12.0
TW13 4BS,E63012107,51.445776,-0.410625,15806,UN1,Hounslow,,,4,7,18,72.0
TW13 4EX,E63012107,51.442892,-0.412782,10352,UN1,Hounslow,,,3,4,18,404.0
TW13 5DY,E63012107,51.445246,-0.398699,13547,UN1,Hounslow,,,0,9,15,598.0
TW13 6AJ,E63012107,51.440600,-0.387768,13493,UN1,Hounslow,,,2,4,18,0.0
TW13 6SA,E63012107,51.430790,-0.389768,7837,UN1,Hounslow,,,0,1,9,1100.0
TW14 0LT,E63012107,51.459297,-0.415021,11100,UN1,Hounslow,,,1,2,18,316.0
TW14 8BN,E63012107,51.453386,-0.428783,11490,UN1,Hounslow,,,3,6,15,193.0
TW14 8BT,E63012107,51.453528,-0.429987,11490,UN1,Hounslow,,,3,6,15,210.0
TW14 8ET,E63012107,51.448806,-0.434668,10334,UN1,Hounslow,,,2,6,13,262.0
TW15 1QD,E63012197,51.426413,-0.443259,25206,UN1,Ashford (Spelthorne),22825.0,Medium,0,3,13,666.0
TW15 1UU,E63012230,51.419396,-0.445094,15725,UN1,Ashford Common,8335.0,Small,0,1,12,1135.0
TW15 2BX,E63012197,51.428812,-0.455376,28200,UN1,Ashford (Spelthorne),22825.0,Medium,1,6,12,220.0
TW15 2PH,E63012197,51.432410,-0.461570,25064,UN1,Ashford (Spelthorne),22825.0,Medium,5,8,14,117.0
TW15 2TS,E63012197,51.432991,-0.461996,26476,UN1,Ashford (Spelthorne),22825.0,Medium,5,8,14,46.0
TW15 2UN,E63012197,51.434958,-0.465959,26476,UN1,Ashford (Spelthorne),22825.0,Medium,6,6,15,307.0
TW15 2UP,E63012197,51.435451,-0.466518,26476,UN1,Ashford (Spelthorne),22825.0,Medium,5,6,15,371.0
TW16 5HS,E63012253,51.407010,-0.406002,30917,UN1,Sunbury-on-Thames,21475.0,Medium,0,0,6,1108.0
TW16 6LG,E63012253,51.413855,-0.422057,24136,UN1,Sunbury-on-Thames,21475.0,Medium,1,4,6,246.0
TW16 7AZ,E63012253,51.419168,-0.421212,14069,UN1,Sunbury-on-Thames,21475.0,Medium,1,3,7,711.0
TW16 7BB,E63012253,51.418683,-0.421934,10013,UN1,Sunbury-on-Thames,21475.0,Medium,1,3,7,673.0
TW17 9AJ,E63012297,51.395520,-0.449109,26982,UN1,Shepperton,5915.0,Small,1,1,1,296.0
TW18 1AT,E63012219,51.428591,-0.495086,24457,UN1,Staines-upon-Thames,21325.0,Medium,1,3,7,420.0
TW18 1PJ,E63012219,51.424681,-0.482643,11885,UN1,Staines-upon-Thames,21325.0,Medium,0,2,12,916.0
TW18 2PG,E63012219,51.420781,-0.504490,28875,UN1,Staines-upon-Thames,21325.0,Medium,0,1,7,947.0
TW18 4PA,E63012219,51.435006,-0.506601,18041,UN1,Staines-upon-Thames,21325.0,Medium,1,2,7,766.0
TW18 4WB,E63012219,51.435714,-0.511311,18041,UN1,Staines-upon-Thames,21325.0,Medium,1,1,7,1027.0
TW19 5DB,E63012156,51.457001,-0.554621,25416,UN1,Old Windsor and Wraysbury,7690.0,Small,0,0,1,2937.0
TW19 7HT,E63012162,51.450625,-0.475724,11155,UN1,Stanwell,11720.0,Small,2,4,7,357.0
TW19 7PZ,E63012197,51.445596,-0.472812,7818,UN1,Ashford (Spelthorne),22825.0,Medium,1,5,12,122.0
TW19 7QU,E63012162,51.450701,-0.475362,11155,UN1,Stanwell,11720.0,Small,2,4,7,364.0
TW2 5AB,E63012191,51.444708,-0.341302,29942,UN1,Richmond upon Thames,,,1,8,23,109.0
TW2 5AT,E63012191,51.439555,-0.361085,29580,UN1,Richmond upon Thames,,,1,4,22,221.0
TW2 5SQ,E63012191,51.438941,-0.339827,29344,UN1,Richmond upon Thames,,,0,6,33,546.0
TW2 6HT,E63012191,51.449232,-0.357947,25517,UN1,Richmond upon Thames,,,2,5,20,543.0
TW2 6JL,E63012191,51.444960,-0.361741,25517,UN1,Richmond upon Thames,,,2,7,21,0.0
TW2 7LA,E63012191,51.452773,-0.357791,27502,UN1,Richmond upon Thames,,,2,6,21,911.0
TW2 7LN,E63012191,51.450602,-0.358171,27502,UN1,Richmond upon Thames,,,2,5,18,674.0
TW20 0DF,E63012222,51.429016,-0.572896,21768,UN1,Egham,28000.0,Medium,1,1,4,77.0
TW20 8AS,E63012222,51.427206,-0.528331,17863,UN1,Egham,28000.0,Medium,1,1,8,303.0
TW20 9EX,E63012222,51.432149,-0.546860,25144,UN1,Egham,28000.0,Medium,2,2,6,137.0
TW20 9HN,E63012222,51.432111,-0.545926,25144,UN1,Egham,28000.0,Medium,2,2,6,105.0
TW3 1BL,E63012107,51.468828,-0.361304,14649,UN1,Hounslow,,,5,15,29,227.0
TW3 1JH,E63012107,51.470521,-0.367247,16786,UN1,Hounslow,,,8,14,31,143.0
TW3 1NL,E63012107,51.470856,-0.361663,14649,UN1,Hounslow,,,7,13,29,0.0
TW3 1NP,E63012107,51.471011,-0.355394,13415,UN1,Hounslow,,,6,12,28,92.0
TW3 1QA,E63012107,51.472420,-0.356438,13415,UN1,Hounslow,,,5,12,27,130.0
TW3 1RH,E63012107,51.470467,-0.354420,13415,UN1,Hounslow,,,3,12,29,178.0
TW3 2EW,E63012107,51.460083,-0.362927,26151,UN1,Hounslow,,,1,5,26,258.0
TW3 2QH,E63012107,51.463496,-0.355592,21413,UN1,Hounslow,,,1,9,28,383.0
TW3 3BT,E63012107,51.469123,-0.372783,8869,UN1,Hounslow,,,5,10,30,120.0
TW3 3LH,E63012107,51.466770,-0.370419,14256,UN1,Hounslow,,,4,12,32,189.0
TW3 3LX,E63012107,51.465204,-0.377428,8074,UN1,Hounslow,,,1,7,28,468.0
TW4 5NP,E63012191,51.450458,-0.378872,10173,UN1,Richmond upon Thames,,,0,0,20,1067.0
TW4 7DN,E63012107,51.472793,-0.386547,17440,UN1,Hounslow,,,1,8,23,612.0
TW4 7HT,E63012107,51.473606,-0.389413,17440,UN1,Hounslow,,,4,8,23,493.0
TW4 7NR,E63012107,51.472989,-0.400853,4946,UN1,Hounslow,,,0,5,15,503.0
TW5 0AB,E63012107,51.477255,-0.384042,8903,UN1,Hounslow,,,0,6,26,626.0
TW5 0DR,E63012107,51.482770,-0.380938,15394,UN1,Hounslow,,,1,4,28,166.0
TW5 0HA,E63012107,51.488846,-0.374285,15569,UN1,Hounslow,,,2,5,23,284.0
TW5 0QU,E63012107,51.484116,-0.372321,16819,UN1,Hounslow,,,0,5,30,696.0
TW5 9AX,E63012107,51.475597,-0.394915,14005,UN1,Hounslow,,,2,7,20,239.0
TW5 9TY,E63012107,51.479597,-0.411970,15419,UN1,Hounslow,,,1,1,10,256.0
TW6 1QG,E63012034,51.471907,-0.458327,12349,UN1,Hillingdon,,,0,0,1,2152.0
TW6 2RQ,E63012034,51.480552,-0.442223,11245,UN1,Hillingdon,,,0,1,4,1213.0
TW7 4BX,E63012107,51.474982,-0.337856,14763,UN1,Hounslow,,,2,6,21,528.0
TW7 4EP,E63012107,51.474380,-0.344301,14763,UN1,Hounslow,,,3,9,25,78.0
TW7 4QG,E63012107,51.482916,-0.347578,17764,UN1,Hounslow,,,0,3,19,955.0
TW7 5NZ,E63012107,51.485896,-0.330114,22847,UN1,Hounslow,,,0,0,16,1394.0
TW7 6NW,E63012107,51.473164,-0.337116,22060,UN1,Hounslow,,,1,7,22,592.0
TW7 7AA,E63012107,51.468670,-0.327806,13586,UN1,Hounslow,,,2,7,20,115.0
TW7 7DE,E63012107,51.468288,-0.324983,13586,UN1,Hounslow,,,3,6,20,265.0
TW7 7DT,E63012107,51.463055,-0.331336,18118,UN1,Hounslow,,,0,6,29,559.0
TW7 7JY,E63012107,51.459050,-0.337413,9767,UN1,Hounslow,,,0,2,36,997.0
TW8 0JG,E63012107,51.483738,-0.306284,10592,UN1,Hounslow,,,4,4,16,425.0
TW8 0JW,E63012107,51.485788,-0.300663,11177,UN1,Hounslow,,,1,4,15,658.0
TW8 8AH,E63012107,51.483449,-0.308009,11286,UN1,Hounslow,,,3,4,15,394.0
TW8 8EW,E63012107,51.482797,-0.308969,11286,UN1,Hounslow,,,3,4,16,447.0
TW9 1HF,E63012191,51.460552,-0.305401,28654,UN1,Richmond upon Thames,,,3,9,21,283.0
TW9 1UF,E63012191,51.461946,-0.296740,30274,UN1,Richmond upon Thames,,,4,9,17,270.0
TW9 1UR,E63012191,51.462394,-0.294751,30274,UN1,Richmond upon Thames,,,4,9,21,128.0
TW9 1YB,E63012191,51.463437,-0.288580,15504,UN1,Richmond upon Thames,,,3,6,18,322.0
TW9 2LN,E63012191,51.466603,-0.292320,28154,UN1,Richmond upon Thames,,,3,6,18,472.0
TW9 3PS,E63012191,51.477440,-0.286213,28640,UN1,Richmond upon Thames,,,1,2,21,276.0
TW9 4AD,E63012191,51.478312,-0.278864,18671,UN1,Richmond upon Thames,,,1,4,17,400.0
UB1 1JY,E63012033,51.511243,-0.377940,6178,UN1,Ealing,,,10,18,41,114.0
UB1 1LW,E63012033,51.511647,-0.381788,6178,UN1,Ealing,,,10,16,40,92.0
UB1 1ND,E63012033,51.512626,-0.387576,10824,UN1,Ealing,,,4,11,44,100.0
UB1 1RQ,E63012033,51.509246,-0.377204,6178,UN1,Ealing,,,9,18,40,277.0
UB1 1RR,E63012033,51.509858,-0.376621,6178,UN1,Ealing,,,9,17,40,257.0
UB1 2HB,E63012033,51.524157,-0.364378,16678,UN1,Ealing,,,3,15,39,340.0
UB1 2JW,E63012033,51.514112,-0.372794,8943,UN1,Ealing,,,6,18,45,228.0
UB1 2LF,E63012033,51.516844,-0.371371,9045,UN1,Ealing,,,5,20,45,273.0
UB1 2NH,E63012033,51.524040,-0.374083,12398,UN1,Ealing,,,3,12,42,273.0
UB1 2PT,E63012033,51.518961,-0.375518,11800,UN1,Ealing,,,4,19,41,0.0
UB1 3HA,E63012033,51.511224,-0.373964,7934,UN1,Ealing,,,8,18,41,255.0
UB10 0LG,E63012034,51.533221,-0.453229,11647,UN1,Hillingdon,,,0,4,14,839.0
UB10 0LU,E63012034,51.529718,-0.446010,14192,UN1,Hillingdon,,,0,5,16,574.0
UB10 8DF,E63012034,51.564459,-0.444940,28811,UN1,Hillingdon,,,1,2,13,558.0
UB10 8DQ,E63012034,51.565429,-0.447605,28811,UN1,Hillingdon,,,2,2,13,345.0
UB10 9DA,E63012034,51.544753,-0.439959,14666,UN1,Hillingdon,,,0,5,8,797.0
UB10 9HP,E63012034,51.541110,-0.449328,15086,UN1,Hillingdon,,,1,4,16,211.0
UB10 9PG,E63012034,51.551280,-0.448635,25275,UN1,Hillingdon,,,1,3,9,57.0
UB2 4DG,E63012033,51.501304,-0.382328,4369,UN1,Ealing,,,8,10,34,204.0
UB2 4DQ,E63012033,51.500527,-0.382715,10823,UN1,Ealing,,,8,9,35,174.0
UB2 4EA,E63012033,51.499322,-0.380741,10823,UN1,Ealing,,,8,9,33,88.0
UB2 4XQ,E63012033,51.502165,-0.363984,5657,UN1,Ealing,,,1,3,35,0.0
UB2 5AB,E63012033,51.502212,-0.384241,7890,UN1,Ealing,,,8,11,35,77.0
UB2 5HE,E63012033,51.500364,-0.386525,7890,UN1,Ealing,,,7,9,31,107.0
UB2 5LN,E63012107,51.498369,-0.404345,7357,UN1,Hounslow,,,0,1,24,654.0
UB2 5RB,E63012107,51.491032,-0.373026,15569,UN1,Hounslow,,,2,4,20,35.0
UB3 1LS,E63012034,51.497864,-0.430194,12914,UN1,Hillingdon,,,1,5,18,476.0
UB3 2NU,E63012034,51.517574,-0.428162,8171,UN1,Hillingdon,,,0,4,26,560.0
UB3 3EA,E63012034,51.507831,-0.417128,6678,UN1,Hillingdon,,,6,10,23,170.0
UB3 3EW,E63012034,51.507258,-0.417335,6678,UN1,Hillingdon,,,6,9,24,150.0
UB3 3EX,E63012034,51.516451,-0.405558,5524,UN1,Hillingdon,,,4,8,30,0.0
UB3 3HF,E63012034,51.510944,-0.413216,7561,UN1,Hillingdon,,,3,11,25,107.0
UB3 4DA,E63012034,51.506645,-0.419215,10781,UN1,Hillingdon,,,5,9,24,88.0
UB3 4DD,E63012034,51.505918,-0.419284,10781,UN1,Hillingdon,,,5,10,24,41.0
UB3 4JA,E63012034,51.500962,-0.423878,17959,UN1,Hillingdon,,,1,10,19,64.0
UB3 5DS,E63012034,51.487476,-0.436183,15919,UN1,Hillingdon,,,1,3,11,340.0
UB4 0RS,E63012034,51.520990,-0.416052,9958,UN1,Hillingdon,,,3,10,26,499.0
UB4 0RU,E63012034,51.520541,-0.414712,9958,UN1,Hillingdon,,,3,10,27,398.0
UB4 0SA,E63012034,51.518983,-0.410572,9958,UN1,Hillingdon,,,6,9,29,152.0
UB4 8BZ,E63012034,51.532239,-0.419987,18115,UN1,Hillingdon,,,1,3,19,456.0
UB4 8JF,E63012034,51.525455,-0.433787,20224,UN1,Hillingdon,,,1,5,18,452.0
UB4 8SE,E63012034,51.526583,-0.418669,16368,UN1,Hillingdon,,,1,7,23,170.0
UB4 9AX,E63012034,51.528315,-0.398569,8115,UN1,Hillingdon,,,1,5,26,104.0
UB4 9SQ,E63012034,51.524857,-0.385068,9149,UN1,Hillingdon,,,1,7,40,124.0
UB5 4AP,E63012033,51.551647,-0.368989,5532,UN1,Ealing,,,1,8,26,433.0
UB5 4RR,E63012033,51.551788,-0.350117,17106,UN1,Ealing,,,1,6,32,266.0
UB5 5AB,E63012033,51.544769,-0.373590,12015,UN1,Ealing,,,2,5,23,93.0
UB5 5AU,E63012033,51.537452,-0.389410,6406,UN1,Ealing,,,1,3,18,675.0
UB5 5QS,E63012033,51.545059,-0.360196,11458,UN1,Ealing,,,0,7,26,648.0
UB5 6LN,E63012033,51.535431,-0.394210,7636,UN1,Ealing,,,3,5,18,278.0
UB5 6WL,E63012033,51.531515,-0.376239,4021,UN1,Ealing,,,1,5,32,0.0
UB6 0AL,E63012033,51.543421,-0.348530,15184,UN1,Ealing,,,1,6,26,666.0
UB6 0HL,E63012033,51.551209,-0.339017,23210,UN1,Ealing,,,1,4,31,218.0
UB6 0LZ,E63012033,51.551824,-0.319060,22868,UN1,Ealing,,,2,6,33,87.0
UB6 0UW,E63012033,51.541902,-0.340278,17834,UN1,Ealing,,,1,5,27,598.0
UB6 7HQ,E63012033,51.540537,-0.318308,18564,UN1,Ealing,,,1,4,31,0.0
UB6 7JD,E63012033,51.536387,-0.314870,15517,UN1,Ealing,,,2,5,26,519.0
UB6 7JJ,E63012033,51.535944,-0.317179,15517,UN1,Ealing,,,2,5,27,517.0
UB6 8DW,E63012033,51.533791,-0.320070,15517,UN1,Ealing,,,2,8,28,760.0
UB6 8HR,E63012033,51.534584,-0.332773,14879,UN1,Ealing,,,1,4,25,98.0
UB6 8PU,E63012033,51.541981,-0.345856,15184,UN1,Ealing,,,3,3,28,476.0
UB6 8SQ,E63012033,51.528232,-0.351631,12265,UN1,Ealing,,,4,10,32,248.0
UB6 9AT,E63012033,51.518658,-0.354399,2523,UN1,Ealing,,,0,4,42,839.0
UB6 9PN,E63012033,51.528037,-0.355098,12265,UN1,Ealing,,,5,9,34,376.0
UB6 9PT,E63012033,51.528188,-0.353680,12265,UN1,Ealing,,,5,9,33,309.0
UB6 9QA,E63012033,51.528699,-0.354829,12265,UN1,Ealing,,,5,9,33,325.0
UB6 9RA,E63012033,51.530596,-0.363181,18071,UN1,Ealing,,,1,11,36,100.0
UB7 7BY,E63012034,51.509073,-0.474192,13991,UN1,Hillingdon,,,4,7,10,337.0
UB7 7DP,E63012034,51.511901,-0.472426,9125,UN1,Hillingdon,,,4,7,14,0.0
UB7 7DS,E63012034,51.512626,-0.472200,9125,UN1,Hillingdon,,,5,7,14,82.0
UB7 7FP,E63012034,51.515588,-0.477318,9125,UN1,Hillingdon,,,1,5,15,503.0
UB7 7JZ,E63012034,51.505946,-0.475003,16512,UN1,Hillingdon,,,2,6,10,184.0
UB7 7TU,E63012034,51.497971,-0.472345,5774,UN1,Hillingdon,,,0,2,11,762.0
UB7 9AE,E63012034,51.504572,-0.457974,8626,UN1,Hillingdon,,,0,1,12,621.0
UB8 1GA,E63012034,51.545587,-0.476691,12892,UN1,Hillingdon,,,6,7,13,98.0
UB8 1JZ,E63012034,51.546247,-0.478991,12892,UN1,Hillingdon,,,6,7,12,226.0
UB8 1LQ,E63012034,51.544787,-0.476733,13111,UN1,Hillingdon,,,6,7,13,146.0
UB8 2EP,E63012034,51.526826,-0.482003,24260,UN1,Hillingdon,,,0,3,14,509.0
UB8 2LX,E63012034,51.539552,-0.481421,16868,UN1,Hillingdon,,,0,9,11,526.0
UB8 3JD,E63012034,51.521766,-0.445819,9745,UN1,Hillingdon,,,0,4,11,608.0
UB8 3PH,E63012034,51.532840,-0.472836,26080,UN1,Hillingdon,,,1,4,18,0.0
UB9 5ET,E63012034,51.579765,-0.499637,17434,UN1,Hillingdon,,,0,1,1,563.0
UB9 6BU,E63012034,51.603537,-0.482522,16990,UN1,Hillingdon,,,1,2,2,602.0
UB9 6NF,E63012034,51.603839,-0.480894,16990,UN1,Hillingdon,,,1,2,2,535.0
W10 4RE,E63012036,51.525821,-0.205684,7034,UN1,City of Westminster,,,10,28,71,0.0
W10 5AA,E63012062,51.524208,-0.214282,3154,UN1,Kensington and Chelsea,,,5,20,61,261.0
W10 5NE,E63012062,51.517376,-0.209764,5299,UN1,Kensington and Chelsea,,,6,25,72,300.0
W10 5NP,E63012062,51.522016,-0.207953,2975,UN1,Kensington and Chelsea,,,8,29,67,231.0
W10 5PF,E63012062,51.523754,-0.206962,1012,UN1,Kensington and Chelsea,,,12,28,72,27.0
W10 5PS,E63012062,51.521771,-0.208986,2975,UN1,Kensington and Chelsea,,,9,28,68,288.0
W10 6DZ,E63012062,51.522364,-0.217194,6647,UN1,Kensington and Chelsea,,,3,18,63,0.0
W10 6HJ,E63012062,51.517393,-0.210239,5299,UN1,Kensington and Chelsea,,,6,25,73,328.0
W10 6QL,E63012087,51.519823,-0.227570,11438,UN1,Hammersmith and Fulham,,,0,7,62,508.0
W10 6TJ,E63012062,51.515808,-0.217162,3215,UN1,Kensington and Chelsea,,,3,18,73,430.0
W11 1LA,E63012062,51.516461,-0.205188,15083,UN1,Kensington and Chelsea,,,7,21,71,99.0
W11 2JA,E63012062,51.514901,-0.204918,15083,UN1,Kensington and Chelsea,,,7,21,69,137.0
W11 2SE,E63012062,51.514227,-0.200246,19099,UN1,Kensington and Chelsea,,,6,25,73,0.0
W11 3HL,E63012062,51.509654,-0.196982,13100,UN1,Kensington and Chelsea,,,3,18,77,371.0
W11 3JS,E63012062,51.508828,-0.196510,22084,UN1,Kensington and Chelsea,,,3,16,71,464.0
W11 3QA,E63012062,51.509145,-0.197809,22472,UN1,Kensington and Chelsea,,,3,16,78,431.0
W11 4SX,E63012087,51.507776,-0.215934,3478,UN1,Hammersmith and Fulham,,,5,14,74,87.0
W11 4UA,E63012062,51.506822,-0.207613,22944,UN1,Kensington and Chelsea,,,1,15,85,66.0
W12 0NS,E63012087,51.506634,-0.239092,9370,UN1,Hammersmith and Fulham,,,6,18,58,253.0
W12 0PT,E63012087,51.514207,-0.247606,6449,UN1,Hammersmith and Fulham,,,3,11,46,0.0
W12 7DA,E63012087,51.511547,-0.234565,3771,UN1,Hammersmith and Fulham,,,3,18,53,89.0
W12 7FG,E63012087,51.510846,-0.235197,4877,UN1,Hammersmith and Fulham,,,6,18,52,0.0
W12 7HT,E63012087,51.510103,-0.221694,6650,UN1,Hammersmith and Fulham,,,2,20,71,432.0
W12 7JD,E63012087,51.505882,-0.227377,7925,UN1,Hammersmith and Fulham,,,8,24,65,402.0
W12 7LL,E63012087,51.506639,-0.234063,11283,UN1,Hammersmith and Fulham,,,10,22,54,0.0
W12 7PA,E63012087,51.510232,-0.230796,12811,UN1,Hammersmith and Fulham,,,7,19,60,312.0
W12 8HA,E63012087,51.502337,-0.227875,5966,UN1,Hammersmith and Fulham,,,6,25,59,230.0
W12 8HD,E63012087,51.502062,-0.229326,5966,UN1,Hammersmith and Fulham,,,6,25,59,264.0
W12 8LR,E63012087,51.504822,-0.220948,6650,UN1,Hammersmith and Fulham,,,6,21,70,182.0
W12 8NP,E63012033,51.513922,-0.321609,17745,UN1,Ealing,,,5,15,36,161.0
W12 8NR,E63012087,51.506013,-0.231306,11283,UN1,Hammersmith and Fulham,,,9,25,58,139.0
W12 8PP,E63012087,51.503863,-0.218810,4267,UN1,Hammersmith and Fulham,,,6,20,70,0.0
W12 8QQ,E63012087,51.502869,-0.223805,6650,UN1,Hammersmith and Fulham,,,9,23,64,330.0
W12 9BA,E63012087,51.500297,-0.239279,7701,UN1,Hammersmith and Fulham,,,3,16,63,272.0
W12 9BL,E63012087,51.502768,-0.243348,7131,UN1,Hammersmith and Fulham,,,3,14,66,124.0
W12 9RA,E63012087,51.506296,-0.238197,7131,UN1,Hammersmith and Fulham,,,7,18,56,185.0
W13 0SR,E63012033,51.510976,-0.320017,3848,UN1,Ealing,,,9,18,38,264.0
W13 0SY,E63012033,51.510165,-0.324932,3848,UN1,Ealing,,,5,20,38,190.0
W13 8AG,E63012033,51.513853,-0.319291,12874,UN1,Ealing,,,4,14,35,0.0
W13 8JP,E63012033,51.514130,-0.319814,12874,UN1,Ealing,,,5,13,36,48.0
W13 9BE,E63012033,51.509418,-0.327395,13509,UN1,Ealing,,,5,20,33,0.0
W13 9BP,E63012033,51.509809,-0.324570,13509,UN1,Ealing,,,4,19,38,200.0
W13 9LL,E63012033,51.509592,-0.316912,5956,UN1,Ealing,,,3,15,36,0.0
W13 9RL,E63012033,51.504634,-0.319227,24713,UN1,Ealing,,,2,13,33,50.0
W14 0HP,E63012087,51.497708,-0.217897,20771,UN1,Hammersmith and Fulham,,,5,20,72,250.0
W14 8PB,E63012062,51.492809,-0.201003,10748,UN1,Kensington and Chelsea,,,1,21,74,453.0
W14 8XJ,E63012087,51.495828,-0.208477,19847,UN1,Hammersmith and Fulham,,,1,11,69,168.0
W14 9EX,E63012087,51.489756,-0.206554,14365,UN1,Hammersmith and Fulham,,,2,16,70,278.0
W14 9PR,E63012087,51.487802,-0.204053,6011,UN1,Hammersmith and Fulham,,,5,19,67,0.0
W1A 1AB,E63012036,51.514587,-0.152814,24181,UN1,City of Westminster,,,8,35,91,218.0
W1B 3AS,E63012036,51.516741,-0.142277,15472,UN1,City of Westminster,,,10,39,100,267.0
W1B 5RA,E63012036,51.510487,-0.134677,16446,UN1,City of Westminster,,,5,23,106,190.0
W1C 1NB,E63012036,51.514045,-0.157232,22741,UN1,City of Westminster,,,6,32,89,485.0
W1C 2JL,E63012036,51.514291,-0.148315,16446,UN1,City of Westminster,,,8,34,100,152.0
W1D 1LL,E63012036,51.516217,-0.135308,11768,UN1,City of Westminster,,,8,33,103,302.0
W1D 2JY,E63012036,51.515339,-0.138933,16446,UN1,City of Westminster,,,8,37,103,496.0
W1D 3HZ,E63012036,51.514525,-0.131889,11768,UN1,City of Westminster,,,8,31,103,0.0
W1G 7HN,E63012036,51.520246,-0.147280,27672,UN1,City of Westminster,,,16,41,104,294.0
W1G 8AQ,E63012036,51.520269,-0.148735,27672,UN1,City of Westminster,,,16,38,106,311.0
W1G 8UF,E63012036,51.518682,-0.150155,24181,UN1,City of Westminster,,,17,36,99,322.0
W1G 9SP,E63012036,51.517157,-0.147535,27672,UN1,City of Westminster,,,13,35,101,110.0
W1G 9TY,E63012036,51.518923,-0.150606,24181,UN1,City of Westminster,,,16,36,97,362.0
W1H 2HU,E63012036,51.519509,-0.160456,14144,UN1,City of Westminster,,,12,42,87,55.0
W1H 4JH,E63012036,51.519183,-0.163712,16131,UN1,City of Westminster,,,9,37,94,175.0
W1J 7QB,E63012036,51.506398,-0.146171,26464,UN1,City of Westminster,,,4,10,100,840.0
W1J 7QD,E63012036,51.506452,-0.146183,26464,UN1,City of Westminster,,,4,10,100,834.0
W1J 8HS,E63012036,51.507358,-0.142039,26464,UN1,City of Westminster,,,4,12,104,806.0
W1K 2PL,E63012036,51.509784,-0.151596,23921,UN1,City of Westminster,,,1,18,98,429.0
W1S 2FQ,E63012036,51.512505,-0.143415,16446,UN1,City of Westminster,,,4,31,102,480.0
W1T 1BE,E63011985,51.517532,-0.131536,19686,UN1,Camden,,,8,35,106,312.0
W1T 5AP,E63011985,51.523782,-0.137738,18104,UN1,Camden,,,10,32,105,137.0
W1T 5AZ,E63011985,51.524299,-0.138019,18104,UN1,Camden,,,9,31,107,103.0
W1T 7PP,E63011985,51.520226,-0.133530,19686,UN1,Camden,,,5,36,108,165.0
W1U 1PL,E63012036,51.516484,-0.147073,27672,UN1,City of Westminster,,,13,32,101,126.0
W1U 2AU,E63012036,51.516410,-0.149223,24181,UN1,City of Westminster,,,13,36,98,249.0
W1U 3BL,E63012036,51.517611,-0.155257,24181,UN1,City of Westminster,,,12,42,87,453.0
W1U 4HX,E63012036,51.520570,-0.153019,22125,UN1,City of Westminster,,,14,36,99,273.0
W1U 4PB,E63012036,51.519494,-0.151462,22125,UN1,City of Westminster,,,16,37,97,372.0
W1U 6AA,E63012036,51.519945,-0.156129,23263,UN1,City of Westminster,,,13,39,92,358.0
W1U 6TJ,E63012036,51.520554,-0.156536,23263,UN1,City of Westminster,,,13,40,93,350.0
W1U 7BR,E63012036,51.518949,-0.155722,24181,UN1,City of Westminster,,,10,40,91,381.0
W1W 5BQ,E63012036,51.522390,-0.143546,18090,UN1,City of Westminster,,,11,38,107,80.0
W1W 5PH,E63012036,51.521764,-0.143759,18090,UN1,City of Westminster,,,10,38,109,11.0
W1W 7LS,E63012036,51.518351,-0.142298,15472,UN1,City of Westminster,,,12,40,108,276.0
W1W 7QN,E63012036,51.518645,-0.140427,15472,UN1,City of Westminster,,,9,39,109,406.0
W2 1BA,E63012036,51.515522,-0.176370,19698,UN1,City of Westminster,,,3,26,87,253.0
W2 1ED,E63012036,51.522394,-0.172996,6478,UN1,City of Westminster,,,11,26,85,162.0
W2 1ES,E63012036,51.518932,-0.168998,8369,UN1,City of Westminster,,,14,33,84,88.0
W2 1HP,E63012036,51.521295,-0.172319,3687,UN1,City of Westminster,,,12,28,88,74.0
W2 1NT,E63012036,51.517240,-0.172367,8369,UN1,City of Westminster,,,10,27,88,87.0
W2 1TH,E63012036,51.524232,-0.176699,23871,UN1,City of Westminster,,,10,25,89,52.0
W2 2AW,E63012036,51.514861,-0.166279,11469,UN1,City of Westminster,,,8,27,82,172.0
W2 2DS,E63012036,51.517729,-0.166221,18296,UN1,City of Westminster,,,13,32,89,260.0
W2 2HR,E63012036,51.517313,-0.166641,13307,UN1,City of Westminster,,,13,30,89,286.0
W2 2HU,E63012036,51.517313,-0.166641,13307,UN1,City of Westminster,,,13,30,89,286.0
W2 2HZ,E63012036,51.515462,-0.163848,11469,UN1,City of Westminster,,,9,32,86,168.0
W2 2JE,E63012036,51.514460,-0.162461,23309,UN1,City of Westminster,,,7,30,80,134.0
W2 3BX,E63012036,51.513477,-0.179032,26491,UN1,City of Westminster,,,3,16,83,354.0
W2 4UA,E63012036,51.515484,-0.189574,19200,UN1,City of Westminster,,,5,19,82,184.0
W2 5DP,E63012036,51.516567,-0.188075,18062,UN1,City of Westminster,,,6,17,85,222.0
W2 5ES,E63012036,51.520874,-0.191551,3326,UN1,City of Westminster,,,4,22,95,0.0
W2 6LS,E63012036,51.514446,-0.187612,19200,UN1,City of Westminster,,,6,17,83,182.0
W2 6LY,E63012036,51.515216,-0.187927,19200,UN1,City of Westminster,,,6,18,84,171.0
W3 0BU,E63012033,51.519019,-0.265813,4857,UN1,Ealing,,,1,5,33,260.0
W3 0DS,E63012033,51.517762,-0.280649,12321,UN1,Ealing,,,1,6,29,465.0
W3 0RA,E63012033,51.523397,-0.274887,13338,UN1,Ealing,,,1,8,26,684.0
W3 0TJ,E63012033,51.523617,-0.277646,13338,UN1,Ealing,,,1,7,26,787.0
W3 6LE,E63012033,51.506844,-0.267097,6778,UN1,Ealing,,,9,17,44,217.0
W3 6LP,E63012033,51.506942,-0.270725,9030,UN1,Ealing,,,11,17,43,89.0
W3 6LY,E63012033,51.506573,-0.268851,11088,UN1,Ealing,,,11,17,44,100.0
W3 6PG,E63012033,51.514192,-0.268994,12563,UN1,Ealing,,,1,14,34,58.0
W3 6RE,E63012033,51.507603,-0.269835,6344,UN1,Ealing,,,11,17,42,156.0
W3 7DA,E63012087,51.514612,-0.248859,6449,UN1,Hammersmith and Fulham,,,3,7,44,98.0
W3 7DD,E63012033,51.514651,-0.249650,13977,UN1,Ealing,,,3,7,44,150.0
W3 7RQ,E63012033,51.506434,-0.254000,16099,UN1,Ealing,,,1,12,58,153.0
W3 8HR,E63012107,51.502350,-0.281345,23626,UN1,Hounslow,,,0,11,37,573.0
W3 8PU,E63012033,51.506756,-0.270890,2863,UN1,Ealing,,,11,17,43,78.0
W3 8SA,E63012033,51.507392,-0.273777,9030,UN1,Ealing,,,10,17,40,0.0
W4 1LS,E63012107,51.495487,-0.255023,22030,UN1,Hounslow,,,5,12,48,398.0
W4 1NP,E63012107,51.492614,-0.260823,22713,UN1,Hounslow,,,8,10,38,38.0
W4 1PD,E63012107,51.492800,-0.258180,18443,UN1,Hounslow,,,8,11,39,145.0
W4 1PR,E63012107,51.492924,-0.254444,20610,UN1,Hounslow,,,6,12,41,238.0
W4 1TH,E63012107,51.493591,-0.245472,23534,UN1,Hounslow,,,1,8,48,416.0
W4 3RS,E63012107,51.481860,-0.270003,23903,UN1,Hounslow,,,2,3,25,351.0
W4 5DG,E63012033,51.501811,-0.265487,23089,UN1,Ealing,,,1,19,44,0.0
W4 5TA,E63012107,51.492629,-0.262436,22713,UN1,Hounslow,,,8,10,38,145.0
W4 5TT,E63012107,51.492975,-0.268171,22713,UN1,Hounslow,,,2,13,35,527.0
W4 5UT,E63012107,51.492955,-0.265607,22713,UN1,Hounslow,,,6,12,38,364.0
W5 1ET,E63012033,51.529500,-0.293182,11526,UN1,Ealing,,,0,2,28,643.0
W5 1QP,E63012033,51.526492,-0.312742,28190,UN1,Ealing,,,2,6,33,188.0
W5 1RH,E63012033,51.525728,-0.314673,28190,UN1,Ealing,,,2,6,34,157.0
W5 2NX,E63012033,51.515590,-0.301946,12984,UN1,Ealing,,,2,3,28,414.0
W5 3HU,E63012033,51.516857,-0.290686,25179,UN1,Ealing,,,1,5,35,392.0
W5 4QJ,E63012033,51.499658,-0.306472,14321,UN1,Ealing,,,3,6,31,261.0
W5 4RH,E63012033,51.497421,-0.305345,14321,UN1,Ealing,,,3,6,24,0.0
W5 4RJ,E63012033,51.497131,-0.305860,14321,UN1,Ealing,,,3,6,24,48.0
W5 4UA,E63012033,51.498220,-0.313427,22524,UN1,Ealing,,,1,7,33,0.0
W5 5JY,E63012033,51.512523,-0.303141,11345,UN1,Ealing,,,2,4,35,314.0
W6 7HY,E63012087,51.500438,-0.226551,12744,UN1,Hammersmith and Fulham,,,5,23,54,0.0
W6 7NL,E63012087,51.495619,-0.224246,19649,UN1,Hammersmith and Fulham,,,7,19,59,0.0
W6 7PD,E63012087,51.499090,-0.222511,7267,UN1,Hammersmith and Fulham,,,8,21,58,317.0
W6 8JA,E63012087,51.488551,-0.222518,22811,UN1,Hammersmith and Fulham,,,4,12,48,246.0
W6 8RL,E63012087,51.490074,-0.215012,14425,UN1,Hammersmith and Fulham,,,1,18,64,478.0
W6 9HW,E63012087,51.492454,-0.227884,3413,UN1,Hammersmith and Fulham,,,5,15,54,77.0
W6 9PA,E63012087,51.484805,-0.220388,22811,UN1,Hammersmith and Fulham,,,3,11,43,251.0
W6 9YD,E63012087,51.492305,-0.224533,12598,UN1,Hammersmith and Fulham,,,7,16,55,224.0
W7 1DR,E63012033,51.510264,-0.334353,10397,UN1,Ealing,,,5,13,32,0.0
W7 1JH,E63012033,51.522430,-0.340021,11937,UN1,Ealing,,,3,4,41,79.0
W7 1LJ,E63012033,51.514925,-0.337137,21401,UN1,Ealing,,,0,11,39,553.0
W7 2JD,E63012033,51.503314,-0.327546,27464,UN1,Ealing,,,1,12,32,100.0
W7 3DA,E63012033,51.522682,-0.340675,18191,UN1,Ealing,,,3,5,42,110.0
W7 3SS,E63012033,51.509143,-0.337780,10397,UN1,Ealing,,,3,12,33,268.0
W7 3ST,E63012033,51.508924,-0.336304,10397,UN1,Ealing,,,3,12,32,201.0
W8 5SF,E63012062,51.500713,-0.192724,26867,UN1,Kensington and Chelsea,,,4,15,63,140.0
W8 6BD,E63012062,51.499424,-0.196637,24015,UN1,Kensington and Chelsea,,,5,16,67,270.0
W8 6QD,E63012062,51.496571,-0.192960,24398,UN1,Kensington and Chelsea,,,8,20,61,293.0
W9 1JU,E63012036,51.530217,-0.184520,14236,UN1,City of Westminster,,,5,18,84,81.0
W9 1NJ,E63012036,51.530255,-0.185816,14236,UN1,City of Westminster,,,5,19,85,32.0
W9 1SY,E63012036,51.525360,-0.179278,23871,UN1,City of Westminster,,,3,23,91,250.0
W9 1SZ,E63012036,51.525685,-0.178732,30175,UN1,City of Westminster,,,4,22,90,254.0
W9 2AF,E63012036,51.524325,-0.197844,6646,UN1,City of Westminster,,,8,27,86,69.0
W9 2EU,E63012036,51.527514,-0.195843,12143,UN1,City of Westminster,,,4,29,92,349.0
W9 2HP,E63012036,51.522689,-0.193757,8689,UN1,City of Westminster,,,8,25,91,253.0
W9 3PP,E63012036,51.525280,-0.197979,6646,UN1,City of Westminster,,,8,27,87,60.0
W9 3QA,E63012036,51.524575,-0.201841,7034,UN1,City of Westminster,,,13,29,76,230.0
W9 3QH,E63012036,51.526300,-0.205219,4722,UN1,City of Westminster,,,10,27,74,62.0
WA1 1QE,E63008488,53.389995,-2.595383,3956,UN1,Warrington,174970.0,Large,12,18,29,163.0
WA1 1TH,E63008488,53.389229,-2.595703,3956,UN1,Warrington,174970.0,Large,12,18,29,121.0
WA1 1UG,E63008488,53.389274,-2.597523,8003,UN1,Warrington,174970.0,Large,10,18,29,0.0
WA1 2LR,E63008488,53.389273,-2.592335,3956,UN1,Warrington,174970.0,Large,10,19,29,109.0
WA1 2QQ,E63008488,53.390968,-2.589472,3956,UN1,Warrington,174970.0,Large,6,15,29,0.0
WA1 3PP,E63008488,53.398402,-2.546021,26529,UN1,Warrington,174970.0,Large,2,2,9,171.0
WA1 3RB,E63008488,53.396612,-2.571248,11330,UN1,Warrington,174970.0,Large,2,2,30,0.0
WA10 1BD,E63008434,53.452210,-2.736432,4793,UN1,St Helens (St. Helens),107680.0,Large,6,22,33,132.0
WA10 1DG,E63008434,53.452647,-2.731048,516,UN1,St Helens (St. Helens),107680.0,Large,8,22,32,48.0
WA10 1DS,E63008434,53.453376,-2.733982,516,UN1,St Helens (St. Helens),107680.0,Large,6,21,33,88.0
WA10 1HJ,E63008434,53.453247,-2.731495,516,UN1,St Helens (St. Helens),107680.0,Large,8,21,32,26.0
WA10 1PQ,E63008434,53.450776,-2.744373,4793,UN1,St Helens (St. Helens),107680.0,Large,2,20,36,482.0
WA10 2BD,E63008434,53.456584,-2.739941,503,UN1,St Helens (St. Helens),107680.0,Large,9,20,33,0.0
WA10 2DJ,E63008434,53.456702,-2.742609,503,UN1,St Helens (St. Helens),107680.0,Large,9,20,34,0.0
WA10 2EF,E63008434,53.454630,-2.744787,503,UN1,St Helens (St. Helens),107680.0,Large,10,21,34,272.0
WA10 2JG,E63008434,53.456310,-2.743536,503,UN1,St Helens (St. Helens),107680.0,Large,8,20,33,75.0
WA10 2JL,E63008434,53.456741,-2.743619,503,UN1,St Helens (St. Helens),107680.0,Large,9,20,34,67.0
WA10 2TR,E63008434,53.457307,-2.739337,1005,UN1,St Helens (St. Helens),107680.0,Large,8,19,32,90.0
WA10 3EQ,E63008434,53.440366,-2.761729,8274,UN1,St Helens (St. Helens),107680.0,Large,1,4,15,358.0
WA10 4HA,E63008434,53.453143,-2.752652,176,UN1,St Helens (St. Helens),107680.0,Large,2,14,33,154.0
WA10 5NS,E63008434,53.452567,-2.775245,25053,UN1,St Helens (St. Helens),107680.0,Large,2,2,9,378.0
WA10 5RG,E63008434,53.452217,-2.769561,22826,UN1,St Helens (St. Helens),107680.0,Large,2,3,18,0.0
WA10 6SL,E63008434,53.459868,-2.753825,17375,UN1,St Helens (St. Helens),107680.0,Large,0,12,27,636.0
WA11 0AN,E63008397,53.466419,-2.693235,6074,UN1,Haydock,16140.0,Small,0,1,3,716.0
WA11 0NA,E63008397,53.468334,-2.656555,9537,UN1,Haydock,16140.0,Small,1,1,6,0.0
WA11 7AB,E63008434,53.473742,-2.735676,1434,UN1,St Helens (St. Helens),107680.0,Large,1,1,12,240.0
WA11 8HD,E63008358,53.499182,-2.786196,19537,UN1,Rainford,5575.0,Small,3,3,3,22.0
WA11 8HE,E63008358,53.501203,-2.787786,20204,UN1,Rainford,5575.0,Small,3,3,3,256.0
WA11 9HB,E63008434,53.467356,-2.711236,6263,UN1,St Helens (St. Helens),107680.0,Large,0,1,9,613.0
WA12 8RB,E63008418,53.445995,-2.635267,8244,UN1,Newton-le-Willows,24650.0,Medium,1,3,8,0.0
WA12 9AN,E63008418,53.452141,-2.640855,1687,UN1,Newton-le-Willows,24650.0,Medium,3,7,8,251.0
WA12 9BS,E63008418,53.454094,-2.645447,1687,UN1,Newton-le-Willows,24650.0,Medium,4,5,10,190.0
WA12 9NF,E63008418,53.452036,-2.646876,1687,UN1,Newton-le-Willows,24650.0,Medium,3,5,10,157.0
WA12 9SL,E63008418,53.457224,-2.619591,20664,UN1,Newton-le-Willows,24650.0,Medium,0,0,8,1244.0
WA13 0HP,E63008513,53.380734,-2.478085,28482,UN1,Lymm,11545.0,Small,2,3,3,273.0
WA13 0HR,E63008513,53.381255,-2.478091,28482,UN1,Lymm,11545.0,Small,2,3,3,240.0
WA14 1RH,E63008496,53.387749,-2.350106,28986,UN1,Altrincham,49680.0,Medium,9,11,20,0.0
WA14 1RZ,E63008496,53.386736,-2.352157,28986,UN1,Altrincham,49680.0,Medium,9,10,18,73.0
WA14 1TD,E63008496,53.402003,-2.341184,25538,UN1,Altrincham,49680.0,Medium,1,8,27,710.0
WA14 2DD,E63008496,53.384527,-2.351613,28986,UN1,Altrincham,49680.0,Medium,9,9,16,0.0
WA14 2SU,E63008496,53.383954,-2.350541,27808,UN1,Altrincham,49680.0,Medium,9,10,17,95.0
WA14 3BD,E63008523,53.372068,-2.360888,32534,UN1,Bowdon,6105.0,Small,0,0,11,1516.0
WA14 4LJ,E63008496,53.392989,-2.370855,14785,UN1,Altrincham,49680.0,Medium,0,0,15,1351.0
WA14 4PJ,E63008496,53.394997,-2.351880,27407,UN1,Altrincham,49680.0,Medium,1,9,21,409.0
WA14 5ET,E63008496,53.401186,-2.353390,22478,UN1,Altrincham,49680.0,Medium,2,5,23,171.0
WA14 5GR,E63008496,53.400854,-2.356125,7100,UN1,Altrincham,49680.0,Medium,2,5,23,287.0
WA15 6BP,E63008496,53.404440,-2.331292,31838,UN1,Altrincham,49680.0,Medium,2,5,23,0.0
WA15 6TE,E63008496,53.403355,-2.336713,31007,UN1,Altrincham,49680.0,Medium,3,4,22,379.0
WA15 7DD,E63008496,53.392431,-2.311650,14574,UN1,Altrincham,49680.0,Medium,0,7,22,705.0
WA15 7PL,E63008496,53.388233,-2.321813,29841,UN1,Altrincham,49680.0,Medium,0,4,22,992.0
WA15 7UN,E63008496,53.396995,-2.319022,31337,UN1,Altrincham,49680.0,Medium,4,7,19,0.0
WA15 7XR,E63008496,53.398559,-2.315695,25968,UN1,Altrincham,49680.0,Medium,3,9,22,0.0
WA15 8PU,E63008541,53.380601,-2.315246,21762,UN1,Hale (Trafford),16715.0,Small,0,2,14,934.0
WA15 8SS,E63008541,53.369415,-2.313660,31230,UN1,Hale (Trafford),16715.0,Small,1,2,4,335.0
WA15 9QT,E63008496,53.384894,-2.345888,25351,UN1,Altrincham,49680.0,Medium,8,10,18,360.0
WA15 9SZ,E63008541,53.376199,-2.343818,32296,UN1,Hale (Trafford),16715.0,Small,0,2,15,1061.0
WA16 6BN,E63008618,53.304670,-2.375536,22664,UN1,Knutsford,13255.0,Small,3,3,4,208.0
WA16 6BU,E63008618,53.304086,-2.375306,22664,UN1,Knutsford,13255.0,Small,3,3,4,269.0
WA16 6DT,E63008618,53.303878,-2.372753,22664,UN1,Knutsford,13255.0,Small,3,3,4,406.0
WA16 7HH,E63008603,53.313401,-2.328813,29617,RLN1,Mobberley,1350.0,Minor,0,0,0,3346.0
WA16 8HG,E63008618,53.308619,-2.359872,23615,UN1,Knutsford,13255.0,Small,0,0,4,1215.0
WA2 0HD,E63008488,53.411088,-2.559107,21038,UN1,Warrington,174970.0,Large,3,4,11,0.0
WA2 0PD,E63008488,53.406939,-2.556314,25412,UN1,Warrington,174970.0,Large,3,5,12,47.0
WA2 7JD,E63008488,53.392317,-2.598317,3956,UN1,Warrington,174970.0,Large,8,21,31,145.0
WA2 7NE,E63008488,53.396730,-2.594770,3956,UN1,Warrington,174970.0,Large,4,22,32,0.0
WA2 7PW,E63008488,53.400008,-2.590093,5292,UN1,Warrington,174970.0,Large,3,6,32,479.0
WA2 8AG,E63008488,53.403113,-2.585579,7897,UN1,Warrington,174970.0,Large,2,4,38,246.0
WA2 9LN,E63008488,53.410583,-2.576265,6083,UN1,Warrington,174970.0,Large,0,0,17,1038.0
WA2 9SF,E63008488,53.417810,-2.594613,3081,UN1,Warrington,174970.0,Large,1,1,7,415.0
WA3 2HY,E63008394,53.477428,-2.574985,24477,UN1,Golborne,25555.0,Medium,2,2,9,0.0
WA3 2LA,E63008394,53.471880,-2.562300,9453,UN1,Golborne,25555.0,Medium,1,1,4,74.0
WA3 3AF,E63008394,53.476406,-2.596366,5917,UN1,Golborne,25555.0,Medium,4,5,8,127.0
WA3 3BU,E63008394,53.476783,-2.596492,5917,UN1,Golborne,25555.0,Medium,4,5,8,126.0
WA3 3DA,E63008394,53.477304,-2.596559,11230,UN1,Golborne,25555.0,Medium,4,5,8,152.0
WA3 3SP,E63008394,53.481647,-2.605210,17563,UN1,Golborne,25555.0,Medium,0,5,6,672.0
WA3 4DZ,E63008414,53.451661,-2.525547,14110,RLN1,Culcheth,6720.0,Small,2,4,5,0.0
WA3 4ER,E63008414,53.453720,-2.521311,26220,RLN1,Culcheth,6720.0,Small,2,3,5,362.0
WA3 7PQ,E63008488,53.414449,-2.527677,4511,UN1,Warrington,174970.0,Large,2,2,4,38.0
WA4 1LJ,E63008488,53.381017,-2.561658,7245,UN1,Warrington,174970.0,Large,2,2,11,0.0
WA4 2LS,E63008488,53.378925,-2.555377,30857,UN1,Warrington,174970.0,Large,2,3,7,477.0
WA4 2QU,E63008488,53.377154,-2.543810,30048,UN1,Warrington,174970.0,Large,0,1,3,1259.0
WA4 5EQ,E63008488,53.352620,-2.571425,31648,UN1,Warrington,174970.0,Large,0,0,2,1483.0
WA4 6HJ,E63008488,53.371957,-2.582145,23874,UN1,Warrington,174970.0,Large,3,3,9,0.0
WA4 6HW,E63008488,53.371308,-2.582332,23874,UN1,Warrington,174970.0,Large,3,3,8,73.0
WA4 6SG,E63008488,53.371996,-2.581379,23874,UN1,Warrington,174970.0,Large,3,3,9,51.0
WA5 0FF,E63008488,53.409675,-2.605391,2326,UN1,Warrington,174970.0,Large,1,1,25,1100.0
WA5 0HQ,E63008488,53.409670,-2.606279,2326,UN1,Warrington,174970.0,Large,1,1,23,1151.0
WA5 0LZ,E63008488,53.398907,-2.605133,10624,UN1,Warrington,174970.0,Large,2,12,32,143.0
WA5 1RQ,E63008488,53.391905,-2.649604,28024,UN1,Warrington,174970.0,Large,0,4,6,730.0
WA5 1UH,E63008488,53.392126,-2.628434,11211,UN1,Warrington,174970.0,Large,0,2,17,784.0
WA5 1UP,E63008488,53.393187,-2.605848,8003,UN1,Warrington,174970.0,Large,4,19,30,71.0
WA5 2EY,E63008488,53.386576,-2.656033,25858,UN1,Warrington,174970.0,Large,1,2,6,0.0
WA5 3AA,E63008488,53.400174,-2.662830,31041,UN1,Warrington,174970.0,Large,0,0,5,1578.0
WA5 3AG,E63008488,53.397741,-2.639285,30262,UN1,Warrington,174970.0,Large,1,3,11,168.0
WA5 4HF,E63008450,53.430868,-2.658370,10704,RLN1,Burtonwood,3505.0,Minor,0,0,1,2274.0
WA5 7TY,E63008488,53.415938,-2.626709,21935,UN1,Warrington,174970.0,Large,1,4,6,0.0
WA5 8UG,E63008488,53.408007,-2.630669,29113,UN1,Warrington,174970.0,Large,2,4,12,117.0
WA5 8UQ,E63008488,53.408334,-2.629877,29113,UN1,Warrington,174970.0,Large,2,4,12,156.0
WA6 0DP,E63008670,53.265543,-2.772591,30311,RLN1,Helsby,5275.0,Small,0,1,1,566.0
WA6 6RX,E63008632,53.293067,-2.726821,16249,RLN1,Frodsham,9100.0,Small,2,2,3,0.0
WA6 6SJ,E63008632,53.281020,-2.706203,31325,RSN1,Frodsham,9100.0,Small,0,0,2,1916.0
WA6 7DN,E63008632,53.295612,-2.725109,29184,RLN1,Frodsham,9100.0,Small,2,2,2,305.0
WA6 8EF,E63008680,53.269129,-2.676378,29844,RSN1,Kingsley (Cheshire West and Chester),1550.0,Minor,0,0,0,4282.0
WA7 1AH,E63008579,53.341287,-2.733755,2107,UN1,Runcorn,61645.0,Medium,5,7,14,87.0
WA7 1AP,E63008579,53.341755,-2.730669,2107,UN1,Runcorn,61645.0,Medium,5,7,14,135.0
WA7 1LG,E63008579,53.342567,-2.734723,2107,UN1,Runcorn,61645.0,Medium,6,9,13,215.0
WA7 1LQ,E63008579,53.342511,-2.733566,2107,UN1,Runcorn,61645.0,Medium,5,9,14,164.0
WA7 1NE,E63008579,53.342297,-2.733292,2107,UN1,Runcorn,61645.0,Medium,5,9,14,135.0
WA7 1NT,E63008579,53.356376,-2.655539,26008,UN1,Runcorn,61645.0,Medium,0,0,1,3099.0
WA7 1SQ,E63008579,53.342000,-2.715518,536,UN1,Runcorn,61645.0,Medium,1,1,18,288.0
WA7 1TQ,E63008579,53.350563,-2.667949,23861,UN1,Runcorn,61645.0,Medium,0,0,2,2052.0
WA7 2BX,E63008579,53.326759,-2.697997,461,UN1,Runcorn,61645.0,Medium,5,5,9,153.0
WA7 2DY,E63008579,53.333242,-2.708464,1741,UN1,Runcorn,61645.0,Medium,0,3,17,1150.0
WA7 2GX,E63008579,53.327830,-2.697714,461,UN1,Runcorn,61645.0,Medium,4,6,11,259.0
WA7 2PY,E63008579,53.329185,-2.701235,461,UN1,Runcorn,61645.0,Medium,4,6,12,497.0
WA7 2ST,E63008579,53.338823,-2.691796,536,UN1,Runcorn,61645.0,Medium,1,1,11,0.0
WA7 2UT,E63008579,53.325561,-2.696866,1035,UN1,Runcorn,61645.0,Medium,5,5,9,0.0
WA7 3DJ,E63008579,53.310556,-2.651084,24244,UN1,Runcorn,61645.0,Medium,0,0,2,1665.0
WA7 5LY,E63008579,53.328686,-2.717187,1797,UN1,Runcorn,61645.0,Medium,0,2,16,745.0
WA7 6DA,E63008579,53.322609,-2.662843,1084,UN1,Runcorn,61645.0,Medium,1,1,3,161.0
WA7 6QZ,E63008579,53.339899,-2.670080,549,UN1,Runcorn,61645.0,Medium,0,0,5,1447.0
WA8 0AX,E63008526,53.373082,-2.709741,16458,UN1,Widnes,59935.0,Medium,1,3,14,153.0
WA8 0DG,E63008526,53.351244,-2.734151,921,UN1,Widnes,59935.0,Medium,2,6,17,0.0
WA8 4NJ,E63008526,53.378485,-2.773193,596,UN1,Widnes,59935.0,Medium,2,2,9,310.0
WA8 4PF,E63008526,53.378803,-2.768553,596,UN1,Widnes,59935.0,Medium,2,2,9,0.0
WA8 5AJ,E63008526,53.389662,-2.740104,30140,UN1,Widnes,59935.0,Medium,0,2,7,980.0
WA8 6AH,E63008526,53.363432,-2.731355,690,UN1,Widnes,59935.0,Medium,5,7,20,266.0
WA8 6EQ,E63008526,53.370636,-2.729254,1051,UN1,Widnes,59935.0,Medium,3,7,21,474.0
WA8 6JT,E63008526,53.369630,-2.724698,1051,UN1,Widnes,59935.0,Medium,4,7,20,311.0
WA8 6TE,E63008526,53.379084,-2.723595,7063,UN1,Widnes,59935.0,Medium,3,6,16,97.0
WA8 6TN,E63008526,53.372115,-2.722561,3694,UN1,Widnes,59935.0,Medium,3,10,18,0.0
WA8 6TR,E63008526,53.379744,-2.724554,7063,UN1,Widnes,59935.0,Medium,3,6,16,0.0
WA8 7GD,E63008526,53.362174,-2.735706,690,UN1,Widnes,59935.0,Medium,3,6,16,0.0
WA8 7HY,E63008526,53.371444,-2.753962,4696,UN1,Widnes,59935.0,Medium,1,1,17,217.0
WA8 7TN,E63008526,53.366423,-2.725891,1051,UN1,Widnes,59935.0,Medium,3,9,20,670.0
WA8 7YT,E63008526,53.362506,-2.725539,921,UN1,Widnes,59935.0,Medium,3,7,18,418.0
WA8 8HR,E63008526,53.367571,-2.769343,7104,UN1,Widnes,59935.0,Medium,1,2,8,467.0
WA8 8QB,E63008526,53.361629,-2.765224,5968,UN1,Widnes,59935.0,Medium,1,2,10,253.0
WA8 8UU,E63008548,53.352260,-2.771141,5968,UN1,Hale Bank,1620.0,Minor,0,0,3,1331.0
WA8 9DT,E63008526,53.381589,-2.746038,29112,UN1,Widnes,59935.0,Medium,1,2,16,0.0
WA8 9LH,E63008526,53.382053,-2.726201,11572,UN1,Widnes,59935.0,Medium,3,3,14,279.0
WA9 1AD,E63008434,53.453653,-2.722362,516,UN1,St Helens (St. Helens),107680.0,Large,4,12,33,134.0
WA9 1AF,E63008434,53.453323,-2.721964,516,UN1,St Helens (St. Helens),107680.0,Large,4,12,34,176.0
WA9 1AG,E63008434,53.453967,-2.721042,98,UN1,St Helens (St. Helens),107680.0,Large,4,11,34,208.0
WA9 1JF,E63008434,53.444212,-2.733207,4013,UN1,St Helens (St. Helens),107680.0,Large,0,6,36,941.0
WA9 1LN,E63008434,53.454227,-2.724148,516,UN1,St Helens (St. Helens),107680.0,Large,7,12,32,0.0
WA9 2AP,E63008434,53.451113,-2.695982,119,UN1,St Helens (St. Helens),107680.0,Large,0,2,14,802.0
WA9 3AL,E63008434,53.445906,-2.725136,4013,UN1,St Helens (St. Helens),107680.0,Large,1,13,34,819.0
WA9 3JN,E63008434,53.435242,-2.701638,1100,UN1,St Helens (St. Helens),107680.0,Large,2,3,11,285.0
WA9 3PB,E63008434,53.436859,-2.713888,5205,UN1,St Helens (St. Helens),107680.0,Large,1,5,16,446.0
WA9 3PN,E63008434,53.435406,-2.705931,5205,UN1,St Helens (St. Helens),107680.0,Large,2,4,12,0.0
WA9 3QW,E63008434,53.445824,-2.695067,1421,UN1,St Helens (St. Helens),107680.0,Large,1,2,12,300.0
WA9 4BZ,E63008434,53.419953,-2.724168,16572,UN1,St Helens (St. Helens),107680.0,Large,2,3,5,127.0
WA9 4QB,E63008434,53.418906,-2.723398,112,UN1,St Helens (St. Helens),107680.0,Large,2,2,4,0.0
WA9 4TR,E63008434,53.418790,-2.742264,4013,UN1,St Helens (St. Helens),107680.0,Large,0,0,10,1250.0
WA9 4TU,,53.429928,-2.680134,4166,RSN1,,,,0,0,5,1814.0
WA9 5AU,E63008434,53.426875,-2.731298,4013,UN1,St Helens (St. Helens),107680.0,Large,0,1,12,1029.0
WA9 5JD,E63008434,53.443956,-2.725057,4013,UN1,St Helens (St. Helens),107680.0,Large,1,4,33,638.0
WA9 5QW,E63008434,53.435648,-2.757249,1485,UN1,St Helens (St. Helens),107680.0,Large,1,3,11,80.0
WC1A 2SA,E63011985,51.517838,-0.124186,13788,UN1,Camden,,,8,35,102,118.0
WC1B 4BB,E63011985,51.519924,-0.121939,20943,UN1,Camden,,,10,32,103,250.0
WC1B 5AN,E63011985,51.521254,-0.123541,20943,UN1,Camden,,,12,29,103,149.0
WC1H 8DR,E63011985,51.528024,-0.121764,4547,UN1,Camden,,,8,25,94,276.0
WC1H 9QX,E63011985,51.526918,-0.124577,4860,UN1,Camden,,,7,29,100,185.0
WC1N 1AE,E63011985,51.524182,-0.123897,7640,UN1,Camden,,,9,31,103,29.0
WC1N 3LW,E63011985,51.522071,-0.118419,18902,UN1,Camden,,,8,30,95,19.0
WC1V 6AZ,E63011985,51.518560,-0.113144,20943,UN1,Camden,,,6,28,87,54.0
WC1V 7DA,E63011985,51.517541,-0.119716,20943,UN1,Camden,,,8,33,97,427.0
WC1X 8TP,E63011985,51.522682,-0.114473,18902,UN1,Camden,,,6,27,93,6.0
WC2B 5QA,E63011985,51.515432,-0.122772,13788,UN1,Camden,,,7,36,105,179.0
WC2B 6NH,E63011985,51.517240,-0.120536,13788,UN1,Camden,,,7,34,98,379.0
WC2E 9NT,E63012036,51.513167,-0.124551,5794,UN1,City of Westminster,,,8,26,107,186.0
WC2N 5HS,E63012036,51.508360,-0.124778,24862,UN1,City of Westminster,,,4,18,95,134.0
WC2N 5LH,E63012036,51.509232,-0.123647,7933,UN1,City of Westminster,,,6,20,93,171.0
WC2R 0AA,E63012036,51.510589,-0.120233,7933,UN1,City of Westminster,,,8,20,91,256.0
WC2R 0QE,E63012036,51.509676,-0.123845,7933,UN1,City of Westminster,,,6,20,95,164.0
WC2R 1HH,E63012036,51.511326,-0.118488,5794,UN1,City of Westminster,,,6,25,88,118.0
WD17 1AA,E63011741,51.656881,-0.398652,14182,UN1,Watford (Watford),131325.0,Large,8,14,26,167.0
WD17 1AW,E63011741,51.658443,-0.401083,14182,UN1,Watford (Watford),131325.0,Large,8,12,26,195.0
WD17 2AA,E63011741,51.651718,-0.392011,14230,UN1,Watford (Watford),131325.0,Large,4,10,23,834.0
WD17 2BD,E63011741,51.651425,-0.387655,5055,UN1,Watford (Watford),131325.0,Large,3,6,22,1087.0
WD17 2EU,E63011741,51.652460,-0.389715,5055,UN1,Watford (Watford),131325.0,Large,4,8,24,913.0
WD17 2TN,E63011741,51.655009,-0.392646,5055,UN1,Watford (Watford),131325.0,Large,4,13,25,610.0
WD17 2TR,E63011741,51.654135,-0.392460,5055,UN1,Watford (Watford),131325.0,Large,4,13,25,658.0
WD17 3EA,E63011741,51.667322,-0.417314,32312,UN1,Watford (Watford),131325.0,Large,0,0,19,1102.0
WD18 0JP,E63011741,51.656689,-0.401058,14182,UN1,Watford (Watford),131325.0,Large,8,13,25,0.0
WD18 6NT,E63011741,51.645836,-0.416343,12652,UN1,Watford (Watford),131325.0,Large,1,3,18,0.0
WD18 7LR,E63011741,51.654651,-0.405944,12282,UN1,Watford (Watford),131325.0,Large,5,11,25,406.0
WD18 7LU,E63011741,51.655222,-0.403640,12282,UN1,Watford (Watford),131325.0,Large,7,12,25,242.0
WD18 7QR,E63011741,51.651312,-0.422368,16861,UN1,Watford (Watford),131325.0,Large,1,3,17,0.0
WD19 4FN,E63011741,51.645918,-0.383471,23890,UN1,Watford (Watford),131325.0,Large,0,5,18,615.0
WD19 5BL,E63011741,51.628162,-0.383121,22486,UN1,Watford (Watford),131325.0,Large,3,5,9,557.0
WD19 6FR,E63011741,51.619303,-0.385631,11549,UN1,Watford (Watford),131325.0,Large,0,6,14,783.0
WD19 6UT,E63011741,51.616742,-0.394288,15658,UN1,Watford (Watford),131325.0,Large,0,1,17,1041.0
WD19 7AE,E63011741,51.626759,-0.388343,4265,UN1,Watford (Watford),131325.0,Large,5,6,9,170.0
WD19 7DT,E63011741,51.628081,-0.386389,11549,UN1,Watford (Watford),131325.0,Large,5,6,10,369.0
WD19 7EU,E63011741,51.627879,-0.387393,4265,UN1,Watford (Watford),131325.0,Large,5,6,9,305.0
WD19 7NT,E63011741,51.628823,-0.409104,15386,UN1,Watford (Watford),131325.0,Large,0,0,13,1088.0
WD23 1BD,E63011808,51.644706,-0.366127,29930,UN1,Bushey,28425.0,Medium,1,4,11,600.0
WD23 1EE,E63011808,51.634547,-0.342548,32725,UN1,Bushey,28425.0,Medium,2,2,5,94.0
WD23 1GE,E63011808,51.635142,-0.342642,32725,UN1,Bushey,28425.0,Medium,2,2,5,100.0
WD23 2AN,E63011808,51.665439,-0.371642,9585,UN1,Bushey,28425.0,Medium,0,0,11,2039.0
WD23 2NN,E63011741,51.645993,-0.374565,26681,UN1,Watford (Watford),131325.0,Large,1,4,10,0.0
WD23 3HE,E63011808,51.644908,-0.365772,29930,UN1,Bushey,28425.0,Medium,1,4,11,619.0
WD23 3PP,E63011808,51.648326,-0.355502,22753,UN1,Bushey,28425.0,Medium,0,2,8,1341.0
WD24 4BQ,E63011741,51.667286,-0.392124,27228,UN1,Watford (Watford),131325.0,Large,2,7,28,916.0
WD24 4YR,E63011741,51.667002,-0.393103,27228,UN1,Watford (Watford),131325.0,Large,2,8,28,850.0
WD24 5BH,E63011741,51.669764,-0.397821,18708,UN1,Watford (Watford),131325.0,Large,4,6,25,1005.0
WD24 5BQ,E63011741,51.671048,-0.396966,18708,UN1,Watford (Watford),131325.0,Large,3,6,26,1160.0
WD24 5EH,E63011741,51.671128,-0.400897,22090,UN1,Watford (Watford),131325.0,Large,3,5,25,1079.0
WD24 5LL,E63011741,51.683005,-0.418040,19094,UN1,Watford (Watford),131325.0,Large,0,0,10,1401.0
WD24 6PQ,E63011741,51.674546,-0.396336,10894,UN1,Watford (Watford),131325.0,Large,2,9,22,946.0
WD24 7PD,E63011741,51.674259,-0.386555,28739,UN1,Watford (Watford),131325.0,Large,0,9,15,949.0
WD24 7RT,E63011741,51.679476,-0.389942,28739,UN1,Watford (Watford),131325.0,Large,4,6,14,327.0
WD25 0EL,E63011741,51.691127,-0.400973,30973,UN1,Watford (Watford),131325.0,Large,0,2,14,938.0
WD25 7NL,E63011741,51.695192,-0.412898,23657,UN1,Watford (Watford),131325.0,Large,1,4,11,0.0
WD25 9JS,E63011741,51.681059,-0.388671,23284,UN1,Watford (Watford),131325.0,Large,4,6,13,211.0
WD25 9LQ,E63011741,51.689990,-0.385532,11225,UN1,Watford (Watford),131325.0,Large,0,3,12,805.0
WD25 9UB,E63011741,51.681408,-0.384637,7924,UN1,Watford (Watford),131325.0,Large,3,6,14,445.0
WD3 1AJ,E63011827,51.639081,-0.469904,23790,UN1,Rickmansworth,26290.0,Medium,2,6,10,834.0
WD3 1AR,E63011827,51.638980,-0.471165,23790,UN1,Rickmansworth,26290.0,Medium,2,7,10,748.0
WD3 1RE,E63011827,51.641698,-0.465813,30726,UN1,Rickmansworth,26290.0,Medium,2,2,11,1208.0
WD3 2DN,E63011827,51.636231,-0.483179,31980,UN1,Rickmansworth,26290.0,Medium,4,7,8,136.0
WD3 3HD,E63011827,51.648036,-0.447126,28668,UN1,Rickmansworth,26290.0,Medium,1,2,7,0.0
WD3 3LE,E63011827,51.653708,-0.449029,32328,UN1,Rickmansworth,26290.0,Medium,0,2,5,644.0
WD3 4DF,E63011827,51.641069,-0.491515,16877,UN1,Rickmansworth,26290.0,Medium,0,5,8,849.0
WD3 5LH,E63011804,51.654284,-0.520263,32769,UN1,Chorleywood,12630.0,Small,2,2,2,3317.0
WD3 5RB,E63011804,51.655452,-0.521570,32769,UN1,Chorleywood,12630.0,Small,2,2,2,3394.0
WD3 5RD,E63011804,51.656413,-0.523620,32835,UN1,Chorleywood,12630.0,Small,2,2,2,3222.0
WD3 7BE,E63011827,51.636139,-0.484367,31980,UN1,Rickmansworth,26290.0,Medium,4,6,8,216.0
WD3 7BQ,E63011827,51.636471,-0.483605,31980,UN1,Rickmansworth,26290.0,Medium,4,7,8,156.0
WD3 7DN,E63011827,51.636266,-0.483091,31980,UN1,Rickmansworth,26290.0,Medium,4,7,8,129.0
WD4 8BH,E63011670,51.713470,-0.450387,28137,UN1,Abbots Langley and Kings Langley,18205.0,Small,3,3,3,142.0
WD4 9HT,E63011670,51.711951,-0.449744,28137,UN1,Abbots Langley and Kings Langley,18205.0,Small,3,3,3,172.0
WD5 0AA,E63011670,51.707305,-0.416295,18889,UN1,Abbots Langley and Kings Langley,18205.0,Small,3,3,7,316.0
WD5 0AE,E63011670,51.706029,-0.417049,18889,UN1,Abbots Langley and Kings Langley,18205.0,Small,3,3,8,169.0
WD5 0AW,E63011670,51.705729,-0.418145,30808,UN1,Abbots Langley and Kings Langley,18205.0,Small,3,3,7,103.0
WD5 0BT,E63011741,51.700932,-0.403841,23657,UN1,Watford (Watford),131325.0,Large,1,3,9,0.0
WD6 1AG,E63011779,51.656111,-0.275779,9661,UN1,Borehamwood,39765.0,Medium,7,9,12,131.0
WD6 1EH,E63011779,51.655608,-0.275783,15808,UN1,Borehamwood,39765.0,Medium,5,9,13,161.0
WD6 1JG,E63011779,51.657663,-0.268780,23346,UN1,Borehamwood,39765.0,Medium,4,10,12,331.0
WD6 1JN,E63011779,51.658235,-0.267948,23346,UN1,Borehamwood,39765.0,Medium,4,10,12,337.0
WD6 1PR,E63011779,51.659781,-0.272155,9478,UN1,Borehamwood,39765.0,Medium,5,9,12,0.0
WD6 1PU,E63011779,51.659475,-0.272166,9478,UN1,Borehamwood,39765.0,Medium,8,9,12,34.0
WD6 1QX,E63011779,51.651797,-0.261313,16213,UN1,Borehamwood,39765.0,Medium,1,3,11,1161.0
WD6 2NY,E63011779,51.652202,-0.254098,15446,UN1,Borehamwood,39765.0,Medium,1,1,11,1504.0
WD6 3BY,E63011811,51.644433,-0.298755,17651,UN1,Elstree,1735.0,Minor,2,2,5,110.0
WD6 4EB,E63011779,51.667829,-0.282593,2503,UN1,Borehamwood,39765.0,Medium,0,0,10,1149.0
WD6 4PR,E63011779,51.656560,-0.277540,9661,UN1,Borehamwood,39765.0,Medium,5,9,14,0.0
WD6 4RZ,E63011779,51.656557,-0.281675,18305,UN1,Borehamwood,39765.0,Medium,4,9,14,285.0
WD7 7LB,E63011723,51.682787,-0.316398,28201,RLN1,Radlett,8185.0,Small,1,1,1,50.0
WD7 9LP,E63011693,51.694313,-0.285163,18178,RLN1,Shenley,3555.0,Minor,0,0,0,2552.0
WF1 1PG,E63008062,53.679958,-1.494840,1714,UN1,Wakefield,97870.0,Large,10,15,30,0.0
WF1 1QQ,E63008062,53.685371,-1.495169,1714,UN1,Wakefield,97870.0,Large,8,17,29,135.0
WF1 1TT,E63008062,53.680583,-1.493682,1714,UN1,Wakefield,97870.0,Large,10,14,30,103.0
WF1 1UE,E63008062,53.679463,-1.492393,1714,UN1,Wakefield,97870.0,Large,8,14,30,170.0
WF1 1UP,E63008062,53.682399,-1.496007,1714,UN1,Wakefield,97870.0,Large,12,16,30,212.0
WF1 1US,E63008062,53.681793,-1.494985,1714,UN1,Wakefield,97870.0,Large,11,16,30,204.0
WF1 2DU,E63008062,53.707403,-1.504314,17973,UN1,Wakefield,97870.0,Large,0,4,11,657.0
WF1 2PE,E63008062,53.710959,-1.512287,7136,UN1,Wakefield,97870.0,Large,2,3,6,0.0
WF1 2UY,E63008062,53.699369,-1.511118,26407,UN1,Wakefield,97870.0,Large,0,4,20,864.0
WF1 3JQ,E63008062,53.692779,-1.504152,26587,UN1,Wakefield,97870.0,Large,1,5,28,0.0
WF1 3NQ,E63008062,53.686972,-1.495513,3384,UN1,Wakefield,97870.0,Large,5,19,28,300.0
WF1 3PD,E63008062,53.687382,-1.492662,4939,UN1,Wakefield,97870.0,Large,4,17,28,412.0
WF1 4JZ,E63008062,53.683421,-1.491089,1714,UN1,Wakefield,97870.0,Large,11,14,29,91.0
WF1 4SD,E63008062,53.690020,-1.476866,2549,UN1,Wakefield,97870.0,Large,1,2,20,0.0
WF1 5NU,E63008062,53.666953,-1.486520,9352,UN1,Wakefield,97870.0,Large,3,3,12,93.0
WF1 5PN,E63008062,53.670273,-1.489249,10102,UN1,Wakefield,97870.0,Large,3,3,21,0.0
WF10 1AD,E63008016,53.725986,-1.350626,7802,UN1,Castleford,45355.0,Medium,5,9,11,153.0
WF10 1DE,E63008016,53.725915,-1.352415,7802,UN1,Castleford,45355.0,Medium,7,9,11,123.0
WF10 1DX,E63008016,53.725541,-1.354664,5343,UN1,Castleford,45355.0,Medium,7,9,11,139.0
WF10 1HB,E63008016,53.725058,-1.355202,5343,UN1,Castleford,45355.0,Medium,9,9,11,77.0
WF10 1PD,E63008016,53.727348,-1.358123,5343,UN1,Castleford,45355.0,Medium,6,9,11,73.0
WF10 2DP,E63007953,53.747577,-1.372993,8958,RLN1,Woodend,,,1,1,3,0.0
WF10 2QP,E63008016,53.732599,-1.314629,879,UN1,Castleford,45355.0,Medium,1,2,3,0.0
WF10 3JJ,E63008016,53.723557,-1.314640,3219,UN1,Castleford,45355.0,Medium,1,1,4,1005.0
WF10 3TG,E63008016,53.724254,-1.312370,3219,UN1,Castleford,45355.0,Medium,1,3,3,940.0
WF10 4EN,E63008016,53.720794,-1.354494,7802,UN1,Castleford,45355.0,Medium,3,10,11,0.0
WF10 4PS,E63008016,53.714199,-1.340065,12307,UN1,Castleford,45355.0,Medium,0,1,12,1200.0
WF10 5EL,E63008016,53.715027,-1.353537,12307,UN1,Castleford,45355.0,Medium,0,3,11,644.0
WF11 0JA,E63008033,53.705040,-1.245559,3853,UN1,Knottingley,9510.0,Small,1,4,5,0.0
WF11 0LA,E63008033,53.707479,-1.256181,11678,UN1,Knottingley,9510.0,Small,0,2,5,750.0
WF11 8DW,E63008033,53.707982,-1.237417,5749,UN1,Knottingley,9510.0,Small,1,3,4,628.0
WF11 8NQ,E63008020,53.713171,-1.268202,8833,UN1,Holmfield,4150.0,Minor,0,0,3,1743.0
WF11 9BX,E63008033,53.709206,-1.237773,5749,UN1,Knottingley,9510.0,Small,1,3,4,691.0
WF12 0RB,E63008070,53.664633,-1.624571,24189,UN1,Dewsbury,63720.0,Medium,1,1,7,130.0
WF12 8AH,E63008070,53.690896,-1.613298,5937,UN1,Dewsbury,63720.0,Medium,0,2,17,672.0
WF12 8NJ,E63008070,53.685481,-1.603612,15769,UN1,Dewsbury,63720.0,Medium,0,1,15,1421.0
WF12 9AE,E63008070,53.687185,-1.630730,7720,UN1,Dewsbury,63720.0,Medium,5,12,21,396.0
WF12 9DU,E63008070,53.672445,-1.636838,4220,UN1,Dewsbury,63720.0,Medium,2,2,15,458.0
WF12 9DW,E63008070,53.673566,-1.630153,6863,UN1,Dewsbury,63720.0,Medium,2,4,14,0.0
WF12 9LP,E63008070,53.683998,-1.632121,7720,UN1,Dewsbury,63720.0,Medium,4,9,19,283.0
WF12 9QU,E63008070,53.681539,-1.633202,4220,UN1,Dewsbury,63720.0,Medium,3,8,21,0.0
WF13 1HN,E63008070,53.689759,-1.634887,1438,UN1,Dewsbury,63720.0,Medium,4,12,23,0.0
WF13 1NH,E63008070,53.690450,-1.628733,1438,UN1,Dewsbury,63720.0,Medium,4,11,22,236.0
WF13 2AJ,E63008070,53.695921,-1.633713,6907,UN1,Dewsbury,63720.0,Medium,2,9,28,0.0
WF13 2JX,E63008070,53.695794,-1.639182,6907,UN1,Dewsbury,63720.0,Medium,2,9,25,360.0
WF13 2QQ,E63008070,53.688757,-1.642467,914,UN1,Dewsbury,63720.0,Medium,0,9,24,511.0
WF13 3HL,E63008070,53.678880,-1.664714,2358,UN1,Dewsbury,63720.0,Medium,2,2,6,237.0
WF13 3HN,E63008070,53.680125,-1.662812,2154,UN1,Dewsbury,63720.0,Medium,2,2,7,268.0
WF13 3NT,E63008070,53.693940,-1.656826,5477,UN1,Dewsbury,63720.0,Medium,0,3,19,768.0
WF13 4HT,E63008070,53.700127,-1.651641,2316,UN1,Dewsbury,63720.0,Medium,2,4,29,0.0
WF14 0JA,E63008075,53.687990,-1.692881,12430,UN1,Mirfield,19610.0,Small,0,0,4,1387.0
WF14 8AN,E63008075,53.674113,-1.693512,16403,UN1,Mirfield,19610.0,Small,3,3,5,278.0
WF14 8AZ,E63008075,53.674309,-1.696387,16403,UN1,Mirfield,19610.0,Small,3,3,4,160.0
WF14 8DU,E63008075,53.675730,-1.696725,7938,UN1,Mirfield,19610.0,Small,3,3,4,0.0
WF15 6DL,E63008031,53.712865,-1.691398,14599,UN1,Liversedge,17525.0,Small,1,3,15,49.0
WF16 0HH,E63008029,53.707240,-1.678183,5588,UN1,Heckmondwike,13370.0,Small,4,4,11,0.0
WF16 0HL,E63008029,53.707445,-1.677530,12533,UN1,Heckmondwike,13370.0,Small,4,4,11,49.0
WF16 9NE,E63008029,53.710318,-1.660253,7997,UN1,Heckmondwike,13370.0,Small,0,0,22,1051.0
WF16 9RL,E63008029,53.708349,-1.676281,12533,UN1,Heckmondwike,13370.0,Small,4,4,11,176.0
WF17 5DA,E63007983,53.714214,-1.634085,1146,UN1,Batley,44500.0,Medium,8,16,21,71.0
WF17 5DH,E63007983,53.714761,-1.636641,1146,UN1,Batley,44500.0,Medium,8,16,21,0.0
WF17 5DP,E63007983,53.714727,-1.634353,1146,UN1,Batley,44500.0,Medium,8,16,21,16.0
WF17 5SR,E63007983,53.711482,-1.625760,6471,UN1,Batley,44500.0,Medium,3,15,22,72.0
WF17 5ST,E63007983,53.711371,-1.624655,6471,UN1,Batley,44500.0,Medium,3,16,22,44.0
WF17 5TJ,E63007983,53.713975,-1.629587,1146,UN1,Batley,44500.0,Medium,10,16,18,340.0
WF17 7NL,E63007983,53.708696,-1.634602,6508,UN1,Batley,44500.0,Medium,4,15,26,255.0
WF17 7PF,E63007983,53.707051,-1.637298,4899,UN1,Batley,44500.0,Medium,4,15,30,0.0
WF17 7QF,E63007983,53.707914,-1.637336,4899,UN1,Batley,44500.0,Medium,4,15,26,96.0
WF17 7QG,E63007983,53.708371,-1.636938,4899,UN1,Batley,44500.0,Medium,4,15,26,149.0
WF17 8LB,E63007983,53.717817,-1.636751,1146,UN1,Batley,44500.0,Medium,7,8,19,276.0
WF17 9DT,E63007983,53.746135,-1.644255,22624,UN1,Batley,44500.0,Medium,0,0,7,1521.0
WF17 9EL,E63007983,53.731756,-1.660444,7275,UN1,Batley,44500.0,Medium,4,4,6,285.0
WF17 9EX,E63007983,53.732394,-1.660408,7275,UN1,Batley,44500.0,Medium,4,4,6,306.0
WF17 9PL,E63007983,53.731363,-1.664721,7275,UN1,Batley,44500.0,Medium,4,4,5,0.0
WF2 0JG,E63008062,53.698237,-1.524687,12023,UN1,Wakefield,97870.0,Large,0,1,12,1303.0
WF2 6UA,E63008117,53.647288,-1.458258,17701,RLN1,Walton (Wakefield),3265.0,Minor,0,0,0,2303.0
WF2 7EQ,E63008062,53.650022,-1.501718,29389,UN1,Wakefield,97870.0,Large,1,4,4,670.0
WF2 7GP,E63008062,53.644775,-1.506727,7091,UN1,Wakefield,97870.0,Large,2,4,4,0.0
WF2 7JE,E63008062,53.649561,-1.497004,29389,UN1,Wakefield,97870.0,Large,1,4,5,833.0
WF2 7NN,E63008062,53.645144,-1.504590,7091,UN1,Wakefield,97870.0,Large,2,4,4,147.0
WF2 8BQ,E63008062,53.674178,-1.518554,4151,UN1,Wakefield,97870.0,Large,2,4,20,409.0
WF2 8FE,E63008062,53.672429,-1.524008,2384,UN1,Wakefield,97870.0,Large,2,2,9,0.0
WF2 9PE,E63008062,53.682286,-1.518749,4129,UN1,Wakefield,97870.0,Large,2,5,27,0.0
WF3 1RQ,E63008009,53.728574,-1.558358,5898,UN1,East Ardsley,15245.0,Small,1,1,3,0.0
WF3 3DX,E63007990,53.732804,-1.528906,13378,RLN1,Thorpe on the Hill (Leeds),1230.0,Minor,0,0,6,1688.0
WF3 3LJ,E63007994,53.731423,-1.496438,17919,UN1,Lofthouse and Robin Hood,4185.0,Minor,1,1,2,229.0
WF3 4HS,E63008062,53.713764,-1.476239,10243,UN1,Wakefield,97870.0,Large,1,1,2,0.0
WF4 1DB,E63008093,53.667681,-1.413833,15022,RLN1,Sharlston,2165.0,Minor,1,1,3,1510.0
WF4 1DD,E63008093,53.668409,-1.410190,15022,RLN1,Sharlston,2165.0,Minor,1,1,3,1721.0
WF4 1NG,E63008105,53.655386,-1.427272,15590,RLN1,Crofton,6125.0,Small,1,1,3,135.0
WF4 2JD,E63008154,53.624607,-1.406234,4617,RLN1,Havercroft and Ryhill,5205.0,Small,0,0,0,3710.0
WF4 4NG,E63008126,53.643821,-1.579785,25101,RLN1,Netherton (Wakefield),2335.0,Minor,0,0,2,1561.0
WF4 4NS,E63008116,53.650925,-1.596401,21332,UN1,Middlestown and Overton,2410.0,Minor,1,1,3,277.0
WF4 5AF,E63008104,53.659504,-1.551967,15167,UN1,Horbury,9865.0,Small,2,2,2,151.0
WF4 5BY,E63008104,53.660017,-1.549843,17370,UN1,Horbury,9865.0,Small,2,2,2,0.0
WF5 8AD,E63008081,53.679018,-1.579465,15541,UN1,Ossett,21855.0,Medium,5,5,6,365.0
WF5 8DF,E63008081,53.681484,-1.583120,12059,UN1,Ossett,21855.0,Medium,5,5,6,0.0
WF5 9DB,E63008081,53.681094,-1.579490,15541,UN1,Ossett,21855.0,Medium,5,5,6,243.0
WF5 9DG,E63008081,53.682674,-1.581412,19711,UN1,Ossett,21855.0,Medium,5,5,6,174.0
WF5 9HQ,E63008081,53.682546,-1.575751,19711,UN1,Ossett,21855.0,Medium,5,5,7,499.0
WF5 9TJ,E63008062,53.682859,-1.548192,22859,UN1,Wakefield,97870.0,Large,0,0,6,1940.0
WF6 1PX,E63008042,53.695427,-1.424806,4226,UN1,Normanton (Wakefield),21980.0,Medium,2,5,8,47.0
WF6 2AQ,E63008042,53.699907,-1.418127,13857,UN1,Normanton (Wakefield),21980.0,Medium,3,6,9,129.0
WF6 2AZ,E63008042,53.700660,-1.419616,13857,UN1,Normanton (Wakefield),21980.0,Medium,3,8,9,0.0
WF6 2EP,E63008042,53.702199,-1.408870,13857,UN1,Normanton (Wakefield),21980.0,Medium,0,4,9,728.0
WF6 2JJ,E63008042,53.704974,-1.430903,19299,UN1,Normanton (Wakefield),21980.0,Medium,1,4,9,224.0
WF7 5BE,E63008079,53.675437,-1.359184,6830,UN1,Featherstone (Wakefield),11655.0,Small,1,5,5,222.0
WF7 6EP,E63008079,53.678756,-1.368020,5133,UN1,Featherstone (Wakefield),11655.0,Small,1,5,5,673.0
WF7 6ER,E63008079,53.679666,-1.370171,6830,UN1,Featherstone (Wakefield),11655.0,Small,1,4,5,777.0
WF7 6JL,E63008079,53.681160,-1.358643,5133,UN1,Featherstone (Wakefield),11655.0,Small,1,5,5,0.0
WF7 7HZ,E63008129,53.644591,-1.336295,21704,RLN1,Ackworth Moor Top,6280.0,Small,1,1,1,0.0
WF8 1AL,E63008060,53.691224,-1.312740,6231,UN1,Pontefract,32975.0,Medium,6,6,7,299.0
WF8 1HJ,E63008060,53.694541,-1.308022,2100,UN1,Pontefract,32975.0,Medium,4,6,7,112.0
WF8 1SU,E63008060,53.688271,-1.307201,6231,UN1,Pontefract,32975.0,Medium,2,7,7,0.0
WF8 2AY,E63008060,53.686067,-1.299000,1884,UN1,Pontefract,32975.0,Medium,0,2,7,593.0
WF8 4PQ,E63008060,53.693450,-1.315279,9646,UN1,Pontefract,32975.0,Medium,4,6,7,0.0
WF9 1JU,E63008163,53.618423,-1.268026,6029,RLN1,Upton (Wakefield),6330.0,Small,0,0,0,3064.0
WF9 2RD,E63008195,53.595449,-1.293671,2737,UN1,South Elmsall,11185.0,Small,3,3,6,0.0
WF9 2RF,E63008195,53.595092,-1.292498,4147,UN1,South Elmsall,11185.0,Small,3,3,6,87.0
WF9 2RN,E63008195,53.594780,-1.289905,15716,UN1,South Elmsall,11185.0,Small,3,3,5,259.0
WF9 3AP,E63008202,53.589935,-1.309912,8402,UN1,South Kirkby,8885.0,Small,1,2,6,0.0
WF9 3NU,E63008202,53.591766,-1.320322,3039,UN1,South Kirkby,8885.0,Small,0,2,5,717.0
WF9 4DP,E63008175,53.611853,-1.354250,4449,RLN1,Hemsworth,9180.0,Small,4,4,4,0.0
WF9 4LA,E63008175,53.612492,-1.354270,4449,RLN1,Hemsworth,9180.0,Small,4,4,4,71.0
WF9 4LB,E63008175,53.611193,-1.351751,2969,RLN1,Hemsworth,9180.0,Small,4,4,4,180.0
WF9 5BP,E63008152,53.630122,-1.373721,230,RLN1,Fitzwilliam and Kinsley,4990.0,Minor,0,0,0,2403.0
WN1 1BH,E63008282,53.546590,-2.629363,1991,UN1,Wigan,81580.0,Large,9,15,28,123.0
WN1 1QJ,E63008282,53.550473,-2.632711,14421,UN1,Wigan,81580.0,Large,9,20,26,45.0
WN1 1QP,E63008282,53.548466,-2.631398,8131,UN1,Wigan,81580.0,Large,11,17,27,0.0
WN1 1XE,E63008282,53.551348,-2.625267,8131,UN1,Wigan,81580.0,Large,7,16,27,302.0
WN1 1XF,E63008282,53.551027,-2.628236,8131,UN1,Wigan,81580.0,Large,11,16,26,208.0
WN1 3NH,E63008282,53.549685,-2.620126,11019,UN1,Wigan,81580.0,Large,3,14,26,0.0
WN2 1DH,E63008282,53.558279,-2.605986,7874,UN1,Wigan,81580.0,Large,0,0,17,1336.0
WN2 1XH,E63008239,53.569614,-2.586036,21640,RLN1,Aspull,4935.0,Minor,2,2,3,0.0
WN2 1XW,E63008239,53.569629,-2.584873,21640,RLN1,Aspull,4935.0,Minor,2,2,3,77.0
WN2 2AR,E63008285,53.542215,-2.606420,3370,UN1,Ince-in-Makerfield,12185.0,Small,2,4,23,189.0
WN2 2QG,E63008303,53.540018,-2.576270,17831,UN1,Hindley,24490.0,Medium,1,2,8,0.0
WN2 3AY,E63008303,53.534507,-2.580209,11689,UN1,Hindley,24490.0,Medium,3,5,13,346.0
WN2 3HQ,E63008303,53.532117,-2.583571,11689,UN1,Hindley,24490.0,Medium,3,3,13,0.0
WN2 3QN,E63008303,53.534195,-2.564574,1420,UN1,Hindley,24490.0,Medium,0,0,7,1008.0
WN2 4SB,E63008303,53.523824,-2.546834,10905,UN1,Hindley,24490.0,Medium,0,0,3,1992.0
WN2 5BB,E63008332,53.521571,-2.596865,4434,UN1,Platt Bridge and Abram,10590.0,Small,2,2,10,102.0
WN2 5NG,E63008332,53.522295,-2.595924,1834,UN1,Platt Bridge and Abram,10590.0,Small,2,2,10,0.0
WN2 5XA,E63008332,53.506724,-2.592721,4477,UN1,Platt Bridge and Abram,10590.0,Small,0,0,4,1611.0
WN3 4NW,E63008285,53.534937,-2.614585,4128,UN1,Ince-in-Makerfield,12185.0,Small,1,2,20,0.0
WN3 5HL,E63008282,53.529408,-2.643772,3820,UN1,Wigan,81580.0,Large,2,4,14,0.0
WN3 5ND,E63008282,53.524266,-2.642140,24429,UN1,Wigan,81580.0,Large,0,2,8,582.0
WN3 5TE,E63008282,53.532389,-2.649354,356,UN1,Wigan,81580.0,Large,2,4,16,496.0
WN3 6JA,E63008282,53.521481,-2.669851,26319,UN1,Wigan,81580.0,Large,1,2,10,62.0
WN3 6XE,E63008282,53.518779,-2.657819,25605,UN1,Wigan,81580.0,Large,0,2,7,788.0
WN4 0AR,E63008367,53.500913,-2.647441,16038,UN1,Ashton-in-Makerfield,26375.0,Medium,1,3,6,0.0
WN4 0XD,,53.496410,-2.681394,18235,UN1,,,,1,1,2,0.0
WN4 9AN,E63008367,53.486400,-2.636760,11758,UN1,Ashton-in-Makerfield,26375.0,Medium,2,2,6,209.0
WN4 9BH,E63008367,53.489843,-2.639917,13228,UN1,Ashton-in-Makerfield,26375.0,Medium,2,4,6,259.0
WN4 9SU,E63008367,53.494807,-2.642856,16038,UN1,Ashton-in-Makerfield,26375.0,Medium,1,5,6,0.0
WN5 0AB,E63008287,53.537904,-2.688594,10164,UN1,Orrell,23410.0,Medium,2,3,7,0.0
WN5 0PU,E63008282,53.550700,-2.667007,1636,UN1,Wigan,81580.0,Large,1,1,11,164.0
WN5 0UH,E63008282,53.544169,-2.653322,5649,UN1,Wigan,81580.0,Large,1,4,26,812.0
WN5 0XA,E63008282,53.543247,-2.650878,13448,UN1,Wigan,81580.0,Large,1,4,28,798.0
WN5 7LY,E63008364,53.497681,-2.706951,13978,RLN1,Billinge,4970.0,Minor,0,1,3,1696.0
WN5 7PF,E63008364,53.493619,-2.712883,27591,RLN1,Billinge,4970.0,Minor,0,1,1,2106.0
WN5 8AT,E63008282,53.536415,-2.683455,6705,UN1,Wigan,81580.0,Large,2,4,12,378.0
WN5 8NB,E63008287,53.539688,-2.703381,25128,UN1,Orrell,23410.0,Medium,0,2,7,997.0
WN5 8TQ,E63008287,53.531102,-2.709831,16836,UN1,Orrell,23410.0,Medium,0,0,7,1594.0
WN5 9ED,E63008282,53.538317,-2.654967,5649,UN1,Wigan,81580.0,Large,0,5,22,974.0
WN5 9QX,E63008282,53.538479,-2.669697,5699,UN1,Wigan,81580.0,Large,1,3,15,0.0
WN6 0HA,E63008217,53.585865,-2.663481,26308,UN1,Standish,12940.0,Small,3,3,3,142.0
WN6 0HR,E63008217,53.586787,-2.664160,6124,UN1,Standish,12940.0,Small,3,3,3,30.0
WN6 7LB,E63008282,53.549482,-2.644891,1991,UN1,Wigan,81580.0,Large,1,14,26,0.0
WN6 7PG,E63008282,53.555733,-2.644186,19768,UN1,Wigan,81580.0,Large,1,6,24,13.0
WN6 8ET,,53.574057,-2.699420,27387,UN1,,,,2,3,4,0.0
WN6 8HA,E63008236,53.571121,-2.694237,27387,UN1,Shevington,5320.0,Small,2,2,3,473.0
WN6 9JR,E63008218,53.580941,-2.707342,26702,UN1,Appley Bridge,5130.0,Small,0,2,4,927.0
WN7 1HR,E63008365,53.503236,-2.511455,23301,UN1,Leigh (Wigan),45495.0,Medium,2,11,18,0.0
WN7 2LD,E63008365,53.494233,-2.495535,22479,UN1,Leigh (Wigan),45495.0,Medium,0,3,16,930.0
WN7 2PD,E63008365,53.494884,-2.511791,10847,UN1,Leigh (Wigan),45495.0,Medium,9,11,17,150.0
WN7 2RF,E63008365,53.496061,-2.509816,10847,UN1,Leigh (Wigan),45495.0,Medium,8,13,19,47.0
WN7 2XT,E63008350,53.505070,-2.483283,135,RLN1,Higher Folds,2445.0,Minor,1,1,15,1373.0
WN7 2XY,E63008350,53.503830,-2.483223,135,RLN1,Higher Folds,2445.0,Minor,1,1,16,1475.0
WN7 4BA,E63008365,53.493132,-2.515644,3190,UN1,Leigh (Wigan),45495.0,Medium,7,9,17,250.0
WN7 4JY,E63008365,53.489469,-2.531078,23207,UN1,Leigh (Wigan),45495.0,Medium,1,1,14,0.0
WN7 4NB,E63008365,53.496514,-2.517238,3190,UN1,Leigh (Wigan),45495.0,Medium,7,14,19,483.0
WN7 4NP,E63008365,53.495924,-2.514457,3190,UN1,Leigh (Wigan),45495.0,Medium,9,13,18,314.0
WN7 4PE,E63008365,53.494965,-2.513782,3190,UN1,Leigh (Wigan),45495.0,Medium,9,12,18,201.0
WN7 5HQ,E63008365,53.509769,-2.540319,5600,UN1,Leigh (Wigan),45495.0,Medium,0,1,6,953.0
WN7 5RZ,E63008365,53.503860,-2.525046,1408,UN1,Leigh (Wigan),45495.0,Medium,1,6,19,300.0
WN8 0EN,E63008287,53.543190,-2.726573,25742,UN1,Orrell,23410.0,Medium,2,2,5,0.0
WN8 6DS,E63008266,53.549695,-2.764643,2331,UN1,Skelmersdale,34915.0,Medium,1,3,12,0.0
WN8 6LA,E63008266,53.554058,-2.777975,4491,UN1,Skelmersdale,34915.0,Medium,0,2,10,549.0
WN8 6ND,E63008266,53.549935,-2.773401,1455,UN1,Skelmersdale,34915.0,Medium,1,4,11,0.0
WN8 6UH,E63008266,53.563489,-2.774796,9247,UN1,Skelmersdale,34915.0,Medium,2,2,7,140.0
WN8 6UJ,E63008266,53.563490,-2.773286,9247,UN1,Skelmersdale,34915.0,Medium,2,2,7,48.0
WN8 7HA,E63008198,53.591780,-2.769981,32308,RLN1,Parbold,2410.0,Minor,1,1,1,235.0
WN8 8LP,E63008266,53.548857,-2.804594,12991,UN1,Skelmersdale,34915.0,Medium,1,1,3,205.0
WN8 9HR,E63008266,53.537201,-2.757507,964,UN1,Skelmersdale,34915.0,Medium,1,2,7,157.0
WN8 9QX,E63008266,53.532232,-2.769911,18710,UN1,Skelmersdale,34915.0,Medium,0,2,7,996.0
WN8 9SA,E63008266,53.545014,-2.789203,6229,UN1,Skelmersdale,34915.0,Medium,0,0,8,1179.0
WR1 1JZ,E63010595,52.200606,-2.225277,7829,UN1,Worcester,105465.0,Large,3,9,22,134.0
WR1 2BS,E63010595,52.191677,-2.216367,4203,UN1,Worcester,105465.0,Large,6,10,23,0.0
WR1 2DA,E63010595,52.193294,-2.216565,4203,UN1,Worcester,105465.0,Large,6,10,23,180.0
WR1 2EU,E63010595,52.192098,-2.221577,7829,UN1,Worcester,105465.0,Large,6,12,22,314.0
WR1 2PY,E63010595,52.192757,-2.220630,7829,UN1,Worcester,105465.0,Large,7,9,22,275.0
WR1 3LH,E63010595,52.192979,-2.222094,7829,UN1,Worcester,105465.0,Large,7,12,22,376.0
WR10 1AB,E63010804,52.110020,-2.074271,11656,RLN1,Pershore,8210.0,Small,2,4,4,411.0
WR10 1BG,E63010804,52.110433,-2.075191,11656,RLN1,Pershore,8210.0,Small,4,4,4,439.0
WR11 1DX,E63010888,52.078444,-1.939799,9765,UN1,Evesham,28250.0,Medium,1,1,13,1049.0
WR11 1JZ,E63010888,52.086109,-1.950428,13748,UN1,Evesham,28250.0,Medium,4,10,15,0.0
WR11 3LF,E63010888,52.090724,-1.938440,9809,UN1,Evesham,28250.0,Medium,1,10,15,174.0
WR11 4AB,E63010888,52.102274,-1.950089,24540,UN1,Evesham,28250.0,Medium,0,2,12,957.0
WR11 4BS,E63010888,52.091054,-1.951006,5962,UN1,Evesham,28250.0,Medium,3,11,15,0.0
WR11 4HJ,E63010888,52.092994,-1.946552,9809,UN1,Evesham,28250.0,Medium,4,11,15,147.0
WR11 4QR,E63010888,52.100453,-1.940500,24540,UN1,Evesham,28250.0,Medium,0,5,13,780.0
WR11 4SQ,E63010888,52.092463,-1.945940,9809,UN1,Evesham,28250.0,Medium,5,11,15,189.0
WR11 6UT,E63010888,52.079109,-1.940455,9765,UN1,Evesham,28250.0,Medium,1,4,13,969.0
WR12 7DT,E63010984,52.036281,-1.859239,26437,RLF1,Broadway,2720.0,Minor,0,1,1,861.0
WR13 6QG,E63010893,52.081043,-2.357627,23173,UN1,Colwall Stone,1855.0,Minor,1,1,1,95.0
WR14 1GQ,E63010806,52.124727,-2.300543,16970,UN1,Great Malvern,33185.0,Medium,1,4,13,0.0
WR14 1JQ,E63010806,52.130410,-2.303649,16970,UN1,Great Malvern,33185.0,Medium,2,6,10,330.0
WR14 1NY,E63010806,52.119822,-2.329515,26283,UN1,Great Malvern,33185.0,Medium,0,5,13,639.0
WR14 1PZ,E63010806,52.130601,-2.302818,16970,UN1,Great Malvern,33185.0,Medium,2,5,10,388.0
WR14 1SS,E63010806,52.126827,-2.315705,16970,UN1,Great Malvern,33185.0,Medium,2,6,14,352.0
WR14 1SU,E63010806,52.126717,-2.316653,22808,UN1,Great Malvern,33185.0,Medium,2,5,14,287.0
WR14 2AA,E63010806,52.111596,-2.329308,26283,UN1,Great Malvern,33185.0,Medium,2,3,12,202.0
WR14 2AE,E63010806,52.111555,-2.327731,26283,UN1,Great Malvern,33185.0,Medium,2,3,12,115.0
WR14 2GP,E63010806,52.113548,-2.308776,13502,UN1,Great Malvern,33185.0,Medium,1,4,17,0.0
WR14 3LU,E63010806,52.108678,-2.311210,23693,UN1,Great Malvern,33185.0,Medium,2,4,11,566.0
WR14 3LY,E63010806,52.108372,-2.311339,23693,UN1,Great Malvern,33185.0,Medium,2,4,11,602.0
WR14 3LZ,E63010806,52.108399,-2.311237,23693,UN1,Great Malvern,33185.0,Medium,2,4,11,597.0
WR15 8BB,E63010351,52.311661,-2.593973,15929,RLF1,Tenbury Wells,3935.0,Minor,1,2,2,110.0
WR2 5AH,E63010595,52.188603,-2.234271,11560,UN1,Worcester,105465.0,Large,2,4,18,210.0
WR2 5FB,E63010595,52.188740,-2.259110,20672,UN1,Worcester,105465.0,Large,1,2,5,0.0
WR2 5HL,E63010595,52.190427,-2.235042,11560,UN1,Worcester,105465.0,Large,2,5,18,0.0
WR3 7BX,E63010595,52.214628,-2.226622,25905,UN1,Worcester,105465.0,Large,0,4,9,663.0
WR3 7LH,E63010595,52.208752,-2.224953,20876,UN1,Worcester,105465.0,Large,2,6,16,0.0
WR3 8EZ,E63010595,52.204109,-2.207209,7172,UN1,Worcester,105465.0,Large,0,2,25,950.0
WR4 0UJ,E63010595,52.199182,-2.179577,25149,UN1,Worcester,105465.0,Large,0,3,13,767.0
WR4 9PA,E63010595,52.210059,-2.186982,72,UN1,Worcester,105465.0,Large,0,2,7,643.0
WR4 9TX,E63010595,52.205930,-2.193594,2762,UN1,Worcester,105465.0,Large,1,3,14,0.0
WR5 1HG,E63010595,52.194829,-2.202996,13987,UN1,Worcester,105465.0,Large,2,6,23,0.0
WR5 1NW,E63010595,52.192153,-2.190228,3876,UN1,Worcester,105465.0,Large,1,6,15,486.0
WR5 3AQ,E63010595,52.178859,-2.214550,18477,UN1,Worcester,105465.0,Large,1,2,16,224.0
WR5 3TA,E63010595,52.171612,-2.204733,30127,UN1,Worcester,105465.0,Large,0,2,3,614.0
WR6 6NH,E63010481,52.254237,-2.250643,15852,RSN1,Holt (Malvern Hills),,,0,0,0,2886.0
WR8 0HB,E63010942,52.063809,-2.217613,16672,RLN1,Upton upon Severn,2405.0,Minor,0,0,1,1031.0
WR9 7BE,E63010460,52.263283,-2.148785,30461,UN1,Droitwich Spa,26420.0,Medium,1,5,6,0.0
WR9 8RD,E63010460,52.266891,-2.153486,10380,UN1,Droitwich Spa,26420.0,Medium,3,5,6,0.0
WR9 8TJ,E63010460,52.268263,-2.149945,10380,UN1,Droitwich Spa,26420.0,Medium,3,5,6,238.0
WR9 9EQ,E63010460,52.274966,-2.165650,4953,UN1,Droitwich Spa,26420.0,Medium,0,0,6,1191.0
WS1 1AF,E63009845,52.587019,-1.979553,1774,UN1,Walsall,70775.0,Medium,7,13,40,0.0
WS1 1NG,E63009845,52.585077,-1.983229,820,UN1,Walsall,70775.0,Medium,7,20,42,265.0
WS1 1RS,E63009845,52.582668,-1.980337,1053,UN1,Walsall,70775.0,Medium,5,18,43,70.0
WS1 1SY,E63009845,52.586856,-1.977177,1774,UN1,Walsall,70775.0,Medium,6,11,38,59.0
WS1 2JN,E63009845,52.582873,-1.971054,3062,UN1,Walsall,70775.0,Medium,3,12,35,653.0
WS1 2LD,E63009845,52.580652,-1.969653,9727,UN1,Walsall,70775.0,Medium,4,17,36,422.0
WS1 2LT,E63009845,52.579853,-1.974362,3062,UN1,Walsall,70775.0,Medium,3,18,42,521.0
WS1 2NA,E63009845,52.580374,-1.975306,3062,UN1,Walsall,70775.0,Medium,5,18,42,485.0
WS1 3BT,E63009845,52.576420,-1.979543,3042,UN1,Walsall,70775.0,Medium,6,19,41,159.0
WS1 3EP,E63009845,52.574999,-1.979278,3042,UN1,Walsall,70775.0,Medium,6,17,40,0.0
WS1 3HG,E63009845,52.568203,-1.978898,6486,UN1,Walsall,70775.0,Medium,2,8,31,126.0
WS1 3PS,E63009845,52.577580,-1.983320,1053,UN1,Walsall,70775.0,Medium,6,17,43,0.0
WS1 3RW,E63009845,52.576672,-1.982819,1053,UN1,Walsall,70775.0,Medium,7,17,43,106.0
WS1 4BP,E63009845,52.575710,-1.981359,3042,UN1,Walsall,70775.0,Medium,6,17,41,161.0
WS1 4JQ,E63009845,52.575108,-1.991349,5636,UN1,Walsall,70775.0,Medium,6,18,42,0.0
WS1 4LA,E63009845,52.573940,-1.988324,3544,UN1,Walsall,70775.0,Medium,3,18,42,242.0
WS10 0EB,E63009944,52.552805,-1.996412,1225,UN1,West Bromwich,103110.0,Large,2,3,21,0.0
WS10 0ED,E63009944,52.551034,-1.995321,1619,UN1,West Bromwich,103110.0,Large,2,3,21,210.0
WS10 7AR,E63009895,52.551670,-2.019626,3712,UN1,Wednesbury,20315.0,Medium,6,7,19,0.0
WS10 7DF,E63009895,52.550366,-2.021808,3712,UN1,Wednesbury,20315.0,Medium,5,7,17,207.0
WS10 7HD,E63009895,52.552506,-2.020526,4410,UN1,Wednesbury,20315.0,Medium,7,8,19,111.0
WS10 7LH,E63009895,52.550258,-2.026881,3712,UN1,Wednesbury,20315.0,Medium,3,7,16,416.0
WS10 8PL,E63009871,52.573734,-2.044587,1304,UN1,Darlaston,21540.0,Medium,1,3,14,181.0
WS10 8RT,E63009886,52.560300,-2.052553,4136,UN1,Bilston (Wolverhampton),34640.0,Medium,1,2,17,102.0
WS10 8SY,E63009871,52.566185,-2.036318,4652,UN1,Darlaston,21540.0,Medium,3,4,15,0.0
WS10 8UZ,E63009871,52.568289,-2.035833,4291,UN1,Darlaston,21540.0,Medium,3,5,11,236.0
WS10 9HP,E63009895,52.554215,-2.013771,6568,UN1,Wednesbury,20315.0,Medium,4,8,18,0.0
WS10 9PR,E63009895,52.560931,-2.016812,5387,UN1,Wednesbury,20315.0,Medium,0,5,22,775.0
WS10 9QY,E63009895,52.566182,-2.008051,5025,UN1,Wednesbury,20315.0,Medium,0,3,30,1097.0
WS11 1DE,E63009591,52.688988,-2.029688,8026,UN1,Cannock,63065.0,Medium,4,5,10,333.0
WS11 1DJ,E63009591,52.688629,-2.024776,8026,UN1,Cannock,63065.0,Medium,3,4,11,0.0
WS11 1EB,E63009591,52.689554,-2.030073,8026,UN1,Cannock,63065.0,Medium,4,5,10,372.0
WS11 1NP,E63009591,52.686996,-2.045530,30839,UN1,Cannock,63065.0,Medium,0,1,6,503.0
WS11 2DD,E63009591,52.702933,-2.015536,4169,UN1,Cannock,63065.0,Medium,2,3,18,181.0
WS11 5DD,E63009591,52.702852,-2.015551,4169,UN1,Cannock,63065.0,Medium,2,3,18,180.0
WS11 5RP,E63009591,52.709817,-2.025619,8353,UN1,Cannock,63065.0,Medium,1,1,14,244.0
WS11 8XP,E63009591,52.675011,-2.018482,19024,RLN1,Cannock,63065.0,Medium,0,0,11,1573.0
WS11 9SE,E63009663,52.673993,-1.970239,20092,RLN1,Norton Canes,8150.0,Small,2,2,2,0.0
WS11 9SY,E63009663,52.674263,-1.970017,20092,RLN1,Norton Canes,8150.0,Small,2,2,2,34.0
WS12 1AG,E63009591,52.709272,-1.999007,17165,UN1,Cannock,63065.0,Medium,7,7,15,248.0
WS12 1AS,E63009591,52.708481,-2.000768,17165,UN1,Cannock,63065.0,Medium,7,7,13,261.0
WS12 1BT,E63009591,52.709686,-1.998060,17165,UN1,Cannock,63065.0,Medium,7,7,15,276.0
WS12 1DU,E63009591,52.708913,-1.996787,17165,UN1,Cannock,63065.0,Medium,7,7,15,392.0
WS12 1DW,E63009591,52.710684,-2.000058,17165,UN1,Cannock,63065.0,Medium,7,7,12,115.0
WS12 1JF,E63009571,52.708649,-1.970086,15503,UN1,Rawnsley,2470.0,Minor,1,1,4,0.0
WS12 3DZ,E63009591,52.690635,-1.983544,13993,UN1,Cannock,63065.0,Medium,1,1,2,319.0
WS12 3YY,E63009591,52.692164,-1.998946,20492,UN1,Cannock,63065.0,Medium,0,1,11,739.0
WS12 4DH,E63009591,52.712347,-2.000694,17165,UN1,Cannock,63065.0,Medium,7,7,12,192.0
WS12 4DJ,E63009591,52.710747,-2.001760,17165,UN1,Cannock,63065.0,Medium,7,7,12,0.0
WS12 4UD,E63009563,52.711026,-2.042064,19484,UN1,Huntington (South Staffordshire),4715.0,Minor,0,0,2,1298.0
WS13 6DZ,E63009625,52.684157,-1.821758,15195,UN1,Lichfield,32580.0,Medium,5,5,10,78.0
WS13 6JJ,E63009625,52.683748,-1.825413,15195,UN1,Lichfield,32580.0,Medium,4,5,10,287.0
WS13 6JL,E63009625,52.683553,-1.821169,23616,UN1,Lichfield,32580.0,Medium,5,5,10,0.0
WS13 6NG,E63009625,52.682804,-1.824870,15195,UN1,Lichfield,32580.0,Medium,4,5,10,263.0
WS13 6RX,E63009625,52.673641,-1.842165,27554,UN1,Lichfield,32580.0,Medium,0,0,5,1794.0
WS13 7FA,E63009625,52.696405,-1.837644,6388,UN1,Lichfield,32580.0,Medium,2,2,8,0.0
WS13 7HT,E63009625,52.694077,-1.831498,5148,UN1,Lichfield,32580.0,Medium,2,2,8,488.0
WS13 8ST,E63009561,52.712185,-1.778185,29641,RLN1,Fradley South,,,0,0,0,3207.0
WS14 0LZ,E63009731,52.639540,-1.840677,17785,RLN1,Shenstone,2195.0,Minor,0,0,0,2854.0
WS14 9JU,E63009654,52.672700,-1.763167,30172,RLN1,Whittington (Lichfield),2475.0,Minor,1,1,2,166.0
WS14 9PN,,52.654485,-1.766709,17844,RSN1,,,,0,1,2,893.0
WS14 9XU,E63009625,52.680167,-1.805770,23616,UN1,Lichfield,32580.0,Medium,0,1,6,917.0
WS15 1DU,E63009434,52.747499,-1.924312,5017,UN1,Rugeley,26145.0,Medium,1,1,6,0.0
WS15 2DP,E63009434,52.758869,-1.935939,7589,UN1,Rugeley,26145.0,Medium,4,5,9,298.0
WS15 2DT,E63009434,52.759543,-1.935316,7589,UN1,Rugeley,26145.0,Medium,5,5,9,383.0
WS15 2FH,E63009434,52.767064,-1.947546,17836,UN1,Rugeley,26145.0,Medium,1,2,7,0.0
WS15 2JJ,E63009434,52.761753,-1.933771,7589,UN1,Rugeley,26145.0,Medium,3,5,9,334.0
WS15 2LB,E63009434,52.756389,-1.937617,9940,UN1,Rugeley,26145.0,Medium,3,5,9,0.0
WS15 4AA,E63009499,52.741959,-1.878136,21252,RLN1,Handsacre and Armitage,4835.0,Minor,0,0,0,3169.0
WS2 0AW,E63009801,52.588860,-2.029487,10500,UN1,Willenhall,49580.0,Medium,1,2,13,337.0
WS2 7DY,E63009781,52.601170,-2.008840,1392,UN1,Bloxwich,51875.0,Medium,1,3,24,219.0
WS2 8DA,E63009845,52.594553,-1.984849,2663,UN1,Walsall,70775.0,Medium,1,7,34,0.0
WS2 8EQ,E63009845,52.588790,-1.983375,820,UN1,Walsall,70775.0,Medium,5,13,40,325.0
WS2 8NG,E63009845,52.588899,-1.994402,2024,UN1,Walsall,70775.0,Medium,3,14,41,257.0
WS2 8XA,E63009845,52.595444,-2.001177,3740,UN1,Walsall,70775.0,Medium,0,5,31,617.0
WS2 9BX,E63009845,52.570641,-1.998594,9291,UN1,Walsall,70775.0,Medium,5,9,36,333.0
WS2 9BZ,E63009845,52.569796,-2.000556,9291,UN1,Walsall,70775.0,Medium,3,9,34,472.0
WS2 9ES,E63009845,52.581599,-1.995524,2740,UN1,Walsall,70775.0,Medium,7,18,44,0.0
WS2 9HY,E63009845,52.574264,-1.998033,2652,UN1,Walsall,70775.0,Medium,6,12,40,0.0
WS2 9PJ,E63009845,52.584701,-1.997383,2740,UN1,Walsall,70775.0,Medium,7,10,44,104.0
WS2 9PL,E63009845,52.584989,-1.995376,2740,UN1,Walsall,70775.0,Medium,7,11,42,0.0
WS2 9QN,E63009845,52.573509,-1.997177,2652,UN1,Walsall,70775.0,Medium,7,11,39,0.0
WS3 1BB,E63009781,52.608442,-1.984889,1949,UN1,Bloxwich,51875.0,Medium,2,6,22,73.0
WS3 1ER,E63009781,52.608254,-1.988507,2939,UN1,Bloxwich,51875.0,Medium,3,10,23,176.0
WS3 1LZ,E63009781,52.614690,-1.986703,654,UN1,Bloxwich,51875.0,Medium,1,9,21,0.0
WS3 1SP,E63009781,52.604665,-1.978068,954,UN1,Bloxwich,51875.0,Medium,0,3,23,687.0
WS3 2UW,E63009781,52.620020,-2.020365,2220,UN1,Bloxwich,51875.0,Medium,2,2,17,314.0
WS3 2XE,E63009781,52.607068,-1.993351,1244,UN1,Bloxwich,51875.0,Medium,1,10,22,527.0
WS3 3JE,E63009781,52.614394,-1.998917,1244,UN1,Bloxwich,51875.0,Medium,6,12,22,184.0
WS3 3JJ,E63009781,52.613379,-2.000394,5423,UN1,Bloxwich,51875.0,Medium,6,12,24,34.0
WS3 3JR,E63009781,52.613810,-2.001620,5423,UN1,Bloxwich,51875.0,Medium,8,9,23,89.0
WS3 3JS,E63009781,52.613100,-1.999390,1244,UN1,Bloxwich,51875.0,Medium,5,12,24,95.0
WS3 3LH,E63009781,52.617433,-2.004530,2727,UN1,Bloxwich,51875.0,Medium,4,10,20,0.0
WS3 3LQ,E63009781,52.617118,-2.004102,5423,UN1,Bloxwich,51875.0,Medium,7,10,20,45.0
WS3 3RT,E63009781,52.627996,-1.998075,7513,UN1,Bloxwich,51875.0,Medium,1,1,16,0.0
WS3 4LT,E63009741,52.628963,-1.967670,15452,UN1,Pelsall,10455.0,Small,3,3,5,97.0
WS3 4LX,E63009741,52.629754,-1.968290,9305,UN1,Pelsall,10455.0,Small,3,3,5,0.0
WS4 1AT,E63009770,52.620220,-1.955062,13207,UN1,Rushall and Shelfield,12845.0,Small,0,1,10,663.0
WS4 1HB,E63009770,52.608005,-1.959726,9222,UN1,Rushall and Shelfield,12845.0,Small,1,2,10,0.0
WS5 3EY,E63009845,52.571941,-1.946258,23670,UN1,Walsall,70775.0,Medium,0,0,3,1591.0
WS5 4LB,E63009944,52.559379,-1.960832,6099,UN1,West Bromwich,103110.0,Large,0,0,6,1192.0
WS6 6DZ,E63009689,52.657382,-2.016849,22529,UN1,Great Wyrley and Cheslyn Hay,17640.0,Small,3,3,7,0.0
WS6 7AB,E63009689,52.660751,-2.031812,19759,UN1,Great Wyrley and Cheslyn Hay,17640.0,Small,2,3,7,0.0
WS7 0DW,E63009640,52.677493,-1.906904,22237,UN1,Burntwood,27900.0,Medium,3,4,8,406.0
WS7 0HH,E63009640,52.677987,-1.906178,28629,UN1,Burntwood,27900.0,Medium,3,4,7,392.0
WS7 0HQ,E63009640,52.676744,-1.902853,28629,UN1,Burntwood,27900.0,Medium,3,3,4,132.0
WS7 1AQ,E63009640,52.682177,-1.933017,21131,UN1,Burntwood,27900.0,Medium,2,3,6,0.0
WS7 1JR,E63009640,52.682151,-1.934614,17752,UN1,Burntwood,27900.0,Medium,2,2,6,108.0
WS7 3XE,E63009640,52.671470,-1.934320,15959,UN1,Burntwood,27900.0,Medium,0,0,5,1194.0
WS7 9AZ,E63009640,52.680766,-1.919706,25704,UN1,Burntwood,27900.0,Medium,0,4,8,911.0
WS8 6DZ,E63009742,52.645948,-1.933132,15009,UN1,Brownhills,21240.0,Medium,2,3,5,439.0
WS8 7JB,E63009742,52.649751,-1.934885,5330,UN1,Brownhills,21240.0,Medium,3,3,3,0.0
WS9 8AJ,E63009794,52.602529,-1.921194,26693,UN1,Aldridge,15835.0,Small,2,3,4,0.0
WS9 8DT,E63009794,52.603228,-1.932252,5155,UN1,Aldridge,15835.0,Small,0,3,7,751.0
WS9 8HA,E63009794,52.616666,-1.915334,29154,UN1,Aldridge,15835.0,Small,0,0,9,1581.0
WS9 8QP,E63009794,52.604306,-1.917647,26693,UN1,Aldridge,15835.0,Small,2,3,4,311.0
WS9 9LP,E63009742,52.626323,-1.932527,8270,UN1,Brownhills,21240.0,Medium,4,4,6,0.0
WS9 9LR,E63009742,52.625918,-1.932365,8270,UN1,Brownhills,21240.0,Medium,2,4,6,46.0
WS9 9NP,E63009742,52.629637,-1.927749,8270,UN1,Brownhills,21240.0,Medium,3,4,6,0.0
WV1 1JP,E63009805,52.588445,-2.125783,6373,UN1,Wolverhampton,234025.0,Major,4,9,26,0.0
WV1 2GZ,E63009805,52.583046,-2.093284,3332,UN1,Wolverhampton,234025.0,Major,3,3,18,0.0
WV1 2NE,E63009805,52.585551,-2.096418,5293,UN1,Wolverhampton,234025.0,Major,3,4,19,108.0
WV1 3ER,E63009805,52.584875,-2.126894,6373,UN1,Wolverhampton,234025.0,Major,5,9,28,404.0
WV1 3NJ,E63009805,52.584676,-2.128488,6373,UN1,Wolverhampton,234025.0,Major,5,9,27,341.0
WV1 3NN,E63009805,52.584640,-2.128060,6373,UN1,Wolverhampton,234025.0,Major,5,10,28,357.0
WV1 4AZ,E63009805,52.591618,-2.134162,3502,UN1,Wolverhampton,234025.0,Major,2,9,24,667.0
WV1 4RH,E63009805,52.593598,-2.132249,7638,UN1,Wolverhampton,234025.0,Major,2,6,23,720.0
WV1 4RS,E63009805,52.594747,-2.134275,5103,UN1,Wolverhampton,234025.0,Major,2,6,23,568.0
WV10 0EN,E63009805,52.591760,-2.110647,4900,UN1,Wolverhampton,234025.0,Major,2,3,27,180.0
WV10 0NT,E63009805,52.602284,-2.103468,13935,UN1,Wolverhampton,234025.0,Major,1,5,25,605.0
WV10 6AN,E63009805,52.618961,-2.129860,9441,UN1,Wolverhampton,234025.0,Major,2,6,13,74.0
WV10 6QG,E63009805,52.626192,-2.127739,13587,UN1,Wolverhampton,234025.0,Major,1,6,9,344.0
WV10 7AX,E63009709,52.642914,-2.087146,7658,RLN1,Featherstone (South Staffordshire),7095.0,Small,2,2,4,167.0
WV10 8EB,E63009805,52.622456,-2.115053,2910,UN1,Wolverhampton,234025.0,Major,1,3,18,138.0
WV10 8PW,E63009805,52.612357,-2.099387,10350,UN1,Wolverhampton,234025.0,Major,5,8,20,104.0
WV10 9BA,E63009805,52.610232,-2.112791,2176,UN1,Wolverhampton,234025.0,Major,3,8,21,44.0
WV10 9QF,E63009805,52.600856,-2.111955,10398,UN1,Wolverhampton,234025.0,Major,0,5,27,846.0
WV10 9QY,E63009805,52.604979,-2.105911,5537,UN1,Wolverhampton,234025.0,Major,1,10,22,703.0
WV10 9UJ,E63009805,52.615944,-2.117828,9441,UN1,Wolverhampton,234025.0,Major,0,8,21,763.0
WV11 1BP,E63009805,52.596829,-2.090243,4864,UN1,Wolverhampton,234025.0,Major,2,5,22,483.0
WV11 1BQ,E63009805,52.614338,-2.095477,10350,UN1,Wolverhampton,234025.0,Major,4,5,20,276.0
WV11 1JG,E63009805,52.613162,-2.093437,10350,UN1,Wolverhampton,234025.0,Major,4,6,20,441.0
WV11 1SZ,E63009805,52.599856,-2.082217,4864,UN1,Wolverhampton,234025.0,Major,1,4,18,901.0
WV11 1UP,E63009805,52.597435,-2.085948,4864,UN1,Wolverhampton,234025.0,Major,2,4,22,697.0
WV11 1YQ,E63009805,52.610419,-2.081912,13108,UN1,Wolverhampton,234025.0,Major,0,1,17,1255.0
WV11 2JW,E63009805,52.614405,-2.061523,3457,UN1,Wolverhampton,234025.0,Major,2,3,12,203.0
WV11 2RF,E63009749,52.631956,-2.056909,23723,UN1,Essington,3470.0,Minor,1,1,4,0.0
WV11 3JW,E63009805,52.601547,-2.066998,24617,UN1,Wolverhampton,234025.0,Major,0,1,14,1284.0
WV11 3NE,E63009805,52.605703,-2.061319,5308,UN1,Wolverhampton,234025.0,Major,0,5,12,802.0
WV12 4HA,E63009801,52.596851,-2.032180,15292,UN1,Willenhall,49580.0,Medium,0,2,8,998.0
WV12 4QY,E63009801,52.600521,-2.050106,14663,UN1,Willenhall,49580.0,Medium,0,1,16,1205.0
WV12 5EA,E63009801,52.612744,-2.037050,2749,UN1,Willenhall,49580.0,Medium,1,3,12,415.0
WV12 5XZ,E63009801,52.618205,-2.047733,26186,UN1,Willenhall,49580.0,Medium,1,3,11,0.0
WV13 1TQ,E63009801,52.584841,-2.055800,4067,UN1,Willenhall,49580.0,Medium,4,5,11,113.0
WV13 2NF,E63009801,52.584247,-2.056670,4067,UN1,Willenhall,49580.0,Medium,4,5,11,138.0
WV13 2NS,E63009801,52.585388,-2.057867,3237,UN1,Willenhall,49580.0,Medium,4,4,12,50.0
WV13 2PZ,E63009801,52.579846,-2.046083,5318,UN1,Willenhall,49580.0,Medium,0,5,14,840.0
WV13 3TJ,E63009805,52.581479,-2.071646,1931,UN1,Wolverhampton,234025.0,Major,0,1,15,905.0
WV13 3YA,E63009805,52.591802,-2.081567,4864,UN1,Wolverhampton,234025.0,Major,0,3,19,1213.0
WV14 0AX,E63009886,52.565411,-2.076488,1121,UN1,Bilston (Wolverhampton),34640.0,Medium,7,7,15,248.0
WV14 0DR,E63009886,52.564682,-2.076915,1121,UN1,Bilston (Wolverhampton),34640.0,Medium,7,7,15,166.0
WV14 0DZ,E63009886,52.563586,-2.075585,3038,UN1,Bilston (Wolverhampton),34640.0,Medium,5,7,14,95.0
WV14 0EP,E63009886,52.563925,-2.080041,1422,UN1,Bilston (Wolverhampton),34640.0,Medium,5,7,13,232.0
WV14 0EZ,E63009886,52.563879,-2.081767,1422,UN1,Bilston (Wolverhampton),34640.0,Medium,5,7,13,343.0
WV14 6PW,E63009886,52.568916,-2.077114,7137,UN1,Bilston (Wolverhampton),34640.0,Medium,3,7,15,0.0
WV14 8DD,E63009886,52.554039,-2.060215,5297,UN1,Bilston (Wolverhampton),34640.0,Medium,0,3,14,909.0
WV14 8TH,E63009886,52.552863,-2.072809,3038,UN1,Bilston (Wolverhampton),34640.0,Medium,0,1,21,1180.0
WV14 9DD,E63009922,52.541435,-2.088360,6775,UN1,Coseley,25205.0,Medium,2,4,12,155.0
WV14 9XB,E63009805,52.550694,-2.100530,5761,UN1,Wolverhampton,234025.0,Major,0,1,11,1312.0
WV14 9XW,E63009805,52.555642,-2.096087,17399,UN1,Wolverhampton,234025.0,Major,0,1,18,1549.0
WV15 5AL,E63009927,52.534758,-2.413229,16195,UN1,Bridgnorth,12175.0,Small,1,3,3,744.0
WV16 4DB,E63009927,52.535893,-2.420287,22034,UN1,Bridgnorth,12175.0,Small,3,3,3,286.0
WV16 4EN,E63009927,52.537889,-2.422945,22034,UN1,Bridgnorth,12175.0,Small,2,3,3,0.0
WV16 6LP,E63010062,52.448378,-2.382241,10699,RLF1,Highley,3305.0,Minor,0,0,0,2085.0
WV2 1DR,E63009805,52.578201,-2.121386,2880,UN1,Wolverhampton,234025.0,Major,1,10,31,473.0
WV2 2LR,E63009886,52.569907,-2.098627,3151,UN1,Bilston (Wolverhampton),34640.0,Medium,1,1,23,0.0
WV2 3AH,E63009805,52.573225,-2.126344,2833,UN1,Wolverhampton,234025.0,Major,3,11,23,7.0
WV2 3AY,E63009805,52.571392,-2.125100,4856,UN1,Wolverhampton,234025.0,Major,4,9,22,227.0
WV2 3HD,E63009805,52.571445,-2.126487,4856,UN1,Wolverhampton,234025.0,Major,4,9,22,203.0
WV2 3JY,E63009805,52.568175,-2.124028,10738,UN1,Wolverhampton,234025.0,Major,4,6,22,204.0
WV2 4HE,E63009805,52.577685,-2.133204,9876,UN1,Wolverhampton,234025.0,Major,2,11,27,274.0
WV3 0LG,E63009805,52.576806,-2.139636,2280,UN1,Wolverhampton,234025.0,Major,2,7,25,225.0
WV3 7AH,E63009805,52.573381,-2.146442,5211,UN1,Wolverhampton,234025.0,Major,1,5,24,485.0
WV3 7HT,E63009805,52.576633,-2.155853,22605,UN1,Wolverhampton,234025.0,Major,0,1,18,1031.0
WV3 7LF,E63009805,52.588483,-2.114949,4900,UN1,Wolverhampton,234025.0,Major,1,6,28,634.0
WV3 8HG,E63009805,52.577981,-2.186951,15737,UN1,Wolverhampton,234025.0,Major,1,1,8,212.0
WV3 9NJ,E63009805,52.589496,-2.149463,8627,UN1,Wolverhampton,234025.0,Major,0,4,25,629.0
WV4 4AA,E63009805,52.567863,-2.144860,14431,UN1,Wolverhampton,234025.0,Major,1,4,20,177.0
WV4 4LP,E63009805,52.566037,-2.166452,9164,UN1,Wolverhampton,234025.0,Major,1,2,9,373.0
WV4 5PY,E63009805,52.559838,-2.149804,26085,UN1,Wolverhampton,234025.0,Major,1,2,11,0.0
WV4 6ED,E63009805,52.567423,-2.121267,3409,UN1,Wolverhampton,234025.0,Major,2,6,20,0.0
WV5 0AW,E63009937,52.528110,-2.194713,8089,UN1,Wombourne,12815.0,Small,0,3,5,555.0
WV5 8DX,E63009937,52.533025,-2.196150,21082,UN1,Wombourne,12815.0,Small,1,5,5,0.0
WV5 9DP,E63009937,52.535006,-2.183259,25725,UN1,Wombourne,12815.0,Small,2,4,5,196.0
WV6 0DE,E63009805,52.593786,-2.155530,10234,UN1,Wolverhampton,234025.0,Major,2,7,16,0.0
WV6 0JZ,E63009805,52.596711,-2.159630,10234,UN1,Wolverhampton,234025.0,Major,4,5,15,427.0
WV6 0QW,E63009805,52.594197,-2.142865,2339,UN1,Wolverhampton,234025.0,Major,1,7,21,174.0
WV6 7BD,E63009822,52.588909,-2.264079,27972,RLN1,Pattingham,1775.0,Minor,0,0,0,4145.0
WV6 7QH,E63009812,52.594819,-2.202982,11005,UN1,Perton,9300.0,Small,2,2,4,88.0
WV6 8AF,E63009805,52.585737,-2.176992,22002,UN1,Wolverhampton,234025.0,Major,2,3,14,0.0
WV6 8EJ,E63009805,52.590529,-2.182015,22002,UN1,Wolverhampton,234025.0,Major,0,3,14,632.0
WV6 8QQ,E63009805,52.598092,-2.168848,26646,UN1,Wolverhampton,234025.0,Major,0,3,12,697.0
WV6 9LL,E63009805,52.600739,-2.159497,23843,UN1,Wolverhampton,234025.0,Major,2,5,12,0.0
WV7 3JA,E63009733,52.633985,-2.275255,30803,RLN1,Albrighton,6985.0,Small,1,1,1,374.0
WV8 1BX,E63009751,52.629945,-2.201593,15812,UN1,Codsall,11865.0,Small,2,4,6,984.0
WV8 1DT,E63009751,52.630945,-2.205676,27727,UN1,Codsall,11865.0,Small,2,2,6,1275.0
WV8 1EA,E63009751,52.631620,-2.199931,27727,UN1,Codsall,11865.0,Small,2,2,6,1022.0
WV8 1EZ,E63009751,52.627229,-2.179686,8755,UN1,Codsall,11865.0,Small,1,3,6,305.0
WV8 1PE,E63009751,52.624868,-2.189648,15812,UN1,Codsall,11865.0,Small,1,4,6,0.0
WV9 5BX,E63009687,52.658285,-2.135299,23766,RLN1,Coven,2395.0,Minor,0,0,1,1891.0
WV9 5NJ,E63009805,52.623574,-2.144616,7084,UN1,Wolverhampton,234025.0,Major,1,3,9,842.0
WV9 5PG,E63009805,52.622340,-2.146119,7084,UN1,Wolverhampton,234025.0,Major,1,3,7,941.0
YO1 7LJ,E63007706,53.962526,-1.078521,17523,UN1,York,141685.0,Large,3,7,21,378.0
YO1 8BH,E63007706,53.960336,-1.080078,17523,UN1,York,141685.0,Large,4,8,21,196.0
YO1 9QR,E63007706,53.958038,-1.082796,8661,UN1,York,141685.0,Large,3,9,19,346.0
YO10 3SD,E63007706,53.959229,-1.049834,23069,UN1,York,141685.0,Large,0,2,9,1141.0
YO10 3SN,E63007706,53.954518,-1.058780,25011,UN1,York,141685.0,Large,1,2,16,422.0
YO10 4DX,E63007706,53.946405,-1.074183,28550,UN1,York,141685.0,Large,2,4,15,315.0
YO10 4DZ,E63007706,53.945547,-1.078392,31136,UN1,York,141685.0,Large,2,4,16,377.0
YO10 4PN,E63007706,53.934688,-1.071121,29526,UN1,York,141685.0,Large,0,0,4,1004.0
YO10 5HD,E63007706,53.953678,-1.036671,32644,UN1,York,141685.0,Large,0,1,5,584.0
YO11 1LN,E63007514,54.281551,-0.402980,702,UF1,Scarborough,59505.0,Medium,6,14,15,138.0
YO11 1UB,E63007514,54.277326,-0.409732,8995,UF1,Scarborough,59505.0,Medium,5,13,17,0.0
YO11 1XP,E63007514,54.282066,-0.402468,574,UF1,Scarborough,59505.0,Medium,6,14,15,198.0
YO11 2LN,E63007514,54.273912,-0.403029,3438,UF1,Scarborough,59505.0,Medium,0,10,15,577.0
YO11 2NP,E63007514,54.280311,-0.402951,702,UF1,Scarborough,59505.0,Medium,4,14,15,0.0
YO11 3LL,E63007514,54.239276,-0.397308,2258,UF1,Scarborough,59505.0,Medium,1,1,2,44.0
YO11 3YN,E63007514,54.239054,-0.416528,26870,UF1,Scarborough,59505.0,Medium,0,0,2,1232.0
YO12 5AX,E63007514,54.276865,-0.412960,8995,UF1,Scarborough,59505.0,Medium,4,12,17,216.0
YO12 5EA,E63007514,54.277944,-0.410922,8995,UF1,Scarborough,59505.0,Medium,6,13,17,103.0
YO12 5EG,E63007514,54.276995,-0.413968,8995,UF1,Scarborough,59505.0,Medium,4,12,17,277.0
YO12 6EE,E63007514,54.296099,-0.441846,23455,UF1,Scarborough,59505.0,Medium,2,2,7,57.0
YO12 6JG,E63007514,54.289417,-0.418055,5682,UF1,Scarborough,59505.0,Medium,0,4,22,807.0
YO12 6NN,E63007514,54.288958,-0.431838,391,UF1,Scarborough,59505.0,Medium,0,4,16,726.0
YO12 7BQ,E63007514,54.281896,-0.410739,9801,UF1,Scarborough,59505.0,Medium,3,14,18,91.0
YO12 7PD,E63007514,54.285853,-0.401354,585,UF1,Scarborough,59505.0,Medium,3,7,16,124.0
YO13 9HL,E63007525,54.250100,-0.481492,21294,RLF1,East Ayton and West Ayton,2810.0,Minor,0,1,1,909.0
YO14 0JR,E63007572,54.180135,-0.321568,8605,RLF1,Hunmanby,2900.0,Minor,1,1,1,137.0
YO14 9DG,E63007551,54.209164,-0.288006,5186,RLF1,Filey,6665.0,Small,1,1,1,185.0
YO14 9GE,E63007569,54.179534,-0.281476,8605,RSF1,Primrose Valley,415.0,Minor,0,0,0,2473.0
YO15 1JX,E63007613,54.117556,-0.123627,17551,RLF1,Flamborough,1870.0,Minor,0,0,0,6231.0
YO15 2AB,E63007623,54.084538,-0.194069,3007,UF1,Bridlington,34845.0,Medium,6,8,13,457.0
YO15 2AT,E63007623,54.086620,-0.193199,3007,UF1,Bridlington,34845.0,Medium,4,8,13,555.0
YO15 2DQ,E63007623,54.082014,-0.190556,44,UF1,Bridlington,34845.0,Medium,2,7,13,748.0
YO15 2PY,E63007623,54.082963,-0.189108,44,UF1,Bridlington,34845.0,Medium,4,7,13,804.0
YO15 2QL,E63007623,54.085783,-0.185973,8221,UF1,Bridlington,34845.0,Medium,2,7,11,991.0
YO15 3QY,E63007641,54.060061,-0.258067,6005,RSF1,Carnaby,,,0,0,0,3507.0
YO16 4JB,E63007623,54.086500,-0.200788,7558,UF1,Bridlington,34845.0,Medium,5,9,13,199.0
YO16 4LZ,E63007623,54.084715,-0.201064,7558,UF1,Bridlington,34845.0,Medium,4,9,13,0.0
YO16 4QF,E63007623,54.093413,-0.211132,3865,UF1,Bridlington,34845.0,Medium,0,2,13,820.0
YO16 4RB,E63007623,54.082013,-0.219465,1256,UF1,Bridlington,34845.0,Medium,1,2,11,0.0
YO16 7DJ,E63007623,54.098677,-0.190993,18255,UF1,Bridlington,34845.0,Medium,0,0,10,1571.0
YO17 7HT,E63007602,54.135705,-0.797251,13918,UF1,Malton,6320.0,Small,4,6,6,347.0
YO17 7LX,E63007602,54.135091,-0.798723,13918,UF1,Malton,6320.0,Small,4,6,6,284.0
YO17 9HX,E63007606,54.132483,-0.786049,16504,UF1,Norton-on-Derwent,7905.0,Small,0,5,6,762.0
YO17 9RD,E63007602,54.132066,-0.797310,16504,UF1,Malton,6320.0,Small,4,6,6,66.0
YO17 9RF,E63007602,54.132600,-0.797739,16504,UF1,Malton,6320.0,Small,4,6,6,0.0
YO18 7AE,E63007530,54.245690,-0.777589,27459,RLF1,Pickering,7255.0,Small,1,1,1,264.0
YO18 7RJ,E63007537,54.235231,-0.722374,24919,RLF1,Thornton-le-Dale,1855.0,Minor,0,0,0,3988.0
YO19 5PN,E63007703,53.964593,-0.980432,31145,RLN1,Dunnington,3255.0,Minor,0,0,0,3591.0
YO21 1BL,E63007449,54.485995,-0.615173,10410,UF1,Whitby,12595.0,Small,2,4,6,173.0
YO21 1SD,E63007449,54.485934,-0.623186,16229,UF1,Whitby,12595.0,Small,2,5,6,0.0
YO21 3JP,E63007449,54.490908,-0.631449,16229,UF1,Whitby,12595.0,Small,0,2,5,769.0
YO22 4HJ,E63007449,54.472787,-0.605341,12337,UF1,Whitby,12595.0,Small,0,0,5,1460.0
YO23 1JJ,E63007706,53.951661,-1.084596,20119,UN1,York,141685.0,Large,1,9,18,117.0
YO23 2SJ,E63007738,53.919629,-1.093000,27347,RLN1,Bishopthorpe,3335.0,Minor,0,0,2,1860.0
YO23 3GG,E63007742,53.915563,-1.141473,29606,RLN1,Copmanthorpe,3670.0,Minor,1,1,1,90.0
YO24 1AZ,E63007706,53.954215,-1.093059,10354,UN1,York,141685.0,Large,3,6,21,224.0
YO24 1LW,E63007706,53.931053,-1.115888,31160,UN1,York,141685.0,Large,1,2,4,297.0
YO24 2TU,E63007706,53.938059,-1.120234,13035,UN1,York,141685.0,Large,0,2,13,856.0
YO24 3BN,E63007706,53.955275,-1.124521,17631,UN1,York,141685.0,Large,7,10,16,172.0
YO24 3BR,E63007706,53.954318,-1.128853,8881,UN1,York,141685.0,Large,5,10,15,126.0
YO24 3BU,E63007706,53.953614,-1.130925,8881,UN1,York,141685.0,Large,7,10,15,0.0
YO24 3WX,E63007706,53.949333,-1.129247,8117,UN1,York,141685.0,Large,3,10,15,0.0
YO24 4HD,E63007706,53.955939,-1.119417,22654,UN1,York,141685.0,Large,3,12,19,0.0
YO24 4PS,E63007706,53.950353,-1.120052,17631,UN1,York,141685.0,Large,0,10,17,612.0
YO25 6PS,E63007676,54.003612,-0.437284,19567,UF1,Driffield,13215.0,Small,3,5,5,335.0
YO25 6RA,E63007676,54.004150,-0.439995,19567,UF1,Driffield,13215.0,Small,3,5,5,237.0
YO25 6ST,E63007676,54.008544,-0.441937,16874,UF1,Driffield,13215.0,Small,3,5,5,187.0
YO25 6TS,E63007676,54.005027,-0.442449,19567,UF1,Driffield,13215.0,Small,4,5,5,228.0
YO26 5PJ,E63007706,53.963758,-1.134235,29823,UN1,York,141685.0,Large,0,1,13,979.0
YO26 5RU,E63007706,53.963470,-1.116865,26925,UN1,York,141685.0,Large,1,3,19,0.0
YO26 6DF,E63007695,53.980009,-1.151937,28981,UN1,Upper Poppleton,3520.0,Minor,0,0,0,2446.0
YO30 4RY,E63007706,53.985569,-1.093599,27992,UN1,York,141685.0,Large,2,4,9,470.0
YO30 4WL,E63007706,53.985479,-1.100784,27992,UN1,York,141685.0,Large,2,4,7,0.0
YO30 4XZ,E63007706,53.992093,-1.101739,27992,UN1,York,141685.0,Large,1,4,5,358.0
YO30 6BA,E63007706,53.969072,-1.095451,21662,UN1,York,141685.0,Large,0,2,18,730.0
YO31 1AE,E63007706,53.966607,-1.057669,32089,UN1,York,141685.0,Large,0,2,13,1560.0
YO31 7EQ,E63007706,53.964104,-1.083821,8661,UN1,York,141685.0,Large,2,7,16,542.0
YO31 7YJ,E63007706,53.964913,-1.066335,30770,UN1,York,141685.0,Large,0,3,17,990.0
YO31 9AL,E63007706,53.977730,-1.062862,8680,UN1,York,141685.0,Large,0,1,9,960.0
YO31 9HU,E63007694,53.986772,-1.068744,13082,UN1,Huntington (York),12420.0,Small,0,0,9,1268.0
YO32 2HX,E63007675,54.016827,-1.076849,28813,UN1,Haxby,10180.0,Small,3,3,3,433.0
YO32 2LL,E63007675,54.019338,-1.081921,29549,UN1,Haxby,10180.0,Small,3,3,3,0.0
YO32 2ZB,E63007675,54.018887,-1.080619,29549,UN1,Haxby,10180.0,Small,3,3,3,99.0
YO32 5XR,E63007657,54.039969,-1.034221,27245,RLN1,Strensall,6055.0,Small,1,1,1,115.0
YO32 9GX,E63007694,53.988279,-1.045452,24831,UN1,Huntington (York),12420.0,Small,1,2,6,2462.0
YO32 9LF,E63007694,53.986493,-1.043479,24831,UN1,Huntington (York),12420.0,Small,1,2,6,2478.0
YO32 9LG,E63007694,53.985970,-1.053496,24831,UN1,Huntington (York),12420.0,Small,0,2,7,1881.0
YO32 9QN,E63007694,53.997597,-1.057672,25530,UN1,Huntington (York),12420.0,Small,1,1,5,2634.0
YO32 9RU,E63007694,53.998764,-1.055189,30450,UN1,Huntington (York),12420.0,Small,1,1,5,2826.0
YO41 1AF,E63007691,53.991487,-0.914906,32721,RLN1,Stamford Bridge,4490.0,Minor,0,0,0,3043.0
YO42 2AL,E63007726,53.931041,-0.778222,17885,UN1,Pocklington,10120.0,Small,0,2,2,827.0
YO42 2BS,E63007726,53.923750,-0.780688,27675,UN1,Pocklington,10120.0,Small,1,2,2,0.0
YO43 3AJ,E63007799,53.864571,-0.667368,20822,RLN1,Market Weighton,7460.0,Small,2,2,2,488.0
YO43 3FF,E63007799,53.864923,-0.674793,28819,RLN1,Market Weighton,7460.0,Small,2,2,2,0.0
YO43 4BJ,E63007831,53.836922,-0.765643,18598,RSF1,Holme upon Spalding Moor,2545.0,Minor,0,0,0,6723.0
YO51 9AW,E63007631,54.094875,-1.395249,24370,RLN1,Boroughbridge,3070.0,Minor,1,1,1,179.0
YO61 3AD,E63007616,54.121901,-1.191580,31018,RLN1,Easingwold,5035.0,Small,1,1,1,396.0
YO62 5HD,E63007531,54.249254,-1.056429,21452,RLF1,Helmsley,1345.0,Minor,1,1,1,0.0
YO62 6DB,E63007519,54.269334,-0.930643,25640,RLF1,Kirkbymoorside,2765.0,Minor,1,1,1,217.0
YO7 1LB,E63007543,54.232138,-1.343267,14982,UN1,Thirsk,5890.0,Small,4,4,4,75.0
YO7 1LU,E63007543,54.231693,-1.342399,14982,UN1,Thirsk,5890.0,Small,3,4,4,0.0
YO7 1PZ,E63007548,54.230432,-1.350120,25422,UF1,Sowerby,4725.0,Minor,2,4,4,480.0
YO8 4BL,E63007909,53.785036,-1.074821,9732,UN1,Selby,19475.0,Small,4,7,9,0.0
YO8 4HE,E63007909,53.783583,-1.071726,9732,UN1,Selby,19475.0,Small,6,7,9,37.0
YO8 4PB,E63007909,53.783726,-1.069204,6628,UN1,Selby,19475.0,Small,6,7,9,170.0
YO8 4QH,E63007909,53.781019,-1.069112,6628,UN1,Selby,19475.0,Small,4,7,9,0.0
YO8 5JH,E63007879,53.800203,-1.040933,20120,UN1,Barlby,3495.0,Minor,0,0,0,2717.0
YO8 6EL,,53.762265,-0.939629,25565,RSN1,,,,0,0,0,5035.0
YO8 9AJ,E63007909,53.774959,-1.080535,28582,UF1,Selby,19475.0,Small,2,2,9,0.0
YO8 9FL,E63007921,53.767695,-1.127209,27930,RLF1,Thorpe Willoughby,3485.0,Minor,1,1,1,3172.0
YO8 9NA,E63007921,53.771111,-1.124863,23516,RLF1,Thorpe Willoughby,3485.0,Minor,1,1,1,2944.0
