bua_nombre,poblacion,n_farmacias,objetos_1000m_prom,dist_cs_prom,imd_prom,rural_dummy,n_farmacias_ciudad,hab_x_farmacia,bua_poblacion,objetos_1000m,dist_centro_salud_m,imd20ind,es_cadena_nacional,es_cadena_regional,es_supermercado,monopolio_local,venta_predicha_nueva
Abbots Langley and Kings Langley,18205.0,4,3.0,182.5,24180.75,0.0,5,3641.0,18205.0,3.0,182.5,24180.75,0,0,0,0,8510.195863900182
Abingdon-on-Thames,33175.0,6,2.6666666666666665,398.5,23448.166666666668,0.0,7,4739.285714285715,33175.0,2.6666666666666665,398.5,23448.166666666668,0,0,0,0,8137.389779454125
Accrington,34895.0,12,11.166666666666666,383.8333333333333,3482.0,0.0,13,2684.230769230769,34895.0,11.166666666666666,383.8333333333333,3482.0,0,0,0,0,7329.9665931472555
Ackworth Moor Top,6280.0,1,1.0,0.0,21704.0,1.0,2,3140.0,6280.0,1.0,0.0,21704.0,0,0,0,0,10058.556854245368
Acle,2265.0,1,1.0,282.0,16656.0,1.0,2,1132.5,2265.0,1.0,282.0,16656.0,0,0,0,0,6732.764634948638
Addingham,3250.0,1,1.0,0.0,22949.0,1.0,2,1625.0,3250.0,1.0,0.0,22949.0,0,0,0,0,8526.794509505264
Addlestone,13745.0,2,3.0,200.5,23607.5,0.0,3,4581.666666666667,13745.0,3.0,200.5,23607.5,0,0,0,0,8623.48324291598
Adlington (Chorley),8780.0,2,2.5,402.5,16126.0,1.0,3,2926.6666666666665,8780.0,2.5,402.5,16126.0,0,0,0,0,7846.510102688741
Adwick le Street,18325.0,7,2.5714285714285716,1169.7142857142858,5389.857142857143,0.0,8,2290.625,18325.0,2.5714285714285716,1169.7142857142858,5389.857142857143,0,0,0,0,7204.224507745381
Aintree,6215.0,3,2.3333333333333335,1660.6666666666667,12574.333333333334,0.0,4,1553.75,6215.0,2.3333333333333335,1660.6666666666667,12574.333333333334,0,0,0,0,6774.329930524328
Albrighton,6985.0,1,1.0,374.0,30803.0,1.0,2,3492.5,6985.0,1.0,374.0,30803.0,0,0,0,0,7406.14220524002
Alcester,6425.0,3,3.0,509.0,23303.666666666668,1.0,4,1606.25,6425.0,3.0,509.0,23303.666666666668,0,0,0,0,6165.200198300994
Alconbury,1465.0,1,1.0,372.0,25691.0,1.0,2,732.5,1465.0,1.0,372.0,25691.0,0,0,0,0,5415.444741812811
Aldeburgh,2425.0,1,1.0,368.0,18299.0,1.0,2,1212.5,2425.0,1.0,368.0,18299.0,0,0,0,0,6746.666112905112
Alderley Edge,4495.0,2,2.0,311.5,31199.5,0.0,3,1498.3333333333333,4495.0,2.0,311.5,31199.5,0,0,0,0,6064.104849434877
Aldershot,39825.0,8,3.625,409.875,14473.875,0.0,9,4425.0,39825.0,3.625,409.875,14473.875,0,0,0,0,8351.175987052606
Aldridge,15835.0,4,2.25,660.75,21923.75,0.0,5,3167.0,15835.0,2.25,660.75,21923.75,0,0,0,0,7284.302131102906
Alford (East Lindsey),3830.0,1,2.0,0.0,7609.0,1.0,2,1915.0,3830.0,2.0,0.0,7609.0,0,0,0,0,9611.838477819963
Alfreton,8795.0,4,7.0,167.25,7806.0,0.0,5,1759.0,8795.0,7.0,167.25,7806.0,0,0,0,0,7683.863535132935
Allendale Town,730.0,1,0.0,8855.0,21892.0,1.0,2,365.0,730.0,0.0,8855.0,21892.0,0,0,0,0,4478.527591967297
Alnwick,8435.0,2,4.0,338.5,13096.5,1.0,3,2811.6666666666665,8435.0,4.0,338.5,13096.5,0,0,0,0,7577.695021288709
Alrewas,2830.0,1,1.0,138.0,32074.0,1.0,2,1415.0,2830.0,1.0,138.0,32074.0,0,0,0,0,6572.892709244469
Alsager,15505.0,3,3.0,271.3333333333333,29768.0,0.0,4,3876.25,15505.0,3.0,271.3333333333333,29768.0,0,0,0,0,8363.932981373857
Alston,1075.0,1,1.0,196.0,15136.0,1.0,2,537.5,1075.0,1.0,196.0,15136.0,0,0,0,0,5801.321490222847
Alton (East Hampshire),17880.0,4,1.75,456.5,18253.75,0.0,5,3576.0,17880.0,1.75,456.5,18253.75,0,0,0,0,7805.832762703139
Altrincham,49680.0,14,6.642857142857143,337.64285714285717,25071.071428571428,0.0,15,3312.0,49680.0,6.642857142857143,337.64285714285717,25071.071428571428,0,0,0,0,6814.671249779779
Alvechurch,3410.0,1,0.0,2330.0,21135.0,1.0,2,1705.0,3410.0,0.0,2330.0,21135.0,0,0,0,0,6384.916795294035
Alveston,2065.0,1,0.0,1803.0,21849.0,1.0,2,1032.5,2065.0,0.0,1803.0,21849.0,0,0,0,0,6415.315382159776
Amble,5860.0,2,3.0,150.5,11561.0,1.0,3,1953.3333333333333,5860.0,3.0,150.5,11561.0,0,0,0,0,7718.599492685984
Ambleside,2625.0,2,2.0,491.5,23496.0,1.0,3,875.0,2625.0,2.0,491.5,23496.0,0,0,0,0,5481.029773135608
Amersham,17380.0,4,3.0,282.5,29829.75,0.0,5,3476.0,17380.0,3.0,282.5,29829.75,0,0,0,0,7303.942745722128
Amesbury,12680.0,2,3.0,101.5,22131.0,0.0,3,4226.666666666667,12680.0,3.0,101.5,22131.0,0,0,0,0,9343.601157133662
Ampthill,8825.0,1,2.0,597.0,28860.0,0.0,2,4412.5,8825.0,2.0,597.0,28860.0,0,0,0,0,7898.651578736698
Andover,48480.0,8,5.25,312.625,13797.0,0.0,9,5386.666666666667,48480.0,5.25,312.625,13797.0,0,0,0,0,8785.10144717131
Annesley Woodhouse,6160.0,1,1.0,190.0,13988.0,0.0,2,3080.0,6160.0,1.0,190.0,13988.0,0,0,0,0,8104.438056218233
Annfield Plain,7785.0,1,3.0,32.0,10306.0,0.0,2,3892.5,7785.0,3.0,32.0,10306.0,0,0,0,0,10452.484604463913
Anstey,7045.0,2,2.0,189.5,23896.0,1.0,3,2348.3333333333335,7045.0,2.0,189.5,23896.0,0,0,0,0,6568.955241306192
Appleby-in-Westmorland,3235.0,1,1.0,177.0,15069.0,1.0,2,1617.5,3235.0,1.0,177.0,15069.0,0,0,0,0,7418.664336085755
Appley Bridge,5130.0,1,2.0,927.0,26702.0,0.0,2,2565.0,5130.0,2.0,927.0,26702.0,0,0,0,0,6766.909798377683
Arlesey,6025.0,1,0.0,2392.0,22957.0,1.0,2,3012.5,6025.0,0.0,2392.0,22957.0,0,0,0,0,7435.641921790305
Armthorpe,14160.0,2,3.0,102.0,12478.0,0.0,3,4720.0,14160.0,3.0,102.0,12478.0,0,0,0,0,9710.267676397032
Arnold,40010.0,8,7.375,152.625,14130.125,0.0,9,4445.555555555556,40010.0,7.375,152.625,14130.125,0,0,0,0,8914.243482358143
Arnside,2230.0,1,0.0,4896.0,24413.0,1.0,2,1115.0,2230.0,0.0,4896.0,24413.0,0,0,0,0,6064.442336663
Arundel,3040.0,2,0.5,513.0,16438.0,1.0,3,1013.3333333333334,3040.0,0.5,513.0,16438.0,0,0,0,0,6701.855484144095
Asfordby,2760.0,1,0.0,4595.0,27271.0,1.0,2,1380.0,2760.0,0.0,4595.0,27271.0,0,0,0,0,6038.318288473746
Ash (Dover),2530.0,1,1.0,108.0,11716.0,1.0,2,1265.0,2530.0,1.0,108.0,11716.0,0,0,0,0,7709.167466698772
Ash and Ash Vale,24285.0,2,0.0,1764.0,30581.0,0.0,3,8095.0,24285.0,0.0,1764.0,30581.0,0,0,0,0,9027.349242112965
Ashbourne,8855.0,2,3.0,297.5,22942.0,1.0,3,2951.6666666666665,8855.0,3.0,297.5,22942.0,0,0,0,0,7602.050178693032
Ashburton,3365.0,1,1.0,670.0,14847.0,1.0,2,1682.5,3365.0,1.0,670.0,14847.0,0,0,0,0,6502.901544274488
Ashby-de-la-Zouch,15120.0,4,2.25,838.25,29178.5,0.0,5,3024.0,15120.0,2.25,838.25,29178.5,0,0,0,0,6619.765855501643
Ashford (Ashford),82140.0,15,2.7333333333333334,841.8,17325.4,0.0,16,5133.75,82140.0,2.7333333333333334,841.8,17325.4,0,0,0,0,7889.398955893121
Ashford (Spelthorne),22825.0,6,6.5,197.16666666666666,23418.333333333332,0.0,7,3260.714285714286,22825.0,6.5,197.16666666666666,23418.333333333332,0,0,0,0,7568.865614153837
Ashford Common,8335.0,1,1.0,1135.0,15725.0,0.0,2,4167.5,8335.0,1.0,1135.0,15725.0,0,0,0,0,8306.951325524235
Ashingdon,6485.0,2,1.5,626.5,23470.5,0.0,3,2161.6666666666665,6485.0,1.5,626.5,23470.5,0,0,0,0,6141.628568817571
Ashington (Horsham),2690.0,1,0.0,4921.0,28069.0,1.0,2,1345.0,2690.0,0.0,4921.0,28069.0,0,0,0,0,6038.318288473746
Ashington (Northumberland),28280.0,7,4.428571428571429,1158.2857142857142,8799.714285714286,0.0,8,3535.0,28280.0,4.428571428571429,1158.2857142857142,8799.714285714286,0,0,0,0,7439.148946379861
Ashley (New Forest),7725.0,2,2.5,495.5,20521.0,0.0,3,2575.0,7725.0,2.5,495.5,20521.0,0,0,0,0,7371.703997904475
Ashley Heath,7150.0,1,0.0,3215.0,30236.0,1.0,2,3575.0,7150.0,0.0,3215.0,30236.0,0,0,0,0,7293.620644428901
Ashtead,14830.0,3,3.6666666666666665,371.3333333333333,30997.333333333332,0.0,4,3707.5,14830.0,3.6666666666666665,371.3333333333333,30997.333333333332,0,0,0,0,7360.953689959255
Ashton-in-Makerfield,26375.0,3,3.6666666666666665,156.0,13674.666666666666,0.0,4,6593.75,26375.0,3.6666666666666665,156.0,13674.666666666666,0,0,0,0,9853.113963090656
Ashton-under-Lyne,48600.0,12,11.666666666666666,62.416666666666664,1682.5833333333333,0.0,13,3738.4615384615386,48600.0,11.666666666666666,62.416666666666664,1682.5833333333333,0,0,0,0,8778.916308519185
Ashwell,1980.0,1,1.0,309.0,32263.0,1.0,2,990.0,1980.0,1.0,309.0,32263.0,0,0,0,0,5342.649637919174
Askern,5435.0,2,2.0,153.5,12952.0,1.0,3,1811.6666666666667,5435.0,2.0,153.5,12952.0,0,0,0,0,7585.0627025356935
Aspatria,2170.0,1,1.0,0.0,15841.0,1.0,2,1085.0,2170.0,1.0,0.0,15841.0,0,0,0,0,9152.666300037921
Aspull,4935.0,1,2.0,0.0,21640.0,1.0,2,2467.5,4935.0,2.0,0.0,21640.0,0,0,0,0,9771.96600980538
Astley,4735.0,2,4.0,0.0,24543.5,0.0,3,1578.3333333333333,4735.0,4.0,0.0,24543.5,0,0,0,0,8378.471617223217
Aston Clinton,5510.0,1,0.0,1421.0,32248.0,1.0,2,2755.0,5510.0,0.0,1421.0,32248.0,0,0,0,0,6730.823603126762
Astwood Bank,3250.0,1,1.0,179.0,27773.0,0.0,2,1625.0,3250.0,1.0,179.0,27773.0,0,0,0,0,6605.521721913283
Atherstone,8665.0,3,3.0,67.33333333333333,5646.0,0.0,4,2166.25,8665.0,3.0,67.33333333333333,5646.0,0,0,0,0,9129.654465068566
Atherton,27575.0,4,4.5,517.5,10296.75,0.0,5,5515.0,27575.0,4.5,517.5,10296.75,0,0,0,0,8585.50335867284
Attleborough,11235.0,1,3.0,0.0,18336.0,0.0,2,5617.5,11235.0,3.0,0.0,18336.0,0,0,0,0,12338.880532619081
Auckley,1335.0,1,0.0,3691.0,30325.0,1.0,2,667.5,1335.0,0.0,3691.0,30325.0,0,0,0,0,5320.474944475402
Audenshaw,13395.0,1,2.0,328.0,4176.0,0.0,2,6697.5,13395.0,2.0,328.0,4176.0,0,0,0,0,10040.465091732967
Audlem,1835.0,1,1.0,0.0,19889.0,1.0,2,917.5,1835.0,1.0,0.0,19889.0,0,0,0,0,8511.517699816897
Audley,1985.0,1,1.0,0.0,18854.0,1.0,2,992.5,1985.0,1.0,0.0,18854.0,0,0,0,0,8486.943371023688
Aveley,9360.0,2,1.0,0.0,12977.0,1.0,3,3120.0,9360.0,1.0,0.0,12977.0,0,0,0,0,10201.02333684344
Avonmouth,2645.0,1,2.0,91.0,11235.0,0.0,2,1322.5,2645.0,2.0,91.0,11235.0,0,0,0,0,7709.167466698772
Awsworth,2445.0,1,0.0,1894.0,16941.0,0.0,2,1222.5,2445.0,0.0,1894.0,16941.0,0,0,0,0,6828.34168955175
Axbridge,1995.0,1,1.0,247.0,21868.0,1.0,2,997.5,1995.0,1.0,247.0,21868.0,0,0,0,0,5979.536002840142
Axminster,6095.0,1,1.0,161.0,17779.0,1.0,2,3047.5,6095.0,1.0,161.0,17779.0,0,0,0,0,8650.717641708203
Aylesbury,87950.0,15,3.1333333333333333,552.6,18981.0,0.0,16,5496.875,87950.0,3.1333333333333333,552.6,18981.0,0,0,0,0,8220.037807657742
Aylesham,5785.0,1,1.0,0.0,4622.0,1.0,2,2892.5,5785.0,1.0,0.0,4622.0,0,0,0,0,10811.899056054554
Aylsham,7185.0,2,2.0,286.5,11986.0,1.0,3,2395.0,7185.0,2.0,286.5,11986.0,0,0,0,0,7572.116057103742
Backwell,4345.0,1,0.0,2587.0,25523.0,1.0,2,2172.5,4345.0,0.0,2587.0,25523.0,0,0,0,0,6148.458719185077
Backworth,4490.0,2,2.0,1020.0,21453.0,0.0,3,1496.6666666666667,4490.0,2.0,1020.0,21453.0,0,0,0,0,6266.039645920701
Bacup,13560.0,3,2.0,760.6666666666666,3424.0,0.0,4,3390.0,13560.0,2.0,760.6666666666666,3424.0,0,0,0,0,8256.20277001376
Bagshot,5930.0,1,1.0,76.0,18206.0,1.0,2,2965.0,5930.0,1.0,76.0,18206.0,0,0,0,0,9182.778071372295
Baildon,17050.0,2,3.0,365.0,15862.5,0.0,3,5683.333333333333,17050.0,3.0,365.0,15862.5,0,0,0,0,9052.353170945804
Bailrigg,4790.0,1,0.0,3673.0,24654.0,1.0,2,2395.0,4790.0,0.0,3673.0,24654.0,0,0,0,0,6741.695071865664
Bakewell,3275.0,2,2.0,207.0,22954.5,1.0,3,1091.6666666666667,3275.0,2.0,207.0,22954.5,0,0,0,0,6429.478475192289
Balderton,12875.0,2,2.0,203.5,19531.5,0.0,3,4291.666666666667,12875.0,2.0,203.5,19531.5,0,0,0,0,8961.224965706531
Baldock,10615.0,2,2.0,78.5,18358.0,0.0,3,3538.3333333333335,10615.0,2.0,78.5,18358.0,0,0,0,0,9310.275167691727
Balsall Common,7095.0,2,2.0,249.5,32334.0,1.0,3,2365.0,7095.0,2.0,249.5,32334.0,0,0,0,0,6333.578136670066
Bamber Bridge,40360.0,8,4.0,228.875,15485.5,0.0,9,4484.444444444444,40360.0,4.0,228.875,15485.5,0,0,0,0,8707.624156489403
Bampton (Mid Devon),1295.0,1,1.0,6842.0,13825.0,1.0,2,647.5,1295.0,1.0,6842.0,13825.0,0,0,0,0,6117.808131776498
Bampton (West Oxfordshire),2995.0,1,1.0,0.0,31016.0,1.0,2,1497.5,2995.0,1.0,0.0,31016.0,0,0,0,0,8345.176881139902
Banbury,52045.0,7,3.7142857142857144,822.5714285714286,11090.142857142857,0.0,8,6505.625,52045.0,3.7142857142857144,822.5714285714286,11090.142857142857,0,0,0,0,8837.926273614825
Banks,4435.0,1,0.0,2943.0,13575.0,1.0,2,2217.5,4435.0,0.0,2943.0,13575.0,0,0,0,0,6867.54744331281
Banstead,8925.0,3,4.0,108.66666666666667,28646.666666666668,0.0,4,2231.25,8925.0,4.0,108.66666666666667,28646.666666666668,0,0,0,0,6822.579777269039
Banwell,2180.0,1,0.0,3122.0,12966.0,1.0,2,1090.0,2180.0,0.0,3122.0,12966.0,0,0,0,0,6783.531060790733
Bar Hill,3900.0,1,1.0,244.0,21901.0,1.0,2,1950.0,3900.0,1.0,244.0,21901.0,0,0,0,0,6781.258711438574
Bardney,2070.0,1,0.0,8784.0,11783.0,1.0,2,1035.0,2070.0,0.0,8784.0,11783.0,0,0,0,0,6917.067850941024
Barlaston,1415.0,1,0.0,2968.0,26430.0,1.0,2,707.5,1415.0,0.0,2968.0,26430.0,0,0,0,0,5341.845906883309
Barlborough,2855.0,1,2.0,305.0,23415.0,1.0,2,1427.5,2855.0,2.0,305.0,23415.0,0,0,0,0,6353.092830699484
Barlby,3495.0,1,0.0,2717.0,20120.0,0.0,2,1747.5,3495.0,0.0,2717.0,20120.0,0,0,0,0,6777.706802718202
Barnard Castle,5785.0,2,2.5,437.5,17029.0,1.0,3,1928.3333333333333,5785.0,2.5,437.5,17029.0,0,0,0,0,6800.952589956754
Barnburgh and Harlington,1850.0,1,0.0,2740.0,14438.0,1.0,2,925.0,1850.0,0.0,2740.0,14438.0,0,0,0,0,6117.808131776498
Barnham (Arun),10145.0,2,0.5,788.0,24562.5,0.0,3,3381.6666666666665,10145.0,0.5,788.0,24562.5,0,0,0,0,7241.661653689114
Barnoldswick,10915.0,2,2.0,0.0,7557.0,0.0,3,3638.3333333333335,10915.0,2.0,0.0,7557.0,0,0,0,0,10898.38684977088
Barnsley,71405.0,17,8.705882352941176,311.6470588235294,7130.764705882353,0.0,18,3966.9444444444443,71405.0,8.705882352941176,311.6470588235294,7130.764705882353,0,0,0,0,7982.751415027927
Barnstaple,31275.0,6,4.333333333333333,471.8333333333333,12077.666666666666,0.0,7,4467.857142857143,31275.0,4.333333333333333,471.8333333333333,12077.666666666666,0,0,0,0,8407.183566468404
Barnt Green,3820.0,1,1.0,159.0,32304.0,0.0,2,1910.0,3820.0,1.0,159.0,32304.0,0,0,0,0,6632.8601162962195
Barnton,6255.0,2,2.0,149.0,17114.0,0.0,3,2085.0,6255.0,2.0,149.0,17114.0,0,0,0,0,7629.413970749263
Barrow (West Suffolk),1960.0,1,0.0,7828.0,24312.0,1.0,2,980.0,1960.0,0.0,7828.0,24312.0,0,0,0,0,5452.541909546475
Barrow upon Humber,2845.0,1,0.0,3996.0,21437.0,1.0,2,1422.5,2845.0,0.0,3996.0,21437.0,0,0,0,0,6460.126010920793
Barrow upon Soar,6820.0,1,1.0,0.0,28445.0,1.0,2,3410.0,6820.0,1.0,0.0,28445.0,0,0,0,0,9265.382058777672
Barrow-in-Furness,55255.0,11,7.454545454545454,283.72727272727275,5112.454545454545,0.0,12,4604.583333333333,55255.0,7.454545454545454,283.72727272727275,5112.454545454545,0,0,0,0,8451.71309673009
Barrowford,5885.0,1,3.0,262.0,16821.0,0.0,2,2942.5,5885.0,3.0,262.0,16821.0,0,0,0,0,8018.175608240441
Barton-le-Clay,4935.0,1,2.0,0.0,28152.0,1.0,2,2467.5,4935.0,2.0,0.0,28152.0,0,0,0,0,8541.84914692999
Barton-under-Needwood,4715.0,1,1.0,358.0,25329.0,1.0,2,2357.5,4715.0,1.0,358.0,25329.0,0,0,0,0,6329.987596070898
Barton-upon-Humber,11920.0,2,4.0,84.5,12719.0,0.0,3,3973.3333333333335,11920.0,4.0,84.5,12719.0,0,0,0,0,9885.452360189624
Barugh Green and Redbrook,7550.0,2,1.5,1214.0,20033.0,0.0,3,2516.6666666666665,7550.0,1.5,1214.0,20033.0,0,0,0,0,7472.996021277103
Barwell,9150.0,1,1.0,0.0,15168.0,0.0,2,4575.0,9150.0,1.0,0.0,15168.0,0,0,0,0,11234.846007637874
Basildon,115955.0,22,3.909090909090909,305.8181818181818,8714.40909090909,0.0,23,5041.521739130435,115955.0,3.909090909090909,305.8181818181818,8714.40909090909,0,0,0,0,8324.064076360102
Basingstoke,117210.0,15,2.2,794.0,17907.333333333332,0.0,16,7325.625,117210.0,2.2,794.0,17907.333333333332,0,0,0,0,8645.077074313285
Bassingbourn,2355.0,1,0.0,1966.0,25012.0,1.0,2,1177.5,2355.0,0.0,1966.0,25012.0,0,0,0,0,6064.442336663
Bath,94080.0,19,6.7894736842105265,287.89473684210526,20544.315789473683,0.0,20,4704.0,94080.0,6.7894736842105265,287.89473684210526,20544.315789473683,0,0,0,0,8107.070630495682
Bathampton,1700.0,1,0.0,1461.0,30918.0,0.0,2,850.0,1700.0,0.0,1461.0,30918.0,0,0,0,0,5514.438421245538
Batheaston,3880.0,1,1.0,53.0,23644.0,0.0,2,1940.0,3880.0,1.0,53.0,23644.0,0,0,0,0,7389.526293338938
Batley,44500.0,12,12.333333333333334,235.5,5473.416666666667,0.0,13,3423.076923076923,44500.0,12.333333333333334,235.5,5473.416666666667,0,0,0,0,7779.215433933161
Battle,5330.0,2,2.0,99.0,15572.0,1.0,3,1776.6666666666667,5330.0,2.0,99.0,15572.0,0,0,0,0,7666.819827371662
Bawtry,3405.0,1,1.0,278.0,17302.0,1.0,2,1702.5,3405.0,1.0,278.0,17302.0,0,0,0,0,6702.366048082897
Bayston Hill,5220.0,1,1.0,100.0,26105.0,1.0,2,2610.0,5220.0,1.0,100.0,26105.0,0,0,0,0,7654.758831181075
Beaconsfield,14145.0,3,1.6666666666666667,956.6666666666666,30815.666666666668,0.0,4,3536.25,14145.0,1.6666666666666667,956.6666666666666,30815.666666666668,0,0,0,0,6995.559687353496
Beaminster,2995.0,1,2.0,0.0,21735.0,1.0,2,1497.5,2995.0,2.0,0.0,21735.0,0,0,0,0,9187.22221952819
Beare Green,1940.0,1,0.0,3269.0,18873.0,1.0,2,970.0,1940.0,0.0,3269.0,18873.0,0,0,0,0,6117.808131776498
Bearsted,8350.0,1,2.0,153.0,32648.0,0.0,2,4175.0,8350.0,2.0,153.0,32648.0,0,0,0,0,8390.033855491494
Bearwood,4135.0,1,2.0,2007.0,21479.0,0.0,2,2067.5,4135.0,2.0,2007.0,21479.0,0,0,0,0,6343.601409442827
Bebington,57600.0,13,3.230769230769231,361.84615384615387,17446.923076923078,0.0,14,4114.285714285715,57600.0,3.230769230769231,361.84615384615387,17446.923076923078,0,0,0,0,8283.508880767286
Beccles,9810.0,3,4.666666666666667,228.66666666666666,13694.0,0.0,4,2452.5,9810.0,4.666666666666667,228.66666666666666,13694.0,0,0,0,0,7232.093238891412
Bedale,3290.0,2,3.0,245.5,25427.0,1.0,3,1096.6666666666667,3290.0,3.0,245.5,25427.0,0,0,0,0,6266.31281416463
Bedford,97235.0,18,5.444444444444445,522.0555555555555,9868.944444444445,0.0,19,5117.631578947368,97235.0,5.444444444444445,522.0555555555555,9868.944444444445,0,0,0,0,8254.79909526161
Bedlington,16185.0,3,1.6666666666666667,122.66666666666667,16508.666666666668,0.0,4,4046.25,16185.0,1.6666666666666667,122.66666666666667,16508.666666666668,0,0,0,0,9407.206214276308
Bedworth,31090.0,5,4.8,436.0,7904.6,0.0,6,5181.666666666667,31090.0,4.8,436.0,7904.6,0,0,0,0,8567.073605694124
Beeston (Broxtowe),52355.0,10,6.8,221.1,23353.3,0.0,11,4759.545454545455,52355.0,6.8,221.1,23353.3,0,0,0,0,8108.859204926603
Belford,1315.0,1,1.0,420.0,12801.0,1.0,2,657.5,1315.0,1.0,420.0,12801.0,0,0,0,0,6076.577183356268
Bellingham,1030.0,1,1.0,214.0,18068.0,1.0,2,515.0,1030.0,1.0,214.0,18068.0,0,0,0,0,5801.321490222847
Belper,19075.0,5,4.2,151.4,17450.6,0.0,6,3179.1666666666665,19075.0,4.2,151.4,17450.6,0,0,0,0,8562.349665979684
Belton (Great Yarmouth),3600.0,1,0.0,3633.0,16440.0,1.0,2,1800.0,3600.0,0.0,3633.0,16440.0,0,0,0,0,6753.132473924992
Bembridge,3560.0,1,0.0,1688.0,28167.0,1.0,2,1780.0,3560.0,0.0,1688.0,28167.0,0,0,0,0,5892.085125147241
Benson,5240.0,1,1.0,67.0,32154.0,1.0,2,2620.0,5240.0,1.0,67.0,32154.0,0,0,0,0,8055.31208701484
Bentley (Doncaster),12045.0,2,2.0,103.0,8886.0,0.0,3,4015.0,12045.0,2.0,103.0,8886.0,0,0,0,0,9471.957763820155
Bere Alston,2260.0,1,0.0,7058.0,9941.0,1.0,2,1130.0,2260.0,0.0,7058.0,9941.0,0,0,0,0,6917.067850941024
Berechurch,7705.0,1,0.0,1040.0,9029.0,0.0,2,3852.5,7705.0,0.0,1040.0,9029.0,0,0,0,0,8193.164126844442
Berinsfield,2775.0,1,1.0,0.0,12149.0,1.0,2,1387.5,2775.0,1.0,0.0,12149.0,0,0,0,0,9290.569090722822
Berkeley,2255.0,1,0.0,5985.0,27195.0,1.0,2,1127.5,2255.0,0.0,5985.0,27195.0,0,0,0,0,5993.507659712729
Berkhamsted,21240.0,3,5.333333333333333,374.0,31011.0,0.0,4,5310.0,21240.0,5.333333333333333,374.0,31011.0,0,0,0,0,7805.135065019367
Berry Hill,2205.0,1,0.0,2297.0,19336.0,0.0,2,1102.5,2205.0,0.0,2297.0,19336.0,0,0,0,0,6783.531060790733
Berwick-upon-Tweed,13175.0,5,4.6,237.4,13635.8,0.0,6,2195.8333333333335,13175.0,4.6,237.4,13635.8,0,0,0,0,7010.958791429717
Beverley,30930.0,7,3.7142857142857144,434.7142857142857,21454.428571428572,0.0,8,3866.25,30930.0,3.7142857142857144,434.7142857142857,21454.428571428572,0,0,0,0,8070.176882644407
Bewdley,8280.0,2,2.0,66.0,13252.5,1.0,3,2760.0,8280.0,2.0,66.0,13252.5,0,0,0,0,9054.929062150362
Bexhill-on-Sea,43755.0,8,3.375,359.875,12171.25,0.0,9,4861.666666666667,43755.0,3.375,359.875,12171.25,0,0,0,0,8609.418743651671
Bicester,37755.0,6,5.166666666666667,259.8333333333333,19865.166666666668,0.0,7,5393.571428571428,37755.0,5.166666666666667,259.8333333333333,19865.166666666668,0,0,0,0,8954.72624653803
Biddulph,17495.0,3,4.0,158.66666666666666,16073.0,0.0,4,4373.75,17495.0,4.0,158.66666666666666,16073.0,0,0,0,0,9254.014316818542
Biddulph Moor,1285.0,1,0.0,2081.0,28141.0,1.0,2,642.5,1285.0,0.0,2081.0,28141.0,0,0,0,0,5381.607232596204
Bideford,19490.0,4,3.0,618.0,9391.0,0.0,5,3898.0,19490.0,3.0,618.0,9391.0,0,0,0,0,8294.109454448346
Bidford-on-Avon,5825.0,1,0.0,1604.0,25244.0,1.0,2,2912.5,5825.0,0.0,1604.0,25244.0,0,0,0,0,7258.624468915669
Biggleswade,21950.0,3,2.3333333333333335,549.6666666666666,20539.333333333332,0.0,4,5487.5,21950.0,2.3333333333333335,549.6666666666666,20539.333333333332,0,0,0,0,8135.221490027646
Billericay,34075.0,5,6.2,339.0,27390.2,0.0,6,5679.166666666667,34075.0,6.2,339.0,27390.2,0,0,0,0,8072.041435349919
Billinge,4970.0,2,1.0,1901.0,20784.5,1.0,3,1656.6666666666667,4970.0,1.0,1901.0,20784.5,0,0,0,0,6237.119386673113
Billingham,33920.0,6,6.166666666666667,370.5,4925.0,0.0,7,4845.714285714285,33920.0,6.166666666666667,370.5,4925.0,0,0,0,0,8658.689558343194
Billingshurst,9120.0,2,1.5,793.0,28486.0,1.0,3,3040.0,9120.0,1.5,793.0,28486.0,0,0,0,0,7157.08108061567
Bilsthorpe,3490.0,1,1.0,195.0,7761.0,1.0,2,1745.0,3490.0,1.0,195.0,7761.0,0,0,0,0,7110.708533269768
Bilston (Wolverhampton),34640.0,9,4.666666666666667,325.77777777777777,3273.4444444444443,0.0,10,3464.0,34640.0,4.666666666666667,325.77777777777777,3273.4444444444443,0,0,0,0,8474.880586922844
Bilton,3660.0,1,2.0,222.0,21966.0,0.0,2,1830.0,3660.0,2.0,222.0,21966.0,0,0,0,0,6711.195010264326
Binfield,4850.0,1,1.0,1310.0,32841.0,0.0,2,2425.0,4850.0,1.0,1310.0,32841.0,0,0,0,0,6130.415628178144
Bingham,10110.0,2,0.0,2889.0,25953.0,0.0,3,3370.0,10110.0,0.0,2889.0,25953.0,0,0,0,0,7350.979509150954
Bingley,21330.0,6,1.1666666666666667,756.6666666666666,14921.166666666666,0.0,7,3047.1428571428573,21330.0,1.1666666666666667,756.6666666666666,14921.166666666666,0,0,0,0,7674.180083470811
Binley Woods,2570.0,1,0.0,2126.0,27700.0,0.0,2,1285.0,2570.0,0.0,2126.0,27700.0,0,0,0,0,6038.318288473746
Birdwell,3360.0,1,0.0,2886.0,20303.0,0.0,2,1680.0,3360.0,0.0,2886.0,20303.0,0,0,0,0,6777.706802718202
Birkenhead,109835.0,27,6.851851851851852,347.48148148148147,5802.407407407408,0.0,28,3922.6785714285716,109835.0,6.851851851851852,347.48148148148147,5802.407407407408,0,0,0,0,8259.51902304206
Birmingham,1121375.0,251,8.573705179282868,263.0996015936255,5090.362549800797,0.0,252,4449.900793650793,1121375.0,8.573705179282868,263.0996015936255,5090.362549800797,0,0,0,0,6631.370439324737
Birstall,14315.0,5,5.4,228.0,25679.8,0.0,6,2385.8333333333335,14315.0,5.4,228.0,25679.8,0,0,0,0,6909.390892061645
Birtley,13835.0,2,3.0,149.0,8507.5,0.0,3,4611.666666666667,13835.0,3.0,149.0,8507.5,0,0,0,0,9767.717845588662
Bishop Auckland,23355.0,8,6.875,712.5,7319.75,0.0,9,2595.0,23355.0,6.875,712.5,7319.75,0,0,0,0,7782.985761148875
Bishop's Castle,1845.0,1,1.0,339.0,11921.0,1.0,2,922.5,1845.0,1.0,339.0,11921.0,0,0,0,0,6169.66934528015
Bishop's Cleeve,16325.0,1,4.0,0.0,24146.0,0.0,2,8162.5,16325.0,4.0,0.0,24146.0,0,0,0,0,11540.960569087305
Bishop's Stortford,40915.0,5,2.2,639.6,28290.6,0.0,6,6819.166666666667,40915.0,2.2,639.6,28290.6,0,0,0,0,8180.983711825464
Bishop's Waltham,6955.0,2,1.0,82.0,29902.0,0.0,3,2318.3333333333335,6955.0,1.0,82.0,29902.0,0,0,0,0,7588.506107042721
Bishopsteignton,2265.0,1,0.0,3578.0,29625.0,1.0,2,1132.5,2265.0,0.0,3578.0,29625.0,0,0,0,0,5932.3753715919265
Bishopthorpe,3335.0,1,0.0,1860.0,27347.0,1.0,2,1667.5,3335.0,0.0,1860.0,27347.0,0,0,0,0,5963.109072846988
Blaby and Whetstone,14080.0,2,1.5,610.0,18362.5,0.0,3,4693.333333333333,14080.0,1.5,610.0,18362.5,0,0,0,0,8388.859065939403
Blackburn (Blackburn with Darwen),124955.0,33,9.393939393939394,348.3939393939394,5807.909090909091,0.0,34,3675.1470588235293,124955.0,9.393939393939394,348.3939393939394,5807.909090909091,0,0,0,0,7524.176540157795
Blackfield and Langley,5845.0,1,0.0,4729.0,24255.0,0.0,2,2922.5,5845.0,0.0,4729.0,24255.0,0,0,0,0,7376.418229976159
Blackhall Colliery,4580.0,2,2.0,126.0,751.0,1.0,3,1526.6666666666667,4580.0,2.0,126.0,751.0,0,0,0,0,8555.906119757785
Blackheath,6950.0,2,7.0,86.0,3858.0,0.0,3,2316.6666666666665,6950.0,7.0,86.0,3858.0,0,0,0,0,8722.200952961206
Blackpool,149070.0,38,7.368421052631579,400.2105263157895,5233.368421052632,0.0,39,3822.3076923076924,149070.0,7.368421052631579,400.2105263157895,5233.368421052632,0,0,0,0,8251.619542670955
Blackrod,5340.0,2,1.0,2439.5,25859.0,0.0,3,1780.0,5340.0,1.0,2439.5,25859.0,0,0,0,0,6104.107450971507
Blackwater (Hart),7170.0,2,1.5,764.0,30687.5,0.0,3,2390.0,7170.0,1.5,764.0,30687.5,0,0,0,0,6793.956720983669
Blandford Forum,11800.0,2,2.0,316.0,12782.0,0.0,3,3933.3333333333335,11800.0,2.0,316.0,12782.0,0,0,0,0,8766.561096867561
Blaydon,14240.0,5,2.0,724.4,10546.4,0.0,6,2373.3333333333335,14240.0,2.0,724.4,10546.4,0,0,0,0,6864.803906187002
Bletchley,45010.0,9,4.666666666666667,518.0,10777.888888888889,0.0,10,4501.0,45010.0,4.666666666666667,518.0,10777.888888888889,0,0,0,0,8180.9425365937905
Blidworth,4295.0,2,1.0,0.0,18557.0,1.0,3,1431.6666666666667,4295.0,1.0,0.0,18557.0,0,0,0,0,9267.540629973188
Bloxham,3685.0,1,1.0,346.0,31157.0,1.0,2,1842.5,3685.0,1.0,346.0,31157.0,0,0,0,0,5922.777681546942
Bloxwich,51875.0,12,7.25,191.91666666666666,2806.8333333333335,0.0,13,3990.3846153846152,51875.0,7.25,191.91666666666666,2806.8333333333335,0,0,0,0,8201.532903960118
Blyth (Northumberland),39730.0,5,4.6,767.6,5044.2,0.0,6,6621.666666666667,39730.0,4.6,767.6,5044.2,0,0,0,0,9053.239495443422
Bodmin,16910.0,3,2.0,453.3333333333333,7634.0,0.0,4,4227.5,16910.0,2.0,453.3333333333333,7634.0,0,0,0,0,8517.511733734742
Bognor Regis,68435.0,14,2.857142857142857,397.85714285714283,13615.142857142857,0.0,15,4562.333333333333,68435.0,2.857142857142857,397.85714285714283,13615.142857142857,0,0,0,0,8294.106996334292
Boldon Colliery,6070.0,3,3.0,122.66666666666667,3895.0,0.0,4,1517.5,6070.0,3.0,122.66666666666667,3895.0,0,0,0,0,8205.307312383198
Bollington,7235.0,1,1.0,0.0,29679.0,0.0,2,3617.5,7235.0,1.0,0.0,29679.0,0,0,0,0,9823.163394074478
Bolsover,11225.0,3,2.0,742.0,10108.666666666666,0.0,4,2806.25,11225.0,2.0,742.0,10108.666666666666,0,0,0,0,7564.632045350537
Bolton (Bolton),184090.0,46,9.717391304347826,275.0,5854.347826086957,0.0,47,3916.808510638298,184090.0,9.717391304347826,275.0,5854.347826086957,0,0,0,0,7788.571329819018
Bolton upon Dearne,7445.0,1,1.0,1122.0,6940.0,0.0,2,3722.5,7445.0,1.0,1122.0,6940.0,0,0,0,0,8606.30630517916
Bolton-le-Sands,6725.0,3,0.0,2532.0,21012.666666666668,1.0,4,1681.25,6725.0,0.0,2532.0,21012.666666666668,0,0,0,0,6454.9804964682835
Bootle (Sefton),53720.0,16,11.5,303.1875,1679.375,0.0,17,3160.0,53720.0,11.5,303.1875,1679.375,0,0,0,0,7481.978675909774
Bordon,9350.0,2,3.0,122.0,20796.5,0.0,3,3116.6666666666665,9350.0,3.0,122.0,20796.5,0,0,0,0,8381.341548634915
Boreham,3565.0,1,1.0,0.0,16212.0,1.0,2,1782.5,3565.0,1.0,0.0,16212.0,0,0,0,0,9218.602378447873
Borehamwood,39765.0,7,7.142857142857143,449.0,13458.285714285714,0.0,8,4970.625,39765.0,7.142857142857143,449.0,13458.285714285714,0,0,0,0,8350.777700305594
Borough Green,4710.0,1,1.0,336.0,31135.0,1.0,2,2355.0,4710.0,1.0,336.0,31135.0,0,0,0,0,6203.191093229631
Boroughbridge,3070.0,1,1.0,179.0,24370.0,1.0,2,1535.0,3070.0,1.0,179.0,24370.0,0,0,0,0,6701.838854482407
Borrowash,7165.0,1,1.0,596.0,26049.0,0.0,2,3582.5,7165.0,1.0,596.0,26049.0,0,0,0,0,7269.713357067392
Boston,45340.0,7,7.857142857142857,238.85714285714286,8043.0,0.0,8,5667.5,45340.0,7.857142857142857,238.85714285714286,8043.0,0,0,0,0,9281.133507657241
Boston Spa,6360.0,1,2.0,178.0,28768.0,1.0,2,3180.0,6360.0,2.0,178.0,28768.0,0,0,0,0,8045.147232666134
Botley,5900.0,1,0.0,1986.0,28277.0,0.0,2,2950.0,5900.0,0.0,1986.0,28277.0,0,0,0,0,7210.382658985564
Bottesford,3040.0,1,1.0,69.0,28454.0,1.0,2,1520.0,3040.0,1.0,69.0,28454.0,0,0,0,0,7307.190749559526
Bourne,17495.0,4,3.0,494.0,26922.25,0.0,5,3499.0,17495.0,3.0,494.0,26922.25,0,0,0,0,7127.062392423922
Bourne End,7170.0,1,0.0,2308.0,20645.0,0.0,2,3585.0,7170.0,0.0,2308.0,20645.0,0,0,0,0,7608.92327398959
Bournemouth,196455.0,32,3.6875,426.75,14116.6875,0.0,33,5953.181818181818,196455.0,3.6875,426.75,14116.6875,0,0,0,0,8237.446851743614
Bourton-on-the-Water,4180.0,1,1.0,181.0,30353.0,1.0,2,2090.0,4180.0,1.0,181.0,30353.0,0,0,0,0,6755.139068455988
Bovey Tracey,6240.0,1,2.0,168.0,21570.0,1.0,2,3120.0,6240.0,2.0,168.0,21570.0,0,0,0,0,8534.788125872321
Bovingdon,5310.0,1,2.0,185.0,32039.0,0.0,2,2655.0,5310.0,2.0,185.0,32039.0,0,0,0,0,7103.329283166008
Bowburn,4845.0,1,1.0,269.0,18673.0,1.0,2,2422.5,4845.0,1.0,269.0,18673.0,0,0,0,0,7279.323290661075
Bowdon,6105.0,1,0.0,1516.0,32534.0,0.0,2,3052.5,6105.0,0.0,1516.0,32534.0,0,0,0,0,6868.224899797051
Box (Wiltshire),1285.0,1,1.0,398.0,28030.0,0.0,2,642.5,1285.0,1.0,398.0,28030.0,0,0,0,0,5344.51006486254
Bracebridge Heath,5790.0,1,1.0,184.0,31085.0,1.0,2,2895.0,5790.0,1.0,184.0,31085.0,0,0,0,0,7471.512516601444
Brackley,16190.0,3,1.6666666666666667,351.6666666666667,27476.666666666668,0.0,4,4047.5,16190.0,1.6666666666666667,351.6666666666667,27476.666666666668,0,0,0,0,7677.521616198091
Bracknell,78675.0,9,2.7777777777777777,344.77777777777777,16703.333333333332,0.0,10,7867.5,78675.0,2.7777777777777777,344.77777777777777,16703.333333333332,0,0,0,0,8527.825265648125
Bradford,333950.0,80,7.55,424.325,4817.875,0.0,81,4122.83950617284,333950.0,7.55,424.325,4817.875,0,0,0,0,6732.39373429058
Bradford-on-Avon,9865.0,2,2.0,161.0,27325.0,1.0,3,3288.3333333333335,9865.0,2.0,161.0,27325.0,0,0,0,0,8045.147232666134
Bradley Stoke,25200.0,4,2.0,556.75,26595.25,0.0,5,5040.0,25200.0,2.0,556.75,26595.25,0,0,0,0,7635.586479474915
Bradwell (Great Yarmouth),11630.0,2,0.5,515.5,20939.5,0.0,3,3876.6666666666665,11630.0,0.5,515.5,20939.5,0,0,0,0,8450.754585711138
Braintree,43190.0,7,8.0,178.71428571428572,14728.142857142857,0.0,8,5398.75,43190.0,8.0,178.71428571428572,14728.142857142857,0,0,0,0,9296.209663827718
Bramford,2335.0,1,0.0,2346.0,19193.0,0.0,2,1167.5,2335.0,0.0,2346.0,19193.0,0,0,0,0,6783.531060790733
Bramhall,17195.0,4,3.5,153.5,25807.25,0.0,5,3439.0,17195.0,3.5,153.5,25807.25,0,0,0,0,8010.78148621256
Bramhope,3590.0,1,1.0,328.0,29788.0,1.0,2,1795.0,3590.0,1.0,328.0,29788.0,0,0,0,0,5934.296911395892
Bramley and Wonersh,4195.0,1,1.0,0.0,31804.0,0.0,2,2097.5,4195.0,1.0,0.0,31804.0,0,0,0,0,7738.58800248651
Brampton (Huntingdonshire),6585.0,1,0.0,1970.0,24914.0,1.0,2,3292.5,6585.0,0.0,1970.0,24914.0,0,0,0,0,7368.322101429158
Brampton (Rotherham),4620.0,3,1.0,1661.3333333333333,13071.333333333334,0.0,4,1155.0,4620.0,1.0,1661.3333333333333,13071.333333333334,0,0,0,0,6782.570814265235
Brandon (County Durham),9505.0,2,2.0,394.0,10800.5,0.0,3,3168.3333333333335,9505.0,2.0,394.0,10800.5,0,0,0,0,8001.37798537457
Brandon (West Suffolk),9225.0,2,3.0,0.0,10331.0,1.0,3,3075.0,9225.0,3.0,0.0,10331.0,0,0,0,0,10498.883276732073
Bransgore,3685.0,1,3.0,38.0,31874.0,1.0,2,1842.5,3685.0,3.0,38.0,31874.0,0,0,0,0,6993.4285572861945
Branston,4285.0,1,1.0,0.0,12893.0,1.0,2,2142.5,4285.0,1.0,0.0,12893.0,0,0,0,0,9288.666079622122
Braunton,6610.0,1,2.0,140.0,17065.0,1.0,2,3305.0,6610.0,2.0,140.0,17065.0,0,0,0,0,8791.052007164013
Bream,3120.0,1,0.0,3430.0,20686.0,1.0,2,1560.0,3120.0,0.0,3430.0,20686.0,0,0,0,0,6501.308976426201
Breaston and Draycott,7395.0,2,0.5,835.5,26309.5,1.0,3,2465.0,7395.0,0.5,835.5,26309.5,0,0,0,0,6241.22896419446
Bredbury and Woodley,17040.0,2,2.5,528.5,3709.0,0.0,3,5680.0,17040.0,2.5,528.5,3709.0,0,0,0,0,9532.515688294103
Brentwood,55340.0,10,5.3,381.3,25109.7,0.0,11,5030.909090909091,55340.0,5.3,381.3,25109.7,0,0,0,0,7668.572368928088
Brewood,2550.0,1,2.0,0.0,23054.0,1.0,2,1275.0,2550.0,2.0,0.0,23054.0,0,0,0,0,8704.877489580958
Bricket Wood,4625.0,1,0.0,2662.0,31739.0,0.0,2,2312.5,4625.0,0.0,2662.0,31739.0,0,0,0,0,6060.755449511599
Bridge,1540.0,1,1.0,427.0,26752.0,1.0,2,770.0,1540.0,1.0,427.0,26752.0,0,0,0,0,5344.51006486254
Bridgnorth,12175.0,3,3.0,343.3333333333333,20087.666666666668,0.0,4,3043.75,12175.0,3.0,343.3333333333333,20087.666666666668,0,0,0,0,7830.4070914963495
Bridgwater,47860.0,9,8.555555555555555,171.44444444444446,10478.555555555555,0.0,10,4786.0,47860.0,8.555555555555555,171.44444444444446,10478.555555555555,0,0,0,0,8736.689484192902
Bridlington,34845.0,9,5.666666666666667,621.1111111111111,5534.222222222223,0.0,10,3484.5,34845.0,5.666666666666667,621.1111111111111,5534.222222222223,0,0,0,0,7956.0030073736025
Bridport,12295.0,3,3.0,486.6666666666667,14321.333333333334,0.0,4,3073.75,12295.0,3.0,486.6666666666667,14321.333333333334,0,0,0,0,7805.832762703139
Brierfield,10720.0,1,3.0,265.0,2995.0,0.0,2,5360.0,10720.0,3.0,265.0,2995.0,0,0,0,0,9771.320439006442
Brierley Hill,32305.0,8,9.875,142.625,7889.125,0.0,9,3589.4444444444443,32305.0,9.875,142.625,7889.125,0,0,0,0,8201.146838260405
Brigg,5635.0,3,4.0,85.66666666666667,7273.0,1.0,4,1408.75,5635.0,4.0,85.66666666666667,7273.0,0,0,0,0,12724.874308647308
Brighouse,33160.0,9,3.5555555555555554,398.3333333333333,12364.333333333334,0.0,10,3316.0,33160.0,3.5555555555555554,398.3333333333333,12364.333333333334,0,0,0,0,7821.217641629034
Brightlingsea,8680.0,1,1.0,305.0,14466.0,1.0,2,4340.0,8680.0,1.0,305.0,14466.0,0,0,0,0,9112.66704839388
Brighton and Hove,277105.0,50,6.68,425.68,14741.6,0.0,51,5433.431372549019,277105.0,6.68,425.68,14741.6,0,0,0,0,7835.1278257204995
Brimington,11075.0,2,2.0,243.5,13506.5,0.0,3,3691.6666666666665,11075.0,2.0,243.5,13506.5,0,0,0,0,8581.858566057188
Brinklow,1120.0,1,1.0,164.0,18502.0,1.0,2,560.0,1120.0,1.0,164.0,18502.0,0,0,0,0,6396.423504971884
Brinsley and Underwood,4515.0,1,1.0,0.0,24587.0,0.0,2,2257.5,4515.0,1.0,0.0,24587.0,0,0,0,0,8410.964812796838
Brinsworth,8760.0,1,1.0,624.0,24287.0,0.0,2,4380.0,8760.0,1.0,624.0,24287.0,0,0,0,0,7903.669148311541
Bristol,425215.0,66,5.136363636363637,411.3484848484849,12980.19696969697,0.0,67,6346.492537313433,425215.0,5.136363636363637,411.3484848484849,12980.19696969697,0,0,0,0,7301.853313856189
Brixham,17840.0,3,5.0,216.33333333333334,4667.0,0.0,4,4460.0,17840.0,5.0,216.33333333333334,4667.0,0,0,0,0,8838.271829581015
Brixworth,5770.0,1,0.0,5944.0,24595.0,1.0,2,2885.0,5770.0,0.0,5944.0,24595.0,0,0,0,0,7393.760822254362
Broadbridge Heath,6355.0,1,0.0,1549.0,23717.0,0.0,2,3177.5,6355.0,0.0,1549.0,23717.0,0,0,0,0,7279.955561451207
Broadstairs,25775.0,6,4.333333333333333,185.66666666666666,19663.833333333332,0.0,7,3682.1428571428573,25775.0,4.333333333333333,185.66666666666666,19663.833333333332,0,0,0,0,8424.09642291552
Broadway,2720.0,1,1.0,861.0,26437.0,1.0,2,1360.0,2720.0,1.0,861.0,26437.0,0,0,0,0,5845.785983611967
Brockenhurst,3485.0,1,1.0,490.0,31588.0,1.0,2,1742.5,3485.0,1.0,490.0,31588.0,0,0,0,0,5883.286598322013
Brockham,2205.0,1,0.0,1131.0,28556.0,1.0,2,1102.5,2205.0,0.0,1131.0,28556.0,0,0,0,0,5840.736680563845
Brockworth,12005.0,2,1.5,234.5,18458.5,0.0,3,4001.6666666666665,12005.0,1.5,234.5,18458.5,0,0,0,0,8887.75737012138
Bromham (Bedford),4650.0,1,0.0,1864.0,27284.0,1.0,2,2325.0,4650.0,0.0,1864.0,27284.0,0,0,0,0,6199.815421578601
Bromsgrove,34755.0,5,6.8,444.0,16919.0,0.0,6,5792.5,34755.0,6.8,444.0,16919.0,0,0,0,0,8834.617020840562
Bromyard,3815.0,1,2.0,160.0,6955.0,1.0,2,1907.5,3815.0,2.0,160.0,6955.0,0,0,0,0,8117.860662045668
Broseley,5595.0,1,1.0,86.0,10964.0,0.0,2,2797.5,5595.0,1.0,86.0,10964.0,0,0,0,0,8856.246947256459
Brotton,5400.0,1,1.0,257.0,1936.0,1.0,2,2700.0,5400.0,1.0,257.0,1936.0,0,0,0,0,8566.055639647057
Broughton (North Lincolnshire),4495.0,1,0.0,4207.0,17286.0,1.0,2,2247.5,4495.0,0.0,4207.0,17286.0,0,0,0,0,6922.066054183064
Broughton Astley,9650.0,1,1.0,124.0,25418.0,1.0,2,4825.0,9650.0,1.0,124.0,25418.0,0,0,0,0,9566.970605436876
Brownhills,21240.0,5,3.6,97.0,9029.8,0.0,6,3540.0,21240.0,3.6,97.0,9029.8,0,0,0,0,8587.762061756892
Brundall,4380.0,1,1.0,708.0,26716.0,1.0,2,2190.0,4380.0,1.0,708.0,26716.0,0,0,0,0,5968.206186772966
Bruton,2815.0,1,1.0,228.0,18860.0,1.0,2,1407.5,2815.0,1.0,228.0,18860.0,0,0,0,0,6898.771536963477
Buckden,2755.0,1,1.0,464.0,28404.0,1.0,2,1377.5,2755.0,1.0,464.0,28404.0,0,0,0,0,6001.221120740082
Buckfastleigh,2720.0,1,1.0,311.0,10227.0,1.0,2,1360.0,2720.0,1.0,311.0,10227.0,0,0,0,0,6911.112053859945
Buckhurst Hill,11750.0,2,4.5,85.0,27756.5,0.0,3,3916.6666666666665,11750.0,4.5,85.0,27756.5,0,0,0,0,9136.237039832677
Buckingham,14295.0,4,1.5,458.25,17076.0,0.0,5,2859.0,14295.0,1.5,458.25,17076.0,0,0,0,0,7705.605155781109
Bude,7350.0,2,2.0,190.0,15673.0,1.0,3,2450.0,7350.0,2.0,190.0,15673.0,0,0,0,0,7279.323290661075
Budleigh Salterton,5235.0,1,2.0,134.0,28408.0,1.0,2,2617.5,5235.0,2.0,134.0,28408.0,0,0,0,0,7694.52015689397
Bugbrooke,3040.0,1,1.0,0.0,22590.0,1.0,2,1520.0,3040.0,1.0,0.0,22590.0,0,0,0,0,9109.241403129974
Bugle,2430.0,1,0.0,3680.0,6956.0,1.0,2,1215.0,2430.0,0.0,3680.0,6956.0,0,0,0,0,7361.139649061724
Bulkington,5670.0,2,3.0,140.5,12049.0,0.0,3,1890.0,5670.0,3.0,140.5,12049.0,0,0,0,0,7800.356617521952
Bungay,5010.0,1,2.0,678.0,12437.0,1.0,2,2505.0,5010.0,2.0,678.0,12437.0,0,0,0,0,7588.50893254969
Buntingford,7875.0,2,1.0,7029.0,26750.0,1.0,3,2625.0,7875.0,1.0,7029.0,26750.0,0,0,0,0,7017.937828669204
Burford,1520.0,1,1.0,126.0,25924.0,1.0,2,760.0,1520.0,1.0,126.0,25924.0,0,0,0,0,6126.1763023841995
Burgess Hill,33355.0,6,3.1666666666666665,477.5,23686.0,0.0,7,4765.0,33355.0,3.1666666666666665,477.5,23686.0,0,0,0,0,7987.749616468245
Burghfield Common,6215.0,1,0.0,2507.0,26474.0,1.0,2,3107.5,6215.0,0.0,2507.0,26474.0,0,0,0,0,7226.637610364614
Burley in Wharfedale,6805.0,1,1.0,243.0,26788.0,1.0,2,3402.5,6805.0,1.0,243.0,26788.0,0,0,0,0,7586.810386400027
Burnham-on-Sea,16320.0,6,3.0,471.1666666666667,9312.5,0.0,7,2331.4285714285716,16320.0,3.0,471.1666666666667,9312.5,0,0,0,0,6843.4777399818195
Burnley,78255.0,18,6.888888888888889,327.8888888888889,4160.388888888889,0.0,19,4118.684210526316,78255.0,6.888888888888889,327.8888888888889,4160.388888888889,0,0,0,0,8135.7492262823325
Burnopfield,2995.0,1,1.0,0.0,11577.0,1.0,2,1497.5,2995.0,1.0,0.0,11577.0,0,0,0,0,9290.569090722822
Burntwood,27900.0,4,2.75,627.75,21257.75,0.0,5,5580.0,27900.0,2.75,627.75,21257.75,0,0,0,0,8367.821726203738
Burscough,8770.0,2,3.0,181.0,16549.0,1.0,3,2923.3333333333335,8770.0,3.0,181.0,16549.0,0,0,0,0,8564.45519373041
Bursledon,8070.0,1,0.0,1453.0,13007.0,0.0,2,4035.0,8070.0,0.0,1453.0,13007.0,0,0,0,0,8338.687086726615
Burton Latimer,10445.0,1,1.0,0.0,23913.0,0.0,2,5222.5,10445.0,1.0,0.0,23913.0,0,0,0,0,10538.143442200642
Burton upon Trent,76255.0,18,5.111111111111111,199.11111111111111,9540.055555555555,0.0,19,4013.4210526315787,76255.0,5.111111111111111,199.11111111111111,9540.055555555555,0,0,0,0,8303.427577056265
Burtonwood,3505.0,1,0.0,2274.0,10704.0,1.0,2,1752.5,3505.0,0.0,2274.0,10704.0,0,0,0,0,6886.669264075283
Burwell,5915.0,1,1.0,311.0,30454.0,1.0,2,2957.5,5915.0,1.0,311.0,30454.0,0,0,0,0,7312.223497855375
Bury (Bury),81095.0,22,10.227272727272727,272.27272727272725,9098.227272727272,0.0,23,3525.8695652173915,81095.0,10.227272727272727,272.27272727272725,9098.227272727272,0,0,0,0,7155.16236378456
Bury St Edmunds,41280.0,10,9.4,356.7,19280.6,0.0,11,3752.7272727272725,41280.0,9.4,356.7,19280.6,0,0,0,0,7358.615642855412
Bushey,28425.0,5,2.0,838.6,25543.6,0.0,6,4737.5,28425.0,2.0,838.6,25543.6,0,0,0,0,7460.202559869096
Buxted,1615.0,1,1.0,0.0,17830.0,1.0,2,807.5,1615.0,1.0,0.0,17830.0,0,0,0,0,8486.943371023688
Buxton (High Peak),20050.0,6,6.5,571.3333333333334,15138.833333333334,0.0,7,2864.285714285714,20050.0,6.5,571.3333333333334,15138.833333333334,0,0,0,0,8106.965622901733
Byfleet,14190.0,2,1.0,2258.5,26822.5,0.0,3,4730.0,14190.0,1.0,2258.5,26822.5,0,0,0,0,7951.641957920632
Caddington,3290.0,1,1.0,0.0,30794.0,1.0,2,1645.0,3290.0,1.0,0.0,30794.0,0,0,0,0,7943.763789633688
Cadnam and Bartley,2025.0,1,0.0,2752.0,26975.0,1.0,2,1012.5,2025.0,0.0,2752.0,26975.0,0,0,0,0,5993.507659712729
Caister-on-Sea,9095.0,2,1.0,3133.0,17353.0,1.0,3,3031.6666666666665,9095.0,1.0,3133.0,17353.0,0,0,0,0,7907.427372644969
Caistor,2285.0,1,1.0,316.0,10362.0,1.0,2,1142.5,2285.0,1.0,316.0,10362.0,0,0,0,0,6866.301425098928
Callington,4665.0,1,1.0,325.0,5443.0,1.0,2,2332.5,4665.0,1.0,325.0,5443.0,0,0,0,0,7613.021393176749
Calne,19725.0,3,5.0,133.0,9911.0,0.0,4,4931.25,19725.0,5.0,133.0,9911.0,0,0,0,0,9427.703155146355
Calverley,3985.0,1,0.0,1745.0,23055.0,0.0,2,1992.5,3985.0,0.0,1745.0,23055.0,0,0,0,0,6168.176092106449
Calverton,7320.0,1,1.0,0.0,30318.0,1.0,2,3660.0,7320.0,1.0,0.0,30318.0,0,0,0,0,10120.925053987003
Cam,7730.0,1,1.0,45.0,15242.0,0.0,2,3865.0,7730.0,1.0,45.0,15242.0,0,0,0,0,10044.276365249509
Camberley,36785.0,8,2.875,856.75,24475.0,0.0,9,4087.222222222222,36785.0,2.875,856.75,24475.0,0,0,0,0,7287.825649845068
Camborne,20450.0,2,3.0,90.0,2430.0,0.0,3,6816.666666666667,20450.0,3.0,90.0,2430.0,0,0,0,0,10849.406822278752
Cambourne,11075.0,1,3.0,186.0,32360.0,0.0,2,5537.5,11075.0,3.0,186.0,32360.0,0,0,0,0,8012.358308797416
Cambridge (Cambridge),152740.0,23,5.3478260869565215,406.7826086956522,21273.91304347826,0.0,24,6364.166666666667,152740.0,5.3478260869565215,406.7826086956522,21273.91304347826,0,0,0,0,7666.029441402347
Camelford,2980.0,1,2.0,128.0,13005.0,1.0,2,1490.0,2980.0,2.0,128.0,13005.0,0,0,0,0,7575.6306765484815
Cannock,63065.0,10,3.0,445.4,14725.2,0.0,11,5733.181818181818,63065.0,3.0,445.4,14725.2,0,0,0,0,8755.704398452659
Canterbury,55090.0,8,3.375,769.5,16861.75,0.0,9,6121.111111111111,55090.0,3.375,769.5,16861.75,0,0,0,0,8817.156013036361
Canvey Island,38010.0,6,5.833333333333333,459.0,12718.166666666666,0.0,7,5430.0,38010.0,5.833333333333333,459.0,12718.166666666666,0,0,0,0,8495.85863488016
Capel St Mary,2990.0,1,0.0,3353.0,30978.0,1.0,2,1495.0,2990.0,0.0,3353.0,30978.0,0,0,0,0,6270.83247000386
Carbis Bay,3965.0,1,0.0,2546.0,19312.0,1.0,2,1982.5,3965.0,0.0,2546.0,19312.0,0,0,0,0,6823.1961750992405
Carleton,4790.0,1,2.0,936.0,16237.0,0.0,2,2395.0,4790.0,2.0,936.0,16237.0,0,0,0,0,7158.75896568646
Carleton-in-Craven,1060.0,1,0.0,1806.0,24985.0,1.0,2,530.0,1060.0,0.0,1806.0,24985.0,0,0,0,0,5752.318380979617
Carlisle,77730.0,15,4.6,785.3333333333334,8639.866666666667,0.0,16,4858.125,77730.0,4.6,785.3333333333334,8639.866666666667,0,0,0,0,8175.3534390909845
Carlton (Gedling),53555.0,11,6.181818181818182,323.72727272727275,14917.818181818182,0.0,12,4462.916666666667,53555.0,6.181818181818182,323.72727272727275,14917.818181818182,0,0,0,0,8107.893883097313
Carlton in Lindrick,5460.0,1,0.0,4394.0,23601.0,1.0,2,2730.0,5460.0,0.0,4394.0,23601.0,0,0,0,0,7088.872505619474
Carnforth,5855.0,3,3.0,0.0,15221.0,1.0,4,1463.75,5855.0,3.0,0.0,15221.0,0,0,0,0,9829.29533832074
Carterton,17950.0,3,4.0,560.6666666666666,25426.333333333332,0.0,4,4487.5,17950.0,4.0,560.6666666666666,25426.333333333332,0,0,0,0,7562.979623385279
Castle Cary,3450.0,1,1.0,249.0,16108.0,1.0,2,1725.0,3450.0,1.0,249.0,16108.0,0,0,0,0,6919.896986612409
Castle Donington,7345.0,1,2.0,0.0,17946.0,1.0,2,3672.5,7345.0,2.0,0.0,17946.0,0,0,0,0,11133.696129352584
Castleford,45355.0,9,5.888888888888889,370.77777777777777,6978.222222222223,0.0,10,4535.5,45355.0,5.888888888888889,370.77777777777777,6978.222222222223,0,0,0,0,8226.014828422503
Castor and Ailsworth,1465.0,1,1.0,716.0,19747.0,1.0,2,732.5,1465.0,1.0,716.0,19747.0,0,0,0,0,5892.151530919204
Caterham,22755.0,4,4.25,561.25,23609.75,0.0,5,4551.0,22755.0,4.25,561.25,23609.75,0,0,0,0,7562.979623385279
Caton,2550.0,1,0.0,4446.0,29060.0,1.0,2,1275.0,2550.0,0.0,4446.0,29060.0,0,0,0,0,6038.318288473746
Catshill,10170.0,1,1.0,411.0,15228.0,0.0,2,5085.0,10170.0,1.0,411.0,15228.0,0,0,0,0,8894.573682032702
Catterick,2715.0,1,1.0,150.0,28452.0,1.0,2,1357.5,2715.0,1.0,150.0,28452.0,0,0,0,0,6680.730937540041
Catterick Garrison,14210.0,2,1.5,1216.5,16600.5,0.0,3,4736.666666666667,14210.0,1.5,1216.5,16600.5,0,0,0,0,8431.2489313207
Caversham,33040.0,4,2.25,530.25,30665.25,0.0,5,6608.0,33040.0,2.25,530.25,30665.25,0,0,0,0,8430.044836449808
Chadderton,37610.0,8,5.25,485.75,8980.875,0.0,9,4178.888888888889,37610.0,5.25,485.75,8980.875,0,0,0,0,8103.2318817598225
Chadwell St Mary,10685.0,2,1.0,2165.5,9105.5,0.0,3,3561.6666666666665,10685.0,1.0,2165.5,9105.5,0,0,0,0,8223.889443234275
Chagford,1105.0,1,1.0,314.0,20898.0,1.0,2,552.5,1105.0,1.0,314.0,20898.0,0,0,0,0,5481.252562812257
Chalfont St Giles,4710.0,1,0.0,1855.0,29107.0,1.0,2,2355.0,4710.0,0.0,1855.0,29107.0,0,0,0,0,6199.815421578601
Chalfont St Peter,13650.0,2,5.0,113.0,32346.0,0.0,3,4550.0,13650.0,5.0,113.0,32346.0,0,0,0,0,7484.542946890854
Chalford,6660.0,1,1.0,0.0,27148.0,0.0,2,3330.0,6660.0,1.0,0.0,27148.0,0,0,0,0,9248.039466499467
Chalgrove,2810.0,1,0.0,5538.0,26778.0,1.0,2,1405.0,2810.0,0.0,5538.0,26778.0,0,0,0,0,6038.318288473746
Chandler's Ford,31975.0,6,1.3333333333333333,1132.8333333333333,25958.5,0.0,7,4567.857142857143,31975.0,1.3333333333333333,1132.8333333333333,25958.5,0,0,0,0,7668.909650639914
Chapel-en-le-Frith,7240.0,1,4.0,48.0,18139.0,1.0,2,3620.0,7240.0,4.0,48.0,18139.0,0,0,0,0,9559.785849024107
Chapeltown and High Green,22180.0,5,1.6,1155.0,10915.2,0.0,6,3696.6666666666665,22180.0,1.6,1155.0,10915.2,0,0,0,0,7913.122487836188
Chard,14290.0,2,4.0,367.5,8248.0,0.0,3,4763.333333333333,14290.0,4.0,367.5,8248.0,0,0,0,0,8797.392069832196
Charing,2170.0,1,1.0,0.0,12622.0,1.0,2,1085.0,2170.0,1.0,0.0,12622.0,0,0,0,0,9245.758461961805
Charlbury,2810.0,1,1.0,150.0,30282.0,1.0,2,1405.0,2810.0,1.0,150.0,30282.0,0,0,0,0,6619.598649419238
Charmouth,1335.0,1,0.0,3377.0,22919.0,1.0,2,667.5,1335.0,0.0,3377.0,22919.0,0,0,0,0,5587.634498381163
Chatham,76955.0,13,4.6923076923076925,405.46153846153845,13001.923076923076,0.0,14,5496.785714285715,76955.0,4.6923076923076925,405.46153846153845,13001.923076923076,0,0,0,0,8254.79909526161
Chatteris,11015.0,2,2.0,121.0,16388.5,0.0,3,3671.6666666666665,11015.0,2.0,121.0,16388.5,0,0,0,0,9270.377998129965
Cheadle (Staffordshire Moorlands),11400.0,3,5.0,171.33333333333334,9825.333333333334,0.0,4,2850.0,11400.0,5.0,171.33333333333334,9825.333333333334,0,0,0,0,8496.831198631018
Cheadle (Stockport),14435.0,2,2.0,180.0,19703.5,0.0,3,4811.666666666667,14435.0,2.0,180.0,19703.5,0,0,0,0,9620.931498258167
Cheadle Hulme,24785.0,4,1.5,956.75,22428.0,0.0,5,4957.0,24785.0,1.5,956.75,22428.0,0,0,0,0,8116.367383880681
Cheddar,5840.0,1,1.0,50.0,20770.0,1.0,2,2920.0,5840.0,1.0,50.0,20770.0,0,0,0,0,8705.16384794529
Chelmsford,110625.0,14,3.9285714285714284,339.2857142857143,21759.428571428572,0.0,15,7375.0,110625.0,3.9285714285714284,339.2857142857143,21759.428571428572,0,0,0,0,8487.878261029566
Cheltenham,115940.0,23,9.304347826086957,535.2608695652174,17747.08695652174,0.0,24,4830.833333333333,115940.0,9.304347826086957,535.2608695652174,17747.08695652174,0,0,0,0,7980.513683366013
Cherry Willingham,3445.0,1,0.0,2558.0,21229.0,1.0,2,1722.5,3445.0,0.0,2558.0,21229.0,0,0,0,0,6384.916795294035
Chertsey,14560.0,2,3.0,191.5,22851.0,0.0,3,4853.333333333333,14560.0,3.0,191.5,22851.0,0,0,0,0,8784.385269053066
Chesham,23695.0,5,4.6,153.4,19613.4,0.0,6,3949.1666666666665,23695.0,4.6,153.4,19613.4,0,0,0,0,9129.46732950401
Cheshunt,43680.0,8,4.625,308.25,14807.875,0.0,9,4853.333333333333,43680.0,4.625,308.25,14807.875,0,0,0,0,8669.04202580067
Chester,92760.0,17,5.117647058823529,503.6470588235294,16119.588235294117,0.0,18,5153.333333333333,92760.0,5.117647058823529,503.6470588235294,16119.588235294117,0,0,0,0,8254.79909526161
Chester-le-Street,23560.0,6,4.166666666666667,232.16666666666666,21530.333333333332,0.0,7,3365.714285714286,23560.0,4.166666666666667,232.16666666666666,21530.333333333332,0,0,0,0,7736.795446921606
Chesterfield,76420.0,16,4.5,509.75,9628.0625,0.0,17,4495.294117647059,76420.0,4.5,509.75,9628.0625,0,0,0,0,8260.177384638979
Cheswick Green,2740.0,1,0.0,1991.0,29493.0,1.0,2,1370.0,2740.0,0.0,1991.0,29493.0,0,0,0,0,5977.186000352944
Chew Magna,1250.0,1,0.0,1709.0,28239.0,1.0,2,625.0,1250.0,0.0,1709.0,28239.0,0,0,0,0,5310.583284896457
Chichester,31710.0,3,4.0,234.33333333333334,20666.666666666668,0.0,4,7927.5,31710.0,4.0,234.33333333333334,20666.666666666668,0,0,0,0,10186.23987027462
Chickerell,3970.0,1,0.0,3361.0,22887.0,1.0,2,1985.0,3970.0,0.0,3361.0,22887.0,0,0,0,0,6239.2000398061955
Chiddingfold,2160.0,1,1.0,970.0,23501.0,1.0,2,1080.0,2160.0,1.0,970.0,23501.0,0,0,0,0,6014.15906260845
Chieveley,515.0,1,1.0,0.0,22968.0,1.0,2,257.5,515.0,1.0,0.0,22968.0,0,0,0,0,7341.740907228312
Chigwell,12250.0,1,0.0,1665.0,18771.0,0.0,2,6125.0,12250.0,0.0,1665.0,18771.0,0,0,0,0,9201.291133565794
Chilton (County Durham),4695.0,1,1.0,2907.0,15038.0,1.0,2,2347.5,4695.0,1.0,2907.0,15038.0,0,0,0,0,6922.066054183064
Chinley,1915.0,1,0.0,2292.0,21025.0,1.0,2,957.5,1915.0,0.0,2292.0,21025.0,0,0,0,0,5749.592453145541
Chinnor,7265.0,1,0.0,4504.0,32316.0,1.0,2,3632.5,7265.0,0.0,4504.0,32316.0,0,0,0,0,7132.795124755956
Chippenham (Wiltshire),36090.0,6,2.8333333333333335,164.66666666666666,17519.5,0.0,7,5155.714285714285,36090.0,2.8333333333333335,164.66666666666666,17519.5,0,0,0,0,9650.40815831446
Chipping Campden,2120.0,1,1.0,228.0,26611.0,1.0,2,1060.0,2120.0,1.0,228.0,26611.0,0,0,0,0,6169.995681595506
Chipping Norton,6985.0,2,2.0,768.0,30157.0,1.0,3,2328.3333333333335,6985.0,2.0,768.0,30157.0,0,0,0,0,5992.462604224421
Chipping Ongar,3925.0,2,1.0,1366.5,13221.0,1.0,3,1308.3333333333333,3925.0,1.0,1366.5,13221.0,0,0,0,0,6754.143988932244
Chipping Sodbury,8025.0,1,0.0,1187.0,16277.0,0.0,2,4012.5,8025.0,0.0,1187.0,16277.0,0,0,0,0,8285.59910045851
Chiswell Green,6680.0,2,0.5,1082.5,26644.5,0.0,3,2226.6666666666665,6680.0,0.5,1082.5,26644.5,0,0,0,0,5992.525831559463
Cholsey,3775.0,1,0.0,2774.0,28492.0,1.0,2,1887.5,3775.0,0.0,2774.0,28492.0,0,0,0,0,6033.172774021236
Chopwell,2530.0,1,1.0,112.0,3479.0,1.0,2,1265.0,2530.0,1.0,112.0,3479.0,0,0,0,0,8210.45282683571
Chorley,39535.0,9,7.444444444444445,542.6666666666666,15557.777777777777,0.0,10,3953.5,39535.0,7.444444444444445,542.6666666666666,15557.777777777777,0,0,0,0,7802.895267855952
Chorleywood,12630.0,2,2.0,3355.5,32769.0,0.0,3,4210.0,12630.0,2.0,3355.5,32769.0,0,0,0,0,7663.49993219934
"Christchurch (Bournemouth, Christchurch and Poole)",48985.0,9,1.3333333333333333,577.5555555555555,21370.222222222223,0.0,10,4898.5,48985.0,1.3333333333333333,577.5555555555555,21370.222222222223,0,0,0,0,8093.590712000728
Christleton and Waverton,2670.0,1,0.0,3783.0,30501.0,0.0,2,1335.0,2670.0,0.0,3783.0,30501.0,0,0,0,0,7305.944352156576
Chudleigh,4375.0,1,0.0,5378.0,18876.0,1.0,2,2187.5,4375.0,0.0,5378.0,18876.0,0,0,0,0,6867.54744331281
Church Stretton,3575.0,1,2.0,199.0,25331.0,1.0,2,1787.5,3575.0,2.0,199.0,25331.0,0,0,0,0,6332.248892574579
Churchdown,13480.0,1,1.0,0.0,29918.0,0.0,2,6740.0,13480.0,1.0,0.0,29918.0,0,0,0,0,10988.179615171772
Cinderford,8775.0,2,3.0,537.5,14119.5,0.0,3,2925.0,8775.0,3.0,537.5,14119.5,0,0,0,0,7829.167510410538
Cirencester,17715.0,5,5.0,468.0,18926.4,0.0,6,2952.5,17715.0,5.0,468.0,18926.4,0,0,0,0,7658.651677321213
Clacton-on-Sea,53200.0,8,5.25,966.125,4148.5,0.0,9,5911.111111111111,53200.0,5.25,966.125,4148.5,0,0,0,0,8627.508052258267
Clapham (Bedford),4505.0,1,0.0,1054.0,19492.0,1.0,2,2252.5,4505.0,0.0,1054.0,19492.0,0,0,0,0,6749.290994914415
Clare,2280.0,1,1.0,0.0,22945.0,1.0,2,1140.0,2280.0,1.0,0.0,22945.0,0,0,0,0,8557.193096371002
Clay Cross,8920.0,3,4.666666666666667,121.33333333333333,7735.333333333333,0.0,4,2230.0,8920.0,4.666666666666667,121.33333333333333,7735.333333333333,0,0,0,0,7878.629477672081
Claydon,3140.0,1,0.0,4198.0,24347.0,1.0,2,1570.0,3140.0,0.0,4198.0,24347.0,0,0,0,0,6034.043749797259
Clayton-le-Moors,7970.0,2,2.0,332.5,5951.5,0.0,3,2656.6666666666665,7970.0,2.0,332.5,5951.5,0,0,0,0,8343.489268991689
Cleadon,4600.0,1,1.0,0.0,31929.0,0.0,2,2300.0,4600.0,1.0,0.0,31929.0,0,0,0,0,8175.587708160713
Cleator Moor,6670.0,1,0.0,4406.0,5872.0,1.0,2,3335.0,6670.0,0.0,4406.0,5872.0,0,0,0,0,9137.62120829881
Cleckheaton,11605.0,4,6.0,63.5,12139.0,0.0,5,2321.0,11605.0,6.0,63.5,12139.0,0,0,0,0,8721.521299931881
Cleethorpes,29670.0,5,5.6,288.8,4899.6,0.0,6,4945.0,29670.0,5.6,288.8,4899.6,0,0,0,0,8915.746880312803
Cleobury Mortimer,2960.0,1,2.0,0.0,12464.0,1.0,2,1480.0,2960.0,2.0,0.0,12464.0,0,0,0,0,9393.442855171761
Clevedon,21085.0,4,4.0,611.5,21882.0,0.0,5,4217.0,21085.0,4.0,611.5,21882.0,0,0,0,0,7845.096635336608
Cleveleys,11120.0,1,4.0,335.0,1483.0,0.0,2,5560.0,11120.0,4.0,335.0,1483.0,0,0,0,0,9557.26878993943
Cliffe Woods,2690.0,1,1.0,0.0,24088.0,1.0,2,1345.0,2690.0,1.0,0.0,24088.0,0,0,0,0,7882.775956299457
Clifton (Nottingham),22935.0,4,4.25,244.75,4658.75,0.0,5,4587.0,22935.0,4.25,244.75,4658.75,0,0,0,0,9032.997126025382
Clitheroe,16630.0,3,4.0,143.0,21770.0,0.0,4,4157.5,16630.0,4.0,143.0,21770.0,0,0,0,0,9051.9665186366
Clowne,7760.0,3,3.0,218.66666666666666,16218.333333333334,1.0,4,1940.0,7760.0,3.0,218.66666666666666,16218.333333333334,0,0,0,0,6989.960687786657
Coalville,21980.0,5,4.4,280.4,12985.8,0.0,6,3663.3333333333335,21980.0,4.4,280.4,12985.8,0,0,0,0,8278.325820868493
Cobham (Elmbridge),17505.0,4,3.75,434.25,25463.25,0.0,5,3501.0,17505.0,3.75,434.25,25463.25,0,0,0,0,7183.153083661013
Cockermouth,8860.0,3,3.0,372.0,20722.0,1.0,4,2215.0,8860.0,3.0,372.0,20722.0,0,0,0,0,6303.805478657171
Cockfield,1350.0,1,1.0,297.0,7570.0,1.0,2,675.0,1350.0,1.0,297.0,7570.0,0,0,0,0,6327.78496790971
Codicote,2675.0,1,0.0,2243.0,30588.0,1.0,2,1337.5,2675.0,0.0,2243.0,30588.0,0,0,0,0,6270.83247000386
Codsall,11865.0,4,3.25,641.0,17026.5,0.0,5,2373.0,11865.0,3.25,641.0,17026.5,0,0,0,0,6731.267116036712
Coggeshall,3765.0,1,1.0,214.0,23647.0,1.0,2,1882.5,3765.0,1.0,214.0,23647.0,0,0,0,0,6332.248892574579
Colchester,130245.0,21,4.523809523809524,528.6666666666666,15941.57142857143,0.0,22,5920.227272727273,130245.0,4.523809523809524,528.6666666666666,15941.57142857143,0,0,0,0,8645.8848235833
Colden Common,3825.0,1,0.0,1163.0,27102.0,1.0,2,1912.5,3825.0,0.0,1163.0,27102.0,0,0,0,0,5880.401794872352
Coleford (Forest of Dean),5020.0,2,1.0,59.0,12384.0,0.0,3,1673.3333333333333,5020.0,1.0,59.0,12384.0,0,0,0,0,8409.327406979966
Coleshill (North Warwickshire),6745.0,1,2.0,100.0,14796.0,0.0,2,3372.5,6745.0,2.0,100.0,14796.0,0,0,0,0,8773.709414885809
Collingham (Leeds),2360.0,1,1.0,179.0,32664.0,0.0,2,1180.0,2360.0,1.0,179.0,32664.0,0,0,0,0,6541.670965473039
Collingham (Newark and Sherwood),2870.0,1,1.0,0.0,29817.0,1.0,2,1435.0,2870.0,1.0,0.0,29817.0,0,0,0,0,7725.326535609527
Colnbrook,1900.0,1,0.0,1723.0,11251.0,0.0,2,950.0,1900.0,0.0,1723.0,11251.0,0,0,0,0,6180.320974227042
Colne,18910.0,5,3.6,494.6,4418.4,0.0,6,3151.6666666666665,18910.0,3.6,494.6,4418.4,0,0,0,0,8378.925648903072
Colwall Stone,1855.0,1,1.0,95.0,23173.0,0.0,2,927.5,1855.0,1.0,95.0,23173.0,0,0,0,0,6314.724419030712
Colyton,1940.0,1,0.0,3110.0,21143.0,1.0,2,970.0,1940.0,0.0,3110.0,21143.0,0,0,0,0,5749.592453145541
Combe Martin,2705.0,1,0.0,6244.0,17596.0,1.0,2,1352.5,2705.0,0.0,6244.0,17596.0,0,0,0,0,6828.34168955175
Congleton,30005.0,8,6.75,509.375,15916.25,0.0,9,3333.8888888888887,30005.0,6.75,509.375,15916.25,0,0,0,0,7501.294862227888
Congresbury,2795.0,1,0.0,3599.0,26336.0,0.0,2,1397.5,2795.0,0.0,3599.0,26336.0,0,0,0,0,5998.556962760851
Coningsby and Tattershall,5515.0,1,2.0,0.0,15985.0,1.0,2,2757.5,5515.0,2.0,0.0,15985.0,0,0,0,0,9974.748490223012
Conisbrough,11465.0,2,2.0,222.5,6573.0,0.0,3,3821.6666666666665,11465.0,2.0,222.5,6573.0,0,0,0,0,9300.571092196058
Consett,29885.0,7,2.0,622.5714285714286,13657.285714285714,0.0,8,3735.625,29885.0,2.0,622.5714285714286,13657.285714285714,0,0,0,0,7893.91155698404
Cookham,5215.0,1,1.0,71.0,32781.0,0.0,2,2607.5,5215.0,1.0,71.0,32781.0,0,0,0,0,8055.31208701484
Copford,1795.0,1,0.0,3272.0,16239.0,0.0,2,897.5,1795.0,0.0,3272.0,16239.0,0,0,0,0,6117.808131776498
Copmanthorpe,3670.0,1,1.0,90.0,29606.0,1.0,2,1835.0,3670.0,1.0,90.0,29606.0,0,0,0,0,6671.9458428396
Coppull,8300.0,1,2.0,245.0,6153.0,1.0,2,4150.0,8300.0,2.0,245.0,6153.0,0,0,0,0,9472.833772011983
Copthorne,4910.0,1,0.0,1633.0,31046.0,0.0,2,2455.0,4910.0,0.0,1633.0,31046.0,0,0,0,0,6141.617748001691
Corbridge,2890.0,1,1.0,293.0,26829.0,1.0,2,1445.0,2890.0,1.0,293.0,26829.0,0,0,0,0,6093.6100371027005
Corby,68160.0,15,4.0,869.2666666666667,9709.666666666666,0.0,16,4260.0,68160.0,4.0,869.2666666666667,9709.666666666666,0,0,0,0,8094.001382062632
Corfe Mullen,10035.0,1,0.0,2095.0,25527.0,0.0,2,5017.5,10035.0,0.0,2095.0,25527.0,0,0,0,0,8254.460580754758
Cornforth,2425.0,1,2.0,0.0,4703.0,1.0,2,1212.5,2425.0,2.0,0.0,4703.0,0,0,0,0,9792.704024531447
Corsham,10890.0,1,2.0,113.0,23661.0,0.0,2,5445.0,10890.0,2.0,113.0,23661.0,0,0,0,0,9412.544421234978
Cosby,3515.0,1,0.0,2798.0,23698.0,0.0,2,1757.5,3515.0,0.0,2798.0,23698.0,0,0,0,0,6034.043749797259
Coseley,25205.0,3,2.3333333333333335,51.666666666666664,10485.0,0.0,4,6301.25,25205.0,2.3333333333333335,51.666666666666664,10485.0,0,0,0,0,10252.159689202164
Cotgrave,7795.0,1,0.0,3940.0,22134.0,1.0,2,3897.5,7795.0,0.0,3940.0,22134.0,0,0,0,0,8479.448645571234
Cottenham,6155.0,1,0.0,4424.0,32735.0,1.0,2,3077.5,6155.0,0.0,4424.0,32735.0,0,0,0,0,7061.195489729938
Cottingham,14425.0,3,3.0,2620.0,27564.666666666668,0.0,4,3606.25,14425.0,3.0,2620.0,27564.666666666668,0,0,0,0,7124.53158571458
Coundon and Leeholme,2525.0,1,0.0,3062.0,1184.0,1.0,2,1262.5,2525.0,0.0,3062.0,1184.0,0,0,0,0,7871.175075896999
Countesthorpe,7670.0,1,1.0,0.0,22729.0,1.0,2,3835.0,7670.0,1.0,0.0,22729.0,0,0,0,0,10648.906111359001
Coven,2395.0,1,0.0,1891.0,23766.0,1.0,2,1197.5,2395.0,0.0,1891.0,23766.0,0,0,0,0,6109.252965424017
Coventry,344285.0,77,6.5064935064935066,386.0779220779221,12970.818181818182,0.0,78,4413.910256410257,344285.0,6.5064935064935066,386.0779220779221,12970.818181818182,0,0,0,0,6920.578286629181
Cowes,14365.0,2,2.0,463.0,15153.0,0.0,3,4788.333333333333,14365.0,2.0,463.0,15153.0,0,0,0,0,8626.605253916947
Coxheath,8455.0,1,2.0,383.0,15114.0,0.0,2,4227.5,8455.0,2.0,383.0,15114.0,0,0,0,0,8529.848689846698
Coxhoe,4545.0,1,1.0,97.0,27108.0,1.0,2,2272.5,4545.0,1.0,97.0,27108.0,0,0,0,0,6969.784479692015
Cradley Heath,18820.0,7,5.571428571428571,427.14285714285717,5714.571428571428,0.0,8,2352.5,18820.0,5.571428571428571,427.14285714285717,5714.571428571428,0,0,0,0,7282.936585534811
Cramlington,28845.0,4,1.0,1093.25,13487.25,0.0,5,5769.0,28845.0,1.0,1093.25,13487.25,0,0,0,0,8794.98841582842
Cranbrook (East Devon),4935.0,1,1.0,0.0,19012.0,0.0,2,2467.5,4935.0,1.0,0.0,19012.0,0,0,0,0,9782.220719076127
Cranbrook (Tunbridge Wells),3960.0,1,2.0,287.0,18703.0,1.0,2,1980.0,3960.0,2.0,287.0,18703.0,0,0,0,0,6868.764414532835
Cranfield,7050.0,1,0.0,3831.0,25006.0,1.0,2,3525.0,7050.0,0.0,3831.0,25006.0,0,0,0,0,7395.543809780549
Cranleigh,10425.0,2,3.0,195.5,25811.0,0.0,3,3475.0,10425.0,3.0,195.5,25811.0,0,0,0,0,7696.773415092325
Craven Arms,2560.0,1,1.0,290.0,16289.0,1.0,2,1280.0,2560.0,1.0,290.0,16289.0,0,0,0,0,6777.575263709655
Crawcrook and Greenside,7545.0,2,0.5,703.0,21457.5,0.0,3,2515.0,7545.0,0.5,703.0,21457.5,0,0,0,0,7168.237546452955
Crawley (Crawley),120550.0,20,4.7,359.95,13978.2,0.0,21,5740.476190476191,120550.0,4.7,359.95,13978.2,0,0,0,0,8518.29839987333
Crawley Down,5775.0,1,1.0,260.0,31831.0,1.0,2,2887.5,5775.0,1.0,260.0,31831.0,0,0,0,0,7295.449224011502
Crediton,7975.0,4,1.5,717.5,14093.5,1.0,5,1595.0,7975.0,1.5,717.5,14093.5,0,0,0,0,6572.965245448736
Creech St Michael,2330.0,1,1.0,0.0,23567.0,1.0,2,1165.0,2330.0,1.0,0.0,23567.0,0,0,0,0,7837.965327538439
Creswell,5795.0,1,2.0,121.0,3515.0,1.0,2,2897.5,5795.0,2.0,121.0,3515.0,0,0,0,0,9505.722860565053
Crewe,74120.0,13,6.923076923076923,616.0769230769231,10046.153846153846,0.0,14,5294.285714285715,74120.0,6.923076923076923,616.0769230769231,10046.153846153846,0,0,0,0,7949.07615827458
Crewkerne,7065.0,2,2.0,182.5,11697.0,1.0,3,2355.0,7065.0,2.0,182.5,11697.0,0,0,0,0,7817.469371769807
Crich,2070.0,1,1.0,0.0,20563.0,1.0,2,1035.0,2070.0,1.0,0.0,20563.0,0,0,0,0,9111.351598537427
Cricklade,4030.0,1,1.0,122.0,27435.0,1.0,2,2015.0,4030.0,1.0,122.0,27435.0,0,0,0,0,6803.141832134651
Cringleford,4685.0,2,2.0,215.0,21597.0,0.0,3,1561.6666666666667,4685.0,2.0,215.0,21597.0,0,0,0,0,6684.924046162884
Crofton,6125.0,1,1.0,135.0,15590.0,1.0,2,3062.5,6125.0,1.0,135.0,15590.0,0,0,0,0,8732.47476654417
Cromer,7525.0,3,2.0,596.0,12528.333333333334,1.0,4,1881.25,7525.0,2.0,596.0,12528.333333333334,0,0,0,0,6935.670221546
Crook,9715.0,4,3.0,96.0,6459.0,1.0,5,1943.0,9715.0,3.0,96.0,6459.0,0,0,0,0,8199.617786881638
Crosby (Sefton),50215.0,9,5.333333333333333,320.1111111111111,15000.333333333334,0.0,10,5021.5,50215.0,5.333333333333333,320.1111111111111,15000.333333333334,0,0,0,0,8457.038896671122
Croston,2790.0,1,1.0,385.0,27743.0,1.0,2,1395.0,2790.0,1.0,385.0,27743.0,0,0,0,0,6001.221120740082
Crowborough,21990.0,4,4.5,71.5,21478.75,0.0,5,4398.0,21990.0,4.5,71.5,21478.75,0,0,0,0,9792.964036068244
Crowland,4620.0,1,1.0,576.0,16726.0,1.0,2,2310.0,4620.0,1.0,576.0,16726.0,0,0,0,0,6937.905984251071
Crowle (North Lincolnshire),3970.0,1,0.0,8844.0,25679.0,1.0,2,1985.0,3970.0,0.0,8844.0,25679.0,0,0,0,0,6104.107450971507
Crowthorne,15190.0,3,2.0,805.3333333333334,31900.333333333332,0.0,4,3797.5,15190.0,2.0,805.3333333333334,31900.333333333332,0,0,0,0,6850.126639784882
Cuckfield,3770.0,1,2.0,609.0,26807.0,1.0,2,1885.0,3770.0,2.0,609.0,26807.0,0,0,0,0,5776.304168451368
Cuddington (Cheshire West and Chester),5860.0,1,0.0,3507.0,17606.0,1.0,2,2930.0,5860.0,0.0,3507.0,17606.0,0,0,0,0,7895.975396182619
Cudworth and Shafton,12470.0,3,1.3333333333333333,609.0,9670.333333333334,0.0,4,3117.5,12470.0,1.3333333333333333,609.0,9670.333333333334,0,0,0,0,7663.107956909468
Cuffley,4350.0,1,1.0,60.0,21236.0,1.0,2,2175.0,4350.0,1.0,60.0,21236.0,0,0,0,0,8347.147528321017
Culcheth,6720.0,2,3.5,181.0,20165.0,1.0,3,2240.0,6720.0,3.5,181.0,20165.0,0,0,0,0,7653.988299542473
Cullingworth,3095.0,1,0.0,2623.0,20493.0,1.0,2,1547.5,3095.0,0.0,2623.0,20493.0,0,0,0,0,6501.308976426201
Cullompton,8895.0,3,4.0,110.66666666666667,18168.333333333332,1.0,4,2223.75,8895.0,4.0,110.66666666666667,18168.333333333332,0,0,0,0,7643.576904036212
Dalston,1540.0,1,1.0,213.0,22596.0,1.0,2,770.0,1540.0,1.0,213.0,22596.0,0,0,0,0,6046.575163160803
Dalton-in-Furness,7555.0,1,1.0,89.0,16029.0,1.0,2,3777.5,7555.0,1.0,89.0,16029.0,0,0,0,0,9287.72059040817
Danbury,6195.0,1,1.0,389.0,30538.0,1.0,2,3097.5,6195.0,1.0,389.0,30538.0,0,0,0,0,7406.14220524002
Darfield,7210.0,3,3.0,351.6666666666667,9174.666666666666,0.0,4,1802.5,7210.0,3.0,351.6666666666667,9174.666666666666,0,0,0,0,6744.607860897996
Darlaston,21540.0,4,4.0,104.25,3724.75,0.0,5,4308.0,21540.0,4.0,104.25,3724.75,0,0,0,0,9553.479398796437
Darley Dale,3990.0,1,1.0,0.0,30683.0,0.0,2,1995.0,3990.0,1.0,0.0,30683.0,0,0,0,0,8110.162156083627
Darlington,93015.0,16,7.9375,404.4375,10574.0625,0.0,17,5471.470588235294,93015.0,7.9375,404.4375,10574.0625,0,0,0,0,8117.582488674368
Dartford,69130.0,10,4.9,225.1,14838.5,0.0,11,6284.545454545455,69130.0,4.9,225.1,14838.5,0,0,0,0,8881.854928673214
Dartmouth,5260.0,1,2.0,772.0,19104.0,1.0,2,2630.0,5260.0,2.0,772.0,19104.0,0,0,0,0,7454.9721423994
Darton,15025.0,3,1.0,471.6666666666667,12562.0,0.0,4,3756.25,15025.0,1.0,471.6666666666667,12562.0,0,0,0,0,8256.760571229412
Darwen,27900.0,6,5.166666666666667,169.5,4418.5,0.0,7,3985.714285714286,27900.0,5.166666666666667,169.5,4418.5,0,0,0,0,9322.600957852728
Datchet,4810.0,1,1.0,338.0,17148.0,1.0,2,2405.0,4810.0,1.0,338.0,17148.0,0,0,0,0,7407.670116148909
Davenham,13835.0,3,2.0,1880.6666666666667,23454.333333333332,0.0,4,3458.75,13835.0,2.0,1880.6666666666667,23454.333333333332,0,0,0,0,7244.911809965505
Daventry,27790.0,7,6.0,380.57142857142856,12714.142857142857,0.0,8,3473.75,27790.0,6.0,380.57142857142856,12714.142857142857,0,0,0,0,7575.976696640715
Dawlish,11800.0,2,2.0,214.5,11469.5,0.0,3,3933.3333333333335,11800.0,2.0,214.5,11469.5,0,0,0,0,8919.910752217487
Dawlish Warren,1190.0,1,0.0,1645.0,9319.0,0.0,2,595.0,1190.0,0.0,1645.0,9319.0,0,0,0,0,6510.064742050445
Deal,28985.0,8,4.25,443.25,18912.625,0.0,9,3220.5555555555557,28985.0,4.25,443.25,18912.625,0,0,0,0,7774.441242493825
Deanshanger,4130.0,1,0.0,2826.0,25633.0,1.0,2,2065.0,4130.0,0.0,2826.0,25633.0,0,0,0,0,6104.107450971507
Debenham,2295.0,1,1.0,362.0,23168.0,1.0,2,1147.5,2295.0,1.0,362.0,23168.0,0,0,0,0,6162.437757764024
Deddington,1770.0,1,1.0,232.0,29045.0,1.0,2,885.0,1770.0,1.0,232.0,29045.0,0,0,0,0,5558.095254478981
Dedham,810.0,1,0.0,3077.0,21899.0,1.0,2,405.0,810.0,0.0,3077.0,21899.0,0,0,0,0,5809.583725544635
Deepcar,5645.0,1,2.0,0.0,12147.0,0.0,2,2822.5,5645.0,2.0,0.0,12147.0,0,0,0,0,10067.840652146895
Deeping St James,7255.0,1,0.0,2165.0,27611.0,0.0,2,3627.5,7255.0,0.0,2165.0,27611.0,0,0,0,0,7380.239447885909
Delph,2280.0,1,0.0,2456.0,25651.0,0.0,2,1140.0,2280.0,0.0,2456.0,25651.0,0,0,0,0,6064.442336663
Denaby Main,4310.0,1,1.0,0.0,1076.0,0.0,2,2155.0,4310.0,1.0,0.0,1076.0,0,0,0,0,10248.878338496967
Denby Dale,2735.0,1,0.0,2008.0,24964.0,1.0,2,1367.5,2735.0,0.0,2008.0,24964.0,0,0,0,0,6109.252965424017
Denholme,2960.0,1,0.0,2795.0,9536.0,1.0,2,1480.0,2960.0,0.0,2795.0,9536.0,0,0,0,0,6961.878479702041
Denmead,6505.0,1,1.0,165.0,24551.0,1.0,2,3252.5,6505.0,1.0,165.0,24551.0,0,0,0,0,8172.452853636637
Denton (Tameside),35995.0,8,6.0,343.125,8845.375,0.0,9,3999.4444444444443,35995.0,6.0,343.125,8845.375,0,0,0,0,7909.7398619467685
Derby,275575.0,51,7.470588235294118,658.7843137254902,10617.35294117647,0.0,52,5299.5192307692305,275575.0,7.470588235294118,658.7843137254902,10617.35294117647,0,0,0,0,7735.734783300402
Dereham,20785.0,6,4.166666666666667,480.5,14039.0,0.0,7,2969.285714285714,20785.0,4.166666666666667,480.5,14039.0,0,0,0,0,7721.326603774841
Dersingham,4755.0,1,0.0,7152.0,13198.0,1.0,2,2377.5,4755.0,0.0,7152.0,13198.0,0,0,0,0,6922.066054183064
Desborough,11900.0,2,1.0,1991.5,11938.0,0.0,3,3966.6666666666665,11900.0,1.0,1991.5,11938.0,0,0,0,0,8488.374791454637
Desford,3815.0,1,1.0,252.0,28091.0,1.0,2,1907.5,3815.0,1.0,252.0,28091.0,0,0,0,0,6305.995461179703
Devizes,19490.0,3,6.0,226.0,12815.0,0.0,4,4872.5,19490.0,6.0,226.0,12815.0,0,0,0,0,8787.122699035132
Dewsbury,63720.0,16,6.0,358.75,6514.4375,0.0,17,3748.235294117647,63720.0,6.0,358.75,6514.4375,0,0,0,0,8045.2898375967925
Dickens Heath,4800.0,1,0.0,1380.0,29964.0,1.0,2,2400.0,4800.0,0.0,1380.0,29964.0,0,0,0,0,6509.945113913811
Didcot,34600.0,5,3.4,580.2,29275.4,0.0,6,5766.666666666667,34600.0,3.4,580.2,29275.4,0,0,0,0,8276.82728468992
Dinnington (Newcastle upon Tyne),2360.0,1,0.0,2905.0,11569.0,1.0,2,1180.0,2360.0,0.0,2905.0,11569.0,0,0,0,0,6917.067850941024
Dinnington (Rotherham),10960.0,4,3.0,545.25,5807.5,0.0,5,2192.0,10960.0,3.0,545.25,5807.5,0,0,0,0,7195.503619201812
Dipton,2655.0,1,0.0,2689.0,9703.0,0.0,2,1327.5,2655.0,0.0,2689.0,9703.0,0,0,0,0,6961.878479702041
Disley,3890.0,1,0.0,2509.0,29307.0,0.0,2,1945.0,3890.0,0.0,2509.0,29307.0,0,0,0,0,6033.172774021236
Diss,9600.0,3,3.0,91.0,12771.333333333334,0.0,4,2400.0,9600.0,3.0,91.0,12771.333333333334,0,0,0,0,9039.92919436742
Ditchling,1125.0,1,0.0,3645.0,29868.0,1.0,2,562.5,1125.0,0.0,3645.0,29868.0,0,0,0,0,4850.721139001716
Doddinghurst,4065.0,1,1.0,685.0,26638.0,1.0,2,2032.5,4065.0,1.0,685.0,26638.0,0,0,0,0,5923.8549185593965
Dodworth,5975.0,1,0.0,1343.0,12657.0,0.0,2,2987.5,5975.0,0.0,1343.0,12657.0,0,0,0,0,7808.533101813452
Doncaster,87455.0,22,7.545454545454546,583.8636363636364,6535.318181818182,0.0,23,3802.391304347826,87455.0,7.545454545454546,583.8636363636364,6535.318181818182,0,0,0,0,7682.64147546013
Donington,3195.0,1,0.0,4982.0,13253.0,1.0,2,1597.5,3195.0,0.0,4982.0,13253.0,0,0,0,0,6753.132473924992
Dorchester (Dorset),21360.0,6,5.5,271.8333333333333,16104.666666666666,0.0,7,3051.4285714285716,21360.0,5.5,271.8333333333333,16104.666666666666,0,0,0,0,7897.880185872761
Dorking,17465.0,5,5.0,429.8,26657.2,0.0,6,2910.8333333333335,17465.0,5.0,429.8,26657.2,0,0,0,0,6896.380463395359
Dover,36360.0,7,7.0,335.14285714285717,7985.857142857143,0.0,8,4545.0,36360.0,7.0,335.14285714285717,7985.857142857143,0,0,0,0,8426.916566132059
Downham Market,11350.0,2,4.0,64.0,9472.0,0.0,3,3783.3333333333335,11350.0,4.0,64.0,9472.0,0,0,0,0,10778.199703243903
Downley,2655.0,1,1.0,1123.0,30817.0,0.0,2,1327.5,2655.0,1.0,1123.0,30817.0,0,0,0,0,6118.061490854976
Downton,2950.0,1,1.0,236.0,27264.0,1.0,2,1475.0,2950.0,1.0,236.0,27264.0,0,0,0,0,6214.806310356523
Driffield,13215.0,3,5.0,266.6666666666667,19567.0,0.0,4,3303.75,13215.0,5.0,266.6666666666667,19567.0,0,0,0,0,8043.650787919793
Drighlington,5280.0,2,2.0,250.5,18103.0,0.0,3,1760.0,5280.0,2.0,250.5,18103.0,0,0,0,0,6989.960687786657
Droitwich Spa,26420.0,4,3.75,357.25,14043.5,0.0,5,5284.0,26420.0,3.75,357.25,14043.5,0,0,0,0,8651.095986454471
Dronfield,21160.0,5,3.8,365.4,21705.6,0.0,6,3526.6666666666665,21160.0,3.8,365.4,21705.6,0,0,0,0,7407.025009992215
Droylsden,23915.0,4,8.0,91.25,5410.75,0.0,5,4783.0,23915.0,8.0,91.25,5410.75,0,0,0,0,9568.190570025517
Drybrook,2570.0,1,1.0,229.0,16756.0,0.0,2,1285.0,2570.0,1.0,229.0,16756.0,0,0,0,0,6898.771536963477
Dudley (Dudley),64270.0,12,4.75,198.75,5284.25,0.0,13,4943.846153846154,64270.0,4.75,198.75,5284.25,0,0,0,0,8583.847190897864
Dudley (North Tyneside),4800.0,1,0.0,2167.0,12345.0,0.0,2,2400.0,4800.0,0.0,2167.0,12345.0,0,0,0,0,7526.547817670148
Dukinfield,21155.0,2,6.0,419.5,6885.0,0.0,3,7051.666666666667,21155.0,6.0,419.5,6885.0,0,0,0,0,9336.894666527736
Dulverton,845.0,1,1.0,471.0,9685.0,1.0,2,422.5,845.0,1.0,471.0,9685.0,0,0,0,0,5535.003844043043
Dunchurch,2605.0,1,1.0,105.0,26762.0,1.0,2,1302.5,2605.0,1.0,105.0,26762.0,0,0,0,0,6711.952681311471
Dunnington,3255.0,1,0.0,3591.0,31145.0,1.0,2,1627.5,3255.0,0.0,3591.0,31145.0,0,0,0,0,5863.540184004916
Dunscroft and Hatfield,14000.0,3,1.6666666666666667,368.6666666666667,13070.0,0.0,4,3500.0,14000.0,1.6666666666666667,368.6666666666667,13070.0,0,0,0,0,7805.832762703139
Dunstable,34500.0,6,8.333333333333334,456.0,14140.0,0.0,7,4928.571428571428,34500.0,8.333333333333334,456.0,14140.0,0,0,0,0,8298.622294563509
Durham,50510.0,10,4.2,591.5,21570.1,0.0,11,4591.818181818182,50510.0,4.2,591.5,21570.1,0,0,0,0,7958.058272354275
Dursley,7935.0,3,4.0,147.66666666666666,26879.0,0.0,4,1983.75,7935.0,4.0,147.66666666666666,26879.0,0,0,0,0,6679.233996810499
Dymchurch,3095.0,1,1.0,172.0,8438.0,1.0,2,1547.5,3095.0,1.0,172.0,8438.0,0,0,0,0,7609.475882743114
Earby,4415.0,1,1.0,34.0,12990.0,1.0,2,2207.5,4415.0,1.0,34.0,12990.0,0,0,0,0,8416.476550318937
Earl Shilton,10885.0,2,2.0,168.5,10385.0,0.0,3,3628.3333333333335,10885.0,2.0,168.5,10385.0,0,0,0,0,9423.702819979811
Earls Barton,6065.0,1,1.0,364.0,26891.0,1.0,2,3032.5,6065.0,1.0,364.0,26891.0,0,0,0,0,7325.636433619536
Earls Colne,3360.0,1,1.0,391.0,15398.0,1.0,2,1680.0,3360.0,1.0,391.0,15398.0,0,0,0,0,6671.456897278354
Easebourne,1395.0,1,3.0,0.0,26820.0,1.0,2,697.5,1395.0,3.0,0.0,26820.0,0,0,0,0,7232.621532301727
Easington (County Durham),6965.0,1,0.0,2624.0,221.0,1.0,2,3482.5,6965.0,0.0,2624.0,221.0,0,0,0,0,9035.557875955712
Easington Lane,4170.0,1,0.0,1914.0,3836.0,0.0,2,2085.0,4170.0,0.0,1914.0,3836.0,0,0,0,0,7604.365471673316
Easingwold,5035.0,1,1.0,396.0,31018.0,1.0,2,2517.5,5035.0,1.0,396.0,31018.0,0,0,0,0,7574.539006249712
East Ardsley,15245.0,1,1.0,0.0,5898.0,0.0,2,7622.5,15245.0,1.0,0.0,5898.0,0,0,0,0,12263.994631487054
East Ayton and West Ayton,2810.0,1,1.0,909.0,21294.0,1.0,2,1405.0,2810.0,1.0,909.0,21294.0,0,0,0,0,6307.355031771909
East Bergholt,2210.0,1,0.0,1092.0,26737.0,1.0,2,1105.0,2210.0,0.0,1092.0,26737.0,0,0,0,0,5840.736680563845
East Boldon and West Boldon,6795.0,1,0.0,1591.0,29296.0,0.0,2,3397.5,6795.0,0.0,1591.0,29296.0,0,0,0,0,7178.032396099559
East Cowes,8430.0,3,3.0,59.666666666666664,16430.0,1.0,4,2107.5,8430.0,3.0,59.666666666666664,16430.0,0,0,0,0,8596.85650555859
East Goscote,2890.0,1,0.0,1975.0,24669.0,1.0,2,1445.0,2890.0,0.0,1975.0,24669.0,0,0,0,0,6109.252965424017
East Grinstead,26350.0,4,3.75,773.0,23170.25,0.0,5,5270.0,26350.0,3.75,773.0,23170.25,0,0,0,0,8021.922421454073
East Harling,2490.0,1,1.0,152.0,25102.0,1.0,2,1245.0,2490.0,1.0,152.0,25102.0,0,0,0,0,6777.048070109166
East Horsley,5840.0,1,1.0,113.0,31349.0,0.0,2,2920.0,5840.0,1.0,113.0,31349.0,0,0,0,0,7625.528751502483
East Leake,8555.0,1,1.0,0.0,24233.0,1.0,2,4277.5,8555.0,1.0,0.0,24233.0,0,0,0,0,10758.66784815875
East Peckham,2145.0,1,0.0,3163.0,20077.0,1.0,2,1072.5,2145.0,0.0,3163.0,20077.0,0,0,0,0,6808.105389583943
East Tilbury,5750.0,1,2.0,164.0,12939.0,1.0,2,2875.0,5750.0,2.0,164.0,12939.0,0,0,0,0,8426.974606268333
East Wittering,6060.0,3,3.0,51.333333333333336,16098.0,1.0,4,1515.0,6060.0,3.0,51.333333333333336,16098.0,0,0,0,0,8275.790616829676
Eastbourne,99180.0,17,6.176470588235294,392.8235294117647,9553.70588235294,0.0,18,5510.0,99180.0,6.176470588235294,392.8235294117647,9553.70588235294,0,0,0,0,8227.82929792256
Eastleigh,48360.0,5,2.6,426.8,24270.8,0.0,6,8060.0,48360.0,2.6,426.8,24270.8,0,0,0,0,8970.1735473948
Eastry,2390.0,1,1.0,3886.0,16323.0,1.0,2,1195.0,2390.0,1.0,3886.0,16323.0,0,0,0,0,6828.34168955175
Eastwood,18890.0,3,3.3333333333333335,415.0,13639.666666666666,0.0,4,4722.5,18890.0,3.3333333333333335,415.0,13639.666666666666,0,0,0,0,8564.59682139581
Eaton Bray and Edlesborough,4200.0,1,1.0,0.0,26147.0,1.0,2,2100.0,4200.0,1.0,0.0,26147.0,0,0,0,0,7837.886648840618
Ebbsfleet Valley,2990.0,1,1.0,1798.0,19091.0,0.0,2,1495.0,2990.0,1.0,1798.0,19091.0,0,0,0,0,6757.317741852004
Eccles (Salford),41125.0,8,6.0,309.125,5148.5,0.0,9,4569.444444444444,41125.0,6.0,309.125,5148.5,0,0,0,0,8746.39330675565
Ecclesfield and Grenoside,8190.0,4,2.0,49.25,23252.5,0.0,5,1638.0,8190.0,2.0,49.25,23252.5,0,0,0,0,7615.214135948296
Eccleshall,3230.0,1,1.0,36.0,21550.0,1.0,2,1615.0,3230.0,1.0,36.0,21550.0,0,0,0,0,7956.017938417868
Eccleston,4545.0,1,0.0,3553.0,29198.0,1.0,2,2272.5,4545.0,0.0,3553.0,29198.0,0,0,0,0,6199.815421578601
Eckington (North East Derbyshire),7435.0,2,2.0,105.0,16038.0,0.0,3,2478.3333333333335,7435.0,2.0,105.0,16038.0,0,0,0,0,8423.229711280903
Edenbridge,7900.0,2,4.0,21.5,15849.5,1.0,3,2633.3333333333335,7900.0,4.0,21.5,15849.5,0,0,0,0,8806.95491536169
Edenfield,2050.0,1,0.0,2561.0,24584.0,0.0,2,1025.0,2050.0,0.0,2561.0,24584.0,0,0,0,0,6064.442336663
Edgworth,1650.0,1,1.0,55.0,32389.0,1.0,2,825.0,1650.0,1.0,55.0,32389.0,0,0,0,0,6451.059610763106
Edwalton,4760.0,1,0.0,1387.0,18005.0,0.0,2,2380.0,4760.0,0.0,1387.0,18005.0,0,0,0,0,7248.749625726103
Edwinstowe,5325.0,2,1.0,49.0,17228.0,1.0,3,1775.0,5325.0,1.0,49.0,17228.0,0,0,0,0,8372.125282105366
Eggborough,2440.0,1,0.0,6056.0,16281.0,1.0,2,1220.0,2440.0,0.0,6056.0,16281.0,0,0,0,0,6828.34168955175
Egglescliffe,10250.0,2,2.0,348.0,26245.0,0.0,3,3416.6666666666665,10250.0,2.0,348.0,26245.0,0,0,0,0,7231.6298418568995
Egham,28000.0,4,1.5,163.5,22479.75,0.0,5,5600.0,28000.0,1.5,163.5,22479.75,0,0,0,0,9853.48179367023
Egremont,5795.0,2,3.0,99.5,10061.0,1.0,3,1931.6666666666667,5795.0,3.0,99.5,10061.0,0,0,0,0,7800.356617521952
Elland,15785.0,4,4.0,142.5,5790.5,0.0,5,3157.0,15785.0,4.0,142.5,5790.5,0,0,0,0,9082.118042457505
Ellesmere,4270.0,1,1.0,211.0,13376.0,1.0,2,2135.0,4270.0,1.0,211.0,13376.0,0,0,0,0,7034.311956000227
Ellesmere Port,65430.0,10,4.7,369.3,9281.8,0.0,11,5948.181818181818,65430.0,4.7,369.3,9281.8,0,0,0,0,8501.051749833141
Elmswell,4445.0,1,0.0,2233.0,31902.0,1.0,2,2222.5,4445.0,0.0,2233.0,31902.0,0,0,0,0,6006.2368386413455
Elstead,2265.0,1,1.0,150.0,23464.0,1.0,2,1132.5,2265.0,1.0,150.0,23464.0,0,0,0,0,6834.725146442483
Elstree,1735.0,1,2.0,110.0,17651.0,0.0,2,867.5,1735.0,2.0,110.0,17651.0,0,0,0,0,6865.097118773229
Elton (Cheshire West and Chester),3295.0,1,0.0,2932.0,20309.0,0.0,2,1647.5,3295.0,0.0,2932.0,20309.0,0,0,0,0,6777.706802718202
Elvetham Heath,4915.0,1,3.0,676.0,32667.0,0.0,2,2457.5,4915.0,3.0,676.0,32667.0,0,0,0,0,5717.441213527336
Elworth,7645.0,1,0.0,1705.0,23620.0,0.0,2,3822.5,7645.0,0.0,1705.0,23620.0,0,0,0,0,7716.702399140272
Ely,19185.0,4,4.0,382.5,23757.25,0.0,5,3837.0,19185.0,4.0,382.5,23757.25,0,0,0,0,7619.899921350077
Emsworth,11505.0,1,2.0,125.0,24821.0,0.0,2,5752.5,11505.0,2.0,125.0,24821.0,0,0,0,0,9614.457699841765
Enderby and Narborough,13180.0,3,2.0,119.0,25851.666666666668,0.0,4,3295.0,13180.0,2.0,119.0,25851.666666666668,0,0,0,0,8042.003229983991
Endon,2655.0,1,0.0,2285.0,32488.0,0.0,2,1327.5,2655.0,0.0,2285.0,32488.0,0,0,0,0,5899.258316406745
Epping,10695.0,3,4.666666666666667,77.0,16775.0,0.0,4,2673.75,10695.0,4.666666666666667,77.0,16775.0,0,0,0,0,8912.565412317155
Epsom,35850.0,3,4.0,523.3333333333334,15503.0,0.0,4,8962.5,35850.0,4.0,523.3333333333334,15503.0,0,0,0,0,9428.271243787794
Epworth,4360.0,1,1.0,142.0,28718.0,1.0,2,2180.0,4360.0,1.0,142.0,28718.0,0,0,0,0,6816.271356576791
Esh Winning,3880.0,1,0.0,3997.0,15414.0,1.0,2,1940.0,3880.0,0.0,3997.0,15414.0,0,0,0,0,6823.1961750992405
Esher,9485.0,2,4.0,153.0,32081.5,0.0,3,3161.6666666666665,9485.0,4.0,153.0,32081.5,0,0,0,0,7110.979411380211
Essington,3470.0,1,1.0,0.0,23723.0,0.0,2,1735.0,3470.0,1.0,0.0,23723.0,0,0,0,0,7903.90140594839
Eston,29635.0,8,2.0,882.0,2808.0,0.0,9,3292.777777777778,29635.0,2.0,882.0,2808.0,0,0,0,0,8188.895449007027
Eton,2460.0,1,3.0,95.0,25287.0,0.0,2,1230.0,2460.0,3.0,95.0,25287.0,0,0,0,0,6808.269813880595
Eton Wick,2120.0,1,0.0,1913.0,23372.0,1.0,2,1060.0,2120.0,0.0,1913.0,23372.0,0,0,0,0,6199.534925497688
Etwall,3075.0,1,0.0,2197.0,26687.0,1.0,2,1537.5,3075.0,0.0,2197.0,26687.0,0,0,0,0,5963.109072846988
Euxton,17520.0,3,2.3333333333333335,343.3333333333333,24901.333333333332,0.0,4,4380.0,17520.0,2.3333333333333335,343.3333333333333,24901.333333333332,0,0,0,0,7864.265973236157
Evercreech,2165.0,1,0.0,5088.0,22078.0,1.0,2,1082.5,2165.0,0.0,5088.0,22078.0,0,0,0,0,6415.315382159776
Evesham,28250.0,7,8.0,359.42857142857144,11920.285714285714,0.0,8,3531.25,28250.0,8.0,359.42857142857144,11920.285714285714,0,0,0,0,7466.4476026007305
Ewell,27515.0,5,2.8,569.0,28695.4,0.0,6,4585.833333333333,27515.0,2.8,569.0,28695.4,0,0,0,0,8393.958467159553
Exeter,126175.0,16,5.1875,328.3125,16747.5,0.0,17,7422.058823529412,126175.0,5.1875,328.3125,16747.5,0,0,0,0,9001.652069031725
Exminster,4385.0,1,1.0,0.0,31322.0,1.0,2,2192.5,4385.0,1.0,0.0,31322.0,0,0,0,0,8003.274710026944
Exmouth,35500.0,9,5.888888888888889,589.2222222222222,15440.888888888889,0.0,10,3550.0,35500.0,5.888888888888889,589.2222222222222,15440.888888888889,0,0,0,0,7508.154626998701
Eye (Mid Suffolk),2210.0,1,2.0,482.0,18465.0,1.0,2,1105.0,2210.0,2.0,482.0,18465.0,0,0,0,0,6664.952810372557
Eye (Peterborough),5415.0,1,0.0,3172.0,9218.0,1.0,2,2707.5,5415.0,0.0,3172.0,9218.0,0,0,0,0,7917.363834866401
Eynsham,5325.0,1,1.0,174.0,32548.0,1.0,2,2662.5,5325.0,1.0,174.0,32548.0,0,0,0,0,7503.088888812271
Failsworth,19960.0,2,4.5,430.0,3645.5,0.0,3,6653.333333333333,19960.0,4.5,430.0,3645.5,0,0,0,0,9471.82336852733
Fairford,4240.0,1,2.0,0.0,29885.0,1.0,2,2120.0,4240.0,2.0,0.0,29885.0,0,0,0,0,7919.389450881651
Fairlands,1120.0,1,1.0,0.0,31945.0,0.0,2,560.0,1120.0,1.0,0.0,31945.0,0,0,0,0,6658.411257772741
Fakenham,8390.0,2,1.0,856.0,12977.0,1.0,3,2796.6666666666665,8390.0,1.0,856.0,12977.0,0,0,0,0,7665.346559934358
Falmouth,24070.0,4,3.75,510.5,19197.5,0.0,5,4814.0,24070.0,3.75,510.5,19197.5,0,0,0,0,8498.513827604385
Fareham,42625.0,6,2.3333333333333335,387.0,15319.166666666666,0.0,7,6089.285714285715,42625.0,2.3333333333333335,387.0,15319.166666666666,0,0,0,0,9064.237360003022
Faringdon,8625.0,2,2.0,756.0,19595.0,1.0,3,2875.0,8625.0,2.0,756.0,19595.0,0,0,0,0,7565.048491016009
Farnborough,60655.0,12,4.583333333333333,284.1666666666667,19997.416666666668,0.0,13,4665.7692307692305,60655.0,4.583333333333333,284.1666666666667,19997.416666666668,0,0,0,0,8390.44600555435
Farncombe,13250.0,2,1.5,427.0,24412.5,0.0,3,4416.666666666667,13250.0,1.5,427.0,24412.5,0,0,0,0,8045.497422153568
Farndon (Cheshire West and Chester),2230.0,1,0.0,6486.0,29961.0,1.0,2,1115.0,2230.0,0.0,6486.0,29961.0,0,0,0,0,5932.3753715919265
Farnham,20500.0,5,3.2,307.8,27810.6,0.0,6,3416.6666666666665,20500.0,3.2,307.8,27810.6,0,0,0,0,7303.942745722128
Farnham Common and Farnham Royal,6715.0,1,1.0,307.0,31327.0,0.0,2,3357.5,6715.0,1.0,307.0,31327.0,0,0,0,0,7159.6135768087615
Farnsfield,3215.0,2,0.0,4066.0,24751.0,1.0,3,1071.6666666666667,3215.0,0.0,4066.0,24751.0,0,0,0,0,6064.442336663
Farnworth,28760.0,8,7.875,348.5,3056.25,0.0,9,3195.5555555555557,28760.0,7.875,348.5,3056.25,0,0,0,0,7852.679188928259
Faversham,20940.0,4,5.0,163.5,22466.0,0.0,5,4188.0,20940.0,5.0,163.5,22466.0,0,0,0,0,9405.979959094113
Fazeley,7570.0,1,0.0,1840.0,14687.0,0.0,2,3785.0,7570.0,0.0,1840.0,14687.0,0,0,0,0,8150.322605294353
Featherstone (South Staffordshire),7095.0,1,2.0,167.0,7658.0,1.0,2,3547.5,7095.0,2.0,167.0,7658.0,0,0,0,0,9118.233046431782
Featherstone (Wakefield),11655.0,2,5.0,111.0,5981.5,0.0,3,3885.0,11655.0,5.0,111.0,5981.5,0,0,0,0,9905.91437276499
Felixstowe,24220.0,4,3.75,336.75,11007.0,0.0,5,4844.0,24220.0,3.75,336.75,11007.0,0,0,0,0,9005.821140402191
Fence Houses,6945.0,2,0.0,1700.5,9327.0,0.0,3,2315.0,6945.0,0.0,1700.5,9327.0,0,0,0,0,7024.3755152151825
Fenstanton,3015.0,1,0.0,2802.0,22263.0,1.0,2,1507.5,3015.0,0.0,2802.0,22263.0,0,0,0,0,6460.126010920793
Ferndown,13265.0,4,4.0,183.75,21968.0,0.0,5,2653.0,13265.0,4.0,183.75,21968.0,0,0,0,0,7767.554648127947
Fernhurst,1825.0,1,0.0,4964.0,28096.0,1.0,2,912.5,1825.0,0.0,4964.0,28096.0,0,0,0,0,5381.607232596204
Ferryhill,8860.0,2,3.0,163.5,4557.5,1.0,3,2953.3333333333335,8860.0,3.0,163.5,4557.5,0,0,0,0,9257.72440737604
Filey,6665.0,2,1.0,185.0,5186.0,1.0,3,2221.6666666666665,6665.0,1.0,185.0,5186.0,0,0,0,0,7567.109915510201
Filton,10960.0,3,2.0,941.0,21387.666666666668,0.0,4,2740.0,10960.0,2.0,941.0,21387.666666666668,0,0,0,0,7064.00486179522
Finedon,4555.0,1,1.0,254.0,10846.0,1.0,2,2277.5,4555.0,1.0,254.0,10846.0,0,0,0,0,7222.367357020771
Fishbourne (Chichester),3370.0,1,0.0,1026.0,22724.0,0.0,2,1685.0,3370.0,0.0,1026.0,22724.0,0,0,0,0,6016.365359483063
Fishburn,2385.0,1,0.0,2403.0,12812.0,1.0,2,1192.5,2385.0,0.0,2403.0,12812.0,0,0,0,0,6868.786317778158
Fitzwilliam and Kinsley,4990.0,1,0.0,2403.0,230.0,1.0,2,2495.0,4990.0,0.0,2403.0,230.0,0,0,0,0,8684.467966958233
Flackwell Heath and Wooburn Green,12435.0,3,0.6666666666666666,1428.0,29818.333333333332,0.0,4,3108.75,12435.0,0.6666666666666666,1428.0,29818.333333333332,0,0,0,0,7005.044575772653
Flamborough,1870.0,1,0.0,6231.0,17551.0,1.0,2,935.0,1870.0,0.0,6231.0,17551.0,0,0,0,0,6117.808131776498
Fleckney,4925.0,1,0.0,3207.0,28794.0,1.0,2,2462.5,4925.0,0.0,3207.0,28794.0,0,0,0,0,6417.529853720586
Fleet,37790.0,8,3.125,580.625,30879.375,0.0,9,4198.888888888889,37790.0,3.125,580.625,30879.375,0,0,0,0,8134.699780419086
Fleetwood,26225.0,6,3.3333333333333335,211.83333333333334,3967.8333333333335,0.0,7,3746.4285714285716,26225.0,3.3333333333333335,211.83333333333334,3967.8333333333335,0,0,0,0,9044.05121178146
Flitwick,13660.0,2,2.0,265.0,30456.5,0.0,3,4553.333333333333,13660.0,2.0,265.0,30456.5,0,0,0,0,8298.6242826094
Flookburgh,895.0,1,0.0,3162.0,21292.0,1.0,2,447.5,895.0,0.0,3162.0,21292.0,0,0,0,0,5809.583725544635
Folkestone,51995.0,9,6.0,290.8888888888889,7949.444444444444,0.0,10,5199.5,51995.0,6.0,290.8888888888889,7949.444444444444,0,0,0,0,8493.458095126196
Fordingbridge,4950.0,1,2.0,286.0,17425.0,1.0,2,2475.0,4950.0,2.0,286.0,17425.0,0,0,0,0,7158.127017407252
Forest Row,3880.0,1,2.0,164.0,24576.0,1.0,2,1940.0,3880.0,2.0,164.0,24576.0,0,0,0,0,6868.237220932346
Forest Town,19010.0,2,1.0,1342.5,25948.5,0.0,3,6336.666666666667,19010.0,1.0,1342.5,25948.5,0,0,0,0,8489.45059389318
Formby,22890.0,6,3.5,543.3333333333334,26270.166666666668,0.0,7,3270.0,22890.0,3.5,543.3333333333334,26270.166666666668,0,0,0,0,6996.677447794984
Four Marks,5615.0,1,2.0,69.0,27231.0,1.0,2,2807.5,5615.0,2.0,69.0,27231.0,0,0,0,0,8215.521611325103
Fowey,2030.0,1,1.0,239.0,19568.0,1.0,2,1015.0,2030.0,1.0,239.0,19568.0,0,0,0,0,6878.53523699567
Framlingham,3830.0,1,1.0,906.0,30346.0,1.0,2,1915.0,3830.0,1.0,906.0,30346.0,0,0,0,0,5819.26950675155
Frampton Cotterell and Winterbourne,14970.0,3,0.3333333333333333,1017.6666666666666,25640.333333333332,0.0,4,3742.5,14970.0,0.3333333333333333,1017.6666666666666,25640.333333333332,0,0,0,0,7314.117579783784
Freckleton,4475.0,1,0.0,2566.0,20378.0,1.0,2,2237.5,4475.0,0.0,2566.0,20378.0,0,0,0,0,6892.12177210602
Fremington,5230.0,1,2.0,290.0,22666.0,1.0,2,2615.0,5230.0,2.0,290.0,22666.0,0,0,0,0,7508.386486368498
Freshwater and Totland,7520.0,2,2.0,194.5,11598.0,1.0,3,2506.6666666666665,7520.0,2.0,194.5,11598.0,0,0,0,0,7946.072383383459
Frimley,15100.0,3,1.6666666666666667,469.6666666666667,30062.0,0.0,4,3775.0,15100.0,1.6666666666666667,469.6666666666667,30062.0,0,0,0,0,7371.622812133901
Frinton-on-Sea,4865.0,4,3.0,523.25,16955.5,0.0,5,973.0,4865.0,3.0,523.25,16955.5,0,0,0,0,6069.29358253257
Frizington,1755.0,1,0.0,5961.0,3297.0,1.0,2,877.5,1755.0,0.0,5961.0,3297.0,0,0,0,0,6933.090602116659
Frodsham,9100.0,2,2.0,152.5,22716.5,1.0,3,3033.3333333333335,9100.0,2.0,152.5,22716.5,0,0,0,0,8223.351634450455
Frome,27905.0,5,2.4,520.6,18258.6,0.0,6,4650.833333333333,27905.0,2.4,520.6,18258.6,0,0,0,0,8499.08768781284
Fulbourn,3740.0,1,0.0,3045.0,31995.0,0.0,2,1870.0,3740.0,0.0,3045.0,31995.0,0,0,0,0,5824.0491007799865
Fulwood,34690.0,2,2.5,1037.0,7876.5,0.0,3,11563.333333333334,34690.0,2.5,1037.0,7876.5,0,0,0,0,9571.33833889095
Gainsborough,21910.0,5,1.2,713.4,2430.2,0.0,6,3651.6666666666665,21910.0,1.2,713.4,2430.2,0,0,0,0,8852.638018134294
Galgate,2085.0,1,0.0,5350.0,20995.0,1.0,2,1042.5,2085.0,0.0,5350.0,20995.0,0,0,0,0,6415.315382159776
Galleywood,6410.0,1,0.0,1824.0,22220.0,0.0,2,3205.0,6410.0,0.0,1824.0,22220.0,0,0,0,0,7492.531092857424
Gamesley,3125.0,1,1.0,318.0,2192.0,0.0,2,1562.5,3125.0,1.0,318.0,2192.0,0,0,0,0,7497.4375973095175
Gamlingay,2920.0,1,0.0,3465.0,31409.0,1.0,2,1460.0,2920.0,0.0,3465.0,31409.0,0,0,0,0,5899.258316406745
Garforth,15155.0,4,3.0,429.0,22168.0,0.0,5,3031.0,15155.0,3.0,429.0,22168.0,0,0,0,0,7452.857484106772
Gargrave,1505.0,1,0.0,5973.0,24091.0,1.0,2,752.5,1505.0,0.0,5973.0,24091.0,0,0,0,0,5452.541909546475
Garstang,5805.0,2,2.0,322.0,24753.5,1.0,3,1935.0,5805.0,2.0,322.0,24753.5,0,0,0,0,6328.070719932002
Gateshead,115280.0,26,6.3076923076923075,373.34615384615387,7278.192307692308,0.0,27,4269.62962962963,115280.0,6.3076923076923075,373.34615384615387,7278.192307692308,0,0,0,0,7943.063683698525
Gatley,9150.0,3,4.0,309.3333333333333,23728.666666666668,0.0,4,2287.5,9150.0,4.0,309.3333333333333,23728.666666666668,0,0,0,0,6380.16477650335
Gerrards Cross,8115.0,2,1.0,2084.0,29904.0,0.0,3,2705.0,8115.0,1.0,2084.0,29904.0,0,0,0,0,6929.5838321970095
Gilberdyke,3030.0,1,1.0,135.0,25542.0,1.0,2,1515.0,3030.0,1.0,135.0,25542.0,0,0,0,0,6733.060598253837
Gildersome,6275.0,1,1.0,45.0,8281.0,0.0,2,3137.5,6275.0,1.0,45.0,8281.0,0,0,0,0,9576.311611308629
Gillingham (Dorset),11010.0,2,1.0,945.5,21998.0,0.0,3,3670.0,11010.0,1.0,945.5,21998.0,0,0,0,0,7599.9979386361265
Gillingham (Medway),108480.0,20,6.55,346.3,13200.55,0.0,21,5165.714285714285,108480.0,6.55,346.3,13200.55,0,0,0,0,8259.184719517772
Glastonbury,8300.0,2,5.0,159.0,9039.0,1.0,3,2766.6666666666665,8300.0,5.0,159.0,9039.0,0,0,0,0,8332.812330053055
Glemsford,3690.0,1,0.0,6509.0,15896.0,1.0,2,1845.0,3690.0,0.0,6509.0,15896.0,0,0,0,0,6753.132473924992
Glinton,1745.0,1,1.0,526.0,28032.0,1.0,2,872.5,1745.0,1.0,526.0,28032.0,0,0,0,0,5344.51006486254
Glossop,17820.0,5,2.6,291.4,15542.6,0.0,6,2970.0,17820.0,2.6,291.4,15542.6,0,0,0,0,7834.9709024654785
Gloucester,118555.0,20,9.05,509.8,9260.2,0.0,21,5645.476190476191,118555.0,9.05,509.8,9260.2,0,0,0,0,8159.84485248183
Gnosall,4040.0,1,1.0,0.0,18661.0,1.0,2,2020.0,4040.0,1.0,0.0,18661.0,0,0,0,0,9288.666079622122
Gobowen,3050.0,1,0.0,3479.0,7031.0,1.0,2,1525.0,3050.0,0.0,3479.0,7031.0,0,0,0,0,7285.930433434966
Godalming,10450.0,3,3.0,249.66666666666666,24496.0,0.0,4,2612.5,10450.0,3.0,249.66666666666666,24496.0,0,0,0,0,7300.088904005277
Godmanchester,7715.0,1,1.0,226.0,21784.0,0.0,2,3857.5,7715.0,1.0,226.0,21784.0,0,0,0,0,8773.459707717167
Godstone,2650.0,1,1.0,347.0,25438.0,1.0,2,1325.0,2650.0,1.0,347.0,25438.0,0,0,0,0,6072.155797690353
Goff's Oak,3500.0,1,0.0,1889.0,25219.0,0.0,2,1750.0,3500.0,0.0,1889.0,25219.0,0,0,0,0,6034.043749797259
Golborne,25555.0,6,3.8333333333333335,191.83333333333334,12426.166666666666,0.0,7,3650.714285714286,25555.0,3.8333333333333335,191.83333333333334,12426.166666666666,0,0,0,0,8439.932088326097
Goldthorpe,7490.0,2,3.5,303.0,4978.5,0.0,3,2496.6666666666665,7490.0,3.5,303.0,4978.5,0,0,0,0,8360.809657339827
Gomersal and Birkenshaw,13955.0,2,0.0,1510.5,20889.0,0.0,3,4651.666666666667,13955.0,0.0,1510.5,20889.0,0,0,0,0,8094.511550590514
Goole,20175.0,6,4.666666666666667,59.166666666666664,10151.666666666666,0.0,7,2882.1428571428573,20175.0,4.666666666666667,59.166666666666664,10151.666666666666,0,0,0,0,9192.581452552404
Goosnargh,1890.0,1,0.0,3497.0,10662.0,1.0,2,945.0,1890.0,0.0,3497.0,10662.0,0,0,0,0,6251.344921926789
Goostrey,1950.0,1,0.0,3217.0,21468.0,1.0,2,975.0,1950.0,0.0,3217.0,21468.0,0,0,0,0,5749.592453145541
Goring,3435.0,1,0.0,4349.0,32806.0,1.0,2,1717.5,3435.0,0.0,4349.0,32806.0,0,0,0,0,5824.0491007799865
Gorleston-on-Sea,24470.0,7,6.0,458.42857142857144,5648.857142857143,0.0,8,3058.75,24470.0,6.0,458.42857142857144,5648.857142857143,0,0,0,0,8120.9351855052455
Gosport,70110.0,13,2.8461538461538463,647.7692307692307,11114.153846153846,0.0,14,5007.857142857143,70110.0,2.8461538461538463,647.7692307692307,11114.153846153846,0,0,0,0,8248.226307159144
Goudhurst,1105.0,1,1.0,94.0,16466.0,1.0,2,552.5,1105.0,1.0,94.0,16466.0,0,0,0,0,6478.180629807852
Goxhill,2325.0,1,0.0,6399.0,25518.0,1.0,2,1162.5,2325.0,0.0,6399.0,25518.0,0,0,0,0,6064.442336663
Grange-over-Sands,4045.0,2,2.0,221.0,22745.5,1.0,3,1348.3333333333333,4045.0,2.0,221.0,22745.5,0,0,0,0,6544.352805127554
Grantham,44905.0,8,5.875,345.75,13286.625,0.0,9,4989.444444444444,44905.0,5.875,345.75,13286.625,0,0,0,0,8421.53764397146
Grasmere,520.0,1,0.0,4632.0,21330.0,1.0,2,260.0,520.0,0.0,4632.0,21330.0,0,0,0,0,4327.710052361011
Grassington,1110.0,1,0.0,12238.0,29144.0,1.0,2,555.0,1110.0,0.0,12238.0,29144.0,0,0,0,0,4860.507220067869
Grassmoor,3535.0,1,0.0,1992.0,16654.0,0.0,2,1767.5,3535.0,0.0,1992.0,16654.0,0,0,0,0,6753.132473924992
Gravesend,58105.0,13,6.6923076923076925,444.6923076923077,13859.76923076923,0.0,14,4150.357142857143,58105.0,6.6923076923076925,444.6923076923077,13859.76923076923,0,0,0,0,7876.234742831145
Grays,44345.0,9,7.555555555555555,222.0,13758.444444444445,0.0,10,4434.5,44345.0,7.555555555555555,222.0,13758.444444444445,0,0,0,0,8263.293655332149
Greasbrough,3860.0,1,2.0,169.0,857.0,0.0,2,1930.0,3860.0,2.0,169.0,857.0,0,0,0,0,8570.483660197504
Greasby,9180.0,1,2.0,101.0,21271.0,0.0,2,4590.0,9180.0,2.0,101.0,21271.0,0,0,0,0,9582.174627537997
Great Ayton,4345.0,1,1.0,156.0,27861.0,1.0,2,2172.5,4345.0,1.0,156.0,27861.0,0,0,0,0,6816.271356576791
Great Bentley,1745.0,1,1.0,0.0,20063.0,1.0,2,872.5,1745.0,1.0,0.0,20063.0,0,0,0,0,8511.517699816897
Great Bookham and Fetcham,21655.0,4,2.5,283.0,27178.75,0.0,5,4331.0,21655.0,2.5,283.0,27178.75,0,0,0,0,8100.22740152275
Great Denham,4360.0,1,1.0,0.0,23718.0,0.0,2,2180.0,4360.0,1.0,0.0,23718.0,0,0,0,0,8238.651814663064
Great Doddington,1150.0,1,0.0,1610.0,23224.0,1.0,2,575.0,1150.0,0.0,1610.0,23224.0,0,0,0,0,5658.660208469979
Great Dunmow,10395.0,2,3.0,106.5,25547.0,0.0,3,3465.0,10395.0,3.0,106.5,25547.0,0,0,0,0,8186.332005129851
Great Eccleston,2070.0,1,1.0,0.0,18586.0,1.0,2,1035.0,2070.0,1.0,0.0,18586.0,0,0,0,0,9152.666300037921
Great Glen,4060.0,1,0.0,3178.0,29866.0,1.0,2,2030.0,4060.0,0.0,3178.0,29866.0,0,0,0,0,5972.040485900434
Great Harwood,11015.0,4,7.0,361.0,7194.75,0.0,5,2203.0,11015.0,7.0,361.0,7194.75,0,0,0,0,7123.062216306324
Great Haywood,2030.0,1,1.0,126.0,24497.0,1.0,2,1015.0,2030.0,1.0,126.0,24497.0,0,0,0,0,6763.459185119578
Great Houghton (Barnsley),2485.0,1,0.0,2543.0,9775.0,1.0,2,1242.5,2485.0,0.0,2543.0,9775.0,0,0,0,0,6961.878479702041
Great Lumley,3630.0,1,1.0,48.0,14453.0,1.0,2,1815.0,3630.0,1.0,48.0,14453.0,0,0,0,0,8197.521351270883
Great Malvern,33185.0,8,4.875,324.75,19270.75,0.0,9,3687.222222222222,33185.0,4.875,324.75,19270.75,0,0,0,0,8239.493124894936
Great Notley,7660.0,1,0.0,2695.0,25745.0,0.0,2,3830.0,7660.0,0.0,2695.0,25745.0,0,0,0,0,7787.726346840019
Great Shelford and Stapleford,6160.0,1,0.0,2959.0,32840.0,0.0,2,3080.0,6160.0,0.0,2959.0,32840.0,0,0,0,0,6939.248847496798
Great Torrington,5955.0,1,2.0,246.0,14038.0,1.0,2,2977.5,5955.0,2.0,246.0,14038.0,0,0,0,0,8035.518200518644
Great Wakering,6775.0,1,0.0,1046.0,26100.0,0.0,2,3387.5,6775.0,0.0,1046.0,26100.0,0,0,0,0,7056.524038937527
Great Wyrley and Cheslyn Hay,17640.0,2,3.0,0.0,21144.0,0.0,3,5880.0,17640.0,3.0,0.0,21144.0,0,0,0,0,11668.389365179573
Great Yarmouth,28985.0,9,7.333333333333333,241.55555555555554,2494.5555555555557,0.0,10,2898.5,28985.0,7.333333333333333,241.55555555555554,2494.5555555555557,0,0,0,0,8299.178200055287
Gregson Lane,2075.0,1,0.0,1866.0,24553.0,1.0,2,1037.5,2075.0,0.0,1866.0,24553.0,0,0,0,0,6064.442336663
Grendon (North Warwickshire),2430.0,1,0.0,2236.0,14668.0,1.0,2,1215.0,2430.0,0.0,2236.0,14668.0,0,0,0,0,6828.34168955175
Grimethorpe,5065.0,1,1.0,92.0,2908.0,1.0,2,2532.5,5065.0,1.0,92.0,2908.0,0,0,0,0,9129.089498805533
Grimsargh,2595.0,1,0.0,2069.0,30782.0,0.0,2,1297.5,2595.0,0.0,2069.0,30782.0,0,0,0,0,6270.83247000386
Grimsby,85925.0,17,7.294117647058823,344.1764705882353,4932.117647058823,0.0,18,4773.611111111111,85925.0,7.294117647058823,344.1764705882353,4932.117647058823,0,0,0,0,8421.874838949603
Groby,6560.0,1,1.0,187.0,21538.0,1.0,2,3280.0,6560.0,1.0,187.0,21538.0,0,0,0,0,7883.7406632699685
Grove (Vale of White Horse),7945.0,1,0.0,1221.0,30001.0,0.0,2,3972.5,7945.0,0.0,1221.0,30001.0,0,0,0,0,7653.2211479095595
Guildford,77880.0,12,3.3333333333333335,357.4166666666667,25762.916666666668,0.0,13,5990.7692307692305,77880.0,3.3333333333333335,357.4166666666667,25762.916666666668,0,0,0,0,8165.929990435211
Guisborough,18095.0,2,3.0,183.0,7460.0,0.0,3,6031.666666666667,18095.0,3.0,183.0,7460.0,0,0,0,0,9713.385968080333
Guiseley,12460.0,2,2.0,175.5,20368.0,0.0,3,4153.333333333333,12460.0,2.0,175.5,20368.0,0,0,0,0,9433.384075820411
Gunnislake and St Ann's Chapel,3505.0,1,0.0,4955.0,10851.0,1.0,2,1752.5,3505.0,0.0,4955.0,10851.0,0,0,0,0,6886.669264075283
Haddenham (Buckinghamshire),5605.0,1,1.0,0.0,20501.0,1.0,2,2802.5,5605.0,1.0,0.0,20501.0,0,0,0,0,9830.560024273578
Haddenham (East Cambridgeshire),3050.0,1,1.0,384.0,28317.0,1.0,2,1525.0,3050.0,1.0,384.0,28317.0,0,0,0,0,5926.011905113324
Hadfield,16275.0,4,1.5,179.5,14113.75,0.0,5,3255.0,16275.0,1.5,179.5,14113.75,0,0,0,0,8629.943857528704
Hadleigh,8640.0,2,2.0,56.0,12824.0,1.0,3,2880.0,8640.0,2.0,56.0,12824.0,0,0,0,0,8960.051126734108
Hadlow,3165.0,1,1.0,104.0,29358.0,1.0,2,1582.5,3165.0,1.0,104.0,29358.0,0,0,0,0,6636.743465684713
Hadston,2710.0,1,0.0,2021.0,6400.0,1.0,2,1355.0,2710.0,0.0,2021.0,6400.0,0,0,0,0,7426.774389674844
Hagley,7010.0,1,1.0,193.0,31439.0,0.0,2,3505.0,7010.0,1.0,193.0,31439.0,0,0,0,0,7280.809850062584
Hailsham,22550.0,4,2.75,313.5,15224.0,0.0,5,4510.0,22550.0,2.75,313.5,15224.0,0,0,0,0,8753.445931138365
Hale (Halton),1500.0,1,0.0,1882.0,19132.0,0.0,2,750.0,1500.0,0.0,1882.0,19132.0,0,0,0,0,6117.808131776498
Hale (Trafford),16715.0,3,2.0,776.6666666666666,28429.333333333332,0.0,4,4178.75,16715.0,2.0,776.6666666666666,28429.333333333332,0,0,0,0,7530.318488259947
Hale Bank,1620.0,1,0.0,1331.0,5968.0,0.0,2,810.0,1620.0,0.0,1331.0,5968.0,0,0,0,0,6650.443872085492
Halesowen,60110.0,12,5.333333333333333,257.9166666666667,15093.25,0.0,13,4623.846153846154,60110.0,5.333333333333333,257.9166666666667,15093.25,0,0,0,0,8392.857415268127
Halesworth,4925.0,2,2.0,331.5,16328.0,1.0,3,1641.6666666666667,4925.0,2.0,331.5,16328.0,0,0,0,0,6755.1093609090085
Halifax,88115.0,19,6.7894736842105265,388.0,5818.789473684211,0.0,20,4405.75,88115.0,6.7894736842105265,388.0,5818.789473684211,0,0,0,0,8149.66082232927
Halstead (Braintree),13900.0,3,4.0,192.33333333333334,16334.0,0.0,4,3475.0,13900.0,4.0,192.33333333333334,16334.0,0,0,0,0,7974.835432148074
Halton (Lancaster),2655.0,1,0.0,3172.0,24418.0,1.0,2,1327.5,2655.0,0.0,3172.0,24418.0,0,0,0,0,6109.252965424017
Haltwhistle,3650.0,1,1.0,280.0,10568.0,1.0,2,1825.0,3650.0,1.0,280.0,10568.0,0,0,0,0,6932.237503508877
Hamble-le-Rice,4615.0,1,0.0,1490.0,21072.0,0.0,2,2307.5,4615.0,0.0,1490.0,21072.0,0,0,0,0,6298.869931612593
Hambleton (Wyre),2430.0,1,0.0,3240.0,20351.0,1.0,2,1215.0,2430.0,0.0,3240.0,20351.0,0,0,0,0,6852.91601834496
Hampton in Arden,1865.0,1,1.0,158.0,29660.0,1.0,2,932.5,1865.0,1.0,158.0,29660.0,0,0,0,0,5962.887593541696
Handsacre and Armitage,4835.0,1,0.0,3169.0,21252.0,1.0,2,2417.5,4835.0,0.0,3169.0,21252.0,0,0,0,0,6771.564807694092
Harbury,2750.0,1,1.0,189.0,32825.0,1.0,2,1375.0,2750.0,1.0,189.0,32825.0,0,0,0,0,6075.746338289521
Harden,1600.0,1,0.0,2569.0,30409.0,1.0,2,800.0,1600.0,0.0,2569.0,30409.0,0,0,0,0,5253.346777162365
Harleston,5075.0,1,1.0,109.0,17567.0,1.0,2,2537.5,5075.0,1.0,109.0,17567.0,0,0,0,0,8423.229711280903
Harlow,93580.0,12,3.4166666666666665,306.4166666666667,13035.833333333334,0.0,13,7198.461538461538,93580.0,3.4166666666666665,306.4166666666667,13035.833333333334,0,0,0,0,9517.085584090542
Harpenden,30965.0,5,4.8,326.2,30142.6,0.0,6,5160.833333333333,30965.0,4.8,326.2,30142.6,0,0,0,0,8119.19067066575
Harrogate,75515.0,13,8.692307692307692,357.15384615384613,20221.076923076922,0.0,14,5393.928571428572,75515.0,8.692307692307692,357.15384615384613,20221.076923076922,0,0,0,0,8246.044596474138
Hartford,6695.0,1,0.0,1126.0,26255.0,0.0,2,3347.5,6695.0,0.0,1126.0,26255.0,0,0,0,0,7056.524038937527
Hartlepool,87995.0,21,7.142857142857143,389.85714285714283,4072.285714285714,0.0,22,3999.7727272727275,87995.0,7.142857142857143,389.85714285714283,4072.285714285714,0,0,0,0,8038.019017447488
Hartley Wintney,3470.0,1,2.0,192.0,26357.0,1.0,2,1735.0,3470.0,2.0,192.0,26357.0,0,0,0,0,6196.17043429256
Harwich,20215.0,3,1.3333333333333333,964.0,6857.666666666667,0.0,4,5053.75,20215.0,1.3333333333333333,964.0,6857.666666666667,0,0,0,0,8542.164139934073
Harworth and Bircotes,8885.0,3,2.0,3160.0,8259.333333333334,1.0,4,2221.25,8885.0,2.0,3160.0,8259.333333333334,0,0,0,0,6946.979902944713
Haslemere,11900.0,3,2.0,746.0,27379.333333333332,0.0,4,2975.0,11900.0,2.0,746.0,27379.333333333332,0,0,0,0,6919.833354606314
Haslingden,16005.0,4,1.0,698.5,11307.25,0.0,5,3201.0,16005.0,1.0,698.5,11307.25,0,0,0,0,7807.7168736211015
Haslington,5040.0,1,1.0,0.0,25522.0,1.0,2,2520.0,5040.0,1.0,0.0,25522.0,0,0,0,0,8624.94652174812
Hassocks and Hurstpierpoint,14215.0,3,1.0,1858.0,23854.0,0.0,4,3553.75,14215.0,1.0,1858.0,23854.0,0,0,0,0,7206.650734005081
Hastings,91490.0,19,4.631578947368421,495.5263157894737,6914.210526315789,0.0,20,4574.5,91490.0,4.631578947368421,495.5263157894737,6914.210526315789,0,0,0,0,8348.377592299017
Haswell,1185.0,1,0.0,1904.0,3766.0,1.0,2,592.5,1185.0,0.0,1904.0,3766.0,0,0,0,0,7223.037751358487
Hatfield,41560.0,5,6.4,325.6,8898.8,0.0,6,6926.666666666667,41560.0,6.4,325.6,8898.8,0,0,0,0,9210.294651228156
Hatfield Peverel,3620.0,1,0.0,3564.0,18540.0,1.0,2,1810.0,3620.0,0.0,3564.0,18540.0,0,0,0,0,6753.132473924992
Hathersage,1860.0,1,0.0,5373.0,28456.0,1.0,2,930.0,1860.0,0.0,5373.0,28456.0,0,0,0,0,5381.607232596204
Hattersley,6960.0,1,1.0,0.0,750.0,0.0,2,3480.0,6960.0,1.0,0.0,750.0,0,0,0,0,11232.108185837677
Hatton (South Derbyshire),2560.0,1,3.0,0.0,15893.0,1.0,2,1280.0,2560.0,3.0,0.0,15893.0,0,0,0,0,9300.350693247878
Havant,46960.0,10,4.7,561.6,7010.1,0.0,11,4269.090909090909,46960.0,4.7,561.6,7010.1,0,0,0,0,8108.495680511635
Havercroft and Ryhill,5205.0,1,0.0,3710.0,4617.0,1.0,2,2602.5,5205.0,0.0,3710.0,4617.0,0,0,0,0,8447.32621127148
Haverhill,26705.0,6,5.333333333333333,173.33333333333334,10172.0,0.0,7,3815.0,26705.0,5.333333333333333,173.33333333333334,10172.0,0,0,0,0,9039.593142193611
Hawes and Gayle,805.0,1,1.0,95.0,25519.0,1.0,2,402.5,805.0,1.0,95.0,25519.0,0,0,0,0,5555.216911237474
Hawkhurst,3685.0,1,1.0,53.0,26889.0,1.0,2,1842.5,3685.0,1.0,53.0,26889.0,0,0,0,0,7223.145459595565
Hawkinge,8500.0,2,1.0,2243.0,19759.0,1.0,3,2833.3333333333335,8500.0,1.0,2243.0,19759.0,0,0,0,0,7670.345409338962
Hawkshead,260.0,1,0.0,5592.0,17453.0,1.0,2,130.0,260.0,0.0,5592.0,17453.0,0,0,0,0,5427.279664869262
Haworth,5680.0,1,1.0,469.0,9677.0,0.0,2,2840.0,5680.0,1.0,469.0,9677.0,0,0,0,0,7865.004596562486
Haxby,10180.0,2,3.0,266.0,29181.0,0.0,3,3393.3333333333335,10180.0,3.0,266.0,29181.0,0,0,0,0,7569.467794121823
Haxey,2045.0,1,0.0,4332.0,29314.0,1.0,2,1022.5,2045.0,0.0,4332.0,29314.0,0,0,0,0,5993.507659712729
Haydock,16140.0,1,1.0,716.0,6074.0,0.0,2,8070.0,16140.0,1.0,716.0,6074.0,0,0,0,0,9796.697464176355
Haydon Bridge,1230.0,1,1.0,233.0,18272.0,1.0,2,615.0,1230.0,1.0,233.0,18272.0,0,0,0,0,6188.237979188225
Hayfield,1875.0,1,0.0,3742.0,26314.0,1.0,2,937.5,1875.0,0.0,3742.0,26314.0,0,0,0,0,5341.845906883309
Hayle,9040.0,3,2.0,480.6666666666667,9968.333333333334,1.0,4,2260.0,9040.0,2.0,480.6666666666667,9968.333333333334,0,0,0,0,7033.359259190868
Haywards Heath,40185.0,7,3.142857142857143,361.2857142857143,26727.85714285714,0.0,8,5023.125,40185.0,3.142857142857143,361.2857142857143,26727.85714285714,0,0,0,0,7936.382463315995
Hazel Grove,20170.0,5,4.0,517.6,17391.2,0.0,6,3361.6666666666665,20170.0,4.0,517.6,17391.2,0,0,0,0,7760.000288588582
Hazlemere,20005.0,4,1.0,1234.0,31949.0,0.0,5,4001.0,20005.0,1.0,1234.0,31949.0,0,0,0,0,7165.956362768859
Heacham,3980.0,1,1.0,174.0,18702.0,1.0,2,1990.0,3980.0,1.0,174.0,18702.0,0,0,0,0,7585.0627025356935
Headcorn,3295.0,1,1.0,855.0,26928.0,1.0,2,1647.5,3295.0,1.0,855.0,26928.0,0,0,0,0,6027.262961148569
Headley Down and Headley,4935.0,1,1.0,0.0,28701.0,1.0,2,2467.5,4935.0,1.0,0.0,28701.0,0,0,0,0,8438.97538248105
Healing,3200.0,1,1.0,766.0,29166.0,1.0,2,1600.0,3200.0,1.0,766.0,29166.0,0,0,0,0,5757.456552109458
Heanor,24260.0,4,4.5,304.5,12761.0,0.0,5,4852.0,24260.0,4.5,304.5,12761.0,0,0,0,0,8793.124272436162
Heathfield (Teignbridge),1495.0,1,0.0,2450.0,22077.0,1.0,2,747.5,1495.0,0.0,2450.0,22077.0,0,0,0,0,5749.592453145541
Heathfield (Wealden),7670.0,2,2.0,617.5,28441.0,0.0,3,2556.6666666666665,7670.0,2.0,617.5,28441.0,0,0,0,0,6829.961650164434
Hebburn,21345.0,4,5.5,103.5,3899.0,0.0,5,4269.0,21345.0,5.5,103.5,3899.0,0,0,0,0,9453.251349480637
Hebden Bridge,5225.0,2,3.0,135.5,13493.5,1.0,3,1741.6666666666667,5225.0,3.0,135.5,13493.5,0,0,0,0,7666.819827371662
Heckington,3315.0,1,1.0,749.0,25435.0,1.0,2,1657.5,3315.0,1.0,749.0,25435.0,0,0,0,0,5828.391229059729
Heckmondwike,13370.0,3,2.6666666666666665,425.3333333333333,11021.0,0.0,4,3342.5,13370.0,2.6666666666666665,425.3333333333333,11021.0,0,0,0,0,7939.36955285343
Hedge End,23190.0,3,1.6666666666666667,619.3333333333334,22481.666666666668,0.0,4,5797.5,23190.0,1.6666666666666667,619.3333333333334,22481.666666666668,0,0,0,0,8588.514998601615
Hedon,8120.0,2,2.0,563.0,16809.0,0.0,3,2706.6666666666665,8120.0,2.0,563.0,16809.0,0,0,0,0,7388.324139343816
Helmsley,1345.0,1,1.0,0.0,21452.0,1.0,2,672.5,1345.0,1.0,0.0,21452.0,0,0,0,0,8373.814897304
Helsby,5275.0,1,1.0,566.0,30311.0,1.0,2,2637.5,5275.0,1.0,566.0,30311.0,0,0,0,0,6753.617973679586
Helston,11360.0,3,4.333333333333333,188.33333333333334,11509.666666666666,0.0,4,2840.0,11360.0,4.333333333333333,188.33333333333334,11509.666666666666,0,0,0,0,7854.601304635286
Hemel Hempstead,95985.0,16,2.8125,481.5625,17206.625,0.0,17,5646.176470588235,95985.0,2.8125,481.5625,17206.625,0,0,0,0,8614.85268932235
Hemsby,5720.0,1,0.0,2571.0,5848.0,1.0,2,2860.0,5720.0,0.0,2571.0,5848.0,0,0,0,0,8505.606522743486
Hemsworth,9180.0,2,4.0,125.5,3709.0,1.0,3,3060.0,9180.0,4.0,125.5,3709.0,0,0,0,0,9391.672031864337
Henfield,5635.0,1,1.0,694.0,31185.0,1.0,2,2817.5,5635.0,1.0,694.0,31185.0,0,0,0,0,6781.8293760139
Henley-in-Arden,3000.0,1,1.0,214.0,30367.0,1.0,2,1500.0,3000.0,1.0,214.0,30367.0,0,0,0,0,6153.67402223572
Henley-on-Thames,11780.0,3,0.6666666666666666,681.0,28895.0,0.0,4,2945.0,11780.0,0.6666666666666666,681.0,28895.0,0,0,0,0,6956.736028377852
Hereford,60480.0,14,11.714285714285714,394.5,13418.07142857143,0.0,15,4032.0,60480.0,11.714285714285714,394.5,13418.07142857143,0,0,0,0,7739.2400167306005
Herne,14875.0,1,0.0,1489.0,25402.0,0.0,2,7437.5,14875.0,0.0,1489.0,25402.0,0,0,0,0,8851.974915850007
Herne Bay,24870.0,7,4.285714285714286,294.7142857142857,10146.857142857143,0.0,8,3108.75,24870.0,4.285714285714286,294.7142857142857,10146.857142857143,0,0,0,0,7963.32175172485
Hersham,12625.0,2,2.0,127.0,29269.0,0.0,3,4208.333333333333,12625.0,2.0,127.0,29269.0,0,0,0,0,9155.767134381671
Herstmonceux,1220.0,1,1.0,0.0,17394.0,1.0,2,610.0,1220.0,1.0,0.0,17394.0,0,0,0,0,8100.026882058319
Hertford,28800.0,7,5.714285714285714,445.57142857142856,25089.14285714286,0.0,8,3600.0,28800.0,5.714285714285714,445.57142857142856,25089.14285714286,0,0,0,0,7005.367401525401
Hessle,15485.0,3,3.0,115.33333333333333,18930.0,0.0,4,3871.25,15485.0,3.0,115.33333333333333,18930.0,0,0,0,0,9719.805060919369
Heswall,29075.0,8,1.5,921.0,25176.5,0.0,9,3230.5555555555557,29075.0,1.5,921.0,25176.5,0,0,0,0,7053.879754856197
Hethersett,7020.0,1,0.0,3495.0,31199.0,1.0,2,3510.0,7020.0,0.0,3495.0,31199.0,0,0,0,0,7084.945427910582
Hetton-le-Hole,8970.0,2,3.0,266.5,5655.5,0.0,3,2990.0,8970.0,3.0,266.5,5655.5,0,0,0,0,8711.44482188606
Hexham,10945.0,3,3.0,259.0,18357.666666666668,0.0,4,2736.25,10945.0,3.0,259.0,18357.666666666668,0,0,0,0,7788.658706034015
Hextable,4100.0,1,0.0,1612.0,30523.0,0.0,2,2050.0,4100.0,0.0,1612.0,30523.0,0,0,0,0,6703.036505092208
Heysham,16585.0,3,1.0,1338.6666666666667,1724.6666666666667,0.0,4,4146.25,16585.0,1.0,1338.6666666666667,1724.6666666666667,0,0,0,0,8744.294610262066
Heywood,29725.0,6,7.333333333333333,151.66666666666666,3204.8333333333335,0.0,7,4246.428571428572,29725.0,7.333333333333333,151.66666666666666,3204.8333333333335,0,0,0,0,9186.289478904195
High Bentham,1700.0,1,1.0,119.0,18727.0,1.0,2,850.0,1700.0,1.0,119.0,18727.0,0,0,0,0,6865.097118773229
High Kelling,490.0,1,1.0,0.0,13124.0,1.0,2,245.0,490.0,1.0,0.0,13124.0,0,0,0,0,9224.290850038844
High Lane,4620.0,1,1.0,0.0,28692.0,0.0,2,2310.0,4620.0,1.0,0.0,28692.0,0,0,0,0,8314.647680227714
High Wycombe,83535.0,11,7.636363636363637,522.0,18780.545454545456,0.0,12,6961.25,83535.0,7.636363636363637,522.0,18780.545454545456,0,0,0,0,8429.370695030273
Higham (Gravesham),2640.0,1,0.0,2997.0,18102.0,1.0,2,1320.0,2640.0,0.0,2997.0,18102.0,0,0,0,0,6828.34168955175
Higham Ferrers,8825.0,1,1.0,0.0,17619.0,0.0,2,4412.5,8825.0,1.0,0.0,17619.0,0,0,0,0,11234.846007637874
Highbridge,5365.0,1,1.0,2498.0,4407.0,0.0,2,2682.5,5365.0,1.0,2498.0,4407.0,0,0,0,0,8453.626746143642
Higher Folds,2445.0,1,1.0,1475.0,135.0,1.0,2,1222.5,2445.0,1.0,1475.0,135.0,0,0,0,0,6175.394072215782
Highley,3305.0,1,0.0,2085.0,10699.0,1.0,2,1652.5,3305.0,0.0,2085.0,10699.0,0,0,0,0,6886.669264075283
Hightown (Sefton),2020.0,1,2.0,613.0,26895.0,1.0,2,1010.0,2020.0,2.0,613.0,26895.0,0,0,0,0,5710.368090041419
Highworth,7930.0,2,2.0,203.5,21790.0,1.0,3,2643.3333333333335,7930.0,2.0,203.5,21790.0,0,0,0,0,7603.833616885086
Hildenborough,4945.0,1,1.0,306.0,27443.0,0.0,2,2472.5,4945.0,1.0,306.0,27443.0,0,0,0,0,6541.934559273839
Hilton (South Derbyshire),8275.0,1,2.0,0.0,28972.0,1.0,2,4137.5,8275.0,2.0,0.0,28972.0,0,0,0,0,10521.936602710091
Hinckley,50725.0,9,2.6666666666666665,680.3333333333334,19237.222222222223,0.0,10,5072.5,50725.0,2.6666666666666665,680.3333333333334,19237.222222222223,0,0,0,0,8341.357607356427
Hindhead,6445.0,2,0.5,916.5,28433.0,0.0,3,2148.3333333333335,6445.0,0.5,916.5,28433.0,0,0,0,0,5924.753063085922
Hindley,24490.0,4,2.5,338.5,10657.25,0.0,5,4898.0,24490.0,2.5,338.5,10657.25,0,0,0,0,8633.272940971363
Hingham,2305.0,1,1.0,294.0,13517.0,1.0,2,1152.5,2305.0,1.0,294.0,13517.0,0,0,0,0,6732.764634948638
Histon and Impington,7780.0,2,2.0,271.0,30312.0,0.0,3,2593.3333333333335,7780.0,2.0,271.0,30312.0,0,0,0,0,7081.210246101654
Hitchin,35220.0,6,9.666666666666666,213.66666666666666,24948.666666666668,0.0,7,5031.428571428572,35220.0,9.666666666666666,213.66666666666666,24948.666666666668,0,0,0,0,8227.203239870714
Hockley and Hawkwell,15425.0,4,4.25,329.75,29492.5,0.0,5,3085.0,15425.0,4.25,329.75,29492.5,0,0,0,0,7162.574800757864
Hoddesdon,40615.0,9,2.111111111111111,290.1111111111111,19936.333333333332,0.0,10,4061.5,40615.0,2.111111111111111,290.1111111111111,19936.333333333332,0,0,0,0,8620.415962535144
Holbeach,8755.0,3,2.6666666666666665,530.3333333333334,12266.333333333334,1.0,4,2188.75,8755.0,2.6666666666666665,530.3333333333334,12266.333333333334,0,0,0,0,6978.8406483206145
Holbury,7335.0,1,0.0,3104.0,19966.0,0.0,2,3667.5,7335.0,0.0,3104.0,19966.0,0,0,0,0,8174.896934087563
Hollywood,6945.0,1,1.0,279.0,21185.0,0.0,2,3472.5,6945.0,1.0,279.0,21185.0,0,0,0,0,7745.201797737943
Holme upon Spalding Moor,2545.0,1,0.0,6723.0,18598.0,1.0,2,1272.5,2545.0,0.0,6723.0,18598.0,0,0,0,0,6828.34168955175
Holmes Chapel,6670.0,1,1.0,95.0,25772.0,1.0,2,3335.0,6670.0,1.0,95.0,25772.0,0,0,0,0,8203.674597408053
Holmfield,4150.0,1,0.0,1743.0,8833.0,0.0,2,2075.0,4150.0,0.0,1743.0,8833.0,0,0,0,0,6969.856904344929
Holmfirth,4985.0,1,4.0,854.0,23827.0,0.0,2,2492.5,4985.0,4.0,854.0,23827.0,0,0,0,0,7054.769342778419
Holsworthy,3470.0,2,2.0,529.5,9851.0,1.0,3,1156.6666666666667,3470.0,2.0,529.5,9851.0,0,0,0,0,6798.4896005228475
Holt (North Norfolk),4015.0,1,0.0,2123.0,11063.0,1.0,2,2007.5,4015.0,0.0,2123.0,11063.0,0,0,0,0,6956.732965249531
Holton le Clay,3825.0,1,0.0,3861.0,27022.0,1.0,2,1912.5,3825.0,0.0,3861.0,27022.0,0,0,0,0,6033.172774021236
Holywell Green and Stainland,2800.0,1,0.0,1931.0,10575.0,1.0,2,1400.0,2800.0,0.0,1931.0,10575.0,0,0,0,0,6961.878479702041
Honiton,12155.0,3,2.0,669.6666666666666,16315.333333333334,0.0,4,3038.75,12155.0,2.0,669.6666666666666,16315.333333333334,0,0,0,0,7637.277409699273
Honley,14395.0,4,1.75,972.25,22195.5,0.0,5,2879.0,14395.0,1.75,972.25,22195.5,0,0,0,0,7103.7187267222935
Hoo St Werburgh,8760.0,2,3.0,260.5,9925.0,1.0,3,2920.0,8760.0,3.0,260.5,9925.0,0,0,0,0,8329.526244804576
Hook (Hart),9065.0,2,2.0,225.5,31894.0,1.0,3,3021.6666666666665,9065.0,2.0,225.5,31894.0,0,0,0,0,7269.905771249459
Hookwood,665.0,2,0.0,1440.0,13594.0,0.0,3,221.66666666666666,665.0,0.0,1440.0,13594.0,0,0,0,0,5331.671313485035
Hopton on Sea,2575.0,1,0.0,2528.0,20188.0,1.0,2,1287.5,2575.0,0.0,2528.0,20188.0,0,0,0,0,6852.91601834496
Horam,1795.0,1,0.0,3801.0,16456.0,0.0,2,897.5,1795.0,0.0,3801.0,16456.0,0,0,0,0,6117.808131776498
Horbury,9865.0,2,2.0,75.5,16268.5,0.0,3,3288.3333333333335,9865.0,2.0,75.5,16268.5,0,0,0,0,9310.275167691727
Horden,6805.0,1,3.0,0.0,569.0,0.0,2,3402.5,6805.0,3.0,0.0,569.0,0,0,0,0,11504.65142507826
Horley (Reigate and Banstead),27070.0,3,4.0,349.0,25559.0,0.0,4,6767.5,27070.0,4.0,349.0,25559.0,0,0,0,0,8486.899789065657
Horncastle,7295.0,2,2.0,286.5,11838.0,1.0,3,2431.6666666666665,7295.0,2.0,286.5,11838.0,0,0,0,0,7291.663807557543
Horndean,34050.0,6,2.0,346.5,26485.0,0.0,7,4864.285714285715,34050.0,2.0,346.5,26485.0,0,0,0,0,7886.421263701565
Hornsea,8790.0,3,4.0,570.3333333333334,11262.666666666666,1.0,4,2197.5,8790.0,4.0,570.3333333333334,11262.666666666666,0,0,0,0,7542.5772487264685
Horsford,4395.0,1,0.0,2693.0,29135.0,1.0,2,2197.5,4395.0,0.0,2693.0,29135.0,0,0,0,0,6077.524042234806
Horsham,50215.0,7,4.285714285714286,503.57142857142856,24689.85714285714,0.0,8,6276.875,50215.0,4.285714285714286,503.57142857142856,24689.85714285714,0,0,0,0,8421.307161284027
Horsmonden,1580.0,1,1.0,2559.0,25531.0,1.0,2,790.0,1580.0,1.0,2559.0,25531.0,0,0,0,0,5452.541909546475
Horwich,20700.0,8,3.625,876.75,17428.5,0.0,9,2300.0,20700.0,3.625,876.75,17428.5,0,0,0,0,6731.592955133295
Houghton Regis,18820.0,3,4.0,265.0,17606.333333333332,0.0,4,4705.0,18820.0,4.0,265.0,17606.333333333332,0,0,0,0,8848.811412107012
Houghton on the Hill,1735.0,1,0.0,3556.0,32607.0,1.0,2,867.5,1735.0,0.0,3556.0,32607.0,0,0,0,0,5287.35788929022
Houghton-le-Spring,12555.0,4,5.0,214.75,6827.75,0.0,5,2511.0,12555.0,5.0,214.75,6827.75,0,0,0,0,8285.07391794132
Hoveton and Wroxham,3620.0,2,2.0,823.5,11958.0,1.0,3,1206.6666666666667,3620.0,2.0,823.5,11958.0,0,0,0,0,6674.744876279999
Howden,4575.0,1,1.0,340.0,28036.0,1.0,2,2287.5,4575.0,1.0,340.0,28036.0,0,0,0,0,6259.052919120627
Hoylake,5315.0,1,0.0,1702.0,22425.0,0.0,2,2657.5,5315.0,0.0,1702.0,22425.0,0,0,0,0,7306.633617892525
Hoyland,15535.0,5,2.4,523.4,8015.8,0.0,6,2589.1666666666665,15535.0,2.4,523.4,8015.8,0,0,0,0,7777.432571829316
Hucknall,35840.0,7,8.142857142857142,403.7142857142857,13665.857142857143,0.0,8,4480.0,35840.0,8.142857142857142,403.7142857142857,13665.857142857143,0,0,0,0,7966.4815586304085
Huddersfield,141675.0,34,8.058823529411764,222.55882352941177,7495.941176470588,0.0,35,4047.8571428571427,141675.0,8.058823529411764,222.55882352941177,7495.941176470588,0,0,0,0,7437.906158097916
Hugglescote,4630.0,1,1.0,0.0,21333.0,0.0,2,2315.0,4630.0,1.0,0.0,21333.0,0,0,0,0,9544.764543103103
Hugh Town,950.0,1,1.0,0.0,22165.0,1.0,2,475.0,950.0,1.0,0.0,22165.0,0,0,0,0,7756.942531495901
Hughenden Valley,1815.0,1,1.0,0.0,32834.0,0.0,2,907.5,1815.0,1.0,0.0,32834.0,0,0,0,0,7035.498424546804
Hullbridge,5710.0,1,1.0,0.0,27357.0,1.0,2,2855.0,5710.0,1.0,0.0,27357.0,0,0,0,0,8978.370934992838
Humberston and New Waltham,14860.0,3,0.3333333333333333,1294.3333333333333,25092.333333333332,0.0,4,3715.0,14860.0,0.3333333333333333,1294.3333333333333,25092.333333333332,0,0,0,0,7367.205566051888
Huncoat,1255.0,1,0.0,2148.0,13746.0,0.0,2,627.5,1255.0,0.0,2148.0,13746.0,0,0,0,0,6117.808131776498
Hungerford,5185.0,1,1.0,214.0,29397.0,1.0,2,2592.5,5185.0,1.0,214.0,29397.0,0,0,0,0,7202.406519355476
Hunmanby,2900.0,1,1.0,137.0,8605.0,1.0,2,1450.0,2900.0,1.0,137.0,8605.0,0,0,0,0,7936.346955934214
Hunstanton,4230.0,2,1.0,3306.0,13137.5,1.0,3,1410.0,4230.0,1.0,3306.0,13137.5,0,0,0,0,6898.405390725999
Huntingdon,25600.0,5,5.2,208.2,14357.6,0.0,6,4266.666666666667,25600.0,5.2,208.2,14357.6,0,0,0,0,8654.086115662645
Huntington (South Staffordshire),4715.0,1,0.0,1298.0,19484.0,0.0,2,2357.5,4715.0,0.0,1298.0,19484.0,0,0,0,0,6802.378981182519
Huntington (York),12420.0,4,1.25,2210.5,22068.5,0.0,5,2484.0,12420.0,1.25,2210.5,22068.5,0,0,0,0,7253.6785147156415
Hurley (North Warwickshire),1420.0,1,0.0,2660.0,12560.0,1.0,2,710.0,1420.0,0.0,2660.0,12560.0,0,0,0,0,6251.344921926789
Hurworth-on-Tees,2665.0,1,1.0,19.0,31114.0,1.0,2,1332.5,2665.0,1.0,19.0,31114.0,0,0,0,0,7102.451121104561
Huthwaite,5065.0,1,1.0,0.0,7428.0,0.0,2,2532.5,5065.0,1.0,0.0,7428.0,0,0,0,0,10778.148642406786
Huyton with Roby,59845.0,12,6.666666666666667,228.41666666666666,3339.3333333333335,0.0,13,4603.461538461538,59845.0,6.666666666666667,228.41666666666666,3339.3333333333335,0,0,0,0,8451.35924584889
Hyde (Tameside),35895.0,9,7.0,386.3333333333333,5251.777777777777,0.0,10,3589.5,35895.0,7.0,386.3333333333333,5251.777777777777,0,0,0,0,8021.672817937115
Hythe,14620.0,3,6.0,13.0,17605.0,0.0,4,3655.0,14620.0,6.0,13.0,17605.0,0,0,0,0,10034.582380514732
Hythe and Dibden Purlieu,19855.0,3,2.6666666666666665,180.66666666666666,27675.0,0.0,4,4963.75,19855.0,2.6666666666666665,180.66666666666666,27675.0,0,0,0,0,8813.624711806293
Ibstock,6810.0,2,2.0,265.0,15047.5,1.0,3,2270.0,6810.0,2.0,265.0,15047.5,0,0,0,0,7088.830566870481
Ilchester,2060.0,1,0.0,2831.0,18785.0,1.0,2,1030.0,2060.0,0.0,2831.0,18785.0,0,0,0,0,6783.531060790733
Ilfracombe,9200.0,3,2.0,374.0,7261.666666666667,0.0,4,2300.0,9200.0,2.0,374.0,7261.666666666667,0,0,0,0,7432.620428550552
Ilkeston,38725.0,8,5.0,534.875,6998.75,0.0,9,4302.777777777777,38725.0,5.0,534.875,6998.75,0,0,0,0,8472.686774517346
Ilkley,14845.0,2,5.0,283.5,24882.5,0.0,3,4948.333333333333,14845.0,5.0,283.5,24882.5,0,0,0,0,8347.240014515588
Illogan,1095.0,1,1.0,112.0,22281.0,0.0,2,547.5,1095.0,1.0,112.0,22281.0,0,0,0,0,6442.943368099304
Ilminster,5965.0,2,3.0,68.0,13594.0,1.0,3,1988.3333333333333,5965.0,3.0,68.0,13594.0,0,0,0,0,8552.505237345018
Immingham,9770.0,2,4.0,0.0,1046.0,0.0,3,3256.6666666666665,9770.0,4.0,0.0,1046.0,0,0,0,0,11117.17759329952
Ince-in-Makerfield,12185.0,2,3.0,94.5,3749.0,0.0,3,4061.6666666666665,12185.0,3.0,94.5,3749.0,0,0,0,0,9915.89580562873
Ingatestone,5410.0,1,1.0,203.0,29814.0,1.0,2,2705.0,5410.0,1.0,203.0,29814.0,0,0,0,0,7202.406519355476
Ingleby Barwick,23380.0,2,1.0,1942.0,27329.5,0.0,3,7793.333333333333,23380.0,1.0,1942.0,27329.5,0,0,0,0,8818.863934594097
Ingleton,1755.0,1,0.0,4726.0,19702.0,1.0,2,877.5,1755.0,0.0,4726.0,19702.0,0,0,0,0,6142.382460569708
Ipswich,151565.0,29,5.068965517241379,596.0344827586207,14015.241379310344,0.0,30,5052.166666666667,151565.0,5.068965517241379,596.0344827586207,14015.241379310344,0,0,0,0,8036.219194619651
Irchester,4545.0,1,1.0,271.0,9355.0,1.0,2,2272.5,4545.0,1.0,271.0,9355.0,0,0,0,0,6911.2895645579
Irlam,19715.0,7,3.142857142857143,453.85714285714283,14705.285714285714,0.0,8,2464.375,19715.0,3.142857142857143,453.85714285714283,14705.285714285714,0,0,0,0,7071.922117190712
Irthlingborough,9310.0,1,1.0,172.0,6559.0,1.0,2,4655.0,9310.0,1.0,172.0,6559.0,0,0,0,0,10360.751779127195
Istead Rise,3395.0,1,1.0,124.0,28837.0,0.0,2,1697.5,3395.0,1.0,124.0,28837.0,0,0,0,0,6636.743465684713
Iver,3265.0,1,1.0,287.0,18326.0,0.0,2,1632.5,3265.0,1.0,287.0,18326.0,0,0,0,0,6702.366048082897
Iver Heath,5150.0,1,0.0,2761.0,29200.0,0.0,2,2575.0,5150.0,0.0,2761.0,29200.0,0,0,0,0,6956.583451298105
Ivybridge,12490.0,2,3.0,153.0,18434.0,0.0,3,4163.333333333333,12490.0,3.0,153.0,18434.0,0,0,0,0,9408.809747027202
Iwade,4530.0,1,0.0,1677.0,28656.0,1.0,2,2265.0,4530.0,0.0,1677.0,28656.0,0,0,0,0,6128.791473878854
Ixworth,2295.0,1,1.0,0.0,23578.0,1.0,2,1147.5,2295.0,1.0,0.0,23578.0,0,0,0,0,7837.965327538439
Jacksdale and Westwood,2755.0,1,1.0,0.0,12817.0,1.0,2,1377.5,2755.0,1.0,0.0,12817.0,0,0,0,0,9197.476928798938
Jarrow,29470.0,7,5.285714285714286,437.7142857142857,5058.571428571428,0.0,8,3683.75,29470.0,5.285714285714286,437.7142857142857,5058.571428571428,0,0,0,0,8421.520617824104
Jaywick,5085.0,2,2.0,459.5,757.5,0.0,3,1695.0,5085.0,2.0,459.5,757.5,0,0,0,0,7673.965405071631
Joyden's Wood,4910.0,1,0.0,1205.0,29913.0,0.0,2,2455.0,4910.0,0.0,1205.0,29913.0,0,0,0,0,6176.404878099508
Kearsley,11115.0,1,4.0,79.0,8306.0,0.0,2,5557.5,11115.0,4.0,79.0,8306.0,0,0,0,0,10215.750333368402
Keele,2605.0,1,1.0,0.0,31784.0,1.0,2,1302.5,2605.0,1.0,0.0,31784.0,0,0,0,0,7647.398851663328
Kegworth,4290.0,1,1.0,96.0,27343.0,1.0,2,2145.0,4290.0,1.0,96.0,27343.0,0,0,0,0,6847.493100348221
Keighley,48750.0,12,8.916666666666666,600.25,4640.083333333333,0.0,13,3750.0,48750.0,8.916666666666666,600.25,4640.083333333333,0,0,0,0,7792.846192758756
Kelloe,1435.0,1,0.0,2054.0,6168.0,1.0,2,717.5,1435.0,0.0,2054.0,6168.0,0,0,0,0,6794.705273879247
Kelsall,2995.0,1,1.0,273.0,32280.0,1.0,2,1497.5,2995.0,1.0,273.0,32280.0,0,0,0,0,5954.550065035699
Kelvedon and Feering,4770.0,1,1.0,183.0,30363.0,1.0,2,2385.0,4770.0,1.0,183.0,30363.0,0,0,0,0,7282.210399599322
Kempston,22785.0,3,3.6666666666666665,381.6666666666667,15788.333333333334,0.0,4,5696.25,22785.0,3.6666666666666665,381.6666666666667,15788.333333333334,0,0,0,0,8924.261744633242
Kendal,28940.0,5,5.0,242.6,18819.8,0.0,6,4823.333333333333,28940.0,5.0,242.6,18819.8,0,0,0,0,8814.092496374182
Kenilworth,22235.0,4,3.0,363.25,26975.5,0.0,5,4447.0,22235.0,3.0,363.25,26975.5,0,0,0,0,7726.4148829900305
Kennington,4595.0,1,1.0,1037.0,32162.0,0.0,2,2297.5,4595.0,1.0,1037.0,32162.0,0,0,0,0,5907.984470362715
Keresley Newlands,3630.0,1,0.0,2146.0,14281.0,0.0,2,1815.0,3630.0,0.0,2146.0,14281.0,0,0,0,0,6753.132473924992
Kesgrave,14950.0,2,2.0,356.0,20457.0,0.0,3,4983.333333333333,14950.0,2.0,356.0,20457.0,0,0,0,0,8190.022732909656
Kessingland,4240.0,1,1.0,415.0,13675.0,1.0,2,2120.0,4240.0,1.0,415.0,13675.0,0,0,0,0,6882.206531941862
Keswick,4465.0,2,2.0,376.0,25083.0,1.0,3,1488.3333333333333,4465.0,2.0,376.0,25083.0,0,0,0,0,6105.316825093064
Kettering,63150.0,14,9.714285714285714,323.57142857142856,8281.642857142857,0.0,15,4210.0,63150.0,9.714285714285714,323.57142857142856,8281.642857142857,0,0,0,0,8330.65902026392
Keynsham,19255.0,3,2.6666666666666665,695.6666666666666,25545.666666666668,0.0,4,4813.75,19255.0,2.6666666666666665,695.6666666666666,25545.666666666668,0,0,0,0,7819.194263464379
Keyworth,6820.0,2,2.0,209.0,29697.0,1.0,3,2273.3333333333335,6820.0,2.0,209.0,29697.0,0,0,0,0,6411.505820616265
Kibworth Beauchamp and Kibworth Harcourt,7330.0,1,1.0,311.0,25390.0,1.0,2,3665.0,7330.0,1.0,311.0,25390.0,0,0,0,0,8070.340243955678
Kidderminster,57560.0,10,7.3,502.5,10586.2,0.0,11,5232.727272727273,57560.0,7.3,502.5,10586.2,0,0,0,0,8171.784798123594
Kidlington,14640.0,2,2.0,330.5,25323.5,0.0,3,4880.0,14640.0,2.0,330.5,25323.5,0,0,0,0,8519.114249833585
Kidsgrove,15595.0,4,2.25,685.75,10101.5,0.0,5,3119.0,15595.0,2.25,685.75,10101.5,0,0,0,0,7770.814199849564
Kilburn and Horsley Woodhouse,4450.0,1,1.0,0.0,24938.0,1.0,2,2225.0,4450.0,1.0,0.0,24938.0,0,0,0,0,8410.964812796838
Killamarsh,9080.0,2,2.0,126.5,20944.0,1.0,3,3026.6666666666665,9080.0,2.0,126.5,20944.0,0,0,0,0,8510.379246924394
Killingworth,12180.0,3,1.3333333333333333,454.6666666666667,23327.333333333332,0.0,4,3045.0,12180.0,1.3333333333333333,454.6666666666667,23327.333333333332,0,0,0,0,7415.5283945329875
Kimberley,4470.0,1,2.0,310.0,16367.0,0.0,2,2235.0,4470.0,2.0,310.0,16367.0,0,0,0,0,6913.115682746405
Kimbolton,1055.0,1,1.0,615.0,24949.0,1.0,2,527.5,1055.0,1.0,615.0,24949.0,0,0,0,0,4829.21784687264
Kineton,2235.0,1,1.0,156.0,19918.0,1.0,2,1117.5,2235.0,1.0,156.0,19918.0,0,0,0,0,7473.637251744706
King's Lynn,47615.0,11,1.8181818181818181,568.8181818181819,11565.636363636364,0.0,12,3967.9166666666665,47615.0,1.8181818181818181,568.8181818181819,11565.636363636364,0,0,0,0,8886.93618615887
Kings Hill,9970.0,1,2.0,120.0,32702.0,1.0,2,4985.0,9970.0,2.0,120.0,32702.0,0,0,0,0,9037.129415703135
Kings Worthy,4630.0,1,0.0,2163.0,16620.0,1.0,2,2315.0,4630.0,0.0,2163.0,16620.0,0,0,0,0,6922.066054183064
Kingsbridge,5680.0,3,3.0,475.6666666666667,19275.0,1.0,4,1420.0,5680.0,3.0,475.6666666666667,19275.0,0,0,0,0,6779.827140307822
Kingsbury,3550.0,1,1.0,162.0,18951.0,1.0,2,1775.0,3550.0,1.0,162.0,18951.0,0,0,0,0,7514.999001361445
Kingsclere,2890.0,1,1.0,282.0,15343.0,1.0,2,1445.0,2890.0,1.0,282.0,15343.0,0,0,0,0,6777.575263709655
Kingskerswell,3765.0,1,1.0,0.0,14614.0,0.0,2,1882.5,3765.0,1.0,0.0,14614.0,0,0,0,0,9218.602378447873
Kingsley (Cheshire West and Chester),1550.0,1,0.0,4282.0,29844.0,1.0,2,775.0,1550.0,0.0,4282.0,29844.0,0,0,0,0,5320.474944475402
Kingsteignton,11940.0,1,2.0,734.0,11476.0,0.0,2,5970.0,11940.0,2.0,734.0,11476.0,0,0,0,0,9133.115424466556
Kingston upon Hull,270810.0,53,5.679245283018868,496.8867924528302,7424.679245283019,0.0,54,5015.0,270810.0,5.679245283018868,496.8867924528302,7424.679245283019,0,0,0,0,7985.004897511336
Kingswinford,51910.0,7,3.4285714285714284,502.57142857142856,17767.428571428572,0.0,8,6488.75,51910.0,3.4285714285714284,502.57142857142856,17767.428571428572,0,0,0,0,9078.678313908265
Kingswood and Fishponds,160270.0,22,3.909090909090909,424.5,18384.18181818182,0.0,23,6968.260869565217,160270.0,3.909090909090909,424.5,18384.18181818182,0,0,0,0,8183.3826029729435
Kington,2425.0,1,1.0,715.0,11153.0,1.0,2,1212.5,2425.0,1.0,715.0,11153.0,0,0,0,0,6711.647550051536
Kinver,4650.0,1,0.0,4441.0,22730.0,1.0,2,2325.0,4650.0,0.0,4441.0,22730.0,0,0,0,0,6338.069918890019
Kippax,10300.0,2,3.0,0.0,17806.5,0.0,3,3433.3333333333335,10300.0,3.0,0.0,17806.5,0,0,0,0,10286.554509014175
Kirby Cross,6035.0,1,1.0,1477.0,15831.0,0.0,2,3017.5,6035.0,1.0,1477.0,15831.0,0,0,0,0,7590.525927514277
Kirk Sandall and Edenthorpe,13085.0,3,0.6666666666666666,1856.0,14311.333333333334,0.0,4,3271.25,13085.0,0.6666666666666666,1856.0,14311.333333333334,0,0,0,0,7828.076347845626
Kirkburton,4035.0,1,1.0,0.0,31288.0,0.0,2,2017.5,4035.0,1.0,0.0,31288.0,0,0,0,0,7738.58800248651
Kirkby,45560.0,10,4.3,671.3,2798.4,0.0,11,4141.818181818182,45560.0,4.3,671.3,2798.4,0,0,0,0,8347.45176329462
Kirkby Lonsdale,1965.0,1,1.0,395.0,23984.0,1.0,2,982.5,1965.0,1.0,395.0,23984.0,0,0,0,0,5415.444741812811
Kirkby Stephen,1895.0,1,1.0,116.0,13135.0,1.0,2,947.5,1895.0,1.0,116.0,13135.0,0,0,0,0,6865.097118773229
Kirkby-in-Ashfield,21270.0,4,4.0,51.75,5710.75,0.0,5,4254.0,21270.0,4.0,51.75,5710.75,0,0,0,0,9971.276551202687
Kirkbymoorside,2765.0,1,1.0,217.0,25640.0,1.0,2,1382.5,2765.0,1.0,217.0,25640.0,0,0,0,0,6311.123442925647
Kirkham,8935.0,4,6.0,43.0,10385.0,0.0,5,1787.0,8935.0,6.0,43.0,10385.0,0,0,0,0,8486.622733821974
Kirkheaton,3490.0,1,0.0,1140.0,25308.0,0.0,2,1745.0,3490.0,0.0,1140.0,25308.0,0,0,0,0,5881.272770648375
Kirton (Boston),5570.0,1,1.0,0.0,18318.0,1.0,2,2785.0,5570.0,1.0,0.0,18318.0,0,0,0,0,9871.874725774072
Kirton in Lindsey,3065.0,1,1.0,502.0,21821.0,1.0,2,1532.5,3065.0,1.0,502.0,21821.0,0,0,0,0,6347.819627560371
Kiveton Park,7100.0,2,3.5,82.0,17425.0,1.0,3,2366.6666666666665,7100.0,3.5,82.0,17425.0,0,0,0,0,8556.241518365303
Knaresborough,15785.0,6,4.166666666666667,661.0,24346.5,0.0,7,2255.0,15785.0,4.166666666666667,661.0,24346.5,0,0,0,0,6110.878552907722
Knebworth,4195.0,1,1.0,0.0,30786.0,0.0,2,2097.5,4195.0,1.0,0.0,30786.0,0,0,0,0,8110.162156083627
Knottingley,9510.0,3,3.0,480.3333333333333,7093.333333333333,0.0,4,2377.5,9510.0,3.0,480.3333333333333,7093.333333333333,0,0,0,0,7432.620428550552
Knowle and Dorridge,19320.0,2,2.0,214.5,28197.5,0.0,3,6440.0,19320.0,2.0,214.5,28197.5,0,0,0,0,9094.120640654972
Knowsley,2345.0,1,0.0,1678.0,4755.0,0.0,2,1172.5,2345.0,0.0,1678.0,4755.0,0,0,0,0,7415.802898227937
Knutsford,13255.0,3,3.0,294.3333333333333,22664.0,0.0,4,3313.75,13255.0,3.0,294.3333333333333,22664.0,0,0,0,0,7783.295528894279
Laceby,3285.0,1,0.0,3790.0,22843.0,1.0,2,1642.5,3285.0,0.0,3790.0,22843.0,0,0,0,0,6169.136338631947
Lakenheath,4570.0,1,1.0,707.0,16496.0,1.0,2,2285.0,4570.0,1.0,707.0,16496.0,0,0,0,0,6768.169789808249
Lambourn,3140.0,1,1.0,617.0,20736.0,1.0,2,1570.0,3140.0,1.0,617.0,20736.0,0,0,0,0,5981.001892861042
Lancaster,52655.0,8,10.5,400.5,14011.75,0.0,9,5850.555555555556,52655.0,10.5,400.5,14011.75,0,0,0,0,8686.884939012032
Lanchester,3510.0,1,1.0,409.0,28226.0,1.0,2,1755.0,3510.0,1.0,409.0,28226.0,0,0,0,0,6022.346570389014
Lancing and Sompting,27930.0,5,3.8,175.2,11567.6,0.0,6,4655.0,27930.0,3.8,175.2,11567.6,0,0,0,0,9380.664946043218
Lane End,3445.0,1,0.0,3805.0,25269.0,1.0,2,1722.5,3445.0,0.0,3805.0,25269.0,0,0,0,0,6034.043749797259
Langford (Central Bedfordshire),3710.0,1,1.0,2720.0,28416.0,1.0,2,1855.0,3710.0,1.0,2720.0,28416.0,0,0,0,0,5963.109072846988
Langho,1725.0,1,0.0,3325.0,22020.0,1.0,2,862.5,1725.0,0.0,3325.0,22020.0,0,0,0,0,5749.592453145541
Langley Park,4030.0,1,1.0,85.0,22280.0,1.0,2,2015.0,4030.0,1.0,85.0,22280.0,0,0,0,0,8108.857137114803
Langold,2605.0,1,0.0,5984.0,4671.0,1.0,2,1302.5,2605.0,0.0,5984.0,4671.0,0,0,0,0,7531.6374746887
Langport,3575.0,1,1.0,368.0,11128.0,1.0,2,1787.5,3575.0,1.0,368.0,11128.0,0,0,0,0,6901.328352704334
Langwith,3010.0,1,0.0,2800.0,4785.0,1.0,2,1505.0,3010.0,0.0,2800.0,4785.0,0,0,0,0,7531.6374746887
Larkfield,26150.0,3,1.6666666666666667,401.3333333333333,15781.666666666666,0.0,4,6537.5,26150.0,1.6666666666666667,401.3333333333333,15781.666666666666,0,0,0,0,9064.237360003022
Launceston,8425.0,3,3.6666666666666665,219.0,12676.333333333334,0.0,4,2106.25,8425.0,3.6666666666666665,219.0,12676.333333333334,0,0,0,0,7007.162392677616
Lavenham,1225.0,1,0.0,7318.0,21385.0,1.0,2,612.5,1225.0,0.0,7318.0,21385.0,0,0,0,0,5749.592453145541
Lawford,4490.0,1,2.0,0.0,21205.0,1.0,2,2245.0,4490.0,2.0,0.0,21205.0,0,0,0,0,9647.638307552043
Leadgate,3340.0,1,1.0,0.0,5817.0,0.0,2,1670.0,3340.0,1.0,0.0,5817.0,0,0,0,0,9614.621044455753
Leatherhead,11485.0,2,3.0,590.5,17115.0,0.0,3,3828.3333333333335,11485.0,3.0,590.5,17115.0,0,0,0,0,8326.019394029157
Lechlade-on-Thames,2205.0,1,0.0,5865.0,18487.0,1.0,2,1102.5,2205.0,0.0,5865.0,18487.0,0,0,0,0,6783.531060790733
Ledbury,8345.0,2,2.0,182.5,13561.0,1.0,3,2781.6666666666665,8345.0,2.0,182.5,13561.0,0,0,0,0,8341.472586444936
Lee-on-the-Solent,24315.0,3,1.6666666666666667,361.3333333333333,28480.333333333332,0.0,4,6078.75,24315.0,1.6666666666666667,361.3333333333333,28480.333333333332,0,0,0,0,8415.131692610956
Leek,19385.0,7,7.0,281.7142857142857,10626.42857142857,0.0,8,2423.125,19385.0,7.0,281.7142857142857,10626.42857142857,0,0,0,0,7116.41494957294
Lees,12630.0,2,5.0,0.0,8081.5,0.0,3,4210.0,12630.0,5.0,0.0,8081.5,0,0,0,0,11715.746197257035
Leicester,406580.0,89,9.752808988764045,320.3258426966292,10973.61797752809,0.0,90,4517.555555555556,406580.0,9.752808988764045,320.3258426966292,10973.61797752809,0,0,0,0,6980.565444121133
Leicester Forest East and Kirby Muxloe,13850.0,3,1.6666666666666667,556.3333333333334,25858.0,0.0,4,3462.5,13850.0,1.6666666666666667,556.3333333333334,25858.0,0,0,0,0,6993.78220171612
Leigh (Wigan),45495.0,10,8.2,342.7,10725.9,0.0,11,4135.909090909091,45495.0,8.2,342.7,10725.9,0,0,0,0,7831.3819928990015
Leighton Buzzard,42735.0,7,4.857142857142857,619.2857142857143,17409.428571428572,0.0,8,5341.875,42735.0,4.857142857142857,619.2857142857143,17409.428571428572,0,0,0,0,8456.96109747423
Leiston,5920.0,1,1.0,319.0,15340.0,1.0,2,2960.0,5920.0,1.0,319.0,15340.0,0,0,0,0,7961.276326701819
Leominster,11205.0,4,3.0,1106.0,6735.75,0.0,5,2241.0,11205.0,3.0,1106.0,6735.75,0,0,0,0,7078.587344703314
Lepton,4950.0,1,1.0,45.0,12230.0,0.0,2,2475.0,4950.0,1.0,45.0,12230.0,0,0,0,0,8728.859653592819
Letchworth,33990.0,8,8.5,426.375,20014.5,0.0,9,3776.6666666666665,33990.0,8.5,426.375,20014.5,0,0,0,0,7674.558967792423
Leven (East Riding of Yorkshire),2350.0,1,1.0,0.0,31805.0,1.0,2,1175.0,2350.0,1.0,0.0,31805.0,0,0,0,0,7647.398851663328
Lewes,16060.0,4,5.75,168.25,23555.0,0.0,5,3212.0,16060.0,5.75,168.25,23555.0,0,0,0,0,7725.700337049442
Leyburn,2410.0,1,1.0,284.0,26484.0,1.0,2,1205.0,2410.0,1.0,284.0,26484.0,0,0,0,0,6093.6100371027005
Leyland,39295.0,6,5.333333333333333,341.1666666666667,17275.0,0.0,7,5613.571428571428,39295.0,5.333333333333333,341.1666666666667,17275.0,0,0,0,0,9482.940802350531
Leysdown-on-Sea,930.0,1,0.0,4512.0,322.0,1.0,2,465.0,930.0,0.0,4512.0,322.0,0,0,0,0,7476.691948749633
Lichfield,32580.0,7,2.857142857142857,546.7142857142857,15470.142857142857,0.0,8,4072.5,32580.0,2.857142857142857,546.7142857142857,15470.142857142857,0,0,0,0,8133.162357992647
Lightwater,6535.0,1,2.0,119.0,32611.0,0.0,2,3267.5,6535.0,2.0,119.0,32611.0,0,0,0,0,7749.218887856854
Lincoln,104555.0,19,6.473684210526316,301.2105263157895,13342.684210526315,0.0,20,5227.75,104555.0,6.473684210526316,301.2105263157895,13342.684210526315,0,0,0,0,8416.34841862072
Lingdale,1325.0,1,0.0,3078.0,4933.0,1.0,2,662.5,1325.0,0.0,3078.0,4933.0,0,0,0,0,6899.568358893103
Lingfield,3620.0,1,1.0,93.0,19587.0,1.0,2,1810.0,3620.0,1.0,93.0,19587.0,0,0,0,0,7621.330454990623
Linthwaite and Slaithwaite,9245.0,1,3.0,0.0,10245.0,0.0,2,4622.5,9245.0,3.0,0.0,10245.0,0,0,0,0,11530.344408318573
Linton (South Cambridgeshire),4455.0,1,0.0,7560.0,31437.0,1.0,2,2227.5,4455.0,0.0,7560.0,31437.0,0,0,0,0,6006.2368386413455
Liphook,7130.0,1,0.0,5066.0,29066.0,1.0,2,3565.0,7130.0,0.0,5066.0,29066.0,0,0,0,0,7330.511341716456
Liskeard,10900.0,3,2.0,50.333333333333336,6241.0,0.0,4,2725.0,10900.0,2.0,50.333333333333336,6241.0,0,0,0,0,9370.440596189379
Liss,4745.0,1,0.0,5521.0,13377.0,1.0,2,2372.5,4745.0,0.0,5521.0,13377.0,0,0,0,0,6922.066054183064
Litherland,18750.0,3,7.0,220.0,2520.0,0.0,4,4687.5,18750.0,7.0,220.0,2520.0,0,0,0,0,8860.424366241381
Little Chalfont,6505.0,1,2.0,158.0,28354.0,0.0,2,3252.5,6505.0,2.0,158.0,28354.0,0,0,0,0,8027.804640387931
Little Clacton,2455.0,1,0.0,1651.0,11960.0,1.0,2,1227.5,2455.0,0.0,1651.0,11960.0,0,0,0,0,6890.854532002294
Little Eaton,1875.0,1,0.0,2126.0,29929.0,1.0,2,937.5,1875.0,0.0,2126.0,29929.0,0,0,0,0,5320.474944475402
Little Hulton,25825.0,2,5.0,271.0,3040.0,0.0,3,8608.333333333334,25825.0,5.0,271.0,3040.0,0,0,0,0,10676.87603237923
Little Lever,12525.0,2,4.0,48.0,8510.0,0.0,3,4175.0,12525.0,4.0,48.0,8510.0,0,0,0,0,10058.42803778591
Little Paxton,4030.0,1,0.0,1645.0,31527.0,1.0,2,2015.0,4030.0,0.0,1645.0,31527.0,0,0,0,0,5823.088854254488
Little Waltham,1035.0,1,1.0,0.0,15470.0,0.0,2,517.5,1035.0,1.0,0.0,15470.0,0,0,0,0,8100.026882058319
Littleborough,12160.0,5,3.6,559.0,16792.0,0.0,6,2026.6666666666667,12160.0,3.6,559.0,16792.0,0,0,0,0,6519.916759782747
Littlehampton,19065.0,2,4.0,481.5,13283.5,0.0,3,6355.0,19065.0,4.0,481.5,13283.5,0,0,0,0,9060.162798732736
Littleport,9165.0,2,1.0,0.0,13950.0,1.0,3,3055.0,9165.0,1.0,0.0,13950.0,0,0,0,0,10142.446096223597
Littlestone-on-Sea,5270.0,1,0.0,2200.0,14471.0,1.0,2,2635.0,5270.0,0.0,2200.0,14471.0,0,0,0,0,7645.771080545752
Liverpool,506565.0,107,6.747663551401869,234.5607476635514,5748.607476635514,0.0,108,4690.416666666667,506565.0,6.747663551401869,234.5607476635514,5748.607476635514,0,0,0,0,7957.767196345385
Liversedge,17525.0,1,3.0,49.0,14599.0,0.0,2,8762.5,17525.0,3.0,49.0,14599.0,0,0,0,0,11853.418079871855
Locking,3820.0,1,0.0,2153.0,19039.0,1.0,2,1910.0,3820.0,0.0,2153.0,19039.0,0,0,0,0,6823.1961750992405
Locks Heath,35755.0,4,0.75,1088.25,29642.25,0.0,5,7151.0,35755.0,0.75,1088.25,29642.25,0,0,0,0,8573.061971538355
Loddon,2245.0,1,1.0,513.0,14215.0,1.0,2,1122.5,2245.0,1.0,513.0,14215.0,0,0,0,0,6701.855484144095
Lofthouse and Robin Hood,4185.0,1,1.0,229.0,17919.0,0.0,2,2092.5,4185.0,1.0,229.0,17919.0,0,0,0,0,7034.311956000227
Loftus,4270.0,2,2.0,205.5,5408.0,1.0,3,1423.3333333333333,4270.0,2.0,205.5,5408.0,0,0,0,0,7501.6331976476995
Loggerheads,2520.0,1,0.0,2370.0,30493.0,1.0,2,1260.0,2520.0,0.0,2370.0,30493.0,0,0,0,0,5910.057833039907
London Colney,7930.0,1,2.0,291.0,14738.0,1.0,2,3965.0,7930.0,2.0,291.0,14738.0,0,0,0,0,8914.943359295537
Long Ashton,5180.0,1,0.0,3618.0,27585.0,1.0,2,2590.0,5180.0,0.0,3618.0,27585.0,0,0,0,0,7017.937828669204
Long Buckby,3820.0,1,1.0,274.0,26878.0,1.0,2,1910.0,3820.0,1.0,274.0,26878.0,0,0,0,0,6184.799187925881
Long Clawson,660.0,1,1.0,0.0,31367.0,1.0,2,330.0,660.0,1.0,0.0,31367.0,0,0,0,0,6431.946662520624
Long Eaton,37820.0,8,5.875,508.375,14199.875,0.0,9,4202.222222222223,37820.0,5.875,508.375,14199.875,0,0,0,0,8442.95955022126
Long Hanborough,3035.0,1,1.0,4169.0,32646.0,1.0,2,1517.5,3035.0,1.0,4169.0,32646.0,0,0,0,0,5824.0491007799865
Long Melford,3895.0,1,0.0,3931.0,25386.0,1.0,2,1947.5,3895.0,0.0,3931.0,25386.0,0,0,0,0,6104.107450971507
Long Stratton,5220.0,1,1.0,529.0,25258.0,1.0,2,2610.0,5220.0,1.0,529.0,25258.0,0,0,0,0,7120.888294810109
Long Sutton (South Holland),5375.0,1,1.0,247.0,16621.0,1.0,2,2687.5,5375.0,1.0,247.0,16621.0,0,0,0,0,7812.535593233169
Longbenton,26880.0,5,2.0,423.4,14738.4,0.0,6,4480.0,26880.0,2.0,423.4,14738.4,0,0,0,0,8441.113178163721
"Longfield, New Ash Green and Hartley",16075.0,2,1.0,1853.0,19110.0,0.0,3,5358.333333333333,16075.0,1.0,1853.0,19110.0,0,0,0,0,8715.587850451015
Longford,2535.0,1,0.0,1440.0,14175.0,0.0,2,1267.5,2535.0,0.0,1440.0,14175.0,0,0,0,0,6684.080287757995
Longridge (Ribble Valley),8740.0,2,3.0,22.5,19052.0,1.0,3,2913.3333333333335,8740.0,3.0,22.5,19052.0,0,0,0,0,9097.531714196184
Longton,10910.0,2,1.5,272.0,31143.5,0.0,3,3636.6666666666665,10910.0,1.5,272.0,31143.5,0,0,0,0,7547.470449031678
Longtown,2175.0,1,1.0,564.0,3547.0,1.0,2,1087.5,2175.0,1.0,564.0,3547.0,0,0,0,0,7271.972103998855
Looe,5310.0,2,2.0,162.5,12250.0,1.0,3,1770.0,5310.0,2.0,162.5,12250.0,0,0,0,0,7718.599492685984
Lostock Gralam,2720.0,1,0.0,2432.0,15123.0,0.0,2,1360.0,2720.0,0.0,2432.0,15123.0,0,0,0,0,6828.34168955175
Lostwithiel,3070.0,1,1.0,123.0,24785.0,1.0,2,1535.0,3070.0,1.0,123.0,24785.0,0,0,0,0,6733.060598253837
Loughborough,64860.0,16,11.375,315.6875,15741.75,0.0,17,3815.294117647059,64860.0,11.375,315.6875,15741.75,0,0,0,0,7281.046604452002
Loughton,33345.0,6,3.1666666666666665,475.6666666666667,21556.5,0.0,7,4763.571428571428,33345.0,3.1666666666666665,475.6666666666667,21556.5,0,0,0,0,8211.621542799436
Louth,17420.0,3,6.0,336.0,11668.0,0.0,4,4355.0,17420.0,6.0,336.0,11668.0,0,0,0,0,8375.583041409465
Lowdham,1845.0,1,0.0,2387.0,30890.0,1.0,2,922.5,1845.0,0.0,2387.0,30890.0,0,0,0,0,5614.121414126318
Lower Nazeing,3630.0,1,0.0,2520.0,25717.0,0.0,2,1815.0,3630.0,0.0,2520.0,25717.0,0,0,0,0,6034.043749797259
Lower Stondon,3965.0,1,1.0,372.0,30336.0,1.0,2,1982.5,3965.0,1.0,372.0,30336.0,0,0,0,0,6031.27798344246
Lower Willingdon,6130.0,2,1.0,1433.0,25741.0,0.0,3,2043.3333333333333,6130.0,1.0,1433.0,25741.0,0,0,0,0,6004.424458090727
Lowestoft,71315.0,13,3.769230769230769,317.9230769230769,10596.076923076924,0.0,14,5093.928571428572,71315.0,3.769230769230769,317.9230769230769,10596.076923076924,0,0,0,0,8721.497753271791
Ludgershall (Wiltshire),5395.0,1,1.0,0.0,10860.0,1.0,2,2697.5,5395.0,1.0,0.0,10860.0,0,0,0,0,9964.966887697956
Ludlow,10040.0,2,5.0,48.0,8765.0,0.0,3,3346.6666666666665,10040.0,5.0,48.0,8765.0,0,0,0,0,9305.802171021996
Luton,233525.0,44,8.386363636363637,299.04545454545456,10713.113636363636,0.0,45,5189.444444444444,233525.0,8.386363636363637,299.04545454545456,10713.113636363636,0,0,0,0,7896.257783638025
Lutterworth,10520.0,2,3.0,146.0,24333.0,0.0,3,3506.6666666666665,10520.0,3.0,146.0,24333.0,0,0,0,0,8155.110261358433
Lydd,3910.0,1,0.0,4501.0,9570.0,1.0,2,1955.0,3910.0,0.0,4501.0,9570.0,0,0,0,0,6956.732965249531
Lydiate,6515.0,1,5.0,393.0,24544.0,0.0,2,3257.5,6515.0,5.0,393.0,24544.0,0,0,0,0,7264.806932353258
Lydney,9660.0,2,3.0,74.5,7578.0,1.0,3,3220.0,9660.0,3.0,74.5,7578.0,0,0,0,0,9748.832276080893
Lyme Regis,3740.0,1,2.0,0.0,28011.0,1.0,2,1870.0,3740.0,2.0,0.0,28011.0,0,0,0,0,7910.458037828203
Lyminge,1920.0,1,2.0,161.0,20950.0,1.0,2,960.0,1920.0,2.0,161.0,20950.0,0,0,0,0,6638.171246359922
Lymington,14865.0,4,4.25,331.25,20989.75,0.0,5,2973.0,14865.0,4.25,331.25,20989.75,0,0,0,0,7480.654872278449
Lymm,11545.0,2,3.0,256.5,28482.0,0.0,3,3848.3333333333335,11545.0,3.0,256.5,28482.0,0,0,0,0,8187.4693918277935
Lyndhurst,2460.0,1,1.0,108.0,17687.0,1.0,2,1230.0,2460.0,1.0,108.0,17687.0,0,0,0,0,7575.6306765484815
Lyneham,4645.0,1,0.0,1006.0,25572.0,1.0,2,2322.5,4645.0,0.0,1006.0,25572.0,0,0,0,0,6117.979119379987
Lynemouth,1685.0,1,0.0,3244.0,1474.0,1.0,2,842.5,1685.0,0.0,3244.0,1474.0,0,0,0,0,7233.379042975539
Lytchett Matravers,3455.0,1,0.0,5586.0,15176.0,1.0,2,1727.5,3455.0,0.0,5586.0,15176.0,0,0,0,0,6753.132473924992
Lytham St Anne's,42695.0,11,4.2727272727272725,381.90909090909093,16403.81818181818,0.0,12,3557.9166666666665,42695.0,4.2727272727272725,381.90909090909093,16403.81818181818,0,0,0,0,7687.6808514787435
Mablethorpe,7630.0,1,3.0,439.0,825.0,0.0,2,3815.0,7630.0,3.0,439.0,825.0,0,0,0,0,9214.714249580928
Macclesfield,54345.0,9,5.888888888888889,562.7777777777778,15040.666666666666,0.0,10,5434.5,54345.0,5.888888888888889,562.7777777777778,15040.666666666666,0,0,0,0,8061.9573234208265
Madeley,3290.0,1,1.0,773.0,29366.0,1.0,2,1645.0,3290.0,1.0,773.0,29366.0,0,0,0,0,5757.456552109458
Maghull,20370.0,4,4.25,553.75,21802.0,0.0,5,4074.0,20370.0,4.25,553.75,21802.0,0,0,0,0,7737.958282924542
Maidenhead,67375.0,13,5.076923076923077,309.15384615384613,21207.53846153846,0.0,14,4812.5,67375.0,5.076923076923077,309.15384615384613,21207.53846153846,0,0,0,0,8145.93750971292
Maidstone,109490.0,15,4.466666666666667,427.93333333333334,16165.266666666666,0.0,16,6843.125,109490.0,4.466666666666667,427.93333333333334,16165.266666666666,0,0,0,0,8590.118867645393
Maldon,23380.0,5,5.2,480.4,12757.4,0.0,6,3896.6666666666665,23380.0,5.2,480.4,12757.4,0,0,0,0,8576.060837769786
Malmesbury,7180.0,2,2.0,344.0,28880.0,1.0,3,2393.3333333333335,7180.0,2.0,344.0,28880.0,0,0,0,0,6693.095218685883
Malpas,1360.0,1,1.0,343.0,19644.0,1.0,2,680.0,1360.0,1.0,343.0,19644.0,0,0,0,0,6060.70688392307
Maltby,16310.0,4,3.75,451.75,6535.0,0.0,5,3262.0,16310.0,3.75,451.75,6535.0,0,0,0,0,8345.403405679515
Malton,6320.0,1,6.0,284.0,13918.0,0.0,2,3160.0,6320.0,6.0,284.0,13918.0,0,0,0,0,7821.949521992945
Manchester,470405.0,98,7.714285714285714,257.5408163265306,5392.2959183673465,0.0,99,4751.565656565656,470405.0,7.714285714285714,257.5408163265306,5392.2959183673465,0,0,0,0,7752.407459132581
Mansfield Woodhouse,19520.0,2,3.0,108.0,8593.0,0.0,3,6506.666666666667,19520.0,3.0,108.0,8593.0,0,0,0,0,10444.600776195648
Marazion,1350.0,1,1.0,718.0,9695.0,1.0,2,675.0,1350.0,1.0,718.0,9695.0,0,0,0,0,6001.113992276284
March,21345.0,4,3.75,397.75,9143.25,0.0,5,4269.0,21345.0,3.75,397.75,9143.25,0,0,0,0,8217.302047259354
Marchwood,5775.0,1,1.0,777.0,31024.0,1.0,2,2887.5,5775.0,1.0,777.0,31024.0,0,0,0,0,6895.8517560337095
Marden (Maidstone),3490.0,1,1.0,315.0,20177.0,1.0,2,1745.0,3490.0,1.0,315.0,20177.0,0,0,0,0,6823.275042151797
Margate,63320.0,11,2.6363636363636362,272.0,9344.0,0.0,12,5276.666666666667,63320.0,2.6363636363636362,272.0,9344.0,0,0,0,0,8604.989874039484
Market Bosworth,2105.0,1,1.0,4106.0,29632.0,1.0,2,1052.5,2105.0,1.0,4106.0,29632.0,0,0,0,0,5932.3753715919265
Market Deeping,6535.0,2,2.0,457.0,26629.0,0.0,3,2178.3333333333335,6535.0,2.0,457.0,26629.0,0,0,0,0,6099.858866005295
Market Drayton,12060.0,2,3.0,0.0,5564.0,0.0,3,4020.0,12060.0,3.0,0.0,5564.0,0,0,0,0,11606.756394187056
Market Harborough,24165.0,6,3.3333333333333335,350.8333333333333,22967.5,0.0,7,3452.1428571428573,24165.0,3.3333333333333335,350.8333333333333,22967.5,0,0,0,0,7378.62572076145
Market Lavington,1810.0,1,1.0,233.0,22228.0,1.0,2,905.0,1810.0,1.0,233.0,22228.0,0,0,0,0,5979.536002840142
Market Rasen,4960.0,2,1.0,440.0,10816.0,1.0,3,1653.3333333333333,4960.0,1.0,440.0,10816.0,0,0,0,0,6875.057388602892
Market Warsop,6975.0,2,3.0,168.0,8176.0,1.0,3,2325.0,6975.0,3.0,168.0,8176.0,0,0,0,0,7874.744128276876
Market Weighton,7460.0,1,2.0,0.0,28819.0,1.0,2,3730.0,7460.0,2.0,0.0,28819.0,0,0,0,0,10223.798818435942
Markfield,4760.0,1,1.0,0.0,27081.0,1.0,2,2380.0,4760.0,1.0,0.0,27081.0,0,0,0,0,9561.299605440168
Markyate,3175.0,1,0.0,3009.0,24296.0,1.0,2,1587.5,3175.0,0.0,3009.0,24296.0,0,0,0,0,6034.043749797259
Marlborough,8830.0,2,2.0,172.5,26521.0,1.0,3,2943.3333333333335,8830.0,2.0,172.5,26521.0,0,0,0,0,7900.307544068497
Marlow,14645.0,3,3.0,372.0,27312.333333333332,0.0,4,3661.25,14645.0,3.0,372.0,27312.333333333332,0,0,0,0,7371.622812133901
Marlow Bottom,3340.0,1,0.0,1495.0,27987.0,0.0,2,1670.0,3340.0,0.0,1495.0,27987.0,0,0,0,0,5708.128628907474
Marnhull,1465.0,1,0.0,4608.0,20332.0,1.0,2,732.5,1465.0,0.0,4608.0,20332.0,0,0,0,0,6142.382460569708
Marple,12970.0,3,4.666666666666667,119.33333333333333,14852.333333333334,0.0,4,3242.5,12970.0,4.666666666666667,119.33333333333333,14852.333333333334,0,0,0,0,8688.347817794158
Marple Bridge,4705.0,1,3.0,0.0,16749.0,0.0,2,2352.5,4705.0,3.0,0.0,16749.0,0,0,0,0,9760.76678127173
Marsden,3690.0,1,0.0,3933.0,17393.0,1.0,2,1845.0,3690.0,0.0,3933.0,17393.0,0,0,0,0,6753.132473924992
Marston Moretaine,6350.0,1,1.0,0.0,16956.0,1.0,2,3175.0,6350.0,1.0,0.0,16956.0,0,0,0,0,10201.02333684344
Martham,3635.0,1,0.0,3842.0,19270.0,1.0,2,1817.5,3635.0,0.0,3842.0,19270.0,0,0,0,0,6753.132473924992
Martlesham Heath,2730.0,2,2.0,360.5,26725.5,0.0,3,910.0,2730.0,2.0,360.5,26725.5,0,0,0,0,5307.607391091003
Martock,4080.0,1,1.0,0.0,23255.0,1.0,2,2040.0,4080.0,1.0,0.0,23255.0,0,0,0,0,8693.192875955203
Maryport,8525.0,3,3.0,581.0,10163.0,1.0,4,2131.25,8525.0,3.0,581.0,10163.0,0,0,0,0,6980.02148975957
Masham,1110.0,1,1.0,0.0,24373.0,1.0,2,555.0,1110.0,1.0,0.0,24373.0,0,0,0,0,6848.97773364785
Matlock,11990.0,2,2.0,116.0,18134.5,0.0,3,3996.6666666666665,11990.0,2.0,116.0,18134.5,0,0,0,0,9469.214646797445
Mattishall,2200.0,1,1.0,0.0,18613.0,1.0,2,1100.0,2200.0,1.0,0.0,18613.0,0,0,0,0,9152.666300037921
Mayfield (Wealden),2255.0,1,1.0,456.0,29709.0,1.0,2,1127.5,2255.0,1.0,456.0,29709.0,0,0,0,0,5895.278203858263
Mayland,3740.0,1,1.0,455.0,27371.0,1.0,2,1870.0,3740.0,1.0,455.0,27371.0,0,0,0,0,6022.346570389014
Measham,5370.0,1,1.0,289.0,26641.0,1.0,2,2685.0,5370.0,1.0,289.0,26641.0,0,0,0,0,7142.342534222456
Meden Vale,2095.0,1,0.0,1854.0,6247.0,1.0,2,1047.5,2095.0,0.0,1854.0,6247.0,0,0,0,0,7381.963760913827
Melbourn,4900.0,1,2.0,418.0,32254.0,1.0,2,2450.0,4900.0,2.0,418.0,32254.0,0,0,0,0,6252.433444829413
Melbourne (South Derbyshire),4865.0,1,1.0,219.0,24448.0,1.0,2,2432.5,4865.0,1.0,219.0,24448.0,0,0,0,0,6759.447965096786
Melksham,18280.0,5,5.0,168.2,11165.2,0.0,6,3046.6666666666665,18280.0,5.0,168.2,11165.2,0,0,0,0,8681.550242488638
Meltham,8325.0,3,3.0,153.33333333333334,15869.0,1.0,4,2081.25,8325.0,3.0,153.33333333333334,15869.0,0,0,0,0,7629.413970749263
Melton Mowbray,27450.0,6,3.3333333333333335,329.3333333333333,13160.666666666666,0.0,7,3921.4285714285716,27450.0,3.3333333333333335,329.3333333333333,13160.666666666666,0,0,0,0,8929.206688817952
Menston,5905.0,1,0.0,2486.0,29347.0,0.0,2,2952.5,5905.0,0.0,2486.0,29347.0,0,0,0,0,7210.382658985564
Meols,5020.0,1,1.0,0.0,28302.0,0.0,2,2510.0,5020.0,1.0,0.0,28302.0,0,0,0,0,8528.629389178996
Meopham,4350.0,1,0.0,1796.0,30869.0,1.0,2,2175.0,4350.0,0.0,1796.0,30869.0,0,0,0,0,6239.014276065173
Mere (Wiltshire),2805.0,1,1.0,253.0,17097.0,1.0,2,1402.5,2805.0,1.0,253.0,17097.0,0,0,0,0,6898.771536963477
Meriden,2205.0,1,0.0,3906.0,17405.0,1.0,2,1102.5,2205.0,0.0,3906.0,17405.0,0,0,0,0,6783.531060790733
Merley,5490.0,1,0.0,1768.0,27692.0,1.0,2,2745.0,5490.0,0.0,1768.0,27692.0,0,0,0,0,6919.692172618065
Merriott,2070.0,1,0.0,2976.0,17398.0,1.0,2,1035.0,2070.0,0.0,2976.0,17398.0,0,0,0,0,6783.531060790733
Messingham,3380.0,1,0.0,3193.0,22418.0,1.0,2,1690.0,3380.0,0.0,3193.0,22418.0,0,0,0,0,6451.955955614696
Metheringham,3525.0,1,2.0,232.0,15593.0,1.0,2,1762.5,3525.0,2.0,232.0,15593.0,0,0,0,0,6919.896986612409
Mevagissey,1875.0,1,1.0,126.0,10956.0,1.0,2,937.5,1875.0,1.0,126.0,10956.0,0,0,0,0,6998.63390892352
Mexborough,15555.0,4,3.5,451.75,3992.5,0.0,5,3111.0,15555.0,3.5,451.75,3992.5,0,0,0,0,8493.260070571332
Mickletown,3355.0,1,1.0,136.0,19387.0,1.0,2,1677.5,3355.0,1.0,136.0,19387.0,0,0,0,0,7500.421460921723
Middlesbrough,148215.0,31,5.32258064516129,690.741935483871,8464.354838709678,0.0,32,4631.71875,148215.0,5.32258064516129,690.741935483871,8464.354838709678,0,0,0,0,7990.192718655521
Middlestown and Overton,2410.0,1,1.0,277.0,21332.0,0.0,2,1205.0,2410.0,1.0,277.0,21332.0,0,0,0,0,6568.873287361572
Middleton (Rochdale),46630.0,10,6.2,225.6,6348.1,0.0,11,4239.090909090909,46630.0,6.2,225.6,6348.1,0,0,0,0,8453.987409871226
Middleton Cheney,4125.0,1,0.0,3302.0,19147.0,1.0,2,2062.5,4125.0,0.0,3302.0,19147.0,0,0,0,0,6823.1961750992405
Middleton St George,4755.0,1,0.0,1321.0,21402.0,1.0,2,2377.5,4755.0,0.0,1321.0,21402.0,0,0,0,0,6454.167382671327
Middleton-in-Teesdale,880.0,1,1.0,296.0,13603.0,1.0,2,440.0,880.0,1.0,296.0,13603.0,0,0,0,0,5432.376204697295
Middlewich,14425.0,2,2.0,638.5,17502.0,0.0,3,4808.333333333333,14425.0,2.0,638.5,17502.0,0,0,0,0,8458.04990091308
Midhurst,5370.0,2,3.0,681.0,20524.0,1.0,3,1790.0,5370.0,3.0,681.0,20524.0,0,0,0,0,6380.573739454097
Midsomer Norton,13745.0,3,3.0,57.333333333333336,24284.0,0.0,4,3436.25,13745.0,3.0,57.333333333333336,24284.0,0,0,0,0,8382.624729175466
Milborne Port,3205.0,1,2.0,0.0,23007.0,1.0,2,1602.5,3205.0,2.0,0.0,23007.0,0,0,0,0,8629.668273954203
Mildenhall (West Suffolk),9685.0,2,2.0,47.0,22754.0,0.0,3,3228.3333333333335,9685.0,2.0,47.0,22754.0,0,0,0,0,8676.663014072608
Milford and Witley,6485.0,1,0.0,1846.0,31645.0,0.0,2,3242.5,6485.0,0.0,1846.0,31645.0,0,0,0,0,6939.248847496798
Milford on Sea,4365.0,2,1.0,3577.5,30912.0,1.0,3,1455.0,4365.0,1.0,3577.5,30912.0,0,0,0,0,6340.8961711781085
Millbrook,2295.0,1,0.0,2898.0,11299.0,1.0,2,1147.5,2295.0,0.0,2898.0,11299.0,0,0,0,0,6917.067850941024
Millom,5690.0,2,2.0,143.5,5797.0,1.0,3,1896.6666666666667,5690.0,2.0,143.5,5797.0,0,0,0,0,8117.860662045668
Milnthorpe,1875.0,1,2.0,0.0,22603.0,1.0,2,937.5,1875.0,2.0,0.0,22603.0,0,0,0,0,8556.260306387887
Milton (South Cambridgeshire),4150.0,1,1.0,639.0,25377.0,0.0,2,2075.0,4150.0,1.0,639.0,25377.0,0,0,0,0,6039.140863723237
Milton Keynes,197340.0,26,2.0,492.4230769230769,16481.96153846154,0.0,27,7308.888888888889,197340.0,2.0,492.4230769230769,16481.96153846154,0,0,0,0,8286.764783822484
Milton-under-Wychwood and Shipton-under-Wychwood,2965.0,1,1.0,0.0,30634.0,1.0,2,1482.5,2965.0,1.0,0.0,30634.0,0,0,0,0,8018.973005260444
Minchinhampton,3410.0,1,0.0,1099.0,15382.0,0.0,2,1705.0,3410.0,0.0,1099.0,15382.0,0,0,0,0,6555.783085863133
Minehead,11750.0,4,5.5,473.25,13943.5,0.0,5,2350.0,11750.0,5.5,473.25,13943.5,0,0,0,0,6791.315068472393
Minster (Swale),16740.0,2,3.0,282.5,15103.0,0.0,3,5580.0,16740.0,3.0,282.5,15103.0,0,0,0,0,9329.286171081389
Minster (Thanet),4740.0,1,1.0,40.0,10483.0,0.0,2,2370.0,4740.0,1.0,40.0,10483.0,0,0,0,0,8604.531951339482
Mirfield,19610.0,3,2.0,608.3333333333334,15078.666666666666,0.0,4,4902.5,19610.0,2.0,608.3333333333334,15078.666666666666,0,0,0,0,8251.43255168031
Mitcheldean,2165.0,1,1.0,140.0,14490.0,1.0,2,1082.5,2165.0,1.0,140.0,14490.0,0,0,0,0,7530.820047787464
Mobberley,1350.0,1,0.0,3346.0,29617.0,1.0,2,675.0,1350.0,0.0,3346.0,29617.0,0,0,0,0,5320.474944475402
Modbury,1690.0,1,1.0,143.0,26777.0,1.0,2,845.0,1690.0,1.0,143.0,26777.0,0,0,0,0,6024.019881662499
Moor Park,5850.0,1,0.0,1660.0,32666.0,0.0,2,2925.0,5850.0,0.0,1660.0,32666.0,0,0,0,0,6829.551214983309
Moorends,5195.0,1,0.0,1915.0,2887.0,1.0,2,2597.5,5195.0,0.0,1915.0,2887.0,0,0,0,0,8453.626746143642
Morecambe,32750.0,6,2.0,878.8333333333334,3158.0,0.0,7,4678.571428571428,32750.0,2.0,878.8333333333334,3158.0,0,0,0,0,8550.171389200108
Moreton-in-Marsh,5010.0,1,1.0,735.0,17850.0,1.0,2,2505.0,5010.0,1.0,735.0,17850.0,0,0,0,0,7491.874816170937
Moretonhampstead,1335.0,1,1.0,281.0,20337.0,1.0,2,667.5,1335.0,1.0,281.0,20337.0,0,0,0,0,6091.616034727613
Morley (Leeds),32550.0,8,6.375,364.75,10549.25,0.0,9,3616.6666666666665,32550.0,6.375,364.75,10549.25,0,0,0,0,7836.179887545679
Morpeth,14420.0,5,3.4,504.0,19232.0,0.0,6,2403.3333333333335,14420.0,3.4,504.0,19232.0,0,0,0,0,7357.910376850447
Mortimer,2930.0,2,2.0,152.5,20397.5,1.0,3,976.6666666666666,2930.0,2.0,152.5,20397.5,0,0,0,0,6807.914322730471
Mossley,11410.0,2,4.0,61.0,12959.0,0.0,3,3803.3333333333335,11410.0,4.0,61.0,12959.0,0,0,0,0,9781.749309585684
Moulton (West Northamptonshire),4955.0,1,1.0,346.0,29483.0,0.0,2,2477.5,4955.0,1.0,346.0,29483.0,0,0,0,0,6954.688660719328
Mountsorrel,12885.0,2,1.0,792.5,27043.0,0.0,3,4295.0,12885.0,1.0,792.5,27043.0,0,0,0,0,7739.090978903575
Much Wenlock,1765.0,1,1.0,135.0,18339.0,1.0,2,882.5,1765.0,1.0,135.0,18339.0,0,0,0,0,6865.097118773229
Mulbarton,3805.0,1,0.0,4683.0,22801.0,1.0,2,1902.5,3805.0,0.0,4683.0,22801.0,0,0,0,0,6239.2000398061955
Mullion,2150.0,1,1.0,331.0,15335.0,1.0,2,1075.0,2150.0,1.0,331.0,15335.0,0,0,0,0,6715.444246600501
Mundesley,2780.0,1,1.0,191.0,9736.0,1.0,2,1390.0,2780.0,1.0,191.0,9736.0,0,0,0,0,7032.3083271137675
Murton (County Durham),7240.0,2,2.0,43.0,7360.0,1.0,3,2413.3333333333335,7240.0,2.0,43.0,7360.0,0,0,0,0,9199.158460189898
Mytholmroyd,3855.0,1,0.0,2431.0,20190.0,1.0,2,1927.5,3855.0,0.0,2431.0,20190.0,0,0,0,0,6847.7705038924505
Nailsea,15925.0,3,3.0,163.66666666666666,21591.666666666668,0.0,4,3981.25,15925.0,3.0,163.66666666666666,21591.666666666668,0,0,0,0,9150.942332984616
Nailsworth,5660.0,1,1.0,409.0,29999.0,0.0,2,2830.0,5660.0,1.0,409.0,29999.0,0,0,0,0,6988.821329739036
Nantwich,18740.0,4,4.0,210.75,11448.5,0.0,5,3748.0,18740.0,4.0,210.75,11448.5,0,0,0,0,8533.058884272603
Needham Market,5050.0,1,1.0,0.0,28165.0,1.0,2,2525.0,5050.0,1.0,0.0,28165.0,0,0,0,0,8528.629389178996
Nelson (Pendle),33805.0,8,10.0,321.375,2027.375,0.0,9,3756.1111111111113,33805.0,10.0,321.375,2027.375,0,0,0,0,8205.450336529724
Neston (Cheshire West and Chester),14960.0,3,3.6666666666666665,30.0,11258.666666666666,0.0,4,3740.0,14960.0,3.6666666666666665,30.0,11258.666666666666,0,0,0,0,9672.897711975185
Netherton (Kirklees),3150.0,1,0.0,2008.0,9645.0,0.0,2,1575.0,3150.0,0.0,2008.0,9645.0,0,0,0,0,6886.669264075283
Netherton (Wakefield),2335.0,1,0.0,1561.0,25101.0,1.0,2,1167.5,2335.0,0.0,1561.0,25101.0,0,0,0,0,5993.418388963253
Netley,6305.0,1,0.0,1857.0,24729.0,0.0,2,3152.5,6305.0,0.0,1857.0,24729.0,0,0,0,0,7350.979509150954
Nettleham,3420.0,1,2.0,658.0,30991.0,1.0,2,1710.0,3420.0,2.0,658.0,30991.0,0,0,0,0,5953.068059868035
New Alresford,5340.0,1,1.0,227.0,27452.0,1.0,2,2670.0,5340.0,1.0,227.0,27452.0,0,0,0,0,7263.538807476279
New Marske,2990.0,1,0.0,1825.0,13734.0,1.0,2,1495.0,2990.0,0.0,1825.0,13734.0,0,0,0,0,6828.34168955175
New Mills,9200.0,2,3.0,18.5,23436.5,0.0,3,3066.6666666666665,9200.0,3.0,18.5,23436.5,0,0,0,0,8618.085773452765
New Milton,11870.0,6,5.666666666666667,335.0,20358.166666666668,0.0,7,1695.7142857142858,11870.0,5.666666666666667,335.0,20358.166666666668,0,0,0,0,6797.751047033754
New Ollerton and Ollerton,10870.0,3,3.0,337.6666666666667,12278.0,0.0,4,2717.5,10870.0,3.0,337.6666666666667,12278.0,0,0,0,0,7733.187398354403
New Romney,3870.0,1,3.0,95.0,7903.0,1.0,2,1935.0,3870.0,3.0,95.0,7903.0,0,0,0,0,7857.631374029021
New Rossington and Rossington,13910.0,3,3.3333333333333335,211.66666666666666,3941.3333333333335,0.0,4,3477.5,13910.0,3.3333333333333335,211.66666666666666,3941.3333333333335,0,0,0,0,8664.222190952165
Newark-on-Trent,29755.0,9,9.444444444444445,283.22222222222223,7687.0,0.0,10,2975.5,29755.0,9.444444444444445,283.22222222222223,7687.0,0,0,0,0,7584.712101870456
Newbiggin-by-the-Sea,5950.0,2,1.0,2037.0,6990.5,1.0,3,1983.3333333333333,5950.0,1.0,2037.0,6990.5,0,0,0,0,7355.994134609215
Newbold Verdon,3095.0,1,1.0,773.0,30811.0,1.0,2,1547.5,3095.0,1.0,773.0,30811.0,0,0,0,0,5989.970733639572
Newborough (Peterborough),1465.0,1,0.0,4570.0,26613.0,1.0,2,732.5,1465.0,0.0,4570.0,26613.0,0,0,0,0,5381.607232596204
Newburn,1475.0,1,1.0,0.0,10676.0,1.0,2,737.5,1475.0,1.0,0.0,10676.0,0,0,0,0,8580.035532947571
Newbury,42260.0,7,3.2857142857142856,579.7142857142857,17247.14285714286,0.0,8,5282.5,42260.0,3.2857142857142856,579.7142857142857,17247.14285714286,0,0,0,0,8628.912996583525
Newcastle upon Tyne,286445.0,51,5.372549019607843,385.29411764705884,10465.196078431372,0.0,52,5508.557692307692,286445.0,5.372549019607843,385.29411764705884,10465.196078431372,0,0,0,0,8548.08737639862
Newcastle-under-Lyme,76505.0,15,5.533333333333333,270.06666666666666,10926.133333333333,0.0,16,4781.5625,76505.0,5.533333333333333,270.06666666666666,10926.133333333333,0,0,0,0,8452.395065721212
Newent,5360.0,1,1.0,117.0,17693.0,1.0,2,2680.0,5360.0,1.0,117.0,17693.0,0,0,0,0,8423.229711280903
Newhaven,12850.0,2,4.0,146.5,6451.5,0.0,3,4283.333333333333,12850.0,4.0,146.5,6451.5,0,0,0,0,9660.679717393703
Newhey,2710.0,1,3.0,0.0,16449.0,0.0,2,1355.0,2710.0,3.0,0.0,16449.0,0,0,0,0,9300.350693247878
Newick,2685.0,1,2.0,101.0,21858.0,1.0,2,1342.5,2685.0,2.0,101.0,21858.0,0,0,0,0,7430.461928971143
Newington,2690.0,1,0.0,3347.0,15783.0,1.0,2,1345.0,2690.0,0.0,3347.0,15783.0,0,0,0,0,6828.34168955175
Newlyn,3360.0,1,0.0,1382.0,3228.0,0.0,2,1680.0,3360.0,0.0,1382.0,3228.0,0,0,0,0,7345.689100491743
Newmarket,18855.0,4,3.0,549.25,10776.5,0.0,5,3771.0,18855.0,3.0,549.25,10776.5,0,0,0,0,7984.654541398438
Newnham (Forest of Dean),1055.0,1,0.0,3701.0,12901.0,1.0,2,527.5,1055.0,0.0,3701.0,12901.0,0,0,0,0,5638.2250041114985
Newport (Isle of Wight),25405.0,3,4.0,94.33333333333333,11294.666666666666,0.0,4,6351.25,25405.0,4.0,94.33333333333333,11294.666666666666,0,0,0,0,9887.64314392183
Newport (Telford and Wrekin),14190.0,3,4.0,373.6666666666667,17222.0,0.0,4,3547.5,14190.0,4.0,373.6666666666667,17222.0,0,0,0,0,7760.000288588582
Newport (Uttlesford),2945.0,1,1.0,445.0,25834.0,1.0,2,1472.5,2945.0,1.0,445.0,25834.0,0,0,0,0,6072.155797690353
Newport Pagnell,15250.0,3,1.6666666666666667,794.3333333333334,27618.333333333332,0.0,4,3812.5,15250.0,1.6666666666666667,794.3333333333334,27618.333333333332,0,0,0,0,7203.067459130035
Newquay,24545.0,4,3.0,252.25,9344.5,0.0,5,4909.0,24545.0,3.0,252.25,9344.5,0,0,0,0,8876.920447990778
Newton Abbot,29650.0,5,6.8,208.6,13744.0,0.0,6,4941.666666666667,29650.0,6.8,208.6,13744.0,0,0,0,0,8752.88549284871
Newton Aycliffe,25765.0,6,5.166666666666667,182.83333333333334,8128.666666666667,0.0,7,3680.714285714286,25765.0,5.166666666666667,182.83333333333334,8128.666666666667,0,0,0,0,9083.838315668525
Newton Ferrers,950.0,1,0.0,2499.0,28219.0,1.0,2,475.0,950.0,0.0,2499.0,28219.0,0,0,0,0,5462.12902403783
Newton and Blackwell,3055.0,1,0.0,1871.0,14184.0,1.0,2,1527.5,3055.0,0.0,1871.0,14184.0,0,0,0,0,6753.132473924992
Newton-le-Willows,24650.0,5,4.0,368.4,6793.8,0.0,6,4108.333333333333,24650.0,4.0,368.4,6793.8,0,0,0,0,8510.322631498726
Niton,1200.0,1,0.0,5742.0,8432.0,1.0,2,600.0,1200.0,0.0,5742.0,8432.0,0,0,0,0,5777.690343714207
Normanton (Wakefield),21980.0,5,5.4,225.6,13019.2,0.0,6,3663.3333333333335,21980.0,5.4,225.6,13019.2,0,0,0,0,8299.294044806513
North Anston,6605.0,1,2.0,0.0,21409.0,0.0,2,3302.5,6605.0,2.0,0.0,21409.0,0,0,0,0,10144.088026416102
North Ascot,435.0,1,0.0,2125.0,32772.0,0.0,2,217.5,435.0,0.0,2125.0,32772.0,0,0,0,0,6748.381846661424
North Baddesley,7000.0,1,1.0,284.0,13263.0,1.0,2,3500.0,7000.0,1.0,284.0,13263.0,0,0,0,0,8000.584375242614
North Ferriby,3965.0,1,1.0,155.0,31321.0,1.0,2,1982.5,3965.0,1.0,155.0,31321.0,0,0,0,0,6632.8601162962195
North Hykeham,16845.0,4,1.5,942.25,24548.75,0.0,5,3369.0,16845.0,1.5,942.25,24548.75,0,0,0,0,7053.879754856197
North Petherton,3180.0,1,1.0,179.0,14024.0,0.0,2,1590.0,3180.0,1.0,179.0,14024.0,0,0,0,0,7418.664336085755
North Tawton,1785.0,1,0.0,6419.0,17975.0,1.0,2,892.5,1785.0,0.0,6419.0,17975.0,0,0,0,0,6117.808131776498
North Walsham,12825.0,2,4.0,135.0,17066.0,0.0,3,4275.0,12825.0,4.0,135.0,17066.0,0,0,0,0,9397.779874175647
North Weald Bassett,4325.0,1,0.0,2981.0,26104.0,1.0,2,2162.5,4325.0,0.0,2981.0,26104.0,0,0,0,0,6037.762716521911
North Wingfield and Holmewood,9540.0,2,1.0,1261.0,11473.5,0.0,3,3180.0,9540.0,1.0,1261.0,11473.5,0,0,0,0,7879.360168723301
Northallerton,13310.0,3,5.333333333333333,102.33333333333333,18094.0,0.0,4,3327.5,13310.0,5.333333333333333,102.33333333333333,18094.0,0,0,0,0,8688.347817794158
Northam,5190.0,1,1.0,0.0,21094.0,0.0,2,2595.0,5190.0,1.0,0.0,21094.0,0,0,0,0,9758.746252054385
Northampton,243520.0,41,5.146341463414634,484.3414634146341,12284.024390243903,0.0,42,5798.0952380952385,243520.0,5.146341463414634,484.3414634146341,12284.024390243903,0,0,0,0,8126.622169841511
Northfleet,29900.0,4,2.75,551.25,10386.25,0.0,5,5980.0,29900.0,2.75,551.25,10386.25,0,0,0,0,8829.03400394357
Northleach,1995.0,1,0.0,8337.0,27273.0,1.0,2,997.5,1995.0,0.0,8337.0,27273.0,0,0,0,0,5381.607232596204
Northway,4860.0,1,0.0,1588.0,11556.0,0.0,2,2430.0,4860.0,0.0,1588.0,11556.0,0,0,0,0,7175.071620424202
Northwich,18640.0,7,7.428571428571429,132.57142857142858,8260.42857142857,0.0,8,2330.0,18640.0,7.428571428571429,132.57142857142858,8260.42857142857,0,0,0,0,7823.994894382761
Norton Canes,8150.0,2,2.0,17.0,20092.0,1.0,3,2716.6666666666665,8150.0,2.0,17.0,20092.0,0,0,0,0,8899.12343570392
Norton Fitzwarren,3770.0,1,1.0,1467.0,27215.0,0.0,2,1885.0,3770.0,1.0,1467.0,27215.0,0,0,0,0,5863.426079966208
Norton-on-Derwent,7905.0,1,5.0,762.0,16504.0,0.0,2,3952.5,7905.0,5.0,762.0,16504.0,0,0,0,0,8252.290486059772
Norwich,200770.0,39,6.384615384615385,451.56410256410254,14621.948717948719,0.0,40,5019.25,200770.0,6.384615384615385,451.56410256410254,14621.948717948719,0,0,0,0,7944.203639003885
Nottingham,299790.0,55,5.945454545454545,256.03636363636366,7577.381818181818,0.0,56,5353.392857142857,299790.0,5.945454545454545,256.03636363636366,7577.381818181818,0,0,0,0,7744.950587048305
Nuneaton,88815.0,18,8.555555555555555,327.6111111111111,11303.444444444445,0.0,19,4674.473684210527,88815.0,8.555555555555555,327.6111111111111,11303.444444444445,0,0,0,0,8087.289607493291
Nuthall and Watnall,9585.0,1,2.0,833.0,26428.0,0.0,2,4792.5,9585.0,2.0,833.0,26428.0,0,0,0,0,7929.986845926998
Oadby,24030.0,6,6.166666666666667,226.5,24967.333333333332,0.0,7,3432.8571428571427,24030.0,6.166666666666667,226.5,24967.333333333332,0,0,0,0,7246.869690712878
Oakenshaw,1570.0,1,1.0,959.0,17666.0,0.0,2,785.0,1570.0,1.0,959.0,17666.0,0,0,0,0,5920.458743714639
Oakham,12160.0,3,5.0,44.666666666666664,22661.333333333332,0.0,4,3040.0,12160.0,5.0,44.666666666666664,22661.333333333332,0,0,0,0,9006.685380025876
Oakley (Basingstoke and Deane),5265.0,1,0.0,4464.0,28984.0,1.0,2,2632.5,5265.0,0.0,4464.0,28984.0,0,0,0,0,7017.937828669204
Oakworth,3685.0,1,0.0,1732.0,22022.0,0.0,2,1842.5,3685.0,0.0,1732.0,22022.0,0,0,0,0,6313.8928475942885
Odiham,5090.0,1,1.0,67.0,31252.0,1.0,2,2545.0,5090.0,1.0,67.0,31252.0,0,0,0,0,8042.328970238401
Okehampton,9110.0,2,2.0,0.0,13311.0,1.0,3,3036.6666666666665,9110.0,2.0,0.0,13311.0,0,0,0,0,10197.731097508486
Old Arley,550.0,1,1.0,71.0,9282.0,1.0,2,275.0,550.0,1.0,71.0,9282.0,0,0,0,0,6948.022153529892
Old Basing,3835.0,1,0.0,1486.0,32372.0,0.0,2,1917.5,3835.0,0.0,1486.0,32372.0,0,0,0,0,5639.132358014721
Old Sarum,4015.0,1,0.0,2798.0,18491.0,1.0,2,2007.5,4015.0,0.0,2798.0,18491.0,0,0,0,0,6823.1961750992405
Old Trafford,21445.0,12,7.416666666666667,765.9166666666666,10397.833333333334,0.0,13,1649.6153846153845,21445.0,7.416666666666667,765.9166666666666,10397.833333333334,0,0,0,0,6619.416557572211
Old Tupton,4190.0,1,0.0,1523.0,6173.0,0.0,2,2095.0,4190.0,0.0,1523.0,6173.0,0,0,0,0,7394.9561957361575
Old Windsor and Wraysbury,7690.0,2,0.0,2830.5,28953.0,0.0,3,2563.3333333333335,7690.0,0.0,2830.5,28953.0,0,0,0,0,6956.583451298105
Oldbury (Sandwell),45180.0,12,4.25,243.58333333333334,6550.25,0.0,13,3475.3846153846152,45180.0,4.25,243.58333333333334,6550.25,0,0,0,0,8366.368987994148
Oldham,110720.0,32,11.90625,269.25,2473.78125,0.0,33,3355.151515151515,110720.0,11.90625,269.25,2473.78125,0,0,0,0,7413.551078710033
Olney,6600.0,1,1.0,409.0,25936.0,1.0,2,3300.0,6600.0,1.0,409.0,25936.0,0,0,0,0,7427.559598971184
Ormesby St Margaret,2740.0,1,1.0,94.0,17033.0,1.0,2,1370.0,2740.0,1.0,94.0,17033.0,0,0,0,0,7575.6306765484815
Ormskirk,27715.0,6,6.833333333333333,290.5,15913.5,0.0,7,3959.285714285714,27715.0,6.833333333333333,290.5,15913.5,0,0,0,0,8277.619574683133
Orrell,23410.0,4,1.75,647.75,19467.5,0.0,5,4682.0,23410.0,1.75,647.75,19467.5,0,0,0,0,8355.106663602182
Ossett,21855.0,4,5.0,195.5,15713.0,0.0,5,4371.0,21855.0,5.0,195.5,15713.0,0,0,0,0,8654.086115662645
Oswaldtwistle,10810.0,3,5.333333333333333,272.0,6627.333333333333,0.0,4,2702.5,10810.0,5.333333333333333,272.0,6627.333333333333,0,0,0,0,8229.512385300617
Oswestry,17510.0,4,7.0,15.5,7604.0,0.0,5,3502.0,17510.0,7.0,15.5,7604.0,0,0,0,0,9308.669765476636
Otford and Kemsing,7335.0,2,0.5,1385.5,20778.0,1.0,3,2445.0,7335.0,0.5,1385.5,20778.0,0,0,0,0,6426.79899666675
Otley (Leeds),14540.0,3,5.333333333333333,117.0,20321.0,0.0,4,3635.0,14540.0,5.333333333333333,117.0,20321.0,0,0,0,0,8953.461708072367
Ottery St Mary,6045.0,2,2.0,152.0,23988.0,1.0,3,2015.0,6045.0,2.0,152.0,23988.0,0,0,0,0,6868.237220932346
Oughtibridge,3130.0,1,1.0,277.0,20233.0,1.0,2,1565.0,3130.0,1.0,277.0,20233.0,0,0,0,0,6726.940376876107
Oundle,6255.0,2,2.0,642.5,30231.5,1.0,3,2085.0,6255.0,2.0,642.5,30231.5,0,0,0,0,5870.171224880626
Over,2895.0,1,1.0,0.0,30807.0,1.0,2,1447.5,2895.0,1.0,0.0,30807.0,0,0,0,0,8018.973005260444
Overseal and Castle Gresley,5055.0,1,3.0,901.0,16993.0,0.0,2,2527.5,5055.0,3.0,901.0,16993.0,0,0,0,0,7411.519018712355
Overton (Basingstoke and Deane),4350.0,1,0.0,5546.0,29070.0,1.0,2,2175.0,4350.0,0.0,5546.0,29070.0,0,0,0,0,6077.524042234806
Oxenhope,1900.0,1,1.0,251.0,20896.0,1.0,2,950.0,1900.0,1.0,251.0,20896.0,0,0,0,0,5979.536002840142
Oxford,170805.0,27,4.185185185185185,473.18518518518516,18858.074074074073,0.0,28,6100.178571428572,170805.0,4.185185185185185,473.18518518518516,18858.074074074073,0,0,0,0,8180.511111797588
Oxted,11490.0,3,0.6666666666666666,664.0,23841.666666666668,0.0,4,2872.5,11490.0,0.6666666666666666,664.0,23841.666666666668,0,0,0,0,6932.279770693191
Paddock Wood,7610.0,1,1.0,225.0,19927.0,1.0,2,3805.0,7610.0,1.0,225.0,19927.0,0,0,0,0,8623.775487128602
Padiham,10125.0,3,4.0,212.33333333333334,2230.0,0.0,4,2531.25,10125.0,4.0,212.33333333333334,2230.0,0,0,0,0,8335.04497610779
Padstow,2350.0,1,0.0,7873.0,11350.0,1.0,2,1175.0,2350.0,0.0,7873.0,11350.0,0,0,0,0,6917.067850941024
Pagham,1290.0,1,0.0,1918.0,18353.0,0.0,2,645.0,1290.0,0.0,1918.0,18353.0,0,0,0,0,6117.808131776498
Paignton,67520.0,11,4.181818181818182,687.0909090909091,9732.636363636364,0.0,12,5626.666666666667,67520.0,4.181818181818182,687.0909090909091,9732.636363636364,0,0,0,0,9122.95056395731
Painswick,1835.0,1,1.0,485.0,29192.0,1.0,2,917.5,1835.0,1.0,485.0,29192.0,0,0,0,0,5344.51006486254
Palgrave,975.0,1,0.0,1419.0,18075.0,0.0,2,487.5,975.0,0.0,1419.0,18075.0,0,0,0,0,5338.881228745636
Pangbourne,3275.0,1,1.0,225.0,28865.0,1.0,2,1637.5,3275.0,1.0,225.0,28865.0,0,0,0,0,6139.597094729765
Papworth Everard,3820.0,1,1.0,0.0,21422.0,1.0,2,1910.0,3820.0,1.0,0.0,21422.0,0,0,0,0,9175.537605902435
Parbold,2410.0,1,1.0,235.0,32308.0,1.0,2,1205.0,2410.0,1.0,235.0,32308.0,0,0,0,0,6075.746338289521
Partington,7710.0,2,2.0,153.5,7094.0,0.0,3,2570.0,7710.0,2.0,153.5,7094.0,0,0,0,0,8945.308183192305
Patchway,16520.0,5,3.6,418.0,14296.8,0.0,6,2753.3333333333335,16520.0,3.6,418.0,14296.8,0,0,0,0,7553.818134089555
Pateley Bridge,1345.0,1,1.0,109.0,23783.0,1.0,2,672.5,1345.0,1.0,109.0,23783.0,0,0,0,0,6151.558758003053
Patrington,1460.0,1,0.0,5907.0,10074.0,1.0,2,730.0,1460.0,0.0,5907.0,10074.0,0,0,0,0,6251.344921926789
Pattingham,1775.0,1,0.0,4145.0,27972.0,1.0,2,887.5,1775.0,0.0,4145.0,27972.0,0,0,0,0,5381.607232596204
Paulton,6505.0,1,2.0,0.0,17055.0,1.0,2,3252.5,6505.0,2.0,0.0,17055.0,0,0,0,0,10303.89710129238
Peacehaven,15700.0,3,4.666666666666667,369.6666666666667,12430.333333333334,0.0,4,3925.0,15700.0,4.666666666666667,369.6666666666667,12430.333333333334,0,0,0,0,8608.214219865893
Peasedown St John,6670.0,1,2.0,400.0,9106.0,1.0,2,3335.0,6670.0,2.0,400.0,9106.0,0,0,0,0,7989.310312579379
Peasmarsh (Rother),900.0,1,0.0,3573.0,15071.0,1.0,2,450.0,900.0,0.0,3573.0,15071.0,0,0,0,0,5390.4759918397685
Pegswood,3300.0,1,0.0,2139.0,6691.0,1.0,2,1650.0,3300.0,0.0,2139.0,6691.0,0,0,0,0,7351.565174048086
Pelsall,10455.0,2,3.0,48.5,12378.5,0.0,3,3485.0,10455.0,3.0,48.5,12378.5,0,0,0,0,9358.565600665906
Pembury,5785.0,1,1.0,906.0,23797.0,1.0,2,2892.5,5785.0,1.0,906.0,23797.0,0,0,0,0,7241.094575042317
Penistone,8540.0,1,4.0,57.0,25589.0,0.0,2,4270.0,8540.0,4.0,57.0,25589.0,0,0,0,0,9239.422934816619
Penkridge,8370.0,2,2.0,141.5,20559.0,1.0,3,2790.0,8370.0,2.0,141.5,20559.0,0,0,0,0,8349.874735922756
Penrith,16700.0,4,4.25,778.25,11347.25,0.0,5,3340.0,16700.0,4.25,778.25,11347.25,0,0,0,0,7757.163183461792
Penryn,11195.0,2,2.0,75.0,5896.0,0.0,3,3731.6666666666665,11195.0,2.0,75.0,5896.0,0,0,0,0,10389.591892539682
Penwortham,20485.0,5,2.6,313.8,24187.4,0.0,6,3414.1666666666665,20485.0,2.6,313.8,24187.4,0,0,0,0,7431.24836669263
Penzance,14960.0,4,5.0,142.75,4730.25,0.0,5,2992.0,14960.0,5.0,142.75,4730.25,0,0,0,0,8981.519380838376
Perranporth,2750.0,1,1.0,8.0,10878.0,1.0,2,1375.0,2750.0,1.0,8.0,10878.0,0,0,0,0,8744.858144530548
Pershore,8210.0,2,4.0,425.0,11656.0,1.0,3,2736.6666666666665,8210.0,4.0,425.0,11656.0,0,0,0,0,7711.231811438999
Perton,9300.0,1,2.0,88.0,11005.0,0.0,2,4650.0,9300.0,2.0,88.0,11005.0,0,0,0,0,10008.15519037814
Peterborough,190605.0,29,5.655172413793103,586.2068965517242,10280.862068965518,0.0,30,6353.5,190605.0,5.655172413793103,586.2068965517242,10280.862068965518,0,0,0,0,7932.589602737072
Peterlee,19750.0,6,5.333333333333333,453.3333333333333,4600.5,0.0,7,2821.4285714285716,19750.0,5.333333333333333,453.3333333333333,4600.5,0,0,0,0,8076.546324726866
Petersfield,14995.0,3,5.0,231.0,20413.0,0.0,4,3748.75,14995.0,5.0,231.0,20413.0,0,0,0,0,7941.1240796896855
Petworth,2590.0,1,1.0,412.0,17800.0,1.0,2,1295.0,2590.0,1.0,412.0,17800.0,0,0,0,0,6746.666112905112
Pevensey Bay,2890.0,1,0.0,2138.0,16093.0,0.0,2,1445.0,2890.0,0.0,2138.0,16093.0,0,0,0,0,6828.34168955175
Pewsey,3795.0,1,0.0,6140.0,27832.0,1.0,2,1897.5,3795.0,0.0,6140.0,27832.0,0,0,0,0,6033.172774021236
Pheasey,9495.0,1,8.0,219.0,17526.0,0.0,2,4747.5,9495.0,8.0,219.0,17526.0,0,0,0,0,8960.956603839208
Pickering,7255.0,1,1.0,264.0,27459.0,1.0,2,3627.5,7255.0,1.0,264.0,27459.0,0,0,0,0,7935.176175398014
Piddlehinton,450.0,1,0.0,4414.0,19146.0,1.0,2,225.0,450.0,0.0,4414.0,19146.0,0,0,0,0,6484.9834746002
Pilning,1400.0,1,0.0,4807.0,24277.0,1.0,2,700.0,1400.0,0.0,4807.0,24277.0,0,0,0,0,5452.541909546475
Pinchbeck,4275.0,1,0.0,1813.0,17628.0,0.0,2,2137.5,4275.0,0.0,1813.0,17628.0,0,0,0,0,6867.54744331281
Pitstone,4110.0,1,0.0,4728.0,28815.0,1.0,2,2055.0,4110.0,0.0,4728.0,28815.0,0,0,0,0,6033.172774021236
Platt Bridge and Abram,10590.0,3,1.3333333333333333,571.0,3581.6666666666665,0.0,4,2647.5,10590.0,1.3333333333333333,571.0,3581.6666666666665,0,0,0,0,9051.442332410266
Plymouth,266955.0,47,4.638297872340425,397.468085106383,10326.340425531915,0.0,48,5561.5625,266955.0,4.638297872340425,397.468085106383,10326.340425531915,0,0,0,0,7940.947587083185
Pocklington,10120.0,2,2.0,413.5,22780.0,0.0,3,3373.3333333333335,10120.0,2.0,413.5,22780.0,0,0,0,0,7440.63415328259
Polegate,10065.0,2,3.0,143.0,15586.0,0.0,3,3355.0,10065.0,3.0,143.0,15586.0,0,0,0,0,8691.952290049841
Polesworth,1955.0,1,0.0,1694.0,14560.0,1.0,2,977.5,1955.0,0.0,1694.0,14560.0,0,0,0,0,6046.784184076751
Polesworth and Dordon,7555.0,1,1.0,0.0,10731.0,1.0,2,3777.5,7555.0,1.0,0.0,10731.0,0,0,0,0,11123.914526827528
Polperro,575.0,1,0.0,5420.0,10232.0,1.0,2,287.5,575.0,0.0,5420.0,10232.0,0,0,0,0,4962.486925319548
Pontefract,32975.0,5,5.4,200.8,5218.4,0.0,6,5495.833333333333,32975.0,5.4,200.8,5218.4,0,0,0,0,9082.184249567084
Ponteland,10150.0,3,1.3333333333333333,949.3333333333334,26945.0,0.0,4,2537.5,10150.0,1.3333333333333333,949.3333333333334,26945.0,0,0,0,0,6744.045436109094
Pontesbury,1965.0,1,1.0,194.0,24341.0,1.0,2,982.5,1965.0,1.0,194.0,24341.0,0,0,0,0,5654.412387048105
Pool-in-Wharfedale,1990.0,1,0.0,2410.0,29444.0,1.0,2,995.0,1990.0,0.0,2410.0,29444.0,0,0,0,0,5320.474944475402
Poole,141005.0,25,2.68,401.4,18292.76,0.0,26,5423.2692307692305,141005.0,2.68,401.4,18292.76,0,0,0,0,8315.147059639434
Poringland,7105.0,1,2.0,280.0,31296.0,1.0,2,3552.5,7105.0,2.0,280.0,31296.0,0,0,0,0,7217.447813402956
Porlock,1180.0,1,0.0,8260.0,13027.0,1.0,2,590.0,1180.0,0.0,8260.0,13027.0,0,0,0,0,5586.878797056848
Porthleven,3115.0,1,0.0,3509.0,16680.0,1.0,2,1557.5,3115.0,0.0,3509.0,16680.0,0,0,0,0,6753.132473924992
Portishead,26355.0,2,4.5,695.0,20390.0,0.0,3,8785.0,26355.0,4.5,695.0,20390.0,0,0,0,0,9119.544022808574
Portsmouth,223305.0,33,6.090909090909091,513.3636363636364,10615.30303030303,0.0,34,6567.794117647059,223305.0,6.090909090909091,513.3636363636364,10615.30303030303,0,0,0,0,7850.302062243394
Potters Bar,23400.0,4,4.25,309.0,25424.25,0.0,5,4680.0,23400.0,4.25,309.0,25424.25,0,0,0,0,8237.630155102548
Potton,5230.0,1,1.0,105.0,29336.0,1.0,2,2615.0,5230.0,1.0,105.0,29336.0,0,0,0,0,7694.52015689397
Poulton-le-Fylde,12795.0,2,3.0,157.5,16237.0,0.0,3,4265.0,12795.0,3.0,157.5,16237.0,0,0,0,0,9436.35078875342
Poynton,13010.0,2,1.0,3138.0,26486.0,0.0,3,4336.666666666667,13010.0,1.0,3138.0,26486.0,0,0,0,0,7828.158314688544
Preesall and Knott End-on-Sea,4680.0,1,1.0,789.0,10946.0,1.0,2,2340.0,4680.0,1.0,789.0,10946.0,0,0,0,0,6901.70657995854
Prescot,39225.0,9,5.333333333333333,195.33333333333334,5025.0,0.0,10,3922.5,39225.0,5.333333333333333,195.33333333333334,5025.0,0,0,0,0,8915.575494841796
Prestbury (Cheshire East),2630.0,1,0.0,2485.0,31368.0,0.0,2,1315.0,2630.0,0.0,2485.0,31368.0,0,0,0,0,5899.258316406745
Preston (Preston),94490.0,24,7.958333333333333,323.625,8819.0,0.0,25,3779.6,94490.0,7.958333333333333,323.625,8819.0,0,0,0,0,7362.095741692778
Prestwich,31495.0,7,5.0,190.42857142857142,13553.285714285714,0.0,8,3936.875,31495.0,5.0,190.42857142857142,13553.285714285714,0,0,0,0,8558.502840381661
Prestwood and Great Missenden,7595.0,2,1.0,209.0,32119.0,1.0,3,2531.6666666666665,7595.0,1.0,209.0,32119.0,0,0,0,0,7069.196614146301
Primrose Valley,415.0,1,0.0,2473.0,8605.0,1.0,2,207.5,415.0,0.0,2473.0,8605.0,0,0,0,0,7901.2247140619065
Princes Risborough,7530.0,2,3.0,55.0,20733.5,1.0,3,2510.0,7530.0,3.0,55.0,20733.5,0,0,0,0,8511.519249538202
Probus,2565.0,1,1.0,0.0,28183.0,1.0,2,1282.5,2565.0,1.0,0.0,28183.0,0,0,0,0,7786.45882373033
Prudhoe,10280.0,2,5.0,92.0,12828.0,0.0,3,3426.6666666666665,10280.0,5.0,92.0,12828.0,0,0,0,0,8750.356250315295
Puckeridge and Standon,3860.0,1,2.0,572.0,29013.0,1.0,2,1930.0,3860.0,2.0,572.0,29013.0,0,0,0,0,6507.32958929452
Pudsey,34850.0,8,5.375,266.5,12978.25,0.0,9,3872.222222222222,34850.0,5.375,266.5,12978.25,0,0,0,0,8871.101687024722
Purton,3190.0,1,1.0,172.0,28951.0,1.0,2,1595.0,3190.0,1.0,172.0,28951.0,0,0,0,0,6605.521721913283
Quedgeley and Hardwicke,21125.0,3,3.0,416.6666666666667,22684.333333333332,0.0,4,5281.25,21125.0,3.0,416.6666666666667,22684.333333333332,0,0,0,0,8398.713237545368
Queenborough,3915.0,2,0.0,2464.0,1159.0,0.0,3,1305.0,3915.0,0.0,2464.0,1159.0,0,0,0,0,7941.238777071248
Queensbury,9705.0,2,2.0,2098.5,6179.0,0.0,3,3235.0,9705.0,2.0,2098.5,6179.0,0,0,0,0,8537.609647600046
Queniborough,3090.0,1,2.0,819.0,26128.0,0.0,2,1545.0,3090.0,2.0,819.0,26128.0,0,0,0,0,5680.792552625026
Quorndon,5575.0,1,1.0,191.0,29356.0,1.0,2,2787.5,5575.0,1.0,191.0,29356.0,0,0,0,0,7263.538807476279
Rackheath,1760.0,1,0.0,3252.0,24409.0,1.0,2,880.0,1760.0,0.0,3252.0,24409.0,0,0,0,0,5452.541909546475
Radcliffe,31115.0,6,5.333333333333333,430.6666666666667,4818.333333333333,0.0,7,4445.0,31115.0,5.333333333333333,430.6666666666667,4818.333333333333,0,0,0,0,8562.175712450156
Radcliffe on Trent,7205.0,2,2.0,158.5,30664.0,1.0,3,2401.6666666666665,7205.0,2.0,158.5,30664.0,0,0,0,0,7575.8568692502395
Radlett,8185.0,2,1.0,50.0,28201.0,1.0,3,2728.3333333333335,8185.0,1.0,50.0,28201.0,0,0,0,0,8035.14165608546
Radstock,9980.0,2,2.5,324.5,13576.5,0.0,3,3326.6666666666665,9980.0,2.5,324.5,13576.5,0,0,0,0,8030.196182401408
Rainford,5575.0,2,3.0,139.0,19870.5,0.0,3,1858.3333333333333,5575.0,3.0,139.0,19870.5,0,0,0,0,7691.394156164872
Rainworth,7985.0,2,3.0,0.0,10315.5,0.0,3,2661.6666666666665,7985.0,3.0,0.0,10315.5,0,0,0,0,10138.878289384287
Ramsbottom,17075.0,3,2.0,415.3333333333333,27753.333333333332,0.0,4,4268.75,17075.0,2.0,415.3333333333333,27753.333333333332,0,0,0,0,7726.4148829900305
Ramsey,5730.0,1,2.0,88.0,15663.0,1.0,2,2865.0,5730.0,2.0,88.0,15663.0,0,0,0,0,8808.212176929566
Ramsgate,42030.0,8,3.875,623.625,6507.0,0.0,9,4670.0,42030.0,3.875,623.625,6507.0,0,0,0,0,8522.597055956134
Ratby,4265.0,1,3.0,0.0,28204.0,1.0,2,2132.5,4265.0,3.0,0.0,28204.0,0,0,0,0,7980.521739002454
Raunds,10230.0,2,3.0,127.5,21389.5,0.0,3,3410.0,10230.0,3.0,127.5,21389.5,0,0,0,0,8599.202658430084
Ravenshead,5370.0,1,0.0,3547.0,31187.0,1.0,2,2685.0,5370.0,0.0,3547.0,31187.0,0,0,0,0,6918.368939827132
Rawdon,6740.0,1,0.0,1107.0,26367.0,0.0,2,3370.0,6740.0,0.0,1107.0,26367.0,0,0,0,0,7056.524038937527
Rawmarsh,18895.0,7,4.0,511.2857142857143,4839.428571428572,0.0,8,2361.875,18895.0,4.0,511.2857142857143,4839.428571428572,0,0,0,0,7444.876923575653
Rawnsley,2470.0,1,1.0,0.0,15503.0,0.0,2,1235.0,2470.0,1.0,0.0,15503.0,0,0,0,0,9197.476928798938
Rawtenstall,23680.0,8,4.625,448.25,13758.375,0.0,9,2631.1111111111113,23680.0,4.625,448.25,13758.375,0,0,0,0,7496.627019194621
Rayleigh,32380.0,5,4.4,184.8,24843.6,0.0,6,5396.666666666667,32380.0,4.4,184.8,24843.6,0,0,0,0,8540.394983309978
Read,2050.0,1,0.0,2843.0,28292.0,0.0,2,1025.0,2050.0,0.0,2843.0,28292.0,0,0,0,0,5993.507659712729
Reading,203795.0,30,5.333333333333333,349.23333333333335,16873.366666666665,0.0,31,6574.032258064516,203795.0,5.333333333333333,349.23333333333335,16873.366666666665,0,0,0,0,7988.132183786123
Red Lodge,5775.0,1,1.0,579.0,24236.0,1.0,2,2887.5,5775.0,1.0,579.0,24236.0,0,0,0,0,7454.283893172183
Redbourn,5185.0,1,0.0,3103.0,32309.0,1.0,2,2592.5,5185.0,0.0,3103.0,32309.0,0,0,0,0,6830.506596007542
Redcar,37660.0,6,4.333333333333333,507.6666666666667,2736.1666666666665,0.0,7,5380.0,37660.0,4.333333333333333,507.6666666666667,2736.1666666666665,0,0,0,0,8836.692674331782
Reddish,22200.0,5,4.0,506.0,7360.0,0.0,6,3700.0,22200.0,4.0,506.0,7360.0,0,0,0,0,8442.415000984307
Redditch,81635.0,12,5.5,379.1666666666667,11013.25,0.0,13,6279.615384615385,81635.0,5.5,379.1666666666667,11013.25,0,0,0,0,8440.181938576403
Redhill (Reigate and Banstead),32525.0,3,6.333333333333333,214.0,22679.0,0.0,4,8131.25,32525.0,6.333333333333333,214.0,22679.0,0,0,0,0,10123.337013604252
Redruth,15455.0,3,5.0,276.6666666666667,7323.0,0.0,4,3863.75,15455.0,5.0,276.6666666666667,7323.0,0,0,0,0,8831.873583373312
Reepham (Broadland),2315.0,1,1.0,248.0,19833.0,1.0,2,1157.5,2315.0,1.0,248.0,19833.0,0,0,0,0,6878.53523699567
Reigate,23780.0,4,2.25,912.75,27063.25,0.0,5,4756.0,23780.0,2.25,912.75,27063.25,0,0,0,0,7617.6395298543375
Rendlesham,3190.0,1,0.0,4408.0,28741.0,1.0,2,1595.0,3190.0,0.0,4408.0,28741.0,0,0,0,0,5963.109072846988
Renishaw,2425.0,1,1.0,222.0,17731.0,1.0,2,1212.5,2425.0,1.0,222.0,17731.0,0,0,0,0,6898.771536963477
Retford,23740.0,4,5.25,560.0,11264.25,0.0,5,4748.0,23740.0,5.25,560.0,11264.25,0,0,0,0,8269.255805714562
Reydon,2370.0,1,1.0,0.0,29793.0,1.0,2,1185.0,2370.0,1.0,0.0,29793.0,0,0,0,0,7680.51590684851
Richings Park,1790.0,1,0.0,1309.0,24982.0,0.0,2,895.0,1790.0,0.0,1309.0,24982.0,0,0,0,0,5352.858916665695
Richmond,8075.0,2,4.0,179.5,16770.0,1.0,3,2691.6666666666665,8075.0,4.0,179.5,16770.0,0,0,0,0,8273.878394895915
Rickmansworth,26290.0,8,5.25,447.0,27674.125,0.0,9,2921.1111111111113,26290.0,5.25,447.0,27674.125,0,0,0,0,6896.380463395359
Ringmer,3220.0,1,0.0,3547.0,24846.0,1.0,2,1610.0,3220.0,0.0,3547.0,24846.0,0,0,0,0,6034.043749797259
Ringwood,12785.0,5,4.4,353.2,20520.8,0.0,6,2130.8333333333335,12785.0,4.4,353.2,20520.8,0,0,0,0,6547.647886556976
Ripley (Amber Valley),20180.0,4,3.0,666.0,10270.0,0.0,5,4036.0,20180.0,3.0,666.0,10270.0,0,0,0,0,8255.81794046402
Ripon,16590.0,3,4.666666666666667,631.0,24205.333333333332,0.0,4,4147.5,16590.0,4.666666666666667,631.0,24205.333333333332,0,0,0,0,7608.059994514953
Ripponden,4775.0,1,1.0,0.0,19816.0,1.0,2,2387.5,4775.0,1.0,0.0,19816.0,0,0,0,0,10929.119270828454
Rishton,6655.0,2,2.0,108.5,6801.5,1.0,3,2218.3333333333335,6655.0,2.0,108.5,6801.5,0,0,0,0,8243.969055095202
Roade,3575.0,1,2.0,242.0,26035.0,1.0,2,1787.5,3575.0,2.0,242.0,26035.0,0,0,0,0,6196.17043429256
Robertsbridge,1440.0,1,1.0,351.0,14958.0,1.0,2,720.0,1440.0,1.0,351.0,14958.0,0,0,0,0,6036.13255512986
Rochdale,111255.0,25,9.04,276.28,3815.36,0.0,26,4279.038461538462,111255.0,9.04,276.28,3815.36,0,0,0,0,7856.445077615822
Roche,2310.0,1,1.0,401.0,8372.0,1.0,2,1155.0,2310.0,1.0,401.0,8372.0,0,0,0,0,6892.667030801454
Rochester,67285.0,15,5.733333333333333,340.06666666666666,13039.0,0.0,16,4205.3125,67285.0,5.733333333333333,340.06666666666666,13039.0,0,0,0,0,8264.61127511339
Rochford,12615.0,2,4.0,49.0,10247.0,0.0,3,4205.0,12615.0,4.0,49.0,10247.0,0,0,0,0,10368.32219040683
Romanby,3825.0,1,1.0,115.0,32792.0,0.0,2,1912.5,3825.0,1.0,115.0,32792.0,0,0,0,0,6664.081860067649
Romiley,10900.0,2,2.5,127.0,13586.5,0.0,3,3633.3333333333335,10900.0,2.5,127.0,13586.5,0,0,0,0,9211.451900529835
Romsey,19920.0,4,7.75,109.25,19655.25,0.0,5,3984.0,19920.0,7.75,109.25,19655.25,0,0,0,0,9095.76561320307
Ross-on-Wye,10990.0,3,5.0,123.66666666666667,15172.333333333334,0.0,4,2747.5,10990.0,5.0,123.66666666666667,15172.333333333334,0,0,0,0,8375.999659511237
Rothbury,2025.0,1,1.0,372.0,26291.0,1.0,2,1012.5,2025.0,1.0,372.0,26291.0,0,0,0,0,5916.64916626617
Rotherfield,1220.0,1,0.0,2392.0,30150.0,1.0,2,610.0,1220.0,0.0,2392.0,30150.0,0,0,0,0,5620.251415908544
Rotherham,71535.0,17,9.058823529411764,435.8235294117647,4377.117647058823,0.0,18,3974.1666666666665,71535.0,9.058823529411764,435.8235294117647,4377.117647058823,0,0,0,0,7890.176917664167
Rothwell (Leeds),20965.0,4,1.75,1447.75,19517.0,0.0,5,4193.0,20965.0,1.75,1447.75,19517.0,0,0,0,0,8538.638367972953
Rothwell (North Northamptonshire),8620.0,2,2.0,274.0,11634.0,1.0,3,2873.3333333333335,8620.0,2.0,274.0,11634.0,0,0,0,0,7910.3781299530365
Rowlands Castle,2970.0,1,1.0,0.0,29923.0,0.0,2,1485.0,2970.0,1.0,0.0,29923.0,0,0,0,0,7725.326535609527
Rowlands Gill,5255.0,1,0.0,1589.0,26528.0,1.0,2,2627.5,5255.0,0.0,1589.0,26528.0,0,0,0,0,6919.692172618065
Rowley Regis,39050.0,5,2.6,895.8,8055.6,0.0,6,6508.333333333333,39050.0,2.6,895.8,8055.6,0,0,0,0,8876.223537110156
Royal Leamington Spa,51310.0,12,8.083333333333334,238.16666666666666,18103.583333333332,0.0,13,3946.923076923077,51310.0,8.083333333333334,238.16666666666666,18103.583333333332,0,0,0,0,8083.371506832407
Royal Sutton Coldfield,93375.0,16,2.8125,497.6875,21005.875,0.0,17,5492.64705882353,93375.0,2.8125,497.6875,21005.875,0,0,0,0,8087.824931215588
Royal Tunbridge Wells,51220.0,7,5.142857142857143,403.57142857142856,24834.14285714286,0.0,8,6402.5,51220.0,5.142857142857143,403.57142857142856,24834.14285714286,0,0,0,0,8319.995865823825
Royal Wootton Bassett,13005.0,3,4.0,70.0,17351.0,0.0,4,3251.25,13005.0,4.0,70.0,17351.0,0,0,0,0,9275.80614168511
Roydon (Epping Forest),1585.0,1,0.0,3380.0,20872.0,1.0,2,792.5,1585.0,0.0,3380.0,20872.0,0,0,0,0,5749.592453145541
Royston (Barnsley),10755.0,2,3.0,0.0,11378.0,0.0,3,3585.0,10755.0,3.0,0.0,11378.0,0,0,0,0,10379.646670938058
Royston (North Hertfordshire),17445.0,4,2.0,318.25,24357.0,0.0,5,3489.0,17445.0,2.0,318.25,24357.0,0,0,0,0,7478.202766129627
Royton,22990.0,4,4.75,329.75,7988.25,0.0,5,4598.0,22990.0,4.75,329.75,7988.25,0,0,0,0,8686.465256760275
Ruddington,7490.0,1,1.0,97.0,32458.0,0.0,2,3745.0,7490.0,1.0,97.0,32458.0,0,0,0,0,8212.047969189543
Rudgwick,2145.0,1,1.0,84.0,26296.0,1.0,2,1072.5,2145.0,1.0,84.0,26296.0,0,0,0,0,7202.6944126488315
Rufford (West Lancashire),1560.0,1,0.0,3828.0,26076.0,1.0,2,780.0,1560.0,0.0,3828.0,26076.0,0,0,0,0,5341.845906883309
Rugby,78120.0,11,8.272727272727273,550.5454545454545,17510.636363636364,0.0,12,6510.0,78120.0,8.272727272727273,550.5454545454545,17510.636363636364,0,0,0,0,8176.761211868207
Rugeley,26145.0,5,3.6,203.0,9124.0,0.0,6,4357.5,26145.0,3.6,203.0,9124.0,0,0,0,0,8596.586027865502
Runcorn,61645.0,13,3.8461538461538463,633.5384615384615,3073.4615384615386,0.0,14,4403.214285714285,61645.0,3.8461538461538463,633.5384615384615,3073.4615384615386,0,0,0,0,8349.250094648718
Runcton,470.0,1,1.0,2045.0,19064.0,0.0,2,235.0,470.0,1.0,2045.0,19064.0,0,0,0,0,7540.508434676174
Rushall and Shelfield,12845.0,2,1.5,331.5,11214.5,0.0,3,4281.666666666667,12845.0,1.5,331.5,11214.5,0,0,0,0,8830.287357407473
Rushden,31685.0,4,6.5,247.0,16700.0,0.0,5,6337.0,31685.0,6.5,247.0,16700.0,0,0,0,0,9355.484509056134
Ruskington,5650.0,1,0.0,1117.0,25299.0,1.0,2,2825.0,5650.0,0.0,1117.0,25299.0,0,0,0,0,6908.879818119199
Rusthall and Langton Green,7780.0,1,1.0,438.0,16641.0,1.0,2,3890.0,7780.0,1.0,438.0,16641.0,0,0,0,0,8847.799535747556
Rustington,33885.0,3,2.6666666666666665,815.3333333333334,22108.666666666668,0.0,4,8471.25,33885.0,2.6666666666666665,815.3333333333334,22108.666666666668,0,0,0,0,8786.437858615485
Ryde,24105.0,5,5.8,432.8,7644.2,0.0,6,4017.5,24105.0,5.8,432.8,7644.2,0,0,0,0,8167.720751950422
Rye,4885.0,2,2.0,261.5,16187.0,1.0,3,1628.3333333333333,4885.0,2.0,261.5,16187.0,0,0,0,0,6893.626022510967
Ryton,8805.0,1,0.0,1833.0,22421.0,0.0,2,4402.5,8805.0,0.0,1833.0,22421.0,0,0,0,0,8234.390231480456
Sacriston,5190.0,2,2.0,84.5,10328.0,1.0,3,1730.0,5190.0,2.0,84.5,10328.0,0,0,0,0,8590.908429431767
Saffron Walden,16610.0,2,2.5,214.0,29240.0,0.0,3,5536.666666666667,16610.0,2.5,214.0,29240.0,0,0,0,0,8641.818252004608
Salcombe,1585.0,1,1.0,233.0,27399.0,1.0,2,792.5,1585.0,1.0,233.0,27399.0,0,0,0,0,5558.095254478981
Sale,62550.0,10,5.6,186.5,19901.7,0.0,11,5686.363636363636,62550.0,5.6,186.5,19901.7,0,0,0,0,8934.1808341828
Salford,108410.0,23,8.652173913043478,268.2173913043478,3023.8695652173915,0.0,24,4517.083333333333,108410.0,8.652173913043478,268.2173913043478,3023.8695652173915,0,0,0,0,8045.473091201856
Salfords,1870.0,1,0.0,3068.0,17483.0,0.0,2,935.0,1870.0,0.0,3068.0,17483.0,0,0,0,0,6117.808131776498
Salisbury,47690.0,9,5.888888888888889,697.4444444444445,15256.111111111111,0.0,10,4769.0,47690.0,5.888888888888889,697.4444444444445,15256.111111111111,0,0,0,0,8112.433622141312
Saltash,15435.0,3,3.0,336.6666666666667,13688.333333333334,0.0,4,3858.75,15435.0,3.0,336.6666666666667,13688.333333333334,0,0,0,0,8982.111393876765
Saltburn-by-the-Sea,5875.0,2,2.0,0.0,16059.0,1.0,3,1958.3333333333333,5875.0,2.0,0.0,16059.0,0,0,0,0,9850.420787969675
Saltford,4135.0,1,0.0,1872.0,32115.0,1.0,2,2067.5,4135.0,0.0,1872.0,32115.0,0,0,0,0,5894.112801954235
Sandbach,11290.0,3,4.0,109.66666666666667,9752.0,0.0,4,2822.5,11290.0,4.0,109.66666666666667,9752.0,0,0,0,0,8465.29542268302
Sandford (Dorset),2000.0,1,1.0,285.0,20178.0,1.0,2,1000.0,2000.0,1.0,285.0,20178.0,0,0,0,0,6091.616034727613
Sandhurst (Bracknell Forest),20215.0,2,0.5,1358.0,23836.5,0.0,3,6738.333333333333,20215.0,0.5,1358.0,23836.5,0,0,0,0,8489.45059389318
Sandown,11655.0,4,3.5,285.75,8473.25,0.0,5,2331.0,11655.0,3.5,285.75,8473.25,0,0,0,0,7145.416257241862
Sandwich,4260.0,1,1.0,221.0,28240.0,0.0,2,2130.0,4260.0,1.0,221.0,28240.0,0,0,0,0,6350.346729393273
Sandy,11375.0,2,1.0,66.0,20301.0,0.0,3,3791.6666666666665,11375.0,1.0,66.0,20301.0,0,0,0,0,9926.651677792634
Saughall,2660.0,1,0.0,3073.0,30137.0,1.0,2,1330.0,2660.0,0.0,3073.0,30137.0,0,0,0,0,5977.186000352944
Sawbridgeworth,10475.0,2,2.0,85.0,30704.0,0.0,3,3491.6666666666665,10475.0,2.0,85.0,30704.0,0,0,0,0,8328.314705166778
Sawston,7270.0,2,2.0,441.5,29579.5,1.0,3,2423.3333333333335,7270.0,2.0,441.5,29579.5,0,0,0,0,6351.510681018881
Sawtry,5875.0,1,1.0,0.0,25403.0,1.0,2,2937.5,5875.0,1.0,0.0,25403.0,0,0,0,0,9286.521675964279
Saxilby,4430.0,1,1.0,408.0,29265.0,1.0,2,2215.0,4430.0,1.0,408.0,29265.0,0,0,0,0,6204.534308250373
Saxmundham,4780.0,1,1.0,453.0,18133.0,1.0,2,2390.0,4780.0,1.0,453.0,18133.0,0,0,0,0,7407.670116148909
Scarborough,59505.0,12,7.916666666666667,350.8333333333333,7645.5,0.0,13,4577.307692307692,59505.0,7.916666666666667,350.8333333333333,7645.5,0,0,0,0,8105.097812163436
Scawthorpe and Cusworth,13015.0,3,5.0,82.0,16555.333333333332,0.0,4,3253.75,13015.0,5.0,82.0,16555.333333333332,0,0,0,0,9224.913570600076
Scotter,2950.0,1,0.0,5082.0,28963.0,1.0,2,1475.0,2950.0,0.0,5082.0,28963.0,0,0,0,0,6038.318288473746
Scunthorpe,81265.0,18,7.333333333333333,548.8333333333334,10804.111111111111,0.0,19,4277.105263157895,81265.0,7.333333333333333,548.8333333333334,10804.111111111111,0,0,0,0,7758.99998273371
Seaford,23865.0,4,5.0,107.25,13717.5,0.0,5,4773.0,23865.0,5.0,107.25,13717.5,0,0,0,0,9395.549773050248
Seaham,21665.0,7,4.142857142857143,344.57142857142856,7520.285714285715,0.0,8,2708.125,21665.0,4.142857142857143,344.57142857142856,7520.285714285715,0,0,0,0,7280.234730035636
Seahouses and North Sunderland,1680.0,1,0.0,10919.0,17149.0,1.0,2,840.0,1680.0,0.0,10919.0,17149.0,0,0,0,0,6117.808131776498
Seascale,1710.0,1,1.0,80.0,15231.0,1.0,2,855.0,1710.0,1.0,80.0,15231.0,0,0,0,0,7551.108701022817
Seaton (East Devon),7435.0,3,3.0,288.3333333333333,18210.333333333332,1.0,4,1858.75,7435.0,3.0,288.3333333333333,18210.333333333332,0,0,0,0,6868.764414532835
Seaton Burn,1355.0,1,1.0,981.0,13897.0,0.0,2,677.5,1355.0,1.0,981.0,13897.0,0,0,0,0,5920.458743714639
Seaton Delaval,8010.0,2,2.0,255.0,9729.0,1.0,3,2670.0,8010.0,2.0,255.0,9729.0,0,0,0,0,8017.110020620851
Seaton Sluice,2955.0,1,0.0,3548.0,18130.0,1.0,2,1477.5,2955.0,0.0,3548.0,18130.0,0,0,0,0,6828.34168955175
Seaview and Nettlestone,2050.0,1,1.0,0.0,20794.0,0.0,2,1025.0,2050.0,1.0,0.0,20794.0,0,0,0,0,8821.676716523065
Sedbergh,1450.0,1,1.0,506.0,19049.0,1.0,2,725.0,1450.0,1.0,506.0,19049.0,0,0,0,0,6036.13255512986
Sedgefield,4980.0,1,2.0,52.0,17675.0,1.0,2,2490.0,4980.0,2.0,52.0,17675.0,0,0,0,0,8874.54910691071
Sedgley,31990.0,7,3.0,188.71428571428572,14872.714285714286,0.0,8,3998.75,31990.0,3.0,188.71428571428572,14872.714285714286,0,0,0,0,8779.058929111201
Seghill,2795.0,1,1.0,152.0,10446.0,1.0,2,1397.5,2795.0,1.0,152.0,10446.0,0,0,0,0,7627.410341862804
Selby,19475.0,5,6.0,41.4,12260.4,0.0,6,3245.8333333333335,19475.0,6.0,41.4,12260.4,0,0,0,0,9194.492876683773
Selsey,10735.0,2,2.0,95.0,18805.0,0.0,3,3578.3333333333335,10735.0,2.0,95.0,18805.0,0,0,0,0,8773.709414885809
Selston,6275.0,1,1.0,0.0,10709.0,0.0,2,3137.5,6275.0,1.0,0.0,10709.0,0,0,0,0,10437.244160624772
Send,4095.0,1,1.0,0.0,30210.0,1.0,2,2047.5,4095.0,1.0,0.0,30210.0,0,0,0,0,7816.515686432711
Settle,2710.0,1,2.0,201.0,19608.0,1.0,2,1355.0,2710.0,2.0,201.0,19608.0,0,0,0,0,6923.345865756687
Sevenoaks,26475.0,6,4.333333333333333,198.33333333333334,30803.666666666668,0.0,7,3782.1428571428573,26475.0,4.333333333333333,198.33333333333334,30803.666666666668,0,0,0,0,7801.717436123484
Shaftesbury,9160.0,2,3.0,2941.5,21163.0,1.0,3,3053.3333333333335,9160.0,3.0,2941.5,21163.0,0,0,0,0,7398.494598110171
Shaldon,1715.0,1,0.0,1222.0,26516.0,1.0,2,857.5,1715.0,0.0,1222.0,26516.0,0,0,0,0,5228.83625344732
Shalford (Guildford),2510.0,1,0.0,2238.0,24707.0,0.0,2,1255.0,2510.0,0.0,2238.0,24707.0,0,0,0,0,6109.252965424017
Shanklin,9120.0,3,2.0,203.0,6537.333333333333,0.0,4,2280.0,9120.0,2.0,203.0,6537.333333333333,0,0,0,0,7621.628526380455
Sharlston,2165.0,2,1.0,1615.5,15022.0,1.0,3,721.6666666666666,2165.0,1.0,1615.5,15022.0,0,0,0,0,6046.784184076751
Sharnbrook,1740.0,1,1.0,975.0,30749.0,1.0,2,870.0,1740.0,1.0,975.0,30749.0,0,0,0,0,5461.350434977434
Shavington,4975.0,1,1.0,0.0,26024.0,0.0,2,2487.5,4975.0,1.0,0.0,26024.0,0,0,0,0,8881.899469271171
Shaw (Oldham),18240.0,5,2.8,1006.0,6780.4,0.0,6,3040.0,18240.0,2.8,1006.0,6780.4,0,0,0,0,8039.116249236129
Sheerness,13250.0,6,9.0,89.16666666666667,892.3333333333334,0.0,7,1892.857142857143,13250.0,9.0,89.16666666666667,892.3333333333334,0,0,0,0,8104.31190925521
Sheffield,500535.0,106,5.339622641509434,354.20754716981133,12357.990566037735,0.0,107,4677.897196261682,500535.0,5.339622641509434,354.20754716981133,12357.990566037735,0,0,0,0,7694.993491643282
Shefford,7310.0,2,2.0,479.5,16891.0,0.0,3,2436.6666666666665,7310.0,2.0,479.5,16891.0,0,0,0,0,7090.315192831172
Shelf and Northowram,9195.0,2,0.0,1852.5,24475.0,0.0,3,3065.0,9195.0,0.0,1852.5,24475.0,0,0,0,0,7350.979509150954
Shenley,3555.0,1,0.0,2552.0,18178.0,1.0,2,1777.5,3555.0,0.0,2552.0,18178.0,0,0,0,0,6753.132473924992
Shenstone,2195.0,1,0.0,2854.0,17785.0,1.0,2,1097.5,2195.0,0.0,2854.0,17785.0,0,0,0,0,6783.531060790733
Shepperton,5915.0,1,1.0,296.0,26982.0,0.0,2,2957.5,5915.0,1.0,296.0,26982.0,0,0,0,0,7362.009072890209
Shepshed,14870.0,3,4.0,69.66666666666667,19565.666666666668,0.0,4,3717.5,14870.0,4.0,69.66666666666667,19565.666666666668,0,0,0,0,9744.315205857756
Shepton Mallet,9645.0,2,3.5,159.0,17228.0,1.0,3,3215.0,9645.0,3.5,159.0,17228.0,0,0,0,0,8709.294882328046
Sherborne,10360.0,4,2.0,483.0,27791.0,0.0,5,2072.0,10360.0,2.0,483.0,27791.0,0,0,0,0,6099.858866005295
Sherburn (County Durham),2795.0,1,0.0,1657.0,11528.0,1.0,2,1397.5,2795.0,0.0,1657.0,11528.0,0,0,0,0,6890.854532002294
Sherburn in Elmet,8570.0,1,1.0,100.0,15087.0,1.0,2,4285.0,8570.0,1.0,100.0,15087.0,0,0,0,0,9815.320598323764
Sheringham,7090.0,2,2.0,482.5,15077.0,1.0,3,2363.3333333333335,7090.0,2.0,482.5,15077.0,0,0,0,0,6899.822469040578
Shevington,5320.0,1,2.0,473.0,27387.0,0.0,2,2660.0,5320.0,2.0,473.0,27387.0,0,0,0,0,7013.050944088301
Shifnal,8980.0,1,1.0,829.0,21329.0,1.0,2,4490.0,8980.0,1.0,829.0,21329.0,0,0,0,0,8315.706337590535
Shilbottle,1785.0,1,0.0,4387.0,18861.0,1.0,2,892.5,1785.0,0.0,4387.0,18861.0,0,0,0,0,6117.808131776498
Shildon,9645.0,4,2.25,444.25,4464.75,1.0,5,1929.0,9645.0,2.25,444.25,4464.75,0,0,0,0,7432.907533303404
Shiney Row and Penshaw,16900.0,2,4.5,0.0,11671.5,0.0,3,5633.333333333333,16900.0,4.5,0.0,11671.5,0,0,0,0,12191.825414043502
Shinfield,5420.0,1,1.0,0.0,29014.0,1.0,2,2710.0,5420.0,1.0,0.0,29014.0,0,0,0,0,8922.206924047825
Shipston-on-Stour,5850.0,1,2.0,419.0,20775.0,1.0,2,2925.0,5850.0,2.0,419.0,20775.0,0,0,0,0,7275.673714297203
Shirebrook,11575.0,3,3.0,99.0,6064.0,0.0,4,2893.75,11575.0,3.0,99.0,6064.0,0,0,0,0,9150.84680782064
Shiremoor,6955.0,1,3.0,0.0,7049.0,0.0,2,3477.5,6955.0,3.0,0.0,7049.0,0,0,0,0,10939.379094433398
Shirland and Stonebroom,3990.0,1,0.0,3449.0,22061.0,1.0,2,1995.0,3990.0,0.0,3449.0,22061.0,0,0,0,0,6454.9804964682835
Shoreham-by-Sea,23660.0,5,3.4,228.6,18148.8,0.0,6,3943.3333333333335,23660.0,3.4,228.6,18148.8,0,0,0,0,8825.748937600243
Shortstown,4840.0,1,1.0,106.0,16138.0,1.0,2,2420.0,4840.0,1.0,106.0,16138.0,0,0,0,0,7890.017408708825
Shrewsbury,76015.0,13,2.769230769230769,350.53846153846155,20322.076923076922,0.0,14,5429.642857142857,76015.0,2.769230769230769,350.53846153846155,20322.076923076922,0,0,0,0,8545.408120292032
Shrivenham and Watchfield,5350.0,1,1.0,132.0,32733.0,1.0,2,2675.0,5350.0,1.0,132.0,32733.0,0,0,0,0,7534.3106325837
Sible Hedingham,4260.0,1,0.0,1406.0,26174.0,1.0,2,2130.0,4260.0,0.0,1406.0,26174.0,0,0,0,0,5938.079723641131
Sidmouth,13265.0,3,1.3333333333333333,1497.6666666666667,24164.0,0.0,4,3316.25,13265.0,1.3333333333333333,1497.6666666666667,24164.0,0,0,0,0,6951.670290065567
Sileby,8955.0,2,3.0,318.5,21088.5,1.0,3,2985.0,8955.0,3.0,318.5,21088.5,0,0,0,0,7723.236341475351
Silkstone,1680.0,1,0.0,3496.0,25345.0,1.0,2,840.0,1680.0,0.0,3496.0,25345.0,0,0,0,0,5452.541909546475
Silloth,2540.0,1,1.0,335.0,9335.0,1.0,2,1270.0,2540.0,1.0,335.0,9335.0,0,0,0,0,6703.91014630276
Silsden,8395.0,2,1.0,2189.5,17194.5,1.0,3,2798.3333333333335,8395.0,1.0,2189.5,17194.5,0,0,0,0,7645.771080545752
Silver End,3915.0,1,1.0,0.0,14463.0,1.0,2,1957.5,3915.0,1.0,0.0,14463.0,0,0,0,0,9288.666079622122
Silverdale,1055.0,1,0.0,5751.0,29093.0,1.0,2,527.5,1055.0,0.0,5751.0,29093.0,0,0,0,0,4860.507220067869
Sittingbourne,54390.0,11,5.0,287.90909090909093,10113.545454545454,0.0,12,4532.5,54390.0,5.0,287.90909090909093,10113.545454545454,0,0,0,0,8265.232660503745
Skegness,20700.0,5,3.0,184.4,2487.4,0.0,6,3450.0,20700.0,3.0,184.4,2487.4,0,0,0,0,8947.010763440489
Skellingthorpe,3115.0,1,0.0,2261.0,27402.0,1.0,2,1557.5,3115.0,0.0,2261.0,27402.0,0,0,0,0,5963.109072846988
Skelmersdale,34915.0,5,2.2,191.8,5829.6,0.0,6,5819.166666666667,34915.0,2.2,191.8,5829.6,0,0,0,0,9755.95841548516
Skelton (Redcar and Cleveland),6895.0,2,2.0,115.5,3381.0,1.0,3,2298.3333333333335,6895.0,2.0,115.5,3381.0,0,0,0,0,8400.511856742718
Skipton,15050.0,4,8.0,145.25,24937.75,0.0,5,3010.0,15050.0,8.0,145.25,24937.75,0,0,0,0,7559.959728242071
Sleaford,18030.0,4,3.0,179.75,12208.75,0.0,5,3606.0,18030.0,3.0,179.75,12208.75,0,0,0,0,8930.591676660073
Slough,166855.0,30,5.9,399.46666666666664,12046.033333333333,0.0,31,5382.419354838709,166855.0,5.9,399.46666666666664,12046.033333333333,0,0,0,0,7939.192013857769
Smallfield,2610.0,1,1.0,448.0,13219.0,1.0,2,1305.0,2610.0,1.0,448.0,13219.0,0,0,0,0,6746.666112905112
Smethwick,56340.0,13,10.0,149.30769230769232,5041.153846153846,0.0,14,4024.285714285714,56340.0,10.0,149.30769230769232,5041.153846153846,0,0,0,0,8250.380444206412
Snaith,3555.0,1,1.0,274.0,27534.0,1.0,2,1777.5,3555.0,1.0,274.0,27534.0,0,0,0,0,6114.735486751632
Snettisham,2710.0,1,0.0,3488.0,12340.0,1.0,2,1355.0,2710.0,0.0,3488.0,12340.0,0,0,0,0,6961.878479702041
Snodland,11830.0,2,2.0,228.5,9771.5,0.0,3,3943.3333333333335,11830.0,2.0,228.5,9771.5,0,0,0,0,9080.38200635314
Soham,10615.0,2,2.0,202.0,22096.5,0.0,3,3538.3333333333335,10615.0,2.0,202.0,22096.5,0,0,0,0,7866.398070991765
Solihull,107735.0,22,4.7272727272727275,650.0909090909091,21460.31818181818,0.0,23,4684.130434782609,107735.0,4.7272727272727275,650.0909090909091,21460.31818181818,0,0,0,0,7661.696357188061
Somercotes and Swanwick,15100.0,4,2.25,444.25,17269.5,0.0,5,3020.0,15100.0,2.25,444.25,17269.5,0,0,0,0,7805.832762703139
Somersham (Huntingdonshire),3350.0,1,0.0,6101.0,31275.0,1.0,2,1675.0,3350.0,0.0,6101.0,31275.0,0,0,0,0,5824.0491007799865
Somerton,5100.0,1,0.0,7001.0,15371.0,1.0,2,2550.0,5100.0,0.0,7001.0,15371.0,0,0,0,0,7672.992788897143
Sonning Common,5265.0,1,1.0,116.0,26942.0,1.0,2,2632.5,5265.0,1.0,116.0,26942.0,0,0,0,0,7694.52015689397
South Anston,2525.0,1,0.0,1012.0,26156.0,0.0,2,1262.5,2525.0,0.0,1012.0,26156.0,0,0,0,0,5845.785983611967
South Brent,2645.0,1,1.0,372.0,22004.0,1.0,2,1322.5,2645.0,1.0,372.0,22004.0,0,0,0,0,6423.0288431871295
South Cave,4820.0,1,0.0,1250.0,32683.0,1.0,2,2410.0,4820.0,0.0,1250.0,32683.0,0,0,0,0,6130.415628178144
South Cerney,4000.0,1,0.0,2303.0,28832.0,1.0,2,2000.0,4000.0,0.0,2303.0,28832.0,0,0,0,0,6033.172774021236
South Darenth and Sutton at Hone,4090.0,1,0.0,1919.0,24067.0,1.0,2,2045.0,4090.0,0.0,1919.0,24067.0,0,0,0,0,6104.107450971507
South Elmsall,11185.0,3,3.0,115.33333333333333,7533.333333333333,0.0,4,2796.25,11185.0,3.0,115.33333333333333,7533.333333333333,0,0,0,0,8120.285608469135
South Hayling,15305.0,3,3.0,435.3333333333333,20201.0,0.0,4,3826.25,15305.0,3.0,435.3333333333333,20201.0,0,0,0,0,8287.404448862273
South Hetton,2880.0,1,1.0,0.0,6237.0,0.0,2,1440.0,2880.0,1.0,0.0,6237.0,0,0,0,0,9689.830260082508
South Kirkby,8885.0,2,2.0,358.5,5720.5,0.0,3,2961.6666666666665,8885.0,2.0,358.5,5720.5,0,0,0,0,8588.071464669276
South Merstham,9955.0,3,2.0,645.3333333333334,13134.0,0.0,4,2488.75,9955.0,2.0,645.3333333333334,13134.0,0,0,0,0,7431.095255200246
South Milford,2410.0,1,1.0,0.0,29832.0,1.0,2,1205.0,2410.0,1.0,0.0,29832.0,0,0,0,0,7725.326535609527
South Molton,6225.0,2,2.0,104.0,14991.0,1.0,3,2075.0,6225.0,2.0,104.0,14991.0,0,0,0,0,7711.171095585231
South Ockendon,22440.0,2,4.0,530.0,9852.0,0.0,3,7480.0,22440.0,4.0,530.0,9852.0,0,0,0,0,9080.53783492783
South Petherton,3100.0,2,1.0,3376.5,17282.0,1.0,3,1033.3333333333333,3100.0,1.0,3376.5,17282.0,0,0,0,0,6783.531060790733
South Shields,73345.0,13,4.769230769230769,523.0769230769231,2843.153846153846,0.0,14,5238.928571428572,73345.0,4.769230769230769,523.0769230769231,2843.153846153846,0,0,0,0,8480.245700548428
South Woodham Ferrers,16025.0,3,1.0,1017.6666666666666,25869.666666666668,0.0,4,4006.25,16025.0,1.0,1017.6666666666666,25869.666666666668,0,0,0,0,7620.016383847974
Southampton,249620.0,37,5.972972972972973,408.6216216216216,12585.567567567568,0.0,38,6568.9473684210525,249620.0,5.972972972972973,408.6216216216216,12585.567567567568,0,0,0,0,7940.782687029363
Southborough,9630.0,1,3.0,0.0,19449.0,0.0,2,4815.0,9630.0,3.0,0.0,19449.0,0,0,0,0,11362.294100880023
Southbourne,4155.0,1,1.0,258.0,19983.0,0.0,2,2077.5,4155.0,1.0,258.0,19983.0,0,0,0,0,7058.886284793437
Southend-on-Sea,182305.0,36,5.222222222222222,395.5833333333333,13641.111111111111,0.0,37,4927.1621621621625,182305.0,5.222222222222222,395.5833333333333,13641.111111111111,0,0,0,0,7938.667222499971
Southminster,4545.0,1,1.0,137.0,17740.0,1.0,2,2272.5,4545.0,1.0,137.0,17740.0,0,0,0,0,7765.689706455485
Southport,94440.0,22,6.409090909090909,328.6818181818182,14381.772727272728,0.0,23,4106.086956521739,94440.0,6.409090909090909,328.6818181818182,14381.772727272728,0,0,0,0,7824.21469126717
Southwater,11205.0,1,1.0,129.0,29406.0,0.0,2,5602.5,11205.0,1.0,129.0,29406.0,0,0,0,0,9479.56115949922
Southwell (Newark and Sherwood),7410.0,2,2.0,294.0,30747.0,1.0,3,2470.0,7410.0,2.0,294.0,30747.0,0,0,0,0,6774.448740803953
Southwick (Adur),12240.0,2,1.0,1429.5,18971.5,0.0,3,4080.0,12240.0,1.0,1429.5,18971.5,0,0,0,0,8311.960007564776
Southwold,950.0,1,0.0,1498.0,16043.0,1.0,2,475.0,950.0,0.0,1498.0,16043.0,0,0,0,0,5228.162186599877
Sowerby,4725.0,1,4.0,480.0,25422.0,0.0,2,2362.5,4725.0,4.0,480.0,25422.0,0,0,0,0,6247.252448184803
Sowerby Bridge,4485.0,2,3.0,78.0,5666.0,0.0,3,1495.0,4485.0,3.0,78.0,5666.0,0,0,0,0,8969.044149142519
Spalding,30550.0,2,5.0,490.0,15482.0,0.0,3,10183.333333333334,30550.0,5.0,490.0,15482.0,0,0,0,0,9348.715064963666
Spennymoor,20410.0,3,4.0,35.333333333333336,4984.0,0.0,4,5102.5,20410.0,4.0,35.333333333333336,4984.0,0,0,0,0,9989.08436872101
Spilsby,3670.0,1,1.0,246.0,17743.0,1.0,2,1835.0,3670.0,1.0,246.0,17743.0,0,0,0,0,6919.896986612409
Spixworth,3420.0,1,0.0,2918.0,24823.0,1.0,2,1710.0,3420.0,0.0,2918.0,24823.0,0,0,0,0,6034.043749797259
Sprotbrough,7550.0,2,1.5,1248.0,20396.0,0.0,3,2516.6666666666665,7550.0,1.5,1248.0,20396.0,0,0,0,0,7347.6154854045635
St Agnes,3250.0,1,1.0,208.0,14205.0,1.0,2,1625.0,3250.0,1.0,208.0,14205.0,0,0,0,0,6823.562321336719
St Albans,75540.0,13,5.615384615384615,661.0,24704.923076923078,0.0,14,5395.714285714285,75540.0,5.615384615384615,661.0,24704.923076923078,0,0,0,0,7544.960199112806
St Austell,24360.0,5,1.8,563.2,10643.4,0.0,6,4060.0,24360.0,1.8,563.2,10643.4,0,0,0,0,8189.169937408435
St Blazey,6575.0,1,3.0,0.0,12836.0,1.0,2,3287.5,6575.0,3.0,0.0,12836.0,0,0,0,0,10303.89710129238
St Columb Major,3665.0,1,1.0,761.0,19190.0,1.0,2,1832.5,3665.0,1.0,761.0,19190.0,0,0,0,0,6599.236209550178
St Day,1430.0,1,0.0,2841.0,11152.0,1.0,2,715.0,1430.0,0.0,2841.0,11152.0,0,0,0,0,6251.344921926789
St Dennis,2365.0,1,0.0,4303.0,11121.0,1.0,2,1182.5,2365.0,0.0,4303.0,11121.0,0,0,0,0,6917.067850941024
St Helens (St. Helens),107680.0,27,10.333333333333334,279.81481481481484,4191.592592592592,0.0,28,3845.714285714286,107680.0,10.333333333333334,279.81481481481484,4191.592592592592,0,0,0,0,7813.160900159127
St Ives (Cornwall),5410.0,1,3.0,390.0,8554.0,1.0,2,2705.0,5410.0,3.0,390.0,8554.0,0,0,0,0,7742.992698879036
St Ives (Huntingdonshire),16820.0,4,3.0,117.0,24454.5,0.0,5,3364.0,16820.0,3.0,117.0,24454.5,0,0,0,0,8042.003229983991
St Just,1830.0,1,0.0,9603.0,14154.0,1.0,2,915.0,1830.0,0.0,9603.0,14154.0,0,0,0,0,6117.808131776498
St Martins,2690.0,1,0.0,3257.0,19089.0,1.0,2,1345.0,2690.0,0.0,3257.0,19089.0,0,0,0,0,6828.34168955175
St Mawes,640.0,1,0.0,3316.0,16230.0,1.0,2,320.0,640.0,0.0,3316.0,16230.0,0,0,0,0,4880.296342223908
St Neots,33265.0,5,1.8,506.2,19178.4,0.0,6,5544.166666666667,33265.0,1.8,506.2,19178.4,0,0,0,0,8651.586352464265
St Osyth,2250.0,1,0.0,3416.0,1253.0,1.0,2,1125.0,2250.0,0.0,3416.0,1253.0,0,0,0,0,7820.637530010119
St Stephen,2340.0,1,1.0,557.0,8941.0,1.0,2,1170.0,2340.0,1.0,557.0,8941.0,0,0,0,0,6410.307399025886
Stafford,71690.0,17,7.588235294117647,307.7647058823529,14327.117647058823,0.0,18,3982.777777777778,71690.0,7.588235294117647,307.7647058823529,14327.117647058823,0,0,0,0,7883.973803259676
Staines-upon-Thames,21325.0,5,1.8,815.2,20259.8,0.0,6,3554.1666666666665,21325.0,1.8,815.2,20259.8,0,0,0,0,7661.8517384924835
Stainforth,6000.0,1,1.0,0.0,1143.0,0.0,2,3000.0,6000.0,1.0,0.0,1143.0,0,0,0,0,11044.233964169413
Stakeford,8190.0,2,0.5,764.5,9243.0,1.0,3,2730.0,8190.0,0.5,764.5,9243.0,0,0,0,0,7506.567724349571
Stalbridge,2370.0,1,0.0,5868.0,19242.0,1.0,2,1185.0,2370.0,0.0,5868.0,19242.0,0,0,0,0,6783.531060790733
Stalham,3380.0,1,1.0,302.0,14535.0,1.0,2,1690.0,3380.0,1.0,302.0,14535.0,0,0,0,0,6702.366048082897
Stalybridge,26830.0,6,7.5,103.83333333333333,6958.666666666667,0.0,7,3832.8571428571427,26830.0,7.5,103.83333333333333,6958.666666666667,0,0,0,0,9321.547297155294
Stamford,20750.0,4,5.0,561.5,22372.25,0.0,5,4150.0,20750.0,5.0,561.5,22372.25,0,0,0,0,7833.204623741263
Stamford Bridge,4490.0,1,0.0,3043.0,32721.0,1.0,2,2245.0,4490.0,0.0,3043.0,32721.0,0,0,0,0,6060.755449511599
Standish,12940.0,2,3.0,86.0,16216.0,0.0,3,4313.333333333333,12940.0,3.0,86.0,16216.0,0,0,0,0,9817.588359414653
Stanford-le-Hope,29525.0,5,3.6,344.8,18961.0,0.0,6,4920.833333333333,29525.0,3.6,344.8,18961.0,0,0,0,0,8535.036565083832
Stanhope,1575.0,1,2.0,112.0,11475.0,1.0,2,787.5,1575.0,2.0,112.0,11475.0,0,0,0,0,6998.63390892352
Stanley (County Durham),19415.0,5,4.2,640.2,8226.4,0.0,6,3235.8333333333335,19415.0,4.2,640.2,8226.4,0,0,0,0,7801.408356936705
Stanstead Abbotts,3750.0,1,0.0,1851.0,31309.0,0.0,2,1875.0,3750.0,0.0,1851.0,31309.0,0,0,0,0,5824.0491007799865
Stansted Mountfitchet,8625.0,1,2.0,0.0,27311.0,1.0,2,4312.5,8625.0,2.0,0.0,27311.0,0,0,0,0,10698.30806674271
Stanton Hill and Skegby,4570.0,1,0.0,2202.0,5069.0,0.0,2,2285.0,4570.0,0.0,2202.0,5069.0,0,0,0,0,7625.361839320014
Stanwell,11720.0,2,4.0,360.5,11155.0,0.0,3,3906.6666666666665,11720.0,4.0,360.5,11155.0,0,0,0,0,8732.89757884066
Stapleford,15045.0,4,5.5,70.0,12943.0,0.0,5,3009.0,15045.0,5.5,70.0,12943.0,0,0,0,0,9175.207480065981
Staplehurst,6180.0,1,1.0,142.0,25035.0,1.0,2,3090.0,6180.0,1.0,142.0,25035.0,0,0,0,0,8172.452853636637
Starcross,1690.0,1,0.0,2489.0,21279.0,1.0,2,845.0,1690.0,0.0,2489.0,21279.0,0,0,0,0,5749.592453145541
Staveley (Chesterfield),15145.0,3,1.3333333333333333,2573.3333333333335,4774.666666666667,0.0,4,3786.25,15145.0,1.3333333333333333,2573.3333333333335,4774.666666666667,0,0,0,0,8680.988885868324
Stevenage,94470.0,21,3.238095238095238,751.2857142857143,12040.857142857143,0.0,22,4294.090909090909,94470.0,3.238095238095238,751.2857142857143,12040.857142857143,0,0,0,0,8110.570837427545
Steyning,5510.0,1,1.0,0.0,29495.0,1.0,2,2755.0,5510.0,1.0,0.0,29495.0,0,0,0,0,8861.074635927022
Stilton,2365.0,1,0.0,3834.0,27088.0,1.0,2,1182.5,2365.0,0.0,3834.0,27088.0,0,0,0,0,5993.507659712729
Stockbridge,760.0,1,1.0,360.0,20367.0,1.0,2,380.0,760.0,1.0,360.0,20367.0,0,0,0,0,5426.041382685962
Stockport,117935.0,27,5.407407407407407,429.44444444444446,10007.74074074074,0.0,28,4211.964285714285,117935.0,5.407407407407407,429.44444444444446,10007.74074074074,0,0,0,0,8359.348229935156
Stocksbridge,7265.0,3,3.3333333333333335,108.0,12147.0,0.0,4,1816.25,7265.0,3.3333333333333335,108.0,12147.0,0,0,0,0,7800.356617521952
Stocksfield,1945.0,1,1.0,81.0,24771.0,1.0,2,972.5,1945.0,1.0,81.0,24771.0,0,0,0,0,6726.872443814326
Stockton-on-Tees,84815.0,16,7.9375,445.625,5774.0,0.0,17,4989.117647058823,84815.0,7.9375,445.625,5774.0,0,0,0,0,8243.707757795259
Stoke Gifford,13470.0,1,1.0,0.0,32210.0,0.0,2,6735.0,13470.0,1.0,0.0,32210.0,0,0,0,0,10581.08032698702
Stoke Poges,3920.0,1,1.0,68.0,27801.0,0.0,2,1960.0,3920.0,1.0,68.0,27801.0,0,0,0,0,7473.589116009464
Stoke sub Hamdon,1360.0,1,0.0,2250.0,17263.0,1.0,2,680.0,1360.0,0.0,2250.0,17263.0,0,0,0,0,6117.808131776498
Stoke-on-Trent,260560.0,64,6.40625,372.609375,7072.046875,0.0,65,4008.6153846153848,260560.0,6.40625,372.609375,7072.046875,0,0,0,0,7452.075724809806
Stokenchurch,4345.0,1,1.0,107.0,25394.0,1.0,2,2172.5,4345.0,1.0,107.0,25394.0,0,0,0,0,6943.810232917345
Stokesley,4905.0,2,2.0,157.5,10107.0,1.0,3,1635.0,4905.0,2.0,157.5,10107.0,0,0,0,0,7622.264827410294
Stone (Dartford),6440.0,2,1.0,1031.0,10833.0,0.0,3,2146.6666666666665,6440.0,1.0,1031.0,10833.0,0,0,0,0,6803.734845401242
Stone (Stafford),17280.0,4,5.0,201.75,14891.25,0.0,5,3456.0,17280.0,5.0,201.75,14891.25,0,0,0,0,8019.076459126583
Stone Cross,5035.0,1,1.0,0.0,29481.0,0.0,2,2517.5,5035.0,1.0,0.0,29481.0,0,0,0,0,8467.497101058192
Stonehouse (Stroud),8300.0,2,3.0,21.5,19641.0,0.0,3,2766.6666666666665,8300.0,3.0,21.5,19641.0,0,0,0,0,8899.12343570392
Stoney Stanton,4090.0,1,1.0,380.0,25193.0,1.0,2,2045.0,4090.0,1.0,380.0,25193.0,0,0,0,0,6163.344948513533
Storrington,8710.0,2,4.0,213.5,20727.5,1.0,3,2903.3333333333335,8710.0,4.0,213.5,20727.5,0,0,0,0,7576.240051523771
Stotfold,12310.0,1,1.0,449.0,31210.0,0.0,2,6155.0,12310.0,1.0,449.0,31210.0,0,0,0,0,8409.323778432248
Stourbridge,56950.0,11,4.090909090909091,412.90909090909093,12525.454545454546,0.0,12,4745.833333333333,56950.0,4.090909090909091,412.90909090909093,12525.454545454546,0,0,0,0,8350.698666371587
Stourport-on-Severn,20305.0,4,3.0,609.5,9779.75,0.0,5,4061.0,20305.0,3.0,609.5,9779.75,0,0,0,0,8111.209023752394
Stow-on-the-Wold,1905.0,1,1.0,507.0,23544.0,1.0,2,952.5,1905.0,1.0,507.0,23544.0,0,0,0,0,5510.571434128676
Stowmarket,21535.0,5,3.2,644.6,19769.4,0.0,6,3589.1666666666665,21535.0,3.2,644.6,19769.4,0,0,0,0,7661.8517384924835
Stratford-upon-Avon,28120.0,7,8.714285714285714,339.57142857142856,15585.42857142857,0.0,8,3515.0,28120.0,8.714285714285714,339.57142857142856,15585.42857142857,0,0,0,0,7233.995271150563
Stratton (Cornwall),1930.0,1,1.0,0.0,16037.0,1.0,2,965.0,1930.0,1.0,0.0,16037.0,0,0,0,0,8486.943371023688
Stratton St Margaret,20690.0,2,1.0,860.0,21880.0,0.0,3,6896.666666666667,20690.0,1.0,860.0,21880.0,0,0,0,0,8631.787196961308
Street,12710.0,2,2.0,102.5,18413.0,0.0,3,4236.666666666667,12710.0,2.0,102.5,18413.0,0,0,0,0,9518.107913589387
Streetly,16785.0,2,2.0,411.5,26937.5,0.0,3,5595.0,16785.0,2.0,411.5,26937.5,0,0,0,0,8487.96360503088
Strensall,6055.0,1,1.0,115.0,27245.0,1.0,2,3027.5,6055.0,1.0,115.0,27245.0,0,0,0,0,7970.202972653669
Stretford,28015.0,5,4.8,247.8,10334.6,0.0,6,4669.166666666667,28015.0,4.8,247.8,10334.6,0,0,0,0,8780.73674488732
Stretton (East Staffordshire),4650.0,1,0.0,1992.0,22544.0,0.0,2,2325.0,4650.0,0.0,1992.0,22544.0,0,0,0,0,6620.889535872768
Stroud,26080.0,5,6.0,426.0,17581.2,0.0,6,4346.666666666667,26080.0,6.0,426.0,17581.2,0,0,0,0,8140.215463171341
Studley,6040.0,1,1.0,0.0,25031.0,0.0,2,3020.0,6040.0,1.0,0.0,25031.0,0,0,0,0,9269.179083686075
Sturminster Marshall,1505.0,1,0.0,6016.0,29083.0,1.0,2,752.5,1505.0,0.0,6016.0,29083.0,0,0,0,0,5381.607232596204
Sturminster Newton,3565.0,1,1.0,231.0,14551.0,1.0,2,1782.5,3565.0,1.0,231.0,14551.0,0,0,0,0,6919.896986612409
Sturry,4860.0,1,1.0,762.0,22869.0,0.0,2,2430.0,4860.0,1.0,762.0,22869.0,0,0,0,0,6419.244787218773
Sudbury,23920.0,4,3.25,795.75,14571.25,0.0,5,4784.0,23920.0,3.25,795.75,14571.25,0,0,0,0,8396.041468391943
Sunbury-on-Thames,21475.0,4,2.5,684.5,19783.75,0.0,5,4295.0,21475.0,2.5,684.5,19783.75,0,0,0,0,8297.132153953064
Sunderland,168315.0,39,6.384615384615385,296.84615384615387,6931.615384615385,0.0,40,4207.875,168315.0,6.384615384615385,296.84615384615387,6931.615384615385,0,0,0,0,8563.549574012952
Sunniside,3425.0,1,1.0,0.0,27421.0,0.0,2,1712.5,3425.0,1.0,0.0,27421.0,0,0,0,0,7711.249608103574
Sutton (East Cambridgeshire),3880.0,1,1.0,0.0,31207.0,1.0,2,1940.0,3880.0,1.0,0.0,31207.0,0,0,0,0,7778.079085711439
Sutton Bridge,3915.0,1,0.0,4888.0,6271.0,1.0,2,1957.5,3915.0,0.0,4888.0,6271.0,0,0,0,0,7421.6288752223345
Sutton in Ashfield,36425.0,7,5.285714285714286,264.14285714285717,8855.42857142857,0.0,8,4553.125,36425.0,5.285714285714286,264.14285714285717,8855.42857142857,0,0,0,0,8449.66797006066
Sutton on Sea and Trusthorpe,5040.0,2,0.0,3265.0,5890.0,0.0,3,1680.0,5040.0,0.0,3265.0,5890.0,0,0,0,0,7526.491960236191
Sutton-in-Craven,2720.0,1,2.0,1618.0,26379.0,0.0,2,1360.0,2720.0,2.0,1618.0,26379.0,0,0,0,0,5816.153928035648
Swadlincote,34565.0,6,3.5,114.33333333333333,14150.833333333334,0.0,7,4937.857142857143,34565.0,3.5,114.33333333333333,14150.833333333334,0,0,0,0,9616.105861779788
Swaffham,8430.0,3,4.666666666666667,190.0,5673.333333333333,1.0,4,2107.5,8430.0,4.666666666666667,190.0,5673.333333333333,0,0,0,0,7543.756750939691
Swallownest and Aston,14910.0,2,3.0,193.0,13875.0,0.0,3,4970.0,14910.0,3.0,193.0,13875.0,0,0,0,0,9096.657017624859
Swanage,9110.0,3,3.0,142.0,21508.333333333332,1.0,4,2277.5,9110.0,3.0,142.0,21508.333333333332,0,0,0,0,7538.763834042178
Swanland,3960.0,1,1.0,2036.0,31390.0,1.0,2,1980.0,3960.0,1.0,2036.0,31390.0,0,0,0,0,5894.112801954235
Swanley,17210.0,3,5.0,100.66666666666667,5993.333333333333,0.0,4,4302.5,17210.0,5.0,100.66666666666667,5993.333333333333,0,0,0,0,9419.72910625708
Swanscombe,15460.0,3,1.0,2396.6666666666665,13410.333333333334,0.0,4,3865.0,15460.0,1.0,2396.6666666666665,13410.333333333334,0,0,0,0,8491.22822049781
Sway,2435.0,1,0.0,3668.0,30491.0,1.0,2,1217.5,2435.0,0.0,3668.0,30491.0,0,0,0,0,5910.057833039907
Swillington,3075.0,1,0.0,2601.0,15358.0,1.0,2,1537.5,3075.0,0.0,2601.0,15358.0,0,0,0,0,6753.132473924992
Swindon (Swindon),183680.0,33,4.545454545454546,331.7878787878788,14672.878787878788,0.0,34,5402.35294117647,183680.0,4.545454545454546,331.7878787878788,14672.878787878788,0,0,0,0,8092.222489660925
Swineshead,2650.0,1,1.0,785.0,8555.0,1.0,2,1325.0,2650.0,1.0,785.0,8555.0,0,0,0,0,6626.538326139624
Swinton (Rotherham),15910.0,2,1.5,31.0,6850.0,0.0,3,5303.333333333333,15910.0,1.5,31.0,6850.0,0,0,0,0,10331.892094791541
Swinton (Salford),22885.0,5,8.0,120.6,12152.0,0.0,6,3814.1666666666665,22885.0,8.0,120.6,12152.0,0,0,0,0,8953.149877150045
Syston,13620.0,3,3.6666666666666665,139.0,16792.0,0.0,4,3405.0,13620.0,3.6666666666666665,139.0,16792.0,0,0,0,0,8644.106790815651
Tadcaster,6340.0,1,2.0,336.0,22611.0,1.0,2,3170.0,6340.0,2.0,336.0,22611.0,0,0,0,0,7813.964700282081
Tadley,14760.0,2,1.5,528.5,21324.5,0.0,3,4920.0,14760.0,1.5,528.5,21324.5,0,0,0,0,8310.532649092105
Tadworth and Epsom Downs,27095.0,6,1.6666666666666667,709.5,30146.166666666668,0.0,7,3870.714285714286,27095.0,1.6666666666666667,709.5,30146.166666666668,0,0,0,0,7821.565109837284
Takeley and Little Canfield,5550.0,1,0.0,3131.0,18384.0,1.0,2,2775.0,5550.0,0.0,3131.0,18384.0,0,0,0,0,7645.771080545752
Talke and Talke Pits,3435.0,1,2.0,421.0,19184.0,0.0,2,1717.5,3435.0,2.0,421.0,19184.0,0,0,0,0,6634.554223506816
Tamworth,76090.0,14,6.785714285714286,557.4285714285714,9823.357142857143,0.0,15,5072.666666666667,76090.0,6.785714285714286,557.4285714285714,9823.357142857143,0,0,0,0,7994.855614203844
Tarleton and Hesketh Bank,8755.0,2,0.5,1133.0,26851.5,1.0,3,2918.3333333333335,8755.0,0.5,1133.0,26851.5,0,0,0,0,7074.954272114884
Tarporley,3210.0,1,1.0,173.0,32514.0,1.0,2,1605.0,3210.0,1.0,173.0,32514.0,0,0,0,0,6466.461749846281
Tarvin,2745.0,1,0.0,3289.0,28822.0,1.0,2,1372.5,2745.0,0.0,3289.0,28822.0,0,0,0,0,6038.318288473746
Tattenhall,2295.0,1,0.0,7881.0,22465.0,1.0,2,1147.5,2295.0,0.0,7881.0,22465.0,0,0,0,0,6482.354542480437
Taunton,61665.0,12,4.083333333333333,308.1666666666667,12665.583333333334,0.0,13,4743.461538461538,61665.0,4.083333333333333,308.1666666666667,12665.583333333334,0,0,0,0,8613.155729107257
Taverham and Drayton,14985.0,2,1.5,297.5,24739.5,0.0,3,4995.0,14985.0,1.5,297.5,24739.5,0,0,0,0,8567.796103245126
Tavistock,12670.0,4,4.5,371.25,17393.25,0.0,5,2534.0,12670.0,4.5,371.25,17393.25,0,0,0,0,7553.818134089555
Teignmouth,15315.0,4,2.25,407.25,6117.5,0.0,5,3063.0,15315.0,2.25,407.25,6117.5,0,0,0,0,8391.235879794069
Telford,156910.0,32,2.84375,643.5,12760.84375,0.0,33,4754.848484848485,156910.0,2.84375,643.5,12760.84375,0,0,0,0,7967.285806823604
Telscombe Cliffs,4235.0,1,3.0,954.0,11919.0,0.0,2,2117.5,4235.0,3.0,954.0,11919.0,0,0,0,0,6766.832171629704
Tenbury Wells,3935.0,1,2.0,110.0,15929.0,1.0,2,1967.5,3935.0,2.0,110.0,15929.0,0,0,0,0,7666.819827371662
Tenterden,7775.0,2,3.5,142.0,23521.0,1.0,3,2591.6666666666665,7775.0,3.5,142.0,23521.0,0,0,0,0,7794.330482312459
Terrington St Clement,2790.0,1,1.0,583.0,11077.0,1.0,2,1395.0,2790.0,1.0,583.0,11077.0,0,0,0,0,6881.383744494357
Tetbury,6455.0,1,1.0,525.0,31147.0,1.0,2,3227.5,6455.0,1.0,525.0,31147.0,0,0,0,0,7116.961217101217
Tewkesbury,14390.0,4,2.25,382.0,13469.25,0.0,5,2878.0,14390.0,2.25,382.0,13469.25,0,0,0,0,7668.702482009571
Teynham,3125.0,1,0.0,4116.0,11532.0,1.0,2,1562.5,3125.0,0.0,4116.0,11532.0,0,0,0,0,6886.669264075283
Thame,12945.0,2,3.0,431.5,25383.5,0.0,3,4315.0,12945.0,3.0,431.5,25383.5,0,0,0,0,8008.59474838203
Thatcham,25550.0,2,2.5,197.5,26419.0,0.0,3,8516.666666666666,25550.0,2.5,197.5,26419.0,0,0,0,0,9777.249497049503
Thaxted,3115.0,1,1.0,221.0,25008.0,1.0,2,1557.5,3115.0,1.0,221.0,25008.0,0,0,0,0,6235.914227298889
Theale (West Berkshire),3055.0,1,1.0,388.0,22995.0,1.0,2,1527.5,3055.0,1.0,388.0,22995.0,0,0,0,0,6132.039170898283
Thetford,25510.0,4,8.0,174.5,12551.25,0.0,5,5102.0,25510.0,8.0,174.5,12551.25,0,0,0,0,9384.0699464554
Theydon Bois,3540.0,1,0.0,2063.0,26585.0,1.0,2,1770.0,3540.0,0.0,2063.0,26585.0,0,0,0,0,5963.109072846988
Thirsk,5890.0,1,4.0,75.0,14982.0,0.0,2,2945.0,5890.0,4.0,75.0,14982.0,0,0,0,0,9097.84128754507
Thornaby-on-Tees,23350.0,5,2.0,701.4,3683.6,0.0,6,3891.6666666666665,23350.0,2.0,701.4,3683.6,0,0,0,0,8819.60610276602
Thornbury,14485.0,3,4.666666666666667,143.66666666666666,18611.0,0.0,4,3621.25,14485.0,4.666666666666667,143.66666666666666,18611.0,0,0,0,0,8847.130254443191
Thorne,12305.0,3,2.0,250.66666666666666,8309.0,0.0,4,3076.25,12305.0,2.0,250.66666666666666,8309.0,0,0,0,0,8220.211587322288
Thorney,1655.0,1,1.0,232.0,15328.0,1.0,2,827.5,1655.0,1.0,232.0,15328.0,0,0,0,0,6188.237979188225
Thorngumbald,2815.0,1,1.0,3381.0,22697.0,1.0,2,1407.5,2815.0,1.0,3381.0,22697.0,0,0,0,0,6244.345554258705
Thornley,2545.0,1,0.0,3469.0,7529.0,1.0,2,1272.5,2545.0,0.0,3469.0,7529.0,0,0,0,0,6562.304056971293
Thornton (Bradford),5410.0,1,0.0,2497.0,5816.0,0.0,2,2705.0,5410.0,0.0,2497.0,5816.0,0,0,0,0,8420.104502920089
Thornton (Wyre),19270.0,2,2.5,369.5,16151.0,0.0,3,6423.333333333333,19270.0,2.5,369.5,16151.0,0,0,0,0,9126.24579252416
Thornton-le-Dale,1855.0,1,0.0,3988.0,24919.0,1.0,2,927.5,1855.0,0.0,3988.0,24919.0,0,0,0,0,5452.541909546475
Thorpe Hesley,4155.0,1,1.0,0.0,27071.0,1.0,2,2077.5,4155.0,1.0,0.0,27071.0,0,0,0,0,7877.647974553513
Thorpe Willoughby,3485.0,1,1.0,2944.0,23516.0,1.0,2,1742.5,3485.0,1.0,2944.0,23516.0,0,0,0,0,6136.531454891593
Thorpe on the Hill (Leeds),1230.0,1,0.0,1688.0,13378.0,1.0,2,615.0,1230.0,0.0,1688.0,13378.0,0,0,0,0,6046.784184076751
Thorpe-le-Soken,1590.0,1,1.0,120.0,7289.0,1.0,2,795.0,1590.0,1.0,120.0,7289.0,0,0,0,0,7476.3595202628585
Thrapston,7245.0,1,2.0,303.0,23211.0,1.0,2,3622.5,7245.0,2.0,303.0,23211.0,0,0,0,0,8072.606340563289
Threemilestone,2855.0,1,0.0,1273.0,26413.0,0.0,2,1427.5,2855.0,0.0,1273.0,26413.0,0,0,0,0,5898.873969880071
Throckley,6210.0,1,1.0,0.0,2507.0,1.0,2,3105.0,6210.0,1.0,0.0,2507.0,0,0,0,0,10949.946332313652
Thrybergh and Dalton,5860.0,3,1.3333333333333333,521.3333333333334,1038.6666666666667,0.0,4,1465.0,5860.0,1.3333333333333333,521.3333333333334,1038.6666666666667,0,0,0,0,7890.940379483783
Thundersley and South Benfleet,49885.0,10,3.8,225.7,18893.9,0.0,11,4535.0,49885.0,3.8,225.7,18893.9,0,0,0,0,8622.767323204605
Thurcroft,6100.0,1,2.0,351.0,3745.0,1.0,2,3050.0,6100.0,2.0,351.0,3745.0,0,0,0,0,8746.111932538484
Thurmaston,9505.0,5,3.6,636.2,20778.8,0.0,6,1584.1666666666667,9505.0,3.6,636.2,20778.8,0,0,0,0,6077.247841051963
Thurnscoe,9135.0,2,3.5,71.0,1506.5,0.0,3,3045.0,9135.0,3.5,71.0,1506.5,0,0,0,0,10189.785188447586
Thurston,3010.0,1,0.0,4640.0,27746.0,1.0,2,1505.0,3010.0,0.0,4640.0,27746.0,0,0,0,0,6038.318288473746
Tibshelf,4350.0,1,1.0,0.0,12041.0,1.0,2,2175.0,4350.0,1.0,0.0,12041.0,0,0,0,0,9646.44494908644
Ticehurst,1465.0,1,0.0,5012.0,15051.0,1.0,2,732.5,1465.0,0.0,5012.0,15051.0,0,0,0,0,6117.808131776498
Tickhill,4915.0,1,1.0,66.0,18492.0,1.0,2,2457.5,4915.0,1.0,66.0,18492.0,0,0,0,0,8775.70281868218
Tideswell,1555.0,1,0.0,6714.0,27593.0,1.0,2,777.5,1555.0,0.0,6714.0,27593.0,0,0,0,0,5381.607232596204
Tidworth,10690.0,1,1.0,667.0,27525.0,0.0,2,5345.0,10690.0,1.0,667.0,27525.0,0,0,0,0,8093.640376479885
Tilbury,14185.0,1,7.0,194.0,12712.0,0.0,2,7092.5,14185.0,7.0,194.0,12712.0,0,0,0,0,9979.26509772485
Tilney St Lawrence,1505.0,1,1.0,213.0,10265.0,1.0,2,752.5,1505.0,1.0,213.0,10265.0,0,0,0,0,6321.774769338515
Timsbury (Bath and North East Somerset),2505.0,1,1.0,181.0,18715.0,1.0,2,1252.5,2505.0,1.0,181.0,18715.0,0,0,0,0,7493.873551712513
Tintagel,760.0,1,0.0,4766.0,10473.0,1.0,2,380.0,760.0,0.0,4766.0,10473.0,0,0,0,0,5186.671891766262
Tipton,47200.0,6,3.1666666666666665,213.33333333333334,5326.333333333333,0.0,7,6742.857142857143,47200.0,3.1666666666666665,213.33333333333334,5326.333333333333,0,0,0,0,9729.300016574867
Tiptree,9300.0,2,2.0,13.5,19512.0,1.0,3,3100.0,9300.0,2.0,13.5,19512.0,0,0,0,0,9697.30609993172
Tisbury,2270.0,1,1.0,260.0,18147.0,1.0,2,1135.0,2270.0,1.0,260.0,18147.0,0,0,0,0,6853.96090820246
Todmorden,12970.0,3,3.0,145.66666666666666,6768.666666666667,0.0,4,3242.5,12970.0,3.0,145.66666666666666,6768.666666666667,0,0,0,0,9149.712234006525
Tollesbury,2810.0,1,1.0,210.0,26170.0,1.0,2,1405.0,2810.0,1.0,210.0,26170.0,0,0,0,0,6175.044984643628
Tolleshunt Major,445.0,1,0.0,4955.0,14436.0,1.0,2,222.5,445.0,0.0,4955.0,14436.0,0,0,0,0,5427.279664869262
Tonbridge,36125.0,7,4.714285714285714,101.14285714285714,17829.85714285714,0.0,8,4515.625,36125.0,4.714285714285714,101.14285714285714,17829.85714285714,0,0,0,0,9185.978260935963
Topsham,4190.0,1,1.0,227.0,28099.0,0.0,2,2095.0,4190.0,1.0,227.0,28099.0,0,0,0,0,6350.346729393273
Torpoint,7160.0,2,1.0,783.5,13251.5,1.0,3,2386.6666666666665,7160.0,1.0,783.5,13251.5,0,0,0,0,7239.114763145043
Torquay,52035.0,13,4.846153846153846,693.4615384615385,6994.923076923077,0.0,14,3716.785714285714,52035.0,4.846153846153846,693.4615384615385,6994.923076923077,0,0,0,0,8051.887874981073
Totnes,9215.0,2,4.0,263.5,15080.0,1.0,3,3071.6666666666665,9215.0,4.0,263.5,15080.0,0,0,0,0,8054.186456947417
Totton,28090.0,3,1.3333333333333333,401.0,15273.0,0.0,4,7022.5,28090.0,1.3333333333333333,401.0,15273.0,0,0,0,0,9155.01303940432
Tow Law,1795.0,1,1.0,5678.0,6236.0,1.0,2,897.5,1795.0,1.0,5678.0,6236.0,0,0,0,0,6794.705273879247
Towcester,11330.0,2,3.0,337.0,25129.5,0.0,3,3776.6666666666665,11330.0,3.0,337.0,25129.5,0,0,0,0,8202.179672483982
Treeton,3270.0,1,2.0,69.0,4020.0,0.0,2,1635.0,3270.0,2.0,69.0,4020.0,0,0,0,0,8916.388791522084
Trimdon,2840.0,1,0.0,4271.0,11250.0,1.0,2,1420.0,2840.0,0.0,4271.0,11250.0,0,0,0,0,6961.878479702041
Trimdon Colliery,1790.0,1,0.0,2476.0,4275.0,1.0,2,895.0,1790.0,0.0,2476.0,4275.0,0,0,0,0,6933.090602116659
Tring,11960.0,3,3.0,386.3333333333333,31356.333333333332,0.0,4,2990.0,11960.0,3.0,386.3333333333333,31356.333333333332,0,0,0,0,6449.74403127067
Troon (Cornwall),1400.0,1,0.0,2150.0,9858.0,0.0,2,700.0,1400.0,0.0,2150.0,9858.0,0,0,0,0,6251.344921926789
Trowbridge,43750.0,7,6.857142857142857,596.0,13264.857142857143,0.0,8,5468.75,43750.0,6.857142857142857,596.0,13264.857142857143,0,0,0,0,8475.414951340153
Truro,23060.0,5,7.4,195.6,8602.0,0.0,6,3843.3333333333335,23060.0,7.4,195.6,8602.0,0,0,0,0,8383.143931466671
Tutbury,3675.0,1,3.0,109.0,15001.0,1.0,2,1837.5,3675.0,3.0,109.0,15001.0,0,0,0,0,7596.756126197413
Tutshill and Sedbury,3620.0,1,0.0,1538.0,14533.0,0.0,2,1810.0,3620.0,0.0,1538.0,14533.0,0,0,0,0,6682.108526225245
Tuxford,2810.0,1,2.0,538.0,18914.0,1.0,2,1405.0,2810.0,2.0,538.0,18914.0,0,0,0,0,6709.763439133574
Twyford (Winchester),1480.0,1,1.0,0.0,32351.0,1.0,2,740.0,1480.0,1.0,0.0,32351.0,0,0,0,0,7035.498424546804
Twyford (Wokingham),8070.0,3,2.0,425.0,32672.0,1.0,4,2017.5,8070.0,2.0,425.0,32672.0,0,0,0,0,5916.447625724723
Tyldesley,16205.0,3,4.0,71.0,7646.666666666667,0.0,4,4051.25,16205.0,4.0,71.0,7646.666666666667,0,0,0,0,9994.976081303048
Tynemouth,60605.0,10,3.5,660.4,11280.8,0.0,11,5509.545454545455,60605.0,3.5,660.4,11280.8,0,0,0,0,8248.390659488392
Tywardreath,2585.0,1,3.0,991.0,16897.0,1.0,2,1292.5,2585.0,3.0,991.0,16897.0,0,0,0,0,6594.089627718354
Uckfield,15035.0,4,3.5,235.75,29340.0,0.0,5,3007.0,15035.0,3.5,235.75,29340.0,0,0,0,0,7338.876570998158
Ulverston,11220.0,2,5.0,226.5,19774.0,0.0,3,3740.0,11220.0,5.0,226.5,19774.0,0,0,0,0,8385.87680612086
Upper Beeding,3100.0,1,0.0,1931.0,20647.0,1.0,2,1550.0,3100.0,0.0,1931.0,20647.0,0,0,0,0,6501.308976426201
Upper Heyford,2480.0,1,0.0,7025.0,23840.0,1.0,2,1240.0,2480.0,0.0,7025.0,23840.0,0,0,0,0,6109.252965424017
Upper Poppleton,3520.0,1,0.0,2446.0,28981.0,0.0,2,1760.0,3520.0,0.0,2446.0,28981.0,0,0,0,0,5963.109072846988
Upper Rissington,2000.0,1,0.0,3998.0,21752.0,1.0,2,1000.0,2000.0,0.0,3998.0,21752.0,0,0,0,0,5749.592453145541
Upper Tean,3245.0,1,1.0,118.0,27799.0,1.0,2,1622.5,3245.0,1.0,118.0,27799.0,0,0,0,0,6636.743465684713
Uppermill,11200.0,3,1.3333333333333333,488.0,25896.666666666668,0.0,4,2800.0,11200.0,1.3333333333333333,488.0,25896.666666666668,0,0,0,0,7061.121258769983
Uppingham,4275.0,2,3.0,391.0,27558.0,1.0,3,1425.0,4275.0,3.0,391.0,27558.0,0,0,0,0,6034.382148142793
Upton (Dorset),8400.0,1,0.0,2046.0,15424.0,0.0,2,4200.0,8400.0,0.0,2046.0,15424.0,0,0,0,0,8858.440039681927
Upton (Wakefield),6330.0,1,0.0,3064.0,6029.0,1.0,2,3165.0,6330.0,0.0,3064.0,6029.0,0,0,0,0,8666.331326903706
Upton upon Severn,2405.0,1,0.0,1031.0,16672.0,1.0,2,1202.5,2405.0,0.0,1031.0,16672.0,0,0,0,0,6630.992301489891
Upwell and Outwell,3665.0,1,1.0,0.0,4162.0,1.0,2,1832.5,3665.0,1.0,0.0,4162.0,0,0,0,0,9779.457657285147
Urmston,41740.0,9,5.333333333333333,347.44444444444446,21148.777777777777,0.0,10,4174.0,41740.0,5.333333333333333,347.44444444444446,21148.777777777777,0,0,0,0,7792.12703149479
Ushaw Moor and Bearpark,6480.0,1,1.0,772.0,11156.0,1.0,2,3240.0,6480.0,1.0,772.0,11156.0,0,0,0,0,7887.067898420445
Uttoxeter,14020.0,4,6.0,111.75,21173.0,0.0,5,2804.0,14020.0,6.0,111.75,21173.0,0,0,0,0,8152.05930041715
Ventnor,5565.0,1,2.0,146.0,3423.0,1.0,2,2782.5,5565.0,2.0,146.0,3423.0,0,0,0,0,9047.332373969566
Verwood,13710.0,2,4.0,314.0,28676.5,0.0,3,4570.0,13710.0,4.0,314.0,28676.5,0,0,0,0,8193.633484379732
Vigo Village,2005.0,1,0.0,4292.0,27785.0,1.0,2,1002.5,2005.0,0.0,4292.0,27785.0,0,0,0,0,5381.607232596204
Virginia Water,5185.0,1,1.0,51.0,32196.0,0.0,2,2592.5,5185.0,1.0,51.0,32196.0,0,0,0,0,7874.932131775188
Waddington (North Kesteven),6830.0,1,1.0,982.0,23115.0,0.0,2,3415.0,6830.0,1.0,982.0,23115.0,0,0,0,0,7265.528350363217
Wadebridge,5625.0,2,2.0,80.5,13666.0,1.0,3,1875.0,5625.0,2.0,80.5,13666.0,0,0,0,0,8457.371639281477
Wadhurst,3410.0,1,1.0,56.0,24709.0,1.0,2,1705.0,3410.0,1.0,56.0,24709.0,0,0,0,0,7223.127926888999
Wainfleet All Saints,1800.0,1,0.0,6812.0,482.0,1.0,2,900.0,1800.0,0.0,6812.0,482.0,0,0,0,0,8234.84010780072
Wakefield,97870.0,20,5.4,362.1,11439.25,0.0,21,4660.476190476191,97870.0,5.4,362.1,11439.25,0,0,0,0,8258.610708328322
Walkden,18690.0,4,5.0,92.25,11109.75,0.0,5,3738.0,18690.0,5.0,92.25,11109.75,0,0,0,0,9121.350267029578
Wallasey,85610.0,20,5.35,261.75,6820.75,0.0,21,4076.6666666666665,85610.0,5.35,261.75,6820.75,0,0,0,0,8429.717198506409
Wallingford,8455.0,1,2.0,635.0,22592.0,1.0,2,4227.5,8455.0,2.0,635.0,22592.0,0,0,0,0,8378.905827496475
Wallsend,45355.0,12,4.083333333333333,425.5,9613.666666666666,0.0,13,3488.846153846154,45355.0,4.083333333333333,425.5,9613.666666666666,0,0,0,0,7821.217641629034
Walsall,70775.0,22,13.954545454545455,252.0,4260.772727272727,0.0,23,3077.1739130434785,70775.0,13.954545454545455,252.0,4260.772727272727,0,0,0,0,7521.352297419489
Waltham,6200.0,1,0.0,2265.0,12026.0,0.0,2,3100.0,6200.0,0.0,2265.0,12026.0,0,0,0,0,8023.621570517056
Waltham Abbey,18645.0,3,1.6666666666666667,148.0,11390.666666666666,0.0,4,4661.25,18645.0,1.6666666666666667,148.0,11390.666666666666,0,0,0,0,9500.992985456958
Waltham Cross,11940.0,3,5.0,48.333333333333336,11162.0,0.0,4,2985.0,11940.0,5.0,48.333333333333336,11162.0,0,0,0,0,9128.36431497662
Walton (Wakefield),3265.0,1,0.0,2303.0,17701.0,1.0,2,1632.5,3265.0,0.0,2303.0,17701.0,0,0,0,0,6753.132473924992
Walton-on-Thames,27020.0,5,4.0,669.0,20994.8,0.0,6,4503.333333333333,27020.0,4.0,669.0,20994.8,0,0,0,0,7885.681010498851
Walton-on-the-Naze,6990.0,1,1.0,141.0,3647.0,0.0,2,3495.0,6990.0,1.0,141.0,3647.0,0,0,0,0,9569.0028193087
Wansford,505.0,1,1.0,0.0,23484.0,1.0,2,252.5,505.0,1.0,0.0,23484.0,0,0,0,0,8605.969229610682
Wantage,13105.0,3,2.0,696.0,28205.0,0.0,4,3276.25,13105.0,2.0,696.0,28205.0,0,0,0,0,6958.507039420056
Warboys,4320.0,1,1.0,500.0,15374.0,1.0,2,2160.0,4320.0,1.0,500.0,15374.0,0,0,0,0,6882.206531941862
Ware,19625.0,4,7.0,126.75,24386.0,0.0,5,3925.0,19625.0,7.0,126.75,24386.0,0,0,0,0,8629.495127260136
Wareham,5880.0,2,2.0,483.5,15410.0,1.0,3,1960.0,5880.0,2.0,483.5,15410.0,0,0,0,0,6800.952589956754
Wargrave,2895.0,1,1.0,203.0,27918.0,1.0,2,1447.5,2895.0,1.0,203.0,27918.0,0,0,0,0,6214.806310356523
Warlingham,8920.0,1,3.0,328.0,28922.0,0.0,2,4460.0,8920.0,3.0,328.0,28922.0,0,0,0,0,8151.976968595518
Warminster,18020.0,3,2.0,609.6666666666666,18890.0,0.0,4,4505.0,18020.0,2.0,609.6666666666666,18890.0,0,0,0,0,8231.973449997615
Warmsworth,11315.0,2,0.5,912.0,3448.0,0.0,3,3771.6666666666665,11315.0,0.5,912.0,3448.0,0,0,0,0,8739.641427686813
Warrington,174970.0,35,6.542857142857143,319.48571428571427,15804.914285714285,0.0,36,4860.277777777777,174970.0,6.542857142857143,319.48571428571427,15804.914285714285,0,0,0,0,8141.01149654384
Warwick,36680.0,8,2.75,350.75,27229.25,0.0,9,4075.5555555555557,36680.0,2.75,350.75,27229.25,0,0,0,0,7677.521616198091
Washingborough and Heighington,6385.0,1,1.0,324.0,32222.0,1.0,2,3192.5,6385.0,1.0,324.0,32222.0,0,0,0,0,7243.252660596684
Washington,51320.0,6,2.5,341.6666666666667,9981.833333333334,0.0,7,7331.428571428572,51320.0,2.5,341.6666666666667,9981.833333333334,0,0,0,0,9302.838408069818
Watchet,3640.0,1,0.0,2368.0,8349.0,1.0,2,1820.0,3640.0,0.0,2368.0,8349.0,0,0,0,0,6943.944020582351
Water Orton,3480.0,1,1.0,338.0,22205.0,0.0,2,1740.0,3480.0,1.0,338.0,22205.0,0,0,0,0,6444.154292836061
Waterbeach,5375.0,1,2.0,578.0,31700.0,1.0,2,2687.5,5375.0,2.0,578.0,31700.0,0,0,0,0,6854.0222612169855
Waterlooville,34775.0,7,1.8571428571428572,724.7142857142857,17168.714285714286,0.0,8,4346.875,34775.0,1.8571428571428572,724.7142857142857,17168.714285714286,0,0,0,0,8248.703627840163
Watford (Watford),131325.0,30,5.766666666666667,626.2333333333333,17357.866666666665,0.0,31,4236.290322580645,131325.0,5.766666666666667,626.2333333333333,17357.866666666665,0,0,0,0,7702.498650368727
Wath upon Dearne,16960.0,3,2.0,513.3333333333334,5082.333333333333,0.0,4,4240.0,16960.0,2.0,513.3333333333334,5082.333333333333,0,0,0,0,8690.93363269521
Watlington (King's Lynn and West Norfolk),2595.0,1,1.0,0.0,16826.0,1.0,2,1297.5,2595.0,1.0,0.0,16826.0,0,0,0,0,9197.476928798938
Watlington (South Oxfordshire),2435.0,1,0.0,6426.0,30781.0,1.0,2,1217.5,2435.0,0.0,6426.0,30781.0,0,0,0,0,6270.83247000386
Watton,11545.0,1,2.0,0.0,6399.0,0.0,2,5772.5,11545.0,2.0,0.0,6399.0,0,0,0,0,12159.31842533789
Waverley and Catcliffe,5340.0,1,2.0,924.0,4020.0,0.0,2,2670.0,5340.0,2.0,924.0,4020.0,0,0,0,0,8114.511599296397
Weaverham,6265.0,1,2.0,0.0,25553.0,1.0,2,3132.5,6265.0,2.0,0.0,25553.0,0,0,0,0,9495.561444197112
Wedmore,1425.0,1,0.0,5730.0,25333.0,1.0,2,712.5,1425.0,0.0,5730.0,25333.0,0,0,0,0,5452.541909546475
Wednesbury,20315.0,6,6.333333333333333,399.8333333333333,4802.333333333333,0.0,7,2902.1428571428573,20315.0,6.333333333333333,399.8333333333333,4802.333333333333,0,0,0,0,8209.006520400724
Weedon Bec,2855.0,1,1.0,393.0,21896.0,1.0,2,1427.5,2855.0,1.0,393.0,21896.0,0,0,0,0,6423.0288431871295
Welham Green,2965.0,1,0.0,1101.0,22000.0,1.0,2,1482.5,2965.0,0.0,1101.0,22000.0,0,0,0,0,6307.355031771909
Wellesbourne,7020.0,1,1.0,0.0,21420.0,1.0,2,3510.0,7020.0,1.0,0.0,21420.0,0,0,0,0,10058.556854245368
Wellingborough,54425.0,10,3.6,408.9,10984.6,0.0,11,4947.727272727273,54425.0,3.6,408.9,10984.6,0,0,0,0,8350.698666371587
Wells,12105.0,3,3.0,450.3333333333333,14716.0,0.0,4,3026.25,12105.0,3.0,450.3333333333333,14716.0,0,0,0,0,7805.832762703139
Wells-next-the-Sea,2150.0,1,1.0,89.0,19309.0,1.0,2,1075.0,2150.0,1.0,89.0,19309.0,0,0,0,0,7530.820047787464
Welton (West Lindsey),4585.0,1,1.0,234.0,31462.0,1.0,2,2292.5,4585.0,1.0,234.0,31462.0,0,0,0,0,6333.578136670066
Welwyn,3905.0,1,5.0,0.0,27770.0,0.0,2,1952.5,3905.0,5.0,0.0,27770.0,0,0,0,0,8280.422653710259
Welwyn Garden City,51505.0,7,5.285714285714286,649.7142857142857,15240.42857142857,0.0,8,6438.125,51505.0,5.285714285714286,649.7142857142857,15240.42857142857,0,0,0,0,8773.081856681774
Wem,6280.0,1,2.0,0.0,23737.0,1.0,2,3140.0,6280.0,2.0,0.0,23737.0,0,0,0,0,9495.561444197112
Wendover,8730.0,1,1.0,373.0,25451.0,1.0,2,4365.0,8730.0,1.0,373.0,25451.0,0,0,0,0,8342.710106887931
Werrington,6010.0,1,2.0,0.0,29275.0,0.0,2,3005.0,6010.0,2.0,0.0,29275.0,0,0,0,0,9244.747227164513
Wesham,4475.0,1,5.0,764.0,13612.0,0.0,2,2237.5,4475.0,5.0,764.0,13612.0,0,0,0,0,6636.889440852208
West Bergholt,3175.0,1,0.0,2910.0,24483.0,1.0,2,1587.5,3175.0,0.0,2910.0,24483.0,0,0,0,0,6034.043749797259
West Bridgford,36490.0,10,4.5,665.6,27622.0,0.0,11,3317.2727272727275,36490.0,4.5,665.6,27622.0,0,0,0,0,6919.992721347766
West Bromwich,103110.0,24,7.458333333333333,369.0833333333333,4890.375,0.0,25,4124.4,103110.0,7.458333333333333,369.0833333333333,4890.375,0,0,0,0,7946.920176399008
West End (Eastleigh),10870.0,2,0.5,1317.0,25445.5,0.0,3,3623.3333333333335,10870.0,0.5,1317.0,25445.5,0,0,0,0,7418.407545251255
West End and Chobham,8875.0,2,1.0,1067.0,25294.0,0.0,3,2958.3333333333335,8875.0,1.0,1067.0,25294.0,0,0,0,0,7159.534845188328
West Hallam,5910.0,1,2.0,0.0,29988.0,1.0,2,2955.0,5910.0,2.0,0.0,29988.0,0,0,0,0,9262.089819442717
West Kingsdown,4310.0,1,0.0,3428.0,25682.0,1.0,2,2155.0,4310.0,0.0,3428.0,25682.0,0,0,0,0,6148.458719185077
West Kirby,13380.0,4,5.0,267.75,20639.75,0.0,5,2676.0,13380.0,5.0,267.75,20639.75,0,0,0,0,7628.417337334614
West Malling,4255.0,1,0.0,2277.0,16448.0,1.0,2,2127.5,4255.0,0.0,2277.0,16448.0,0,0,0,0,6867.54744331281
West Mersea,7065.0,3,3.0,149.33333333333334,22712.0,1.0,4,1766.25,7065.0,3.0,149.33333333333334,22712.0,0,0,0,0,7093.07477400361
West Molesey,47150.0,5,2.8,284.8,28125.2,0.0,6,7858.333333333333,47150.0,2.8,284.8,28125.2,0,0,0,0,9417.328525232284
West Moors,10425.0,2,1.0,358.5,19449.0,0.0,3,3475.0,10425.0,1.0,358.5,19449.0,0,0,0,0,7929.318197789027
West Parley,3660.0,1,0.0,1987.0,28276.0,0.0,2,1830.0,3660.0,0.0,1987.0,28276.0,0,0,0,0,5963.109072846988
West Rainton,2325.0,1,1.0,143.0,16260.0,1.0,2,1162.5,2325.0,1.0,143.0,16260.0,0,0,0,0,7449.062922951496
West Wellow,1585.0,1,0.0,5776.0,21882.0,1.0,2,792.5,1585.0,0.0,5776.0,21882.0,0,0,0,0,5749.592453145541
Westbourne,1940.0,1,0.0,1579.0,22097.0,0.0,2,970.0,1940.0,0.0,1579.0,22097.0,0,0,0,0,5678.5685054457945
Westbury (Wiltshire),16395.0,3,0.3333333333333333,1067.3333333333333,19110.0,0.0,4,4098.75,16395.0,0.3333333333333333,1067.3333333333333,19110.0,0,0,0,0,8196.863588775534
Westerham,3390.0,1,1.0,90.0,28106.0,1.0,2,1695.0,3390.0,1.0,90.0,28106.0,0,0,0,0,6636.743465684713
Westham,1860.0,1,0.0,1400.0,19120.0,0.0,2,930.0,1860.0,0.0,1400.0,19120.0,0,0,0,0,5973.546729982743
Westhoughton,21960.0,4,2.5,492.75,21158.5,0.0,5,4392.0,21960.0,2.5,492.75,21158.5,0,0,0,0,8088.137899567359
Weston (Dorset),5210.0,1,1.0,102.0,15997.0,1.0,2,2605.0,5210.0,1.0,102.0,15997.0,0,0,0,0,8423.229711280903
Weston-super-Mare,84605.0,17,3.235294117647059,430.1764705882353,9360.411764705883,0.0,18,4700.277777777777,84605.0,3.235294117647059,430.1764705882353,9360.411764705883,0,0,0,0,8194.353368870487
Westward Ho!,3470.0,1,0.0,1645.0,10680.0,0.0,2,1735.0,3470.0,0.0,1645.0,10680.0,0,0,0,0,6815.645316375536
Wetherby,11710.0,2,4.0,53.0,18917.0,0.0,3,3903.3333333333335,11710.0,4.0,53.0,18917.0,0,0,0,0,10112.804849656573
Weybourne (Waverley),11240.0,1,0.0,1937.0,26254.0,0.0,2,5620.0,11240.0,0.0,1937.0,26254.0,0,0,0,0,9037.466128901637
Weybridge,15915.0,4,2.0,712.0,31129.5,0.0,5,3183.0,15915.0,2.0,712.0,31129.5,0,0,0,0,6725.790324603687
Weymouth,55535.0,14,3.5714285714285716,1060.5,11375.214285714286,0.0,15,3702.3333333333335,55535.0,3.5714285714285716,1060.5,11375.214285714286,0,0,0,0,7766.116306006764
Whaley Bridge,4615.0,1,1.0,112.0,24300.0,1.0,2,2307.5,4615.0,1.0,112.0,24300.0,0,0,0,0,7066.10161226114
Whalley,3410.0,1,1.0,0.0,18603.0,1.0,2,1705.0,3410.0,1.0,0.0,18603.0,0,0,0,0,9122.267713172183
Wheathampstead,4525.0,1,0.0,4059.0,30440.0,1.0,2,2262.5,4525.0,0.0,4059.0,30440.0,0,0,0,0,6071.554966144761
Wheatley,4305.0,1,3.0,0.0,32399.0,1.0,2,2152.5,4305.0,3.0,0.0,32399.0,0,0,0,0,8015.491544233519
Wheatley Hill,3150.0,1,0.0,2590.0,1217.0,1.0,2,1575.0,3150.0,0.0,2590.0,1217.0,0,0,0,0,8338.102175573453
Wheaton Aston,2000.0,1,1.0,4440.0,22361.0,1.0,2,1000.0,2000.0,1.0,4440.0,22361.0,0,0,0,0,5816.631613466202
Whickham,15685.0,3,2.0,388.0,18195.666666666668,0.0,4,3921.25,15685.0,2.0,388.0,18195.666666666668,0,0,0,0,8704.81875801484
Whiston,3935.0,1,0.0,1478.0,16643.0,0.0,2,1967.5,3935.0,0.0,1478.0,16643.0,0,0,0,0,6523.637322246752
Whitburn (South Tyneside),5090.0,1,1.0,251.0,16700.0,0.0,2,2545.0,5090.0,1.0,251.0,16700.0,0,0,0,0,7812.535593233169
Whitby,12595.0,4,2.75,600.5,13801.25,0.0,5,2519.0,12595.0,2.75,600.5,13801.25,0,0,0,0,7600.831449643068
Whitchurch (Basingstoke and Deane),5290.0,1,1.0,95.0,31587.0,1.0,2,2645.0,5290.0,1.0,95.0,31587.0,0,0,0,0,7534.3106325837
Whitchurch (Shropshire),9855.0,3,3.0,90.0,10542.0,1.0,4,2463.75,9855.0,3.0,90.0,10542.0,0,0,0,0,7999.6773116599625
Whitefield,22185.0,3,2.3333333333333335,426.0,15512.0,0.0,4,5546.25,22185.0,2.3333333333333335,426.0,15512.0,0,0,0,0,8651.586352464265
Whitehaven,22945.0,7,4.0,774.7142857142857,6373.714285714285,0.0,8,2868.125,22945.0,4.0,774.7142857142857,6373.714285714285,0,0,0,0,8048.04503238918
Whitehill (County Durham),1680.0,1,3.0,107.0,6018.0,1.0,2,840.0,1680.0,3.0,107.0,6018.0,0,0,0,0,7476.3595202628585
Whiteley,9350.0,2,1.0,571.5,29533.5,0.0,3,3116.6666666666665,9350.0,1.0,571.5,29533.5,0,0,0,0,7917.862915861743
Whitfield (Dover),6510.0,1,0.0,1806.0,14745.0,0.0,2,3255.0,6510.0,0.0,1806.0,14745.0,0,0,0,0,7890.084780366766
Whitley Bay,36880.0,9,6.666666666666667,381.0,18324.666666666668,0.0,10,3688.0,36880.0,6.666666666666667,381.0,18324.666666666668,0,0,0,0,7625.9152339327375
Whitnash,8915.0,1,4.0,627.0,27194.0,0.0,2,4457.5,8915.0,4.0,627.0,27194.0,0,0,0,0,7669.921948225531
Whitstable,32195.0,7,1.8571428571428572,1320.857142857143,19147.714285714286,0.0,8,4024.375,32195.0,1.8571428571428572,1320.857142857143,19147.714285714286,0,0,0,0,8153.013441923434
Whittington (Lichfield),2475.0,1,1.0,166.0,30172.0,1.0,2,1237.5,2475.0,1.0,166.0,30172.0,0,0,0,0,6619.598649419238
Whittle-le-Woods,4390.0,1,2.0,76.0,25882.0,0.0,2,2195.0,4390.0,2.0,76.0,25882.0,0,0,0,0,7598.281692769999
Whittlesey,13830.0,2,2.0,95.0,14937.0,0.0,3,4610.0,13830.0,2.0,95.0,14937.0,0,0,0,0,9612.605160717956
Whitwell (Bolsover),3720.0,1,0.0,2489.0,19206.0,1.0,2,1860.0,3720.0,0.0,2489.0,19206.0,0,0,0,0,6753.132473924992
Whitwick,10455.0,1,1.0,47.0,28775.0,0.0,2,5227.5,10455.0,1.0,47.0,28775.0,0,0,0,0,9246.47862797981
Whitworth,6715.0,2,2.0,50.0,10033.5,0.0,3,2238.3333333333335,6715.0,2.0,50.0,10033.5,0,0,0,0,8550.013340469228
Whyteleafe,3175.0,1,0.0,1595.0,26231.0,0.0,2,1587.5,3175.0,0.0,1595.0,26231.0,0,0,0,0,5852.323799434346
Wick (Arun),13225.0,2,0.0,1486.0,5077.0,0.0,3,4408.333333333333,13225.0,0.0,1486.0,5077.0,0,0,0,0,8720.710616978986
Wickersley and Bramley,24655.0,5,3.0,615.0,21025.4,0.0,6,4109.166666666667,24655.0,3.0,615.0,21025.4,0,0,0,0,7830.104904609311
Wickford,27535.0,7,4.428571428571429,224.71428571428572,21118.85714285714,0.0,8,3441.875,27535.0,4.428571428571429,224.71428571428572,21118.85714285714,0,0,0,0,7713.959635752253
Wickham,2170.0,1,1.0,570.0,17535.0,1.0,2,1085.0,2170.0,1.0,570.0,17535.0,0,0,0,0,7311.424558664506
Wickham Market,2230.0,1,1.0,234.0,19502.0,1.0,2,1115.0,2230.0,1.0,234.0,19502.0,0,0,0,0,6878.53523699567
Widdrington Station,2495.0,1,1.0,0.0,13698.0,1.0,2,1247.5,2495.0,1.0,0.0,13698.0,0,0,0,0,9197.476928798938
Wideopen,9145.0,1,2.0,169.0,31031.0,0.0,2,4572.5,9145.0,2.0,169.0,31031.0,0,0,0,0,8733.391701545019
Widnes,59935.0,14,5.0,200.78571428571428,5724.642857142857,0.0,15,3995.6666666666665,59935.0,5.0,200.78571428571428,5724.642857142857,0,0,0,0,8407.909904893868
Wigan,81580.0,17,7.705882352941177,306.52941176470586,9635.0,0.0,18,4532.222222222223,81580.0,7.705882352941177,306.52941176470586,9635.0,0,0,0,0,8069.8331048745595
Wigston,34730.0,7,3.0,510.42857142857144,13769.42857142857,0.0,8,4341.25,34730.0,3.0,510.42857142857144,13769.42857142857,0,0,0,0,8417.25898084403
Wigton,5395.0,2,2.0,267.5,11016.0,1.0,3,1798.3333333333333,5395.0,2.0,267.5,11016.0,0,0,0,0,7123.497477936948
Wilford,4850.0,1,2.0,1269.0,18523.0,0.0,2,2425.0,4850.0,2.0,1269.0,18523.0,0,0,0,0,6856.918289154447
Willand,3475.0,1,0.0,3054.0,32229.0,1.0,2,1737.5,3475.0,0.0,3054.0,32229.0,0,0,0,0,5824.0491007799865
Willaston (Cheshire West and Chester),2470.0,1,1.0,198.0,26506.0,1.0,2,1235.0,2470.0,1.0,198.0,26506.0,0,0,0,0,6214.806310356523
Willenhall,49580.0,10,3.5,425.9,9014.6,0.0,11,4507.272727272727,49580.0,3.5,425.9,9014.6,0,0,0,0,8136.378859221364
Willingham,3915.0,1,1.0,0.0,29088.0,1.0,2,1957.5,3915.0,1.0,0.0,29088.0,0,0,0,0,7877.647974553513
Willington (County Durham),5685.0,1,1.0,99.0,794.0,1.0,2,2842.5,5685.0,1.0,99.0,794.0,0,0,0,0,9512.35441805006
Willington (South Derbyshire),2715.0,1,1.0,0.0,31974.0,1.0,2,1357.5,2715.0,1.0,0.0,31974.0,0,0,0,0,7647.398851663328
Williton,2435.0,1,1.0,0.0,11690.0,1.0,2,1217.5,2435.0,1.0,0.0,11690.0,0,0,0,0,9290.569090722822
Wilmslow,25725.0,5,4.2,376.4,24546.4,0.0,6,4287.5,25725.0,4.2,376.4,24546.4,0,0,0,0,7798.182979444729
Wilsden,3750.0,1,1.0,0.0,20193.0,1.0,2,1875.0,3750.0,1.0,0.0,20193.0,0,0,0,0,9243.176707241082
Wilstead,2405.0,1,0.0,3656.0,29086.0,1.0,2,1202.5,2405.0,0.0,3656.0,29086.0,0,0,0,0,6038.318288473746
Wilton,4305.0,1,1.0,329.0,21755.0,1.0,2,2152.5,4305.0,1.0,329.0,21755.0,0,0,0,0,6585.107419163383
Wimborne Minster,16630.0,3,2.0,697.0,28017.666666666668,0.0,4,4157.5,16630.0,2.0,697.0,28017.666666666668,0,0,0,0,7530.318488259947
Wincanton,6745.0,2,3.0,367.0,14686.0,1.0,3,2248.3333333333335,6745.0,3.0,367.0,14686.0,0,0,0,0,6899.822469040578
Winchcombe,4340.0,1,1.0,790.0,23853.0,1.0,2,2170.0,4340.0,1.0,790.0,23853.0,0,0,0,0,6039.140863723237
Winchester,48480.0,6,3.3333333333333335,311.3333333333333,21296.833333333332,0.0,7,6925.714285714285,48480.0,3.3333333333333335,311.3333333333333,21296.833333333332,0,0,0,0,9621.81868840464
Windermere,4820.0,3,2.6666666666666665,225.0,23216.333333333332,1.0,4,1205.0,4820.0,2.6666666666666665,225.0,23216.333333333332,0,0,0,0,6544.352805127554
Windlesham,3705.0,1,1.0,0.0,29207.0,0.0,2,1852.5,3705.0,1.0,0.0,29207.0,0,0,0,0,7807.584273379264
Windsor,31560.0,6,5.0,1065.3333333333333,26028.166666666668,0.0,7,4508.571428571428,31560.0,5.0,1065.3333333333333,26028.166666666668,0,0,0,0,8068.064879222449
Wing (Buckinghamshire),2980.0,1,1.0,335.0,31697.0,1.0,2,1490.0,2980.0,1.0,335.0,31697.0,0,0,0,0,5905.868211624157
Wingate,5035.0,1,1.0,0.0,3671.0,1.0,2,2517.5,5035.0,1.0,0.0,3671.0,0,0,0,0,10503.767641848739
Wingerworth,6400.0,1,1.0,0.0,29405.0,1.0,2,3200.0,6400.0,1.0,0.0,29405.0,0,0,0,0,9265.382058777672
Winnersh,8905.0,1,1.0,2271.0,32540.0,0.0,2,4452.5,8905.0,1.0,2271.0,32540.0,0,0,0,0,7447.786105665628
Winscombe and Sandford,4605.0,1,1.0,246.0,27133.0,1.0,2,2302.5,4605.0,1.0,246.0,27133.0,0,0,0,0,6472.638108737067
Winsford,32530.0,6,3.8333333333333335,89.5,6888.333333333333,0.0,7,4647.142857142857,32530.0,3.8333333333333335,89.5,6888.333333333333,0,0,0,0,9614.454402701449
Winslow,5235.0,1,1.0,9343.0,25920.0,1.0,2,2617.5,5235.0,1.0,9343.0,25920.0,0,0,0,0,7088.872505619474
Winterton,4765.0,1,3.0,48.0,22971.0,1.0,2,2382.5,4765.0,3.0,48.0,22971.0,0,0,0,0,9057.07060552026
Wirksworth,4900.0,1,1.0,570.0,22198.0,1.0,2,2450.0,4900.0,1.0,570.0,22198.0,0,0,0,0,7413.149671405138
Wisbech,26795.0,6,6.666666666666667,588.8333333333334,6555.5,0.0,7,3827.8571428571427,26795.0,6.666666666666667,588.8333333333334,6555.5,0,0,0,0,8412.709918711224
Witham,27395.0,5,5.2,407.0,15694.4,0.0,6,4565.833333333333,27395.0,5.2,407.0,15694.4,0,0,0,0,8312.355257918667
Witham St Hughs,3480.0,1,0.0,2513.0,29357.0,1.0,2,1740.0,3480.0,0.0,2513.0,29357.0,0,0,0,0,5963.109072846988
Withernsea,5765.0,2,1.0,257.0,2206.0,1.0,3,1921.6666666666667,5765.0,1.0,257.0,2206.0,0,0,0,0,7672.443096963161
Withnell,855.0,1,1.0,98.0,21219.0,1.0,2,427.5,855.0,1.0,98.0,21219.0,0,0,0,0,6103.056005387779
Witney,30165.0,5,4.0,331.6,21780.8,0.0,6,5027.5,30165.0,4.0,331.6,21780.8,0,0,0,0,8556.363633412577
Wiveliscombe,2315.0,1,1.0,159.0,16639.0,1.0,2,1157.5,2315.0,1.0,159.0,16639.0,0,0,0,0,7449.062922951496
Wivenhoe,7350.0,1,0.0,1500.0,22925.0,1.0,2,3675.0,7350.0,0.0,1500.0,22925.0,0,0,0,0,7440.899302778378
Woburn Sands,4310.0,1,1.0,176.0,29607.0,0.0,2,2155.0,4310.0,1.0,176.0,29607.0,0,0,0,0,6755.139068455988
Woking,75660.0,9,4.777777777777778,564.1111111111111,24442.11111111111,0.0,10,7566.0,75660.0,4.777777777777778,564.1111111111111,24442.11111111111,0,0,0,0,7785.099963476496
Wokingham,50325.0,7,6.0,171.71428571428572,30865.428571428572,0.0,8,6290.625,50325.0,6.0,171.71428571428572,30865.428571428572,0,0,0,0,8843.824767777282
Wollaston,3565.0,1,0.0,3538.0,21173.0,1.0,2,1782.5,3565.0,0.0,3538.0,21173.0,0,0,0,0,6384.916795294035
Wolsingham,2425.0,1,0.0,7894.0,19086.0,1.0,2,1212.5,2425.0,0.0,7894.0,19086.0,0,0,0,0,6828.34168955175
Wolston,2695.0,2,2.0,18.5,22583.0,1.0,3,898.3333333333334,2695.0,2.0,18.5,22583.0,0,0,0,0,7387.73275659003
Wolverhampton,234025.0,44,5.5,454.59090909090907,8208.727272727272,0.0,45,5200.555555555556,234025.0,5.5,454.59090909090907,8208.727272727272,0,0,0,0,8007.941017798278
Wombourne,12815.0,3,4.0,250.33333333333334,18298.666666666668,0.0,4,3203.75,12815.0,4.0,250.33333333333334,18298.666666666668,0,0,0,0,7974.835432148074
Wombwell,16765.0,2,4.0,0.0,7894.5,0.0,3,5588.333333333333,16765.0,4.0,0.0,7894.5,0,0,0,0,11270.173513266514
Woodbridge,10145.0,3,4.666666666666667,81.0,25696.666666666668,0.0,4,2536.25,10145.0,4.666666666666667,81.0,25696.666666666668,0,0,0,0,8041.043332557414
Woodford Halse,4285.0,1,0.0,2382.0,16597.0,1.0,2,2142.5,4285.0,0.0,2382.0,16597.0,0,0,0,0,6867.54744331281
Woodhall Spa,4685.0,1,2.0,152.0,17169.0,1.0,2,2342.5,4685.0,2.0,152.0,17169.0,0,0,0,0,7683.932581619517
Woodhouse Eaves,1620.0,1,1.0,70.0,25675.0,1.0,2,810.0,1620.0,1.0,70.0,25675.0,0,0,0,0,6822.006041877867
Woodley,28025.0,2,1.0,84.5,28473.5,0.0,3,9341.666666666666,28025.0,1.0,84.5,28473.5,0,0,0,0,11578.097020478255
Woodstock,3520.0,1,1.0,62.0,31457.0,1.0,2,1760.0,3520.0,1.0,62.0,31457.0,0,0,0,0,7264.465442768214
Wool,5040.0,1,1.0,262.0,19929.0,1.0,2,2520.0,5040.0,1.0,262.0,19929.0,0,0,0,0,7837.109922026379
Woolacombe,700.0,1,0.0,6527.0,21565.0,1.0,2,350.0,700.0,0.0,6527.0,21565.0,0,0,0,0,4478.527591967297
Woolavington,2325.0,1,0.0,3500.0,11111.0,1.0,2,1162.5,2325.0,0.0,3500.0,11111.0,0,0,0,0,6917.067850941024
Wooler,1930.0,1,1.0,158.0,19930.0,1.0,2,965.0,1930.0,1.0,158.0,19930.0,0,0,0,0,6807.914322730471
Woolpit,1840.0,1,1.0,0.0,26815.0,1.0,2,920.0,1840.0,1.0,0.0,26815.0,0,0,0,0,7129.7477678527885
Wootton (Bedford),7565.0,1,1.0,542.0,28713.0,1.0,2,3782.5,7565.0,1.0,542.0,28713.0,0,0,0,0,7479.573234413472
Wootton (Isle of Wight),3105.0,1,1.0,110.0,16334.0,1.0,2,1552.5,3105.0,1.0,110.0,16334.0,0,0,0,0,7500.421460921723
Wootton (Vale of White Horse),2425.0,1,0.0,2210.0,31826.0,0.0,2,1212.5,2425.0,0.0,2210.0,31826.0,0,0,0,0,5899.258316406745
Worcester,105465.0,19,5.7368421052631575,307.1578947368421,12206.157894736842,0.0,20,5273.25,105465.0,5.7368421052631575,307.1578947368421,12206.157894736842,0,0,0,0,8416.34841862072
Worcester Park and Stoneleigh,15850.0,2,1.0,962.0,30804.0,0.0,3,5283.333333333333,15850.0,1.0,962.0,30804.0,0,0,0,0,7966.366281460689
Workington,21275.0,8,4.375,810.625,6116.875,0.0,9,2363.8888888888887,21275.0,4.375,810.625,6116.875,0,0,0,0,7308.503028298572
Worksop,43440.0,9,3.0,583.2222222222222,6205.222222222223,0.0,10,4344.0,43440.0,3.0,583.2222222222222,6205.222222222223,0,0,0,0,8545.10829230474
Worlingham,3620.0,1,0.0,1838.0,22459.0,0.0,2,1810.0,3620.0,0.0,1838.0,22459.0,0,0,0,0,6451.955955614696
Worsbrough,8835.0,3,2.0,430.3333333333333,8649.0,0.0,4,2208.75,8835.0,2.0,430.3333333333333,8649.0,0,0,0,0,6788.959129111566
Worsley,11950.0,1,3.0,321.0,15416.0,0.0,2,5975.0,11950.0,3.0,321.0,15416.0,0,0,0,0,9726.550557663695
Worthing,111620.0,21,4.904761904761905,369.8095238095238,17862.095238095237,0.0,22,5073.636363636364,111620.0,4.904761904761905,369.8095238095238,17862.095238095237,0,0,0,0,8257.222131271406
Wotton-under-Edge,4965.0,1,2.0,255.0,29592.0,1.0,2,2482.5,4965.0,2.0,255.0,29592.0,0,0,0,0,7168.273850335769
Wrington,1995.0,1,0.0,2732.0,31110.0,1.0,2,997.5,1995.0,0.0,2732.0,31110.0,0,0,0,0,5326.848972515149
Writtle,4705.0,1,1.0,194.0,31096.0,1.0,2,2352.5,4705.0,1.0,194.0,31096.0,0,0,0,0,6373.0692198949955
Wroughton,7280.0,2,5.0,235.5,19819.5,1.0,3,2426.6666666666665,7280.0,5.0,235.5,19819.5,0,0,0,0,7280.544454883775
Wye,2060.0,1,1.0,586.0,16710.0,1.0,2,1030.0,2060.0,1.0,586.0,16710.0,0,0,0,0,6703.03632558305
Wylam,1660.0,1,0.0,2155.0,32240.0,1.0,2,830.0,1660.0,0.0,2155.0,32240.0,0,0,0,0,5287.35788929022
Wymeswold,1365.0,1,0.0,5577.0,32412.0,1.0,2,682.5,1365.0,0.0,5577.0,32412.0,0,0,0,0,5287.35788929022
Wymondham (South Norfolk),16330.0,2,5.0,103.5,23345.0,0.0,3,5443.333333333333,16330.0,5.0,103.5,23345.0,0,0,0,0,9143.30500178379
Wynyard,4040.0,1,0.0,4707.0,28884.0,1.0,2,2020.0,4040.0,0.0,4707.0,28884.0,0,0,0,0,6033.172774021236
Wythall,2080.0,1,1.0,0.0,29431.0,0.0,2,1040.0,2080.0,1.0,0.0,29431.0,0,0,0,0,7680.51590684851
Wythenshawe,97660.0,22,4.7272727272727275,224.5909090909091,7248.727272727273,0.0,23,4246.086956521739,97660.0,4.7272727272727275,224.5909090909091,7248.727272727273,0,0,0,0,8347.246949664137
Yapton,6340.0,1,2.0,424.0,9417.0,0.0,2,3170.0,6340.0,2.0,424.0,9417.0,0,0,0,0,7971.967720301175
Yarm,9600.0,3,1.6666666666666667,277.0,30848.0,0.0,4,2400.0,9600.0,1.6666666666666667,277.0,30848.0,0,0,0,0,7006.153775982255
Yarmouth,470.0,1,0.0,3237.0,18533.0,1.0,2,235.0,470.0,0.0,3237.0,18533.0,0,0,0,0,7540.508434676174
Yarnton,3225.0,1,0.0,2045.0,21902.0,1.0,2,1612.5,3225.0,0.0,2045.0,21902.0,0,0,0,0,6384.916795294035
Yate,28350.0,6,6.5,10.0,21435.666666666668,0.0,7,4050.0,28350.0,6.5,10.0,21435.666666666668,0,0,0,0,10058.912272726488
Yateley,14685.0,3,0.6666666666666666,2578.6666666666665,31586.666666666668,0.0,4,3671.25,14685.0,0.6666666666666666,2578.6666666666665,31586.666666666668,0,0,0,0,6976.096649341389
Yatton,7705.0,2,1.0,5498.5,24560.0,0.0,3,2568.3333333333335,7705.0,1.0,5498.5,24560.0,0,0,0,0,7054.739836599767
Yaxley (Huntingdonshire),9405.0,3,1.0,0.0,24924.0,1.0,4,2351.25,9405.0,1.0,0.0,24924.0,0,0,0,0,8500.618819494783
Yeadon,14270.0,3,3.0,64.0,5701.0,0.0,4,3567.5,14270.0,3.0,64.0,5701.0,0,0,0,0,9863.168709711952
Yelverton,1855.0,1,1.0,179.0,18080.0,1.0,2,927.5,1855.0,1.0,179.0,18080.0,0,0,0,0,6783.339993937261
Yeovil,50170.0,12,5.833333333333333,584.3333333333334,13277.833333333334,0.0,13,3859.230769230769,50170.0,5.833333333333333,584.3333333333334,13277.833333333334,0,0,0,0,8023.782687578361
York,141685.0,25,5.04,449.12,21084.24,0.0,26,5449.423076923077,141685.0,5.04,449.12,21084.24,0,0,0,0,7785.583909907183
